time,value_hPa
2025-11-19 13:10:00,1018.5566666666667
2025-11-19 13:20:00,1018.37
2025-11-19 13:30:00,1018.3299999999999
2025-11-19 13:40:00,1018.2099999999999
2025-11-19 13:50:00,1018.16
2025-11-19 14:00:00,1018.09
2025-11-19 14:10:00,1018.02
2025-11-19 14:20:00,1017.9
2025-11-19 14:30:00,1017.9
2025-11-19 14:40:00,1017.9599999999999
2025-11-19 14:50:00,1017.89
2025-11-19 15:00:00,1017.76
2025-11-19 15:10:00,1017.7099999999999
2025-11-19 15:20:00,1017.68
2025-11-19 15:30:00,1017.75
2025-11-19 15:40:00,1017.65
2025-11-19 15:50:00,1017.6899999999999
2025-11-19 16:00:00,1017.59
2025-11-19 16:10:00,1017.76
2025-11-19 16:20:00,1017.84
2025-11-19 16:30:00,1017.93
2025-11-19 16:40:00,1018.0799999999999
2025-11-19 16:50:00,1018.18
2025-11-19 17:00:00,1018.2099999999999
2025-11-19 17:10:00,1018.18
2025-11-19 17:20:00,1018.22
2025-11-19 17:30:00,1018.38
2025-11-19 17:40:00,1018.59
2025-11-19 17:50:00,1018.65
2025-11-19 18:00:00,1018.85
2025-11-19 18:10:00,1019.0699999999999
2025-11-19 18:20:00,1019.3199999999999
2025-11-19 18:30:00,1019.39
2025-11-19 18:40:00,1019.4499999999999
2025-11-19 18:50:00,1019.3299999999999
2025-11-19 19:00:00,1019.39
2025-11-19 19:10:00,1019.52
2025-11-19 19:20:00,1019.42
2025-11-19 19:30:00,1019.56
2025-11-19 19:40:00,1019.5699999999999
2025-11-19 19:50:00,1019.73
2025-11-19 20:00:00,1020.09
2025-11-19 20:10:00,1019.99
2025-11-19 20:20:00,1020.35
2025-11-19 20:30:00,1020.5799999999999
2025-11-19 20:40:00,1020.5799999999999
2025-11-19 20:50:00,1020.62
2025-11-19 21:00:00,1020.6
2025-11-19 21:10:00,1020.65
2025-11-19 21:20:00,1020.76
2025-11-19 21:30:00,1020.59
2025-11-19 21:40:00,1020.52
2025-11-19 21:50:00,1020.53
2025-11-19 22:00:00,1020.55
2025-11-19 22:10:00,1020.3
2025-11-19 22:20:00,1020.26
2025-11-19 22:30:00,1020.02
2025-11-19 22:40:00,1019.89
2025-11-19 22:50:00,1019.76
2025-11-19 23:00:00,1019.5699999999999
2025-11-19 23:10:00,1019.2099999999999
2025-11-19 23:20:00,1019.1899999999999
2025-11-19 23:30:00,1019.12
2025-11-19 23:40:00,1018.93
2025-11-19 23:50:00,1018.93
2025-11-20 00:00:00,1018.6999999999999
2025-11-20 00:10:00,1018.6
2025-11-20 00:20:00,1018.26
2025-11-20 00:30:00,1018.27
2025-11-20 00:40:00,1018.15
2025-11-20 00:50:00,1018.09
2025-11-20 01:00:00,1018.0799999999999
2025-11-20 01:10:00,1017.86
2025-11-20 01:20:00,1017.65
2025-11-20 01:30:00,1017.42
2025-11-20 01:40:00,1017.4
2025-11-20 01:50:00,1017.3199999999999
2025-11-20 02:00:00,1017.3299999999999
2025-11-20 02:10:00,1017.285
2025-11-20 02:20:00,1017.49
2025-11-20 02:30:00,1017.43
2025-11-20 02:40:00,1017.37
2025-11-20 02:50:00,1017.51
2025-11-20 03:00:00,1017.6099999999999
2025-11-20 03:10:00,1017.6566666666666
2025-11-20 03:20:00,1017.6999999999999
2025-11-20 03:30:00,1017.62
2025-11-20 03:40:00,1017.79
2025-11-20 03:50:00,1018.0350000000001
2025-11-20 04:00:00,1017.96
2025-11-20 04:10:00,1017.92
2025-11-20 04:20:00,1017.79
2025-11-20 04:30:00,1017.81
2025-11-20 04:40:00,1017.75
2025-11-20 04:50:00,1017.78
2025-11-20 05:00:00,1018.02
2025-11-20 05:10:00,1017.99
2025-11-20 05:20:00,1017.98
2025-11-20 05:30:00,1017.97
2025-11-20 05:40:00,1018.04
2025-11-20 05:50:00,1018.04
2025-11-20 06:00:00,1018.5699999999999
2025-11-20 06:10:00,1018.75
2025-11-20 06:20:00,1018.72
2025-11-20 06:30:00,1018.91
2025-11-20 06:40:00,1018.9399999999999
2025-11-20 06:50:00,1018.9599999999999
2025-11-20 07:00:00,1018.93
2025-11-20 07:10:00,1019.1
2025-11-20 07:20:00,1019.31
2025-11-20 07:30:00,1019.2099999999999
2025-11-20 07:40:00,1019.16
2025-11-20 07:50:00,1019.61
2025-11-20 08:00:00,1019.9850000000001
2025-11-20 08:10:00,1019.97
2025-11-20 08:20:00,1019.9499999999999
2025-11-20 08:30:00,1019.9399999999999
2025-11-20 08:40:00,1019.89
2025-11-20 08:50:00,1020.09
2025-11-20 09:00:00,1020.28
2025-11-20 09:10:00,1020.31
2025-11-20 09:20:00,1020.13
2025-11-20 09:30:00,1020.22
2025-11-20 09:40:00,1020
2025-11-20 09:50:00,1019.93
2025-11-20 10:00:00,1019.84
2025-11-20 10:10:00,1019.4399999999999
2025-11-20 10:20:00,1019.35
2025-11-20 10:30:00,1019.14
2025-11-20 10:40:00,1019.15
2025-11-20 10:50:00,1019.02
2025-11-20 11:00:00,1018.81
2025-11-20 11:10:00,1018.6
2025-11-20 11:20:00,1018.29
2025-11-20 11:30:00,1018.27
2025-11-20 11:40:00,1018.0799999999999
2025-11-20 11:50:00,1017.9
2025-11-20 12:00:00,1017.9499999999999
2025-11-20 12:10:00,1017.67
2025-11-20 12:20:00,1017.7800000000001
2025-11-20 12:30:00,1017.55
2025-11-20 12:40:00,1017.3
2025-11-20 12:50:00,1017.3827272727272
2025-11-20 13:00:00,1017.3299999999999
2025-11-20 13:10:00,1017.7311111111111
2025-11-20 13:20:00,1017.591875
2025-11-20 13:30:00,1017.4342857142856
2025-11-20 13:40:00,1017.1882352941175
2025-11-20 13:50:00,1017.41
2025-11-20 14:00:00,1017.4946666666667
2025-11-20 14:10:00,1017.3183333333333
2025-11-20 14:20:00,1017.2366666666667
2025-11-20 14:30:00,1017.1999999999999
2025-11-20 14:40:00,1016.845
2025-11-20 14:50:00,1016.56
2025-11-20 15:00:00,1016.13
2025-11-20 15:10:00,1016.35
2025-11-20 15:20:00,1016.34
2025-11-20 15:30:00,1016.04
2025-11-20 15:40:00,1015.73
2025-11-20 15:50:00,1015.26
2025-11-20 16:00:00,1016.13
2025-11-20 16:10:00,1016.4599999999999
2025-11-20 16:20:00,1016.51
2025-11-20 16:30:00,1016.55
2025-11-20 16:40:00,1016.88
2025-11-20 16:50:00,1017.09
2025-11-20 17:00:00,1017.12
2025-11-20 17:10:00,1017.26
2025-11-20 17:20:00,1017.36
2025-11-20 17:30:00,1017.1999999999999
2025-11-20 17:40:00,1017.17
2025-11-20 17:50:00,1017.23
2025-11-20 18:00:00,1017.25
2025-11-20 18:10:00,1017.26
2025-11-20 18:20:00,1017.4599999999999
2025-11-20 18:30:00,1017.62
2025-11-20 18:40:00,1017.7099999999999
2025-11-20 18:50:00,1017.85
2025-11-20 19:00:00,1018.01
2025-11-20 19:10:00,1018.0799999999999
2025-11-20 19:20:00,1018.14
2025-11-20 19:30:00,1018.27
2025-11-20 19:40:00,1018.31
2025-11-20 19:50:00,1018.4599999999999
2025-11-20 20:00:00,1018.42
2025-11-20 20:10:00,1018.52
2025-11-20 20:20:00,1018.5799999999999
2025-11-20 20:30:00,1018.56
2025-11-20 20:40:00,1018.73
2025-11-20 20:50:00,1018.74
2025-11-20 21:00:00,1018.54
2025-11-20 21:10:00,1018.51
2025-11-20 21:20:00,1018.42
2025-11-20 21:30:00,1018.59
2025-11-20 21:40:00,1018.84
2025-11-20 21:50:00,1018.8421428571429
2025-11-20 22:00:00,1018.7099999999999
2025-11-20 22:10:00,1018.79
2025-11-20 22:20:00,1018.6899999999999
2025-11-20 22:30:00,1018.62
2025-11-20 22:40:00,1018.62
2025-11-20 22:50:00,1018.7099999999999
2025-11-20 23:00:00,1018.65
2025-11-20 23:10:00,1018.66
2025-11-20 23:20:00,1018.52
2025-11-20 23:30:00,1018.5533333333333
2025-11-20 23:40:00,1018.7707692307691
2025-11-20 23:50:00,1018.59
2025-11-21 00:00:00,1018.4
2025-11-21 00:10:00,1018.26
2025-11-21 00:20:00,1018.06
2025-11-21 00:30:00,1018.05
2025-11-21 00:40:00,1018.0799999999999
2025-11-21 00:50:00,1017.74
2025-11-21 01:00:00,1017.47
2025-11-21 01:10:00,1017.17
2025-11-21 01:20:00,1017.0699999999999
2025-11-21 01:30:00,1017.1899999999999
2025-11-21 01:40:00,1017.15
2025-11-21 01:50:00,1017.22
2025-11-21 02:00:00,1017.13
2025-11-21 02:10:00,1017.05
2025-11-21 02:20:00,1017.16
2025-11-21 02:30:00,1017.1
2025-11-21 02:40:00,1016.9599999999999
2025-11-21 02:50:00,1017.21
2025-11-21 03:00:00,1017.0049999999999
2025-11-21 03:10:00,1016.9
2025-11-21 03:20:00,1016.68
2025-11-21 03:30:00,1017.03
2025-11-21 03:40:00,1017.1999999999999
2025-11-21 03:50:00,1017.13
2025-11-21 04:00:00,1017.31
2025-11-21 04:10:00,1017.38
2025-11-21 04:20:00,1017.48
2025-11-21 04:30:00,1017.61
2025-11-21 04:40:00,1017.8299999999999
2025-11-21 04:50:00,1017.73
2025-11-21 05:00:00,1017.755
2025-11-21 05:10:00,1017.74
2025-11-21 05:20:00,1017.9
2025-11-21 05:30:00,1017.9399999999999
2025-11-21 05:40:00,1018.05
2025-11-21 05:50:00,1018.16
2025-11-21 06:00:00,1018.24
2025-11-21 06:10:00,1018.3299999999999
2025-11-21 06:20:00,1018.35
2025-11-21 06:30:00,1018.43
2025-11-21 06:40:00,1018.53
2025-11-21 06:50:00,1018.8149999999999
2025-11-21 07:00:00,1019.0300000000001
2025-11-21 07:10:00,1019.1
2025-11-21 07:20:00,1019.15
2025-11-21 07:30:00,1019.13
2025-11-21 07:40:00,1019.12
2025-11-21 07:50:00,1019.3
2025-11-21 08:00:00,1019.4499999999999
2025-11-21 08:10:00,1019.54
2025-11-21 08:20:00,1019.77
2025-11-21 08:30:00,1019.88
2025-11-21 08:40:00,1019.78
2025-11-21 08:50:00,1019.8199999999999
2025-11-21 09:00:00,1019.92
2025-11-21 09:10:00,1019.89
2025-11-21 09:20:00,1019.79
2025-11-21 09:30:00,1019.78
2025-11-21 09:40:00,1019.77
2025-11-21 09:50:00,1019.64
2025-11-21 10:00:00,1019.68
2025-11-21 10:10:00,1019.6899999999999
2025-11-21 10:20:00,1019.59
2025-11-21 10:30:00,1019.4399999999999
2025-11-21 10:40:00,1019.375
2025-11-21 10:50:00,1019.3
2025-11-21 11:00:00,1019.09
2025-11-21 11:10:00,1018.87
2025-11-21 11:20:00,1018.6999999999999
2025-11-21 11:30:00,1018.53
2025-11-21 11:40:00,1018.47
2025-11-21 11:50:00,1018.24
2025-11-21 12:00:00,1018.2099999999999
2025-11-21 12:10:00,1018.09
2025-11-21 12:20:00,1017.87
2025-11-21 12:30:00,1017.8299999999999
2025-11-21 12:40:00,1017.65
2025-11-21 12:50:00,1017.5699999999999
2025-11-21 13:00:00,1017.47
2025-11-21 13:10:00,1017.4399999999999
2025-11-21 13:20:00,1017.43
2025-11-21 13:30:00,1017.365
2025-11-21 13:40:00,1017.3299999999999
2025-11-21 13:50:00,1017.29
2025-11-21 14:00:00,1017.2099999999999
2025-11-21 14:10:00,1017.02
2025-11-21 14:20:00,1016.97
2025-11-21 14:30:00,1016.97
2025-11-21 14:40:00,1016.91
2025-11-21 14:50:00,1016.8249999999999
2025-11-21 15:00:00,1016.88
2025-11-21 15:10:00,1016.92
2025-11-21 15:20:00,1016.92
2025-11-21 15:30:00,1016.93
2025-11-21 15:40:00,1016.88
2025-11-21 15:50:00,1016.93
2025-11-21 16:00:00,1016.86
2025-11-21 16:10:00,1016.7099999999999
2025-11-21 16:20:00,1016.63
2025-11-21 16:30:00,1016.8199999999999
2025-11-21 16:40:00,1016.6899999999999
2025-11-21 16:50:00,1016.72
2025-11-21 17:00:00,1016.5799999999999
2025-11-21 17:10:00,1016.4
2025-11-21 17:20:00,1016.65
2025-11-21 17:30:00,1016.72
2025-11-21 17:40:00,1016.74
2025-11-21 17:50:00,1016.47
2025-11-21 18:00:00,1016.41
2025-11-21 18:10:00,1016.53
2025-11-21 18:20:00,1016.61
2025-11-21 18:30:00,1016.74
2025-11-21 18:40:00,1016.91
2025-11-21 18:50:00,1017.0699999999999
2025-11-21 19:00:00,1017.37
2025-11-21 19:10:00,1017.4399999999999
2025-11-21 19:20:00,1017.88
2025-11-21 19:30:00,1018.06
2025-11-21 19:40:00,1018.5
2025-11-21 19:50:00,1018.5799999999999
2025-11-21 20:00:00,1018.4499999999999
2025-11-21 20:10:00,1018.62
2025-11-21 20:20:00,1018.73
2025-11-21 20:30:00,1018.7099999999999
2025-11-21 20:40:00,1018.6
2025-11-21 20:50:00,1018.5
2025-11-21 21:00:00,1018.4
2025-11-21 21:10:00,1018.34
2025-11-21 21:20:00,1018.37
2025-11-21 21:30:00,1018.26
2025-11-21 21:40:00,1018.29
2025-11-21 21:50:00,1018.41
2025-11-21 22:00:00,1018.3
2025-11-21 22:10:00,1018.3299999999999
2025-11-21 22:20:00,1018.3199999999999
2025-11-21 22:30:00,1018.3
2025-11-21 22:40:00,1018.25
2025-11-21 22:50:00,1017.99
2025-11-21 23:00:00,1017.77
2025-11-21 23:10:00,1017.66
2025-11-21 23:20:00,1017.6899999999999
2025-11-21 23:30:00,1017.75
2025-11-21 23:40:00,1017.75
2025-11-21 23:50:00,1017.7099999999999
2025-11-22 00:00:00,1017.68
2025-11-22 00:10:00,1017.73
2025-11-22 00:20:00,1017.4599999999999
2025-11-22 00:30:00,1017.31
2025-11-22 00:40:00,1017.16
2025-11-22 00:50:00,1016.98
2025-11-22 01:00:00,1016.88
2025-11-22 01:10:00,1016.85
2025-11-22 01:20:00,1016.79
2025-11-22 01:30:00,1016.66
2025-11-22 01:40:00,1016.7099999999999
2025-11-22 01:50:00,1016.73
2025-11-22 02:00:00,1016.72
2025-11-22 02:10:00,1016.79
2025-11-22 02:20:00,1016.47
2025-11-22 02:30:00,1016.37
2025-11-22 02:40:00,1016.52
2025-11-22 02:50:00,1016.68
2025-11-22 03:00:00,1016.63
2025-11-22 03:10:00,1016.65
2025-11-22 03:20:00,1016.78
2025-11-22 03:30:00,1016.87
2025-11-22 03:40:00,1016.91
2025-11-22 03:50:00,1016.99
2025-11-22 04:00:00,1017.01
2025-11-22 04:10:00,1017.22
2025-11-22 04:20:00,1017.2099999999999
2025-11-22 04:30:00,1017.16
2025-11-22 04:40:00,1017.06
2025-11-22 04:50:00,1017.05
2025-11-22 05:00:00,1016.9599999999999
2025-11-22 05:10:00,1017.0699999999999
2025-11-22 05:20:00,1017.37
2025-11-22 05:30:00,1017.52
2025-11-22 05:40:00,1017.61
2025-11-22 05:50:00,1017.77
2025-11-22 06:00:00,1018.0699999999999
2025-11-22 06:10:00,1018.42
2025-11-22 06:20:00,1018.4399999999999
2025-11-22 06:30:00,1018.53
2025-11-22 06:40:00,1018.66
2025-11-22 06:50:00,1018.87
2025-11-22 07:00:00,1018.99
2025-11-22 07:10:00,1018.98
2025-11-22 07:20:00,1019.12
2025-11-22 07:30:00,1019.24
2025-11-22 07:40:00,1019.31
2025-11-22 07:50:00,1019.31
2025-11-22 08:00:00,1019.34
2025-11-22 08:10:00,1019.38
2025-11-22 08:20:00,1019.4599999999999
2025-11-22 08:30:00,1019.5799999999999
2025-11-22 08:40:00,1019.5
2025-11-22 08:50:00,1019.4
2025-11-22 09:00:00,1019.36
2025-11-22 09:10:00,1019.34
2025-11-22 09:20:00,1019.1999999999999
2025-11-22 09:30:00,1019.3299999999999
2025-11-22 09:40:00,1019.22
2025-11-22 09:50:00,1019.16
2025-11-22 10:00:00,1019.15
2025-11-22 10:10:00,1018.9399999999999
2025-11-22 10:20:00,1019
2025-11-22 10:30:00,1018.91
2025-11-22 10:40:00,1018.84
2025-11-22 10:50:00,1018.84
2025-11-22 11:00:00,1018.9
2025-11-22 11:10:00,1018.8199999999999
2025-11-22 11:20:00,1018.84
2025-11-22 11:30:00,1018.6899999999999
2025-11-22 11:40:00,1018.64
2025-11-22 11:50:00,1018.39
2025-11-22 12:00:00,1018.35
2025-11-22 12:10:00,1018.1899999999999
2025-11-22 12:20:00,1018
2025-11-22 12:30:00,1017.9499999999999
2025-11-22 12:40:00,1017.54
2025-11-22 12:50:00,1017.37
2025-11-22 13:00:00,1017.31
2025-11-22 13:10:00,1017.14
2025-11-22 13:20:00,1017.06
2025-11-22 13:30:00,1017.04
2025-11-22 13:40:00,1017.04
2025-11-22 13:50:00,1017.02
2025-11-22 14:00:00,1016.84
2025-11-22 14:10:00,1016.66
2025-11-22 14:20:00,1016.74
2025-11-22 14:30:00,1016.63
2025-11-22 14:40:00,1016.68
2025-11-22 14:50:00,1016.72
2025-11-22 15:00:00,1016.77
2025-11-22 15:10:00,1016.85
2025-11-22 15:20:00,1016.92
2025-11-22 15:30:00,1016.97
2025-11-22 15:40:00,1017.03
2025-11-22 15:50:00,1017.02
2025-11-22 16:00:00,1017.3299999999999
2025-11-22 16:10:00,1017.4599999999999
2025-11-22 16:20:00,1017.59
2025-11-22 16:30:00,1017.51
2025-11-22 16:40:00,1017.48
2025-11-22 16:50:00,1017.0799999999999
2025-11-22 17:00:00,1017.0799999999999
2025-11-22 17:10:00,1017.26
2025-11-22 17:20:00,1017.0799999999999
2025-11-22 17:30:00,1017.02
2025-11-22 17:40:00,1017
2025-11-22 17:50:00,1017.1
2025-11-22 18:00:00,1017.27
2025-11-22 18:10:00,1017.55
2025-11-22 18:20:00,1017.8
2025-11-22 18:30:00,1017.9599999999999
2025-11-22 18:40:00,1018.02
2025-11-22 18:50:00,1018.16
2025-11-22 19:00:00,1018.25
2025-11-22 19:10:00,1018.39
2025-11-22 19:20:00,1018.34
2025-11-22 19:30:00,1018.3
2025-11-22 19:40:00,1018.4499999999999
2025-11-22 19:50:00,1018.65
2025-11-22 20:00:00,1018.6899999999999
2025-11-22 20:10:00,1018.5799999999999
2025-11-22 20:20:00,1018.66
2025-11-22 20:30:00,1018.8
2025-11-22 20:40:00,1018.87
2025-11-22 20:50:00,1018.9
2025-11-22 21:00:00,1018.86
2025-11-22 21:10:00,1018.66
2025-11-22 21:20:00,1018.73
2025-11-22 21:30:00,1018.8
2025-11-22 21:40:00,1018.6999999999999
2025-11-22 21:50:00,1018.68
2025-11-22 22:00:00,1019.01
2025-11-22 22:10:00,1019.0799999999999
2025-11-22 22:20:00,1018.5799999999999
2025-11-22 22:30:00,1018.43
2025-11-22 22:40:00,1018.34
2025-11-22 22:50:00,1018.42
2025-11-22 23:00:00,1018.3199999999999
2025-11-22 23:10:00,1018.24
2025-11-22 23:20:00,1018.1
2025-11-22 23:30:00,1018.01
2025-11-22 23:40:00,1017.8299999999999
2025-11-22 23:50:00,1017.6
2025-11-23 00:00:00,1017.47
2025-11-23 00:10:00,1017.3
2025-11-23 00:20:00,1017.13
2025-11-23 00:30:00,1017.02
2025-11-23 00:40:00,1016.99
2025-11-23 00:50:00,1016.99
2025-11-23 01:00:00,1016.93
2025-11-23 01:10:00,1016.86
2025-11-23 01:20:00,1016.93
2025-11-23 01:30:00,1016.93
2025-11-23 01:40:00,1016.75
2025-11-23 01:50:00,1016.67
2025-11-23 02:00:00,1016.51
2025-11-23 02:10:00,1016.37
2025-11-23 02:20:00,1016.16
2025-11-23 02:30:00,1016.0699999999999
2025-11-23 02:40:00,1016.22
2025-11-23 02:50:00,1016.26
2025-11-23 03:00:00,1016.3199999999999
2025-11-23 03:10:00,1016.37
2025-11-23 03:20:00,1016.48
2025-11-23 03:30:00,1016.67
2025-11-23 03:40:00,1016.72
2025-11-23 03:50:00,1016.8
2025-11-23 04:00:00,1016.98
2025-11-23 04:10:00,1017.1999999999999
2025-11-23 04:20:00,1017.575
2025-11-23 04:30:00,1017.71
2025-11-23 04:40:00,1017.59
2025-11-23 04:50:00,1017.5699999999999
2025-11-23 05:00:00,1017.66
2025-11-23 05:10:00,1017.73
2025-11-23 05:20:00,1017.73
2025-11-23 05:30:00,1017.9
2025-11-23 05:40:00,1018.11
2025-11-23 05:50:00,1018.29
2025-11-23 06:00:00,1018.4
2025-11-23 06:10:00,1018.68
2025-11-23 06:20:00,1018.89
2025-11-23 06:30:00,1018.6999999999999
2025-11-23 06:40:00,1018.73
2025-11-23 06:50:00,1018.63
2025-11-23 07:00:00,1018.79
2025-11-23 07:10:00,1018.93
2025-11-23 07:20:00,1018.98
2025-11-23 07:30:00,1019.1899999999999
2025-11-23 07:40:00,1019.35
2025-11-23 07:50:00,1019.38
2025-11-23 08:00:00,1019.54
2025-11-23 08:10:00,1019.59
2025-11-23 08:20:00,1019.43
2025-11-23 08:30:00,1019.54
2025-11-23 08:40:00,1019.51
2025-11-23 08:50:00,1019.61
2025-11-23 09:00:00,1019.75
2025-11-23 09:10:00,1019.76
2025-11-23 09:20:00,1019.76
2025-11-23 09:30:00,1019.8299999999999
2025-11-23 09:40:00,1019.9499999999999
2025-11-23 09:50:00,1019.86
2025-11-23 10:00:00,1019.62
2025-11-23 10:10:00,1019.5799999999999
2025-11-23 10:20:00,1019.52
2025-11-23 10:30:00,1019.6
2025-11-23 10:40:00,1019.6999999999999
2025-11-23 10:50:00,1019.62
2025-11-23 11:00:00,1019.63
2025-11-23 11:10:00,1019.4399999999999
2025-11-23 11:20:00,1019.09
2025-11-23 11:30:00,1019.1899999999999
2025-11-23 11:40:00,1019.27
2025-11-23 11:50:00,1019.39
2025-11-23 12:00:00,1019.39
2025-11-23 12:10:00,1019.36
2025-11-23 12:20:00,1019.03
2025-11-23 12:30:00,1018.79
2025-11-23 12:40:00,1018.4399999999999
2025-11-23 12:50:00,1018.31
2025-11-23 13:00:00,1017.99
2025-11-23 13:10:00,1017.88
2025-11-23 13:20:00,1017.5699999999999
2025-11-23 13:30:00,1017.2099999999999
2025-11-23 13:40:00,1017.1
2025-11-23 13:50:00,1016.9499999999999
2025-11-23 14:00:00,1016.8
2025-11-23 14:10:00,1016.54
2025-11-23 14:20:00,1016.34
2025-11-23 14:30:00,1016.13
2025-11-23 14:40:00,1016.0699999999999
2025-11-23 14:50:00,1015.97
2025-11-23 15:00:00,1015.73
2025-11-23 15:10:00,1015.4399999999999
2025-11-23 15:20:00,1015.23
2025-11-23 15:30:00,1015.24
2025-11-23 15:40:00,1015.16
2025-11-23 15:50:00,1015.22
2025-11-23 16:00:00,1015.23
2025-11-23 16:10:00,1015.3
2025-11-23 16:20:00,1015.27
2025-11-23 16:30:00,1015.34
2025-11-23 16:40:00,1015.36
2025-11-23 16:50:00,1015.43
2025-11-23 17:00:00,1015.62
2025-11-23 17:10:00,1015.92
2025-11-23 17:20:00,1016.1
2025-11-23 17:30:00,1016.3299999999999
2025-11-23 17:40:00,1016.53
2025-11-23 17:50:00,1016.79
2025-11-23 18:00:00,1017.05
2025-11-23 18:10:00,1017.23
2025-11-23 18:20:00,1017.37
2025-11-23 18:30:00,1017.47
2025-11-23 18:40:00,1017.78
2025-11-23 18:50:00,1018.01
2025-11-23 19:00:00,1018.1999999999999
2025-11-23 19:10:00,1018.34
2025-11-23 19:20:00,1018.54
2025-11-23 19:30:00,1018.63
2025-11-23 19:40:00,1018.62
2025-11-23 19:50:00,1018.62
2025-11-23 20:00:00,1018.8199999999999
2025-11-23 20:10:00,1018.86
2025-11-23 20:20:00,1018.8199999999999
2025-11-23 20:30:00,1018.73
2025-11-23 20:40:00,1018.81
2025-11-23 20:50:00,1018.76
2025-11-23 21:00:00,1018.6899999999999
2025-11-23 21:10:00,1018.66
2025-11-23 21:20:00,1018.61
2025-11-23 21:30:00,1018.78
2025-11-23 21:40:00,1018.52
2025-11-23 21:50:00,1018.52
2025-11-23 22:00:00,1018.79
2025-11-23 22:10:00,1018.9583333333334
2025-11-23 22:20:00,1018.64
2025-11-23 22:30:00,1018.48
2025-11-23 22:40:00,1018.15
2025-11-23 22:50:00,1018.12
2025-11-23 23:00:00,1018.02
2025-11-23 23:10:00,1018.06
2025-11-23 23:20:00,1017.91
2025-11-23 23:30:00,1018.02
2025-11-23 23:40:00,1017.79
2025-11-23 23:50:00,1017.66
2025-11-24 00:00:00,1017.55
2025-11-24 00:10:00,1017.325
2025-11-24 00:20:00,1017.29
2025-11-24 00:30:00,1017.49
2025-11-24 00:40:00,1017.35
2025-11-24 00:50:00,1017.51
2025-11-24 01:00:00,1017.535
2025-11-24 01:10:00,1017.87
2025-11-24 01:20:00,1017.8299999999999
2025-11-24 01:30:00,1017.3050000000001
2025-11-24 01:40:00,1017.05
2025-11-24 01:50:00,1016.97
2025-11-24 02:00:00,1016.9
2025-11-24 02:10:00,1016.97
2025-11-24 02:20:00,1016.74
2025-11-24 02:30:00,1016.75
2025-11-24 02:40:00,1016.47
2025-11-24 02:50:00,1016.3299999999999
2025-11-24 03:00:00,1016.51
2025-11-24 03:10:00,1016.47
2025-11-24 03:20:00,1016.4
2025-11-24 03:30:00,1016.25
2025-11-24 03:40:00,1016.42
2025-11-24 03:50:00,1016.51
2025-11-24 04:00:00,1016.6899999999999
2025-11-24 04:10:00,1016.92
2025-11-24 04:20:00,1017.25
2025-11-24 04:30:00,1017.31
2025-11-24 04:40:00,1017.26
2025-11-24 04:50:00,1017.24
2025-11-24 05:00:00,1017.4
2025-11-24 05:10:00,1017.55
2025-11-24 05:20:00,1017.5899999999999
2025-11-24 05:30:00,1017.8299999999999
2025-11-24 05:40:00,1017.9499999999999
2025-11-24 05:50:00,1018.12
2025-11-24 06:00:00,1018.28
2025-11-24 06:10:00,1018.38
2025-11-24 06:20:00,1018.5799999999999
2025-11-24 06:30:00,1018.675
2025-11-24 06:40:00,1018.88
2025-11-24 06:50:00,1019
2025-11-24 07:00:00,1018.97
2025-11-24 07:10:00,1019.17
2025-11-24 07:20:00,1019.3
2025-11-24 07:30:00,1019.52
2025-11-24 07:40:00,1019.62
2025-11-24 07:50:00,1019.7099999999999
2025-11-24 08:00:00,1019.75
2025-11-24 08:10:00,1019.79
2025-11-24 08:20:00,1019.84
2025-11-24 08:30:00,1019.8299999999999
2025-11-24 08:40:00,1019.74
2025-11-24 08:50:00,1019.66
2025-11-24 09:00:00,1019.6899999999999
2025-11-24 09:10:00,1019.84
2025-11-24 09:20:00,1019.97
2025-11-24 09:30:00,1019.97
2025-11-24 09:40:00,1019.79
2025-11-24 09:50:00,1019.7099999999999
2025-11-24 10:00:00,1019.68
2025-11-24 10:10:00,1019.65
2025-11-24 10:20:00,1019.56
2025-11-24 10:30:00,1019.39
2025-11-24 10:40:00,1019.1999999999999
2025-11-24 10:50:00,1018.92
2025-11-24 11:00:00,1018.85
2025-11-24 11:10:00,1018.68
2025-11-24 11:20:00,1018.5799999999999
2025-11-24 11:30:00,1018.48
2025-11-24 11:40:00,1018.3199999999999
2025-11-24 11:50:00,1018.16
2025-11-24 12:00:00,1017.99
2025-11-24 12:10:00,1017.9399999999999
2025-11-24 12:20:00,1017.86
2025-11-24 12:30:00,1017.64
2025-11-24 12:40:00,1017.4399999999999
2025-11-24 12:50:00,1017.31
2025-11-24 13:00:00,1017.13
2025-11-24 13:10:00,1017.11
2025-11-24 13:20:00,1016.9
2025-11-24 13:30:00,1016.72
2025-11-24 13:40:00,1016.68
2025-11-24 13:50:00,1016.61
2025-11-24 14:00:00,1016.47
2025-11-24 14:10:00,1016.38
2025-11-24 14:20:00,1016.36
2025-11-24 14:30:00,1016.1899999999999
2025-11-24 14:40:00,1016.17
2025-11-24 14:50:00,1016.13
2025-11-24 15:00:00,1016.06
2025-11-24 15:10:00,1015.92
2025-11-24 15:20:00,1015.85
2025-11-24 15:30:00,1015.8199999999999
2025-11-24 15:40:00,1015.89
2025-11-24 15:50:00,1015.88
2025-11-24 16:00:00,1016.05
2025-11-24 16:10:00,1016.16
2025-11-24 16:20:00,1016.2099999999999
2025-11-24 16:30:00,1016.28
2025-11-24 16:40:00,1016.39
2025-11-24 16:50:00,1016.34
2025-11-24 17:00:00,1016.42
2025-11-24 17:10:00,1016.5
2025-11-24 17:20:00,1016.54
2025-11-24 17:30:00,1016.68
2025-11-24 17:40:00,1016.6899999999999
2025-11-24 17:50:00,1016.84
2025-11-24 18:00:00,1016.9399999999999
2025-11-24 18:10:00,1017.03
2025-11-24 18:20:00,1017.03
2025-11-24 18:30:00,1017.11
2025-11-24 18:40:00,1017.31
2025-11-24 18:50:00,1017.43
2025-11-24 19:00:00,1017.65
2025-11-24 19:10:00,1017.79
2025-11-24 19:20:00,1017.76
2025-11-24 19:30:00,1017.9499999999999
2025-11-24 19:40:00,1018.11
2025-11-24 19:50:00,1018.24
2025-11-24 20:00:00,1018.36
2025-11-24 20:10:00,1018.52
2025-11-24 20:20:00,1018.42
2025-11-24 20:30:00,1018.41
2025-11-24 20:40:00,1018.4
2025-11-24 20:50:00,1018.43
2025-11-24 21:00:00,1018.47
2025-11-24 21:10:00,1018.5
2025-11-24 21:20:00,1018.51
2025-11-24 21:30:00,1018.48
2025-11-24 21:40:00,1018.52
2025-11-24 21:50:00,1018.5
2025-11-24 22:00:00,1018.4499999999999
2025-11-24 22:10:00,1018.42
2025-11-24 22:20:00,1018.29
2025-11-24 22:30:00,1018.24
2025-11-24 22:40:00,1018.13
2025-11-24 22:50:00,1018.11
2025-11-24 23:00:00,1017.99
2025-11-24 23:10:00,1017.9599999999999
2025-11-24 23:20:00,1017.81
2025-11-24 23:30:00,1017.75
2025-11-24 23:40:00,1017.6999999999999
2025-11-24 23:50:00,1017.61
2025-11-25 00:00:00,1017.54
2025-11-25 00:10:00,1017.37
2025-11-25 00:20:00,1017.24
2025-11-25 00:30:00,1017.17
2025-11-25 00:40:00,1017.09
2025-11-25 00:50:00,1016.93
2025-11-25 01:00:00,1016.79
2025-11-25 01:10:00,1016.68
2025-11-25 01:20:00,1016.56
2025-11-25 01:30:00,1016.43
2025-11-25 01:40:00,1016.34
2025-11-25 01:50:00,1016.22
2025-11-25 02:00:00,1016.26
2025-11-25 02:10:00,1016.12
2025-11-25 02:20:00,1016.12
2025-11-25 02:30:00,1016.0799999999999
2025-11-25 02:40:00,1016.03
2025-11-25 02:50:00,1015.98
2025-11-25 03:00:00,1016.12
2025-11-25 03:10:00,1016.12
2025-11-25 03:20:00,1016.13
2025-11-25 03:30:00,1016.26
2025-11-25 03:40:00,1016.41
2025-11-25 03:50:00,1016.65
2025-11-25 04:00:00,1016.79
2025-11-25 04:10:00,1016.86
2025-11-25 04:20:00,1016.98
2025-11-25 04:30:00,1016.98
2025-11-25 04:40:00,1017.01
2025-11-25 04:50:00,1017.03
2025-11-25 05:00:00,1017.09
2025-11-25 05:10:00,1017.1999999999999
2025-11-25 05:20:00,1017.22
2025-11-25 05:30:00,1017.3199999999999
2025-11-25 05:40:00,1017.47
2025-11-25 05:50:00,1017.63
2025-11-25 06:00:00,1017.74
2025-11-25 06:10:00,1017.85
2025-11-25 06:20:00,1017.97
2025-11-25 06:30:00,1018.1
2025-11-25 06:40:00,1018.26
2025-11-25 06:50:00,1018.39
2025-11-25 07:00:00,1018.55
2025-11-25 07:10:00,1018.64
2025-11-25 07:20:00,1018.76
2025-11-25 07:30:00,1018.79
2025-11-25 07:40:00,1018.8199999999999
2025-11-25 07:50:00,1018.87
2025-11-25 08:00:00,1018.75
2025-11-25 08:10:00,1018.64
2025-11-25 08:20:00,1018.6999999999999
2025-11-25 08:30:00,1018.68
2025-11-25 08:40:00,1018.73
2025-11-25 08:50:00,1018.68
2025-11-25 09:00:00,1018.72
2025-11-25 09:10:00,1018.8199999999999
2025-11-25 09:20:00,1018.85
2025-11-25 09:30:00,1019.01
2025-11-25 09:40:00,1019.1999999999999
2025-11-25 09:50:00,1019.35
2025-11-25 10:00:00,1019.6
2025-11-25 10:10:00,1019.5
2025-11-25 10:20:00,1019.04
2025-11-25 10:30:00,1018.5699999999999
2025-11-25 10:40:00,1018.4499999999999
2025-11-25 10:50:00,1018.4
2025-11-25 11:00:00,1018.2099999999999
2025-11-25 11:10:00,1018.16
2025-11-25 11:20:00,1017.92
2025-11-25 11:30:00,1017.74
2025-11-25 11:40:00,1017.48
2025-11-25 11:50:00,1017.26
2025-11-25 12:00:00,1017.15
2025-11-25 12:10:00,1017
2025-11-25 12:20:00,1017.04
2025-11-25 12:30:00,1017.04
2025-11-25 12:40:00,1016.8199999999999
2025-11-25 12:50:00,1016.77
2025-11-25 13:00:00,1016.6999999999999
2025-11-25 13:10:00,1016.36
2025-11-25 13:20:00,1016.24
2025-11-25 13:30:00,1016.12
2025-11-25 13:40:00,1016
2025-11-25 13:50:00,1015.93
2025-11-25 14:00:00,1015.88
2025-11-25 14:10:00,1015.7099999999999
2025-11-25 14:20:00,1015.52
2025-11-25 14:30:00,1015.26
2025-11-25 14:40:00,1015.26
2025-11-25 14:50:00,1015.35
2025-11-25 15:00:00,1015.4
2025-11-25 15:10:00,1015.34
2025-11-25 15:20:00,1015.3199999999999
2025-11-25 15:30:00,1015.3
2025-11-25 15:40:00,1015.26
2025-11-25 15:50:00,1015.18
2025-11-25 16:00:00,1015.3
2025-11-25 16:10:00,1015.37
2025-11-25 16:20:00,1015.53
2025-11-25 16:30:00,1015.6
2025-11-25 16:40:00,1015.76
2025-11-25 16:50:00,1015.88
2025-11-25 17:00:00,1016.04
2025-11-25 17:10:00,1016.12
2025-11-25 17:20:00,1016.16
2025-11-25 17:30:00,1016.0699999999999
2025-11-25 17:40:00,1016.09
2025-11-25 17:50:00,1016.18
2025-11-25 18:00:00,1016.22
2025-11-25 18:10:00,1016.38
2025-11-25 18:20:00,1016.63
2025-11-25 18:30:00,1016.64
2025-11-25 18:40:00,1016.5699999999999
2025-11-25 18:50:00,1016.8
2025-11-25 19:00:00,1016.93
2025-11-25 19:10:00,1017.14
2025-11-25 19:20:00,1017.38
2025-11-25 19:30:00,1017.5799999999999
2025-11-25 19:40:00,1017.85
2025-11-25 19:50:00,1017.915
2025-11-25 20:00:00,1017.92
2025-11-25 20:10:00,1017.97
2025-11-25 20:20:00,1017.91
2025-11-25 20:30:00,1017.74
2025-11-25 20:40:00,1017.65
2025-11-25 20:50:00,1017.61
2025-11-25 21:00:00,1017.52
2025-11-25 21:10:00,1017.61
2025-11-25 21:20:00,1017.8
2025-11-25 21:30:00,1017.74
2025-11-25 21:40:00,1017.4
2025-11-25 21:50:00,1017.1899999999999
2025-11-25 22:00:00,1017.3299999999999
2025-11-25 22:10:00,1017.2099999999999
2025-11-25 22:20:00,1016.89
2025-11-25 22:30:00,1017.01
2025-11-25 22:40:00,1017.01
2025-11-25 22:50:00,1017.18
2025-11-25 23:00:00,1017.0699999999999
2025-11-25 23:10:00,1016.91
2025-11-25 23:20:00,1016.92
2025-11-25 23:30:00,1016.84
2025-11-25 23:40:00,1016.97
2025-11-25 23:50:00,1017.0522222222221
2025-11-26 00:00:00,1017.0325
2025-11-26 00:10:00,1016.98
2025-11-26 00:20:00,1016.8
2025-11-26 00:30:00,1016.7800000000001
2025-11-26 00:40:00,1016.43
2025-11-26 00:50:00,1016.38
2025-11-26 01:00:00,1016.28
2025-11-26 01:10:00,1016.3199999999999
2025-11-26 01:20:00,1016.09
2025-11-26 01:30:00,1016
2025-11-26 01:40:00,1015.9749999999999
2025-11-26 01:50:00,1015.9
2025-11-26 02:00:00,1015.7099999999999
2025-11-26 02:10:00,1015.65
2025-11-26 02:20:00,1015.55
2025-11-26 02:30:00,1015.5699999999999
2025-11-26 02:40:00,1015.74
2025-11-26 02:50:00,1015.59
2025-11-26 03:00:00,1015.42
2025-11-26 03:10:00,1015.5799999999999
2025-11-26 03:20:00,1015.7375
2025-11-26 03:30:00,1015.77
2025-11-26 03:40:00,1015.9
2025-11-26 03:50:00,1016
2025-11-26 04:00:00,1016.0699999999999
2025-11-26 04:10:00,1016.25
2025-11-26 04:20:00,1016.2925
2025-11-26 04:30:00,1016.4699999999999
2025-11-26 04:40:00,1016.28
2025-11-26 04:50:00,1015.93
2025-11-26 05:00:00,1016.3199999999999
2025-11-26 05:10:00,1016.63
2025-11-26 05:20:00,1016.65
2025-11-26 05:30:00,1016.645
2025-11-26 05:40:00,1016.65
2025-11-26 05:50:00,1016.61
2025-11-26 06:00:00,1016.64
2025-11-26 06:10:00,1016.85
2025-11-26 06:20:00,1017.045
2025-11-26 06:30:00,1016.905
2025-11-26 06:40:00,1016.5699999999999
2025-11-26 06:50:00,1016.75
2025-11-26 07:00:00,1016.8299999999999
2025-11-26 07:10:00,1017.11
2025-11-26 07:20:00,1017.4516666666665
2025-11-26 07:30:00,1017.5653846153847
2025-11-26 07:40:00,1017.6814285714287
2025-11-26 07:50:00,1017.75
2025-11-26 08:00:00,1017.6453846153847
2025-11-26 08:10:00,1017.51
2025-11-26 08:20:00,1017.42
2025-11-26 08:30:00,1017.405
2025-11-26 08:40:00,1017.25
2025-11-26 08:50:00,1017.48
2025-11-26 09:00:00,1017.8314285714287
2025-11-26 09:10:00,1017.7208695652173
2025-11-26 09:20:00,1017.6636363636363
2025-11-26 09:30:00,1017.6257142857143
2025-11-26 09:40:00,1017.9169696969698
2025-11-26 09:50:00,1017.8385714285714
2025-11-26 10:00:00,1017.6119999999997
2025-11-26 10:10:00,1017.4460000000001
2025-11-26 10:20:00,1017.7657142857142
2025-11-26 10:30:00,1017.791111111111
2025-11-26 10:40:00,1017.6371428571429
2025-11-26 10:50:00,1017.2871428571428
2025-11-26 11:00:00,1016.3
2025-11-26 11:10:00,1016.5699999999999
2025-11-26 11:20:00,1016.4399999999999
2025-11-26 11:30:00,1016.6066666666666
2025-11-26 11:40:00,1016.63
2025-11-26 11:50:00,1016.1099999999999
2025-11-26 12:00:00,1016.16
2025-11-26 12:10:00,1015.7433333333333
2025-11-26 12:20:00,1015.55
2025-11-26 12:30:00,1014.7149999999999
2025-11-26 12:40:00,1014.93
2025-11-26 12:50:00,1015.245
2025-11-26 13:00:00,1015.2049999999999
2025-11-26 13:10:00,1014.8399999999999
2025-11-26 13:20:00,1014.84
2025-11-26 13:30:00,1015.3299999999999
2025-11-26 13:40:00,1015.26
2025-11-26 13:50:00,1015.1899999999999
2025-11-26 14:00:00,1015.47
2025-11-26 14:10:00,1015.26
2025-11-26 14:20:00,1015.1899999999999
2025-11-26 14:30:00,1015.18
2025-11-26 14:40:00,1015.06
2025-11-26 14:50:00,1015.23
2025-11-26 15:00:00,1015.06
2025-11-26 15:10:00,1015.23
2025-11-26 15:20:00,1015.66
2025-11-26 15:30:00,1015.9733333333334
2025-11-26 15:40:00,1015.74
2025-11-26 15:50:00,1015.27
2025-11-26 16:00:00,1015.1
2025-11-26 16:10:00,1015.27
2025-11-26 16:20:00,1015.39
2025-11-26 16:30:00,1015.78
2025-11-26 16:40:00,1015.9
2025-11-26 16:50:00,1015.98
2025-11-26 17:00:00,1015.8
2025-11-26 17:10:00,1015.47
2025-11-26 17:20:00,1015.62
2025-11-26 17:30:00,1015.43
2025-11-26 17:40:00,1015.31
2025-11-26 17:50:00,1015.3299999999999
2025-11-26 18:00:00,1015.4399999999999
2025-11-26 18:10:00,1015.68
2025-11-26 18:20:00,1016.02
2025-11-26 18:30:00,1016.22
2025-11-26 18:40:00,1016.43
2025-11-26 18:50:00,1016.59
2025-11-26 19:00:00,1016.96
2025-11-26 19:10:00,1017.2099999999999
2025-11-26 19:20:00,1017.18
2025-11-26 19:30:00,1017.49
2025-11-26 19:40:00,1017.78
2025-11-26 19:50:00,1017.64
2025-11-26 20:00:00,1017.7149999999999
2025-11-26 20:10:00,1017.56
2025-11-26 20:20:00,1017.4499999999999
2025-11-26 20:30:00,1017.54
2025-11-26 20:40:00,1017.38
2025-11-26 20:50:00,1017.23
2025-11-26 21:00:00,1017.22
2025-11-26 21:10:00,1017.16
2025-11-26 21:20:00,1017.18
2025-11-26 21:30:00,1017.57
2025-11-26 21:40:00,1017.2478260869564
2025-11-26 21:50:00,1016.9284615384615
2025-11-26 22:00:00,1016.8733333333333
2025-11-26 22:10:00,1016.99
2025-11-26 22:20:00,1017.38
2025-11-26 22:30:00,1017.3199999999999
2025-11-26 22:40:00,1017.5125
2025-11-26 22:50:00,1017.4766666666668
2025-11-26 23:00:00,1017.4225
2025-11-26 23:10:00,1017.21
2025-11-26 23:20:00,1017.2059999999999
2025-11-26 23:30:00,1017.033
2025-11-26 23:40:00,1016.8939999999999
2025-11-26 23:50:00,1016.5
2025-11-27 00:00:00,1017.01
2025-11-27 00:10:00,1016.2449999999999
2025-11-27 00:20:00,1016.15
2025-11-27 00:30:00,1015.67
2025-11-27 00:40:00,1015.555
2025-11-27 00:50:00,1015.3199999999999
2025-11-27 01:00:00,1015.37
2025-11-27 01:10:00,1015.3199999999999
2025-11-27 01:20:00,1015.41
2025-11-27 01:30:00,1015.4399999999999
2025-11-27 01:40:00,1015.49
2025-11-27 01:50:00,1015.22
2025-11-27 02:00:00,1015.4499999999999
2025-11-27 02:10:00,1015.4799999999999
2025-11-27 02:20:00,1015.4371428571429
2025-11-27 02:30:00,1015.9449999999999
2025-11-27 02:40:00,1015.985
2025-11-27 02:50:00,1015.6166666666667
2025-11-27 03:00:00,1015.8639999999999
2025-11-27 03:10:00,1016.3633333333332
2025-11-27 03:20:00,1016.5699999999999
2025-11-27 03:30:00,1017.265
2025-11-27 03:40:00,1017.23
2025-11-27 03:50:00,1016.7349999999999
2025-11-27 04:00:00,1017.34
2025-11-27 04:10:00,1017.0699999999999
2025-11-27 04:20:00,1017.4
2025-11-27 04:30:00,1017.4499999999999
2025-11-27 04:40:00,1017.3233333333334
2025-11-27 04:50:00,1017.56
2025-11-27 05:00:00,1017.21
2025-11-27 05:10:00,1017.24
2025-11-27 05:20:00,1017.3199999999999
2025-11-27 05:30:00,1016.98
2025-11-27 05:40:00,1017.355
2025-11-27 05:50:00,1017.63
2025-11-27 06:00:00,1017.66
2025-11-27 06:10:00,1017.63
2025-11-27 06:20:00,1017.16
2025-11-27 06:30:00,1017.1899999999999
2025-11-27 06:40:00,1017.5799999999999
2025-11-27 06:50:00,1018.02
2025-11-27 07:00:00,1018.45
2025-11-27 07:10:00,1018.27
2025-11-27 07:20:00,1018.13
2025-11-27 07:30:00,1018.55
2025-11-27 07:40:00,1018.75
2025-11-27 07:50:00,1018.87
2025-11-27 08:00:00,1018.79
2025-11-27 08:10:00,1018.56
2025-11-27 08:20:00,1018.79
2025-11-27 08:30:00,1018.86
2025-11-27 08:40:00,1019.1
2025-11-27 08:50:00,1019.54
2025-11-27 09:00:00,1019.81
2025-11-27 09:10:00,1020.04
2025-11-27 09:20:00,1020.12
2025-11-27 09:30:00,1019.9499999999999
2025-11-27 09:40:00,1019.9599999999999
2025-11-27 09:50:00,1019.85
2025-11-27 10:00:00,1019.67
2025-11-27 10:10:00,1019.68
2025-11-27 10:20:00,1019.68
2025-11-27 10:30:00,1019.35
2025-11-27 10:40:00,1019.29
2025-11-27 10:50:00,1019.01
2025-11-27 11:00:00,1018.8199999999999
2025-11-27 11:10:00,1018.4749999999999
2025-11-27 11:20:00,1018.12
2025-11-27 11:30:00,1017.68
2025-11-27 11:40:00,1017.64
2025-11-27 11:50:00,1017.4599999999999
2025-11-27 12:00:00,1017.4599999999999
2025-11-27 12:10:00,1017.59
2025-11-27 12:20:00,1017.5699999999999
2025-11-27 12:30:00,1017.73
2025-11-27 12:40:00,1017.65
2025-11-27 12:50:00,1017.54
2025-11-27 13:00:00,1017.22
2025-11-27 13:10:00,1017.04
2025-11-27 13:20:00,1017.06
2025-11-27 13:30:00,1017.04
2025-11-27 13:40:00,1016.91
2025-11-27 13:50:00,1016.85
2025-11-27 14:00:00,1016.8
2025-11-27 14:10:00,1016.59
2025-11-27 14:20:00,1016.67
2025-11-27 14:30:00,1016.38
2025-11-27 14:40:00,1015.76
2025-11-27 14:50:00,1016.16
2025-11-27 15:00:00,1016.0699999999999
2025-11-27 15:10:00,1016.15
2025-11-27 15:20:00,1016.1999999999999
2025-11-27 15:30:00,1016.23
2025-11-27 15:40:00,1016.3
2025-11-27 15:50:00,1016.39
2025-11-27 16:00:00,1016.48
2025-11-27 16:10:00,1016.51
2025-11-27 16:20:00,1016.66
2025-11-27 16:30:00,1016.85
2025-11-27 16:40:00,1017.0799999999999
2025-11-27 16:50:00,1017.15
2025-11-27 17:00:00,1017.3
2025-11-27 17:10:00,1017.4
2025-11-27 17:20:00,1017.41
2025-11-27 17:30:00,1017.4399999999999
2025-11-27 17:40:00,1017.49
2025-11-27 17:50:00,1017.56
2025-11-27 18:00:00,1017.68
2025-11-27 18:10:00,1017.9
2025-11-27 18:20:00,1018.0799999999999
2025-11-27 18:30:00,1018.0799999999999
2025-11-27 18:40:00,1018.0699999999999
2025-11-27 18:50:00,1018.11
2025-11-27 19:00:00,1017.9599999999999
2025-11-27 19:10:00,1018.22
2025-11-27 19:20:00,1018.55
2025-11-27 19:30:00,1018.66
2025-11-27 19:40:00,1018.74
2025-11-27 19:50:00,1018.17
2025-11-27 20:00:00,1018.06
2025-11-27 20:10:00,1018.24
2025-11-27 20:20:00,1018.3
2025-11-27 20:30:00,1018.52
2025-11-27 20:40:00,1018.75
2025-11-27 20:50:00,1018.99
2025-11-27 21:00:00,1019
2025-11-27 21:10:00,1018.81
2025-11-27 21:20:00,1018.88
2025-11-27 21:30:00,1018.8
2025-11-27 21:40:00,1018.78
2025-11-27 21:50:00,1018.76
2025-11-27 22:00:00,1018.97
2025-11-27 22:10:00,1018.97
2025-11-27 22:20:00,1018.75
2025-11-27 22:30:00,1018.64
2025-11-27 22:40:00,1018.4399999999999
2025-11-27 22:50:00,1018.25
2025-11-27 23:00:00,1018.23
2025-11-27 23:10:00,1018.09
2025-11-27 23:20:00,1018.22
2025-11-27 23:30:00,1018.28
2025-11-27 23:40:00,1017.79
2025-11-27 23:50:00,1018.15
2025-11-28 00:00:00,1018.02
2025-11-28 00:10:00,1017.84
2025-11-28 00:20:00,1017.9599999999999
2025-11-28 00:30:00,1017.65
2025-11-28 00:40:00,1017.6
2025-11-28 00:50:00,1017.4399999999999
2025-11-28 01:00:00,1017.27
2025-11-28 01:10:00,1017.23
2025-11-28 01:20:00,1017.3199999999999
2025-11-28 01:30:00,1017.37
2025-11-28 01:40:00,1017.3
2025-11-28 01:50:00,1017.26
2025-11-28 02:00:00,1017.24
2025-11-28 02:10:00,1017.23
2025-11-28 02:20:00,1017.31
2025-11-28 02:30:00,1017.18
2025-11-28 02:40:00,1017.24
2025-11-28 02:50:00,1017.26
2025-11-28 03:00:00,1017.3299999999999
2025-11-28 03:10:00,1017.3399999999999
2025-11-28 03:20:00,1017.4599999999999
2025-11-28 03:30:00,1017.8583333333335
2025-11-28 03:40:00,1018.015
2025-11-28 03:50:00,1018.5309090909091
2025-11-28 04:00:00,1018.3766666666667
2025-11-28 04:10:00,1018.43
2025-11-28 04:20:00,1018.6933333333335
2025-11-28 04:30:00,1018.685
2025-11-28 04:40:00,1018.9449999999999
2025-11-28 04:50:00,1018.9300000000001
2025-11-28 05:00:00,1018.98
2025-11-28 05:10:00,1018.92
2025-11-28 05:20:00,1018.74
2025-11-28 05:30:00,1018.75
2025-11-28 05:40:00,1018.9649999999999
2025-11-28 05:50:00,1019.3
2025-11-28 06:00:00,1019.61
2025-11-28 06:10:00,1019.6949999999999
2025-11-28 06:20:00,1019.93
2025-11-28 06:30:00,1019.91
2025-11-28 06:40:00,1020.05
2025-11-28 06:50:00,1020.3199999999999
2025-11-28 07:00:00,1020.3
2025-11-28 07:10:00,1020.51
2025-11-28 07:20:00,1020.5699999999999
2025-11-28 07:30:00,1020.61
2025-11-28 07:40:00,1020.6
2025-11-28 07:50:00,1020.79
2025-11-28 08:00:00,1021.16
2025-11-28 08:10:00,1021.1999999999999
2025-11-28 08:20:00,1021.36
2025-11-28 08:30:00,1021.6899999999999
2025-11-28 08:40:00,1021.8299999999999
2025-11-28 08:50:00,1021.9366666666666
2025-11-28 09:00:00,1021.97
2025-11-28 09:10:00,1021.93
2025-11-28 09:20:00,1021.91
2025-11-28 09:30:00,1021.67
2025-11-28 09:40:00,1021.28
2025-11-28 09:50:00,1021.24
2025-11-28 10:00:00,1021.05
2025-11-28 10:10:00,1021.02
2025-11-28 10:20:00,1020.67
2025-11-28 10:30:00,1020.62
2025-11-28 10:40:00,1020.61
2025-11-28 10:50:00,1020.37
2025-11-28 11:00:00,1020.24
2025-11-28 11:10:00,1020.05
2025-11-28 11:20:00,1019.77
2025-11-28 11:30:00,1019.6
2025-11-28 11:40:00,1019.38
2025-11-28 11:50:00,1019.27
2025-11-28 12:00:00,1019.13
2025-11-28 12:10:00,1018.93
2025-11-28 12:20:00,1018.9599999999999
2025-11-28 12:30:00,1018.85
2025-11-28 12:40:00,1018.66
2025-11-28 12:50:00,1018.53
2025-11-28 13:00:00,1018.26
2025-11-28 13:10:00,1018.0799999999999
2025-11-28 13:20:00,1018.01
2025-11-28 13:30:00,1017.89
2025-11-28 13:40:00,1017.8299999999999
2025-11-28 13:50:00,1017.8199999999999
2025-11-28 14:00:00,1018.02
2025-11-28 14:10:00,1018.1700000000001
2025-11-28 14:20:00,1018.28
2025-11-28 14:30:00,1018.26
2025-11-28 14:40:00,1018.24
2025-11-28 14:50:00,1018.2249999999999
2025-11-28 15:00:00,1017.9499999999999
2025-11-28 15:10:00,1017.99
2025-11-28 15:20:00,1017.9599999999999
2025-11-28 15:30:00,1017.77
2025-11-28 15:40:00,1017.86
2025-11-28 15:50:00,1017.89
2025-11-28 16:00:00,1017.79
2025-11-28 16:10:00,1017.88
2025-11-28 16:20:00,1017.97
2025-11-28 16:30:00,1018
2025-11-28 16:40:00,1017.99
2025-11-28 16:50:00,1017.9499999999999
2025-11-28 17:00:00,1018.01
2025-11-28 17:10:00,1018.17
2025-11-28 17:20:00,1018.1999999999999
2025-11-28 17:30:00,1018.12
2025-11-28 17:40:00,1018.05
2025-11-28 17:50:00,1018.0699999999999
2025-11-28 18:00:00,1018.1
2025-11-28 18:10:00,1018.37
2025-11-28 18:20:00,1018.4
2025-11-28 18:30:00,1018.27
2025-11-28 18:40:00,1018.42
2025-11-28 18:50:00,1018.61
2025-11-28 19:00:00,1018.87
2025-11-28 19:10:00,1019.09
2025-11-28 19:20:00,1019.26
2025-11-28 19:30:00,1019.43
2025-11-28 19:40:00,1019.4599999999999
2025-11-28 19:50:00,1019.4399999999999
2025-11-28 20:00:00,1019.67
2025-11-28 20:10:00,1019.6899999999999
2025-11-28 20:20:00,1019.77
2025-11-28 20:30:00,1019.53
2025-11-28 20:40:00,1019.5
2025-11-28 20:50:00,1019.4599999999999
2025-11-28 21:00:00,1019.3299999999999
2025-11-28 21:10:00,1018.88
2025-11-28 21:20:00,1018.9499999999999
2025-11-28 21:30:00,1018.9599999999999
2025-11-28 21:40:00,1018.88
2025-11-28 21:50:00,1018.88
2025-11-28 22:00:00,1018.8299999999999
2025-11-28 22:10:00,1018.76
2025-11-28 22:20:00,1018.77
2025-11-28 22:30:00,1018.79
2025-11-28 22:40:00,1018.9
2025-11-28 22:50:00,1018.99
2025-11-28 23:00:00,1019.01
2025-11-28 23:10:00,1019
2025-11-28 23:20:00,1018.92
2025-11-28 23:30:00,1018.84
2025-11-28 23:40:00,1018.74
2025-11-28 23:50:00,1018.47
2025-11-29 00:00:00,1018.34
2025-11-29 00:10:00,1018.22
2025-11-29 00:20:00,1018.18
2025-11-29 00:30:00,1018.01
2025-11-29 00:40:00,1018.11
2025-11-29 00:50:00,1018.02
2025-11-29 01:00:00,1018
2025-11-29 01:10:00,1017.77
2025-11-29 01:20:00,1017.67
2025-11-29 01:30:00,1017.5799999999999
2025-11-29 01:40:00,1017.53
2025-11-29 01:50:00,1017.53
2025-11-29 02:00:00,1017.42
2025-11-29 02:10:00,1017.23
2025-11-29 02:20:00,1017.24
2025-11-29 02:30:00,1017.14
2025-11-29 02:40:00,1017.2099999999999
2025-11-29 02:50:00,1017.11
2025-11-29 03:00:00,1017.15
2025-11-29 03:10:00,1017.17
2025-11-29 03:20:00,1017.2099999999999
2025-11-29 03:30:00,1017.22
2025-11-29 03:40:00,1017.38
2025-11-29 03:50:00,1017.55
2025-11-29 04:00:00,1017.5699999999999
2025-11-29 04:10:00,1017.4499999999999
2025-11-29 04:20:00,1017.6
2025-11-29 04:30:00,1017.66
2025-11-29 04:40:00,1017.77
2025-11-29 04:50:00,1017.84
2025-11-29 05:00:00,1018.06
2025-11-29 05:10:00,1018.16
2025-11-29 05:20:00,1018.41
2025-11-29 05:30:00,1018.5799999999999
2025-11-29 05:40:00,1018.84
2025-11-29 05:50:00,1019.04
2025-11-29 06:00:00,1019.23
2025-11-29 06:10:00,1019.4
2025-11-29 06:20:00,1019.57
2025-11-29 06:30:00,1019.6999999999999
2025-11-29 06:40:00,1019.8249999999999
2025-11-29 06:50:00,1019.9666666666667
2025-11-29 07:00:00,1020.0866666666667
2025-11-29 07:10:00,1020.2299999999999
2025-11-29 07:20:00,1020.3499999999999
2025-11-29 07:30:00,1020.4649999999999
2025-11-29 07:40:00,1020.56
2025-11-29 07:50:00,1020.66
2025-11-29 08:00:00,1020.85
2025-11-29 08:10:00,1021.21
2025-11-29 08:20:00,1021.6666666666666
2025-11-29 08:30:00,1021.56125
2025-11-29 08:40:00,1021.61
2025-11-29 08:50:00,1021.5874999999999
2025-11-29 09:00:00,1021.38
2025-11-29 09:10:00,1021.3299999999999
2025-11-29 09:20:00,1021.25
2025-11-29 09:30:00,1021.16
2025-11-29 09:40:00,1020.97
2025-11-29 09:50:00,1020.79
2025-11-29 10:00:00,1020.75
2025-11-29 10:10:00,1020.6
2025-11-29 10:20:00,1020.3199999999999
2025-11-29 10:30:00,1020.1999999999999
2025-11-29 10:40:00,1019.84
2025-11-29 10:50:00,1019.68
2025-11-29 11:00:00,1019.6
2025-11-29 11:10:00,1019.41
2025-11-29 11:20:00,1019.1
2025-11-29 11:30:00,1018.75
2025-11-29 11:40:00,1018.4599999999999
2025-11-29 11:50:00,1018.39
2025-11-29 12:00:00,1018.0649999999999
2025-11-29 12:10:00,1017.87
2025-11-29 12:20:00,1017.76
2025-11-29 12:30:00,1017.73
2025-11-29 12:40:00,1017.6
2025-11-29 12:50:00,1017.55
2025-11-29 13:00:00,1017.56
2025-11-29 13:10:00,1017.54
2025-11-29 13:20:00,1017.49
2025-11-29 13:30:00,1017.36
2025-11-29 13:40:00,1017.2099999999999
2025-11-29 13:50:00,1016.92
2025-11-29 14:00:00,1016.8
2025-11-29 14:10:00,1016.73
2025-11-29 14:20:00,1016.6899999999999
2025-11-29 14:30:00,1016.65
2025-11-29 14:40:00,1016.8
2025-11-29 14:50:00,1016.85
2025-11-29 15:00:00,1016.81
2025-11-29 15:10:00,1016.91
2025-11-29 15:20:00,1016.8299999999999
2025-11-29 15:30:00,1016.9499999999999
2025-11-29 15:40:00,1017.01
2025-11-29 15:50:00,1017.1
2025-11-29 16:00:00,1017.2099999999999
2025-11-29 16:10:00,1017.1999999999999
2025-11-29 16:20:00,1017.3
2025-11-29 16:30:00,1017.41
2025-11-29 16:40:00,1017.56
2025-11-29 16:50:00,1017.8199999999999
2025-11-29 17:00:00,1017.9599999999999
2025-11-29 17:10:00,1018.06
2025-11-29 17:20:00,1018.11
2025-11-29 17:30:00,1018.12
2025-11-29 17:40:00,1018.26
2025-11-29 17:50:00,1018.3299999999999
2025-11-29 18:00:00,1018.3299999999999
2025-11-29 18:10:00,1018.49
2025-11-29 18:20:00,1018.5699999999999
2025-11-29 18:30:00,1018.75
2025-11-29 18:40:00,1018.8199999999999
2025-11-29 18:50:00,1018.99
2025-11-29 19:00:00,1019.13
2025-11-29 19:10:00,1019.34
2025-11-29 19:20:00,1019.43
2025-11-29 19:30:00,1019.55
2025-11-29 19:40:00,1019.62
2025-11-29 19:50:00,1019.59
2025-11-29 20:00:00,1019.76
2025-11-29 20:10:00,1019.9
2025-11-29 20:20:00,1020.03
2025-11-29 20:30:00,1020.03
2025-11-29 20:40:00,1019.9399999999999
2025-11-29 20:50:00,1020.1
2025-11-29 21:00:00,1020.11
2025-11-29 21:10:00,1020.0699999999999
2025-11-29 21:20:00,1020.16
2025-11-29 21:30:00,1020.06
2025-11-29 21:40:00,1019.92
2025-11-29 21:50:00,1019.97
2025-11-29 22:00:00,1019.87
2025-11-29 22:10:00,1019.81
2025-11-29 22:20:00,1019.81
2025-11-29 22:30:00,1019.85
2025-11-29 22:40:00,1019.89
2025-11-29 22:50:00,1019.78
2025-11-29 23:00:00,1019.66
2025-11-29 23:10:00,1019.49
2025-11-29 23:20:00,1019.4399999999999
2025-11-29 23:30:00,1019.26
2025-11-29 23:40:00,1019.23
2025-11-29 23:50:00,1019.09
2025-11-30 00:00:00,1018.97
2025-11-30 00:10:00,1018.73
2025-11-30 00:20:00,1018.59
2025-11-30 00:30:00,1018.34
2025-11-30 00:40:00,1018.29
2025-11-30 00:50:00,1018.09
2025-11-30 01:00:00,1017.9399999999999
2025-11-30 01:10:00,1017.72
2025-11-30 01:20:00,1017.5799999999999
2025-11-30 01:30:00,1017.39
2025-11-30 01:40:00,1017.29
2025-11-30 01:50:00,1017.18
2025-11-30 02:00:00,1017.05
2025-11-30 02:10:00,1017.01
2025-11-30 02:20:00,1016.89
2025-11-30 02:30:00,1016.75
2025-11-30 02:40:00,1016.62
2025-11-30 02:50:00,1016.59
2025-11-30 03:00:00,1016.42
2025-11-30 03:10:00,1016.27
2025-11-30 03:20:00,1016.2099999999999
2025-11-30 03:30:00,1016.23
2025-11-30 03:40:00,1016.4599999999999
2025-11-30 03:50:00,1016.59
2025-11-30 04:00:00,1016.66
2025-11-30 04:10:00,1016.8299999999999
2025-11-30 04:20:00,1016.79
2025-11-30 04:30:00,1016.86
2025-11-30 04:40:00,1016.93
2025-11-30 04:50:00,1017
2025-11-30 05:00:00,1017.2099999999999
2025-11-30 05:10:00,1017.42
2025-11-30 05:20:00,1017.53
2025-11-30 05:30:00,1017.63
2025-11-30 05:40:00,1017.74
2025-11-30 05:50:00,1017.98
2025-11-30 06:00:00,1018.17
2025-11-30 06:10:00,1018.38
2025-11-30 06:20:00,1018.52
2025-11-30 06:30:00,1018.74
2025-11-30 06:40:00,1018.77
2025-11-30 06:50:00,1018.8
2025-11-30 07:00:00,1018.81
2025-11-30 07:10:00,1018.86
2025-11-30 08:10:00,1019.01
2025-11-30 08:20:00,1019.0799999999999
2025-11-30 08:30:00,1019.16
2025-11-30 08:40:00,1019.22
2025-11-30 08:50:00,1019.22
2025-11-30 09:00:00,1019.23
2025-11-30 09:10:00,1019.28
2025-11-30 09:20:00,1019.1999999999999
2025-11-30 09:30:00,1019.27
2025-11-30 09:40:00,1019.1999999999999
2025-11-30 09:50:00,1019.0699999999999
2025-11-30 10:00:00,1019.03
2025-11-30 10:10:00,1018.88
2025-11-30 10:20:00,1018.73
2025-11-30 10:30:00,1018.67
2025-11-30 10:40:00,1018.4599999999999
2025-11-30 10:50:00,1018.23
2025-11-30 11:00:00,1018.09
2025-11-30 11:10:00,1018.04
2025-11-30 11:20:00,1017.9399999999999
2025-11-30 11:30:00,1017.8
2025-11-30 11:40:00,1017.63
2025-11-30 11:50:00,1017.53
2025-11-30 12:00:00,1017.3
2025-11-30 12:10:00,1017.09
2025-11-30 12:20:00,1016.9
2025-11-30 12:30:00,1016.59
2025-11-30 12:40:00,1016.4
2025-11-30 12:50:00,1016.28
2025-11-30 13:00:00,1016.13
2025-11-30 13:10:00,1015.93
2025-11-30 13:20:00,1015.84
2025-11-30 13:30:00,1015.72
2025-11-30 13:40:00,1015.55
2025-11-30 13:50:00,1015.37
2025-11-30 14:00:00,1015.34
2025-11-30 14:10:00,1015.3
2025-11-30 14:20:00,1015.1999999999999
2025-11-30 14:30:00,1015.3
2025-11-30 14:40:00,1015.29
2025-11-30 14:50:00,1015.34
2025-11-30 15:00:00,1015.34
2025-11-30 15:10:00,1015.29
2025-11-30 15:20:00,1015.3
2025-11-30 15:30:00,1015.2099999999999
2025-11-30 15:40:00,1015.0699999999999
2025-11-30 15:50:00,1015.1
2025-11-30 16:00:00,1014.99
2025-11-30 16:10:00,1014.9599999999999
2025-11-30 16:20:00,1015.24
2025-11-30 16:30:00,1015.43
2025-11-30 16:40:00,1015.59
2025-11-30 16:50:00,1015.86
2025-11-30 17:00:00,1015.97
2025-11-30 17:10:00,1016.0799999999999
2025-11-30 17:20:00,1016.18
2025-11-30 17:30:00,1016.24
2025-11-30 17:40:00,1016.47
2025-11-30 17:50:00,1016.61
2025-11-30 18:00:00,1016.87
2025-11-30 18:10:00,1017.09
2025-11-30 18:20:00,1017.1899999999999
2025-11-30 18:30:00,1017.4
2025-11-30 18:40:00,1017.51
2025-11-30 18:50:00,1017.75
2025-11-30 19:00:00,1017.88
2025-11-30 19:10:00,1018.03
2025-11-30 19:20:00,1018.16
2025-11-30 19:30:00,1018.29
2025-11-30 19:40:00,1018.3299999999999
2025-11-30 19:50:00,1018.47
2025-11-30 20:00:00,1018.68
2025-11-30 20:10:00,1018.72
2025-11-30 20:20:00,1018.8299999999999
2025-11-30 20:30:00,1018.88
2025-11-30 20:40:00,1018.85
2025-11-30 20:50:00,1018.77
2025-11-30 21:00:00,1018.79
2025-11-30 21:10:00,1018.75
2025-11-30 21:20:00,1018.79
2025-11-30 21:30:00,1018.8199999999999
2025-11-30 21:40:00,1019.02
2025-11-30 21:50:00,1019.02
2025-11-30 22:00:00,1019.06
2025-11-30 22:10:00,1019.0699999999999
2025-11-30 22:20:00,1018.9399999999999
2025-11-30 22:30:00,1018.8299999999999
2025-11-30 22:40:00,1018.76
2025-11-30 22:50:00,1018.79
2025-11-30 23:00:00,1018.79
2025-11-30 23:10:00,1018.66
2025-11-30 23:20:00,1018.4599999999999
2025-11-30 23:30:00,1018.5
2025-11-30 23:40:00,1018.29
2025-11-30 23:50:00,1018.22
2025-12-01 00:00:00,1018.06
2025-12-01 00:10:00,1017.93
2025-12-01 00:20:00,1017.9
2025-12-01 00:30:00,1017.75
2025-12-01 00:40:00,1017.61
2025-12-01 00:50:00,1017.4
2025-12-01 01:00:00,1017.3299999999999
2025-12-01 01:10:00,1017.23
2025-12-01 01:20:00,1017.1899999999999
2025-12-01 01:30:00,1017.18
2025-12-01 01:40:00,1017.13
2025-12-01 01:50:00,1017.03
2025-12-01 02:00:00,1016.93
2025-12-01 02:10:00,1016.75
2025-12-01 02:20:00,1016.59
2025-12-01 02:30:00,1016.5799999999999
2025-12-01 02:40:00,1016.53
2025-12-01 02:50:00,1016.49
2025-12-01 03:00:00,1016.55
2025-12-01 03:10:00,1016.49
2025-12-01 03:20:00,1016.49
2025-12-01 03:30:00,1016.59
2025-12-01 03:40:00,1016.72
2025-12-01 03:50:00,1016.81
2025-12-01 04:00:00,1016.84
2025-12-01 04:10:00,1016.8299999999999
2025-12-01 04:20:00,1016.89
2025-12-01 04:30:00,1017.02
2025-12-01 04:40:00,1017.22
2025-12-01 04:50:00,1017.34
2025-12-01 05:00:00,1017.41
2025-12-01 05:10:00,1017.5
2025-12-01 05:20:00,1017.64
2025-12-01 05:30:00,1017.74
2025-12-01 05:40:00,1017.79
2025-12-01 05:50:00,1017.92
2025-12-01 06:00:00,1018.23
2025-12-01 06:10:00,1018.39
2025-12-01 06:20:00,1018.4499999999999
2025-12-01 06:30:00,1018.5699999999999
2025-12-01 06:40:00,1018.6899999999999
2025-12-01 06:50:00,1018.8199999999999
2025-12-01 07:00:00,1018.9499999999999
2025-12-01 07:10:00,1019.1
2025-12-01 07:20:00,1019.36
2025-12-01 07:30:00,1019.4
2025-12-01 07:40:00,1019.63
2025-12-01 07:50:00,1019.8
2025-12-01 08:00:00,1019.98
2025-12-01 08:10:00,1019.9599999999999
2025-12-01 08:20:00,1020.01
2025-12-01 08:30:00,1019.99
2025-12-01 08:40:00,1020.1
2025-12-01 08:50:00,1020.1
2025-12-01 09:00:00,1020.23
2025-12-01 09:10:00,1020.0699999999999
2025-12-01 09:20:00,1020
2025-12-01 09:30:00,1019.9
2025-12-01 09:40:00,1019.9499999999999
2025-12-01 09:50:00,1019.7099999999999
2025-12-01 10:00:00,1019.4599999999999
2025-12-01 10:10:00,1019.35
2025-12-01 10:20:00,1019.35
2025-12-01 10:30:00,1019.1
2025-12-01 10:40:00,1018.9499999999999
2025-12-01 10:50:00,1018.84
2025-12-01 11:00:00,1018.7099999999999
2025-12-01 11:10:00,1018.6999999999999
2025-12-01 11:20:00,1018.55
2025-12-01 11:30:00,1018.15
2025-12-01 11:40:00,1018.04
2025-12-01 11:50:00,1017.8199999999999
2025-12-01 12:00:00,1017.4499999999999
2025-12-01 12:10:00,1017.31
2025-12-01 12:20:00,1017.29
2025-12-01 12:30:00,1017.02
2025-12-01 12:40:00,1017.15
2025-12-01 12:50:00,1016.9
2025-12-01 13:00:00,1016.97
2025-12-01 13:10:00,1016.81
2025-12-01 13:20:00,1016.8299999999999
2025-12-01 13:30:00,1016.6999999999999
2025-12-01 13:40:00,1016.61
2025-12-01 13:50:00,1016.64
2025-12-01 14:00:00,1016.6
2025-12-01 14:10:00,1016.56
2025-12-01 14:20:00,1016.43
2025-12-01 14:30:00,1016.27
2025-12-01 14:40:00,1016.09
2025-12-01 14:50:00,1016.0699999999999
2025-12-01 15:00:00,1016.05
2025-12-01 15:10:00,1015.91
2025-12-01 15:20:00,1015.9399999999999
2025-12-01 15:30:00,1016.14
2025-12-01 15:40:00,1016.18
2025-12-01 15:50:00,1016.26
2025-12-01 16:00:00,1016.3299999999999
2025-12-01 16:10:00,1016.31
2025-12-01 16:20:00,1016.5699999999999
2025-12-01 16:30:00,1016.54
2025-12-01 16:40:00,1016.59
2025-12-01 16:50:00,1016.75
2025-12-01 17:00:00,1016.7099999999999
2025-12-01 17:10:00,1016.8
2025-12-01 17:20:00,1016.76
2025-12-01 17:30:00,1016.85
2025-12-01 17:40:00,1016.86
2025-12-01 17:50:00,1017
2025-12-01 18:00:00,1017.03
2025-12-01 18:10:00,1017.09
2025-12-01 18:20:00,1017.2099999999999
2025-12-01 18:30:00,1017.4599999999999
2025-12-01 18:40:00,1017.5
2025-12-01 18:50:00,1017.6999999999999
2025-12-01 19:00:00,1017.98
2025-12-01 19:10:00,1017.9399999999999
2025-12-01 19:20:00,1018.17
2025-12-01 19:30:00,1018.39
2025-12-01 19:40:00,1018.35
2025-12-01 19:50:00,1018.27
2025-12-01 20:00:00,1018.5699999999999
2025-12-01 20:10:00,1018.37
2025-12-01 20:20:00,1018.72
2025-12-01 20:30:00,1018.85
2025-12-01 20:40:00,1018.99
2025-12-01 20:50:00,1019.04
2025-12-01 21:00:00,1019.2099999999999
2025-12-01 21:10:00,1019.13
2025-12-01 21:20:00,1019.16
2025-12-01 21:30:00,1019.23
2025-12-01 21:40:00,1019.085
2025-12-01 21:50:00,1019.13
2025-12-01 22:00:00,1018.9599999999999
2025-12-01 22:10:00,1018.8199999999999
2025-12-01 22:20:00,1018.59
2025-12-01 22:30:00,1018.6
2025-12-01 22:40:00,1018.72
2025-12-01 22:50:00,1018.8199999999999
2025-12-01 23:00:00,1018.8299999999999
2025-12-01 23:10:00,1018.87
2025-12-01 23:20:00,1018.61
2025-12-01 23:30:00,1018.4499999999999
2025-12-01 23:40:00,1018.3299999999999
2025-12-01 23:50:00,1018.14
2025-12-02 00:00:00,1017.9599999999999
2025-12-02 00:10:00,1017.65
2025-12-02 00:20:00,1017.4599999999999
2025-12-02 00:30:00,1017.41
2025-12-02 00:40:00,1017.3
2025-12-02 00:50:00,1017.1999999999999
2025-12-02 01:00:00,1017.0699999999999
2025-12-02 01:10:00,1016.84
2025-12-02 01:20:00,1016.77
2025-12-02 01:30:00,1016.62
2025-12-02 01:40:00,1016.48
2025-12-02 01:50:00,1016.34
2025-12-02 02:00:00,1016.24
2025-12-02 02:10:00,1016.36
2025-12-02 02:20:00,1016.1999999999999
2025-12-02 02:30:00,1016.18
2025-12-02 02:40:00,1016.1899999999999
2025-12-02 02:50:00,1016.12
2025-12-02 03:00:00,1016.24
2025-12-02 03:10:00,1016.49
2025-12-02 03:20:00,1016.62
2025-12-02 03:30:00,1016.68
2025-12-02 03:40:00,1016.85
2025-12-02 03:50:00,1017.14
2025-12-02 04:00:00,1017.28
2025-12-02 04:10:00,1017.35
2025-12-02 04:20:00,1017.28
2025-12-02 04:30:00,1017.36
2025-12-02 04:40:00,1017.41
2025-12-02 04:50:00,1017.38
2025-12-02 05:00:00,1017.4
2025-12-02 05:10:00,1017.56
2025-12-02 05:20:00,1017.65
2025-12-02 05:30:00,1017.75
2025-12-02 05:40:00,1017.86
2025-12-02 05:50:00,1017.9499999999999
2025-12-02 06:00:00,1018.17
2025-12-02 06:10:00,1018.23
2025-12-02 06:20:00,1018.4
2025-12-02 06:30:00,1018.55
2025-12-02 06:40:00,1018.6999999999999
2025-12-02 06:50:00,1018.8299999999999
2025-12-02 07:00:00,1019.11
2025-12-02 07:10:00,1019.24
2025-12-02 07:20:00,1019.5
2025-12-02 07:30:00,1019.6999999999999
2025-12-02 07:40:00,1019.89
2025-12-02 07:50:00,1019.88
2025-12-02 08:10:00,1020.1899999999999
2025-12-02 08:20:00,1020.23
2025-12-02 08:30:00,1020.4599999999999
2025-12-02 08:40:00,1020.47
2025-12-02 08:50:00,1020.4599999999999
2025-12-02 09:00:00,1020.66
2025-12-02 09:10:00,1020.73
2025-12-02 09:20:00,1020.61
2025-12-02 09:30:00,1020.61
2025-12-02 09:40:00,1020.48
2025-12-02 09:50:00,1020.51
2025-12-02 10:00:00,1020.47
2025-12-02 10:10:00,1020.38
2025-12-02 10:20:00,1020.36
2025-12-02 10:30:00,1020.13
2025-12-02 10:40:00,1019.85
2025-12-02 10:50:00,1019.67
2025-12-02 11:00:00,1019.29
2025-12-02 11:10:00,1019.12
2025-12-02 11:20:00,1019.1999999999999
2025-12-02 11:30:00,1018.98
2025-12-02 11:40:00,1018.8199999999999
2025-12-02 11:50:00,1018.77
2025-12-02 12:00:00,1018.54
2025-12-02 12:10:00,1018.3199999999999
2025-12-02 12:20:00,1018.11
2025-12-02 12:30:00,1018.05
2025-12-02 12:40:00,1017.88
2025-12-02 12:50:00,1017.62
2025-12-02 13:00:00,1017.56
2025-12-02 13:10:00,1017.38
2025-12-02 13:20:00,1017.3
2025-12-02 13:30:00,1017.16
2025-12-02 13:40:00,1017.0799999999999
2025-12-02 13:50:00,1017
2025-12-02 14:00:00,1017.17
2025-12-02 14:10:00,1017
2025-12-02 14:20:00,1017.03
2025-12-02 14:30:00,1016.92
2025-12-02 14:40:00,1016.75
2025-12-02 14:50:00,1016.74
2025-12-02 15:00:00,1016.5699999999999
2025-12-02 15:10:00,1016.51
2025-12-02 15:20:00,1016.49
2025-12-02 15:30:00,1016.4599999999999
2025-12-02 15:40:00,1016.55
2025-12-02 15:50:00,1016.79
2025-12-02 16:00:00,1016.81
2025-12-02 16:10:00,1016.78
2025-12-02 16:20:00,1016.78
2025-12-02 16:30:00,1016.7099999999999
2025-12-02 16:40:00,1016.73
2025-12-02 16:50:00,1016.73
2025-12-02 17:00:00,1016.73
2025-12-02 17:10:00,1016.8
2025-12-02 17:20:00,1016.89
2025-12-02 17:30:00,1016.98
2025-12-02 17:40:00,1017.09
2025-12-02 17:50:00,1017.28
2025-12-02 18:00:00,1017.38
2025-12-02 18:10:00,1017.5699999999999
2025-12-02 18:20:00,1017.68
2025-12-02 18:30:00,1017.91
2025-12-02 18:40:00,1018.1999999999999
2025-12-02 18:50:00,1018.4399999999999
2025-12-02 19:00:00,1018.66
2025-12-02 19:10:00,1019.0699999999999
2025-12-02 19:20:00,1019.23
2025-12-02 19:30:00,1019.43
2025-12-02 19:40:00,1019.5
2025-12-02 19:50:00,1019.65
2025-12-02 20:00:00,1019.6999999999999
2025-12-02 20:10:00,1019.73
2025-12-02 20:20:00,1019.67
2025-12-02 20:30:00,1019.68
2025-12-02 20:40:00,1019.85
2025-12-02 20:50:00,1019.9499999999999
2025-12-02 21:00:00,1019.8299999999999
2025-12-02 21:10:00,1019.97
2025-12-02 21:20:00,1020.1
2025-12-02 21:30:00,1020.0799999999999
2025-12-02 21:40:00,1019.92
2025-12-02 21:50:00,1019.87
2025-12-02 22:00:00,1019.78
2025-12-02 22:10:00,1019.68
2025-12-02 22:20:00,1019.43
2025-12-02 22:30:00,1019.48
2025-12-02 22:40:00,1019.53
2025-12-02 22:50:00,1019.6
2025-12-02 23:00:00,1019.3299999999999
2025-12-02 23:10:00,1019.22
2025-12-02 23:20:00,1019.12
2025-12-02 23:30:00,1018.89
2025-12-02 23:40:00,1018.74
2025-12-02 23:50:00,1018.5
2025-12-03 00:00:00,1018.74
2025-12-03 00:10:00,1018.5799999999999
2025-12-03 00:20:00,1018.42
2025-12-03 00:30:00,1018.36
2025-12-03 00:40:00,1018.31
2025-12-03 00:50:00,1018.24
2025-12-03 01:00:00,1018.12
2025-12-03 01:10:00,1018.14
2025-12-03 01:20:00,1018.1899999999999
2025-12-03 01:30:00,1018.14
2025-12-03 01:40:00,1018.17
2025-12-03 01:50:00,1018.01
2025-12-03 02:00:00,1018.11
2025-12-03 02:10:00,1018.0699999999999
2025-12-03 02:20:00,1018.02
2025-12-03 02:30:00,1017.98
2025-12-03 02:40:00,1018
2025-12-03 02:50:00,1017.91
2025-12-03 03:00:00,1017.8199999999999
2025-12-03 03:10:00,1017.6899999999999
2025-12-03 03:20:00,1017.78
2025-12-03 03:30:00,1017.8
2025-12-03 03:40:00,1017.79
2025-12-03 03:50:00,1017.93
2025-12-03 04:00:00,1018.22
2025-12-03 04:10:00,1018.35
2025-12-03 04:20:00,1018.43
2025-12-03 04:30:00,1018.4399999999999
2025-12-03 04:40:00,1018.4499999999999
2025-12-03 04:50:00,1018.62
2025-12-03 05:00:00,1018.66
2025-12-03 05:10:00,1018.76
2025-12-03 05:20:00,1018.77
2025-12-03 05:30:00,1018.9
2025-12-03 05:40:00,1019.0699999999999
2025-12-03 05:50:00,1019.05
2025-12-03 06:00:00,1019.37
2025-12-03 06:10:00,1019.56
2025-12-03 06:20:00,1019.8299999999999
2025-12-03 06:30:00,1019.8299999999999
2025-12-03 06:40:00,1020.125
2025-12-03 06:50:00,1020.3199999999999
2025-12-03 07:00:00,1020.42
2025-12-03 07:10:00,1020.64
2025-12-03 07:20:00,1020.85
2025-12-03 07:30:00,1021.0799999999999
2025-12-03 07:40:00,1021.01
2025-12-03 07:50:00,1020.79
2025-12-03 08:00:00,1020.8299999999999
2025-12-03 08:10:00,1021.05
2025-12-03 08:20:00,1021.28
2025-12-03 08:30:00,1021.49
2025-12-03 08:40:00,1021.54
2025-12-03 08:50:00,1021.6333333333333
2025-12-03 09:00:00,1021.63
2025-12-03 09:10:00,1021.59
2025-12-03 09:20:00,1021.52
2025-12-03 09:30:00,1021.4599999999999
2025-12-03 09:40:00,1021.5799999999999
2025-12-03 09:50:00,1021.61
2025-12-03 10:00:00,1021.66
2025-12-03 10:10:00,1021.59
2025-12-03 10:20:00,1021.55
2025-12-03 10:30:00,1021.565
2025-12-03 10:40:00,1021.4499999999999
2025-12-03 10:50:00,1021.4
2025-12-03 11:00:00,1021.3299999999999
2025-12-03 11:10:00,1021.02
2025-12-03 11:20:00,1020.86
2025-12-03 11:30:00,1020.75
2025-12-03 11:40:00,1020.48
2025-12-03 11:50:00,1020.28
2025-12-03 12:00:00,1020.17
2025-12-03 12:10:00,1019.9499999999999
2025-12-03 12:20:00,1019.87
2025-12-03 12:30:00,1019.8
2025-12-03 12:40:00,1019.67
2025-12-03 12:50:00,1019.5799999999999
2025-12-03 13:00:00,1019.38
2025-12-03 13:10:00,1019.24
2025-12-03 13:20:00,1019.13
2025-12-03 13:30:00,1019
2025-12-03 13:40:00,1018.77
2025-12-03 13:50:00,1018.64
2025-12-03 14:00:00,1018.4499999999999
2025-12-03 14:10:00,1018.2099999999999
2025-12-03 14:20:00,1018.0799999999999
2025-12-03 14:30:00,1018.14
2025-12-03 14:40:00,1018.04
2025-12-03 14:50:00,1018.0799999999999
2025-12-03 15:00:00,1018
2025-12-03 15:10:00,1018.01
2025-12-03 15:20:00,1017.98
2025-12-03 15:30:00,1018.09
2025-12-03 15:40:00,1018.0699999999999
2025-12-03 15:50:00,1018.24
2025-12-03 16:00:00,1018.24
2025-12-03 16:10:00,1018.4399999999999
2025-12-03 16:20:00,1018.53
2025-12-03 16:30:00,1018.65
2025-12-03 16:40:00,1018.75
2025-12-03 16:50:00,1018.84
2025-12-03 17:00:00,1018.9499999999999
2025-12-03 17:10:00,1018.91
2025-12-03 17:20:00,1018.9599999999999
2025-12-03 17:30:00,1019.01
2025-12-03 17:40:00,1019.11
2025-12-03 17:50:00,1019.24
2025-12-03 18:00:00,1019.39
2025-12-03 18:10:00,1019.47
2025-12-03 18:20:00,1019.63
2025-12-03 18:30:00,1019.81
2025-12-03 18:40:00,1019.9499999999999
2025-12-03 18:50:00,1020.04
2025-12-03 19:00:00,1020.14
2025-12-03 19:10:00,1020.29
2025-12-03 19:20:00,1020.4
2025-12-03 19:30:00,1020.49
2025-12-03 19:40:00,1020.61
2025-12-03 19:50:00,1020.73
2025-12-03 20:00:00,1020.81
2025-12-03 20:10:00,1020.88
2025-12-03 20:20:00,1020.87
2025-12-03 20:30:00,1021.01
2025-12-03 20:40:00,1021.09
2025-12-03 20:50:00,1021.0799999999999
2025-12-03 21:00:00,1020.98
2025-12-03 21:10:00,1021.04
2025-12-03 21:20:00,1020.98
2025-12-03 21:30:00,1020.84
2025-12-03 21:40:00,1020.6899999999999
2025-12-03 21:50:00,1020.77
2025-12-03 22:00:00,1020.64
2025-12-03 22:10:00,1020.5799999999999
2025-12-03 22:20:00,1020.4399999999999
2025-12-03 22:30:00,1020.41
2025-12-03 22:40:00,1020.3199999999999
2025-12-03 22:50:00,1020.39
2025-12-03 23:00:00,1020.3199999999999
2025-12-03 23:10:00,1020.31
2025-12-03 23:20:00,1020.11
2025-12-03 23:30:00,1020.0799999999999
2025-12-03 23:40:00,1019.9599999999999
2025-12-03 23:50:00,1019.88
2025-12-04 00:00:00,1020
2025-12-04 00:10:00,1019.98
2025-12-04 00:20:00,1019.88
2025-12-04 00:30:00,1019.8
2025-12-04 00:40:00,1019.68
2025-12-04 00:50:00,1019.66
2025-12-04 01:00:00,1019.53
2025-12-04 01:10:00,1019.42
2025-12-04 01:20:00,1019.3299999999999
2025-12-04 01:30:00,1019.31
2025-12-04 01:40:00,1019.24
2025-12-04 01:50:00,1019.26
2025-12-04 02:00:00,1019.1999999999999
2025-12-04 02:10:00,1019.09
2025-12-04 02:20:00,1019.02
2025-12-04 02:30:00,1019.02
2025-12-04 02:40:00,1019.0699999999999
2025-12-04 02:50:00,1019.0799999999999
2025-12-04 03:00:00,1019.12
2025-12-04 03:10:00,1019.11
2025-12-04 03:20:00,1019.14
2025-12-04 03:30:00,1019.18
2025-12-04 03:40:00,1019.28
2025-12-04 03:50:00,1019.36
2025-12-04 04:00:00,1019.47
2025-12-04 04:10:00,1019.53
2025-12-04 04:20:00,1019.5699999999999
2025-12-04 04:30:00,1019.6
2025-12-04 04:40:00,1019.5799999999999
2025-12-04 04:50:00,1019.67
2025-12-04 05:00:00,1019.73
2025-12-04 05:10:00,1019.81
2025-12-04 05:20:00,1019.9
2025-12-04 05:30:00,1019.87
2025-12-04 05:40:00,1019.9499999999999
2025-12-04 05:50:00,1020.16
2025-12-04 06:00:00,1020.35
2025-12-04 06:10:00,1020.53
2025-12-04 06:20:00,1020.66
2025-12-04 06:30:00,1020.8299999999999
2025-12-04 06:40:00,1021
2025-12-04 06:50:00,1021.28
2025-12-04 07:00:00,1021.36
2025-12-04 07:10:00,1021.59
2025-12-04 07:20:00,1021.76
2025-12-04 07:30:00,1021.78
2025-12-04 07:40:00,1021.8199999999999
2025-12-04 07:50:00,1021.88
2025-12-04 08:10:00,1022.05
2025-12-04 08:20:00,1022.13
2025-12-04 08:30:00,1022.1
2025-12-04 08:40:00,1022.12
2025-12-04 08:50:00,1022.13
2025-12-04 09:00:00,1022.09
2025-12-04 09:10:00,1022.0799999999999
2025-12-04 09:20:00,1022.02
2025-12-04 09:30:00,1021.89
2025-12-04 09:40:00,1021.77
2025-12-04 09:50:00,1021.8299999999999
2025-12-04 10:00:00,1021.75
2025-12-04 10:10:00,1021.6899999999999
2025-12-04 10:20:00,1021.51
2025-12-04 10:30:00,1021.35
2025-12-04 10:40:00,1021.09
2025-12-04 10:50:00,1020.91
2025-12-04 11:00:00,1020.6999999999999
2025-12-04 11:10:00,1020.52
2025-12-04 11:20:00,1020.37
2025-12-04 11:30:00,1020.22
2025-12-04 11:40:00,1020.0699999999999
2025-12-04 11:50:00,1019.86
2025-12-04 12:00:00,1019.6999999999999
2025-12-04 12:10:00,1019.5699999999999
2025-12-04 12:20:00,1019.38
2025-12-04 12:30:00,1019.1899999999999
2025-12-04 12:40:00,1019.05
2025-12-04 12:50:00,1018.87
2025-12-04 13:00:00,1018.67
2025-12-04 13:10:00,1018.47
2025-12-04 13:20:00,1018.36
2025-12-04 13:30:00,1018.18
2025-12-04 13:40:00,1018.06
2025-12-04 13:50:00,1017.91
2025-12-04 14:00:00,1017.91
2025-12-04 14:10:00,1017.73
2025-12-04 14:20:00,1017.74
2025-12-04 14:30:00,1017.76
2025-12-04 14:40:00,1017.5799999999999
2025-12-04 14:50:00,1017.6
2025-12-04 15:00:00,1017.52
2025-12-04 15:10:00,1017.52
2025-12-04 15:20:00,1017.53
2025-12-04 15:30:00,1017.63
2025-12-04 15:40:00,1017.68
2025-12-04 15:50:00,1017.6899999999999
2025-12-04 16:00:00,1017.6899999999999
2025-12-04 16:10:00,1017.6999999999999
2025-12-04 16:20:00,1017.72
2025-12-04 16:30:00,1017.79
2025-12-04 16:40:00,1017.8199999999999
2025-12-04 16:50:00,1017.9399999999999
2025-12-04 17:00:00,1018.02
2025-12-04 17:10:00,1018.01
2025-12-04 17:20:00,1018.11
2025-12-04 17:30:00,1018.13
2025-12-04 17:40:00,1018.3299999999999
2025-12-04 17:50:00,1018.41
2025-12-04 18:00:00,1018.4499999999999
2025-12-04 18:10:00,1018.6
2025-12-04 18:20:00,1018.7099999999999
2025-12-04 18:30:00,1018.85
2025-12-04 18:40:00,1019.04
2025-12-04 18:50:00,1019.1999999999999
2025-12-04 19:00:00,1019.26
2025-12-04 19:10:00,1019.4
2025-12-04 19:20:00,1019.53
2025-12-04 19:30:00,1019.65
2025-12-04 19:40:00,1019.8299999999999
2025-12-04 19:50:00,1019.9399999999999
2025-12-04 20:00:00,1020
2025-12-04 20:10:00,1020.18
2025-12-04 20:20:00,1020.26
2025-12-04 20:30:00,1020.3299999999999
2025-12-04 20:40:00,1020.41
2025-12-04 20:50:00,1020.41
2025-12-04 21:00:00,1020.4399999999999
2025-12-04 21:10:00,1020.52
2025-12-04 21:20:00,1020.52
2025-12-04 21:30:00,1020.5699999999999
2025-12-04 21:40:00,1020.55
2025-12-04 21:50:00,1020.5699999999999
2025-12-04 22:00:00,1020.61
2025-12-04 22:10:00,1020.55
2025-12-04 22:20:00,1020.43
2025-12-04 22:30:00,1020.38
2025-12-04 22:40:00,1020.34
2025-12-04 22:50:00,1020.27
2025-12-04 23:00:00,1020.26
2025-12-04 23:10:00,1020.27
2025-12-04 23:20:00,1020.25
2025-12-04 23:30:00,1020.25
2025-12-04 23:40:00,1020.1999999999999
2025-12-04 23:50:00,1020.15
2025-12-05 00:00:00,1020.14
2025-12-05 00:10:00,1020.05
2025-12-05 00:20:00,1019.97
2025-12-05 00:30:00,1019.72
2025-12-05 00:40:00,1019.63
2025-12-05 00:50:00,1019.53
2025-12-05 01:00:00,1019.4599999999999
2025-12-05 01:10:00,1019.3199999999999
2025-12-05 01:20:00,1019.14
2025-12-05 01:30:00,1019.01
2025-12-05 01:40:00,1018.9499999999999
2025-12-05 01:50:00,1018.81
2025-12-05 02:00:00,1018.75
2025-12-05 02:10:00,1018.74
2025-12-05 02:20:00,1018.84
2025-12-05 02:30:00,1018.85
2025-12-05 02:40:00,1018.86
2025-12-05 02:50:00,1018.8199999999999
2025-12-05 03:00:00,1018.78
2025-12-05 03:10:00,1018.87
2025-12-05 03:20:00,1018.89
2025-12-05 03:30:00,1018.99
2025-12-05 03:40:00,1019.04
2025-12-05 03:50:00,1019.04
2025-12-05 04:00:00,1019.03
2025-12-05 04:10:00,1019.02
2025-12-05 04:20:00,1019.16
2025-12-05 04:30:00,1019.16
2025-12-05 04:40:00,1019.26
2025-12-05 04:50:00,1019.22
2025-12-05 05:00:00,1019.31
2025-12-05 05:10:00,1019.25
2025-12-05 05:20:00,1019.4599999999999
2025-12-05 05:30:00,1019.37
2025-12-05 05:40:00,1019.41
2025-12-05 05:50:00,1019.5
2025-12-05 06:00:00,1019.5799999999999
2025-12-05 06:10:00,1019.72
2025-12-05 06:20:00,1019.88
2025-12-05 06:30:00,1020.02
2025-12-05 06:40:00,1020.1
2025-12-05 06:50:00,1020.14
2025-12-05 07:00:00,1020.27
2025-12-05 07:10:00,1020.37
2025-12-05 07:20:00,1020.43
2025-12-05 07:30:00,1020.51
2025-12-05 07:40:00,1020.53
2025-12-05 07:50:00,1020.52
2025-12-05 08:00:00,1020.67
2025-12-05 08:10:00,1020.84
2025-12-05 08:20:00,1020.99
2025-12-05 08:30:00,1020.89
2025-12-05 08:40:00,1020.86
2025-12-05 08:50:00,1020.75
2025-12-05 09:00:00,1020.77
2025-12-05 09:10:00,1020.9
2025-12-05 09:20:00,1020.9
2025-12-05 09:30:00,1020.77
2025-12-05 09:40:00,1020.76
2025-12-05 09:50:00,1020.66
2025-12-05 10:00:00,1020.5699999999999
2025-12-05 10:10:00,1020.48
2025-12-05 10:20:00,1020.41
2025-12-05 10:30:00,1020.3299999999999
2025-12-05 10:40:00,1020.24
2025-12-05 10:50:00,1020.05
2025-12-05 11:00:00,1019.89
2025-12-05 11:10:00,1019.8199999999999
2025-12-05 11:20:00,1019.6999999999999
2025-12-05 11:30:00,1019.48
2025-12-05 11:40:00,1019.3199999999999
2025-12-05 11:50:00,1019.22
2025-12-05 12:00:00,1019.11
2025-12-05 12:10:00,1019.04
2025-12-05 12:20:00,1018.85
2025-12-05 12:30:00,1018.68
2025-12-05 12:40:00,1018.51
2025-12-05 12:50:00,1018.3199999999999
2025-12-05 13:00:00,1018.24
2025-12-05 13:10:00,1017.9499999999999
2025-12-05 13:20:00,1017.88
2025-12-05 13:30:00,1017.76
2025-12-05 13:40:00,1017.65
2025-12-05 13:50:00,1017.51
2025-12-05 14:00:00,1017.4
2025-12-05 14:10:00,1017.34
2025-12-05 14:20:00,1017.29
2025-12-05 14:30:00,1017.22
2025-12-05 14:40:00,1017.3
2025-12-05 14:50:00,1017.23
2025-12-05 15:00:00,1017.1899999999999
2025-12-05 15:10:00,1017.1899999999999
2025-12-05 15:20:00,1017.12
2025-12-05 15:30:00,1017.0799999999999
2025-12-05 15:40:00,1017.11
2025-12-05 15:50:00,1017.12
2025-12-05 16:00:00,1017.1
2025-12-05 16:10:00,1017.04
2025-12-05 16:20:00,1017.15
2025-12-05 16:30:00,1017.1999999999999
2025-12-05 16:40:00,1017.2099999999999
2025-12-05 16:50:00,1017.35
2025-12-05 17:00:00,1017.41
2025-12-05 17:10:00,1017.43
2025-12-05 17:20:00,1017.41
2025-12-05 17:30:00,1017.51
2025-12-05 17:40:00,1017.66
2025-12-05 17:50:00,1017.68
2025-12-05 18:00:00,1017.7099999999999
2025-12-05 18:10:00,1017.76
2025-12-05 18:20:00,1017.9399999999999
2025-12-05 18:30:00,1018
2025-12-05 18:40:00,1018.16
2025-12-05 18:50:00,1018.27
2025-12-05 19:00:00,1018.3299999999999
2025-12-05 19:10:00,1018.4499999999999
2025-12-05 19:20:00,1018.56
2025-12-05 19:30:00,1018.8299999999999
2025-12-05 19:40:00,1018.9599999999999
2025-12-05 19:50:00,1019
2025-12-05 20:00:00,1019.17
2025-12-05 20:10:00,1019.25
2025-12-05 20:20:00,1019.28
2025-12-05 20:30:00,1019.3299999999999
2025-12-05 20:40:00,1019.48
2025-12-05 20:50:00,1019.4
2025-12-05 21:00:00,1019.34
2025-12-05 21:10:00,1019.4
2025-12-05 21:20:00,1019.53
2025-12-05 21:30:00,1019.66
2025-12-05 21:40:00,1019.72
2025-12-05 21:50:00,1019.63
2025-12-05 22:00:00,1019.49
2025-12-05 22:10:00,1019.48
2025-12-05 22:20:00,1019.54
2025-12-05 22:30:00,1019.48
2025-12-05 22:40:00,1019.38
2025-12-05 22:50:00,1019.28
2025-12-05 23:00:00,1019.11
2025-12-05 23:10:00,1019.0799999999999
2025-12-05 23:20:00,1019.02
2025-12-05 23:30:00,1018.97
2025-12-05 23:40:00,1018.8299999999999
2025-12-05 23:50:00,1018.74
2025-12-06 00:00:00,1018.6899999999999
2025-12-06 00:10:00,1018.59
2025-12-06 00:20:00,1018.38
2025-12-06 00:30:00,1018.1899999999999
2025-12-06 00:40:00,1018.04
2025-12-06 00:50:00,1017.88
2025-12-06 01:00:00,1017.63
2025-12-06 01:10:00,1017.53
2025-12-06 01:20:00,1017.27
2025-12-06 01:30:00,1017.09
2025-12-06 01:40:00,1017.04
2025-12-06 01:50:00,1016.9599999999999
2025-12-06 02:00:00,1016.8
2025-12-06 02:10:00,1016.8299999999999
2025-12-06 02:20:00,1016.67
2025-12-06 02:30:00,1016.6
2025-12-06 02:40:00,1016.52
2025-12-06 02:50:00,1016.5
2025-12-06 03:00:00,1016.4599999999999
2025-12-06 03:10:00,1016.56
2025-12-06 03:20:00,1016.54
2025-12-06 03:30:00,1016.56
2025-12-06 03:40:00,1016.59
2025-12-06 03:50:00,1016.56
2025-12-06 04:00:00,1016.66
2025-12-06 04:10:00,1016.92
2025-12-06 04:20:00,1017.09
2025-12-06 04:30:00,1017.14
2025-12-06 04:40:00,1017.2099999999999
2025-12-06 04:50:00,1017.3199999999999
2025-12-06 05:00:00,1017.64
2025-12-06 05:10:00,1017.66
2025-12-06 05:20:00,1017.74
2025-12-06 05:30:00,1017.92
2025-12-06 05:40:00,1018.15
2025-12-06 05:50:00,1018.3299999999999
2025-12-06 06:00:00,1018.36
2025-12-06 06:10:00,1018.49
2025-12-06 06:20:00,1018.61
2025-12-06 06:30:00,1018.6999999999999
2025-12-06 06:40:00,1018.8
2025-12-06 06:50:00,1018.9
2025-12-06 07:00:00,1019.04
2025-12-06 07:10:00,1019.1999999999999
2025-12-06 07:20:00,1019.31
2025-12-06 07:30:00,1019.52
2025-12-06 07:40:00,1019.66
2025-12-06 07:50:00,1019.74
2025-12-06 08:10:00,1019.9499999999999
2025-12-06 08:20:00,1020.06
2025-12-06 08:30:00,1020.11
2025-12-06 08:40:00,1020.0799999999999
2025-12-06 08:50:00,1020.12
2025-12-06 09:00:00,1020.15
2025-12-06 09:10:00,1020.13
2025-12-06 09:20:00,1020.1
2025-12-06 09:30:00,1020.01
2025-12-06 09:40:00,1019.92
2025-12-06 09:50:00,1019.7099999999999
2025-12-06 10:00:00,1019.6
2025-12-06 10:10:00,1019.4399999999999
2025-12-06 10:20:00,1019.25
2025-12-06 10:30:00,1019.18
2025-12-06 10:40:00,1019.05
2025-12-06 10:50:00,1018.97
2025-12-06 11:00:00,1018.8
2025-12-06 11:10:00,1018.68
2025-12-06 11:20:00,1018.5799999999999
2025-12-06 11:30:00,1018.4499999999999
2025-12-06 11:40:00,1018.3299999999999
2025-12-06 11:50:00,1018.18
2025-12-06 12:00:00,1017.9399999999999
2025-12-06 12:10:00,1017.88
2025-12-06 12:20:00,1017.77
2025-12-06 12:30:00,1017.51
2025-12-06 12:40:00,1017.37
2025-12-06 12:50:00,1017.26
2025-12-06 13:00:00,1017.09
2025-12-06 13:10:00,1016.98
2025-12-06 13:20:00,1016.9
2025-12-06 13:30:00,1016.77
2025-12-06 13:40:00,1016.63
2025-12-06 13:50:00,1016.41
2025-12-06 14:00:00,1016.31
2025-12-06 14:10:00,1016.17
2025-12-06 14:20:00,1016.06
2025-12-06 14:30:00,1016
2025-12-06 14:40:00,1016.03
2025-12-06 14:50:00,1016.09
2025-12-06 15:00:00,1016.13
2025-12-06 15:10:00,1016.16
2025-12-06 15:20:00,1016.0699999999999
2025-12-06 15:30:00,1016.0699999999999
2025-12-06 15:40:00,1016.12
2025-12-06 15:50:00,1016.11
2025-12-06 16:00:00,1016.17
2025-12-06 16:10:00,1016.36
2025-12-06 16:20:00,1016.41
2025-12-06 16:30:00,1016.53
2025-12-06 16:40:00,1016.5699999999999
2025-12-06 16:50:00,1016.52
2025-12-06 17:00:00,1016.65
2025-12-06 17:10:00,1016.7099999999999
2025-12-06 17:20:00,1016.73
2025-12-06 17:30:00,1016.66
2025-12-06 17:40:00,1016.62
2025-12-06 17:50:00,1016.68
2025-12-06 18:00:00,1016.79
2025-12-06 18:10:00,1016.85
2025-12-06 18:20:00,1016.9
2025-12-06 18:30:00,1016.97
2025-12-06 18:40:00,1017.05
2025-12-06 18:50:00,1017.3
2025-12-06 19:00:00,1017.52
2025-12-06 19:10:00,1017.64
2025-12-06 19:20:00,1017.86
2025-12-06 19:30:00,1018.03
2025-12-06 19:40:00,1018.22
2025-12-06 19:50:00,1018.39
2025-12-06 20:00:00,1018.49
2025-12-06 20:10:00,1018.59
2025-12-06 20:20:00,1018.5799999999999
2025-12-06 20:30:00,1018.62
2025-12-06 20:40:00,1018.77
2025-12-06 20:50:00,1018.76
2025-12-06 21:00:00,1018.7099999999999
2025-12-06 21:10:00,1018.6999999999999
2025-12-06 21:20:00,1018.66
2025-12-06 21:30:00,1018.75
2025-12-06 21:40:00,1018.8299999999999
2025-12-06 21:50:00,1018.76
2025-12-06 22:00:00,1018.8
2025-12-06 22:10:00,1018.65
2025-12-06 22:20:00,1018.64
2025-12-06 22:30:00,1018.6999999999999
2025-12-06 22:40:00,1018.6899999999999
2025-12-06 22:50:00,1018.62
2025-12-06 23:00:00,1018.81
2025-12-06 23:10:00,1018.7099999999999
2025-12-06 23:20:00,1018.65
2025-12-06 23:30:00,1018.63
2025-12-06 23:40:00,1018.56
2025-12-06 23:50:00,1018.4399999999999
2025-12-07 00:00:00,1018.36
2025-12-07 00:10:00,1018.26
2025-12-07 00:20:00,1018.13
2025-12-07 00:30:00,1018.12
2025-12-07 00:40:00,1017.93
2025-12-07 00:50:00,1017.92
2025-12-07 01:00:00,1017.8199999999999
2025-12-07 01:10:00,1017.66
2025-12-07 01:20:00,1017.42
2025-12-07 01:30:00,1017.3
2025-12-07 01:40:00,1017.28
2025-12-07 01:50:00,1017.26
2025-12-07 02:00:00,1017.14
2025-12-07 02:10:00,1017
2025-12-07 02:20:00,1016.9599999999999
2025-12-07 02:30:00,1016.89
2025-12-07 02:40:00,1016.8299999999999
2025-12-07 02:50:00,1016.67
2025-12-07 03:00:00,1016.79
2025-12-07 03:10:00,1016.92
2025-12-07 03:20:00,1016.9499999999999
2025-12-07 03:30:00,1016.91
2025-12-07 03:40:00,1017.16
2025-12-07 03:50:00,1017.24
2025-12-07 04:00:00,1017.34
2025-12-07 04:10:00,1017.5
2025-12-07 04:20:00,1017.52
2025-12-07 04:30:00,1017.5799999999999
2025-12-07 04:40:00,1017.62
2025-12-07 04:50:00,1017.56
2025-12-07 05:00:00,1017.67
2025-12-07 05:10:00,1017.88
2025-12-07 05:20:00,1017.9399999999999
2025-12-07 05:30:00,1018.14
2025-12-07 05:40:00,1018.31
2025-12-07 05:50:00,1018.41
2025-12-07 06:00:00,1018.5799999999999
2025-12-07 06:10:00,1018.66
2025-12-07 06:20:00,1018.66
2025-12-07 06:30:00,1018.79
2025-12-07 06:40:00,1018.9499999999999
2025-12-07 06:50:00,1019.03
2025-12-07 07:00:00,1019.13
2025-12-07 07:10:00,1019.23
2025-12-07 07:20:00,1019.41
2025-12-07 07:30:00,1019.48
2025-12-07 07:40:00,1019.48
2025-12-07 07:50:00,1019.59
2025-12-07 08:00:00,1019.7099999999999
2025-12-07 08:10:00,1019.9
2025-12-07 08:20:00,1019.92
2025-12-07 08:30:00,1019.99
2025-12-07 08:40:00,1019.9599999999999
2025-12-07 08:50:00,1019.99
2025-12-07 09:00:00,1020.04
2025-12-07 09:10:00,1020.05
2025-12-07 09:20:00,1020.0799999999999
2025-12-07 09:30:00,1019.9399999999999
2025-12-07 09:40:00,1019.91
2025-12-07 09:50:00,1019.9499999999999
2025-12-07 10:00:00,1019.88
2025-12-07 10:10:00,1019.84
2025-12-07 10:20:00,1019.74
2025-12-07 10:30:00,1019.63
2025-12-07 10:40:00,1019.41
2025-12-07 10:50:00,1019.35
2025-12-07 11:00:00,1019.2099999999999
2025-12-07 11:10:00,1019.13
2025-12-07 11:20:00,1018.9
2025-12-07 11:30:00,1018.78
2025-12-07 11:40:00,1018.61
2025-12-07 11:50:00,1018.36
2025-12-07 12:00:00,1018.2099999999999
2025-12-07 12:10:00,1018.14
2025-12-07 12:20:00,1018.13
2025-12-07 12:30:00,1017.92
2025-12-07 12:40:00,1017.74
2025-12-07 12:50:00,1017.56
2025-12-07 13:00:00,1017.4399999999999
2025-12-07 13:10:00,1017.28
2025-12-07 13:20:00,1017.16
2025-12-07 13:30:00,1017.03
2025-12-07 13:40:00,1016.84
2025-12-07 13:50:00,1016.81
2025-12-07 14:00:00,1016.81
2025-12-07 14:10:00,1016.8299999999999
2025-12-07 14:20:00,1016.79
2025-12-07 14:30:00,1016.72
2025-12-07 14:40:00,1016.62
2025-12-07 14:50:00,1016.68
2025-12-07 15:00:00,1016.63
2025-12-07 15:10:00,1016.55
2025-12-07 15:20:00,1016.59
2025-12-07 15:30:00,1016.55
2025-12-07 15:40:00,1016.5799999999999
2025-12-07 15:50:00,1016.63
2025-12-07 16:00:00,1016.6999999999999
2025-12-07 16:10:00,1016.68
2025-12-07 16:20:00,1016.7099999999999
2025-12-07 16:30:00,1016.81
2025-12-07 16:40:00,1016.9399999999999
2025-12-07 16:50:00,1016.98
2025-12-07 17:00:00,1017.0699999999999
2025-12-07 17:10:00,1017.1899999999999
2025-12-07 17:20:00,1017.3199999999999
2025-12-07 17:30:00,1017.47
2025-12-07 17:40:00,1017.47
2025-12-07 17:50:00,1017.49
2025-12-07 18:00:00,1017.5
2025-12-07 18:10:00,1017.74
2025-12-07 18:20:00,1017.9
2025-12-07 18:30:00,1018.0799999999999
2025-12-07 18:40:00,1018.24
2025-12-07 18:50:00,1018.36
2025-12-07 19:00:00,1018.54
2025-12-07 19:10:00,1018.68
2025-12-07 19:20:00,1018.75
2025-12-07 19:30:00,1018.9499999999999
2025-12-07 19:40:00,1018.99
2025-12-07 19:50:00,1018.97
2025-12-07 20:00:00,1018.9399999999999
2025-12-07 20:10:00,1019.1
2025-12-07 20:20:00,1019.04
2025-12-07 20:30:00,1019.1
2025-12-07 20:40:00,1019.15
2025-12-07 20:50:00,1019.0699999999999
2025-12-07 21:00:00,1019.09
2025-12-07 21:10:00,1019.15
2025-12-07 21:20:00,1019.18
2025-12-07 21:30:00,1019.12
2025-12-07 21:40:00,1018.98
2025-12-07 21:50:00,1018.8199999999999
2025-12-07 22:00:00,1018.87
2025-12-07 22:10:00,1018.98
2025-12-07 22:20:00,1019.01
2025-12-07 22:30:00,1018.9
2025-12-07 22:40:00,1018.76
2025-12-07 22:50:00,1018.63
2025-12-07 23:00:00,1018.48
2025-12-07 23:10:00,1018.4599999999999
2025-12-07 23:20:00,1018.47
2025-12-07 23:30:00,1018.3199999999999
2025-12-07 23:40:00,1018.41
2025-12-07 23:50:00,1018.41
2025-12-08 00:00:00,1018.3299999999999
2025-12-08 00:10:00,1018.25
2025-12-08 00:20:00,1018.16
2025-12-08 00:30:00,1017.9399999999999
2025-12-08 00:40:00,1017.98
2025-12-08 00:50:00,1017.8299999999999
2025-12-08 01:00:00,1017.6999999999999
2025-12-08 01:10:00,1017.53
2025-12-08 01:20:00,1017.43
2025-12-08 01:30:00,1017.34
2025-12-08 01:40:00,1017.31
2025-12-08 01:50:00,1017.13
2025-12-08 02:00:00,1017.06
2025-12-08 02:10:00,1017.1
2025-12-08 02:20:00,1017.0699999999999
2025-12-08 02:30:00,1017.03
2025-12-08 02:40:00,1017.06
2025-12-08 02:50:00,1017.15
2025-12-08 03:00:00,1017.23
2025-12-08 03:10:00,1017.17
2025-12-08 03:20:00,1017.15
2025-12-08 03:30:00,1017.35
2025-12-08 03:40:00,1017.47
2025-12-08 03:50:00,1017.4599999999999
2025-12-08 04:00:00,1017.4399999999999
2025-12-08 04:10:00,1017.53
2025-12-08 04:20:00,1017.54
2025-12-08 04:30:00,1017.59
2025-12-08 04:40:00,1017.6899999999999
2025-12-08 04:50:00,1017.74
2025-12-08 05:00:00,1017.8
2025-12-08 05:10:00,1017.9
2025-12-08 05:20:00,1017.91
2025-12-08 06:10:00,1018.43
2025-12-08 06:20:00,1018.53
2025-12-08 06:30:00,1018.67
2025-12-08 06:40:00,1018.78
2025-12-08 06:50:00,1018.8299999999999
2025-12-08 07:00:00,1018.98
2025-12-08 07:10:00,1018.99
2025-12-08 07:20:00,1019.13
2025-12-08 07:30:00,1019.2099999999999
2025-12-08 07:40:00,1019.26
2025-12-08 07:50:00,1019.31
2025-12-08 08:00:00,1019.49
2025-12-08 08:10:00,1019.5699999999999
2025-12-08 08:20:00,1019.64
2025-12-08 08:30:00,1019.65
2025-12-08 08:40:00,1019.72
2025-12-08 08:50:00,1019.63
2025-12-08 09:00:00,1019.68
2025-12-08 09:10:00,1019.6899999999999
2025-12-08 09:20:00,1019.63
2025-12-08 09:30:00,1019.6
2025-12-08 09:40:00,1019.54
2025-12-08 09:50:00,1019.53
2025-12-08 10:00:00,1019.51
2025-12-08 10:10:00,1019.42
2025-12-08 10:20:00,1019.31
2025-12-08 10:30:00,1019.13
2025-12-08 10:40:00,1019.09
2025-12-08 10:50:00,1018.98
2025-12-08 11:00:00,1018.9599999999999
2025-12-08 11:10:00,1018.97
2025-12-08 11:20:00,1018.92
2025-12-08 11:30:00,1018.91
2025-12-08 11:40:00,1018.92
2025-12-08 11:50:00,1018.87
2025-12-08 12:00:00,1018.68
2025-12-08 12:10:00,1018.5
2025-12-08 12:20:00,1018.34
2025-12-08 12:30:00,1018.2099999999999
2025-12-08 12:40:00,1018.11
2025-12-08 12:50:00,1018
2025-12-08 13:00:00,1017.86
2025-12-08 13:10:00,1017.6999999999999
2025-12-08 13:20:00,1017.4599999999999
2025-12-08 13:30:00,1017.3199999999999
2025-12-08 13:40:00,1017.28
2025-12-08 13:50:00,1017
2025-12-08 14:00:00,1017.02
2025-12-08 14:10:00,1016.87
2025-12-08 14:20:00,1016.85
2025-12-08 14:30:00,1016.77
2025-12-08 14:40:00,1016.8299999999999
2025-12-08 14:50:00,1016.99
2025-12-08 15:00:00,1016.84
2025-12-08 15:10:00,1016.84
2025-12-08 15:20:00,1016.86
2025-12-08 15:30:00,1016.9499999999999
2025-12-08 15:40:00,1016.91
2025-12-08 15:50:00,1016.9499999999999
2025-12-08 16:00:00,1016.9599999999999
2025-12-08 16:10:00,1017.01
2025-12-08 16:20:00,1017.06
2025-12-08 16:30:00,1017.17
2025-12-08 16:40:00,1017.1
2025-12-08 16:50:00,1017.03
2025-12-08 17:00:00,1017.2099999999999
2025-12-08 17:10:00,1017.29
2025-12-08 17:20:00,1017.37
2025-12-08 17:30:00,1017.4499999999999
2025-12-08 17:40:00,1017.56
2025-12-08 17:50:00,1017.5699999999999
2025-12-08 18:00:00,1017.67
2025-12-08 18:10:00,1017.84
2025-12-08 18:20:00,1017.93
2025-12-08 18:30:00,1018
2025-12-08 18:40:00,1018.04
2025-12-08 18:50:00,1018.4596153846154
2025-12-08 19:00:00,1018.5011764705882
2025-12-08 19:10:00,1018.5816666666666
2025-12-08 19:20:00,1018.59
2025-12-08 19:30:00,1018.6999999999999
2025-12-08 19:40:00,1018.75
2025-12-08 19:50:00,1018.77
2025-12-08 20:00:00,1018.9599999999999
2025-12-08 20:10:00,1018.86
2025-12-08 20:20:00,1018.8299999999999
2025-12-08 20:30:00,1018.89
2025-12-08 20:40:00,1018.85
2025-12-08 20:50:00,1019.01
2025-12-08 21:00:00,1018.98
2025-12-08 21:10:00,1019.0799999999999
2025-12-08 21:20:00,1019.01
2025-12-08 21:30:00,1019.02
2025-12-08 21:40:00,1019.05
2025-12-08 21:50:00,1018.99
2025-12-08 22:00:00,1018.88
2025-12-08 22:10:00,1018.73
2025-12-08 22:20:00,1018.5
2025-12-08 22:30:00,1018.5
2025-12-08 22:40:00,1018.4399999999999
2025-12-08 22:50:00,1018.36
2025-12-08 23:00:00,1018.36
2025-12-08 23:10:00,1018.34
2025-12-08 23:20:00,1018.28
2025-12-08 23:30:00,1018.18
2025-12-08 23:40:00,1018.09
2025-12-08 23:50:00,1018.02
2025-12-09 00:00:00,1017.79
2025-12-09 00:10:00,1017.62
2025-12-09 00:20:00,1017.35
2025-12-09 00:30:00,1017.23
2025-12-09 00:40:00,1017.14
2025-12-09 00:50:00,1017.1
2025-12-09 01:00:00,1017.01
2025-12-09 01:10:00,1016.77
2025-12-09 01:20:00,1016.74
2025-12-09 01:30:00,1016.72
2025-12-09 01:40:00,1016.88
2025-12-09 01:50:00,1016.89
2025-12-09 02:00:00,1016.9
2025-12-09 02:10:00,1016.93
2025-12-09 02:20:00,1017.0699999999999
2025-12-09 02:30:00,1017.0699999999999
2025-12-09 02:40:00,1017.11
2025-12-09 02:50:00,1017.06
2025-12-09 03:00:00,1017.17
2025-12-09 03:10:00,1017.2099999999999
2025-12-09 03:20:00,1017.31
2025-12-09 03:30:00,1017.41
2025-12-09 03:40:00,1017.49
2025-12-09 03:50:00,1017.53
2025-12-09 04:00:00,1017.59
2025-12-09 04:10:00,1017.64
2025-12-09 04:20:00,1017.8149999999999
2025-12-09 04:30:00,1017.89
2025-12-09 04:40:00,1017.98
2025-12-09 04:50:00,1018.01
2025-12-09 05:00:00,1018.0799999999999
2025-12-09 05:10:00,1018.41
2025-12-09 05:20:00,1018.47
2025-12-09 05:30:00,1018.53
2025-12-09 05:40:00,1018.53
2025-12-09 05:50:00,1018.65
2025-12-09 06:00:00,1018.74
2025-12-09 06:10:00,1018.75
2025-12-09 06:20:00,1018.79
2025-12-09 06:30:00,1018.9399999999999
2025-12-09 06:40:00,1019.02
2025-12-09 06:50:00,1019.1
2025-12-09 07:00:00,1019.16
2025-12-09 07:10:00,1019.27
2025-12-09 07:20:00,1019.4
2025-12-09 07:30:00,1019.38
2025-12-09 07:40:00,1019.52
2025-12-09 07:50:00,1019.54
2025-12-09 08:00:00,1019.54
2025-12-09 08:10:00,1019.59
2025-12-09 08:20:00,1019.62
2025-12-09 08:30:00,1019.64
2025-12-09 08:40:00,1019.75
2025-12-09 08:50:00,1019.75
2025-12-09 09:00:00,1019.76
2025-12-09 09:10:00,1019.56
2025-12-09 09:20:00,1019.53
2025-12-09 09:30:00,1019.4599999999999
2025-12-09 09:40:00,1019.43
2025-12-09 09:50:00,1019.34
2025-12-09 10:00:00,1019.35
2025-12-09 10:10:00,1019.31
2025-12-09 10:20:00,1019.1999999999999
2025-12-09 10:30:00,1019.06
2025-12-09 10:40:00,1018.86
2025-12-09 10:50:00,1018.75
2025-12-09 11:00:00,1018.66
2025-12-09 11:10:00,1018.4499999999999
2025-12-09 11:20:00,1018.26
2025-12-09 11:30:00,1018.16
2025-12-09 11:40:00,1018.12
2025-12-09 11:50:00,1017.98
2025-12-09 12:00:00,1017.75
2025-12-09 12:10:00,1017.48
2025-12-09 12:20:00,1017.38
2025-12-09 12:30:00,1017.22
2025-12-09 12:40:00,1017
2025-12-09 12:50:00,1016.79
2025-12-09 13:00:00,1016.68
2025-12-09 13:10:00,1016.55
2025-12-09 13:20:00,1016.36
2025-12-09 13:30:00,1016.3299999999999
2025-12-09 13:40:00,1016.24
2025-12-09 13:50:00,1016.11
2025-12-09 14:00:00,1016.0799999999999
2025-12-09 14:10:00,1015.92
2025-12-09 14:20:00,1015.85
2025-12-09 14:30:00,1015.87
2025-12-09 14:40:00,1015.87
2025-12-09 14:50:00,1015.6999999999999
2025-12-09 15:00:00,1015.67
2025-12-09 15:10:00,1015.56
2025-12-09 15:20:00,1015.5699999999999
2025-12-09 15:30:00,1015.61
2025-12-09 15:40:00,1015.66
2025-12-09 15:50:00,1015.76
2025-12-09 16:00:00,1015.8
2025-12-09 16:10:00,1016
2025-12-09 16:20:00,1016.0799999999999
2025-12-09 16:30:00,1016.12
2025-12-09 16:40:00,1016.18
2025-12-09 16:50:00,1016.23
2025-12-09 17:00:00,1016.31
2025-12-09 17:10:00,1016.39
2025-12-09 17:20:00,1016.43
2025-12-09 17:30:00,1016.49
2025-12-09 17:40:00,1016.77
2025-12-09 17:50:00,1016.75
2025-12-09 18:00:00,1016.93
2025-12-09 18:10:00,1017.0799999999999
2025-12-09 18:20:00,1017.13
2025-12-09 18:30:00,1017.36
2025-12-09 18:40:00,1017.41
2025-12-09 18:50:00,1017.55
2025-12-09 19:00:00,1017.6899999999999
2025-12-09 19:10:00,1017.7099999999999
2025-12-09 19:20:00,1017.78
2025-12-09 19:30:00,1017.84
2025-12-09 19:40:00,1017.97
2025-12-09 19:50:00,1018.01
2025-12-09 20:00:00,1018.0799999999999
2025-12-09 20:10:00,1018.1999999999999
2025-12-09 20:20:00,1018.42
2025-12-09 20:30:00,1018.5699999999999
2025-12-09 20:40:00,1018.55
2025-12-09 20:50:00,1018.54
2025-12-09 21:00:00,1018.4599999999999
2025-12-09 21:10:00,1018.4
2025-12-09 21:20:00,1018.37
2025-12-09 21:30:00,1018.4599999999999
2025-12-09 21:40:00,1018.36
2025-12-09 21:50:00,1018.3299999999999
2025-12-09 22:00:00,1018.31
2025-12-09 22:10:00,1018.28
2025-12-09 22:20:00,1018.25
2025-12-09 22:30:00,1018.15
2025-12-09 22:40:00,1018.01
2025-12-09 22:50:00,1017.98
2025-12-09 23:00:00,1017.9599999999999
2025-12-09 23:10:00,1017.9399999999999
2025-12-09 23:20:00,1017.8
2025-12-09 23:30:00,1017.8199999999999
2025-12-09 23:40:00,1017.73
2025-12-09 23:50:00,1017.5699999999999
2025-12-10 00:00:00,1017.43
2025-12-10 00:10:00,1017.4
2025-12-10 00:20:00,1017.28
2025-12-10 00:30:00,1017.24
2025-12-10 00:40:00,1017.18
2025-12-10 00:50:00,1017.05
2025-12-10 01:00:00,1016.89
2025-12-10 01:10:00,1016.67
2025-12-10 01:20:00,1016.63
2025-12-10 01:30:00,1016.64
2025-12-10 01:40:00,1016.62
2025-12-10 01:50:00,1016.51
2025-12-10 02:00:00,1016.36
2025-12-10 02:10:00,1016.35
2025-12-10 02:20:00,1016.4
2025-12-10 02:30:00,1016.35
2025-12-10 02:40:00,1016.4399999999999
2025-12-10 02:50:00,1016.47
2025-12-10 03:00:00,1016.48
2025-12-10 03:10:00,1016.61
2025-12-10 03:20:00,1016.67
2025-12-10 03:30:00,1016.74
2025-12-10 03:40:00,1016.9075
2025-12-10 03:50:00,1016.93
2025-12-10 04:00:00,1016.865
2025-12-10 04:10:00,1016.9599999999999
2025-12-10 04:20:00,1017.06
2025-12-10 04:30:00,1017.17
2025-12-10 04:40:00,1017.27
2025-12-10 04:50:00,1017.43
2025-12-10 05:00:00,1017.49
2025-12-10 05:10:00,1017.48
2025-12-10 05:20:00,1017.48
2025-12-10 05:30:00,1017.62
2025-12-10 05:40:00,1017.73
2025-12-10 05:50:00,1017.91
2025-12-10 06:10:00,1018
2025-12-10 06:20:00,1018.1999999999999
2025-12-10 06:30:00,1018.3199999999999
2025-12-10 06:40:00,1018.35
2025-12-10 06:50:00,1018.4499999999999
2025-12-10 07:00:00,1018.51
2025-12-10 07:10:00,1018.65
2025-12-10 07:20:00,1018.84
2025-12-10 07:30:00,1018.92
2025-12-10 07:40:00,1019.03
2025-12-10 07:50:00,1018.9599999999999
2025-12-10 08:00:00,1018.89
2025-12-10 08:10:00,1018.9499999999999
2025-12-10 08:20:00,1018.97
2025-12-10 08:30:00,1019.02
2025-12-10 08:40:00,1019.0799999999999
2025-12-10 08:50:00,1019.15
2025-12-10 09:00:00,1019.24
2025-12-10 09:10:00,1019.385
2025-12-10 09:20:00,1019.49
2025-12-10 09:30:00,1019.48
2025-12-10 09:40:00,1019.4
2025-12-10 09:50:00,1019.3266666666667
2025-12-10 10:00:00,1019.31
2025-12-10 10:10:00,1019.16
2025-12-10 10:20:00,1019.13
2025-12-10 10:30:00,1018.95
2025-12-10 10:40:00,1018.65
2025-12-10 10:50:00,1018.5
2025-12-10 11:00:00,1018.26
2025-12-10 11:10:00,1018.04
2025-12-10 11:20:00,1017.92
2025-12-10 11:30:00,1017.74
2025-12-10 11:40:00,1017.56
2025-12-10 11:50:00,1017.34
2025-12-10 12:00:00,1017.24
2025-12-10 12:10:00,1016.99
2025-12-10 12:20:00,1016.74
2025-12-10 12:30:00,1016.53
2025-12-10 12:40:00,1016.34
2025-12-10 12:50:00,1016.25
2025-12-10 13:00:00,1016.03
2025-12-10 13:10:00,1015.84
2025-12-10 13:20:00,1015.64
2025-12-10 13:30:00,1015.36
2025-12-10 13:40:00,1015.25
2025-12-10 13:50:00,1015.13
2025-12-10 14:00:00,1015.09
2025-12-10 14:10:00,1014.97
2025-12-10 14:20:00,1014.91
2025-12-10 14:30:00,1014.9599999999999
2025-12-10 14:40:00,1014.85
2025-12-10 14:50:00,1014.9599999999999
2025-12-10 15:00:00,1014.9
2025-12-10 15:10:00,1014.88
2025-12-10 15:20:00,1014.84
2025-12-10 15:30:00,1014.88
2025-12-10 15:40:00,1014.79
2025-12-10 15:50:00,1014.68
2025-12-10 16:00:00,1014.55
2025-12-10 16:10:00,1014.73
2025-12-10 16:20:00,1014.9599999999999
2025-12-10 16:30:00,1015.16
2025-12-10 16:40:00,1015.3299999999999
2025-12-10 16:50:00,1015.35
2025-12-10 17:00:00,1015.48
2025-12-10 17:10:00,1015.52
2025-12-10 17:20:00,1015.54
2025-12-10 17:30:00,1015.52
2025-12-10 17:40:00,1015.42
2025-12-10 17:50:00,1015.34
2025-12-10 18:00:00,1015.47
2025-12-10 18:10:00,1015.54
2025-12-10 18:20:00,1015.92
2025-12-10 18:30:00,1016.18
2025-12-10 18:40:00,1016.3199999999999
2025-12-10 18:50:00,1016.56
2025-12-10 19:00:00,1016.5799999999999
2025-12-10 19:10:00,1016.5699999999999
2025-12-10 19:20:00,1016.67
2025-12-10 19:30:00,1016.76
2025-12-10 19:40:00,1016.8299999999999
2025-12-10 19:50:00,1017.01
2025-12-10 20:00:00,1017.18
2025-12-10 20:10:00,1017.3199999999999
2025-12-10 20:20:00,1017.42
2025-12-10 20:30:00,1017.4599999999999
2025-12-10 20:40:00,1017.43
2025-12-10 20:50:00,1017.4
2025-12-10 21:00:00,1017.31
2025-12-10 21:10:00,1017.3199999999999
2025-12-10 21:20:00,1017.3199999999999
2025-12-10 21:30:00,1017.35
2025-12-10 21:40:00,1017.3299999999999
2025-12-10 21:50:00,1017.24
2025-12-10 22:00:00,1017.14
2025-12-10 22:10:00,1017.2099999999999
2025-12-10 22:20:00,1017.22
2025-12-10 22:30:00,1017.02
2025-12-10 22:40:00,1017.09
2025-12-10 22:50:00,1017.215
2025-12-10 23:00:00,1017.185
2025-12-10 23:10:00,1017.24
2025-12-10 23:20:00,1017.22
2025-12-10 23:30:00,1017.1225
2025-12-10 23:40:00,1017.0799999999999
2025-12-10 23:50:00,1016.98
2025-12-11 00:00:00,1016.97
2025-12-11 00:10:00,1016.89
2025-12-11 00:20:00,1016.73
2025-12-11 00:30:00,1016.6
2025-12-11 00:40:00,1016.425
2025-12-11 00:50:00,1016.3299999999999
2025-12-11 01:00:00,1016.0899999999999
2025-12-11 01:10:00,1015.9499999999999
2025-12-11 01:20:00,1015.77
2025-12-11 01:30:00,1015.59
2025-12-11 14:30:00,1015.7099999999999
2025-12-11 14:40:00,1015.84
2025-12-11 14:50:00,1015.84
2025-12-11 15:00:00,1015.99
2025-12-11 15:10:00,1016.01
2025-12-11 15:20:00,1016.09
2025-12-11 15:30:00,1016.17
2025-12-11 15:40:00,1016.27
2025-12-11 15:50:00,1016.4
2025-12-11 16:00:00,1016.49
2025-12-11 16:10:00,1016.54
2025-12-11 16:20:00,1016.5699999999999
2025-12-11 16:30:00,1016.55
2025-12-11 16:40:00,1016.54
2025-12-11 16:50:00,1016.48
2025-12-11 17:00:00,1016.65
2025-12-11 17:10:00,1016.66
2025-12-11 17:20:00,1016.6899999999999
2025-12-11 17:30:00,1016.81
2025-12-11 17:40:00,1016.86
2025-12-11 17:50:00,1017.02
2025-12-11 18:00:00,1017.24
2025-12-11 18:10:00,1017.37
2025-12-11 18:20:00,1017.4
2025-12-11 18:30:00,1017.52
2025-12-11 18:40:00,1017.63
2025-12-11 18:50:00,1017.6899999999999
2025-12-11 19:00:00,1017.85
2025-12-11 19:10:00,1017.98
2025-12-11 19:20:00,1018.17
2025-12-11 19:30:00,1018.3299999999999
2025-12-11 19:40:00,1018.36
2025-12-11 19:50:00,1018.4599999999999
2025-12-11 20:00:00,1018.49
2025-12-11 20:10:00,1018.42
2025-12-11 20:20:00,1018.5699999999999
2025-12-11 20:30:00,1018.53
2025-12-11 20:40:00,1018.49
2025-12-11 20:50:00,1018.55
2025-12-11 21:00:00,1018.6
2025-12-11 21:10:00,1018.6
2025-12-11 21:20:00,1018.5699999999999
2025-12-11 21:30:00,1018.37
2025-12-11 21:40:00,1018.3
2025-12-11 21:50:00,1018.2099999999999
2025-12-11 22:00:00,1018.13
2025-12-11 22:10:00,1018.23
2025-12-11 22:20:00,1018.0699999999999
2025-12-11 22:30:00,1017.98
2025-12-11 22:40:00,1018.02
2025-12-11 22:50:00,1018.01
2025-12-11 23:00:00,1017.77
2025-12-11 23:10:00,1017.68
2025-12-11 23:20:00,1017.5699999999999
2025-12-11 23:30:00,1017.4399999999999
2025-12-11 23:40:00,1017.4
2025-12-11 23:50:00,1017.24
2025-12-12 00:00:00,1017.17
2025-12-12 00:10:00,1016.99
2025-12-12 00:20:00,1016.87
2025-12-12 00:30:00,1016.8299999999999
2025-12-12 00:40:00,1016.74
2025-12-12 00:50:00,1016.6
2025-12-12 01:00:00,1016.49
2025-12-12 01:10:00,1016.4
2025-12-12 01:20:00,1016.39
2025-12-12 01:30:00,1016.31
2025-12-12 01:40:00,1016.25
2025-12-12 01:50:00,1016.23
2025-12-12 02:00:00,1016.0699999999999
2025-12-12 02:10:00,1016.0699999999999
2025-12-12 02:20:00,1015.92
2025-12-12 02:30:00,1015.6899999999999
2025-12-12 02:40:00,1015.68
2025-12-12 02:50:00,1015.64
2025-12-12 03:00:00,1015.59
2025-12-12 03:10:00,1015.62
2025-12-12 03:20:00,1015.6899999999999
2025-12-12 03:30:00,1015.72
2025-12-12 03:40:00,1015.64
2025-12-12 03:50:00,1015.81
2025-12-12 04:00:00,1015.79
2025-12-12 04:10:00,1015.63
2025-12-12 04:20:00,1015.7099999999999
2025-12-12 04:30:00,1015.92
2025-12-12 04:40:00,1015.9499999999999
2025-12-12 04:50:00,1015.9499999999999
2025-12-12 05:00:00,1015.99
2025-12-12 05:10:00,1016.11
2025-12-12 05:20:00,1016.1999999999999
2025-12-12 05:30:00,1016.31
2025-12-12 05:40:00,1016.36
2025-12-12 05:50:00,1016.5799999999999
2025-12-12 06:00:00,1016.79
2025-12-12 06:10:00,1016.9599999999999
2025-12-12 06:20:00,1017.0799999999999
2025-12-12 06:30:00,1017.1999999999999
2025-12-12 06:40:00,1017.22
2025-12-12 06:50:00,1017.29
2025-12-12 07:00:00,1017.39
2025-12-12 07:10:00,1017.63
2025-12-12 07:20:00,1017.7099999999999
2025-12-12 07:30:00,1017.84
2025-12-12 07:40:00,1017.84
2025-12-12 07:50:00,1017.8199999999999
2025-12-12 08:00:00,1017.97
2025-12-12 08:10:00,1018.0799999999999
2025-12-12 08:20:00,1018.1899999999999
2025-12-12 08:30:00,1018.1
2025-12-12 08:40:00,1018.1
2025-12-12 08:50:00,1018
2025-12-12 09:00:00,1018
2025-12-12 09:10:00,1017.6899999999999
2025-12-12 09:20:00,1017.43
2025-12-12 09:30:00,1017.35
2025-12-12 09:40:00,1017.24
2025-12-12 09:50:00,1017.29
2025-12-12 10:00:00,1017.34
2025-12-12 10:10:00,1017.37
2025-12-12 10:20:00,1017.28
2025-12-12 10:30:00,1017.1999999999999
2025-12-12 10:40:00,1017.13
2025-12-12 10:50:00,1017.15
2025-12-12 11:00:00,1016.9399999999999
2025-12-12 11:10:00,1016.74
2025-12-12 11:20:00,1016.66
2025-12-12 11:30:00,1016.49
2025-12-12 11:40:00,1016.31
2025-12-12 11:50:00,1016.34
2025-12-12 12:00:00,1016.14
2025-12-12 12:10:00,1016.11
2025-12-12 12:20:00,1016.1899999999999
2025-12-12 12:30:00,1016.0799999999999
2025-12-12 12:40:00,1015.9399999999999
2025-12-12 12:50:00,1015.75
2025-12-12 13:00:00,1015.74
2025-12-12 13:10:00,1015.65
2025-12-12 13:20:00,1015.52
2025-12-12 13:30:00,1015.3299999999999
2025-12-12 13:40:00,1015.06
2025-12-12 13:50:00,1014.74
2025-12-12 14:00:00,1014.59
2025-12-12 14:10:00,1014.51
2025-12-12 14:20:00,1014.48
2025-12-12 14:30:00,1014.35
2025-12-12 14:40:00,1014.35
2025-12-12 14:50:00,1014.3299999999999
2025-12-12 15:00:00,1014.37
2025-12-12 15:10:00,1014.34
2025-12-12 15:20:00,1014.41
2025-12-12 15:30:00,1014.25
2025-12-12 15:40:00,1014.26
2025-12-12 15:50:00,1014.28
2025-12-12 16:00:00,1014.25
2025-12-12 16:10:00,1014.4499999999999
2025-12-12 16:20:00,1014.6999999999999
2025-12-12 16:30:00,1014.78
2025-12-12 16:40:00,1014.88
2025-12-12 16:50:00,1014.8299999999999
2025-12-12 17:00:00,1015.17
2025-12-12 17:10:00,1015.24
2025-12-12 17:20:00,1015.37
2025-12-12 17:30:00,1015.47
2025-12-12 17:40:00,1015.56
2025-12-12 17:50:00,1015.61
2025-12-12 18:00:00,1015.66
2025-12-12 18:10:00,1015.75
2025-12-12 18:20:00,1015.9
2025-12-12 18:30:00,1016.12
2025-12-12 18:40:00,1016.28
2025-12-12 18:50:00,1016.56
2025-12-12 19:00:00,1016.73
2025-12-12 19:10:00,1016.6999999999999
2025-12-12 19:20:00,1016.59
2025-12-12 19:30:00,1016.64
2025-12-12 19:40:00,1016.63
2025-12-12 19:50:00,1016.74
2025-12-12 20:00:00,1016.75
2025-12-12 20:10:00,1016.76
2025-12-12 20:20:00,1016.73
2025-12-12 20:30:00,1016.73
2025-12-12 20:40:00,1016.76
2025-12-12 20:50:00,1016.67
2025-12-12 21:00:00,1016.41
2025-12-12 21:10:00,1016.04
2025-12-12 21:20:00,1015.97
2025-12-12 21:30:00,1016.1999999999999
2025-12-12 21:40:00,1016.34
2025-12-12 21:50:00,1016.42
2025-12-12 22:00:00,1016.59
2025-12-12 22:10:00,1016.5799999999999
2025-12-12 22:20:00,1016.8199999999999
2025-12-12 22:30:00,1016.87
2025-12-12 22:40:00,1016.7099999999999
2025-12-12 22:50:00,1016.75
2025-12-12 23:00:00,1016.68
2025-12-12 23:10:00,1016.78
2025-12-12 23:20:00,1016.78
2025-12-12 23:30:00,1016.77
2025-12-12 23:40:00,1016.86
2025-12-12 23:50:00,1016.75
2025-12-13 00:00:00,1016.54
2025-12-13 00:10:00,1016.27
2025-12-13 00:20:00,1016.1999999999999
2025-12-13 00:30:00,1016.0699999999999
2025-12-13 00:40:00,1015.9399999999999
2025-12-13 00:50:00,1015.9499999999999
2025-12-13 01:00:00,1015.86
2025-12-13 01:10:00,1015.93
2025-12-13 01:20:00,1016.02
2025-12-13 01:30:00,1015.9499999999999
2025-12-13 01:40:00,1015.6899999999999
2025-12-13 01:50:00,1015.34
2025-12-13 02:00:00,1014.91
2025-12-13 02:10:00,1014.89
2025-12-13 02:20:00,1014.93
2025-12-13 02:30:00,1014.8199999999999
2025-12-13 02:40:00,1014.64
2025-12-13 02:50:00,1014.54
2025-12-13 03:00:00,1014.4499999999999
2025-12-13 03:10:00,1014.43
2025-12-13 03:20:00,1014.48
2025-12-13 03:30:00,1014.59
2025-12-13 03:40:00,1014.8199999999999
2025-12-13 03:50:00,1014.92
2025-12-13 04:00:00,1014.88
2025-12-13 04:10:00,1014.9599999999999
2025-12-13 04:20:00,1014.84
2025-12-13 04:30:00,1015.2099999999999
2025-12-13 04:40:00,1015.4399999999999
2025-12-13 04:50:00,1015.62
2025-12-13 05:00:00,1015.9399999999999
2025-12-13 05:10:00,1016.25
2025-12-13 05:20:00,1016.53
2025-12-13 05:30:00,1016.91
2025-12-13 05:40:00,1016.92
2025-12-13 05:50:00,1017.26
2025-12-13 06:00:00,1017.4399999999999
2025-12-13 06:10:00,1017.56
2025-12-13 06:20:00,1017.73
2025-12-13 06:30:00,1018.02
2025-12-13 06:40:00,1017.92
2025-12-13 06:50:00,1018.3325
2025-12-13 07:00:00,1018.12
2025-12-13 07:10:00,1018.16
2025-12-13 07:20:00,1018.29
2025-12-13 07:30:00,1018.29
2025-12-13 07:40:00,1018.15
2025-12-13 07:50:00,1018.13
2025-12-13 08:00:00,1018.295
2025-12-13 08:10:00,1018.3725
2025-12-13 08:20:00,1018.46
2025-12-13 08:30:00,1018.5799999999999
2025-12-13 08:40:00,1018.4399999999999
2025-12-13 08:50:00,1018.66
2025-12-13 09:00:00,1018.66
2025-12-13 09:10:00,1018.53
2025-12-13 09:20:00,1018.4866666666667
2025-12-13 09:30:00,1018.4879999999999
2025-12-13 09:40:00,1018.23
2025-12-13 09:50:00,1018.42
2025-12-13 10:00:00,1018.56
2025-12-13 10:10:00,1018.64
2025-12-13 10:20:00,1018.5
2025-12-13 10:30:00,1018.435
2025-12-13 10:40:00,1018.3199999999999
2025-12-13 10:50:00,1018.37
2025-12-13 11:00:00,1018.44
2025-12-13 11:10:00,1018.52
2025-12-13 11:20:00,1018.5899999999998
2025-12-13 11:30:00,1018.6139999999999
2025-12-13 11:40:00,1018.479
2025-12-13 11:50:00,1018.2975000000001
2025-12-13 12:00:00,1017.958
2025-12-13 12:10:00,1017.56
2025-12-13 12:20:00,1017.3299999999999
2025-12-13 12:30:00,1016.91
2025-12-13 12:40:00,1016.84
2025-12-13 12:50:00,1016.55
2025-12-13 13:00:00,1016.4599999999999
2025-12-13 13:10:00,1016.36
2025-12-13 13:20:00,1016.22
2025-12-13 13:30:00,1016.2249999999999
2025-12-13 13:40:00,1016.13
2025-12-13 13:50:00,1016.2099999999999
2025-12-13 14:00:00,1016.01
2025-12-13 14:10:00,1015.97
2025-12-13 14:20:00,1015.8
2025-12-13 14:30:00,1015.68
2025-12-13 14:40:00,1015.36
2025-12-13 14:50:00,1015.39
2025-12-13 15:00:00,1015.41
2025-12-13 15:10:00,1015.3199999999999
2025-12-13 15:20:00,1015.31
2025-12-13 15:30:00,1015.27
2025-12-13 15:40:00,1015.18
2025-12-13 15:50:00,1015.4
2025-12-13 16:00:00,1015.48
2025-12-13 16:10:00,1015.34
2025-12-13 16:20:00,1015.4
2025-12-13 16:30:00,1015.51
2025-12-13 16:40:00,1015.4399999999999
2025-12-13 16:50:00,1015.42
2025-12-13 17:00:00,1015.3299999999999
2025-12-13 17:10:00,1015.29
2025-12-13 17:20:00,1015.37
2025-12-13 17:30:00,1015.5699999999999
2025-12-13 17:40:00,1015.85
2025-12-13 17:50:00,1015.98
2025-12-13 18:00:00,1016
2025-12-13 18:10:00,1016.06
2025-12-13 18:20:00,1016.1
2025-12-13 18:30:00,1016.28
2025-12-13 18:40:00,1016.36
2025-12-13 18:50:00,1016.6899999999999
2025-12-13 19:00:00,1016.99
2025-12-13 19:10:00,1017.0699999999999
2025-12-13 19:20:00,1017.42
2025-12-13 19:30:00,1017.54
2025-12-13 19:40:00,1018.01
2025-12-13 19:50:00,1018.21
2025-12-13 20:00:00,1018.2885714285713
2025-12-13 20:10:00,1018.298
2025-12-13 20:20:00,1018.2371428571429
2025-12-13 20:30:00,1018.3542857142858
2025-12-13 20:40:00,1018.375
2025-12-13 20:50:00,1018.48
2025-12-13 21:00:00,1018.8
2025-12-13 21:10:00,1018.74
2025-12-13 21:20:00,1018.9399999999999
2025-12-13 21:30:00,1019.01
2025-12-13 21:40:00,1019.05
2025-12-13 21:50:00,1018.87
2025-12-13 22:00:00,1019.01
2025-12-13 22:10:00,1018.91
2025-12-13 22:20:00,1018.92
2025-12-13 22:30:00,1018.98
2025-12-13 22:40:00,1018.84
2025-12-13 22:50:00,1018.74
2025-12-13 23:00:00,1018.36
2025-12-13 23:10:00,1018.3199999999999
2025-12-13 23:20:00,1018.4
2025-12-13 23:30:00,1018.37
2025-12-13 23:40:00,1018.2099999999999
2025-12-13 23:50:00,1018.03
2025-12-14 00:00:00,1017.84
2025-12-14 00:10:00,1017.4549999999999
2025-12-14 00:20:00,1017.0799999999999
2025-12-14 00:30:00,1016.86
2025-12-14 00:40:00,1016.74
2025-12-14 00:50:00,1016.4599999999999
2025-12-14 01:00:00,1016.3199999999999
2025-12-14 01:10:00,1016.2099999999999
2025-12-14 01:20:00,1015.8199999999999
2025-12-14 01:30:00,1015.78
2025-12-14 01:40:00,1015.65
2025-12-14 01:50:00,1015.67
2025-12-14 02:00:00,1015.74
2025-12-14 02:10:00,1015.74
2025-12-14 02:20:00,1015.68
2025-12-14 02:30:00,1015.5799999999999
2025-12-14 02:40:00,1015.55
2025-12-14 02:50:00,1015.65
2025-12-14 03:00:00,1015.72
2025-12-14 03:10:00,1015.73
2025-12-14 03:20:00,1015.81
2025-12-14 03:30:00,1015.8
2025-12-14 03:40:00,1015.79
2025-12-14 03:50:00,1015.87
2025-12-14 04:00:00,1016.1
2025-12-14 04:10:00,1016.15
2025-12-14 04:20:00,1016.28
2025-12-14 04:30:00,1016.42
2025-12-14 04:40:00,1016.61
2025-12-14 04:50:00,1016.81
2025-12-14 05:00:00,1016.9599999999999
2025-12-14 05:10:00,1017.1
2025-12-14 05:20:00,1017.15
2025-12-14 05:30:00,1017.27
2025-12-14 05:40:00,1017.29
2025-12-14 05:50:00,1017.4
2025-12-14 06:00:00,1017.61
2025-12-14 06:10:00,1017.42
2025-12-14 06:20:00,1017.52
2025-12-14 06:30:00,1017.8199999999999
2025-12-14 06:40:00,1017.89
2025-12-14 06:50:00,1017.88
2025-12-14 07:00:00,1017.9
2025-12-14 07:10:00,1018.05
2025-12-14 07:20:00,1017.9
2025-12-14 07:30:00,1018
2025-12-14 07:40:00,1018.06
2025-12-14 07:50:00,1018.3199999999999
2025-12-14 08:00:00,1018.3199999999999
2025-12-14 08:10:00,1018.47
2025-12-14 08:20:00,1018.5
2025-12-14 08:30:00,1018.62
2025-12-14 08:40:00,1018.6999999999999
2025-12-14 08:50:00,1018.75
2025-12-14 09:00:00,1018.63
2025-12-14 09:10:00,1018.52
2025-12-14 09:20:00,1018.55
2025-12-14 09:30:00,1018.63
2025-12-14 09:40:00,1018.6899999999999
2025-12-14 09:50:00,1018.6899999999999
2025-12-14 10:00:00,1018.66
2025-12-14 10:10:00,1018.53
2025-12-14 10:20:00,1018.43
2025-12-14 10:30:00,1018.4599999999999
2025-12-14 10:40:00,1018.35
2025-12-14 10:50:00,1018.34
2025-12-14 11:00:00,1018.18
2025-12-14 11:10:00,1018.16
2025-12-14 11:20:00,1018.18
2025-12-14 11:30:00,1018.03
2025-12-14 11:40:00,1017.79
2025-12-14 11:50:00,1017.6899999999999
2025-12-14 12:00:00,1017.4599999999999
2025-12-14 12:10:00,1017.3
2025-12-14 12:20:00,1017.31
2025-12-14 12:30:00,1017.24
2025-12-14 12:40:00,1017.01
2025-12-14 12:50:00,1016.76
2025-12-14 13:00:00,1016.5
2025-12-14 13:10:00,1016.59
2025-12-14 13:20:00,1016.75
2025-12-14 13:30:00,1016.79
2025-12-14 13:40:00,1016.51
2025-12-14 13:50:00,1016.1999999999999
2025-12-14 14:00:00,1016.11
2025-12-14 14:10:00,1015.99
2025-12-14 14:20:00,1015.6999999999999
2025-12-14 14:30:00,1015.73
2025-12-14 14:40:00,1015.88
2025-12-14 14:50:00,1015.99
2025-12-14 15:00:00,1015.87
2025-12-14 15:10:00,1015.87
2025-12-14 15:20:00,1015.81
2025-12-14 15:30:00,1015.86
2025-12-14 15:40:00,1015.9499999999999
2025-12-14 15:50:00,1016.12
2025-12-14 16:00:00,1016.27
2025-12-14 16:10:00,1016.42
2025-12-14 16:20:00,1016.6
2025-12-14 16:30:00,1016.66
2025-12-14 16:40:00,1016.72
2025-12-14 16:50:00,1016.86
2025-12-14 17:00:00,1016.91
2025-12-14 17:10:00,1017.05
2025-12-14 17:20:00,1017.0699999999999
2025-12-14 17:30:00,1016.97
2025-12-14 17:40:00,1017.11
2025-12-14 17:50:00,1017.1
2025-12-14 18:00:00,1017.11
2025-12-14 18:10:00,1017.26
2025-12-14 18:20:00,1017.4499999999999
2025-12-14 18:30:00,1017.59
2025-12-14 18:40:00,1017.76
2025-12-14 18:50:00,1017.91
2025-12-14 19:00:00,1018.11
2025-12-14 19:10:00,1018.12
2025-12-14 19:20:00,1018.1899999999999
2025-12-14 19:30:00,1018.31
2025-12-14 19:40:00,1018.36
2025-12-14 19:50:00,1018.47
2025-12-14 20:00:00,1018.62
2025-12-14 20:10:00,1018.8299999999999
2025-12-14 20:20:00,1018.77
2025-12-14 20:30:00,1018.9
2025-12-14 20:40:00,1019.1
2025-12-14 20:50:00,1019
2025-12-14 21:00:00,1018.88
2025-12-14 21:10:00,1018.8299999999999
2025-12-14 21:20:00,1018.87
2025-12-14 21:30:00,1018.9499999999999
2025-12-14 21:40:00,1018.92
2025-12-14 21:50:00,1018.99
2025-12-14 22:00:00,1018.86
2025-12-14 22:10:00,1018.76
2025-12-14 22:20:00,1018.72
2025-12-14 22:30:00,1018.49
2025-12-14 22:40:00,1018.43
2025-12-14 22:50:00,1018.27
2025-12-14 23:00:00,1018.09
2025-12-14 23:10:00,1018.11
2025-12-14 23:20:00,1018.3
2025-12-14 23:30:00,1018.2959999999999
2025-12-14 23:40:00,1018.2099999999999
2025-12-14 23:50:00,1018.2099999999999
2025-12-15 00:00:00,1018.1874999999999
2025-12-15 00:10:00,1018.165
2025-12-15 00:20:00,1017.8889999999999
2025-12-15 00:30:00,1017.566
2025-12-15 00:40:00,1017.39
2025-12-15 00:50:00,1017.51
2025-12-15 01:00:00,1017.49
2025-12-15 01:10:00,1017.4449999999999
2025-12-15 01:20:00,1017.515
2025-12-15 01:30:00,1017.4075
2025-12-15 01:40:00,1017.2866666666665
2025-12-15 01:50:00,1017.3525
2025-12-15 02:00:00,1017.1139999999999
2025-12-15 02:10:00,1017.0899999999999
2025-12-15 02:20:00,1016.8300000000002
2025-12-15 02:30:00,1016.89
2025-12-15 02:40:00,1016.93
2025-12-15 02:50:00,1017.2099999999999
2025-12-15 03:00:00,1017.0825
2025-12-15 03:10:00,1017.5374999999999
2025-12-15 03:20:00,1017.3955555555557
2025-12-15 03:30:00,1017.345
2025-12-15 03:40:00,1017.47
2025-12-15 03:50:00,1017.505
2025-12-15 04:00:00,1017.525
2025-12-15 04:10:00,1017.79
2025-12-15 04:20:00,1017.91
2025-12-15 04:30:00,1017.86
2025-12-15 04:40:00,1018.05
2025-12-15 04:50:00,1018.135
2025-12-15 05:00:00,1018.09
2025-12-15 05:10:00,1017.9599999999999
2025-12-15 05:20:00,1017.9399999999999
2025-12-15 05:30:00,1018.06
2025-12-15 05:40:00,1018.03
2025-12-15 05:50:00,1018.12
2025-12-15 06:00:00,1018.18
2025-12-15 06:10:00,1018.38
2025-12-15 06:20:00,1018.54
2025-12-15 06:30:00,1018.67
2025-12-15 06:40:00,1018.87
2025-12-15 06:50:00,1019.17
2025-12-15 07:00:00,1019.4399999999999
2025-12-15 07:10:00,1019.9449999999999
2025-12-15 07:20:00,1020.3166666666666
2025-12-15 07:30:00,1020.5461538461539
2025-12-15 07:40:00,1020.744
2025-12-15 07:50:00,1021.06
2025-12-15 08:00:00,1021.23
2025-12-15 08:10:00,1021.4859999999999
2025-12-15 08:20:00,1021.6657142857144
2025-12-15 08:30:00,1021.708888888889
2025-12-15 08:40:00,1021.492
2025-12-15 08:50:00,1021.3879999999999
2025-12-15 09:00:00,1021.3599999999999
2025-12-15 09:10:00,1021.4033333333333
2025-12-15 09:20:00,1021.4375
2025-12-15 09:30:00,1021.47
2025-12-15 09:40:00,1021.42
2025-12-15 09:50:00,1021.28
2025-12-15 10:00:00,1021.09
2025-12-15 10:10:00,1020.99
2025-12-15 10:20:00,1020.9499999999999
2025-12-15 10:30:00,1020.9
2025-12-15 10:40:00,1020.8
2025-12-15 10:50:00,1020.63
2025-12-15 11:00:00,1020.7099999999999
2025-12-15 11:10:00,1020.7099999999999
2025-12-15 11:20:00,1020.5799999999999
2025-12-15 11:30:00,1020.38
2025-12-15 11:40:00,1020.24
2025-12-15 11:50:00,1019.9499999999999
2025-12-15 12:00:00,1019.8199999999999
2025-12-15 12:10:00,1019.68
2025-12-15 12:20:00,1019.49
2025-12-15 12:30:00,1019.48
2025-12-15 12:40:00,1019.285
2025-12-15 12:50:00,1018.9599999999999
2025-12-15 13:00:00,1018.66
2025-12-15 13:10:00,1018.48
2025-12-15 13:20:00,1018.36
2025-12-15 13:30:00,1018.15
2025-12-15 13:40:00,1018.01
2025-12-15 13:50:00,1017.86
2025-12-15 14:00:00,1017.6899999999999
2025-12-15 14:10:00,1017.6
2025-12-15 14:30:00,1017.43
2025-12-15 14:40:00,1017.4
2025-12-15 14:50:00,1017.42
2025-12-15 15:00:00,1017.3299999999999
2025-12-15 15:10:00,1017.15
2025-12-15 15:20:00,1017
2025-12-15 15:30:00,1016.9399999999999
2025-12-15 15:40:00,1016.8
2025-12-15 15:50:00,1016.85
2025-12-15 16:00:00,1016.97
2025-12-15 16:10:00,1017
2025-12-15 16:20:00,1017.0799999999999
2025-12-15 16:30:00,1017.17
2025-12-15 16:40:00,1017.3199999999999
2025-12-15 16:50:00,1017.28
2025-12-15 17:00:00,1017.48
2025-12-15 17:10:00,1017.61
2025-12-15 17:20:00,1017.53
2025-12-15 17:30:00,1017.74
2025-12-15 17:40:00,1017.84
2025-12-15 17:50:00,1017.91
2025-12-15 18:00:00,1018.03
2025-12-15 18:10:00,1018
2025-12-15 18:20:00,1018.1
2025-12-15 18:30:00,1018.17
2025-12-15 18:40:00,1018.26
2025-12-15 18:50:00,1018.39
2025-12-15 19:00:00,1018.51
2025-12-15 19:10:00,1018.67
2025-12-15 19:20:00,1018.85
2025-12-15 19:30:00,1018.93
2025-12-15 19:40:00,1019.01
2025-12-15 19:50:00,1019.09
2025-12-15 20:00:00,1019.24
2025-12-15 20:10:00,1019.29
2025-12-15 20:20:00,1019.39
2025-12-15 20:30:00,1019.43
2025-12-15 20:40:00,1019.41
2025-12-15 20:50:00,1019.41
2025-12-15 21:00:00,1019.52
2025-12-15 21:10:00,1019.62
2025-12-15 21:20:00,1019.51
2025-12-15 21:30:00,1019.47
2025-12-15 21:40:00,1019.4499999999999
2025-12-15 21:50:00,1019.37
2025-12-15 22:00:00,1019.28
2025-12-15 22:10:00,1019.18
2025-12-15 22:20:00,1019.11
2025-12-15 22:30:00,1019.04
2025-12-15 22:40:00,1019.05
2025-12-15 22:50:00,1019.03
2025-12-15 23:00:00,1018.8299999999999
2025-12-15 23:10:00,1018.86
2025-12-15 23:20:00,1018.8199999999999
2025-12-15 23:30:00,1018.74
2025-12-15 23:40:00,1018.77
2025-12-15 23:50:00,1018.6999999999999
2025-12-16 00:00:00,1018.43
2025-12-16 00:10:00,1018.15
2025-12-16 00:20:00,1017.93
2025-12-16 00:30:00,1017.77
2025-12-16 00:40:00,1017.63
2025-12-16 00:50:00,1017.48
2025-12-16 01:00:00,1017.35
2025-12-16 01:10:00,1017.4
2025-12-16 01:20:00,1017.34
2025-12-16 01:30:00,1017.27
2025-12-16 01:40:00,1017.1
2025-12-16 01:50:00,1016.91
2025-12-16 02:00:00,1016.79
2025-12-16 02:10:00,1016.63
2025-12-16 02:20:00,1016.54
2025-12-16 02:30:00,1016.5799999999999
2025-12-16 02:40:00,1016.55
2025-12-16 02:50:00,1016.56
2025-12-16 03:00:00,1016.5
2025-12-16 03:10:00,1016.53
2025-12-16 03:20:00,1016.65
2025-12-16 03:30:00,1016.72
2025-12-16 03:40:00,1016.85
2025-12-16 03:50:00,1016.93
2025-12-16 04:00:00,1016.9599999999999
2025-12-16 04:10:00,1017.01
2025-12-16 04:20:00,1017.01
2025-12-16 04:30:00,1017.14
2025-12-16 04:40:00,1017.3
2025-12-16 04:50:00,1017.25
2025-12-16 05:00:00,1017.25
2025-12-16 05:10:00,1017.3299999999999
2025-12-16 05:20:00,1017.26
2025-12-16 05:30:00,1017.34
2025-12-16 05:40:00,1017.4
2025-12-16 05:50:00,1017.4499999999999
2025-12-16 06:00:00,1017.7099999999999
2025-12-16 06:10:00,1017.88
2025-12-16 06:20:00,1018.1
2025-12-16 06:30:00,1018.28
2025-12-16 06:40:00,1018.48
2025-12-16 06:50:00,1018.8299999999999
2025-12-16 07:00:00,1019.13
2025-12-16 07:10:00,1019.34
2025-12-16 07:20:00,1019.59
2025-12-16 07:30:00,1019.72
2025-12-16 07:40:00,1019.74
2025-12-16 07:50:00,1019.81
2025-12-16 08:00:00,1019.88
2025-12-16 08:10:00,1019.76
2025-12-16 08:20:00,1019.9
2025-12-16 08:30:00,1019.9
2025-12-16 08:40:00,1019.88
2025-12-16 08:50:00,1019.8199999999999
2025-12-16 09:00:00,1019.81
2025-12-16 09:10:00,1019.87
2025-12-16 09:20:00,1019.86
2025-12-16 09:30:00,1019.9
2025-12-16 09:40:00,1019.85
2025-12-16 09:50:00,1019.84
2025-12-16 10:00:00,1019.74
2025-12-16 10:10:00,1019.73
2025-12-16 10:20:00,1019.68
2025-12-16 10:30:00,1019.64
2025-12-16 10:40:00,1019.42
2025-12-16 10:50:00,1019.0699999999999
2025-12-16 11:00:00,1018.7099999999999
2025-12-16 11:10:00,1018.49
2025-12-16 11:20:00,1018.31
2025-12-16 11:30:00,1018.15
2025-12-16 11:40:00,1018.1
2025-12-16 11:50:00,1018.05
2025-12-16 12:00:00,1017.8299999999999
2025-12-16 12:10:00,1017.63
2025-12-16 12:20:00,1017.43
2025-12-16 12:30:00,1017.2099999999999
2025-12-16 12:40:00,1017.12
2025-12-16 12:50:00,1016.86
2025-12-16 13:00:00,1016.63
2025-12-16 13:10:00,1016.38
2025-12-16 13:20:00,1016.17
2025-12-16 13:30:00,1015.9399999999999
2025-12-16 13:40:00,1015.9
2025-12-16 13:50:00,1015.87
2025-12-16 14:00:00,1015.77
2025-12-16 14:10:00,1015.81
2025-12-16 14:20:00,1015.86
2025-12-16 14:30:00,1015.88
2025-12-16 14:40:00,1015.79
2025-12-16 14:50:00,1015.6899999999999
2025-12-16 15:00:00,1015.7099999999999
2025-12-16 15:10:00,1015.78
2025-12-16 15:20:00,1015.7099999999999
2025-12-16 15:30:00,1015.72
2025-12-16 15:40:00,1015.8299999999999
2025-12-16 15:50:00,1015.93
2025-12-16 16:00:00,1016.04
2025-12-16 16:10:00,1016.05
2025-12-16 16:20:00,1016.22
2025-12-16 16:30:00,1016.47
2025-12-16 16:40:00,1016.51
2025-12-16 16:50:00,1016.6
2025-12-16 17:00:00,1016.67
2025-12-16 17:10:00,1016.77
2025-12-16 17:20:00,1016.91
2025-12-16 17:30:00,1017.05
2025-12-16 17:40:00,1017.16
2025-12-16 17:50:00,1017.29
2025-12-16 18:00:00,1017.35
2025-12-16 18:10:00,1017.49
2025-12-16 18:20:00,1017.54
2025-12-16 18:30:00,1017.7099999999999
2025-12-16 18:40:00,1017.89
2025-12-16 18:50:00,1018.09
2025-12-16 19:00:00,1018.29
2025-12-16 19:10:00,1018.49
2025-12-16 19:20:00,1018.59
2025-12-16 19:30:00,1018.75
2025-12-16 19:40:00,1018.9399999999999
2025-12-16 19:50:00,1019.05
2025-12-16 20:00:00,1019.13
2025-12-16 20:10:00,1019.29
2025-12-16 20:20:00,1019.4
2025-12-16 20:30:00,1019.48
2025-12-16 20:40:00,1019.55
2025-12-16 20:50:00,1019.64
2025-12-16 21:00:00,1019.68
2025-12-16 21:10:00,1019.6
2025-12-16 21:20:00,1019.54
2025-12-16 21:30:00,1019.48
2025-12-16 21:40:00,1019.47
2025-12-16 21:50:00,1019.43
2025-12-16 22:00:00,1019.4
2025-12-16 22:10:00,1019.4
2025-12-16 22:20:00,1019.34
2025-12-16 22:30:00,1019.34
2025-12-16 22:40:00,1019.23
2025-12-16 22:50:00,1019.09
2025-12-16 23:00:00,1019.12
2025-12-16 23:10:00,1019.06
2025-12-16 23:20:00,1018.93
2025-12-16 23:30:00,1018.8299999999999
2025-12-16 23:40:00,1018.61
2025-12-16 23:50:00,1018.5
2025-12-17 00:00:00,1018.37
2025-12-17 00:10:00,1018.2099999999999
2025-12-17 00:20:00,1018.09
2025-12-17 00:30:00,1017.98
2025-12-17 00:40:00,1017.91
2025-12-17 00:50:00,1017.68
2025-12-17 01:00:00,1017.6
2025-12-17 01:10:00,1017.42
2025-12-17 01:20:00,1017.39
2025-12-17 01:30:00,1017.28
2025-12-17 01:40:00,1017.11
2025-12-17 01:50:00,1017.0799999999999
2025-12-17 02:00:00,1017.12
2025-12-17 02:10:00,1016.93
2025-12-17 02:20:00,1016.81
2025-12-17 02:30:00,1016.74
2025-12-17 02:40:00,1016.89
2025-12-17 02:50:00,1017
2025-12-17 03:00:00,1017
2025-12-17 03:10:00,1017.03
2025-12-17 03:20:00,1017.06
2025-12-17 03:30:00,1017.22
2025-12-17 03:40:00,1017.4
2025-12-17 03:50:00,1017.5
2025-12-17 04:00:00,1017.47
2025-12-17 04:10:00,1017.5
2025-12-17 04:20:00,1017.53
2025-12-17 04:30:00,1017.64
2025-12-17 04:40:00,1017.84
2025-12-17 04:50:00,1017.98
2025-12-17 05:00:00,1018.13
2025-12-17 05:10:00,1018.27
2025-12-17 05:20:00,1018.61
2025-12-17 05:30:00,1018.54
2025-12-17 05:40:00,1018.67
2025-12-17 05:50:00,1018.93
2025-12-17 06:00:00,1019.0799999999999
2025-12-17 06:10:00,1019.16
2025-12-17 06:20:00,1019.1999999999999
2025-12-17 06:30:00,1019.4
2025-12-17 06:40:00,1019.56
2025-12-17 06:50:00,1019.64
2025-12-17 07:00:00,1019.84
2025-12-17 07:10:00,1019.9599999999999
2025-12-17 07:20:00,1020.04
2025-12-17 07:30:00,1020.25
2025-12-17 07:40:00,1020.22
2025-12-17 07:50:00,1020.3299999999999
2025-12-17 08:00:00,1020.22
2025-12-17 08:10:00,1020.3299999999999
2025-12-17 08:20:00,1020.37
2025-12-17 08:30:00,1020.34
2025-12-17 08:40:00,1020.4
2025-12-17 08:50:00,1020.34
2025-12-17 09:00:00,1020.34
2025-12-17 09:10:00,1020.28
2025-12-17 09:20:00,1020.15
2025-12-17 09:30:00,1020.03
2025-12-17 09:40:00,1019.88
2025-12-17 09:50:00,1019.73
2025-12-17 10:00:00,1019.77
2025-12-17 10:10:00,1019.68
2025-12-17 10:20:00,1019.63
2025-12-17 10:30:00,1019.41
2025-12-17 10:40:00,1019.26
2025-12-17 10:50:00,1019.15
2025-12-17 11:00:00,1018.87
2025-12-17 11:10:00,1018.73
2025-12-17 11:20:00,1018.56
2025-12-17 11:30:00,1018.5
2025-12-17 11:40:00,1018.3
2025-12-17 11:50:00,1018.13
2025-12-17 12:00:00,1018.0699999999999
2025-12-17 12:10:00,1017.9599999999999
2025-12-17 12:20:00,1017.92
2025-12-17 12:30:00,1017.75
2025-12-17 12:40:00,1017.61
2025-12-17 12:50:00,1017.37
2025-12-17 13:00:00,1017.29
2025-12-17 13:10:00,1017.0699999999999
2025-12-17 13:20:00,1016.9499999999999
2025-12-17 13:30:00,1016.74
2025-12-17 13:40:00,1016.62
2025-12-17 13:50:00,1016.56
2025-12-17 14:00:00,1016.4399999999999
2025-12-17 14:10:00,1016.43
2025-12-17 14:30:00,1016.27
2025-12-17 14:40:00,1016.28
2025-12-17 14:50:00,1016.3
2025-12-17 15:00:00,1016.34
2025-12-17 15:10:00,1016.2099999999999
2025-12-17 15:20:00,1016.2099999999999
2025-12-17 15:30:00,1016.2099999999999
2025-12-17 15:40:00,1016.22
2025-12-17 15:50:00,1016.24
2025-12-17 16:00:00,1016.31
2025-12-17 16:10:00,1016.26
2025-12-17 16:20:00,1016.34
2025-12-17 16:30:00,1016.35
2025-12-17 16:40:00,1016.48
2025-12-17 16:50:00,1016.5799999999999
2025-12-17 17:00:00,1016.68
2025-12-17 17:10:00,1016.73
2025-12-17 17:20:00,1016.9599999999999
2025-12-17 17:30:00,1016.98
2025-12-17 17:40:00,1017.15
2025-12-17 17:50:00,1017.17
2025-12-17 18:00:00,1017.37
2025-12-17 18:10:00,1017.14
2025-12-17 18:20:00,1017.24
2025-12-17 18:30:00,1017.51
2025-12-17 18:40:00,1017.72
2025-12-17 18:50:00,1017.59
2025-12-17 19:00:00,1017.72
2025-12-17 19:10:00,1017.8
2025-12-17 19:20:00,1017.98
2025-12-17 19:30:00,1017.84
2025-12-17 19:40:00,1017.8
2025-12-17 19:50:00,1017.63
2025-12-17 20:00:00,1017.7099999999999
2025-12-17 20:10:00,1017.93
2025-12-17 20:20:00,1018.1899999999999
2025-12-17 20:30:00,1018.15
2025-12-17 20:40:00,1018.24
2025-12-17 20:50:00,1018.56
2025-12-17 21:00:00,1018.55
2025-12-17 21:10:00,1018.43
2025-12-17 21:20:00,1018.4399999999999
2025-12-17 21:30:00,1018.3
2025-12-17 21:40:00,1018.3199999999999
2025-12-17 21:50:00,1018.26
2025-12-17 22:00:00,1018.17
2025-12-17 22:10:00,1018.16
2025-12-17 22:20:00,1017.79
2025-12-17 22:30:00,1017.6899999999999
2025-12-17 22:40:00,1017.9399999999999
2025-12-17 22:50:00,1017.98
2025-12-17 23:00:00,1017.8299999999999
2025-12-17 23:10:00,1017.61
2025-12-17 23:20:00,1017.54
2025-12-17 23:30:00,1017.48
2025-12-17 23:40:00,1017.42
2025-12-17 23:50:00,1017.42
2025-12-18 00:00:00,1017.26
2025-12-18 00:10:00,1017.24
2025-12-18 00:20:00,1017.24
2025-12-18 00:30:00,1017.26
2025-12-18 00:40:00,1017.1899999999999
2025-12-18 00:50:00,1017.18
2025-12-18 01:00:00,1016.97
2025-12-18 01:10:00,1016.73
2025-12-18 01:20:00,1016.76
2025-12-18 01:30:00,1016.64
2025-12-18 01:40:00,1016.5699999999999
2025-12-18 01:50:00,1016.55
2025-12-18 02:00:00,1016.49
2025-12-18 02:10:00,1016.35
2025-12-18 02:20:00,1016.26
2025-12-18 02:30:00,1016.38
2025-12-18 02:40:00,1016.1999999999999
2025-12-18 02:50:00,1016.2099999999999
2025-12-18 03:00:00,1016.27
2025-12-18 03:10:00,1016.2099999999999
2025-12-18 03:20:00,1016.23
2025-12-18 03:30:00,1016.43
2025-12-18 03:40:00,1016.4399999999999
2025-12-18 03:50:00,1016.52
2025-12-18 04:00:00,1016.64
2025-12-18 04:10:00,1016.86
2025-12-18 04:20:00,1016.87
2025-12-18 04:30:00,1017.04
2025-12-18 04:40:00,1017.02
2025-12-18 04:50:00,1017.11
2025-12-18 05:00:00,1017.1
2025-12-18 05:10:00,1017.23
2025-12-18 05:20:00,1017.3299999999999
2025-12-18 05:30:00,1017.1999999999999
2025-12-18 05:40:00,1017.35
2025-12-18 05:50:00,1017.4599999999999
2025-12-18 06:00:00,1017.52
2025-12-18 06:10:00,1017.72
2025-12-18 06:20:00,1017.87
2025-12-18 06:30:00,1018.04
2025-12-18 06:40:00,1018.0699999999999
2025-12-18 06:50:00,1018.26
2025-12-18 07:00:00,1018.43
2025-12-18 07:10:00,1018.48
2025-12-18 07:20:00,1018.64
2025-12-18 07:30:00,1018.8299999999999
2025-12-18 07:40:00,1018.99
2025-12-18 07:50:00,1019.0699999999999
2025-12-18 08:00:00,1019.16
2025-12-18 08:10:00,1019.36
2025-12-18 08:20:00,1019.38
2025-12-18 08:30:00,1019.38
2025-12-18 08:40:00,1019.3199999999999
2025-12-18 08:50:00,1019.36
2025-12-18 09:00:00,1019.52
2025-12-18 09:10:00,1019.62
2025-12-18 09:20:00,1019.67
2025-12-18 09:30:00,1019.68
2025-12-18 09:40:00,1019.68
2025-12-18 09:50:00,1019.6
2025-12-18 10:00:00,1019.5699999999999
2025-12-18 10:10:00,1019.43
2025-12-18 10:20:00,1019.37
2025-12-18 10:30:00,1019.25
2025-12-18 10:40:00,1019.1999999999999
2025-12-18 10:50:00,1019.18
2025-12-18 11:00:00,1019.0799999999999
2025-12-18 11:10:00,1018.98
2025-12-18 11:20:00,1018.73
2025-12-18 11:30:00,1018.5799999999999
2025-12-18 11:40:00,1018.4499999999999
2025-12-18 11:50:00,1018.41
2025-12-18 12:00:00,1018.24
2025-12-18 12:10:00,1018.0799999999999
2025-12-18 12:20:00,1017.91
2025-12-18 12:30:00,1017.77
2025-12-18 12:40:00,1017.6
2025-12-18 12:50:00,1017.4399999999999
2025-12-18 13:00:00,1017.2099999999999
2025-12-18 13:10:00,1017.04
2025-12-18 13:20:00,1016.84
2025-12-18 13:30:00,1016.81
2025-12-18 13:40:00,1016.75
2025-12-18 13:50:00,1016.6899999999999
2025-12-18 14:00:00,1016.65
2025-12-18 14:10:00,1016.5
2025-12-18 14:20:00,1016.54
2025-12-18 14:30:00,1016.5
2025-12-18 14:40:00,1016.53
2025-12-18 14:50:00,1016.49
2025-12-18 15:00:00,1016.55
2025-12-18 15:10:00,1016.49
2025-12-18 15:20:00,1016.3199999999999
2025-12-18 15:30:00,1016.22
2025-12-18 15:40:00,1016.2099999999999
2025-12-18 15:50:00,1016.18
2025-12-18 16:00:00,1016.42
2025-12-18 16:10:00,1016.51
2025-12-18 16:20:00,1016.52
2025-12-18 16:30:00,1016.67
2025-12-18 16:40:00,1016.8199999999999
2025-12-18 16:50:00,1017.03
2025-12-18 17:00:00,1017.16
2025-12-18 17:10:00,1017.17
2025-12-18 17:20:00,1017.23
2025-12-18 17:30:00,1017.31
2025-12-18 17:40:00,1017.38
2025-12-18 17:50:00,1017.3299999999999
2025-12-18 18:00:00,1017.35
2025-12-18 18:10:00,1017.47
2025-12-18 18:20:00,1017.5699999999999
2025-12-18 18:30:00,1017.75
2025-12-18 18:40:00,1017.9
2025-12-18 18:50:00,1018.05
2025-12-18 19:00:00,1018.1
2025-12-18 19:10:00,1018.16
2025-12-18 19:20:00,1018.37
2025-12-18 19:30:00,1018.47
2025-12-18 19:40:00,1018.79
2025-12-18 19:50:00,1018.86
2025-12-18 20:00:00,1018.92
2025-12-18 20:10:00,1019.05
2025-12-18 20:20:00,1019.39
2025-12-18 20:30:00,1019.5799999999999
2025-12-18 20:40:00,1019.6899999999999
2025-12-18 20:50:00,1019.8199999999999
2025-12-18 21:00:00,1019.88
2025-12-18 21:10:00,1019.99
2025-12-18 21:20:00,1020.02
2025-12-18 21:30:00,1019.97
2025-12-18 21:40:00,1019.98
2025-12-18 21:50:00,1019.9
2025-12-18 22:00:00,1019.89
2025-12-18 22:10:00,1019.88
2025-12-18 22:20:00,1019.77
2025-12-18 22:30:00,1019.67
2025-12-18 22:40:00,1019.75
2025-12-18 22:50:00,1019.6
2025-12-18 23:00:00,1019.53
2025-12-18 23:10:00,1019.41
2025-12-18 23:20:00,1019.36
2025-12-18 23:30:00,1019.1999999999999
2025-12-18 23:40:00,1019.09
2025-12-18 23:50:00,1018.9399999999999
2025-12-19 00:00:00,1018.77
2025-12-19 00:10:00,1018.75
2025-12-19 00:20:00,1018.75
2025-12-19 00:30:00,1018.6899999999999
2025-12-19 00:40:00,1018.5699999999999
2025-12-19 00:50:00,1018.5799999999999
2025-12-19 01:00:00,1018.47
2025-12-19 01:10:00,1018.35
2025-12-19 01:20:00,1018.3299999999999
2025-12-19 01:30:00,1018.18
2025-12-19 01:40:00,1018.16
2025-12-19 01:50:00,1018.0699999999999
2025-12-19 02:00:00,1018.17
2025-12-19 02:10:00,1018.12
2025-12-19 02:20:00,1017.9599999999999
2025-12-19 02:30:00,1017.89
2025-12-19 02:40:00,1017.93
2025-12-19 02:50:00,1017.91
2025-12-19 03:00:00,1018.03
2025-12-19 03:10:00,1018.1
2025-12-19 03:20:00,1018.18
2025-12-19 03:30:00,1018.17
2025-12-19 03:40:00,1018.17
2025-12-19 03:50:00,1018.3199999999999
2025-12-19 04:00:00,1018.36
2025-12-19 04:10:00,1018.4599999999999
2025-12-19 04:20:00,1018.4499999999999
2025-12-19 04:30:00,1018.51
2025-12-19 04:40:00,1018.64
2025-12-19 04:50:00,1018.8
2025-12-19 05:00:00,1018.84
2025-12-19 05:10:00,1018.87
2025-12-19 05:20:00,1019.04
2025-12-19 05:30:00,1019.1999999999999
2025-12-19 05:40:00,1019.29
2025-12-19 05:50:00,1019.4499999999999
2025-12-19 06:00:00,1019.67
2025-12-19 06:10:00,1019.91
2025-12-19 06:20:00,1020.11
2025-12-19 06:30:00,1020.28
2025-12-19 06:40:00,1020.47
2025-12-19 06:50:00,1020.62
2025-12-19 07:00:00,1020.77
2025-12-19 07:10:00,1021.03
2025-12-19 07:20:00,1021.18
2025-12-19 07:30:00,1021.37
2025-12-19 07:40:00,1021.39
2025-12-19 07:50:00,1021.3199999999999
2025-12-19 08:00:00,1021.3299999999999
2025-12-19 08:10:00,1021.31
2025-12-19 08:20:00,1021.3299999999999
2025-12-19 08:30:00,1021.43
2025-12-19 08:40:00,1021.4
2025-12-19 08:50:00,1021.49
2025-12-19 09:00:00,1021.56
2025-12-19 09:10:00,1021.72
2025-12-19 09:20:00,1021.8199999999999
2025-12-19 09:30:00,1021.91
2025-12-19 09:40:00,1021.93
2025-12-19 09:50:00,1021.79
2025-12-19 10:00:00,1021.63
2025-12-19 10:10:00,1021.61
2025-12-19 10:20:00,1021.6
2025-12-19 10:30:00,1021.63
2025-12-19 10:40:00,1021.37
2025-12-19 10:50:00,1021.29
2025-12-19 11:00:00,1021.04
2025-12-19 11:10:00,1020.9599999999999
2025-12-19 11:20:00,1020.7099999999999
2025-12-19 11:30:00,1020.59
2025-12-19 11:40:00,1020.67
2025-12-19 11:50:00,1020.52
2025-12-19 12:00:00,1020.36
2025-12-19 12:10:00,1020.29
2025-12-19 12:20:00,1020.18
2025-12-19 12:30:00,1020.18
2025-12-19 12:40:00,1020.09
2025-12-19 12:50:00,1019.88
2025-12-19 13:00:00,1019.66
2025-12-19 13:10:00,1019.53
2025-12-19 13:20:00,1019.4399999999999
2025-12-19 13:30:00,1019.51
2025-12-19 13:40:00,1019.38
2025-12-19 13:50:00,1019.34
2025-12-19 14:00:00,1019.36
2025-12-19 14:10:00,1019.37
2025-12-19 14:30:00,1019.1899999999999
2025-12-19 14:40:00,1019.24
2025-12-19 14:50:00,1019.36
2025-12-19 15:00:00,1019.37
2025-12-19 15:10:00,1019.48
2025-12-19 15:20:00,1019.61
2025-12-19 15:30:00,1019.91
2025-12-19 15:40:00,1020.06
2025-12-19 15:50:00,1019.91
2025-12-19 16:00:00,1019.38
2025-12-19 16:10:00,1018.36
2025-12-19 16:20:00,1018.17
2025-12-19 16:30:00,1018.91
2025-12-19 16:40:00,1019.18
2025-12-19 16:50:00,1019.18
2025-12-19 17:00:00,1019.1899999999999
2025-12-19 17:10:00,1018.7099999999999
2025-12-19 17:20:00,1018.5699999999999
2025-12-19 17:30:00,1018.92
2025-12-19 17:40:00,1019.15
2025-12-19 17:50:00,1019.17
2025-12-19 18:00:00,1019.35
2025-12-19 18:10:00,1019.48
2025-12-19 18:20:00,1019.72
2025-12-19 18:30:00,1019.85
2025-12-19 18:40:00,1019.97
2025-12-19 18:50:00,1020.18
2025-12-19 19:00:00,1020.39
2025-12-19 19:10:00,1020.555
2025-12-19 19:20:00,1020.42
2025-12-19 19:30:00,1020.4599999999999
2025-12-19 19:40:00,1020.4399999999999
2025-12-19 19:50:00,1020.55
2025-12-19 20:00:00,1020.47
2025-12-19 20:10:00,1020.4399999999999
2025-12-19 20:20:00,1020.76
2025-12-19 20:30:00,1020.6899999999999
2025-12-19 20:40:00,1020.68
2025-12-19 20:50:00,1020.7099999999999
2025-12-19 21:00:00,1020.8
2025-12-19 21:10:00,1020.85
2025-12-19 21:20:00,1020.9499999999999
2025-12-19 21:30:00,1020.9
2025-12-19 21:40:00,1020.87
2025-12-19 21:50:00,1020.81
2025-12-19 22:00:00,1020.66
2025-12-19 22:10:00,1020.49
2025-12-19 22:20:00,1020.47
2025-12-19 22:30:00,1020.53
2025-12-19 22:40:00,1020.24
2025-12-19 22:50:00,1020.18
2025-12-19 23:00:00,1020.14
2025-12-19 23:10:00,1020.06
2025-12-19 23:20:00,1019.97
2025-12-19 23:30:00,1019.97
2025-12-19 23:40:00,1019.74
2025-12-19 23:50:00,1019.53
2025-12-20 00:00:00,1019.39
2025-12-20 00:10:00,1019.31
2025-12-20 00:20:00,1019.1999999999999
2025-12-20 00:30:00,1019.13
2025-12-20 00:40:00,1019.04
2025-12-20 00:50:00,1018.98
2025-12-20 01:00:00,1018.99
2025-12-20 01:10:00,1018.93
2025-12-20 01:20:00,1018.92
2025-12-20 01:30:00,1019
2025-12-20 01:40:00,1018.87
2025-12-20 01:50:00,1018.76
2025-12-20 02:00:00,1018.78
2025-12-20 02:10:00,1018.99
2025-12-20 02:20:00,1018.8299999999999
2025-12-20 02:30:00,1018.6999999999999
2025-12-20 02:40:00,1018.5799999999999
2025-12-20 02:50:00,1018.5
2025-12-20 03:00:00,1018.67
2025-12-20 03:10:00,1018.73
2025-12-20 03:20:00,1018.845
2025-12-20 03:30:00,1018.6899999999999
2025-12-20 03:40:00,1018.64
2025-12-20 03:50:00,1018.5699999999999
2025-12-20 04:00:00,1018.77
2025-12-20 04:10:00,1018.73
2025-12-20 04:20:00,1018.8199999999999
2025-12-20 04:30:00,1018.88
2025-12-20 04:40:00,1018.97
2025-12-20 04:50:00,1019.06
2025-12-20 05:00:00,1018.99
2025-12-20 05:10:00,1019.03
2025-12-20 05:20:00,1019.13
2025-12-20 05:30:00,1019.15
2025-12-20 05:40:00,1019.17
2025-12-20 05:50:00,1019.43
2025-12-20 06:00:00,1019.4499999999999
2025-12-20 06:10:00,1019.55
2025-12-20 06:20:00,1019.59
2025-12-20 06:30:00,1019.72
2025-12-20 06:40:00,1019.85
2025-12-20 06:50:00,1019.98
2025-12-20 07:00:00,1020.0799999999999
2025-12-20 07:10:00,1020.12
2025-12-20 07:20:00,1020.27
2025-12-20 07:30:00,1020.4
2025-12-20 07:40:00,1020.54
2025-12-20 07:50:00,1020.65
2025-12-20 08:00:00,1020.75
2025-12-20 08:10:00,1020.8299999999999
2025-12-20 08:20:00,1020.8
2025-12-20 08:30:00,1020.81
2025-12-20 08:40:00,1020.87
2025-12-20 08:50:00,1020.88
2025-12-20 09:00:00,1020.87
2025-12-20 09:10:00,1020.81
2025-12-20 09:20:00,1020.76
2025-12-20 09:30:00,1020.8299999999999
2025-12-20 09:40:00,1020.6999999999999
2025-12-20 09:50:00,1020.75
2025-12-20 10:00:00,1020.66
2025-12-20 10:10:00,1020.5
2025-12-20 10:20:00,1020.36
2025-12-20 10:30:00,1020.16
2025-12-20 10:40:00,1019.98
2025-12-20 10:50:00,1019.9
2025-12-20 11:00:00,1019.79
2025-12-20 11:10:00,1019.67
2025-12-20 11:20:00,1019.63
2025-12-20 11:30:00,1019.49
2025-12-20 11:40:00,1019.43
2025-12-20 11:50:00,1019.34
2025-12-20 12:00:00,1019.13
2025-12-20 12:10:00,1018.87
2025-12-20 12:20:00,1018.72
2025-12-20 12:30:00,1018.54
2025-12-20 12:40:00,1018.15
2025-12-20 12:50:00,1018
2025-12-20 13:00:00,1017.9499999999999
2025-12-20 13:10:00,1017.73
2025-12-20 13:20:00,1017.66
2025-12-20 13:30:00,1017.4
2025-12-20 13:40:00,1017.3299999999999
2025-12-20 13:50:00,1017.18
2025-12-20 14:00:00,1016.99
2025-12-20 14:10:00,1016.99
2025-12-20 14:20:00,1016.9499999999999
2025-12-20 14:30:00,1016.87
2025-12-20 14:40:00,1016.7099999999999
2025-12-20 14:50:00,1016.6999999999999
2025-12-20 15:00:00,1016.74
2025-12-20 15:10:00,1016.79
2025-12-20 15:20:00,1016.84
2025-12-20 15:30:00,1016.79
2025-12-20 15:40:00,1016.73
2025-12-20 15:50:00,1016.8
2025-12-20 16:00:00,1016.9
2025-12-20 16:10:00,1016.93
2025-12-20 16:20:00,1016.9499999999999
2025-12-20 16:30:00,1017.02
2025-12-20 16:40:00,1017.17
2025-12-20 16:50:00,1017.25
2025-12-20 17:00:00,1017.42
2025-12-20 17:10:00,1017.52
2025-12-20 17:20:00,1017.5799999999999
2025-12-20 17:30:00,1017.6
2025-12-20 17:40:00,1017.61
2025-12-20 17:50:00,1017.6999999999999
2025-12-20 18:00:00,1017.79
2025-12-20 18:10:00,1017.92
2025-12-20 18:20:00,1018.04
2025-12-20 18:30:00,1018.17
2025-12-20 18:40:00,1018.27
2025-12-20 18:50:00,1018.3199999999999
2025-12-20 19:00:00,1018.4499999999999
2025-12-20 19:10:00,1018.5
2025-12-20 19:20:00,1018.67
2025-12-20 19:30:00,1018.87
2025-12-20 19:40:00,1018.9399999999999
2025-12-20 19:50:00,1019.03
2025-12-20 20:00:00,1019.22
2025-12-20 20:10:00,1019.34
2025-12-20 20:20:00,1019.41
2025-12-20 20:30:00,1019.48
2025-12-20 20:40:00,1019.53
2025-12-20 20:50:00,1019.64
2025-12-20 21:00:00,1019.67
2025-12-20 21:10:00,1019.6899999999999
2025-12-20 21:20:00,1019.68
2025-12-20 21:30:00,1019.72
2025-12-20 21:40:00,1019.75
2025-12-20 21:50:00,1019.6999999999999
2025-12-20 22:00:00,1019.5699999999999
2025-12-20 22:10:00,1019.67
2025-12-20 22:20:00,1019.66
2025-12-20 22:30:00,1019.72
2025-12-20 22:40:00,1019.67
2025-12-20 22:50:00,1019.62
2025-12-20 23:00:00,1019.61
2025-12-20 23:10:00,1019.5
2025-12-20 23:20:00,1019.53
2025-12-20 23:30:00,1019.5
2025-12-20 23:40:00,1019.37
2025-12-20 23:50:00,1019.37
2025-12-21 00:00:00,1019.23
2025-12-21 00:10:00,1019.3
2025-12-21 00:20:00,1019.27
2025-12-21 00:30:00,1019.25
2025-12-21 00:40:00,1019.25
2025-12-21 00:50:00,1019.06
2025-12-21 01:00:00,1018.88
2025-12-21 01:10:00,1018.75
2025-12-21 01:20:00,1018.65
2025-12-21 01:30:00,1018.64
2025-12-21 01:40:00,1018.56
2025-12-21 01:50:00,1018.4599999999999
2025-12-21 02:00:00,1018.39
2025-12-21 02:10:00,1018.39
2025-12-21 02:20:00,1018.24
2025-12-21 02:30:00,1018.15
2025-12-21 02:40:00,1018.11
2025-12-21 02:50:00,1018.03
2025-12-21 03:00:00,1018
2025-12-21 03:10:00,1018.1
2025-12-21 03:20:00,1018.17
2025-12-21 03:30:00,1018.23
2025-12-21 03:40:00,1018.22
2025-12-21 03:50:00,1018.23
2025-12-21 04:00:00,1018.2099999999999
2025-12-21 04:10:00,1018.25
2025-12-21 04:20:00,1018.28
2025-12-21 04:30:00,1018.39
2025-12-21 04:40:00,1018.51
2025-12-21 04:50:00,1018.52
2025-12-21 05:00:00,1018.53
2025-12-21 05:10:00,1018.6899999999999
2025-12-21 05:20:00,1018.65
2025-12-21 05:30:00,1018.77
2025-12-21 05:40:00,1018.8299999999999
2025-12-21 05:50:00,1019
2025-12-21 06:00:00,1019.1
2025-12-21 06:10:00,1019.3199999999999
2025-12-21 06:20:00,1019.51
2025-12-21 06:30:00,1019.47
2025-12-21 06:40:00,1019.52
2025-12-21 06:50:00,1019.76
2025-12-21 07:00:00,1019.81
2025-12-21 07:10:00,1019.93
2025-12-21 07:20:00,1020.01
2025-12-21 07:30:00,1020.16
2025-12-21 07:40:00,1020.11
2025-12-21 07:50:00,1020.27
2025-12-21 08:00:00,1020.27
2025-12-21 08:10:00,1020.35
2025-12-21 08:20:00,1020.4
2025-12-21 08:30:00,1020.42
2025-12-21 08:40:00,1020.52
2025-12-21 08:50:00,1020.4499999999999
2025-12-21 09:00:00,1020.5799999999999
2025-12-21 09:10:00,1020.68
2025-12-21 09:20:00,1020.72
2025-12-21 09:30:00,1020.8
2025-12-21 09:40:00,1020.8299999999999
2025-12-21 09:50:00,1020.87
2025-12-21 10:00:00,1020.89
2025-12-21 10:10:00,1020.99
2025-12-21 10:20:00,1020.93
2025-12-21 10:30:00,1020.73
2025-12-21 10:40:00,1020.63
2025-12-21 10:50:00,1020.64
2025-12-21 11:00:00,1020.52
2025-12-21 11:10:00,1020.52
2025-12-21 11:20:00,1020.4399999999999
2025-12-21 11:30:00,1020.27
2025-12-21 11:40:00,1020.05
2025-12-21 11:50:00,1019.81
2025-12-21 12:00:00,1019.74
2025-12-21 12:10:00,1019.54
2025-12-21 12:20:00,1019.41
2025-12-21 12:30:00,1019.09
2025-12-21 12:40:00,1018.8299999999999
2025-12-21 12:50:00,1018.73
2025-12-21 13:00:00,1018.4599999999999
2025-12-21 13:10:00,1018.29
2025-12-21 13:20:00,1018.28
2025-12-21 13:30:00,1018.18
2025-12-21 13:40:00,1018.16
2025-12-21 13:50:00,1018.14
2025-12-21 14:00:00,1018.11
2025-12-21 14:10:00,1018.02
2025-12-21 14:20:00,1017.99
2025-12-21 14:30:00,1017.9
2025-12-21 14:40:00,1017.89
2025-12-21 14:50:00,1017.9499999999999
2025-12-21 15:00:00,1017.9499999999999
2025-12-21 15:10:00,1017.92
2025-12-21 15:20:00,1017.87
2025-12-21 15:30:00,1017.8299999999999
2025-12-21 15:40:00,1017.81
2025-12-21 15:50:00,1017.84
2025-12-21 16:00:00,1017.93
2025-12-21 16:10:00,1017.99
2025-12-21 16:20:00,1018.11
2025-12-21 16:30:00,1018.13
2025-12-21 16:40:00,1018.26
2025-12-21 16:50:00,1018.31
2025-12-21 17:00:00,1018.3299999999999
2025-12-21 17:10:00,1018.48
2025-12-21 17:20:00,1018.43
2025-12-21 17:30:00,1018.56
2025-12-21 17:40:00,1018.66
2025-12-21 17:50:00,1018.77
2025-12-21 18:00:00,1018.9
2025-12-21 18:10:00,1018.97
2025-12-21 18:20:00,1019.1
2025-12-21 18:30:00,1019.16
2025-12-21 18:40:00,1019.35
2025-12-21 18:50:00,1019.4
2025-12-21 19:00:00,1019.5699999999999
2025-12-21 19:10:00,1019.61
2025-12-21 19:20:00,1019.77
2025-12-21 19:30:00,1019.9
2025-12-21 19:40:00,1019.9499999999999
2025-12-21 19:50:00,1020.02
2025-12-21 20:00:00,1020.1
2025-12-21 20:10:00,1020.28
2025-12-21 20:20:00,1020.3199999999999
2025-12-21 20:30:00,1020.31
2025-12-21 20:40:00,1020.48
2025-12-21 20:50:00,1020.5699999999999
2025-12-21 21:00:00,1020.66
2025-12-21 21:10:00,1020.75
2025-12-21 21:20:00,1020.8
2025-12-21 21:30:00,1020.8299999999999
2025-12-21 21:40:00,1020.8199999999999
2025-12-21 21:50:00,1020.84
2025-12-21 22:00:00,1020.8
2025-12-21 22:10:00,1020.81
2025-12-21 22:20:00,1020.79
2025-12-21 22:30:00,1020.8299999999999
2025-12-21 22:40:00,1020.76
2025-12-21 22:50:00,1020.74
2025-12-21 23:00:00,1020.68
2025-12-21 23:10:00,1020.59
2025-12-21 23:20:00,1020.4499999999999
2025-12-21 23:30:00,1020.3299999999999
2025-12-21 23:40:00,1020.23
2025-12-21 23:50:00,1020.0799999999999
2025-12-22 00:00:00,1020.0699999999999
2025-12-22 00:10:00,1020
2025-12-22 00:20:00,1019.88
2025-12-22 00:30:00,1019.72
2025-12-22 00:40:00,1019.56
2025-12-22 00:50:00,1019.41
2025-12-22 01:00:00,1019.1999999999999
2025-12-22 01:10:00,1019.03
2025-12-22 01:20:00,1018.89
2025-12-22 01:30:00,1018.8
2025-12-22 01:40:00,1018.64
2025-12-22 01:50:00,1018.5799999999999
2025-12-22 02:00:00,1018.4399999999999
2025-12-22 02:10:00,1018.3
2025-12-22 02:20:00,1018.2099999999999
2025-12-22 02:30:00,1018.26
2025-12-22 02:40:00,1018.26
2025-12-22 02:50:00,1018.26
2025-12-22 03:00:00,1018.3199999999999
2025-12-22 03:10:00,1018.34
2025-12-22 03:20:00,1018.37
2025-12-22 03:30:00,1018.52
2025-12-22 03:40:00,1018.68
2025-12-22 03:50:00,1018.74
2025-12-22 04:00:00,1018.8
2025-12-22 04:10:00,1018.86
2025-12-22 04:20:00,1018.9399999999999
2025-12-22 04:30:00,1018.8199999999999
2025-12-22 04:40:00,1018.92
2025-12-22 04:50:00,1018.91
2025-12-22 05:00:00,1019.04
2025-12-22 05:10:00,1019.09
2025-12-22 05:20:00,1019.25
2025-12-22 05:30:00,1019.39
2025-12-22 05:40:00,1019.51
2025-12-22 05:50:00,1019.55
2025-12-22 06:00:00,1019.5699999999999
2025-12-22 06:10:00,1019.66
2025-12-22 06:20:00,1019.6899999999999
2025-12-22 06:30:00,1019.75
2025-12-22 06:40:00,1019.97
2025-12-22 06:50:00,1020.11
2025-12-22 07:00:00,1020.27
2025-12-22 07:10:00,1020.38
2025-12-22 07:20:00,1020.6
2025-12-22 07:30:00,1020.67
2025-12-22 07:40:00,1020.78
2025-12-22 07:50:00,1020.7099999999999
2025-12-22 08:00:00,1020.79
2025-12-22 08:10:00,1021.0699999999999
2025-12-22 08:20:00,1021.1899999999999
2025-12-22 08:30:00,1021.26
2025-12-22 08:40:00,1021.29
2025-12-22 08:50:00,1021.3
2025-12-22 09:00:00,1021.24
2025-12-22 09:10:00,1021.02
2025-12-22 09:20:00,1020.9599999999999
2025-12-22 09:30:00,1021.09
2025-12-22 09:40:00,1020.97
2025-12-22 09:50:00,1020.85
2025-12-22 10:00:00,1020.78
2025-12-22 10:10:00,1020.6899999999999
2025-12-22 10:20:00,1020.5799999999999
2025-12-22 10:30:00,1020.49
2025-12-22 10:40:00,1020.43
2025-12-22 10:50:00,1020.41
2025-12-22 11:00:00,1020.34
2025-12-22 12:00:00,1019.51
2025-12-22 12:10:00,1019.34
2025-12-22 12:20:00,1019.0799999999999
2025-12-22 12:30:00,1018.86
2025-12-22 12:40:00,1018.5699999999999
2025-12-22 12:50:00,1018.43
2025-12-22 13:00:00,1018.25
2025-12-22 13:10:00,1018.05
2025-12-22 13:20:00,1017.9499999999999
2025-12-22 13:30:00,1017.86
2025-12-22 13:40:00,1017.75
2025-12-22 13:50:00,1017.55
2025-12-22 14:00:00,1017.4399999999999
2025-12-22 14:10:00,1017.28
2025-12-22 14:20:00,1017.24
2025-12-22 14:30:00,1017.09
2025-12-22 14:40:00,1017
2025-12-22 14:50:00,1016.91
2025-12-22 15:00:00,1016.9
2025-12-22 15:10:00,1016.87
2025-12-22 15:20:00,1016.8299999999999
2025-12-22 15:30:00,1016.85
2025-12-22 15:40:00,1016.8199999999999
2025-12-22 15:50:00,1016.79
2025-12-22 16:00:00,1016.87
2025-12-22 16:10:00,1017.03
2025-12-22 16:20:00,1017.09
2025-12-22 16:30:00,1017.06
2025-12-22 16:40:00,1017.22
2025-12-22 16:50:00,1017.37
2025-12-22 17:00:00,1017.5
2025-12-22 17:10:00,1017.6
2025-12-22 17:20:00,1017.5699999999999
2025-12-22 17:30:00,1017.79
2025-12-22 17:40:00,1017.86
2025-12-22 17:50:00,1017.86
2025-12-22 18:00:00,1017.93
2025-12-22 18:10:00,1017.92
2025-12-22 18:20:00,1017.93
2025-12-22 18:30:00,1018.12
2025-12-22 18:40:00,1018.09
2025-12-22 18:50:00,1018.23
2025-12-22 19:00:00,1018.29
2025-12-22 19:10:00,1018.47
2025-12-22 19:20:00,1018.53
2025-12-22 19:30:00,1018.59
2025-12-22 19:40:00,1018.62
2025-12-22 19:50:00,1018.65
2025-12-22 20:00:00,1018.77
2025-12-22 20:10:00,1018.85
2025-12-22 20:20:00,1018.93
2025-12-22 20:30:00,1019.0799999999999
2025-12-22 20:40:00,1019.15
2025-12-22 20:50:00,1019.22
2025-12-22 21:00:00,1019.26
2025-12-22 21:10:00,1019.17
2025-12-22 21:20:00,1019.22
2025-12-22 21:30:00,1019.26
2025-12-22 21:40:00,1019.38
2025-12-22 21:50:00,1019.4499999999999
2025-12-22 22:00:00,1019.5
2025-12-22 22:10:00,1019.52
2025-12-22 22:20:00,1019.56
2025-12-22 22:30:00,1019.54
2025-12-22 22:40:00,1019.56
2025-12-22 22:50:00,1019.55
2025-12-22 23:00:00,1019.48
2025-12-22 23:10:00,1019.47
2025-12-22 23:20:00,1019.47
2025-12-22 23:30:00,1019.28
2025-12-22 23:40:00,1019.29
2025-12-22 23:50:00,1019.1899999999999
2025-12-23 00:00:00,1019.27
2025-12-23 00:10:00,1019.3199999999999
2025-12-23 00:20:00,1019.27
2025-12-23 00:30:00,1018.8299999999999
2025-12-23 00:40:00,1018.73
2025-12-23 00:50:00,1018.7099999999999
2025-12-23 01:00:00,1018.68
2025-12-23 01:10:00,1018.7349999999999
2025-12-23 01:20:00,1018.41
2025-12-23 01:30:00,1018.27
2025-12-23 01:40:00,1018.09
2025-12-23 01:50:00,1018.09
2025-12-23 02:00:00,1018.01
2025-12-23 02:10:00,1018.15
2025-12-23 02:20:00,1018.0799999999999
2025-12-23 02:30:00,1017.93
2025-12-23 02:40:00,1017.72
2025-12-23 02:50:00,1017.79
2025-12-23 03:00:00,1018.02
2025-12-23 03:10:00,1018.12
2025-12-23 03:20:00,1018.1999999999999
2025-12-23 03:30:00,1018.3
2025-12-23 03:40:00,1018.17
2025-12-23 03:50:00,1018.18
2025-12-23 04:00:00,1018.29
2025-12-23 04:10:00,1018.3299999999999
2025-12-23 04:20:00,1018.3299999999999
2025-12-23 04:30:00,1018.29
2025-12-23 04:40:00,1018.23
2025-12-23 04:50:00,1018.3299999999999
2025-12-23 05:00:00,1018.4399999999999
2025-12-23 05:10:00,1018.5
2025-12-23 05:20:00,1018.63
2025-12-23 05:30:00,1018.7099999999999
2025-12-23 05:40:00,1018.7099999999999
2025-12-23 05:50:00,1018.88
2025-12-23 06:00:00,1019
2025-12-23 06:10:00,1019.13
2025-12-23 06:20:00,1019.3299999999999
2025-12-23 06:30:00,1019.48
2025-12-23 06:40:00,1019.78
2025-12-23 06:50:00,1019.9
2025-12-23 07:00:00,1020.14
2025-12-23 07:10:00,1020.36
2025-12-23 07:20:00,1020.4399999999999
2025-12-23 07:30:00,1020.53
2025-12-23 07:40:00,1020.65
2025-12-23 07:50:00,1020.7099999999999
2025-12-23 08:00:00,1020.76
2025-12-23 08:10:00,1020.92
2025-12-23 08:20:00,1020.91
2025-12-23 08:30:00,1020.97
2025-12-23 08:40:00,1021.02
2025-12-23 08:50:00,1020.9499999999999
2025-12-23 09:00:00,1020.88
2025-12-23 09:10:00,1020.89
2025-12-23 09:20:00,1021.0799999999999
2025-12-23 09:30:00,1021.15
2025-12-23 09:40:00,1021.13
2025-12-23 09:50:00,1021.22
2025-12-23 10:00:00,1021.14
2025-12-23 10:10:00,1021.09
2025-12-23 10:20:00,1020.97
2025-12-23 10:30:00,1020.92
2025-12-23 10:40:00,1020.8299999999999
2025-12-23 10:50:00,1020.8
2025-12-23 11:00:00,1020.72
2025-12-23 11:10:00,1020.62
2025-12-23 11:20:00,1020.41
2025-12-23 11:30:00,1020.3
2025-12-23 11:40:00,1020.18
2025-12-23 11:50:00,1020.01
2025-12-23 12:00:00,1019.78
2025-12-23 12:10:00,1019.61
2025-12-23 12:20:00,1019.6
2025-12-23 12:30:00,1019.43
2025-12-23 12:40:00,1019.29
2025-12-23 12:50:00,1019.18
2025-12-23 13:00:00,1019
2025-12-23 13:10:00,1018.87
2025-12-23 13:20:00,1018.63
2025-12-23 13:30:00,1018.49
2025-12-23 13:40:00,1018.4499999999999
2025-12-23 13:50:00,1018.29
2025-12-23 14:00:00,1018.1899999999999
2025-12-23 14:10:00,1018.12
2025-12-23 14:20:00,1018.02
2025-12-23 14:30:00,1018.03
2025-12-23 14:40:00,1017.91
2025-12-23 14:50:00,1017.87
2025-12-23 15:00:00,1017.78
2025-12-23 15:10:00,1017.75
2025-12-23 15:20:00,1017.8
2025-12-23 15:30:00,1017.88
2025-12-23 15:40:00,1017.9399999999999
2025-12-23 15:50:00,1018.05
2025-12-23 16:00:00,1018.04
2025-12-23 16:10:00,1018.12
2025-12-23 16:20:00,1018.23
2025-12-23 16:30:00,1018.1899999999999
2025-12-23 16:40:00,1018.23
2025-12-23 16:50:00,1018.18
2025-12-23 17:00:00,1018.3
2025-12-23 17:10:00,1018.27
2025-12-23 17:20:00,1018.36
2025-12-23 17:30:00,1018.35
2025-12-23 17:40:00,1018.4
2025-12-23 17:50:00,1018.54
2025-12-23 18:00:00,1018.52
2025-12-23 18:10:00,1018.59
2025-12-23 18:20:00,1018.75
2025-12-23 18:30:00,1018.9599999999999
2025-12-23 18:40:00,1019.05
2025-12-23 18:50:00,1019.11
2025-12-23 19:00:00,1019.28
2025-12-23 19:10:00,1019.35
2025-12-23 19:20:00,1019.51
2025-12-23 19:30:00,1019.67
2025-12-23 19:40:00,1019.76
2025-12-23 19:50:00,1019.9
2025-12-23 20:00:00,1019.9399999999999
2025-12-23 20:10:00,1019.9499999999999
2025-12-23 20:20:00,1020.03
2025-12-23 20:30:00,1020.04
2025-12-23 20:40:00,1020.0799999999999
2025-12-23 20:50:00,1020.1
2025-12-23 21:00:00,1020.18
2025-12-23 21:10:00,1020.18
2025-12-23 21:20:00,1020.22
2025-12-23 21:30:00,1020.14
2025-12-23 21:40:00,1020.2099999999999
2025-12-23 21:50:00,1020.18
2025-12-23 22:00:00,1020.18
2025-12-23 22:10:00,1020.22
2025-12-23 22:20:00,1019.9399999999999
2025-12-23 22:30:00,1019.9599999999999
2025-12-23 22:40:00,1020.02
2025-12-23 22:50:00,1019.9
2025-12-23 23:00:00,1019.8299999999999
2025-12-23 23:10:00,1019.81
2025-12-23 23:20:00,1019.78
2025-12-23 23:30:00,1019.75
2025-12-23 23:40:00,1019.6899999999999
2025-12-23 23:50:00,1019.54
2025-12-24 00:00:00,1019.4499999999999
2025-12-24 00:10:00,1019.4399999999999
2025-12-24 00:20:00,1019.42
2025-12-24 00:30:00,1019.24
2025-12-24 00:40:00,1019.34
2025-12-24 00:50:00,1019.85
2025-12-24 01:00:00,1019.808
2025-12-24 01:10:00,1019.9724999999999
2025-12-24 01:20:00,1020.3683333333333
2025-12-24 01:30:00,1020.402
2025-12-24 01:40:00,1020.305
2025-12-24 01:50:00,1020.3
2025-12-24 02:00:00,1019.9499999999999
2025-12-24 02:10:00,1019.4599999999999
2025-12-24 02:20:00,1019.66
2025-12-24 02:30:00,1019.63
2025-12-24 02:40:00,1019.53
2025-12-24 02:50:00,1019.4399999999999
2025-12-24 03:00:00,1019.52
2025-12-24 03:10:00,1019.4399999999999
2025-12-24 03:20:00,1019.28
2025-12-24 03:30:00,1019.15
2025-12-24 03:40:00,1019.14
2025-12-24 03:50:00,1019.17
2025-12-24 04:00:00,1019.31
2025-12-24 04:10:00,1019.655
2025-12-24 04:20:00,1019.61
2025-12-24 04:30:00,1019.5799999999999
2025-12-24 04:40:00,1019.48
2025-12-24 04:50:00,1019.55
2025-12-24 05:00:00,1019.68
2025-12-24 05:10:00,1019.89
2025-12-24 05:20:00,1019.89
2025-12-24 05:30:00,1019.9499999999999
2025-12-24 05:40:00,1019.9399999999999
2025-12-24 05:50:00,1020.09
2025-12-24 06:00:00,1020.0699999999999
2025-12-24 06:10:00,1020.17
2025-12-24 06:20:00,1020.3199999999999
2025-12-24 06:30:00,1020.48
2025-12-24 06:40:00,1020.63
2025-12-24 06:50:00,1020.8199999999999
2025-12-24 07:00:00,1020.93
2025-12-24 07:10:00,1021.13
2025-12-24 07:20:00,1021.28
2025-12-24 07:30:00,1021.37
2025-12-24 07:40:00,1021.48
2025-12-24 07:50:00,1021.59
2025-12-24 08:00:00,1021.64
2025-12-24 08:10:00,1021.6999999999999
2025-12-24 08:20:00,1021.76
2025-12-24 08:30:00,1021.87
2025-12-24 08:40:00,1021.87
2025-12-24 08:50:00,1021.84
2025-12-24 09:00:00,1021.8199999999999
2025-12-24 09:10:00,1021.76
2025-12-24 09:20:00,1021.77
2025-12-24 09:30:00,1021.7099999999999
2025-12-24 09:40:00,1021.65
2025-12-24 09:50:00,1021.74
2025-12-24 10:00:00,1021.72
2025-12-24 10:10:00,1021.68
2025-12-24 10:20:00,1021.51
2025-12-24 10:30:00,1021.4599999999999
2025-12-24 10:40:00,1021.39
2025-12-24 10:50:00,1021.26
2025-12-24 11:00:00,1021.1899999999999
2025-12-24 11:10:00,1021.0699999999999
2025-12-24 11:20:00,1020.9499999999999
2025-12-24 11:30:00,1020.84
2025-12-24 11:40:00,1020.62
2025-12-24 12:00:00,1020.36
2025-12-24 12:10:00,1020.1899999999999
2025-12-24 12:20:00,1020.06
2025-12-24 12:30:00,1019.76
2025-12-24 12:40:00,1019.55
2025-12-24 12:50:00,1019.38
2025-12-24 13:00:00,1019.22
2025-12-24 13:10:00,1019.01
2025-12-24 13:20:00,1018.76
2025-12-24 13:30:00,1018.67
2025-12-24 13:40:00,1018.5799999999999
2025-12-24 13:50:00,1018.48
2025-12-24 14:00:00,1018.3199999999999
2025-12-24 14:10:00,1018.35
2025-12-24 14:20:00,1018.1899999999999
2025-12-24 14:30:00,1018
2025-12-24 14:40:00,1018.0699999999999
2025-12-24 14:50:00,1018.11
2025-12-24 15:00:00,1018.17
2025-12-24 15:10:00,1018.18
2025-12-24 15:20:00,1018.14
2025-12-24 15:30:00,1018.1899999999999
2025-12-24 15:40:00,1018.31
2025-12-24 15:50:00,1018.34
2025-12-24 16:00:00,1018.41
2025-12-24 16:10:00,1018.47
2025-12-24 16:20:00,1018.51
2025-12-24 16:30:00,1018.7099999999999
2025-12-24 16:40:00,1018.79
2025-12-24 16:50:00,1018.85
2025-12-24 17:00:00,1018.93
2025-12-24 17:10:00,1018.97
2025-12-24 17:20:00,1019.04
2025-12-24 17:30:00,1019.1899999999999
2025-12-24 17:40:00,1019.34
2025-12-24 17:50:00,1019.4
2025-12-24 18:00:00,1019.5799999999999
2025-12-24 18:10:00,1019.78
2025-12-24 18:20:00,1019.9
2025-12-24 18:30:00,1020.06
2025-12-24 18:40:00,1020.17
2025-12-24 18:50:00,1020.1999999999999
2025-12-24 19:00:00,1020.25
2025-12-24 19:10:00,1020.47
2025-12-24 19:20:00,1020.5699999999999
2025-12-24 19:30:00,1020.79
2025-12-24 19:40:00,1020.9
2025-12-24 19:50:00,1020.92
2025-12-24 20:00:00,1021
2025-12-24 20:10:00,1021.02
2025-12-24 20:20:00,1021.15
2025-12-24 20:30:00,1021.3299999999999
2025-12-24 20:40:00,1021.43
2025-12-24 20:50:00,1021.4
2025-12-24 21:00:00,1021.37
2025-12-24 21:10:00,1021.3299999999999
2025-12-24 21:20:00,1021.3
2025-12-24 21:30:00,1021.29
2025-12-24 21:40:00,1021.38
2025-12-24 21:50:00,1021.37
2025-12-24 22:00:00,1021.53
2025-12-24 22:10:00,1021.73
2025-12-24 22:20:00,1021.6899999999999
2025-12-24 22:30:00,1021.47
2025-12-24 22:40:00,1021.24
2025-12-24 22:50:00,1021.14
2025-12-24 23:00:00,1020.98
2025-12-24 23:10:00,1020.86
2025-12-24 23:20:00,1020.8
2025-12-24 23:30:00,1020.76
2025-12-24 23:40:00,1020.65
2025-12-24 23:50:00,1020.53
2025-12-25 00:00:00,1020.37
2025-12-25 00:10:00,1020.28
2025-12-25 00:20:00,1020.06
2025-12-25 00:30:00,1020.0799999999999
2025-12-25 00:40:00,1020.03
2025-12-25 00:50:00,1019.8299999999999
2025-12-25 01:00:00,1019.8299999999999
2025-12-25 01:10:00,1019.6
2025-12-25 01:20:00,1019.4399999999999
2025-12-25 01:30:00,1019.27
2025-12-25 01:40:00,1019.29
2025-12-25 01:50:00,1019.23
2025-12-25 02:00:00,1019.1899999999999
2025-12-25 02:10:00,1019.05
2025-12-25 02:20:00,1019.05
2025-12-25 02:30:00,1019.03
2025-12-25 02:40:00,1018.98
2025-12-25 02:50:00,1019.01
2025-12-25 03:00:00,1019.03
2025-12-25 03:10:00,1019.06
2025-12-25 03:20:00,1019.03
2025-12-25 03:30:00,1019.02
2025-12-25 03:40:00,1019.09
2025-12-25 03:50:00,1019.15
2025-12-25 04:00:00,1019.24
2025-12-25 04:10:00,1019.4
2025-12-25 04:20:00,1019.43
2025-12-25 04:30:00,1019.4
2025-12-25 04:40:00,1019.51
2025-12-25 04:50:00,1019.5699999999999
2025-12-25 05:00:00,1019.61
2025-12-25 05:10:00,1019.67
2025-12-25 05:20:00,1019.81
2025-12-25 05:30:00,1019.77
2025-12-25 05:40:00,1019.86
2025-12-25 05:50:00,1019.91
2025-12-25 06:00:00,1019.9
2025-12-25 06:10:00,1019.97
2025-12-25 06:20:00,1020.0699999999999
2025-12-25 06:30:00,1020.2099999999999
2025-12-25 06:40:00,1020.36
2025-12-25 06:50:00,1020.53
2025-12-25 07:00:00,1020.6999999999999
2025-12-25 07:10:00,1020.8199999999999
2025-12-25 07:20:00,1021
2025-12-25 07:30:00,1021.26
2025-12-25 07:40:00,1021.78
2025-12-25 07:50:00,1022
2025-12-25 08:00:00,1022.1133333333333
2025-12-25 08:10:00,1022.185
2025-12-25 08:20:00,1022.18
2025-12-25 08:30:00,1022.3720000000001
2025-12-25 08:40:00,1022.305
2025-12-25 08:50:00,1022.24
2025-12-25 09:00:00,1022.06
2025-12-25 09:10:00,1022.09
2025-12-25 09:20:00,1022.09
2025-12-25 09:30:00,1022.1
2025-12-25 09:40:00,1022.1622222222221
2025-12-25 09:50:00,1022.0799999999999
2025-12-25 10:00:00,1022.05
2025-12-25 10:10:00,1022.12
2025-12-25 10:20:00,1022.02
2025-12-25 10:30:00,1021.99
2025-12-25 10:40:00,1021.9449999999999
2025-12-25 10:50:00,1021.73
2025-12-25 11:00:00,1021.42
2025-12-25 11:10:00,1021.15
2025-12-25 11:20:00,1020.89
2025-12-25 11:30:00,1020.72
2025-12-25 11:40:00,1020.49
2025-12-25 11:50:00,1020.22
2025-12-25 12:00:00,1020.02
2025-12-25 12:10:00,1019.655
2025-12-25 12:20:00,1019.31
2025-12-25 12:30:00,1019.01
2025-12-25 12:40:00,1018.8299999999999
2025-12-25 12:50:00,1018.68
2025-12-25 13:00:00,1018.43
2025-12-25 13:10:00,1018.3
2025-12-25 13:20:00,1018.1899999999999
2025-12-25 13:30:00,1018.18
2025-12-25 13:40:00,1018.09
2025-12-25 13:50:00,1017.86
2025-12-25 14:00:00,1017.81
2025-12-25 14:10:00,1017.77
2025-12-25 14:20:00,1017.8
2025-12-25 14:30:00,1017.72
2025-12-25 14:40:00,1017.7099999999999
2025-12-25 14:50:00,1017.76
2025-12-25 15:00:00,1017.79
2025-12-25 15:10:00,1017.66
2025-12-25 15:20:00,1017.54
2025-12-25 15:30:00,1017.61
2025-12-25 15:40:00,1017.6
2025-12-25 15:50:00,1017.59
2025-12-25 16:00:00,1017.62
2025-12-25 16:10:00,1017.63
2025-12-25 16:20:00,1017.7099999999999
2025-12-25 16:30:00,1017.68
2025-12-25 16:40:00,1017.7099999999999
2025-12-25 16:50:00,1017.85
2025-12-25 17:00:00,1017.99
2025-12-25 17:10:00,1018.01
2025-12-25 17:20:00,1018.04
2025-12-25 17:30:00,1018.03
2025-12-25 17:40:00,1018.03
2025-12-25 17:50:00,1018.24
2025-12-25 18:00:00,1018.34
2025-12-25 18:10:00,1018.56
2025-12-25 18:20:00,1018.81
2025-12-25 18:30:00,1019.03
2025-12-25 18:40:00,1019.1999999999999
2025-12-25 18:50:00,1019.36
2025-12-25 19:00:00,1019.51
2025-12-25 19:10:00,1019.6899999999999
2025-12-25 19:20:00,1019.9399999999999
2025-12-25 19:30:00,1020.09
2025-12-25 19:40:00,1020.25
2025-12-25 19:50:00,1020.23
2025-12-25 20:00:00,1020.27
2025-12-25 20:10:00,1020.28
2025-12-25 20:20:00,1020.41
2025-12-25 20:30:00,1020.49
2025-12-25 20:40:00,1020.5
2025-12-25 20:50:00,1020.4399999999999
2025-12-25 21:00:00,1020.6
2025-12-25 21:10:00,1020.72
2025-12-25 21:30:00,1020.8199999999999
2025-12-25 21:40:00,1020.79
2025-12-25 21:50:00,1020.9
2025-12-25 22:00:00,1020.92
2025-12-25 22:10:00,1020.92
2025-12-25 22:20:00,1020.93
2025-12-25 22:30:00,1020.77
2025-12-25 22:40:00,1020.68
2025-12-25 22:50:00,1020.5699999999999
2025-12-25 23:00:00,1020.35
2025-12-25 23:10:00,1020.1899999999999
2025-12-25 23:20:00,1020.11
2025-12-25 23:30:00,1019.9599999999999
2025-12-25 23:40:00,1019.88
2025-12-25 23:50:00,1019.73
2025-12-26 00:00:00,1019.63
2025-12-26 00:10:00,1019.43
2025-12-26 00:20:00,1019.31
2025-12-26 00:30:00,1019.3
2025-12-26 00:40:00,1019.11
2025-12-26 00:50:00,1018.9499999999999
2025-12-26 01:00:00,1018.79
2025-12-26 01:10:00,1018.53
2025-12-26 01:20:00,1018.4499999999999
2025-12-26 01:30:00,1018.35
2025-12-26 01:40:00,1018.24
2025-12-26 01:50:00,1018.17
2025-12-26 02:00:00,1018.12
2025-12-26 02:10:00,1018.02
2025-12-26 02:20:00,1017.9599999999999
2025-12-26 02:30:00,1018
2025-12-26 02:40:00,1018
2025-12-26 02:50:00,1018.04
2025-12-26 03:00:00,1018.04
2025-12-26 03:10:00,1018.06
2025-12-26 03:20:00,1018.1
2025-12-26 03:30:00,1018.14
2025-12-26 03:40:00,1018.1999999999999
2025-12-26 03:50:00,1018.3
2025-12-26 04:00:00,1018.25
2025-12-26 04:10:00,1018.28
2025-12-26 04:20:00,1018.29
2025-12-26 04:30:00,1018.3299999999999
2025-12-26 04:40:00,1018.36
2025-12-26 04:50:00,1018.43
2025-12-26 05:00:00,1018.48
2025-12-26 05:10:00,1018.61
2025-12-26 05:20:00,1018.8
2025-12-26 05:30:00,1018.88
2025-12-26 05:40:00,1018.9499999999999
2025-12-26 05:50:00,1019.04
2025-12-26 06:00:00,1019.17
2025-12-26 06:10:00,1019.27
2025-12-26 06:20:00,1019.4
2025-12-26 06:30:00,1019.63
2025-12-26 06:40:00,1019.81
2025-12-26 06:50:00,1019.9399999999999
2025-12-26 07:00:00,1019.9399999999999
2025-12-26 07:10:00,1020.09
2025-12-26 07:20:00,1020.29
2025-12-26 07:30:00,1020.53
2025-12-26 07:40:00,1020.56
2025-12-26 07:50:00,1020.65
2025-12-26 08:00:00,1020.79
2025-12-26 08:10:00,1020.85
2025-12-26 08:20:00,1020.92
2025-12-26 08:30:00,1021.03
2025-12-26 08:40:00,1020.97
2025-12-26 08:50:00,1021.03
2025-12-26 09:00:00,1021.02
2025-12-26 09:10:00,1020.99
2025-12-26 09:20:00,1021
2025-12-26 09:30:00,1020.9599999999999
2025-12-26 09:40:00,1020.99
2025-12-26 09:50:00,1020.91
2025-12-26 10:00:00,1020.9
2025-12-26 10:10:00,1020.85
2025-12-26 10:20:00,1020.66
2025-12-26 10:30:00,1020.51
2025-12-26 10:40:00,1020.31
2025-12-26 10:50:00,1020.26
2025-12-26 11:00:00,1020.0699999999999
2025-12-26 11:10:00,1019.9599999999999
2025-12-26 11:20:00,1019.73
2025-12-26 11:30:00,1019.56
2025-12-26 11:40:00,1019.35
2025-12-26 11:50:00,1019.1999999999999
2025-12-26 12:00:00,1018.9399999999999
2025-12-26 12:10:00,1018.76
2025-12-26 12:20:00,1018.59
2025-12-26 12:30:00,1018.39
2025-12-26 12:40:00,1018.09
2025-12-26 12:50:00,1018.03
2025-12-26 13:00:00,1017.9
2025-12-26 13:10:00,1017.73
2025-12-26 13:20:00,1017.67
2025-12-26 13:30:00,1017.5
2025-12-26 13:40:00,1017.37
2025-12-26 13:50:00,1017.28
2025-12-26 14:00:00,1017.25
2025-12-26 14:10:00,1017.2099999999999
2025-12-26 14:20:00,1017.12
2025-12-26 14:30:00,1017.0799999999999
2025-12-26 14:40:00,1016.9499999999999
2025-12-26 14:50:00,1016.89
2025-12-26 15:00:00,1016.93
2025-12-26 15:10:00,1016.9499999999999
2025-12-26 15:20:00,1016.98
2025-12-26 15:30:00,1017.03
2025-12-26 15:40:00,1017.0699999999999
2025-12-26 15:50:00,1017.1
2025-12-26 16:00:00,1017.23
2025-12-26 16:10:00,1017.2099999999999
2025-12-26 16:20:00,1017.3
2025-12-26 16:30:00,1017.35
2025-12-26 16:40:00,1017.35
2025-12-26 16:50:00,1017.4
2025-12-26 17:00:00,1017.43
2025-12-26 17:10:00,1017.4399999999999
2025-12-26 17:20:00,1017.48
2025-12-26 17:30:00,1017.4599999999999
2025-12-26 17:40:00,1017.54
2025-12-26 17:50:00,1017.59
2025-12-26 18:00:00,1017.74
2025-12-26 18:10:00,1017.79
2025-12-26 18:20:00,1017.8299999999999
2025-12-26 18:30:00,1017.99
2025-12-26 18:40:00,1017.98
2025-12-26 18:50:00,1018.11
2025-12-26 19:00:00,1018.36
2025-12-26 19:10:00,1018.41
2025-12-26 19:20:00,1018.54
2025-12-26 19:30:00,1018.68
2025-12-26 19:40:00,1018.64
2025-12-26 19:50:00,1018.77
2025-12-26 20:00:00,1018.9
2025-12-26 20:10:00,1018.9499999999999
2025-12-26 20:20:00,1019.17
2025-12-26 20:30:00,1019.27
2025-12-26 20:40:00,1019.25
2025-12-26 20:50:00,1019.29
2025-12-26 21:00:00,1019.29
2025-12-26 21:10:00,1019.3199999999999
2025-12-26 21:20:00,1019.37
2025-12-26 21:30:00,1019.3299999999999
2025-12-26 21:40:00,1019.27
2025-12-26 21:50:00,1019.37
2025-12-26 22:00:00,1019.3299999999999
2025-12-26 22:10:00,1019.24
2025-12-26 22:20:00,1019.2099999999999
2025-12-26 22:30:00,1019.12
2025-12-26 22:40:00,1019.03
2025-12-26 22:50:00,1019.02
2025-12-26 23:00:00,1018.81
2025-12-26 23:10:00,1018.62
2025-12-26 23:20:00,1018.6899999999999
2025-12-26 23:30:00,1018.55
2025-12-26 23:40:00,1018.56
2025-12-26 23:50:00,1018.48
2025-12-27 00:00:00,1018.26
2025-12-27 00:10:00,1018.14
2025-12-27 00:20:00,1017.97
2025-12-27 00:30:00,1017.9499999999999
2025-12-27 00:40:00,1017.74
2025-12-27 00:50:00,1017.6
2025-12-27 01:00:00,1017.49
2025-12-27 01:10:00,1017.4499999999999
2025-12-27 01:20:00,1017.4
2025-12-27 01:30:00,1017.41
2025-12-27 01:40:00,1017.3299999999999
2025-12-27 01:50:00,1017.36
2025-12-27 02:00:00,1017.31
2025-12-27 02:10:00,1017.27
2025-12-27 02:20:00,1017.26
2025-12-27 02:30:00,1017.26
2025-12-27 02:40:00,1017.36
2025-12-27 02:50:00,1017.41
2025-12-27 03:00:00,1017.5
2025-12-27 03:10:00,1017.53
2025-12-27 03:20:00,1017.6
2025-12-27 03:30:00,1017.73
2025-12-27 03:40:00,1017.6899999999999
2025-12-27 03:50:00,1017.72
2025-12-27 04:00:00,1017.85
2025-12-27 04:10:00,1017.88
2025-12-27 04:20:00,1017.93
2025-12-27 04:30:00,1017.92
2025-12-27 04:40:00,1017.9
2025-12-27 04:50:00,1017.93
2025-12-27 05:00:00,1017.91
2025-12-27 05:10:00,1017.8299999999999
2025-12-27 05:20:00,1017.9499999999999
2025-12-27 05:30:00,1017.93
2025-12-27 05:40:00,1017.9499999999999
2025-12-27 05:50:00,1018.0699999999999
2025-12-27 06:00:00,1018.13
2025-12-27 06:10:00,1018.1999999999999
2025-12-27 06:20:00,1018.39
2025-12-27 06:30:00,1018.49
2025-12-27 06:40:00,1018.67
2025-12-27 06:50:00,1018.86
2025-12-27 07:00:00,1019.1999999999999
2025-12-27 07:10:00,1019.35
2025-12-27 07:20:00,1019.47
2025-12-27 07:30:00,1019.61
2025-12-27 07:40:00,1019.77
2025-12-27 07:50:00,1019.9399999999999
2025-12-27 08:00:00,1020.05
2025-12-27 08:10:00,1020.0799999999999
2025-12-27 08:20:00,1020.2099999999999
2025-12-27 08:30:00,1020.26
2025-12-27 08:40:00,1020.39
2025-12-27 08:50:00,1020.52
2025-12-27 09:00:00,1020.67
2025-12-27 09:10:00,1020.75
2025-12-27 09:20:00,1020.6899999999999
2025-12-27 09:30:00,1020.7099999999999
2025-12-27 09:40:00,1020.7099999999999
2025-12-27 09:50:00,1020.73
2025-12-27 10:00:00,1020.61
2025-12-27 10:10:00,1020.52
2025-12-27 10:20:00,1020.36
2025-12-27 10:30:00,1020.3
2025-12-27 10:40:00,1020.1899999999999
2025-12-27 10:50:00,1020.17
2025-12-27 11:00:00,1020.05
2025-12-27 11:10:00,1020.13
2025-12-27 11:20:00,1019.89
2025-12-27 11:30:00,1019.6899999999999
2025-12-27 11:40:00,1019.6
2025-12-27 11:50:00,1019.47
2025-12-27 12:00:00,1019.3299999999999
2025-12-27 12:10:00,1019.15
2025-12-27 12:20:00,1019.0699999999999
2025-12-27 12:30:00,1018.75
2025-12-27 12:40:00,1018.56
2025-12-27 12:50:00,1018.29
2025-12-27 13:00:00,1018.02
2025-12-27 13:10:00,1017.89
2025-12-27 13:20:00,1017.77
2025-12-27 13:30:00,1017.63
2025-12-27 13:40:00,1017.52
2025-12-27 13:50:00,1017.23
2025-12-27 14:00:00,1017.06
2025-12-27 14:10:00,1016.9599999999999
2025-12-27 14:20:00,1016.9
2025-12-27 14:30:00,1016.8199999999999
2025-12-27 14:40:00,1016.92
2025-12-27 14:50:00,1017.02
2025-12-27 15:00:00,1017.01
2025-12-27 15:10:00,1016.99
2025-12-27 15:20:00,1017.06
2025-12-27 15:30:00,1017.17
2025-12-27 15:40:00,1017.1999999999999
2025-12-27 15:50:00,1017.39
2025-12-27 16:00:00,1017.39
2025-12-27 16:10:00,1017.47
2025-12-27 16:20:00,1017.51
2025-12-27 16:30:00,1017.48
2025-12-27 16:40:00,1017.43
2025-12-27 16:50:00,1017.48
2025-12-27 17:00:00,1017.63
2025-12-27 17:10:00,1017.67
2025-12-27 17:20:00,1017.73
2025-12-27 17:30:00,1017.75
2025-12-27 17:40:00,1017.73
2025-12-27 17:50:00,1017.74
2025-12-27 18:00:00,1017.8
2025-12-27 18:10:00,1017.84
2025-12-27 18:20:00,1017.92
2025-12-27 18:30:00,1017.99
2025-12-27 18:40:00,1018.16
2025-12-27 18:50:00,1018.26
2025-12-27 19:00:00,1018.36
2025-12-27 19:10:00,1018.41
2025-12-27 19:20:00,1018.4499999999999
2025-12-27 19:30:00,1018.4399999999999
2025-12-27 19:40:00,1018.62
2025-12-27 19:50:00,1018.68
2025-12-27 20:00:00,1018.88
2025-12-27 20:10:00,1019.03
2025-12-27 20:20:00,1019.14
2025-12-27 20:30:00,1019.29
2025-12-27 20:40:00,1019.31
2025-12-27 20:50:00,1019.41
2025-12-27 21:00:00,1019.54
2025-12-27 21:10:00,1019.5699999999999
2025-12-27 21:20:00,1019.64
2025-12-27 21:30:00,1019.66
2025-12-27 21:40:00,1019.6999999999999
2025-12-27 21:50:00,1019.72
2025-12-27 22:00:00,1019.8299999999999
2025-12-27 22:10:00,1019.91
2025-12-27 22:20:00,1019.78
2025-12-27 22:30:00,1019.73
2025-12-27 22:40:00,1019.6
2025-12-27 22:50:00,1019.61
2025-12-27 23:00:00,1019.5
2025-12-27 23:10:00,1019.4599999999999
2025-12-27 23:20:00,1019.42
2025-12-27 23:30:00,1019.15
2025-12-27 23:40:00,1019.04
2025-12-27 23:50:00,1018.89
2025-12-28 00:00:00,1018.8
2025-12-28 00:10:00,1018.8
2025-12-28 00:20:00,1018.65
2025-12-28 00:30:00,1018.55
2025-12-28 00:40:00,1018.49
2025-12-28 00:50:00,1018.28
2025-12-28 01:00:00,1018.1999999999999
2025-12-28 01:10:00,1018.11
2025-12-28 01:20:00,1018
2025-12-28 01:30:00,1017.9399999999999
2025-12-28 01:40:00,1017.85
2025-12-28 01:50:00,1017.7099999999999
2025-12-28 02:00:00,1017.65
2025-12-28 02:10:00,1017.56
2025-12-28 02:20:00,1017.52
2025-12-28 02:30:00,1017.51
2025-12-28 02:40:00,1017.48
2025-12-28 02:50:00,1017.59
2025-12-28 03:00:00,1017.62
2025-12-28 03:10:00,1017.6899999999999
2025-12-28 03:20:00,1017.8199999999999
2025-12-28 03:30:00,1017.84
2025-12-28 03:40:00,1017.92
2025-12-28 03:50:00,1017.98
2025-12-28 04:00:00,1018.11
2025-12-28 04:10:00,1018.42
2025-12-28 04:20:00,1018.48
2025-12-28 04:30:00,1018.535
2025-12-28 04:40:00,1018.62
2025-12-28 04:50:00,1018.7833333333333
2025-12-28 05:00:00,1018.97
2025-12-28 05:10:00,1019.09
2025-12-28 05:20:00,1019.11
2025-12-28 05:30:00,1019.25
2025-12-28 05:40:00,1019.22
2025-12-28 05:50:00,1019.27
2025-12-28 06:00:00,1019.26
2025-12-28 06:10:00,1019.28
2025-12-28 06:20:00,1019.1899999999999
2025-12-28 06:30:00,1019.4499999999999
2025-12-28 06:40:00,1019.61
2025-12-28 06:50:00,1019.86
2025-12-28 07:00:00,1020.14
2025-12-28 07:10:00,1020.12
2025-12-28 07:20:00,1020.22
2025-12-28 07:30:00,1020.4599999999999
2025-12-28 07:40:00,1020.4599999999999
2025-12-28 07:50:00,1020.62
2025-12-28 08:00:00,1020.68
2025-12-28 08:10:00,1020.75
2025-12-28 08:20:00,1020.76
2025-12-28 08:30:00,1020.6899999999999
2025-12-28 08:40:00,1020.8299999999999
2025-12-28 08:50:00,1020.79
2025-12-28 09:00:00,1020.76
2025-12-28 09:10:00,1020.73
2025-12-28 09:20:00,1020.79
2025-12-28 09:30:00,1020.72
2025-12-28 09:40:00,1020.5799999999999
2025-12-28 09:50:00,1020.55
2025-12-28 10:00:00,1020.51
2025-12-28 10:10:00,1020.47
2025-12-28 10:20:00,1020.35
2025-12-28 10:30:00,1020.24
2025-12-28 10:40:00,1020.1
2025-12-28 10:50:00,1019.9599999999999
2025-12-28 11:00:00,1019.88
2025-12-28 11:10:00,1019.74
2025-12-28 11:20:00,1019.59
2025-12-28 11:30:00,1019.5799999999999
2025-12-28 11:40:00,1019.74
2025-12-28 12:00:00,1019.61
2025-12-28 12:10:00,1019.63
2025-12-28 12:20:00,1019.5
2025-12-28 12:30:00,1019.31
2025-12-28 12:40:00,1019.0799999999999
2025-12-28 12:50:00,1018.8
2025-12-28 13:00:00,1018.63
2025-12-28 13:10:00,1018.52
2025-12-28 13:20:00,1018.3299999999999
2025-12-28 13:30:00,1018.22
2025-12-28 13:40:00,1018.03
2025-12-28 13:50:00,1017.9399999999999
2025-12-28 14:00:00,1017.86
2025-12-28 14:10:00,1017.66
2025-12-28 14:20:00,1017.59
2025-12-28 14:30:00,1017.5799999999999
2025-12-28 14:40:00,1017.56
2025-12-28 14:50:00,1017.54
2025-12-28 15:00:00,1017.51
2025-12-28 15:10:00,1017.55
2025-12-28 15:20:00,1017.66
2025-12-28 15:30:00,1017.67
2025-12-28 15:40:00,1017.72
2025-12-28 15:50:00,1017.55
2025-12-28 16:00:00,1017.67
2025-12-28 16:10:00,1017.75
2025-12-28 16:20:00,1017.85
2025-12-28 16:30:00,1017.73
2025-12-28 16:40:00,1017.8199999999999
2025-12-28 16:50:00,1017.81
2025-12-28 17:00:00,1017.8199999999999
2025-12-28 17:10:00,1017.85
2025-12-28 17:20:00,1018.01
2025-12-28 17:30:00,1018.06
2025-12-28 17:40:00,1018.1999999999999
2025-12-28 17:50:00,1018.26
2025-12-28 18:00:00,1018.3
2025-12-28 18:10:00,1018.25
2025-12-28 18:20:00,1018.4399999999999
2025-12-28 18:30:00,1018.39
2025-12-28 18:40:00,1018.4399999999999
2025-12-28 18:50:00,1018.47
2025-12-28 19:00:00,1018.6
2025-12-28 19:10:00,1018.6999999999999
2025-12-28 19:20:00,1018.8199999999999
2025-12-28 19:30:00,1018.9599999999999
2025-12-28 19:40:00,1019.06
2025-12-28 19:50:00,1019.27
2025-12-28 20:00:00,1019.29
2025-12-28 20:10:00,1019.3299999999999
2025-12-28 20:20:00,1019.35
2025-12-28 20:30:00,1019.47
2025-12-28 20:40:00,1019.55
2025-12-28 20:50:00,1019.5799999999999
2025-12-28 21:00:00,1019.73
2025-12-28 21:10:00,1019.73
2025-12-28 21:20:00,1019.8
2025-12-28 21:30:00,1019.84
2025-12-28 21:40:00,1019.75
2025-12-28 21:50:00,1019.67
2025-12-28 22:00:00,1019.65
2025-12-28 22:10:00,1019.76
2025-12-28 22:20:00,1019.72
2025-12-28 22:30:00,1019.6899999999999
2025-12-28 22:40:00,1019.59
2025-12-28 22:50:00,1019.4599999999999
2025-12-28 23:00:00,1019.29
2025-12-28 23:10:00,1019.1999999999999
2025-12-28 23:20:00,1019.18
2025-12-28 23:30:00,1019.05
2025-12-28 23:40:00,1018.79
2025-12-28 23:50:00,1018.63
2025-12-29 00:00:00,1018.54
2025-12-29 00:10:00,1018.49
2025-12-29 00:20:00,1018.43
2025-12-29 00:30:00,1018.26
2025-12-29 00:40:00,1018.15
2025-12-29 00:50:00,1017.97
2025-12-29 01:00:00,1017.88
2025-12-29 01:10:00,1017.8199999999999
2025-12-29 01:20:00,1017.5699999999999
2025-12-29 01:30:00,1017.4599999999999
2025-12-29 01:40:00,1017.47
2025-12-29 01:50:00,1017.4499999999999
2025-12-29 02:00:00,1017.42
2025-12-29 02:10:00,1017.38
2025-12-29 02:20:00,1017.22
2025-12-29 02:30:00,1017.23
2025-12-29 02:40:00,1017.1899999999999
2025-12-29 02:50:00,1017.1999999999999
2025-12-29 03:00:00,1017.3199999999999
2025-12-29 03:10:00,1017.29
2025-12-29 03:20:00,1017.41
2025-12-29 03:30:00,1017.5799999999999
2025-12-29 03:40:00,1017.56
2025-12-29 03:50:00,1017.5799999999999
2025-12-29 04:00:00,1017.61
2025-12-29 04:10:00,1017.72
2025-12-29 04:20:00,1017.7099999999999
2025-12-29 04:30:00,1017.63
2025-12-29 04:40:00,1017.68
2025-12-29 04:50:00,1017.87
2025-12-29 05:00:00,1017.85
2025-12-29 05:10:00,1017.9599999999999
2025-12-29 05:20:00,1018.02
2025-12-29 05:30:00,1018.18
2025-12-29 05:40:00,1018.26
2025-12-29 05:50:00,1018.36
2025-12-29 06:00:00,1018.51
2025-12-29 06:10:00,1018.48
2025-12-29 06:20:00,1018.65
2025-12-29 06:30:00,1018.79
2025-12-29 06:40:00,1018.9599999999999
2025-12-29 06:50:00,1018.99
2025-12-29 07:00:00,1019.02
2025-12-29 07:10:00,1019.17
2025-12-29 07:20:00,1019.39
2025-12-29 07:30:00,1019.39
2025-12-29 07:40:00,1019.47
2025-12-29 07:50:00,1019.8199999999999
2025-12-29 08:00:00,1019.93
2025-12-29 08:10:00,1020
2025-12-29 08:20:00,1019.9499999999999
2025-12-29 08:30:00,1020.0799999999999
2025-12-29 08:40:00,1020.03
2025-12-29 08:50:00,1020.15
2025-12-29 09:00:00,1020.28
2025-12-29 09:10:00,1020.26
2025-12-29 09:20:00,1020.41
2025-12-29 09:30:00,1020.29
2025-12-29 09:40:00,1020.2099999999999
2025-12-29 09:50:00,1020.27
2025-12-29 10:00:00,1020.14
2025-12-29 10:10:00,1020.03
2025-12-29 10:20:00,1019.99
2025-12-29 10:30:00,1019.97
2025-12-29 10:40:00,1019.8299999999999
2025-12-29 10:50:00,1019.8
2025-12-29 11:00:00,1019.6899999999999
2025-12-29 11:10:00,1019.49
2025-12-29 11:20:00,1019.28
2025-12-29 11:30:00,1019.1
2025-12-29 11:40:00,1018.86
2025-12-29 11:50:00,1018.66
2025-12-29 12:00:00,1018.43
2025-12-29 12:10:00,1018.3299999999999
2025-12-29 12:20:00,1018.3
2025-12-29 12:30:00,1018.05
2025-12-29 12:40:00,1017.8
2025-12-29 12:50:00,1017.47
2025-12-29 13:00:00,1017.43
2025-12-29 13:10:00,1017.3
2025-12-29 13:20:00,1017.11
2025-12-29 13:30:00,1016.99
2025-12-29 13:40:00,1016.98
2025-12-29 13:50:00,1016.85
2025-12-29 14:00:00,1016.76
2025-12-29 14:10:00,1016.6899999999999
2025-12-29 14:20:00,1016.6
2025-12-29 14:30:00,1016.54
2025-12-29 14:40:00,1016.43
2025-12-29 14:50:00,1016.49
2025-12-29 15:00:00,1016.53
2025-12-29 15:10:00,1016.62
2025-12-29 15:20:00,1016.56
2025-12-29 15:30:00,1016.59
2025-12-29 15:40:00,1016.6
2025-12-29 15:50:00,1016.6899999999999
2025-12-29 16:00:00,1016.6899999999999
2025-12-29 16:10:00,1016.6999999999999
2025-12-29 16:20:00,1016.8
2025-12-29 16:30:00,1016.8299999999999
2025-12-29 16:40:00,1016.86
2025-12-29 16:50:00,1016.92
2025-12-29 17:00:00,1017.02
2025-12-29 17:10:00,1017.14
2025-12-29 17:20:00,1017.29
2025-12-29 17:30:00,1017.37
2025-12-29 17:40:00,1017.38
2025-12-29 17:50:00,1017.4599999999999
2025-12-29 18:00:00,1017.74
2025-12-29 18:10:00,1018.11
2025-12-29 18:20:00,1018.35
2025-12-29 18:30:00,1018.59
2025-12-29 18:40:00,1018.7375
2025-12-29 18:50:00,1018.815
2025-12-29 19:00:00,1018.85
2025-12-29 19:10:00,1018.905
2025-12-29 19:20:00,1019.01
2025-12-29 19:30:00,1019.1899999999999
2025-12-29 19:40:00,1019.17
2025-12-29 19:50:00,1019.26
2025-12-29 20:00:00,1019.42
2025-12-29 20:10:00,1019.63
2025-12-29 20:20:00,1019.68
2025-12-29 20:30:00,1019.74
2025-12-29 20:40:00,1019.8
2025-12-29 20:50:00,1019.87
2025-12-29 21:00:00,1019.99
2025-12-29 21:10:00,1019.98
2025-12-29 21:20:00,1020.01
2025-12-29 21:30:00,1020.06
2025-12-29 21:40:00,1020.27
2025-12-29 21:50:00,1020.4
2025-12-29 22:00:00,1020.53
2025-12-29 22:10:00,1020.585
2025-12-29 22:20:00,1020.43
2025-12-29 22:30:00,1020.31
2025-12-29 22:40:00,1020.15
2025-12-29 22:50:00,1019.895
2025-12-29 23:00:00,1019.6
2025-12-29 23:10:00,1019.17
2025-12-29 23:20:00,1019.04
2025-12-29 23:30:00,1018.99
2025-12-29 23:40:00,1019
2025-12-29 23:50:00,1018.85
2025-12-30 00:00:00,1018.8299999999999
2025-12-30 00:10:00,1018.64
2025-12-30 00:20:00,1018.34
2025-12-30 00:30:00,1018.3299999999999
2025-12-30 00:40:00,1018.11
2025-12-30 00:50:00,1017.8299999999999
2025-12-30 01:00:00,1017.52
2025-12-30 01:10:00,1017.52
2025-12-30 01:20:00,1017.47
2025-12-30 01:30:00,1017.28
2025-12-30 01:40:00,1017.23
2025-12-30 01:50:00,1017.23
2025-12-30 02:00:00,1017.2099999999999
2025-12-30 02:10:00,1017.1899999999999
2025-12-30 02:20:00,1017.1999999999999
2025-12-30 02:30:00,1017.18
2025-12-30 02:40:00,1017.1999999999999
2025-12-30 02:50:00,1017.18
2025-12-30 03:00:00,1017.2099999999999
2025-12-30 03:10:00,1017.22
2025-12-30 03:20:00,1017.3199999999999
2025-12-30 03:30:00,1017.4399999999999
2025-12-30 03:40:00,1017.55
2025-12-30 03:50:00,1017.6
2025-12-30 04:00:00,1017.73
2025-12-30 04:10:00,1017.72
2025-12-30 04:20:00,1017.81
2025-12-30 04:30:00,1017.91
2025-12-30 04:40:00,1017.97
2025-12-30 04:50:00,1018.04
2025-12-30 05:00:00,1018.11
2025-12-30 05:10:00,1018.2099999999999
2025-12-30 05:20:00,1018.1899999999999
2025-12-30 05:30:00,1018.31
2025-12-30 05:40:00,1018.39
2025-12-30 05:50:00,1018.59
2025-12-30 06:00:00,1018.59
2025-12-30 06:10:00,1018.7099999999999
2025-12-30 06:20:00,1018.88
2025-12-30 06:30:00,1019.13
2025-12-30 06:40:00,1019.36
2025-12-30 06:50:00,1019.56
2025-12-30 07:00:00,1019.9
2025-12-30 07:10:00,1020.17
2025-12-30 07:20:00,1020.4
2025-12-30 07:30:00,1020.53
2025-12-30 07:40:00,1020.8199999999999
2025-12-30 07:50:00,1020.9549999999999
2025-12-30 08:00:00,1021.06
2025-12-30 08:10:00,1021.06
2025-12-30 08:20:00,1021.14
2025-12-30 08:30:00,1021.15
2025-12-30 08:40:00,1021.17
2025-12-30 08:50:00,1021.18
2025-12-30 09:00:00,1021.18
2025-12-30 09:10:00,1021.23
2025-12-30 09:20:00,1021.27
2025-12-30 09:30:00,1021.34
2025-12-30 09:40:00,1021.39
2025-12-30 09:50:00,1021.37
2025-12-30 10:00:00,1021.36
2025-12-30 10:10:00,1021.18
2025-12-30 10:20:00,1020.93
2025-12-30 10:30:00,1020.86
2025-12-30 10:40:00,1020.77
2025-12-30 10:50:00,1020.6999999999999
2025-12-30 11:00:00,1020.6
2025-12-30 11:10:00,1020.4399999999999
2025-12-30 11:20:00,1020.41
2025-12-30 11:30:00,1020.25
2025-12-30 11:40:00,1020.0799999999999
2025-12-30 12:00:00,1019.75
2025-12-30 12:10:00,1019.68
2025-12-30 12:20:00,1019.55
2025-12-30 12:30:00,1019.48
2025-12-30 12:40:00,1019.3149999999999
2025-12-30 12:50:00,1019.22
2025-12-30 13:00:00,1019.14
2025-12-30 13:10:00,1018.98
2025-12-30 13:20:00,1018.86
2025-12-30 13:30:00,1018.87
2025-12-30 13:40:00,1018.78
2025-12-30 13:50:00,1018.71
2025-12-30 14:00:00,1018.6833333333333
2025-12-30 14:10:00,1018.5166666666668
2025-12-30 14:20:00,1018.3966666666666
2025-12-30 14:30:00,1018.365
2025-12-30 14:40:00,1018.38
2025-12-30 14:50:00,1018.4066666666666
2025-12-30 15:00:00,1018.4466666666666
2025-12-30 15:10:00,1018.55
2025-12-30 15:20:00,1018.54
2025-12-30 15:30:00,1018.41
2025-12-30 15:40:00,1018.36
2025-12-30 15:50:00,1018.36
2025-12-30 16:00:00,1018.3299999999999
2025-12-30 16:10:00,1018.49
2025-12-30 16:20:00,1018.61
2025-12-30 16:30:00,1018.6133333333333
2025-12-30 16:40:00,1018.59
2025-12-30 16:50:00,1018.6949999999999
2025-12-30 17:00:00,1018.75
2025-12-30 17:10:00,1018.7950000000001
2025-12-30 17:20:00,1018.89
2025-12-30 17:30:00,1018.91
2025-12-30 17:40:00,1019.01
2025-12-30 17:50:00,1019.16
2025-12-30 18:00:00,1019.25
2025-12-30 18:10:00,1019.34
2025-12-30 18:20:00,1019.47
2025-12-30 18:30:00,1019.64
2025-12-30 18:40:00,1019.7099999999999
2025-12-30 18:50:00,1019.86
2025-12-30 19:00:00,1019.9649999999999
2025-12-30 19:10:00,1019.9749999999999
2025-12-30 19:20:00,1020.14
2025-12-30 19:30:00,1020.31
2025-12-30 19:40:00,1020.35
2025-12-30 19:50:00,1020.4949999999999
2025-12-30 20:00:00,1020.47
2025-12-30 20:10:00,1020.49
2025-12-30 20:20:00,1020.56
2025-12-30 20:30:00,1020.74
2025-12-30 20:40:00,1020.895
2025-12-30 20:50:00,1021.0025
2025-12-30 21:00:00,1020.9166666666666
2025-12-30 21:10:00,1020.85
2025-12-30 21:20:00,1020.97
2025-12-30 21:30:00,1020.97
2025-12-30 21:40:00,1021.03
2025-12-30 21:50:00,1021.06
2025-12-30 22:00:00,1020.96
2025-12-30 22:10:00,1020.98
2025-12-30 22:20:00,1020.9949999999999
2025-12-30 22:30:00,1021.06
2025-12-30 22:40:00,1020.89
2025-12-30 22:50:00,1020.8
2025-12-30 23:00:00,1020.745
2025-12-30 23:10:00,1020.6949999999999
2025-12-30 23:20:00,1020.68
2025-12-30 23:30:00,1020.5300000000001
2025-12-30 23:40:00,1020.4
2026-01-10 14:40:00,1018.285
2026-01-10 14:50:00,1018.12
2026-01-10 15:00:00,1018.0139999999999
2026-01-10 15:10:00,1018
2026-01-10 15:20:00,1017.92
2026-01-10 15:30:00,1017.87
2026-01-10 15:40:00,1017.9
2026-01-10 15:50:00,1018.04
2026-01-10 16:00:00,1018.36
2026-01-10 16:10:00,1018.43
2026-01-10 16:20:00,1018.34
2026-01-10 16:30:00,1018.3299999999999
2026-01-10 16:40:00,1018.28
2026-01-10 16:50:00,1018.28
2026-01-10 17:00:00,1018.31
2026-01-10 17:10:00,1018.3299999999999
2026-01-10 17:20:00,1018.4
2026-01-10 17:30:00,1018.4399999999999
2026-01-10 17:40:00,1018.59
2026-01-10 17:50:00,1018.67
2026-01-10 18:00:00,1018.74
2026-01-10 18:10:00,1018.79
2026-01-10 18:20:00,1018.89
2026-01-10 18:30:00,1019.06
2026-01-10 18:40:00,1019.1999999999999
2026-01-10 18:50:00,1019.4399999999999
2026-01-10 19:00:00,1019.55
2026-01-10 19:10:00,1019.55
2026-01-10 19:20:00,1019.85
2026-01-10 19:30:00,1020.05
2026-01-10 19:40:00,1020.25
2026-01-10 19:50:00,1020.3
2026-01-10 20:00:00,1020.39
2026-01-10 20:10:00,1020.4499999999999
2026-01-10 20:20:00,1020.59
2026-01-10 20:30:00,1020.53
2026-01-10 20:40:00,1020.51
2026-01-10 20:50:00,1020.51
2026-01-10 21:00:00,1020.5799999999999
2026-01-10 21:10:00,1020.59
2026-01-10 21:20:00,1020.54
2026-01-10 21:30:00,1020.61
2026-01-10 21:40:00,1020.61
2026-01-10 21:50:00,1020.62
2026-01-10 22:00:00,1020.49
2026-01-10 22:10:00,1020.43
2026-01-10 22:20:00,1020.4
2026-01-10 22:30:00,1020.3199999999999
2026-01-10 22:40:00,1020.37
2026-01-10 22:50:00,1020.35
2026-01-10 23:00:00,1020.37
2026-01-10 23:10:00,1020.28
2026-01-10 23:20:00,1020.2099999999999
2026-01-10 23:30:00,1020.09
2026-01-10 23:40:00,1019.88
2026-01-10 23:50:00,1019.8199999999999
2026-01-11 00:00:00,1019.72
2026-01-11 00:10:00,1019.5799999999999
2026-01-11 00:20:00,1019.53
2026-01-11 00:30:00,1019.51
2026-01-11 00:40:00,1019.37
2026-01-11 00:50:00,1019.1999999999999
2026-01-11 01:00:00,1019.28
2026-01-11 01:10:00,1019.12
2026-01-11 01:20:00,1018.98
2026-01-11 01:30:00,1019
2026-01-11 01:40:00,1018.9599999999999
2026-01-11 01:50:00,1018.9599999999999
2026-01-11 02:00:00,1018.89
2026-01-11 02:10:00,1018.84
2026-01-11 02:20:00,1018.75
2026-01-11 02:30:00,1018.7099999999999
2026-01-11 02:40:00,1018.63
2026-01-11 02:50:00,1018.61
2026-01-11 03:00:00,1018.72
2026-01-11 03:10:00,1018.77
2026-01-11 03:20:00,1018.8
2026-01-11 03:30:00,1018.8199999999999
2026-01-11 03:40:00,1018.87
2026-01-11 03:50:00,1018.91
2026-01-11 04:00:00,1018.97
2026-01-11 04:10:00,1019.0799999999999
2026-01-11 04:20:00,1019.34
2026-01-11 04:30:00,1019.31
2026-01-11 04:40:00,1019.34
2026-01-11 04:50:00,1019.29
2026-01-11 05:00:00,1019.38
2026-01-11 05:10:00,1019.4
2026-01-11 05:20:00,1019.48
2026-01-11 05:30:00,1019.56
2026-01-11 05:40:00,1019.54
2026-01-11 05:50:00,1019.62
2026-01-11 06:00:00,1019.76
2026-01-11 06:10:00,1019.86
2026-01-11 06:20:00,1019.86
2026-01-11 06:30:00,1019.9
2026-01-11 06:40:00,1020.22
2026-01-11 06:50:00,1020.29
2026-01-11 07:00:00,1020.66
2026-01-11 07:10:00,1020.84
2026-01-11 07:20:00,1021.11
2026-01-11 07:30:00,1021.04
2026-01-11 07:40:00,1021.0799999999999
2026-01-11 07:50:00,1021.28
2026-01-11 08:00:00,1021.4
2026-01-11 08:10:00,1021.48
2026-01-11 08:20:00,1021.63
2026-01-11 08:30:00,1021.6999999999999
2026-01-11 08:40:00,1021.73
2026-01-11 08:50:00,1021.76
2026-01-11 09:00:00,1021.65
2026-01-11 09:10:00,1021.68
2026-01-11 09:20:00,1021.67
2026-01-11 09:30:00,1021.78
2026-01-11 09:40:00,1021.64
2026-01-11 09:50:00,1021.5799999999999
2026-01-11 10:00:00,1021.4499999999999
2026-01-11 10:10:00,1021.4399999999999
2026-01-11 10:20:00,1021.38
2026-01-11 10:30:00,1021.36
2026-01-11 10:40:00,1021.24
2026-01-11 10:50:00,1021.1899999999999
2026-01-11 11:00:00,1021.15
2026-01-11 11:10:00,1021.01
2026-01-11 11:20:00,1020.9
2026-01-11 11:30:00,1020.77
2026-01-11 11:40:00,1020.68
2026-01-11 11:50:00,1020.53
2026-01-11 12:00:00,1020.4599999999999
2026-01-11 12:10:00,1020.31
2026-01-11 12:20:00,1020.17
2026-01-11 12:30:00,1020.05
2026-01-11 12:40:00,1019.91
2026-01-11 12:50:00,1019.74
2026-01-11 13:00:00,1019.56
2026-01-11 13:10:00,1019.34
2026-01-11 13:20:00,1019.15
2026-01-11 13:30:00,1019.0799999999999
2026-01-11 13:40:00,1018.89
2026-01-11 13:50:00,1018.8
2026-01-11 14:00:00,1018.8299999999999
2026-01-11 14:10:00,1018.6899999999999
2026-01-11 14:20:00,1018.6
2026-01-11 14:30:00,1018.5799999999999
2026-01-11 14:40:00,1018.4499999999999
2026-01-11 14:50:00,1018.56
2026-01-11 15:00:00,1018.53
2026-01-11 15:10:00,1018.52
2026-01-11 15:20:00,1018.51
2026-01-11 15:30:00,1018.5
2026-01-11 15:40:00,1018.53
2026-01-11 15:50:00,1018.43
2026-01-11 16:00:00,1018.52
2026-01-11 16:10:00,1018.56
2026-01-11 16:20:00,1018.64
2026-01-11 16:30:00,1018.61
2026-01-11 16:40:00,1018.86
2026-01-11 16:50:00,1019.09
2026-01-11 17:00:00,1019.17
2026-01-11 17:10:00,1019.26
2026-01-11 17:20:00,1019.23
2026-01-11 17:30:00,1019.38
2026-01-11 17:40:00,1019.36
2026-01-11 17:50:00,1019.47
2026-01-11 18:00:00,1019.66
2026-01-11 18:10:00,1019.86
2026-01-11 18:20:00,1019.91
2026-01-11 18:30:00,1019.98
2026-01-11 18:40:00,1020.16
2026-01-11 18:50:00,1020.3299999999999
2026-01-11 19:00:00,1020.36
2026-01-11 19:10:00,1020.51
2026-01-11 19:20:00,1020.63
2026-01-11 19:30:00,1020.7099999999999
2026-01-11 19:40:00,1020.75
2026-01-11 19:50:00,1020.91
2026-01-11 20:00:00,1020.97
2026-01-11 20:10:00,1021.0799999999999
2026-01-11 20:20:00,1021.09
2026-01-11 20:30:00,1021.24
2026-01-11 20:40:00,1021.3299999999999
2026-01-11 20:50:00,1021.5
2026-01-11 21:00:00,1021.53
2026-01-11 21:10:00,1021.55
2026-01-11 21:20:00,1021.5699999999999
2026-01-11 21:30:00,1021.64
2026-01-11 21:40:00,1021.49
2026-01-11 21:50:00,1021.48
2026-01-11 22:00:00,1021.42
2026-01-11 22:10:00,1021.31
2026-01-11 22:20:00,1021.3299999999999
2026-01-11 22:30:00,1021.27
2026-01-11 22:40:00,1021.24
2026-01-11 22:50:00,1021.23
2026-01-11 23:00:00,1021.26
2026-01-11 23:10:00,1021.18
2026-01-11 23:20:00,1021.1999999999999
2026-01-11 23:30:00,1021.14
2026-01-11 23:40:00,1021.16
2026-01-11 23:50:00,1021.14
2026-01-12 00:00:00,1020.99
2026-01-12 00:10:00,1020.74
2026-01-12 00:20:00,1020.5799999999999
2026-01-12 00:30:00,1020.61
2026-01-12 00:40:00,1020.48
2026-01-12 00:50:00,1020.43
2026-01-12 01:00:00,1020.27
2026-01-12 01:10:00,1020.1
2026-01-12 01:20:00,1020.14
2026-01-12 01:30:00,1019.78
2026-01-12 01:40:00,1019.81
2026-01-12 01:50:00,1019.75
2026-01-12 02:00:00,1019.59
2026-01-12 02:10:00,1019.54
2026-01-12 02:20:00,1019.4
2026-01-12 02:30:00,1019.22
2026-01-12 02:40:00,1019.18
2026-01-12 02:50:00,1019.09
2026-01-12 03:00:00,1019.02
2026-01-12 03:10:00,1019.11
2026-01-12 03:20:00,1019.14
2026-01-12 03:30:00,1019.22
2026-01-12 03:40:00,1019.3199999999999
2026-01-12 03:50:00,1019.54
2026-01-12 04:00:00,1019.66
2026-01-12 04:10:00,1019.72
2026-01-12 04:20:00,1019.77
2026-01-12 04:30:00,1019.88
2026-01-12 04:40:00,1019.84
2026-01-12 04:50:00,1019.77
2026-01-12 05:00:00,1019.89
2026-01-12 05:10:00,1019.92
2026-01-12 05:20:00,1020.13
2026-01-12 05:30:00,1020.3299999999999
2026-01-12 05:40:00,1020.52
2026-01-12 05:50:00,1020.48
2026-01-12 06:00:00,1020.55
2026-01-12 06:10:00,1020.61
2026-01-12 06:20:00,1020.76
2026-01-12 06:30:00,1021.108
2026-01-12 06:40:00,1021.12
2026-01-12 06:50:00,1021.17
2026-01-12 07:00:00,1021.37
2026-01-12 07:10:00,1021.6899999999999
2026-01-12 07:20:00,1021.74
2026-01-12 07:30:00,1021.84
2026-01-12 07:40:00,1022.02
2026-01-12 07:50:00,1022.3299999999999
2026-01-12 08:00:00,1022.4
2026-01-12 08:10:00,1022.36
2026-01-12 08:20:00,1022.28
2026-01-12 08:30:00,1022.37
2026-01-12 08:40:00,1022.24
2026-01-12 08:50:00,1022.25
2026-01-12 09:00:00,1022.42
2026-01-12 09:10:00,1022.39
2026-01-12 09:20:00,1022.3299999999999
2026-01-12 09:30:00,1022.43
2026-01-12 09:40:00,1022.42
2026-01-12 09:50:00,1022.3299999999999
2026-01-12 10:00:00,1022.31
2026-01-12 10:10:00,1022.36
2026-01-12 10:20:00,1022.35
2026-01-12 10:30:00,1022.1899999999999
2026-01-12 10:40:00,1022.13
2026-01-12 10:50:00,1021.93
2026-01-12 11:00:00,1021.84
2026-01-12 11:10:00,1021.64
2026-01-12 11:20:00,1021.5699999999999
2026-01-12 11:30:00,1021.42
2026-01-12 11:40:00,1021.3
2026-01-12 11:50:00,1021.15
2026-01-12 12:00:00,1020.98
2026-01-12 12:10:00,1020.78
2026-01-12 12:20:00,1020.55
2026-01-12 12:30:00,1020.3299999999999
2026-01-12 12:40:00,1020.18
2026-01-12 12:50:00,1020.03
2026-01-12 13:00:00,1019.89
2026-01-12 13:10:00,1019.77
2026-01-12 13:20:00,1019.59
2026-01-12 13:30:00,1019.56
2026-01-12 13:40:00,1019.37
2026-01-12 13:50:00,1019.26
2026-01-12 14:00:00,1019.16
2026-01-12 14:10:00,1018.9499999999999
2026-01-12 14:20:00,1018.8299999999999
2026-01-12 14:30:00,1018.76
2026-01-12 14:40:00,1018.59
2026-01-12 14:50:00,1018.41
2026-01-12 15:10:00,1018.39
2026-01-12 15:20:00,1018.4499999999999
2026-01-12 15:30:00,1018.5
2026-01-12 15:40:00,1018.55
2026-01-12 15:50:00,1018.65
2026-01-12 16:00:00,1018.68
2026-01-12 16:10:00,1018.6999999999999
2026-01-12 16:20:00,1018.77
2026-01-12 16:30:00,1019.02
2026-01-12 16:40:00,1019.12
2026-01-12 16:50:00,1019.11
2026-01-12 17:00:00,1019.24
2026-01-12 17:10:00,1019.15
2026-01-12 17:20:00,1019.24
2026-01-12 17:30:00,1019.23
2026-01-12 17:40:00,1019.22
2026-01-12 17:50:00,1019.15
2026-01-12 18:00:00,1019.26
2026-01-12 18:10:00,1019.39
2026-01-12 18:20:00,1019.49
2026-01-12 18:30:00,1019.59
2026-01-12 18:40:00,1019.5799999999999
2026-01-12 18:50:00,1019.64
2026-01-12 19:00:00,1019.74
2026-01-12 19:10:00,1019.79
2026-01-12 19:20:00,1019.9599999999999
2026-01-12 19:30:00,1020.09
2026-01-12 19:40:00,1020.24
2026-01-12 19:50:00,1020.43
2026-01-12 20:00:00,1020.63
2026-01-12 20:10:00,1020.81
2026-01-12 20:20:00,1020.87
2026-01-12 20:30:00,1020.97
2026-01-12 20:40:00,1021.0699999999999
2026-01-12 20:50:00,1021.16
2026-01-12 21:00:00,1021.26
2026-01-12 21:10:00,1021.3
2026-01-12 21:20:00,1021.36
2026-01-12 21:30:00,1021.3
2026-01-12 21:40:00,1021.4499999999999
2026-01-12 21:50:00,1021.4499999999999
2026-01-12 22:00:00,1021.53
2026-01-12 22:10:00,1021.5799999999999
2026-01-12 22:20:00,1021.63
2026-01-12 22:30:00,1021.53
2026-01-12 22:40:00,1021.4
2026-01-12 22:50:00,1021.38
2026-01-12 23:00:00,1021.37
2026-01-12 23:10:00,1021.35
2026-01-12 23:20:00,1021.23
2026-01-12 23:30:00,1021.24
2026-01-12 23:40:00,1021.2099999999999
2026-01-12 23:50:00,1021.03
2026-01-13 00:00:00,1020.84
2026-01-13 00:10:00,1020.78
2026-01-13 00:20:00,1020.66
2026-01-13 00:30:00,1020.5
2026-01-13 00:40:00,1020.34
2026-01-13 00:50:00,1020.34
2026-01-13 01:00:00,1020.13
2026-01-13 01:10:00,1019.9399999999999
2026-01-13 01:20:00,1019.77
2026-01-13 01:30:00,1019.65
2026-01-13 01:40:00,1019.54
2026-01-13 01:50:00,1019.4599999999999
2026-01-13 02:00:00,1019.36
2026-01-13 02:10:00,1019.3
2026-01-13 02:20:00,1019.15
2026-01-13 02:30:00,1019.1899999999999
2026-01-13 02:40:00,1019.14
2026-01-13 02:50:00,1019.13
2026-01-13 03:00:00,1019.13
2026-01-13 03:10:00,1019.02
2026-01-13 03:20:00,1019.01
2026-01-13 03:30:00,1019.0699999999999
2026-01-13 03:40:00,1019.01
2026-01-13 03:50:00,1018.9599999999999
2026-01-13 04:00:00,1018.8
2026-01-13 04:10:00,1018.92
2026-01-13 04:20:00,1018.88
2026-01-13 04:30:00,1018.79
2026-01-13 04:40:00,1018.81
2026-01-13 04:50:00,1018.88
2026-01-13 05:00:00,1018.98
2026-01-13 05:10:00,1018.99
2026-01-13 05:20:00,1019.12
2026-01-13 05:30:00,1019.1899999999999
2026-01-13 05:40:00,1019.3
2026-01-13 05:50:00,1019.43
2026-01-13 06:00:00,1019.65
2026-01-13 06:10:00,1019.8299999999999
2026-01-13 06:20:00,1019.91
2026-01-13 06:30:00,1020.09
2026-01-13 06:40:00,1020.29
2026-01-13 06:50:00,1020.37
2026-01-13 07:00:00,1020.55
2026-01-13 07:10:00,1020.5699999999999
2026-01-13 07:20:00,1020.74
2026-01-13 07:30:00,1020.88
2026-01-13 07:40:00,1021.01
2026-01-13 07:50:00,1021.25
2026-01-13 08:00:00,1021.3199999999999
2026-01-13 08:10:00,1021.5
2026-01-13 08:20:00,1021.5799999999999
2026-01-13 08:30:00,1021.6899999999999
2026-01-13 08:40:00,1021.77
2026-01-13 08:50:00,1021.78
2026-01-13 09:00:00,1021.81
2026-01-13 09:10:00,1021.72
2026-01-13 09:20:00,1021.62
2026-01-13 09:30:00,1021.49
2026-01-13 09:40:00,1021.54
2026-01-13 09:50:00,1021.48
2026-01-13 10:00:00,1021.3199999999999
2026-01-13 10:10:00,1021.23
2026-01-13 10:20:00,1021.23
2026-01-13 10:30:00,1021.24
2026-01-13 10:40:00,1021.0699999999999
2026-01-13 10:50:00,1020.98
2026-01-13 11:00:00,1020.8
2026-01-13 11:10:00,1020.72
2026-01-13 11:20:00,1020.59
2026-01-13 11:30:00,1020.47
2026-01-13 11:40:00,1020.34
2026-01-13 11:50:00,1020.1899999999999
2026-01-13 12:00:00,1020.01
2026-01-13 12:10:00,1019.89
2026-01-13 12:20:00,1019.6999999999999
2026-01-13 12:30:00,1019.55
2026-01-13 12:40:00,1019.3299999999999
2026-01-13 12:50:00,1019.15
2026-01-13 13:00:00,1018.9599999999999
2026-01-13 13:10:00,1018.74
2026-01-13 13:20:00,1018.5
2026-01-13 13:30:00,1018.28
2026-01-13 13:40:00,1018.0799999999999
2026-01-13 13:50:00,1017.87
2026-01-13 14:00:00,1017.85
2026-01-13 14:10:00,1017.68
2026-01-13 14:20:00,1017.67
2026-01-13 14:30:00,1017.59
2026-01-13 14:40:00,1017.54
2026-01-13 14:50:00,1017.48
2026-01-13 15:00:00,1017.48
2026-01-13 15:10:00,1017.5699999999999
2026-01-13 15:20:00,1017.63
2026-01-13 15:30:00,1017.49
2026-01-13 15:40:00,1017.42
2026-01-13 15:50:00,1017.51
2026-01-13 16:00:00,1017.55
2026-01-13 16:10:00,1017.61
2026-01-13 16:20:00,1017.62
2026-01-13 16:30:00,1017.65
2026-01-13 16:40:00,1017.66
2026-01-13 16:50:00,1017.68
2026-01-13 17:00:00,1017.73
2026-01-13 17:10:00,1017.75
2026-01-13 17:20:00,1017.72
2026-01-13 17:30:00,1017.88
2026-01-13 17:40:00,1017.97
2026-01-13 17:50:00,1017.97
2026-01-13 18:00:00,1018.03
2026-01-13 18:10:00,1018.06
2026-01-13 18:20:00,1018.26
2026-01-13 18:30:00,1018.41
2026-01-13 18:40:00,1018.4399999999999
2026-01-13 18:50:00,1018.49
2026-01-13 19:00:00,1018.63
2026-01-13 19:10:00,1018.81
2026-01-13 19:20:00,1018.87
2026-01-13 19:30:00,1019.01
2026-01-13 19:40:00,1019.11
2026-01-13 19:50:00,1019.22
2026-01-13 20:00:00,1019.43
2026-01-13 20:10:00,1019.5
2026-01-13 20:20:00,1019.66
2026-01-13 20:30:00,1019.7099999999999
2026-01-13 20:40:00,1019.74
2026-01-13 20:50:00,1019.78
2026-01-13 21:00:00,1019.72
2026-01-13 21:10:00,1019.77
2026-01-13 21:20:00,1019.72
2026-01-13 21:30:00,1019.76
2026-01-13 21:40:00,1019.79
2026-01-13 21:50:00,1019.88
2026-01-13 22:00:00,1019.91
2026-01-13 22:10:00,1019.87
2026-01-13 22:20:00,1019.93
2026-01-13 22:30:00,1019.84
2026-01-13 22:40:00,1019.81
2026-01-13 22:50:00,1019.81
2026-01-13 23:00:00,1019.73
2026-01-13 23:10:00,1019.5799999999999
2026-01-13 23:20:00,1019.54
2026-01-13 23:30:00,1019.49
2026-01-13 23:40:00,1019.35
2026-01-13 23:50:00,1019.1899999999999
2026-01-14 00:00:00,1018.9599999999999
2026-01-14 00:10:00,1018.8
2026-01-14 00:20:00,1018.6
2026-01-14 00:30:00,1018.51
2026-01-14 00:40:00,1018.3299999999999
2026-01-14 00:50:00,1018.18
2026-01-14 01:00:00,1018.0799999999999
2026-01-14 01:10:00,1017.92
2026-01-14 01:20:00,1017.8199999999999
2026-01-14 01:30:00,1017.5799999999999
2026-01-14 01:40:00,1017.51
2026-01-14 01:50:00,1017.39
2026-01-14 02:00:00,1017.31
2026-01-14 02:10:00,1017.17
2026-01-14 02:20:00,1017.18
2026-01-14 02:30:00,1017.16
2026-01-14 02:40:00,1017.1
2026-01-14 02:50:00,1017.0699999999999
2026-01-14 03:00:00,1017.15
2026-01-14 03:10:00,1017.27
2026-01-14 03:20:00,1017.3
2026-01-14 03:30:00,1017.26
2026-01-14 03:40:00,1017.36
2026-01-14 03:50:00,1017.5
2026-01-14 04:00:00,1017.53
2026-01-14 04:10:00,1017.67
2026-01-14 04:20:00,1017.6999999999999
2026-01-14 04:30:00,1017.8199999999999
2026-01-14 04:40:00,1017.84
2026-01-14 04:50:00,1017.98
2026-01-14 05:00:00,1018.01
2026-01-14 05:10:00,1018.02
2026-01-14 05:20:00,1018.11
2026-01-14 05:30:00,1018.16
2026-01-14 05:40:00,1018.23
2026-01-14 05:50:00,1018.23
2026-01-14 06:00:00,1018.36
2026-01-14 06:10:00,1018.41
2026-01-14 06:20:00,1018.4599999999999
2026-01-14 06:30:00,1018.64
2026-01-14 06:40:00,1018.74
2026-01-14 06:50:00,1018.74
2026-01-14 07:00:00,1018.88
2026-01-14 07:10:00,1018.9499999999999
2026-01-14 07:20:00,1019.1
2026-01-14 07:30:00,1019.0699999999999
2026-01-14 07:40:00,1019.14
2026-01-14 07:50:00,1019.1999999999999
2026-01-14 08:00:00,1019.14
2026-01-14 08:10:00,1019.3
2026-01-14 08:20:00,1019.5
2026-01-14 08:30:00,1019.63
2026-01-14 08:40:00,1019.6
2026-01-14 08:50:00,1019.6899999999999
2026-01-14 09:00:00,1019.63
2026-01-14 09:10:00,1019.68
2026-01-14 09:20:00,1019.75
2026-01-14 09:30:00,1019.86
2026-01-14 09:40:00,1019.84
2026-01-14 09:50:00,1019.86
2026-01-14 10:00:00,1019.74
2026-01-14 10:10:00,1019.75
2026-01-14 10:20:00,1019.64
2026-01-14 10:30:00,1019.5799999999999
2026-01-14 10:40:00,1019.48
2026-01-14 10:50:00,1019.4
2026-01-14 11:00:00,1019.38
2026-01-14 11:10:00,1019.38
2026-01-14 11:20:00,1019.15
2026-01-14 11:30:00,1018.85
2026-01-14 11:40:00,1018.5799999999999
2026-01-14 11:50:00,1018.4
2026-01-14 12:00:00,1018.13
2026-01-14 12:10:00,1018.0799999999999
2026-01-14 12:20:00,1018.0699999999999
2026-01-14 12:30:00,1017.98
2026-01-14 12:40:00,1017.66
2026-01-14 12:50:00,1017.49
2026-01-14 13:00:00,1017.23
2026-01-14 13:10:00,1017.06
2026-01-14 13:20:00,1016.85
2026-01-14 13:30:00,1016.75
2026-01-14 13:40:00,1016.61
2026-01-14 13:50:00,1016.54
2026-01-14 14:00:00,1016.4499999999999
2026-01-14 14:10:00,1016.35
2026-01-14 14:20:00,1016.3199999999999
2026-01-14 14:30:00,1016.35
2026-01-14 14:40:00,1016.28
2026-01-14 14:50:00,1016.35
2026-01-14 15:10:00,1016.28
2026-01-14 15:20:00,1016.27
2026-01-14 15:30:00,1016.3199999999999
2026-01-14 15:40:00,1016.31
2026-01-14 15:50:00,1016.38
2026-01-14 16:00:00,1016.4599999999999
2026-01-14 16:10:00,1016.52
2026-01-14 16:20:00,1016.53
2026-01-14 16:30:00,1016.49
2026-01-14 16:40:00,1016.54
2026-01-14 16:50:00,1016.59
2026-01-14 17:00:00,1016.62
2026-01-14 17:10:00,1016.81
2026-01-14 17:20:00,1016.84
2026-01-14 17:30:00,1016.91
2026-01-14 17:40:00,1017
2026-01-14 17:50:00,1017.14
2026-01-14 18:00:00,1017.2099999999999
2026-01-14 18:10:00,1017.3299999999999
2026-01-14 18:20:00,1017.41
2026-01-14 18:30:00,1017.5
2026-01-14 18:40:00,1017.5799999999999
2026-01-14 18:50:00,1017.7099999999999
2026-01-14 19:00:00,1017.8299999999999
2026-01-14 19:10:00,1017.89
2026-01-14 19:20:00,1017.99
2026-01-14 19:30:00,1018.16
2026-01-14 19:40:00,1018.37
2026-01-14 19:50:00,1018.54
2026-01-14 20:00:00,1018.68
2026-01-14 20:10:00,1018.8199999999999
2026-01-14 20:20:00,1019
2026-01-14 20:30:00,1019.12
2026-01-14 20:40:00,1019.23
2026-01-14 20:50:00,1019.3299999999999
2026-01-14 21:00:00,1019.29
2026-01-14 21:10:00,1019.35
2026-01-14 21:20:00,1019.43
2026-01-14 21:30:00,1019.4399999999999
2026-01-14 21:40:00,1019.41
2026-01-14 21:50:00,1019.31
2026-01-14 22:00:00,1019.3299999999999
2026-01-14 22:10:00,1019.28
2026-01-14 22:20:00,1019.24
2026-01-14 22:30:00,1019.1999999999999
2026-01-14 22:40:00,1019.17
2026-01-14 22:50:00,1019.11
2026-01-14 23:00:00,1019.0799999999999
2026-01-14 23:10:00,1019.02
2026-01-14 23:20:00,1019.06
2026-01-14 23:30:00,1018.9
2026-01-14 23:40:00,1018.89
2026-01-14 23:50:00,1018.72
2026-01-15 00:00:00,1018.6
2026-01-15 00:10:00,1018.47
2026-01-15 00:20:00,1018.39
2026-01-15 00:30:00,1018.27
2026-01-15 00:40:00,1018.14
2026-01-15 00:50:00,1018.0699999999999
2026-01-15 01:00:00,1017.92
2026-01-15 01:10:00,1017.8
2026-01-15 01:20:00,1017.6899999999999
2026-01-15 01:30:00,1017.52
2026-01-15 01:40:00,1017.5
2026-01-15 01:50:00,1017.34
2026-01-15 02:00:00,1017.3199999999999
2026-01-15 02:10:00,1017.25
2026-01-15 02:20:00,1017.27
2026-01-15 02:30:00,1017.3299999999999
2026-01-15 02:40:00,1017.34
2026-01-15 02:50:00,1017.47
2026-01-15 03:40:00,1017.9
2026-01-15 03:50:00,1018.1
2026-01-15 04:00:00,1018.18
2026-01-15 04:10:00,1018.4
2026-01-15 04:20:00,1018.5
2026-01-15 04:30:00,1018.68
2026-01-15 04:40:00,1018.72
2026-01-15 04:50:00,1018.78
2026-01-15 05:00:00,1018.8299999999999
2026-01-15 05:10:00,1018.86
2026-01-15 05:20:00,1018.93
2026-01-15 05:30:00,1019.05
2026-01-15 05:40:00,1019.13
2026-01-15 05:50:00,1019.22
2026-01-15 06:00:00,1019.3
2026-01-15 06:10:00,1019.4499999999999
2026-01-15 06:20:00,1019.55
2026-01-15 06:30:00,1019.52
2026-01-15 06:40:00,1019.67
2026-01-15 06:50:00,1019.86
2026-01-15 07:00:00,1019.9
2026-01-15 07:10:00,1020.0699999999999
2026-01-15 07:20:00,1020.15
2026-01-15 07:30:00,1020.24
2026-01-15 07:40:00,1020.25
2026-01-15 07:50:00,1020.36
2026-01-15 08:00:00,1020.51
2026-01-15 08:10:00,1020.55
2026-01-15 08:20:00,1020.73
2026-01-15 08:30:00,1020.84
2026-01-15 08:40:00,1020.99
2026-01-15 08:50:00,1020.99
2026-01-15 09:00:00,1021.1
2026-01-15 09:10:00,1021.04
2026-01-15 09:20:00,1021.06
2026-01-15 09:30:00,1020.99
2026-01-15 09:40:00,1020.9499999999999
2026-01-15 09:50:00,1020.92
2026-01-15 10:00:00,1020.98
2026-01-15 10:10:00,1020.9
2026-01-15 10:20:00,1020.85
2026-01-15 10:30:00,1020.7099999999999
2026-01-15 10:40:00,1020.62
2026-01-15 10:50:00,1020.4599999999999
2026-01-15 11:00:00,1020.3199999999999
2026-01-15 11:10:00,1020.17
2026-01-15 11:20:00,1020
2026-01-15 11:30:00,1019.87
2026-01-15 11:40:00,1019.75
2026-01-15 11:50:00,1019.52
2026-01-15 12:00:00,1019.54
2026-01-15 12:10:00,1019.47
2026-01-15 12:20:00,1019.29
2026-01-15 12:30:00,1019.15
2026-01-15 12:40:00,1019.04
2026-01-15 12:50:00,1018.87
2026-01-15 13:00:00,1018.76
2026-01-15 13:10:00,1018.55
2026-01-15 13:20:00,1018.41
2026-01-15 13:30:00,1018.3
2026-01-15 13:40:00,1018.18
2026-01-15 13:50:00,1018.1
2026-01-15 14:00:00,1017.8199999999999
2026-01-15 14:10:00,1017.7099999999999
2026-01-15 14:20:00,1017.6
2026-01-15 14:30:00,1017.5799999999999
2026-01-15 14:40:00,1017.56
2026-01-15 14:50:00,1017.54
2026-01-15 15:00:00,1017.5
2026-01-15 15:10:00,1017.49
2026-01-15 15:20:00,1017.56
2026-01-15 15:30:00,1017.6
2026-01-15 15:40:00,1017.74
2026-01-15 15:50:00,1017.81
2026-01-15 16:00:00,1017.6899999999999
2026-01-15 16:10:00,1017.88
2026-01-15 16:20:00,1017.92
2026-01-15 16:30:00,1017.88
2026-01-15 16:40:00,1018
2026-01-15 16:50:00,1018.1899999999999
2026-01-15 17:00:00,1018.31
2026-01-15 17:10:00,1018.4599999999999
2026-01-15 17:20:00,1018.59
2026-01-15 17:30:00,1018.68
2026-01-15 17:40:00,1018.8
2026-01-15 17:50:00,1018.75
2026-01-15 18:00:00,1018.8199999999999
2026-01-15 18:10:00,1019.09
2026-01-15 18:20:00,1019.0799999999999
2026-01-15 18:30:00,1019.15
2026-01-15 18:40:00,1019.4499999999999
2026-01-15 18:50:00,1019.7099999999999
2026-01-15 19:00:00,1019.88
2026-01-15 19:10:00,1020.12
2026-01-15 19:20:00,1020.22
2026-01-15 19:30:00,1020.29
2026-01-15 19:40:00,1020.4499999999999
2026-01-15 19:50:00,1020.75
2026-01-15 20:00:00,1021.1999999999999
2026-01-15 20:10:00,1021.2457142857144
2026-01-15 20:20:00,1021.3100000000001
2026-01-15 20:30:00,1021.25
2026-01-15 20:40:00,1021.31
2026-01-15 20:50:00,1021.1999999999999
2026-01-15 21:00:00,1021.2099999999999
2026-01-15 21:10:00,1021.26
2026-01-15 21:20:00,1021.17
2026-01-15 21:30:00,1021.17
2026-01-15 21:40:00,1021.1899999999999
2026-01-15 21:50:00,1021.14
2026-01-15 22:00:00,1021.1899999999999
2026-01-15 22:10:00,1021.06
2026-01-15 22:20:00,1020.98
2026-01-15 22:30:00,1020.85
2026-01-15 22:40:00,1020.9399999999999
2026-01-15 22:50:00,1021.01
2026-01-15 23:00:00,1020.78
2026-01-15 23:10:00,1020.66
2026-01-15 23:20:00,1020.47
2026-01-15 23:30:00,1020.55
2026-01-15 23:40:00,1020.6
2026-01-15 23:50:00,1020.48
2026-01-16 00:00:00,1020.09
2026-01-16 00:10:00,1020.03
2026-01-16 00:20:00,1020.06
2026-01-16 00:30:00,1019.8199999999999
2026-01-16 00:40:00,1019.56
2026-01-16 00:50:00,1019.27
2026-01-16 01:00:00,1019.02
2026-01-16 01:10:00,1018.81
2026-01-16 01:20:00,1018.7099999999999
2026-01-16 01:30:00,1018.64
2026-01-16 01:40:00,1018.52
2026-01-16 01:50:00,1018.5799999999999
2026-01-16 02:00:00,1018.54
2026-01-16 02:10:00,1018.4
2026-01-16 02:20:00,1018.51
2026-01-16 02:30:00,1018.4599999999999
2026-01-16 02:40:00,1018.51
2026-01-16 02:50:00,1018.54
2026-01-16 03:00:00,1018.59
2026-01-16 03:10:00,1018.66
2026-01-16 03:20:00,1018.59
2026-01-16 03:30:00,1018.43
2026-01-16 03:40:00,1018.3299999999999
2026-01-16 03:50:00,1018.4
2026-01-16 04:00:00,1018.4
2026-01-16 04:10:00,1018.31
2026-01-16 04:20:00,1018.28
2026-01-16 04:30:00,1018.4499999999999
2026-01-16 04:40:00,1018.5699999999999
2026-01-16 04:50:00,1018.72
2026-01-16 05:00:00,1018.77
2026-01-16 05:10:00,1018.6
2026-01-16 05:20:00,1018.84
2026-01-16 05:30:00,1019
2026-01-16 05:40:00,1019.04
2026-01-16 05:50:00,1019.15
2026-01-16 06:00:00,1019.28
2026-01-16 06:10:00,1019.37
2026-01-16 06:20:00,1019.55
2026-01-16 06:30:00,1019.88
2026-01-16 06:40:00,1020
2026-01-16 06:50:00,1020.14
2026-01-16 07:00:00,1020.18
2026-01-16 07:10:00,1020.22
2026-01-16 07:20:00,1020.35
2026-01-16 07:30:00,1020.6
2026-01-16 07:40:00,1020.74
2026-01-16 07:50:00,1020.76
2026-01-16 08:00:00,1020.79
2026-01-16 08:10:00,1020.85
2026-01-16 08:20:00,1020.9599999999999
2026-01-16 08:30:00,1021
2026-01-16 08:40:00,1020.91
2026-01-16 08:50:00,1020.6999999999999
2026-01-16 09:00:00,1020.81
2026-01-16 09:10:00,1020.6899999999999
2026-01-16 09:20:00,1020.76
2026-01-16 09:30:00,1020.85
2026-01-16 09:40:00,1020.87
2026-01-16 09:50:00,1020.76
2026-01-16 10:00:00,1020.64
2026-01-16 10:10:00,1020.66
2026-01-16 10:20:00,1020.54
2026-01-16 10:30:00,1020.42
2026-01-16 10:40:00,1020.3299999999999
2026-01-16 10:50:00,1020.17
2026-01-16 11:00:00,1019.97
2026-01-16 11:10:00,1019.98
2026-01-16 11:20:00,1019.9499999999999
2026-01-16 11:30:00,1019.9
2026-01-16 11:40:00,1019.84
2026-01-16 11:50:00,1019.8199999999999
2026-01-16 12:00:00,1019.84
2026-01-16 12:10:00,1019.86
2026-01-16 12:20:00,1019.6999999999999
2026-01-16 12:30:00,1019.4499999999999
2026-01-16 12:40:00,1019.06
2026-01-16 12:50:00,1018.79
2026-01-16 13:00:00,1018.55
2026-01-16 13:10:00,1018.28
2026-01-16 13:20:00,1018.1999999999999
2026-01-16 13:30:00,1018.23
2026-01-16 13:40:00,1018.1899999999999
2026-01-16 13:50:00,1018.02
2026-01-16 14:00:00,1017.88
2026-01-16 14:10:00,1017.8299999999999
2026-01-16 14:20:00,1017.78
2026-01-16 14:30:00,1017.6899999999999
2026-01-16 14:40:00,1017.48
2026-01-16 14:50:00,1017.4399999999999
2026-01-16 15:00:00,1017.41
2026-01-16 15:10:00,1017.47
2026-01-16 15:20:00,1017.5
2026-01-16 15:30:00,1017.56
2026-01-16 15:40:00,1017.63
2026-01-16 15:50:00,1017.51
2026-01-16 16:00:00,1017.48
2026-01-16 16:10:00,1017.62
2026-01-16 16:20:00,1017.64
2026-01-16 16:30:00,1017.75
2026-01-16 16:40:00,1017.9499999999999
2026-01-16 16:50:00,1018.0699999999999
2026-01-16 17:00:00,1018.15
2026-01-16 17:10:00,1018.1
2026-01-16 17:20:00,1018.14
2026-01-16 17:30:00,1018.29
2026-01-16 17:40:00,1018.4599999999999
2026-01-16 17:50:00,1018.5699999999999
2026-01-16 18:00:00,1018.55
2026-01-16 18:10:00,1018.73
2026-01-16 18:20:00,1018.8299999999999
2026-01-16 18:30:00,1018.91
2026-01-16 18:40:00,1018.89
2026-01-16 18:50:00,1018.78
2026-01-16 19:00:00,1018.97
2026-01-16 19:10:00,1019.03
2026-01-16 19:20:00,1019.04
2026-01-16 19:30:00,1019.0699999999999
2026-01-16 19:40:00,1019.11
2026-01-16 19:50:00,1019.16
2026-01-16 20:00:00,1019.3
2026-01-16 20:10:00,1019.52
2026-01-16 20:20:00,1019.56
2026-01-16 20:30:00,1019.6999999999999
2026-01-16 20:40:00,1019.59
2026-01-16 20:50:00,1019.52
2026-01-16 21:00:00,1019.54
2026-01-16 21:10:00,1019.6
2026-01-16 21:20:00,1019.56
2026-01-16 21:30:00,1019.55
2026-01-16 21:40:00,1019.6999999999999
2026-01-16 21:50:00,1019.68
2026-01-16 22:00:00,1019.73
2026-01-16 22:10:00,1019.66
2026-01-16 22:20:00,1019.5699999999999
2026-01-16 22:30:00,1019.5699999999999
2026-01-16 22:40:00,1019.51
2026-01-16 22:50:00,1019.54
2026-01-16 23:00:00,1019.585
2026-01-16 23:10:00,1019.5
2026-01-16 23:20:00,1019.5
2026-01-16 23:30:00,1019.5699999999999
2026-01-16 23:40:00,1019.53
2026-01-16 23:50:00,1019.4
2026-01-17 00:00:00,1019.26
2026-01-17 00:10:00,1019.14
2026-01-17 00:20:00,1018.98
2026-01-17 00:30:00,1018.88
2026-01-17 00:40:00,1018.8
2026-01-17 00:50:00,1018.42
2026-01-17 01:00:00,1018.15
2026-01-17 01:10:00,1017.9399999999999
2026-01-17 01:20:00,1017.5799999999999
2026-01-17 01:30:00,1017.3
2026-01-17 01:40:00,1017.41
2026-01-17 01:50:00,1017.36
2026-01-17 02:00:00,1017.2099999999999
2026-01-17 02:10:00,1017.01
2026-01-17 02:20:00,1016.91
2026-01-17 02:30:00,1016.8
2026-01-17 02:40:00,1016.66
2026-01-17 02:50:00,1016.34
2026-01-17 03:00:00,1016.04
2026-01-17 03:10:00,1015.93
2026-01-17 03:20:00,1016.13
2026-01-17 03:40:00,1016.15
2026-01-17 03:50:00,1016.34
2026-01-17 04:00:00,1016.51
2026-01-17 04:10:00,1016.5699999999999
2026-01-17 04:20:00,1016.6899999999999
2026-01-17 04:30:00,1016.7099999999999
2026-01-17 04:40:00,1016.8299999999999
2026-01-17 04:50:00,1016.88
2026-01-17 05:00:00,1016.97
2026-01-17 05:10:00,1017.09
2026-01-17 05:20:00,1017.12
2026-01-17 05:30:00,1017.18
2026-01-17 05:40:00,1017.2099999999999
2026-01-17 05:50:00,1017.1899999999999
2026-01-17 06:00:00,1017.41
2026-01-17 06:10:00,1017.51
2026-01-17 06:20:00,1017.84
2026-01-17 06:30:00,1017.9499999999999
2026-01-17 06:40:00,1017.9499999999999
2026-01-17 06:50:00,1018.13
2026-01-17 07:00:00,1018.16
2026-01-17 07:10:00,1018.3
2026-01-17 07:20:00,1018.4
2026-01-17 07:30:00,1018.47
2026-01-17 07:40:00,1018.74
2026-01-17 07:50:00,1018.9399999999999
2026-01-17 08:00:00,1018.98
2026-01-17 08:10:00,1019.01
2026-01-17 08:20:00,1018.9499999999999
2026-01-17 08:30:00,1018.89
2026-01-17 08:40:00,1018.93
2026-01-17 08:50:00,1019.01
2026-01-17 09:00:00,1018.92
2026-01-17 09:10:00,1018.81
2026-01-17 09:20:00,1019.01
2026-01-17 09:30:00,1019.1999999999999
2026-01-17 09:40:00,1019.18
2026-01-17 09:50:00,1019.3199999999999
2026-01-17 10:00:00,1019.37
2026-01-17 10:10:00,1019.3199999999999
2026-01-17 10:20:00,1019.3299999999999
2026-01-17 10:30:00,1019.1899999999999
2026-01-17 10:40:00,1019.0699999999999
2026-01-17 10:50:00,1019.16
2026-01-17 11:00:00,1018.8299999999999
2026-01-17 11:10:00,1018.64
2026-01-17 11:20:00,1018.41
2026-01-17 11:30:00,1018.09
2026-01-17 11:40:00,1017.79
2026-01-17 11:50:00,1017.63
2026-01-17 12:00:00,1017.47
2026-01-17 12:10:00,1017.39
2026-01-17 12:20:00,1017.2099999999999
2026-01-17 12:30:00,1016.97
2026-01-17 12:40:00,1016.75
2026-01-17 12:50:00,1016.49
2026-01-17 13:00:00,1016.4
2026-01-17 13:10:00,1016.27
2026-01-17 13:20:00,1016.25
2026-01-17 13:30:00,1016.18
2026-01-17 13:40:00,1016.03
2026-01-17 13:50:00,1015.87
2026-01-17 14:00:00,1015.6999999999999
2026-01-17 14:10:00,1015.67
2026-01-17 14:20:00,1015.47
2026-01-17 14:30:00,1015.42
2026-01-17 14:40:00,1015.54
2026-01-17 14:50:00,1015.52
2026-01-17 15:00:00,1015.5
2026-01-17 15:10:00,1015.42
2026-01-17 15:20:00,1015.5799999999999
2026-01-17 15:30:00,1015.76
2026-01-17 15:40:00,1015.6899999999999
2026-01-17 15:50:00,1015.62
2026-01-17 16:00:00,1015.5799999999999
2026-01-17 16:10:00,1015.6899999999999
2026-01-17 16:20:00,1015.81
2026-01-17 16:30:00,1015.9
2026-01-17 16:40:00,1015.91
2026-01-17 16:50:00,1015.8299999999999
2026-01-17 17:00:00,1015.81
2026-01-17 17:10:00,1015.8
2026-01-17 17:20:00,1015.81
2026-01-17 17:30:00,1015.86
2026-01-17 17:40:00,1015.92
2026-01-17 17:50:00,1015.99
2026-01-17 18:00:00,1016.16
2026-01-17 18:10:00,1016.13
2026-01-17 18:20:00,1016.1999999999999
2026-01-17 18:30:00,1016.28
2026-01-17 18:40:00,1016.36
2026-01-17 18:50:00,1016.39
2026-01-17 19:00:00,1016.56
2026-01-17 19:10:00,1016.63
2026-01-17 19:20:00,1016.63
2026-01-17 19:30:00,1016.68
2026-01-17 19:40:00,1016.65
2026-01-17 19:50:00,1016.8
2026-01-17 20:00:00,1016.97
2026-01-17 20:10:00,1017.04
2026-01-17 20:20:00,1017.16
2026-01-17 20:30:00,1017.35
2026-01-17 20:40:00,1017.51
2026-01-17 20:50:00,1017.5799999999999
2026-01-17 21:00:00,1017.64
2026-01-17 21:10:00,1017.8199999999999
2026-01-17 21:20:00,1017.93
2026-01-17 21:30:00,1017.9599999999999
2026-01-17 21:40:00,1017.97
2026-01-17 21:50:00,1017.98
2026-01-17 22:00:00,1017.87
2026-01-17 22:10:00,1017.8199999999999
2026-01-17 22:20:00,1017.9
2026-01-17 22:30:00,1017.86
2026-01-17 22:40:00,1017.8299999999999
2026-01-17 22:50:00,1017.6999999999999
2026-01-17 23:00:00,1017.52
2026-01-17 23:10:00,1017.4599999999999
2026-01-17 23:20:00,1017.4499999999999
2026-01-17 23:30:00,1017.41
2026-01-17 23:40:00,1017.26
2026-01-17 23:50:00,1016.97
2026-01-18 00:00:00,1016.66
2026-01-18 00:10:00,1016.42
2026-01-18 00:20:00,1016.37
2026-01-18 00:30:00,1016.4
2026-01-18 00:40:00,1016.23
2026-01-18 00:50:00,1016.09
2026-01-18 01:40:00,1015.4
2026-01-18 02:30:00,1015.28
2026-01-18 02:40:00,1015.3199999999999
2026-01-18 02:50:00,1015.31
2026-01-18 03:00:00,1015.34
2026-01-18 03:10:00,1015.28
2026-01-18 03:20:00,1015.3699999999999
2026-01-18 03:30:00,1015.47
2026-01-18 03:40:00,1015.41
2026-01-18 03:50:00,1015.38
2026-01-18 04:00:00,1015.48
2026-01-18 04:10:00,1015.5
2026-01-18 04:20:00,1015.4499999999999
2026-01-18 04:30:00,1015.55
2026-01-18 04:40:00,1015.935
2026-01-18 04:50:00,1015.9733333333334
2026-01-18 05:00:00,1016.0675
2026-01-18 05:10:00,1016.2263636363637
2026-01-18 05:20:00,1016.207
2026-01-18 05:30:00,1016.232
2026-01-18 05:40:00,1016.35
2026-01-18 05:50:00,1016.4599999999999
2026-01-18 06:00:00,1016.7409090909091
2026-01-18 06:10:00,1016.9359999999999
2026-01-18 06:20:00,1016.9666666666667
2026-01-18 06:30:00,1016.98
2026-01-18 06:40:00,1017.43
2026-01-18 06:50:00,1017.26
2026-01-18 07:00:00,1017.4499999999999
2026-01-18 07:10:00,1017.6
2026-01-18 07:20:00,1017.7099999999999
2026-01-18 07:30:00,1017.98
2026-01-18 07:40:00,1018.1899999999999
2026-01-18 07:50:00,1018.31
2026-01-18 08:00:00,1018.41
2026-01-18 08:10:00,1018.52
2026-01-18 08:20:00,1018.6
2026-01-18 08:30:00,1018.7099999999999
2026-01-18 08:40:00,1018.88
2026-01-18 08:50:00,1018.93
2026-01-18 09:00:00,1018.99
2026-01-18 09:10:00,1019.12
2026-01-18 09:20:00,1019.12
2026-01-18 09:30:00,1019.17
2026-01-18 09:40:00,1019.0799999999999
2026-01-18 09:50:00,1019.02
2026-01-18 10:00:00,1018.91
2026-01-18 10:10:00,1018.6999999999999
2026-01-18 10:20:00,1018.5
2026-01-18 10:30:00,1018.42
2026-01-18 10:40:00,1018.34
2026-01-18 10:50:00,1018.23
2026-01-18 11:00:00,1018.23
2026-01-18 11:10:00,1018.16
2026-01-18 11:20:00,1018.01
2026-01-18 11:30:00,1017.8
2026-01-18 11:40:00,1017.64
2026-01-18 11:50:00,1017.47
2026-01-18 12:00:00,1017.29
2026-01-18 12:10:00,1017.04
2026-01-18 12:20:00,1016.85
2026-01-18 12:30:00,1016.74
2026-01-18 12:40:00,1016.6899999999999
2026-01-18 12:50:00,1016.4499999999999
2026-01-18 13:00:00,1016.3299999999999
2026-01-18 13:10:00,1016.05
2026-01-18 13:20:00,1016.03
2026-01-18 13:30:00,1015.86
2026-01-18 13:40:00,1015.6
2026-01-18 13:50:00,1015.36
2026-01-18 14:00:00,1015.1999999999999
2026-01-18 14:10:00,1015.02
2026-01-18 14:20:00,1015.11
2026-01-18 14:30:00,1015.11
2026-01-18 14:40:00,1015.0699999999999
2026-01-18 14:50:00,1014.9499999999999
2026-01-18 15:00:00,1014.75
2026-01-18 15:10:00,1014.77
2026-01-18 15:20:00,1014.8
2026-01-18 15:30:00,1014.85
2026-01-18 15:40:00,1014.9499999999999
2026-01-18 15:50:00,1015.12
2026-01-18 16:00:00,1015.17
2026-01-18 16:10:00,1015.22
2026-01-18 16:20:00,1015.27
2026-01-18 16:30:00,1015.43
2026-01-18 16:40:00,1015.42
2026-01-18 16:50:00,1015.61
2026-01-18 17:00:00,1015.64
2026-01-18 17:10:00,1015.79
2026-01-18 17:20:00,1015.93
2026-01-18 17:30:00,1015.9599999999999
2026-01-18 17:40:00,1016.11
2026-01-18 17:50:00,1016.1899999999999
2026-01-18 18:00:00,1016.34
2026-01-18 18:10:00,1016.35
2026-01-18 18:20:00,1016.43
2026-01-18 18:30:00,1016.6999999999999
2026-01-18 18:40:00,1016.63
2026-01-18 18:50:00,1017.03
2026-01-18 19:00:00,1017.04
2026-01-18 19:10:00,1017.22
2026-01-18 19:20:00,1017.4399999999999
2026-01-18 19:30:00,1017.62
2026-01-18 19:40:00,1017.78
2026-01-18 19:50:00,1018.2033333333334
2026-01-18 20:00:00,1018.1700000000001
2026-01-18 20:10:00,1018.0866666666666
2026-01-18 20:20:00,1018.1999999999999
2026-01-18 20:30:00,1018.43
2026-01-18 20:40:00,1018.47
2026-01-18 20:50:00,1018.56
2026-01-18 21:00:00,1018.5699999999999
2026-01-18 21:10:00,1018.7099999999999
2026-01-18 21:20:00,1018.5699999999999
2026-01-18 21:30:00,1018.9
2026-01-18 21:40:00,1018.76
2026-01-18 21:50:00,1018.54
2026-01-18 22:00:00,1018.88
2026-01-18 22:10:00,1018.81
2026-01-18 22:20:00,1018.79
2026-01-18 22:30:00,1018.88
2026-01-18 22:40:00,1018.99
2026-01-18 22:50:00,1019.01
2026-01-18 23:00:00,1019.14
2026-01-18 23:10:00,1019.39
2026-01-18 23:20:00,1019.06
2026-01-18 23:30:00,1019.0799999999999
2026-01-18 23:40:00,1019.12
2026-01-18 23:50:00,1019.18
2026-01-19 00:00:00,1019.11
2026-01-19 00:10:00,1018.9499999999999
2026-01-19 00:20:00,1018.9649999999999
2026-01-19 00:30:00,1018.905
2026-01-19 00:40:00,1018.79
2026-01-19 00:50:00,1018.65
2026-01-19 01:00:00,1018.51
2026-01-19 01:10:00,1018.48
2026-01-19 01:20:00,1018.4
2026-01-19 01:30:00,1018.26
2026-01-19 01:40:00,1018.18
2026-01-19 01:50:00,1018.05
2026-01-19 02:00:00,1018.05
2026-01-19 02:10:00,1018.02
2026-01-19 02:20:00,1018.02
2026-01-19 02:30:00,1018.0799999999999
2026-01-19 02:40:00,1018.02
2026-01-19 02:50:00,1018.03
2026-01-19 03:00:00,1018.06
2026-01-19 03:10:00,1018.04
2026-01-19 03:20:00,1018.02
2026-01-19 03:30:00,1018.06
2026-01-19 03:40:00,1018.12
2026-01-19 03:50:00,1018.26
2026-01-19 04:00:00,1018.26
2026-01-19 04:10:00,1018.31
2026-01-19 04:20:00,1018.29
2026-01-19 04:30:00,1018.31
2026-01-19 04:40:00,1018.43
2026-01-19 04:50:00,1018.48
2026-01-19 05:00:00,1018.4499999999999
2026-01-19 05:10:00,1018.4499999999999
2026-01-19 05:20:00,1018.37
2026-01-19 05:30:00,1018.5
2026-01-19 05:40:00,1018.53
2026-01-19 05:50:00,1018.65
2026-01-19 06:00:00,1018.67
2026-01-19 06:10:00,1018.72
2026-01-19 06:20:00,1018.93
2026-01-19 06:30:00,1018.9499999999999
2026-01-19 06:40:00,1019.13
2026-01-19 06:50:00,1019.18
2026-01-19 07:00:00,1019.27
2026-01-19 07:10:00,1019.43
2026-01-19 07:20:00,1019.63
2026-01-19 07:30:00,1019.88
2026-01-19 07:40:00,1020.06
2026-01-19 07:50:00,1020.29
2026-01-19 08:00:00,1020.36
2026-01-19 08:10:00,1020.56
2026-01-19 08:20:00,1020.61
2026-01-19 08:30:00,1020.74
2026-01-19 08:40:00,1020.73
2026-01-19 08:50:00,1020.8
2026-01-19 09:00:00,1020.81
2026-01-19 09:10:00,1020.78
2026-01-19 09:20:00,1020.74
2026-01-19 09:30:00,1020.78
2026-01-19 09:40:00,1020.76
2026-01-19 09:50:00,1020.75
2026-01-19 10:00:00,1020.6899999999999
2026-01-19 10:10:00,1020.5
2026-01-19 10:20:00,1020.34
2026-01-19 10:30:00,1020.26
2026-01-19 10:40:00,1020.23
2026-01-19 10:50:00,1020.1899999999999
2026-01-19 11:00:00,1019.86
2026-01-19 11:10:00,1019.55
2026-01-19 12:00:00,1018.49
2026-01-19 12:10:00,1018.4399999999999
2026-01-19 12:20:00,1018.42
2026-01-19 12:30:00,1018.39
2026-01-19 12:40:00,1018.22
2026-01-19 12:50:00,1018.04
2026-01-19 13:00:00,1018
2026-01-19 13:10:00,1017.85
2026-01-19 13:20:00,1017.6899999999999
2026-01-19 13:30:00,1017.43
2026-01-19 13:40:00,1017.34
2026-01-19 13:50:00,1017.37
2026-01-19 14:00:00,1017.29
2026-01-19 14:10:00,1017.12
2026-01-19 14:20:00,1017.14
2026-01-19 14:30:00,1017.1899999999999
2026-01-19 14:40:00,1017.17
2026-01-19 14:50:00,1017.18
2026-01-19 15:00:00,1017.22
2026-01-19 15:10:00,1017.12
2026-01-19 15:20:00,1017.16
2026-01-19 15:30:00,1017.26
2026-01-19 15:40:00,1017.25
2026-01-19 15:50:00,1017.43
2026-01-19 16:00:00,1017.51
2026-01-19 16:10:00,1017.68
2026-01-19 16:20:00,1017.74
2026-01-19 16:30:00,1017.8199999999999
2026-01-19 16:40:00,1017.9399999999999
2026-01-19 16:50:00,1017.9
2026-01-19 17:00:00,1017.97
2026-01-19 17:10:00,1018
2026-01-19 17:20:00,1018.3
2026-01-19 17:30:00,1018.28
2026-01-19 17:40:00,1018.25
2026-01-19 17:50:00,1018.31
2026-01-19 18:00:00,1018.24
2026-01-19 18:10:00,1018.27
2026-01-19 18:20:00,1018.43
2026-01-19 18:30:00,1018.5699999999999
2026-01-19 18:40:00,1018.5799999999999
2026-01-19 18:50:00,1018.6
2026-01-19 19:00:00,1018.68
2026-01-19 19:10:00,1018.8199999999999
2026-01-19 19:20:00,1018.9599999999999
2026-01-19 19:30:00,1019.04
2026-01-19 19:40:00,1019.49
2026-01-19 19:50:00,1019.9749999999999
2026-01-19 20:00:00,1020.18
2026-01-19 20:10:00,1020.3299999999999
2026-01-19 20:20:00,1020.3633333333332
2026-01-19 20:30:00,1020.41
2026-01-19 20:40:00,1020.31
2026-01-19 20:50:00,1020.25
2026-01-19 21:00:00,1020.43
2026-01-19 21:10:00,1020.34
2026-01-19 21:20:00,1020.38
2026-01-19 21:30:00,1020.24
2026-01-19 21:40:00,1020.2099999999999
2026-01-19 21:50:00,1020.25
2026-01-19 22:00:00,1020.18
2026-01-19 22:10:00,1020.1999999999999
2026-01-19 22:20:00,1020.12
2026-01-19 22:30:00,1020.0699999999999
2026-01-19 22:40:00,1020.09
2026-01-19 22:50:00,1020.03
2026-01-19 23:00:00,1019.9599999999999
2026-01-19 23:10:00,1019.92
2026-01-19 23:20:00,1019.78
2026-01-19 23:30:00,1019.6
2026-01-19 23:40:00,1019.51
2026-01-19 23:50:00,1019.42
2026-01-20 00:10:00,1019.28
2026-01-20 00:20:00,1019.14
2026-01-20 00:30:00,1018.98
2026-01-20 00:40:00,1018.77
2026-01-20 00:50:00,1018.79
2026-01-20 01:00:00,1018.77
2026-01-20 01:10:00,1018.74
2026-01-20 01:20:00,1018.66
2026-01-20 01:30:00,1018.49
2026-01-20 01:40:00,1018.4599999999999
2026-01-20 01:50:00,1018.43
2026-01-20 02:00:00,1018.39
2026-01-20 02:10:00,1018.42
2026-01-20 02:20:00,1018.7233333333334
2026-01-20 02:30:00,1018.655
2026-01-20 02:40:00,1018.6125000000001
2026-01-20 02:50:00,1018.6474999999999
2026-01-20 03:00:00,1018.62
2026-01-20 03:10:00,1018.67
2026-01-20 03:20:00,1018.87
2026-01-20 03:30:00,1018.78
2026-01-20 03:40:00,1018.8
2026-01-20 03:50:00,1018.7099999999999
2026-01-20 04:00:00,1018.85
2026-01-20 04:10:00,1018.77
2026-01-20 04:20:00,1018.73
2026-01-20 04:30:00,1018.8199999999999
2026-01-20 04:40:00,1018.8199999999999
2026-01-20 04:50:00,1018.86
2026-01-20 05:00:00,1018.92
2026-01-20 05:10:00,1019
2026-01-20 05:20:00,1019.02
2026-01-20 05:30:00,1019.22
2026-01-20 05:40:00,1019.26
2026-01-20 05:50:00,1019.52
2026-01-20 06:00:00,1019.81
2026-01-20 06:10:00,1020.18
2026-01-20 06:20:00,1020.285
2026-01-20 06:30:00,1020.47
2026-01-20 06:40:00,1020.51
2026-01-20 06:50:00,1020.6
2026-01-20 07:00:00,1020.75
2026-01-20 07:10:00,1020.76
2026-01-20 07:20:00,1020.8
2026-01-20 07:30:00,1020.99
2026-01-20 07:40:00,1021.16
2026-01-20 07:50:00,1021.3299999999999
2026-01-20 08:00:00,1021.62
2026-01-20 08:10:00,1021.6
2026-01-20 08:20:00,1021.4499999999999
2026-01-20 08:30:00,1021.37
2026-01-20 08:40:00,1021.36
2026-01-20 08:50:00,1021.5
2026-01-20 09:00:00,1021.5699999999999
2026-01-20 09:10:00,1021.59
2026-01-20 09:20:00,1021.6
2026-01-20 09:30:00,1021.73
2026-01-20 09:40:00,1021.9499999999999
2026-01-20 09:50:00,1021.93
2026-01-20 10:00:00,1021.895
2026-01-20 10:10:00,1021.74
2026-01-20 10:20:00,1021.5799999999999
2026-01-20 10:30:00,1021.53
2026-01-20 10:40:00,1021.52
2026-01-20 10:50:00,1021.42
2026-01-20 11:00:00,1021.31
2026-01-20 11:10:00,1021.26
2026-01-20 11:20:00,1021.1999999999999
2026-01-20 11:30:00,1020.9499999999999
2026-01-20 11:40:00,1020.87
2026-01-20 11:50:00,1020.77
2026-01-20 12:00:00,1020.5799999999999
2026-01-20 12:10:00,1020.51
2026-01-20 12:20:00,1020.3199999999999
2026-01-20 12:30:00,1020.12
2026-01-20 12:40:00,1020
2026-01-20 12:50:00,1019.87
2026-01-20 13:00:00,1019.65
2026-01-20 13:10:00,1019.52
2026-01-20 13:20:00,1019.43
2026-01-20 13:30:00,1019.3299999999999
2026-01-20 13:40:00,1019.16
2026-01-20 13:50:00,1019.1949999999999
2026-01-20 14:00:00,1018.93
2026-01-20 14:10:00,1018.9599999999999
2026-01-20 14:20:00,1018.78
2026-01-20 14:30:00,1018.5799999999999
2026-01-20 14:40:00,1018.61
2026-01-20 14:50:00,1018.52
2026-01-20 15:00:00,1018.4599999999999
2026-01-20 15:10:00,1018.52
2026-01-20 15:20:00,1018.59
2026-01-20 15:30:00,1018.47
2026-01-20 15:40:00,1018.51
2026-01-20 15:50:00,1018.53
2026-01-20 16:00:00,1018.63
2026-01-20 16:10:00,1018.74
2026-01-20 16:20:00,1018.78
2026-01-20 16:30:00,1018.9399999999999
2026-01-20 16:40:00,1018.9
2026-01-20 16:50:00,1018.98
2026-01-20 17:00:00,1018.9499999999999
2026-01-20 17:10:00,1018.93
2026-01-20 17:20:00,1018.89
2026-01-20 17:30:00,1018.98
2026-01-20 17:40:00,1019.01
2026-01-20 17:50:00,1019.2099999999999
2026-01-20 18:00:00,1019.3299999999999
2026-01-20 18:10:00,1019.47
2026-01-20 18:20:00,1019.4499999999999
2026-01-20 18:30:00,1019.56
2026-01-20 18:40:00,1019.62
2026-01-20 18:50:00,1019.8299999999999
2026-01-20 19:00:00,1019.9599999999999
2026-01-20 19:10:00,1019.9599999999999
2026-01-20 19:20:00,1020.02
2026-01-20 19:30:00,1020.15
2026-01-20 19:40:00,1020.27
2026-01-20 19:50:00,1020.28
2026-01-20 20:00:00,1020.4599999999999
2026-01-20 20:10:00,1020.5699999999999
2026-01-20 20:20:00,1020.72
2026-01-20 20:30:00,1020.79
2026-01-20 20:40:00,1020.81
2026-01-20 20:50:00,1020.9449999999999
2026-01-20 21:00:00,1020.92
2026-01-20 21:50:00,1020.9399999999999
2026-01-20 22:00:00,1020.97
2026-01-20 22:10:00,1020.92
2026-01-20 22:20:00,1020.81
2026-01-20 22:30:00,1020.81
2026-01-20 22:40:00,1020.81
2026-01-20 22:50:00,1020.73
2026-01-20 23:00:00,1020.62
2026-01-20 23:10:00,1020.5799999999999
2026-01-20 23:20:00,1020.4599999999999
2026-01-20 23:30:00,1020.37
2026-01-20 23:40:00,1020.15
2026-01-20 23:50:00,1020.13
2026-01-21 00:00:00,1020.14
2026-01-21 00:10:00,1020.09
2026-01-21 00:20:00,1019.97
2026-01-21 00:30:00,1019.89
2026-01-21 00:40:00,1019.66
2026-01-21 00:50:00,1019.5
2026-01-21 01:00:00,1019.47
2026-01-21 01:10:00,1019.24
2026-01-21 01:20:00,1019.16
2026-01-21 01:30:00,1018.9399999999999
2026-01-21 01:40:00,1018.93
2026-01-21 01:50:00,1018.76
2026-01-21 02:00:00,1018.5799999999999
2026-01-21 02:10:00,1018.35
2026-01-21 02:20:00,1018.35
2026-01-21 02:30:00,1018.22
2026-01-21 02:40:00,1018.09
2026-01-21 02:50:00,1018.15
2026-01-21 03:00:00,1018.24
2026-01-21 03:10:00,1018.25
2026-01-21 03:20:00,1018.6475
2026-01-21 03:30:00,1018.65
2026-01-21 03:40:00,1018.6999999999999
2026-01-21 03:50:00,1018.76
2026-01-21 04:00:00,1018.8
2026-01-21 04:10:00,1018.93
2026-01-21 04:20:00,1018.9399999999999
2026-01-21 04:30:00,1019.02
2026-01-21 04:40:00,1018.97
2026-01-21 04:50:00,1018.97
2026-01-21 05:00:00,1019.02
2026-01-21 05:10:00,1018.9399999999999
2026-01-21 05:20:00,1019.0699999999999
2026-01-21 05:30:00,1019.04
2026-01-21 05:40:00,1019.02
2026-01-21 05:50:00,1018.98
2026-01-21 06:00:00,1019.15
2026-01-21 06:10:00,1019.1999999999999
2026-01-21 06:20:00,1019.28
2026-01-21 06:30:00,1019.47
2026-01-21 06:40:00,1019.4399999999999
2026-01-21 06:50:00,1019.51
2026-01-21 07:00:00,1019.5699999999999
2026-01-21 07:10:00,1019.5799999999999
2026-01-21 07:20:00,1019.63
2026-01-21 07:30:00,1019.74
2026-01-21 07:40:00,1020.05
2026-01-21 07:50:00,1020.28
2026-01-21 08:00:00,1020.4
2026-01-21 08:10:00,1020.52
2026-01-21 08:20:00,1020.81
2026-01-21 08:30:00,1020.89
2026-01-21 08:40:00,1021.04
2026-01-21 08:50:00,1021.34
2026-01-21 09:00:00,1021.5
2026-01-21 09:10:00,1021.52
2026-01-21 09:20:00,1021.5
2026-01-21 09:30:00,1021.49
2026-01-21 09:40:00,1021.47
2026-01-21 09:50:00,1021.47
2026-01-21 10:00:00,1021.48
2026-01-21 10:10:00,1021.55
2026-01-21 10:20:00,1021.6899999999999
2026-01-21 10:30:00,1021.74
2026-01-21 10:40:00,1021.7099999999999
2026-01-21 10:50:00,1021.56
2026-01-21 11:00:00,1021.34
2026-01-21 11:10:00,1021.2099999999999
2026-01-21 11:20:00,1021.09
2026-01-21 11:30:00,1021.03
2026-01-21 11:40:00,1021.31
2026-01-21 11:50:00,1021.39
2026-01-21 12:00:00,1021.1899999999999
2026-01-21 12:10:00,1020.9399999999999
2026-01-21 12:20:00,1020.54
2026-01-21 12:30:00,1020.31
2026-01-21 12:40:00,1020.27
2026-01-21 12:50:00,1020.0699999999999
2026-01-21 13:00:00,1019.9399999999999
2026-01-21 13:10:00,1019.75
2026-01-21 13:20:00,1019.51
2026-01-21 13:30:00,1019.25
2026-01-21 13:40:00,1019.17
2026-01-21 13:50:00,1019.03
2026-01-21 14:00:00,1018.84
2026-01-21 14:10:00,1018.66
2026-01-21 14:20:00,1018.54
2026-01-21 14:30:00,1018.39
2026-01-21 14:40:00,1018.25
2026-01-21 14:50:00,1018.23
2026-01-21 15:00:00,1018.31
2026-01-21 15:10:00,1018.3299999999999
2026-01-21 15:20:00,1018.23
2026-01-21 15:30:00,1018.1999999999999
2026-01-21 15:40:00,1018.11
2026-01-21 15:50:00,1018.15
2026-01-21 16:00:00,1018.18
2026-01-21 16:10:00,1018.35
2026-01-21 16:20:00,1018.26
2026-01-21 16:30:00,1018.36
2026-01-21 16:40:00,1018.47
2026-01-21 16:50:00,1018.53
2026-01-21 17:00:00,1018.6999999999999
2026-01-21 17:10:00,1018.81
2026-01-21 17:20:00,1018.84
2026-01-21 17:30:00,1018.84
2026-01-21 17:40:00,1018.86
2026-01-21 17:50:00,1018.93
2026-01-21 18:00:00,1018.97
2026-01-21 18:10:00,1019.06
2026-01-21 18:20:00,1019.1999999999999
2026-01-21 18:30:00,1019.22
2026-01-21 18:40:00,1019.29
2026-01-21 18:50:00,1019.1999999999999
2026-01-21 19:00:00,1019.3
2026-01-21 19:10:00,1019.5
2026-01-21 19:20:00,1019.66
2026-01-21 19:30:00,1019.76
2026-01-21 19:40:00,1019.89
2026-01-21 19:50:00,1020.01
2026-01-21 20:00:00,1020.15
2026-01-21 20:10:00,1020.3199999999999
2026-01-21 20:20:00,1020.48
2026-01-21 20:30:00,1020.5699999999999
2026-01-21 20:40:00,1020.52
2026-01-21 20:50:00,1020.53
2026-01-21 21:00:00,1020.48
2026-01-21 21:10:00,1020.65
2026-01-21 21:20:00,1020.61
2026-01-21 21:30:00,1020.67
2026-01-21 21:40:00,1020.68
2026-01-21 21:50:00,1020.55
2026-01-21 22:00:00,1020.51
2026-01-21 22:10:00,1020.56
2026-01-21 22:20:00,1020.51
2026-01-21 22:30:00,1020.53
2026-01-21 22:40:00,1020.47
2026-01-21 22:50:00,1020.4399999999999
2026-01-21 23:00:00,1020.41
2026-01-21 23:10:00,1020.37
2026-01-21 23:20:00,1020.4
2026-01-21 23:30:00,1020.27
2026-01-21 23:40:00,1020.18
2026-01-21 23:50:00,1020.18
2026-01-22 00:00:00,1020
2026-01-22 00:10:00,1019.85
2026-01-22 00:20:00,1019.8
2026-01-22 00:30:00,1019.7099999999999
2026-01-22 00:40:00,1019.52
2026-01-22 00:50:00,1019.51
2026-01-22 01:00:00,1019.43
2026-01-22 01:10:00,1019.26
2026-01-22 01:20:00,1019.25
2026-01-22 01:30:00,1019.1999999999999
2026-01-22 01:40:00,1019.18
2026-01-22 01:50:00,1019.1
2026-01-22 02:00:00,1018.97
2026-01-22 02:10:00,1018.99
2026-01-22 02:20:00,1018.84
2026-01-22 02:30:00,1018.79
2026-01-22 02:40:00,1018.84
2026-01-22 02:50:00,1018.8
2026-01-22 03:00:00,1018.73
2026-01-22 03:10:00,1018.65
2026-01-22 03:20:00,1018.62
2026-01-22 03:30:00,1018.6899999999999
2026-01-22 03:40:00,1018.63
2026-01-22 03:50:00,1018.63
2026-01-22 04:00:00,1018.67
2026-01-22 04:10:00,1018.65
2026-01-22 04:20:00,1018.77
2026-01-22 04:30:00,1018.74
2026-01-22 04:40:00,1018.8199999999999
2026-01-22 04:50:00,1018.88
2026-01-22 05:00:00,1018.93
2026-01-22 05:10:00,1019
2026-01-22 05:20:00,1019.13
2026-01-22 05:30:00,1019.2099999999999
2026-01-22 05:40:00,1019.31
2026-01-22 05:50:00,1019.36
2026-01-22 06:00:00,1019.4399999999999
2026-01-22 06:10:00,1019.5799999999999
2026-01-22 06:20:00,1019.61
2026-01-22 06:30:00,1019.72
2026-01-22 06:40:00,1019.79
2026-01-22 06:50:00,1019.87
2026-01-22 07:00:00,1020.1
2026-01-22 07:10:00,1020.22
2026-01-22 07:20:00,1020.2099999999999
2026-01-22 07:30:00,1020.42
2026-01-22 07:40:00,1020.4599999999999
2026-01-22 07:50:00,1020.52
2026-01-22 08:00:00,1020.48
2026-01-22 08:10:00,1020.55
2026-01-22 08:20:00,1020.6999999999999
2026-01-22 08:30:00,1020.88
2026-01-22 08:40:00,1021.09
2026-01-22 08:50:00,1021.04
2026-01-22 09:00:00,1020.97
2026-01-22 09:10:00,1021.0799999999999
2026-01-22 09:20:00,1021.0799999999999
2026-01-22 09:30:00,1021.02
2026-01-22 09:40:00,1021.13
2026-01-22 09:50:00,1021.0799999999999
2026-01-22 10:00:00,1021.0699999999999
2026-01-22 10:10:00,1021
2026-01-22 10:20:00,1020.78
2026-01-22 10:30:00,1020.72
2026-01-22 10:40:00,1020.53
2026-01-22 10:50:00,1020.59
2026-01-22 11:00:00,1020.4399999999999
2026-01-22 11:10:00,1020.25
2026-01-22 11:20:00,1020
2026-01-22 11:30:00,1019.9499999999999
2026-01-22 11:40:00,1019.81
2026-01-22 11:50:00,1019.78
2026-01-22 12:00:00,1019.67
2026-01-22 12:10:00,1019.56
2026-01-22 12:20:00,1019.4399999999999
2026-01-22 12:30:00,1019.37
2026-01-22 12:40:00,1019.18
2026-01-22 12:50:00,1019.09
2026-01-22 13:00:00,1018.93
2026-01-22 13:10:00,1018.78
2026-01-22 13:20:00,1018.56
2026-01-22 13:30:00,1018.56
2026-01-22 13:40:00,1018.35
2026-01-22 13:50:00,1018.41
2026-01-22 14:00:00,1018.2099999999999
2026-01-22 14:10:00,1018.05
2026-01-22 14:20:00,1017.88
2026-01-22 14:30:00,1017.77
2026-01-22 14:40:00,1017.7099999999999
2026-01-22 14:50:00,1017.74
2026-01-22 15:00:00,1017.6899999999999
2026-01-22 15:10:00,1017.72
2026-01-22 15:20:00,1017.6899999999999
2026-01-22 15:30:00,1017.64
2026-01-22 15:40:00,1017.6
2026-01-22 15:50:00,1017.5799999999999
2026-01-22 16:00:00,1017.47
2026-01-22 16:10:00,1017.47
2026-01-22 16:20:00,1017.4499999999999
2026-01-22 16:30:00,1017.55
2026-01-22 16:40:00,1017.68
2026-01-22 16:50:00,1017.74
2026-01-22 17:00:00,1017.87
2026-01-22 17:10:00,1017.9399999999999
2026-01-22 17:20:00,1017.97
2026-01-22 17:30:00,1017.9599999999999
2026-01-22 17:40:00,1018.22
2026-01-22 17:50:00,1018.38
2026-01-22 18:00:00,1018.53
2026-01-22 18:10:00,1018.54
2026-01-22 18:20:00,1018.73
2026-01-22 18:30:00,1018.76
2026-01-22 18:40:00,1018.9499999999999
2026-01-22 18:50:00,1018.9
2026-01-22 19:00:00,1019.06
2026-01-22 19:10:00,1019.11
2026-01-22 19:20:00,1019.31
2026-01-22 19:30:00,1019.4399999999999
2026-01-22 19:40:00,1019.43
2026-01-22 19:50:00,1019.65
2026-01-22 20:00:00,1019.73
2026-01-22 20:10:00,1019.79
2026-01-22 20:20:00,1019.89
2026-01-22 20:30:00,1020.05
2026-01-22 20:40:00,1020.1
2026-01-22 20:50:00,1020.12
2026-01-22 21:00:00,1020.1899999999999
2026-01-22 21:10:00,1020.22
2026-01-22 21:20:00,1020.29
2026-01-22 21:30:00,1020.31
2026-01-22 21:40:00,1020.38
2026-01-22 21:50:00,1020.35
2026-01-22 22:00:00,1020.24
2026-01-22 22:10:00,1020.12
2026-01-22 22:20:00,1020.06
2026-01-22 22:30:00,1019.98
2026-01-22 22:40:00,1019.98
2026-01-22 22:50:00,1019.92
2026-01-22 23:00:00,1019.78
2026-01-22 23:10:00,1019.73
2026-01-22 23:20:00,1019.68
2026-01-22 23:30:00,1019.6999999999999
2026-01-22 23:40:00,1019.62
2026-01-22 23:50:00,1019.59
2026-01-23 00:00:00,1019.55
2026-01-23 00:10:00,1019.5
2026-01-23 00:20:00,1019.36
2026-01-23 00:30:00,1019.34
2026-01-23 00:40:00,1019.17
2026-01-23 00:50:00,1019.16
2026-01-23 01:00:00,1019.05
2026-01-23 01:10:00,1018.9
2026-01-23 01:20:00,1018.84
2026-01-23 01:30:00,1018.66
2026-01-23 01:40:00,1018.61
2026-01-23 01:50:00,1018.5699999999999
2026-01-23 02:00:00,1018.53
2026-01-23 02:10:00,1018.49
2026-01-23 02:20:00,1018.3
2026-01-23 02:30:00,1018.26
2026-01-23 02:40:00,1018.2099999999999
2026-01-23 02:50:00,1018.12
2026-01-23 03:00:00,1018.04
2026-01-23 03:10:00,1018.11
2026-01-23 03:20:00,1018.17
2026-01-23 03:30:00,1018.12
2026-01-23 03:40:00,1018.1899999999999
2026-01-23 03:50:00,1018.1899999999999
2026-01-23 04:00:00,1018.39
2026-01-23 04:10:00,1018.52
2026-01-23 04:20:00,1018.6999999999999
2026-01-23 04:30:00,1018.8
2026-01-23 04:40:00,1018.8199999999999
2026-01-23 04:50:00,1018.85
2026-01-23 05:00:00,1019.05
2026-01-23 05:10:00,1019.1899999999999
2026-01-23 05:20:00,1019.29
2026-01-23 05:30:00,1019.37
2026-01-23 05:40:00,1019.49
2026-01-23 05:50:00,1019.49
2026-01-23 06:00:00,1019.61
2026-01-23 06:10:00,1019.75
2026-01-23 06:20:00,1019.87
2026-01-23 06:30:00,1019.9499999999999
2026-01-23 06:40:00,1020.09
2026-01-23 06:50:00,1020.35
2026-01-23 07:00:00,1020.51
2026-01-23 07:10:00,1020.6
2026-01-23 07:20:00,1020.6999999999999
2026-01-23 07:30:00,1020.77
2026-01-23 07:40:00,1020.8
2026-01-23 07:50:00,1020.89
2026-01-23 08:00:00,1021
2026-01-23 08:10:00,1021.14
2026-01-23 08:20:00,1021.37
2026-01-23 08:30:00,1021.51
2026-01-23 08:40:00,1021.5699999999999
2026-01-23 08:50:00,1021.55
2026-01-23 09:00:00,1021.62
2026-01-23 09:10:00,1021.73
2026-01-23 09:20:00,1021.77
2026-01-23 09:30:00,1021.84
2026-01-23 09:40:00,1021.8299999999999
2026-01-23 09:50:00,1021.8
2026-01-23 10:00:00,1021.78
2026-01-23 10:10:00,1021.72
2026-01-23 10:20:00,1021.59
2026-01-23 10:30:00,1021.55
2026-01-23 10:40:00,1021.4599999999999
2026-01-23 10:50:00,1021.36
2026-01-23 11:00:00,1021.18
2026-01-23 11:10:00,1021.01
2026-01-23 11:20:00,1020.9499999999999
2026-01-23 11:30:00,1020.81
2026-01-23 11:40:00,1020.75
2026-01-23 11:50:00,1020.62
2026-01-23 12:00:00,1020.48
2026-01-23 12:10:00,1020.29
2026-01-23 12:20:00,1020.12
2026-01-23 12:30:00,1020.02
2026-01-23 12:40:00,1019.93
2026-01-23 12:50:00,1019.91
2026-01-23 13:00:00,1019.7099999999999
2026-01-23 13:10:00,1019.75
2026-01-23 13:20:00,1019.88
2026-01-23 14:20:00,1019.0699999999999
2026-01-23 14:30:00,1018.9599999999999
2026-01-23 14:40:00,1018.9399999999999
2026-01-23 14:50:00,1018.91
2026-01-23 15:00:00,1018.85
2026-01-23 15:10:00,1018.85
2026-01-23 15:20:00,1018.6899999999999
2026-01-23 15:30:00,1018.62
2026-01-23 15:40:00,1018.6
2026-01-23 15:50:00,1018.7099999999999
2026-01-23 16:00:00,1018.76
2026-01-23 16:10:00,1018.93
2026-01-23 16:20:00,1019.01
2026-01-23 16:30:00,1019.04
2026-01-23 16:40:00,1019.18
2026-01-23 16:50:00,1019.18
2026-01-23 17:00:00,1019.3
2026-01-23 17:10:00,1019.3299999999999
2026-01-23 17:20:00,1019.51
2026-01-23 17:30:00,1019.41
2026-01-23 17:40:00,1019.52
2026-01-23 17:50:00,1019.56
2026-01-23 18:00:00,1019.63
2026-01-23 18:10:00,1019.72
2026-01-23 18:20:00,1019.8
2026-01-23 18:30:00,1019.87
2026-01-23 18:40:00,1020
2026-01-23 18:50:00,1020.14
2026-01-23 19:00:00,1020.25
2026-01-23 19:10:00,1020.26
2026-01-23 19:20:00,1020.4599999999999
2026-01-23 19:30:00,1020.61
2026-01-23 19:40:00,1020.65
2026-01-23 19:50:00,1020.7099999999999
2026-01-23 20:00:00,1020.68
2026-01-23 20:10:00,1020.75
2026-01-23 20:20:00,1020.76
2026-01-23 20:30:00,1020.89
2026-01-23 20:40:00,1020.9499999999999
2026-01-23 20:50:00,1020.97
2026-01-23 21:00:00,1020.93
2026-01-23 21:10:00,1020.8299999999999
2026-01-23 21:20:00,1020.81
2026-01-23 21:30:00,1020.75
2026-01-23 21:40:00,1020.88
2026-01-23 21:50:00,1020.9499999999999
2026-01-23 22:00:00,1020.9
2026-01-23 22:10:00,1020.84
2026-01-23 22:20:00,1020.8
2026-01-23 22:30:00,1020.6999999999999
2026-01-23 22:40:00,1020.67
2026-01-23 22:50:00,1020.68
2026-01-23 23:00:00,1020.56
2026-01-23 23:10:00,1020.47
2026-01-23 23:20:00,1020.43
2026-01-23 23:30:00,1020.3
2026-01-23 23:40:00,1020.17
2026-01-23 23:50:00,1020.0799999999999
2026-01-24 00:00:00,1019.9499999999999
2026-01-24 00:10:00,1019.9
2026-01-24 00:20:00,1019.84
2026-01-24 00:30:00,1019.64
2026-01-24 00:40:00,1019.47
2026-01-24 00:50:00,1019.47
2026-01-24 01:00:00,1019.41
2026-01-24 01:10:00,1019.28
2026-01-24 01:20:00,1019.18
2026-01-24 01:30:00,1019.01
2026-01-24 01:40:00,1018.9399999999999
2026-01-24 01:50:00,1018.9399999999999
2026-01-24 02:00:00,1018.92
2026-01-24 02:10:00,1018.8299999999999
2026-01-24 02:20:00,1018.76
2026-01-24 02:30:00,1018.77
2026-01-24 02:40:00,1018.64
2026-01-24 02:50:00,1018.5
2026-01-24 03:00:00,1018.4599999999999
2026-01-24 03:10:00,1018.49
2026-01-24 03:20:00,1018.59
2026-01-24 03:30:00,1018.61
2026-01-24 03:40:00,1018.7099999999999
2026-01-24 03:50:00,1018.8299999999999
2026-01-24 04:00:00,1018.88
2026-01-24 04:10:00,1018.92
2026-01-24 04:20:00,1018.9
2026-01-24 04:30:00,1019.01
2026-01-24 04:40:00,1019.2099999999999
2026-01-24 04:50:00,1019.27
2026-01-24 05:00:00,1019.27
2026-01-24 05:10:00,1019.35
2026-01-24 05:20:00,1019.4399999999999
2026-01-24 05:30:00,1019.55
2026-01-24 05:40:00,1019.5699999999999
2026-01-24 05:50:00,1019.66
2026-01-24 06:00:00,1019.67
2026-01-24 06:10:00,1019.73
2026-01-24 06:20:00,1019.84
2026-01-24 06:30:00,1019.9599999999999
2026-01-24 06:40:00,1020.0799999999999
2026-01-24 06:50:00,1020.15
2026-01-24 07:00:00,1020.29
2026-01-24 07:10:00,1020.4599999999999
2026-01-24 07:20:00,1020.59
2026-01-24 07:30:00,1020.74
2026-01-24 07:40:00,1020.93
2026-01-24 07:50:00,1021.02
2026-01-24 08:00:00,1021.12
2026-01-24 08:10:00,1021.22
2026-01-24 08:20:00,1021.38
2026-01-24 08:30:00,1021.51
2026-01-24 08:40:00,1021.63
2026-01-24 08:50:00,1021.73
2026-01-24 09:00:00,1021.79
2026-01-24 09:10:00,1021.74
2026-01-24 09:20:00,1021.68
2026-01-24 09:30:00,1021.62
2026-01-24 09:40:00,1021.59
2026-01-24 09:50:00,1021.53
2026-01-24 10:00:00,1021.55
2026-01-24 10:10:00,1021.55
2026-01-24 10:20:00,1021.47
2026-01-24 10:30:00,1021.36
2026-01-24 10:40:00,1021.29
2026-01-24 10:50:00,1021.0799999999999
2026-01-24 11:00:00,1020.98
2026-01-24 11:10:00,1020.86
2026-01-24 11:20:00,1020.78
2026-01-24 11:30:00,1020.64
2026-01-24 11:40:00,1020.5
2026-01-24 11:50:00,1020.42
2026-01-24 12:00:00,1020.29
2026-01-24 12:10:00,1020.14
2026-01-24 12:20:00,1020.01
2026-01-24 12:30:00,1019.87
2026-01-24 12:40:00,1019.86
2026-01-24 12:50:00,1019.65
2026-01-24 13:00:00,1019.4499999999999
2026-01-24 13:10:00,1019.3199999999999
2026-01-24 13:20:00,1019.17
2026-01-24 13:30:00,1019.12
2026-01-24 13:40:00,1018.99
2026-01-24 13:50:00,1018.9499999999999
2026-01-24 14:00:00,1018.78
2026-01-24 14:10:00,1018.73
2026-01-24 14:20:00,1018.68
2026-01-24 14:30:00,1018.6
2026-01-24 14:40:00,1018.53
2026-01-24 14:50:00,1018.47
2026-01-24 15:00:00,1018.38
2026-01-24 15:10:00,1018.3199999999999
2026-01-24 15:20:00,1018.3
2026-01-24 15:30:00,1018.22
2026-01-24 15:40:00,1018.24
2026-01-24 15:50:00,1018.34
2026-01-24 16:00:00,1018.29
2026-01-24 16:10:00,1018.26
2026-01-24 16:20:00,1018.35
2026-01-24 16:30:00,1018.4599999999999
2026-01-24 16:40:00,1018.52
2026-01-24 16:50:00,1018.5799999999999
2026-01-24 17:00:00,1018.64
2026-01-24 17:10:00,1018.73
2026-01-24 17:20:00,1018.8199999999999
2026-01-24 17:30:00,1019.03
2026-01-24 17:40:00,1019.15
2026-01-24 17:50:00,1019.17
2026-01-24 18:00:00,1019.22
2026-01-24 18:10:00,1019.38
2026-01-24 18:20:00,1019.54
2026-01-24 18:30:00,1019.59
2026-01-24 18:40:00,1019.7099999999999
2026-01-24 18:50:00,1019.76
2026-01-24 19:00:00,1019.89
2026-01-24 19:10:00,1020.0699999999999
2026-01-24 19:20:00,1020.22
2026-01-24 19:30:00,1020.38
2026-01-24 19:40:00,1020.48
2026-01-24 19:50:00,1020.62
2026-01-24 20:00:00,1020.6899999999999
2026-01-24 20:10:00,1020.73
2026-01-24 20:20:00,1020.8199999999999
2026-01-24 20:30:00,1020.91
2026-01-24 20:40:00,1020.9499999999999
2026-01-24 20:50:00,1020.97
2026-01-24 21:00:00,1020.97
2026-01-24 21:10:00,1021.04
2026-01-24 21:20:00,1021.15
2026-01-24 21:30:00,1021.1899999999999
2026-01-24 21:40:00,1021.1
2026-01-24 21:50:00,1021.0699999999999
2026-01-24 22:00:00,1021.06
2026-01-24 22:10:00,1021.13
2026-01-24 22:20:00,1021.03
2026-01-24 22:30:00,1020.99
2026-01-24 22:40:00,1020.9599999999999
2026-01-24 22:50:00,1020.91
2026-01-24 23:00:00,1020.8299999999999
2026-01-24 23:10:00,1020.78
2026-01-24 23:20:00,1020.6899999999999
2026-01-24 23:30:00,1020.64
2026-01-24 23:40:00,1020.61
2026-01-24 23:50:00,1020.62
2026-01-25 00:00:00,1020.59
2026-01-25 00:10:00,1020.4599999999999
2026-01-25 00:20:00,1020.36
2026-01-25 00:30:00,1020.09
2026-01-25 00:40:00,1020.04
2026-01-25 00:50:00,1019.9399999999999
2026-01-25 01:00:00,1019.87
2026-01-25 01:10:00,1019.76
2026-01-25 01:20:00,1019.73
2026-01-25 01:30:00,1019.55
2026-01-25 01:40:00,1019.43
2026-01-25 01:50:00,1019.23
2026-01-25 02:00:00,1019.23
2026-01-25 02:10:00,1019.12
2026-01-25 02:20:00,1019.05
2026-01-25 02:30:00,1019.02
2026-01-25 02:40:00,1019.02
2026-01-25 02:50:00,1019.0799999999999
2026-01-25 03:00:00,1019.0699999999999
2026-01-25 03:10:00,1019.11
2026-01-25 03:20:00,1019.02
2026-01-25 03:30:00,1019.0699999999999
2026-01-25 03:40:00,1019.03
2026-01-25 03:50:00,1019.11
2026-01-25 04:00:00,1019.14
2026-01-25 04:10:00,1019.11
2026-01-25 04:20:00,1019.26
2026-01-25 04:30:00,1019.29
2026-01-25 04:40:00,1019.4
2026-01-25 04:50:00,1019.43
2026-01-25 05:00:00,1019.53
2026-01-25 05:10:00,1019.65
2026-01-25 05:20:00,1019.74
2026-01-25 05:30:00,1019.9
2026-01-25 05:40:00,1020.0699999999999
2026-01-25 05:50:00,1020.04
2026-01-25 06:00:00,1020.1899999999999
2026-01-25 06:10:00,1020.3199999999999
2026-01-25 06:20:00,1020.4
2026-01-25 06:30:00,1020.53
2026-01-25 06:40:00,1020.67
2026-01-25 06:50:00,1020.84
2026-01-25 07:00:00,1020.9399999999999
2026-01-25 07:10:00,1021.06
2026-01-25 07:20:00,1021.26
2026-01-25 07:30:00,1021.3199999999999
2026-01-25 07:40:00,1021.39
2026-01-25 07:50:00,1021.4399999999999
2026-01-25 08:00:00,1021.6
2026-01-25 08:10:00,1021.67
2026-01-25 08:20:00,1021.86
2026-01-25 08:30:00,1021.9499999999999
2026-01-25 08:40:00,1022
2026-01-25 08:50:00,1022.02
2026-01-25 09:00:00,1022.11
2026-01-25 09:10:00,1022.02
2026-01-25 09:20:00,1021.93
2026-01-25 09:30:00,1021.9499999999999
2026-01-25 09:40:00,1021.99
2026-01-25 09:50:00,1021.97
2026-01-25 10:00:00,1021.93
2026-01-25 10:10:00,1021.88
2026-01-25 10:20:00,1021.73
2026-01-25 10:30:00,1021.5699999999999
2026-01-25 10:40:00,1021.5
2026-01-25 10:50:00,1021.4
2026-01-25 11:00:00,1021.31
2026-01-25 11:10:00,1021.15
2026-01-25 11:20:00,1021.03
2026-01-25 11:30:00,1020.9499999999999
2026-01-25 11:40:00,1020.85
2026-01-25 11:50:00,1020.6899999999999
2026-01-25 12:00:00,1020.54
2026-01-25 12:10:00,1020.48
2026-01-25 12:20:00,1020.37
2026-01-25 12:30:00,1020.31
2026-01-25 12:40:00,1020.23
2026-01-25 12:50:00,1019.9599999999999
2026-01-25 13:00:00,1019.9
2026-01-25 13:10:00,1019.72
2026-01-25 13:20:00,1019.6
2026-01-25 13:30:00,1019.4499999999999
2026-01-25 13:40:00,1019.3
2026-01-25 13:50:00,1019.1899999999999
2026-01-25 14:00:00,1019.17
2026-01-25 14:20:00,1019
2026-01-25 14:30:00,1018.97
2026-01-25 14:40:00,1018.86
2026-01-25 14:50:00,1018.8
2026-01-25 15:00:00,1018.76
2026-01-25 15:10:00,1018.6999999999999
2026-01-25 15:20:00,1018.68
2026-01-25 15:30:00,1018.68
2026-01-25 15:40:00,1018.6999999999999
2026-01-25 15:50:00,1018.75
2026-01-25 16:00:00,1018.86
2026-01-25 16:10:00,1018.77
2026-01-25 16:20:00,1018.85
2026-01-25 16:30:00,1018.86
2026-01-25 16:40:00,1018.92
2026-01-25 16:50:00,1018.98
2026-01-25 17:00:00,1019.03
2026-01-25 17:10:00,1019.0699999999999
2026-01-25 17:20:00,1019.12
2026-01-25 17:30:00,1019.18
2026-01-25 17:40:00,1019.34
2026-01-25 17:50:00,1019.42
2026-01-25 18:00:00,1019.48
2026-01-25 18:10:00,1019.56
2026-01-25 18:20:00,1019.72
2026-01-25 18:30:00,1019.76
2026-01-25 18:40:00,1019.93
2026-01-25 18:50:00,1020.1
2026-01-25 19:00:00,1020.1899999999999
2026-01-25 19:10:00,1020.3299999999999
2026-01-25 19:20:00,1020.54
2026-01-25 19:30:00,1020.6899999999999
2026-01-25 19:40:00,1020.76
2026-01-25 19:50:00,1020.8299999999999
2026-01-25 20:00:00,1020.9499999999999
2026-01-25 20:10:00,1020.9499999999999
2026-01-25 20:20:00,1021.0699999999999
2026-01-25 20:30:00,1021.1999999999999
2026-01-25 20:40:00,1021.26
2026-01-25 20:50:00,1021.37
2026-01-25 21:00:00,1021.34
2026-01-25 21:10:00,1021.3299999999999
2026-01-25 21:20:00,1021.25
2026-01-25 21:30:00,1021.26
2026-01-25 21:40:00,1021.18
2026-01-25 21:50:00,1021.0799999999999
2026-01-25 22:00:00,1021.04
2026-01-25 22:10:00,1020.99
2026-01-25 22:20:00,1020.92
2026-01-25 22:30:00,1020.88
2026-01-25 22:40:00,1020.91
2026-01-25 22:50:00,1020.9599999999999
2026-01-25 23:00:00,1020.87
2026-01-25 23:10:00,1020.86
2026-01-25 23:20:00,1020.93
2026-01-25 23:30:00,1020.8299999999999
2026-01-25 23:40:00,1020.7099999999999
2026-01-25 23:50:00,1020.6899999999999
2026-01-26 00:00:00,1020.74
2026-01-26 00:10:00,1020.74
2026-01-26 00:20:00,1020.66
2026-01-26 00:30:00,1020.67
2026-01-26 00:40:00,1020.63
2026-01-26 00:50:00,1020.52
2026-01-26 01:00:00,1020.34
2026-01-26 01:10:00,1020.24
2026-01-26 01:20:00,1020.18
2026-01-26 01:30:00,1020.24
2026-01-26 01:40:00,1020.27
2026-01-26 01:50:00,1020.22
2026-01-26 02:00:00,1020.12
2026-01-26 02:10:00,1019.9399999999999
2026-01-26 02:20:00,1019.92
2026-01-26 02:30:00,1019.84
2026-01-26 02:40:00,1019.86
2026-01-26 02:50:00,1019.86
2026-01-26 03:00:00,1019.89
2026-01-26 03:10:00,1019.9
2026-01-26 03:20:00,1019.89
2026-01-26 03:30:00,1019.91
2026-01-26 03:40:00,1019.85
2026-01-26 03:50:00,1019.97
2026-01-26 04:00:00,1020
2026-01-26 04:10:00,1019.99
2026-01-26 04:20:00,1020.06
2026-01-26 04:30:00,1020.15
2026-01-26 04:40:00,1020.22
2026-01-26 04:50:00,1020.27
2026-01-26 05:00:00,1020.31
2026-01-26 05:10:00,1020.4399999999999
2026-01-26 05:20:00,1020.59
2026-01-26 05:30:00,1020.6899999999999
2026-01-26 05:40:00,1020.8199999999999
2026-01-26 05:50:00,1021.03
2026-01-26 06:00:00,1021.28
2026-01-26 06:10:00,1021.41
2026-01-26 06:20:00,1021.49
2026-01-26 06:30:00,1021.74
2026-01-26 06:40:00,1021.91
2026-01-26 06:50:00,1022.06
2026-01-26 07:00:00,1022.16
2026-01-26 07:10:00,1022.36
2026-01-26 07:20:00,1022.54
2026-01-26 07:30:00,1022.68
2026-01-26 07:40:00,1022.78
2026-01-26 07:50:00,1022.9
2026-01-26 08:00:00,1022.92
2026-01-26 08:10:00,1023.0699999999999
2026-01-26 08:20:00,1023.1999999999999
2026-01-26 08:30:00,1023.39
2026-01-26 08:40:00,1023.51
2026-01-26 08:50:00,1023.54
2026-01-26 09:00:00,1023.5699999999999
2026-01-26 09:10:00,1023.5699999999999
2026-01-26 09:20:00,1023.56
2026-01-26 09:30:00,1023.64
2026-01-26 09:40:00,1023.5799999999999
2026-01-26 09:50:00,1023.5
2026-01-26 10:00:00,1023.48
2026-01-26 10:10:00,1023.43
2026-01-26 10:20:00,1023.29
2026-01-26 10:30:00,1023.23
2026-01-26 10:40:00,1023.04
2026-01-26 10:50:00,1022.9
2026-01-26 11:00:00,1022.73
2026-01-26 11:10:00,1022.5799999999999
2026-01-26 11:20:00,1022.49
2026-01-26 11:30:00,1022.43
2026-01-26 11:40:00,1022.26
2026-01-26 11:50:00,1022.17
2026-01-26 12:00:00,1021.97
2026-01-26 12:10:00,1021.8
2026-01-26 12:20:00,1021.8199999999999
2026-01-26 12:30:00,1021.6899999999999
2026-01-26 12:40:00,1021.49
2026-01-26 12:50:00,1021.42
2026-01-26 13:00:00,1021.23
2026-01-26 13:10:00,1021.05
2026-01-26 13:20:00,1020.97
2026-01-26 13:30:00,1020.78
2026-01-26 13:40:00,1020.66
2026-01-26 13:50:00,1020.6
2026-01-26 14:00:00,1020.55
2026-01-26 14:10:00,1020.53
2026-01-26 14:20:00,1020.37
2026-01-26 14:30:00,1020.28
2026-01-26 14:40:00,1020.27
2026-01-26 14:50:00,1020.1899999999999
2026-01-26 15:00:00,1020.11
2026-01-26 15:10:00,1020.13
2026-01-26 15:20:00,1020.0699999999999
2026-01-26 15:30:00,1020.12
2026-01-26 15:40:00,1020.03
2026-01-26 15:50:00,1020.14
2026-01-26 16:00:00,1020.11
2026-01-26 16:10:00,1020.16
2026-01-26 16:20:00,1020.23
2026-01-26 16:30:00,1020.2099999999999
2026-01-26 16:40:00,1020.25
2026-01-26 16:50:00,1020.3199999999999
2026-01-26 17:00:00,1020.4
2026-01-26 17:10:00,1020.48
2026-01-26 17:20:00,1020.5699999999999
2026-01-26 17:30:00,1020.52
2026-01-26 17:40:00,1020.5799999999999
2026-01-26 17:50:00,1020.59
2026-01-26 18:00:00,1020.67
2026-01-26 18:10:00,1020.8199999999999
2026-01-26 18:20:00,1020.9499999999999
2026-01-26 18:30:00,1021.09
2026-01-26 18:40:00,1021.26
2026-01-26 18:50:00,1021.4
2026-01-26 19:00:00,1021.48
2026-01-26 19:10:00,1021.67
2026-01-26 19:20:00,1021.8
2026-01-26 19:30:00,1021.93
2026-01-26 19:40:00,1022.1
2026-01-26 19:50:00,1022.27
2026-01-26 20:00:00,1022.4
2026-01-26 20:10:00,1022.5
2026-01-26 20:20:00,1022.64
2026-01-26 20:30:00,1022.6999999999999
2026-01-26 20:40:00,1022.7099999999999
2026-01-26 20:50:00,1022.77
2026-01-26 21:00:00,1022.91
2026-01-26 21:10:00,1023
2026-01-26 21:20:00,1023.11
2026-01-26 21:30:00,1023.14
2026-01-26 21:40:00,1023.18
2026-01-26 21:50:00,1023.14
2026-01-26 22:00:00,1023.12
2026-01-26 22:10:00,1023.0799999999999
2026-01-26 22:20:00,1023
2026-01-26 22:30:00,1022.99
2026-01-26 22:40:00,1022.97
2026-01-26 22:50:00,1022.9399999999999
2026-01-26 23:00:00,1022.97
2026-01-26 23:10:00,1022.9499999999999
2026-01-26 23:20:00,1022.9
2026-01-26 23:30:00,1022.81
2026-01-26 23:40:00,1022.72
2026-01-26 23:50:00,1022.64
2026-01-27 00:00:00,1022.52
2026-01-27 00:10:00,1022.47
2026-01-27 00:20:00,1022.35
2026-01-27 00:30:00,1022.05
2026-01-27 00:40:00,1021.86
2026-01-27 00:50:00,1021.75
2026-01-27 01:00:00,1021.5799999999999
2026-01-27 01:10:00,1021.54
2026-01-27 01:20:00,1021.38
2026-01-27 01:30:00,1021.3
2026-01-27 01:40:00,1021.3199999999999
2026-01-27 01:50:00,1021.3299999999999
2026-01-27 02:00:00,1021.28
2026-01-27 02:10:00,1021.18
2026-01-27 02:20:00,1021.15
2026-01-27 02:30:00,1021.24
2026-01-27 02:40:00,1021.52
2026-01-27 02:50:00,1021.74
2026-01-27 03:00:00,1021.72
2026-01-27 03:10:00,1021.77
2026-01-27 03:20:00,1021.6899999999999
2026-01-27 03:30:00,1021.8
2026-01-27 03:40:00,1021.97
2026-01-27 03:50:00,1021.99
2026-01-27 04:00:00,1022.06
2026-01-27 04:10:00,1022.05
2026-01-27 04:20:00,1022.1999999999999
2026-01-27 04:30:00,1022.43
2026-01-27 04:40:00,1022.4949999999999
2026-01-27 04:50:00,1022.4866666666667
2026-01-27 05:00:00,1022.41
2026-01-27 05:10:00,1022.4599999999999
2026-01-27 05:20:00,1022.65
2026-01-27 05:30:00,1022.77
2026-01-27 05:40:00,1022.73
2026-01-27 05:50:00,1022.84
2026-01-27 06:00:00,1022.84
2026-01-27 06:10:00,1022.99
2026-01-27 06:20:00,1023.12
2026-01-27 06:30:00,1023.38
2026-01-27 06:40:00,1023.5799999999999
2026-01-27 06:50:00,1023.48
2026-01-27 07:00:00,1023.6
2026-01-27 07:10:00,1023.54
2026-01-27 07:20:00,1023.66
2026-01-27 07:30:00,1023.9399999999999
2026-01-27 07:40:00,1024.17
2026-01-27 07:50:00,1024.24
2026-01-27 08:00:00,1024.45
2026-01-27 08:10:00,1024.55
2026-01-27 08:20:00,1024.75
2026-01-27 08:30:00,1025.15
2026-01-27 08:40:00,1025.26
2026-01-27 08:50:00,1025.395
2026-01-27 09:00:00,1025.442
2026-01-27 09:10:00,1025.3
2026-01-27 09:20:00,1025.26
2026-01-27 09:30:00,1025.33
2026-01-27 09:40:00,1025.28
2026-01-27 09:50:00,1025.13
2026-01-27 10:00:00,1025.05
2026-01-27 10:10:00,1025.05
2026-01-27 10:20:00,1025.01
2026-01-27 10:30:00,1024.82
2026-01-27 10:40:00,1024.8400000000001
2026-01-27 10:50:00,1024.66
2026-01-27 11:00:00,1024.56
2026-01-27 11:10:00,1024.48
2026-01-27 11:20:00,1024.25
2026-01-27 11:30:00,1024.06
2026-01-27 11:40:00,1023.77
2026-01-27 11:50:00,1023.63
2026-01-27 12:00:00,1023.54
2026-01-27 12:10:00,1023.23
2026-01-27 12:20:00,1023.13
2026-01-27 12:30:00,1022.97
2026-01-27 12:40:00,1022.76
2026-01-27 12:50:00,1022.5699999999999
2026-01-27 13:00:00,1022.35
2026-01-27 13:10:00,1022.15
2026-01-27 13:20:00,1021.98
2026-01-27 13:30:00,1021.79
2026-01-27 13:40:00,1021.65
2026-01-27 13:50:00,1021.4499999999999
2026-01-27 14:00:00,1021.43
2026-01-27 14:20:00,1021.11
2026-01-27 14:30:00,1020.9499999999999
2026-01-27 14:40:00,1020.85
2026-01-27 14:50:00,1020.84
2026-01-27 15:00:00,1020.6999999999999
2026-01-27 15:10:00,1020.74
2026-01-27 15:20:00,1020.68
2026-01-27 15:30:00,1020.6899999999999
2026-01-27 15:40:00,1020.5699999999999
2026-01-27 15:50:00,1020.65
2026-01-27 16:00:00,1020.6999999999999
2026-01-27 16:10:00,1020.78
2026-01-27 16:20:00,1020.78
2026-01-27 16:30:00,1020.65
2026-01-27 16:40:00,1020.6899999999999
2026-01-27 16:50:00,1020.72
2026-01-27 17:00:00,1020.77
2026-01-27 17:10:00,1020.8299999999999
2026-01-27 17:20:00,1020.85
2026-01-27 17:30:00,1020.97
2026-01-27 17:40:00,1020.99
2026-01-27 17:50:00,1021.04
2026-01-27 18:00:00,1021.0699999999999
2026-01-27 18:10:00,1021.23
2026-01-27 18:20:00,1021.3299999999999
2026-01-27 18:30:00,1021.41
2026-01-27 18:40:00,1021.4599999999999
2026-01-27 18:50:00,1021.43
2026-01-27 19:00:00,1021.54
2026-01-27 19:10:00,1021.5
2026-01-27 19:20:00,1021.65
2026-01-27 19:30:00,1021.73
2026-01-27 19:40:00,1021.9599999999999
2026-01-27 19:50:00,1021.9599999999999
2026-01-27 20:00:00,1022.03
2026-01-27 20:10:00,1022.13
2026-01-27 20:20:00,1022.13
2026-01-27 20:30:00,1022.3
2026-01-27 20:40:00,1022.37
2026-01-27 20:50:00,1022.39
2026-01-27 21:00:00,1022.52
2026-01-27 21:10:00,1022.53
2026-01-27 21:20:00,1022.53
2026-01-27 21:30:00,1022.5799999999999
2026-01-27 21:40:00,1022.62
2026-01-27 21:50:00,1022.49
2026-01-27 22:00:00,1022.5799999999999
2026-01-27 22:10:00,1022.63
2026-01-27 22:20:00,1022.66
2026-01-27 22:30:00,1022.73
2026-01-27 22:40:00,1022.64
2026-01-27 22:50:00,1022.65
2026-01-27 23:00:00,1022.51
2026-01-27 23:10:00,1022.54
2026-01-27 23:20:00,1022.41
2026-01-27 23:30:00,1022.3199999999999
2026-01-27 23:40:00,1022.17
2026-01-27 23:50:00,1022.14
2026-01-28 00:00:00,1021.98
2026-01-28 00:10:00,1021.7099999999999
2026-01-28 00:20:00,1021.67
2026-01-28 00:30:00,1021.5699999999999
2026-01-28 00:40:00,1021.47
2026-01-28 00:50:00,1021.25
2026-01-28 01:00:00,1021.11
2026-01-28 01:10:00,1021
2026-01-28 01:20:00,1020.81
2026-01-28 01:30:00,1020.7099999999999
2026-01-28 01:40:00,1020.62
2026-01-28 01:50:00,1020.4599999999999
2026-01-28 02:00:00,1020.38
2026-01-28 02:10:00,1020.22
2026-01-28 02:20:00,1020.23
2026-01-28 02:30:00,1020.3299999999999
2026-01-28 02:40:00,1020.28
2026-01-28 02:50:00,1020.1899999999999
2026-01-28 03:00:00,1020.17
2026-01-28 03:10:00,1020.22
2026-01-28 03:20:00,1020.22
2026-01-28 03:30:00,1020.2099999999999
2026-01-28 03:40:00,1020.27
2026-01-28 03:50:00,1020.37
2026-01-28 04:00:00,1020.56
2026-01-28 04:10:00,1020.64
2026-01-28 04:20:00,1020.76
2026-01-28 04:30:00,1020.73
2026-01-28 04:40:00,1020.81
2026-01-28 04:50:00,1020.92
2026-01-28 05:00:00,1020.99
2026-01-28 05:10:00,1021.0699999999999
2026-01-28 05:20:00,1021.18
2026-01-28 05:30:00,1021.26
2026-01-28 05:40:00,1021.48
2026-01-28 05:50:00,1021.61
2026-01-28 06:00:00,1021.79
2026-01-28 06:10:00,1021.9
2026-01-28 06:20:00,1021.97
2026-01-28 06:30:00,1022.02
2026-01-28 06:40:00,1022.1899999999999
2026-01-28 06:50:00,1022.4499999999999
2026-01-28 07:00:00,1022.6899999999999
2026-01-28 07:10:00,1022.85
2026-01-28 07:20:00,1023.0799999999999
2026-01-28 07:30:00,1023.26
2026-01-28 07:40:00,1023.4
2026-01-28 07:50:00,1023.56
2026-01-28 08:00:00,1023.61
2026-01-28 08:10:00,1023.65
2026-01-28 08:20:00,1023.7099999999999
2026-01-28 08:30:00,1023.6999999999999
2026-01-28 08:40:00,1023.9
2026-01-28 08:50:00,1023.93
2026-01-28 09:00:00,1023.99
2026-01-28 09:10:00,1024.05
2026-01-28 09:20:00,1024.01
2026-01-28 09:30:00,1023.9399999999999
2026-01-28 09:40:00,1023.9399999999999
2026-01-28 09:50:00,1023.88
2026-01-28 10:00:00,1023.77
2026-01-28 10:10:00,1023.6999999999999
2026-01-28 10:20:00,1023.56
2026-01-28 10:30:00,1023.51
2026-01-28 10:40:00,1023.38
2026-01-28 10:50:00,1023.24
2026-01-28 11:00:00,1023.16
2026-01-28 11:10:00,1023.04
2026-01-28 11:20:00,1022.93
2026-01-28 11:30:00,1022.6999999999999
2026-01-28 11:40:00,1022.61
2026-01-28 11:50:00,1022.34
2026-01-28 12:00:00,1022.1899999999999
2026-01-28 12:10:00,1022.04
2026-01-28 12:20:00,1021.97
2026-01-28 12:30:00,1021.85
2026-01-28 12:40:00,1021.6
2026-01-28 12:50:00,1021.51
2026-01-28 13:00:00,1021.39
2026-01-28 13:10:00,1021.22
2026-01-28 13:20:00,1021
2026-01-28 13:30:00,1021.01
2026-01-28 13:40:00,1020.86
2026-01-28 13:50:00,1020.85
2026-01-28 14:00:00,1020.6899999999999
2026-01-28 14:10:00,1020.6
2026-01-28 14:20:00,1020.56
2026-01-28 14:30:00,1020.49
2026-01-28 14:40:00,1020.38
2026-01-28 14:50:00,1020.3299999999999
2026-01-28 15:00:00,1020.39
2026-01-28 15:10:00,1020.41
2026-01-28 15:20:00,1020.4599999999999
2026-01-28 15:30:00,1020.4599999999999
2026-01-28 15:40:00,1020.47
2026-01-28 15:50:00,1020.3299999999999
2026-01-28 16:00:00,1020.51
2026-01-28 16:10:00,1020.53
2026-01-28 16:20:00,1020.55
2026-01-28 16:30:00,1020.5799999999999
2026-01-28 16:40:00,1020.62
2026-01-28 16:50:00,1020.6999999999999
2026-01-28 17:00:00,1020.72
2026-01-28 17:10:00,1020.75
2026-01-28 17:20:00,1020.6999999999999
2026-01-28 17:30:00,1020.72
2026-01-28 17:40:00,1020.79
2026-01-28 17:50:00,1020.8199999999999
2026-01-28 18:00:00,1021.06
2026-01-28 18:10:00,1021.1999999999999
2026-01-28 18:20:00,1021.39
2026-01-28 18:30:00,1021.52
2026-01-28 18:40:00,1021.75
2026-01-28 18:50:00,1021.97
2026-01-28 19:00:00,1022.25
2026-01-28 19:10:00,1022.4499999999999
2026-01-28 19:20:00,1022.66
2026-01-28 19:30:00,1022.84
2026-01-28 19:40:00,1022.98
2026-01-28 19:50:00,1023.05
2026-01-28 20:00:00,1023.25
2026-01-28 20:10:00,1023.37
2026-01-28 20:20:00,1023.51
2026-01-28 20:30:00,1023.6
2026-01-28 20:40:00,1023.54
2026-01-28 20:50:00,1023.66
2026-01-28 21:00:00,1023.6899999999999
2026-01-28 21:10:00,1023.73
2026-01-28 21:20:00,1023.74
2026-01-28 21:30:00,1023.68
2026-01-28 21:40:00,1023.8
2026-01-28 21:50:00,1023.75
2026-01-28 22:00:00,1023.6899999999999
2026-01-28 22:10:00,1023.59
2026-01-28 22:20:00,1023.61
2026-01-28 22:30:00,1023.51
2026-01-28 22:40:00,1023.43
2026-01-28 22:50:00,1023.3199999999999
2026-01-28 23:00:00,1023.37
2026-01-28 23:10:00,1023.25
2026-01-28 23:20:00,1023.17
2026-01-28 23:30:00,1022.9599999999999
2026-01-28 23:40:00,1022.76
2026-01-28 23:50:00,1022.67
2026-01-29 00:00:00,1022.4399999999999
2026-01-29 00:10:00,1022.42
2026-01-29 00:20:00,1022.25
2026-01-29 00:30:00,1022.15
2026-01-29 00:40:00,1022.02
2026-01-29 00:50:00,1021.9499999999999
2026-01-29 01:00:00,1021.84
2026-01-29 01:10:00,1021.6999999999999
2026-01-29 01:20:00,1021.5699999999999
2026-01-29 01:30:00,1021.52
2026-01-29 01:40:00,1021.41
2026-01-29 01:50:00,1021.31
2026-01-29 02:00:00,1021.1999999999999
2026-01-29 02:10:00,1021
2026-01-29 02:20:00,1020.87
2026-01-29 02:30:00,1020.73
2026-01-29 02:40:00,1020.6999999999999
2026-01-29 02:50:00,1020.64
2026-01-29 03:00:00,1020.68
2026-01-29 03:10:00,1020.66
2026-01-29 03:20:00,1020.53
2026-01-29 03:30:00,1020.61
2026-01-29 03:40:00,1020.53
2026-01-29 03:50:00,1020.65
2026-01-29 04:00:00,1020.65
2026-01-29 04:10:00,1020.5699999999999
2026-01-29 04:20:00,1020.5699999999999
2026-01-29 04:30:00,1020.7099999999999
2026-01-29 04:40:00,1020.55
2026-01-29 04:50:00,1020.6
2026-01-29 05:00:00,1020.6
2026-01-29 05:10:00,1020.56
2026-01-29 05:20:00,1020.77
2026-01-29 05:30:00,1020.91
2026-01-29 05:40:00,1021.11
2026-01-29 05:50:00,1021.28
2026-01-29 06:00:00,1021.3299999999999
2026-01-29 06:10:00,1021.4599999999999
2026-01-29 06:20:00,1021.52
2026-01-29 06:30:00,1021.64
2026-01-29 06:40:00,1021.77
2026-01-29 06:50:00,1021.98
2026-01-29 07:00:00,1022.27
2026-01-29 07:10:00,1022.3299999999999
2026-01-29 07:20:00,1022.31
2026-01-29 07:30:00,1022.53
2026-01-29 07:40:00,1022.59
2026-01-29 07:50:00,1022.49
2026-01-29 08:00:00,1022.63
2026-01-29 08:10:00,1022.66
2026-01-29 08:20:00,1022.6899999999999
2026-01-29 08:30:00,1022.76
2026-01-29 08:40:00,1022.87
2026-01-29 08:50:00,1022.9599999999999
2026-01-29 09:00:00,1022.84
2026-01-29 09:10:00,1022.85
2026-01-29 09:20:00,1022.91
2026-01-29 09:30:00,1022.91
2026-01-29 09:40:00,1022.8199999999999
2026-01-29 09:50:00,1022.6899999999999
2026-01-29 10:00:00,1022.64
2026-01-29 10:10:00,1022.5799999999999
2026-01-29 10:20:00,1022.41
2026-01-29 10:30:00,1022.24
2026-01-29 10:40:00,1022.0699999999999
2026-01-29 10:50:00,1021.9499999999999
2026-01-29 11:00:00,1021.74
2026-01-29 11:10:00,1021.52
2026-01-29 11:20:00,1021.36
2026-01-29 11:30:00,1021.15
2026-01-29 11:40:00,1020.89
2026-01-29 11:50:00,1020.8299999999999
2026-01-29 12:00:00,1020.62
2026-01-29 12:10:00,1020.48
2026-01-29 12:20:00,1020.35
2026-01-29 12:30:00,1020.11
2026-01-29 12:40:00,1019.9399999999999
2026-01-29 12:50:00,1019.77
2026-01-29 13:00:00,1019.6
2026-01-29 13:10:00,1019.4399999999999
2026-01-29 13:20:00,1019.1999999999999
2026-01-29 13:30:00,1019.0699999999999
2026-01-29 13:40:00,1019.01
2026-01-29 13:50:00,1018.91
2026-01-29 14:00:00,1018.9
2026-01-29 14:10:00,1018.73
2026-01-29 14:20:00,1018.77
2026-01-29 14:30:00,1018.64
2026-01-29 14:40:00,1018.51
2026-01-29 14:50:00,1018.5699999999999
2026-01-29 15:00:00,1018.5699999999999
2026-01-29 15:10:00,1018.59
2026-01-29 15:20:00,1018.52
2026-01-29 15:30:00,1018.55
2026-01-29 15:40:00,1018.5699999999999
2026-01-29 15:50:00,1018.6899999999999
2026-01-29 16:00:00,1018.68
2026-01-29 16:10:00,1018.72
2026-01-29 16:20:00,1018.75
2026-01-29 16:30:00,1018.81
2026-01-29 16:40:00,1018.84
2026-01-29 16:50:00,1018.9499999999999
2026-01-29 17:00:00,1018.9599999999999
2026-01-29 17:10:00,1019.06
2026-01-29 17:20:00,1019.13
2026-01-29 17:30:00,1019.28
2026-01-29 17:40:00,1019.4599999999999
2026-01-29 17:50:00,1019.51
2026-01-29 18:00:00,1019.6899999999999
2026-01-29 18:10:00,1019.87
2026-01-29 18:20:00,1019.92
2026-01-29 18:30:00,1019.9599999999999
2026-01-29 18:40:00,1020.14
2026-01-29 18:50:00,1020.3299999999999
2026-01-29 19:00:00,1020.4
2026-01-29 19:10:00,1020.59
2026-01-29 19:20:00,1020.68
2026-01-29 19:30:00,1020.86
2026-01-29 19:40:00,1020.98
2026-01-29 19:50:00,1021.13
2026-01-29 20:00:00,1021.22
2026-01-29 20:10:00,1021.37
2026-01-29 20:20:00,1021.4599999999999
2026-01-29 20:30:00,1021.4399999999999
2026-01-29 20:40:00,1021.4499999999999
2026-01-29 20:50:00,1021.66
2026-01-29 21:00:00,1021.72
2026-01-29 21:10:00,1021.88
2026-01-29 21:20:00,1021.91
2026-01-29 21:30:00,1021.76
2026-01-29 21:40:00,1021.73
2026-01-29 21:50:00,1021.85
2026-01-29 22:00:00,1021.86
2026-01-29 22:10:00,1021.89
2026-01-29 22:20:00,1021.89
2026-01-29 22:30:00,1021.9499999999999
2026-01-29 22:40:00,1021.91
2026-01-29 22:50:00,1021.81
2026-01-29 23:00:00,1021.67
2026-01-29 23:10:00,1021.42
2026-01-29 23:20:00,1021.27
2026-01-29 23:30:00,1021.2099999999999
2026-01-29 23:40:00,1021.13
2026-01-29 23:50:00,1020.9599999999999
2026-01-30 00:00:00,1020.84
2026-01-30 00:10:00,1020.6899999999999
2026-01-30 00:20:00,1020.66
2026-01-30 00:30:00,1020.59
2026-01-30 00:40:00,1020.49
2026-01-30 00:50:00,1020.35
2026-01-30 01:00:00,1020.31
2026-01-30 01:10:00,1020.14
2026-01-30 01:20:00,1020.13
2026-01-30 01:30:00,1020.0699999999999
2026-01-30 01:40:00,1020.02
2026-01-30 01:50:00,1019.98
2026-01-30 02:00:00,1019.9599999999999
2026-01-30 02:10:00,1019.9599999999999
2026-01-30 02:20:00,1019.9399999999999
2026-01-30 02:30:00,1019.92
2026-01-30 02:40:00,1019.91
2026-01-30 02:50:00,1019.91
2026-01-30 03:00:00,1019.8199999999999
2026-01-30 03:10:00,1019.85
2026-01-30 03:20:00,1019.84
2026-01-30 03:30:00,1019.91
2026-01-30 03:40:00,1019.99
2026-01-30 03:50:00,1019.97
2026-01-30 04:00:00,1020.06
2026-01-30 04:10:00,1020.14
2026-01-30 04:20:00,1020.12
2026-01-30 04:30:00,1020.18
2026-01-30 04:40:00,1020.28
2026-01-30 04:50:00,1020.3199999999999
2026-01-30 05:00:00,1020.43
2026-01-30 05:10:00,1020.4499999999999
2026-01-30 05:20:00,1020.72
2026-01-30 05:30:00,1020.78
2026-01-30 05:40:00,1020.84
2026-01-30 05:50:00,1020.9399999999999
2026-01-30 06:00:00,1021.01
2026-01-30 06:10:00,1020.88
2026-01-30 06:20:00,1021.05
2026-01-30 06:30:00,1021.1999999999999
2026-01-30 06:40:00,1021.28
2026-01-30 06:50:00,1021.37
2026-01-30 07:00:00,1021.54
2026-01-30 07:10:00,1021.72
2026-01-30 07:20:00,1021.84
2026-01-30 07:30:00,1022.11
2026-01-30 07:40:00,1022.24
2026-01-30 07:50:00,1022.4399999999999
2026-01-30 08:00:00,1022.56
2026-01-30 08:10:00,1022.5799999999999
2026-01-30 08:20:00,1022.6899999999999
2026-01-30 08:30:00,1022.81
2026-01-30 08:40:00,1022.8199999999999
2026-01-30 08:50:00,1022.8199999999999
2026-01-30 09:00:00,1022.88
2026-01-30 09:10:00,1022.78
2026-01-30 09:20:00,1022.93
2026-01-30 09:30:00,1022.9
2026-01-30 09:40:00,1022.9399999999999
2026-01-30 09:50:00,1022.91
2026-01-30 10:00:00,1022.92
2026-01-30 10:10:00,1022.87
2026-01-30 10:20:00,1022.79
2026-01-30 10:30:00,1022.62
2026-01-30 10:40:00,1022.39
2026-01-30 10:50:00,1022.28
2026-01-30 11:00:00,1022.0799999999999
2026-01-30 11:10:00,1022
2026-01-30 11:20:00,1021.8199999999999
2026-01-30 11:30:00,1021.6999999999999
2026-01-30 11:40:00,1021.5699999999999
2026-01-30 11:50:00,1021.39
2026-01-30 12:00:00,1021.12
2026-01-30 12:10:00,1021.03
2026-01-30 12:20:00,1020.99
2026-01-30 12:30:00,1020.81
2026-01-30 12:40:00,1020.56
2026-01-30 12:50:00,1020.37
2026-01-30 13:00:00,1020.26
2026-01-30 13:10:00,1020.16
2026-01-30 13:20:00,1020.04
2026-01-30 13:30:00,1019.97
2026-01-30 13:40:00,1019.76
2026-01-30 13:50:00,1019.59
2026-01-30 14:00:00,1019.5
2026-01-30 14:10:00,1019.31
2026-01-30 14:20:00,1019.14
2026-01-30 14:30:00,1019.02
2026-01-30 14:40:00,1018.99
2026-01-30 14:50:00,1019.0799999999999
2026-01-30 15:00:00,1018.99
2026-01-30 15:10:00,1019.03
2026-01-30 15:20:00,1018.9399999999999
2026-01-30 15:30:00,1018.93
2026-01-30 15:40:00,1018.86
2026-01-30 15:50:00,1018.89
2026-01-30 16:00:00,1018.89
2026-01-30 16:10:00,1018.91
2026-01-30 16:20:00,1018.9399999999999
2026-01-30 16:30:00,1018.98
2026-01-30 16:40:00,1018.89
2026-01-30 16:50:00,1018.97
2026-01-30 17:00:00,1019.02
2026-01-30 17:10:00,1019.02
2026-01-30 17:20:00,1019.1
2026-01-30 17:30:00,1019.15
2026-01-30 17:40:00,1019.24
2026-01-30 17:50:00,1019.34
2026-01-30 18:00:00,1019.4
2026-01-30 18:10:00,1019.5
2026-01-30 18:20:00,1019.66
2026-01-30 18:30:00,1019.77
2026-01-30 18:40:00,1019.85
2026-01-30 18:50:00,1020.04
2026-01-30 19:00:00,1020.2099999999999
2026-01-30 19:10:00,1020.3199999999999
2026-01-30 19:20:00,1020.4599999999999
2026-01-30 19:30:00,1020.61
2026-01-30 19:40:00,1020.73
2026-01-30 19:50:00,1020.89
2026-01-30 20:00:00,1020.92
2026-01-30 20:10:00,1020.93
2026-01-30 20:20:00,1021.05
2026-01-30 20:30:00,1021.15
2026-01-30 20:40:00,1021.2099999999999
2026-01-30 20:50:00,1021.29
2026-01-30 21:00:00,1021.35
2026-01-30 21:10:00,1021.3299999999999
2026-01-30 21:20:00,1021.3299999999999
2026-01-30 21:30:00,1021.3299999999999
2026-01-30 21:40:00,1021.29
2026-01-30 21:50:00,1021.26
2026-01-30 22:00:00,1021.25
2026-01-30 22:10:00,1021.1999999999999
2026-01-30 22:20:00,1021.16
2026-01-30 22:30:00,1021.14
2026-01-30 22:40:00,1021.05
2026-01-30 22:50:00,1020.9499999999999
2026-01-30 23:00:00,1020.88
2026-01-30 23:10:00,1020.81
2026-01-30 23:20:00,1020.84
2026-01-30 23:30:00,1020.77
2026-01-30 23:40:00,1020.7099999999999
2026-01-30 23:50:00,1020.51
2026-01-31 00:00:00,1020.4
2026-01-31 00:10:00,1020.3199999999999
2026-01-31 00:20:00,1020.17
2026-01-31 00:30:00,1020.0799999999999
2026-01-31 00:40:00,1019.99
2026-01-31 00:50:00,1020.05
2026-01-31 01:00:00,1019.99
2026-01-31 01:10:00,1019.9599999999999
2026-01-31 01:20:00,1019.92
2026-01-31 01:30:00,1019.85
2026-01-31 01:40:00,1019.8
2026-01-31 01:50:00,1019.8199999999999
2026-01-31 02:00:00,1019.8
2026-01-31 02:10:00,1019.6899999999999
2026-01-31 02:20:00,1019.59
2026-01-31 02:30:00,1019.6
2026-01-31 02:40:00,1019.51
2026-01-31 02:50:00,1019.34
2026-01-31 03:00:00,1019.29
2026-01-31 03:10:00,1019.37
2026-01-31 03:20:00,1019.36
2026-01-31 03:30:00,1019.38
2026-01-31 03:40:00,1019.41
2026-01-31 03:50:00,1019.4499999999999
2026-01-31 04:00:00,1019.64
2026-01-31 04:10:00,1019.72
2026-01-31 04:20:00,1019.84
2026-01-31 04:30:00,1019.97
2026-01-31 04:40:00,1020.02
2026-01-31 04:50:00,1020.17
2026-01-31 05:00:00,1020.3199999999999
2026-01-31 05:10:00,1020.4
2026-01-31 05:20:00,1020.5799999999999
2026-01-31 05:30:00,1020.76
2026-01-31 05:40:00,1020.8
2026-01-31 05:50:00,1020.85
2026-01-31 06:00:00,1020.9499999999999
2026-01-31 06:10:00,1021.0799999999999
2026-01-31 06:20:00,1021.18
2026-01-31 06:30:00,1021.35
2026-01-31 06:40:00,1021.53
2026-01-31 06:50:00,1021.76
2026-01-31 07:00:00,1021.8199999999999
2026-01-31 07:10:00,1022.02
2026-01-31 07:20:00,1022.16
2026-01-31 07:30:00,1022.39
2026-01-31 07:40:00,1022.4749999999999
2026-01-31 07:50:00,1022.61
2026-01-31 08:00:00,1022.74
2026-01-31 08:10:00,1022.86
2026-01-31 08:20:00,1022.87
2026-01-31 08:30:00,1022.9499999999999
2026-01-31 08:40:00,1023.02
2026-01-31 08:50:00,1023.12
2026-01-31 09:00:00,1023.23
2026-01-31 09:10:00,1023.27
2026-01-31 09:20:00,1023.42
2026-01-31 09:30:00,1023.47
2026-01-31 09:40:00,1023.5
2026-01-31 09:50:00,1023.49
2026-01-31 10:00:00,1023.29
2026-01-31 10:10:00,1023.28
2026-01-31 10:20:00,1023.28
2026-01-31 10:30:00,1023.27
2026-01-31 10:40:00,1023.36
2026-01-31 10:50:00,1023.38
2026-01-31 11:00:00,1023.31
2026-01-31 11:10:00,1023.35
2026-01-31 11:20:00,1023.29
2026-01-31 11:30:00,1023.26
2026-01-31 11:40:00,1023.17
2026-01-31 11:50:00,1023.03
2026-01-31 12:00:00,1022.89
2026-01-31 12:10:00,1022.84
2026-01-31 12:20:00,1022.75
2026-01-31 12:30:00,1022.5699999999999
2026-01-31 12:40:00,1022.41
2026-01-31 12:50:00,1022.31
2026-01-31 13:00:00,1022.26
2026-01-31 13:10:00,1022.1999999999999
2026-01-31 13:20:00,1022.14
2026-01-31 13:30:00,1021.97
2026-01-31 13:40:00,1021.87
2026-01-31 13:50:00,1021.77
2026-01-31 14:00:00,1021.8
2026-01-31 14:20:00,1021.77
2026-01-31 14:30:00,1021.73
2026-01-31 14:40:00,1021.64
2026-01-31 14:50:00,1021.7099999999999
2026-01-31 15:00:00,1021.62
2026-01-31 15:10:00,1021.68
2026-01-31 15:20:00,1021.73
2026-01-31 15:30:00,1021.68
2026-01-31 15:40:00,1021.685
2026-01-31 15:50:00,1021.64
2026-01-31 16:00:00,1021.73
2026-01-31 16:10:00,1021.795
2026-01-31 16:20:00,1021.915
2026-01-31 16:30:00,1021.9599999999999
2026-01-31 16:40:00,1022.12
2026-01-31 16:50:00,1022.5574999999999
2026-01-31 17:00:00,1022.5
2026-01-31 17:10:00,1022.64
2026-01-31 17:20:00,1022.735
2026-01-31 17:30:00,1022.79
2026-01-31 17:40:00,1022.9475
2026-01-31 17:50:00,1023.0149999999999
2026-01-31 18:00:00,1023.175
2026-01-31 18:10:00,1023.3050000000001
2026-01-31 18:20:00,1023.4
2026-01-31 18:30:00,1023.5099999999999
2026-01-31 18:40:00,1023.5
2026-01-31 18:50:00,1023.53
2026-01-31 19:00:00,1023.7
2026-01-31 19:10:00,1023.89
2026-01-31 19:20:00,1024.0900000000001
2026-01-31 19:30:00,1024.04
2026-01-31 19:40:00,1024.2
2026-01-31 19:50:00,1024.17
2026-01-31 20:00:00,1024.29
2026-01-31 20:10:00,1024.41
2026-01-31 20:20:00,1024.335
2026-01-31 20:30:00,1024.475
2026-01-31 20:40:00,1024.54
2026-01-31 20:50:00,1024.65
2026-01-31 21:00:00,1024.5900000000001
2026-01-31 21:10:00,1024.5800000000002
2026-01-31 21:20:00,1024.66
2026-01-31 21:30:00,1024.6000000000001
2026-01-31 21:40:00,1024.63
2026-01-31 21:50:00,1024.5900000000001
2026-01-31 22:00:00,1024.74
2026-01-31 22:10:00,1024.63
2026-01-31 22:20:00,1024.64
2026-01-31 22:30:00,1024.67
2026-01-31 22:40:00,1024.73
2026-01-31 22:50:00,1024.645
2026-01-31 23:00:00,1024.71
2026-01-31 23:10:00,1024.63
2026-01-31 23:20:00,1024.43
2026-01-31 23:30:00,1024.47
2026-01-31 23:40:00,1024.49
2026-01-31 23:50:00,1024.47
2026-02-01 00:00:00,1024.3000000000002
2026-02-01 00:10:00,1024.14
2026-02-01 00:20:00,1024.03
2026-02-01 00:30:00,1024.07
2026-02-01 00:40:00,1023.9399999999999
2026-02-01 00:50:00,1023.79
2026-02-01 01:00:00,1023.55
2026-02-01 01:10:00,1023.35
2026-02-01 01:20:00,1023.28
2026-02-01 01:30:00,1023.12
2026-02-01 01:40:00,1023.03
2026-02-01 01:50:00,1022.87
2026-02-01 02:00:00,1022.9499999999999
2026-02-01 02:10:00,1022.9399999999999
2026-02-01 02:20:00,1023.0799999999999
2026-02-01 02:30:00,1022.91
2026-02-01 02:40:00,1022.735
2026-02-01 02:50:00,1022.5699999999999
2026-02-01 03:00:00,1022.56
2026-02-01 03:10:00,1022.56
2026-02-01 03:20:00,1022.6949999999999
2026-02-01 03:30:00,1022.8533333333334
2026-02-01 03:40:00,1022.86
2026-02-01 03:50:00,1022.9749999999999
2026-02-01 04:00:00,1022.91
2026-02-01 04:10:00,1022.9499999999999
2026-02-01 04:20:00,1023.18
2026-02-01 04:30:00,1023.13
2026-02-01 04:40:00,1023.14
2026-02-01 04:50:00,1023.15
2026-02-01 05:00:00,1023.29
2026-02-01 05:10:00,1023.26
2026-02-01 05:20:00,1023.4
2026-02-01 05:30:00,1023.42
2026-02-01 05:40:00,1023.63
2026-02-01 05:50:00,1023.5799999999999
2026-02-01 06:00:00,1023.6899999999999
2026-02-01 06:10:00,1023.78
2026-02-01 06:20:00,1023.93
2026-02-01 06:30:00,1024.155
2026-02-01 06:40:00,1024.4025000000001
2026-02-01 06:50:00,1024.6833333333334
2026-02-01 07:00:00,1024.636666666667
2026-02-01 07:10:00,1024.69
2026-02-01 07:20:00,1025.0033333333333
2026-02-01 07:30:00,1025.145
2026-02-01 07:40:00,1025.28
2026-02-01 07:50:00,1025.4
2026-02-01 08:00:00,1025.68
2026-02-01 08:10:00,1025.8866666666668
2026-02-01 08:20:00,1025.9650000000001
2026-02-01 08:30:00,1025.9
2026-02-01 08:40:00,1026
2026-02-01 08:50:00,1026.16
2026-02-01 09:00:00,1026.16
2026-02-01 09:10:00,1026.15
2026-02-01 09:20:00,1026.3500000000001
2026-02-01 09:30:00,1026.44
2026-02-01 09:40:00,1026.51
2026-02-01 09:50:00,1026.45
2026-02-01 10:00:00,1026.33
2026-02-01 10:10:00,1026.3
2026-02-01 10:20:00,1026.3400000000001
2026-02-01 10:30:00,1026.26
2026-02-01 10:40:00,1026.1000000000001
2026-02-01 10:50:00,1025.98
2026-02-01 11:00:00,1025.8700000000001
2026-02-01 11:10:00,1025.74
2026-02-01 11:20:00,1025.74
2026-02-01 11:30:00,1025.69
2026-02-01 11:40:00,1025.66
2026-02-01 11:50:00,1025.45
2026-02-01 12:00:00,1025.3400000000001
2026-02-01 12:10:00,1025.16
2026-02-01 12:20:00,1025.18
2026-02-01 12:30:00,1025.05
2026-02-01 12:40:00,1024.57
2026-02-01 12:50:00,1024.23
2026-02-01 13:00:00,1024.25
2026-02-01 13:10:00,1024.15
2026-02-01 13:20:00,1023.97
2026-02-01 13:30:00,1023.86
2026-02-01 13:40:00,1023.88
2026-02-01 13:50:00,1023.89
2026-02-01 14:00:00,1023.6999999999999
2026-02-01 14:10:00,1023.55
2026-02-01 14:20:00,1023.4499999999999
2026-02-01 14:30:00,1023.3199999999999
2026-02-01 14:40:00,1023.38
2026-02-01 14:50:00,1023.45
2026-02-01 15:00:00,1023.4499999999999
2026-02-01 15:10:00,1023.36
2026-02-01 15:20:00,1023.36
2026-02-01 15:30:00,1023.54
2026-02-01 15:40:00,1023.54
2026-02-01 15:50:00,1023.47
2026-02-01 16:00:00,1023.6999999999999
2026-02-01 16:10:00,1023.7266666666668
2026-02-01 16:20:00,1023.7033333333333
2026-02-01 16:30:00,1023.86
2026-02-01 16:40:00,1024.01
2026-02-01 16:50:00,1024.0383333333332
2026-02-01 17:00:00,1024.2157142857145
2026-02-01 17:10:00,1024.4524999999999
2026-02-01 17:20:00,1024.415
2026-02-01 17:30:00,1024.63875
2026-02-01 17:40:00,1024.69
2026-02-01 17:50:00,1024.78
2026-02-01 18:00:00,1024.88
2026-02-01 18:10:00,1024.91
2026-02-01 18:20:00,1025.02
2026-02-01 18:30:00,1025.15
2026-02-01 18:40:00,1025.31
2026-02-01 18:50:00,1025.53
2026-02-01 19:00:00,1025.95
2026-02-01 19:10:00,1026.0900000000001
2026-02-01 19:20:00,1026.38
2026-02-01 19:30:00,1026.1200000000001
2026-02-01 19:40:00,1026.51
2026-02-01 19:50:00,1027.17
2026-02-01 20:00:00,1027.1533333333334
2026-02-01 20:10:00,1027.05
2026-02-01 20:20:00,1027.354
2026-02-01 20:30:00,1027.405
2026-02-01 20:40:00,1027.48
2026-02-01 20:50:00,1027.74
2026-02-01 21:00:00,1027.8500000000001
2026-02-01 21:10:00,1027.785
2026-02-01 21:20:00,1028.1114285714286
2026-02-01 21:30:00,1028.2350000000001
2026-02-01 21:40:00,1028.14
2026-02-01 21:50:00,1028.1583333333335
2026-02-01 22:00:00,1028.0266666666666
2026-02-01 22:10:00,1027.852
2026-02-01 22:20:00,1027.6675
2026-02-01 22:30:00,1027.732
2026-02-01 22:40:00,1027.588
2026-02-01 22:50:00,1027.7433333333336
2026-02-01 23:00:00,1027.8991666666668
2026-02-01 23:10:00,1027.9533333333331
2026-02-01 23:20:00,1027.4666666666667
2026-02-01 23:30:00,1027.23
2026-02-01 23:40:00,1027.5088888888886
2026-02-01 23:50:00,1027.5866666666666
2026-02-02 00:00:00,1026.89
2026-02-02 00:10:00,1026.69
2026-02-02 00:20:00,1026.7279999999998
2026-02-02 00:30:00,1026.8085714285714
2026-02-02 00:40:00,1026.5616666666667
2026-02-02 00:50:00,1026.3600000000001
2026-02-02 01:00:00,1025.97
2026-02-02 01:10:00,1026.21
2026-02-02 01:20:00,1026.05
2026-02-02 01:30:00,1025.99
2026-02-02 01:40:00,1025.7977777777778
2026-02-02 01:50:00,1025.6466666666668
2026-02-02 02:00:00,1025.6000000000001
2026-02-02 02:10:00,1025.46
2026-02-02 02:20:00,1025.5
2026-02-02 08:10:00,1028.54
2026-02-02 08:20:00,1028.51
2026-02-02 08:30:00,1028.49
2026-02-02 08:40:00,1028.6200000000001
2026-02-02 08:50:00,1028.67
2026-02-02 09:00:00,1028.5900000000001
2026-02-02 09:10:00,1028.7
2026-02-02 09:20:00,1028.69
2026-02-02 09:30:00,1028.54
2026-02-02 09:40:00,1028.52
2026-02-02 09:50:00,1028.3
2026-02-02 10:00:00,1028.14
2026-02-02 10:10:00,1028.03
2026-02-02 10:20:00,1028.06
2026-02-02 10:30:00,1028.13
2026-02-02 10:40:00,1027.96
2026-02-02 10:50:00,1027.89
2026-02-02 11:00:00,1027.68
2026-02-02 11:10:00,1027.52
2026-02-02 11:20:00,1027.3600000000001
2026-02-02 11:30:00,1027.33
2026-02-02 11:40:00,1027.17
2026-02-02 11:50:00,1026.8500000000001
2026-02-02 12:00:00,1026.8400000000001
2026-02-02 12:10:00,1026.72
2026-02-02 12:20:00,1026.6100000000001
2026-02-02 12:30:00,1026.49
2026-02-02 12:40:00,1026.31
2026-02-02 12:50:00,1026.14
2026-02-02 13:00:00,1025.99
2026-02-02 13:10:00,1025.88
2026-02-02 13:20:00,1025.68
2026-02-02 13:30:00,1025.56
2026-02-02 13:40:00,1025.475
2026-02-02 13:50:00,1025.3700000000001
2026-02-02 14:00:00,1025.19
2026-02-02 14:10:00,1025.04
2026-02-02 14:20:00,1025.18
2026-02-02 14:30:00,1025.0900000000001
2026-02-02 14:40:00,1025.01
2026-02-02 14:50:00,1025.02
2026-02-02 15:00:00,1025.03
2026-02-02 15:10:00,1024.97
2026-02-02 15:20:00,1024.94
2026-02-02 15:30:00,1024.93
2026-02-02 15:40:00,1025.1100000000001
2026-02-02 15:50:00,1024.95
2026-02-02 16:00:00,1024.8700000000001
2026-02-02 16:10:00,1024.8400000000001
2026-02-02 16:20:00,1024.81
2026-02-02 16:30:00,1024.97
2026-02-02 16:40:00,1025.1100000000001
2026-02-02 16:50:00,1025.1200000000001
2026-02-02 17:00:00,1025.17
2026-02-02 17:10:00,1025.315
2026-02-02 17:20:00,1025.545
2026-02-02 17:30:00,1025.605
2026-02-02 17:40:00,1025.65
2026-02-02 17:50:00,1025.66
2026-02-02 18:00:00,1025.8400000000001
2026-02-02 18:10:00,1025.9
2026-02-02 18:20:00,1026
2026-02-02 18:30:00,1026.02
2026-02-02 18:40:00,1026.32
2026-02-02 18:50:00,1026.38
2026-02-02 19:00:00,1026.45
2026-02-02 19:10:00,1026.52
2026-02-02 19:20:00,1026.5900000000001
2026-02-02 19:30:00,1026.72
2026-02-02 19:40:00,1027
2026-02-02 19:50:00,1027.05
2026-02-02 20:00:00,1026.91
2026-02-02 20:10:00,1026.8600000000001
2026-02-02 20:20:00,1026.98
2026-02-02 20:30:00,1027.05
2026-02-02 20:40:00,1027.22
2026-02-02 20:50:00,1027.28
2026-02-02 21:00:00,1027.32
2026-02-02 21:10:00,1027.33
2026-02-02 21:20:00,1027.31
2026-02-02 21:30:00,1027.32
2026-02-02 21:40:00,1027.3700000000001
2026-02-02 21:50:00,1027.42
2026-02-02 22:00:00,1027.42
2026-02-02 22:10:00,1027.42
2026-02-02 22:20:00,1027.38
2026-02-02 22:30:00,1027.26
2026-02-02 22:40:00,1027.3
2026-02-02 22:50:00,1027.2
2026-02-02 23:00:00,1027.1100000000001
2026-02-02 23:10:00,1027.05
2026-02-02 23:20:00,1027.05
2026-02-02 23:30:00,1027.01
2026-02-02 23:40:00,1027.01
2026-02-02 23:50:00,1026.69
2026-02-03 00:00:00,1026.5
2026-02-03 00:10:00,1026.28
2026-02-03 00:20:00,1026.24
2026-02-03 00:30:00,1026.1200000000001
2026-02-03 00:40:00,1025.91
2026-02-03 00:50:00,1025.71
2026-02-03 01:00:00,1025.56
2026-02-03 01:10:00,1025.39
2026-02-03 01:20:00,1025.3600000000001
2026-02-03 01:30:00,1025.2
2026-02-03 01:40:00,1025.08
2026-02-03 01:50:00,1024.83
2026-02-03 02:00:00,1024.7
2026-02-03 02:10:00,1024.6100000000001
2026-02-03 02:20:00,1024.54
2026-02-03 02:30:00,1024.53
2026-02-03 02:40:00,1024.6000000000001
2026-02-03 02:50:00,1024.58
2026-02-03 03:00:00,1024.52
2026-02-03 03:10:00,1024.4
2026-02-03 03:20:00,1024.45
2026-02-03 03:30:00,1024.51
2026-02-03 03:40:00,1024.48
2026-02-03 03:50:00,1024.785
2026-02-03 04:00:00,1025.21
2026-02-03 04:10:00,1025.35
2026-02-03 04:20:00,1025.3700000000001
2026-02-03 04:30:00,1025.51
2026-02-03 04:40:00,1025.42
2026-02-03 04:50:00,1025.65
2026-02-03 05:00:00,1025.66
2026-02-03 05:10:00,1025.7
2026-02-03 05:20:00,1025.47
2026-02-03 05:30:00,1025.4650000000001
2026-02-03 05:40:00,1025.5
2026-02-03 05:50:00,1025.51
2026-02-03 06:00:00,1025.54
2026-02-03 06:10:00,1025.72
2026-02-03 06:20:00,1025.75
2026-02-03 06:30:00,1025.78
2026-02-03 06:40:00,1025.96
2026-02-03 06:50:00,1026.1100000000001
2026-02-03 07:00:00,1026.13
2026-02-03 07:10:00,1026.24
2026-02-03 07:20:00,1026.23
2026-02-03 07:30:00,1026.27
2026-02-03 07:40:00,1026.3
2026-02-03 07:50:00,1026.43
2026-02-03 08:00:00,1026.51
2026-02-03 08:10:00,1026.54
2026-02-03 08:20:00,1026.68
2026-02-03 08:30:00,1026.69
2026-02-03 08:40:00,1026.8400000000001
2026-02-03 08:50:00,1026.83
2026-02-03 09:00:00,1026.91
2026-02-03 09:10:00,1026.78
2026-02-03 09:20:00,1026.73
2026-02-03 09:30:00,1026.64
2026-02-03 09:40:00,1026.58
2026-02-03 09:50:00,1026.45
2026-02-03 10:00:00,1026.3500000000001
2026-02-03 10:10:00,1026.21
2026-02-03 10:20:00,1026.13
2026-02-03 10:30:00,1025.97
2026-02-03 10:40:00,1025.75
2026-02-03 10:50:00,1025.58
2026-02-03 11:00:00,1025.4
2026-02-03 11:10:00,1025.2
2026-02-03 11:20:00,1025.05
2026-02-03 11:30:00,1024.95
2026-02-03 11:40:00,1024.91
2026-02-03 11:50:00,1024.64
2026-02-03 12:00:00,1024.46
2026-02-03 12:10:00,1024.38
2026-02-03 12:20:00,1024.13
2026-02-03 12:30:00,1023.91
2026-02-03 12:40:00,1023.9
2026-02-03 12:50:00,1023.77
2026-02-03 13:00:00,1023.62
2026-02-03 13:10:00,1023.49
2026-02-03 13:20:00,1023.39
2026-02-03 13:30:00,1023.29
2026-02-03 13:40:00,1023.14
2026-02-03 13:50:00,1023.06
2026-02-03 14:00:00,1023.15
2026-02-03 14:10:00,1023.09
2026-02-03 14:20:00,1023.11
2026-02-03 14:30:00,1023.23
2026-02-03 14:40:00,1023.14
2026-02-03 14:50:00,1022.93
2026-02-03 15:00:00,1022.97
2026-02-03 15:10:00,1022.9499999999999
2026-02-03 15:20:00,1022.99
2026-02-03 15:30:00,1023.03
2026-02-03 15:40:00,1023.13
2026-02-03 15:50:00,1023.17
2026-02-03 16:00:00,1023.26
2026-02-03 16:10:00,1023.3199999999999
2026-02-03 16:20:00,1023.36
2026-02-03 16:30:00,1023.37
2026-02-03 16:40:00,1023.35
2026-02-03 16:50:00,1023.3
2026-02-03 17:00:00,1023.3
2026-02-03 17:10:00,1023.35
2026-02-03 17:20:00,1023.39
2026-02-03 17:30:00,1023.51
2026-02-03 17:40:00,1023.65
2026-02-03 17:50:00,1023.6899999999999
2026-02-03 18:00:00,1023.8299999999999
2026-02-03 18:10:00,1023.87
2026-02-03 18:20:00,1023.86
2026-02-03 18:30:00,1023.92
2026-02-03 18:40:00,1023.97
2026-02-03 18:50:00,1024.07
2026-02-03 19:00:00,1024.15
2026-02-03 19:10:00,1024.14
2026-02-03 19:20:00,1024.15
2026-02-03 19:30:00,1024.25
2026-02-03 19:40:00,1024.3600000000001
2026-02-03 19:50:00,1024.3700000000001
2026-02-03 20:00:00,1024.48
2026-02-03 20:10:00,1024.5900000000001
2026-02-03 20:20:00,1024.5
2026-02-03 20:30:00,1024.53
2026-02-03 20:40:00,1024.64
2026-02-03 20:50:00,1024.6100000000001
2026-02-03 21:00:00,1024.69
2026-02-03 21:10:00,1024.63
2026-02-03 21:20:00,1024.7
2026-02-03 21:30:00,1024.63
2026-02-03 21:40:00,1024.52
2026-02-03 21:50:00,1024.53
2026-02-03 22:00:00,1024.5
2026-02-03 22:10:00,1024.4
2026-02-03 22:20:00,1024.3500000000001
2026-02-03 22:30:00,1024.25
2026-02-03 22:40:00,1024.1200000000001
2026-02-03 22:50:00,1023.99
2026-02-03 23:00:00,1023.86
2026-02-03 23:10:00,1023.67
2026-02-03 23:20:00,1023.5699999999999
2026-02-03 23:30:00,1023.42
2026-02-03 23:40:00,1023.27
2026-02-03 23:50:00,1023.13
2026-02-04 00:00:00,1022.9499999999999
2026-02-04 00:10:00,1022.85
2026-02-04 00:20:00,1022.61
2026-02-04 00:30:00,1022.53
2026-02-04 00:40:00,1022.39
2026-02-04 00:50:00,1022.31
2026-02-04 01:00:00,1022.12
2026-02-04 01:10:00,1021.9599999999999
2026-02-04 01:20:00,1021.78
2026-02-04 01:30:00,1021.64
2026-02-04 01:40:00,1021.5699999999999
2026-02-04 01:50:00,1021.48
2026-02-04 02:00:00,1021.34
2026-02-04 02:10:00,1021.3
2026-02-04 02:20:00,1021.23
2026-02-04 02:30:00,1021.18
2026-02-04 02:40:00,1021.12
2026-02-04 02:50:00,1021.11
2026-02-04 03:00:00,1021.03
2026-02-04 03:10:00,1021.05
2026-02-04 03:20:00,1021.03
2026-02-04 03:30:00,1021.01
2026-02-04 03:40:00,1020.99
2026-02-04 03:50:00,1021.06
2026-02-04 04:00:00,1021.05
2026-02-04 04:10:00,1021.16
2026-02-04 04:20:00,1021.25
2026-02-04 04:30:00,1021.3299999999999
2026-02-04 04:40:00,1021.51
2026-02-04 04:50:00,1021.6999999999999
2026-02-04 05:00:00,1021.78
2026-02-04 05:10:00,1021.85
2026-02-04 05:20:00,1022
2026-02-04 05:30:00,1022.0799999999999
2026-02-04 05:40:00,1022.06
2026-02-04 05:50:00,1022.14
2026-02-04 06:00:00,1022.2099999999999
2026-02-04 06:10:00,1022.31
2026-02-04 06:20:00,1022.51
2026-02-04 06:30:00,1022.61
2026-02-04 06:40:00,1022.74
2026-02-04 06:50:00,1022.67
2026-02-04 07:00:00,1022.85
2026-02-04 07:10:00,1022.93
2026-02-04 07:20:00,1023.1
2026-02-04 07:30:00,1023.3299999999999
2026-02-04 07:40:00,1023.43
2026-02-04 07:50:00,1023.47
2026-02-04 08:10:00,1023.56
2026-02-04 08:20:00,1023.63
2026-02-04 08:30:00,1023.67
2026-02-04 08:40:00,1023.72
2026-02-04 08:50:00,1023.8
2026-02-04 09:00:00,1023.81
2026-02-04 09:10:00,1023.7099999999999
2026-02-04 09:20:00,1023.72
2026-02-04 09:30:00,1023.75
2026-02-04 09:40:00,1023.64
2026-02-04 09:50:00,1023.5799999999999
2026-02-04 10:00:00,1023.54
2026-02-04 10:10:00,1023.5699999999999
2026-02-04 10:20:00,1023.56
2026-02-04 10:30:00,1023.41
2026-02-04 10:40:00,1023.34
2026-02-04 10:50:00,1023.27
2026-02-04 11:00:00,1023.1
2026-02-04 11:10:00,1022.93
2026-02-04 11:20:00,1022.76
2026-02-04 11:30:00,1022.61
2026-02-04 11:40:00,1022.4
2026-02-04 11:50:00,1022.16
2026-02-04 12:00:00,1021.98
2026-02-04 12:10:00,1021.79
2026-02-04 12:20:00,1021.59
2026-02-04 12:30:00,1021.35
2026-02-04 12:40:00,1021.16
2026-02-04 12:50:00,1020.9499999999999
2026-02-04 13:00:00,1020.88
2026-02-04 13:10:00,1020.76
2026-02-04 13:20:00,1020.4399999999999
2026-02-04 13:30:00,1020.27
2026-02-04 13:40:00,1020.3
2026-02-04 13:50:00,1020.18
2026-02-04 14:00:00,1020.01
2026-02-04 14:10:00,1019.92
2026-02-04 14:20:00,1019.8
2026-02-04 14:30:00,1019.6999999999999
2026-02-04 14:40:00,1019.81
2026-02-04 14:50:00,1019.7099999999999
2026-02-04 15:00:00,1019.61
2026-02-04 15:10:00,1019.5799999999999
2026-02-04 15:20:00,1019.53
2026-02-04 15:30:00,1019.53
2026-02-04 15:40:00,1019.53
2026-02-04 15:50:00,1019.63
2026-02-04 16:00:00,1019.76
2026-02-04 16:10:00,1019.88
2026-02-04 16:20:00,1019.89
2026-02-04 16:30:00,1019.88
2026-02-04 16:40:00,1020.01
2026-02-04 16:50:00,1020.04
2026-02-04 17:00:00,1020.14
2026-02-04 17:10:00,1020.1
2026-02-04 17:20:00,1020
2026-02-04 17:30:00,1019.91
2026-02-04 17:40:00,1019.98
2026-02-04 17:50:00,1020.16
2026-02-04 18:00:00,1020.24
2026-02-04 18:10:00,1020.26
2026-02-04 18:20:00,1020.28
2026-02-04 18:30:00,1020.16
2026-02-04 18:40:00,1020.3199999999999
2026-02-04 18:50:00,1020.53
2026-02-04 19:00:00,1020.65
2026-02-04 19:10:00,1020.9499999999999
2026-02-04 19:20:00,1021.17
2026-02-04 19:30:00,1021.34
2026-02-04 19:40:00,1021.47
2026-02-04 19:50:00,1021.67
2026-02-04 20:00:00,1021.7099999999999
2026-02-04 20:10:00,1021.75
2026-02-04 20:20:00,1021.73
2026-02-04 20:30:00,1021.77
2026-02-04 20:40:00,1022.1
2026-02-04 20:50:00,1021.99
2026-02-04 21:00:00,1022.04
2026-02-04 21:10:00,1021.8199999999999
2026-02-04 21:20:00,1021.7099999999999
2026-02-04 21:30:00,1021.63
2026-02-04 21:40:00,1021.5
2026-02-04 21:50:00,1021.42
2026-02-04 22:00:00,1021.36
2026-02-04 22:10:00,1021.29
2026-02-04 22:20:00,1021.11
2026-02-04 22:30:00,1021.1899999999999
2026-02-04 22:40:00,1021.17
2026-02-04 22:50:00,1021.05
2026-02-04 23:00:00,1021.0699999999999
2026-02-04 23:10:00,1020.88
2026-02-04 23:20:00,1020.9
2026-02-04 23:30:00,1020.76
2026-02-04 23:40:00,1020.75
2026-02-04 23:50:00,1020.61
2026-02-05 00:00:00,1020.43
2026-02-05 00:10:00,1020.28
2026-02-05 00:20:00,1020.12
2026-02-05 00:30:00,1020.15
2026-02-05 00:40:00,1020
2026-02-05 00:50:00,1019.86
2026-02-05 01:00:00,1019.76
2026-02-05 01:10:00,1019.62
2026-02-05 01:20:00,1019.5699999999999
2026-02-05 01:30:00,1019.51
2026-02-05 01:40:00,1019.35
2026-02-05 01:50:00,1019.25
2026-02-05 02:00:00,1019.12
2026-02-05 02:10:00,1019.12
2026-02-05 02:20:00,1018.9399999999999
2026-02-05 02:30:00,1018.87
2026-02-05 02:40:00,1018.75
2026-02-05 02:50:00,1018.79
2026-02-05 03:00:00,1018.78
2026-02-05 03:10:00,1018.9399999999999
2026-02-05 03:20:00,1019.05
2026-02-05 03:30:00,1019.1899999999999
2026-02-05 03:40:00,1019.26
2026-02-05 03:50:00,1019.29
2026-02-05 04:00:00,1019.31
2026-02-05 04:10:00,1019.3399999999999
2026-02-05 04:20:00,1019.42
2026-02-05 04:30:00,1019.5899999999999
2026-02-05 04:40:00,1019.67
2026-02-05 04:50:00,1019.73
2026-02-05 05:00:00,1019.74
2026-02-05 05:10:00,1019.77
2026-02-05 05:20:00,1019.92
2026-02-05 05:30:00,1020.05
2026-02-05 05:40:00,1020.17
2026-02-05 05:50:00,1020.36
2026-02-05 06:00:00,1020.55
2026-02-05 06:10:00,1020.77
2026-02-05 06:20:00,1020.9599999999999
2026-02-05 06:30:00,1020.9599999999999
2026-02-05 06:40:00,1021.1
2026-02-05 06:50:00,1021.2099999999999
2026-02-05 07:00:00,1021.28
2026-02-05 07:10:00,1021.4
2026-02-05 07:20:00,1021.66
2026-02-05 07:30:00,1021.8299999999999
2026-02-05 07:40:00,1021.93
2026-02-05 07:50:00,1022.0799999999999
2026-02-05 08:00:00,1022.14
2026-02-05 08:10:00,1022.34
2026-02-05 08:20:00,1022.685
2026-02-05 08:30:00,1022.745
2026-02-05 08:40:00,1022.81
2026-02-05 08:50:00,1022.86
2026-02-05 09:00:00,1022.9
2026-02-05 09:10:00,1022.97
2026-02-05 09:20:00,1022.98
2026-02-05 09:30:00,1022.9
2026-02-05 09:40:00,1022.9399999999999
2026-02-05 09:50:00,1022.9399999999999
2026-02-05 10:00:00,1022.99
2026-02-05 10:10:00,1022.8299999999999
2026-02-05 10:20:00,1022.93
2026-02-05 10:30:00,1022.8299999999999
2026-02-05 10:40:00,1022.67
2026-02-05 10:50:00,1022.56
2026-02-05 11:00:00,1022.41
2026-02-05 11:10:00,1022.23
2026-02-05 11:20:00,1022.1
2026-02-05 11:30:00,1021.97
2026-02-05 11:40:00,1021.74
2026-02-05 11:50:00,1021.66
2026-02-05 12:00:00,1021.4599999999999
2026-02-05 12:10:00,1021.26
2026-02-05 12:20:00,1021.04
2026-02-05 12:30:00,1020.85
2026-02-05 12:40:00,1020.6999999999999
2026-02-05 12:50:00,1020.51
2026-02-05 13:00:00,1020.37
2026-02-05 13:10:00,1020.14
2026-02-05 13:20:00,1019.9499999999999
2026-02-05 13:30:00,1019.8299999999999
2026-02-05 13:40:00,1019.6899999999999
2026-02-05 13:50:00,1019.81
2026-02-05 14:00:00,1019.78
2026-02-05 14:10:00,1019.86
2026-02-05 14:20:00,1019.855
2026-02-05 14:30:00,1019.935
2026-02-05 14:40:00,1019.965
2026-02-05 14:50:00,1020.0100000000001
2026-02-05 15:00:00,1020.0620000000001
2026-02-05 15:10:00,1019.9966666666666
2026-02-05 15:20:00,1019.9899999999999
2026-02-05 15:30:00,1020.02
2026-02-05 15:40:00,1020.0666666666666
2026-02-05 15:50:00,1019.9959999999999
2026-02-05 16:00:00,1019.88
2026-02-05 16:10:00,1020.06
2026-02-05 16:20:00,1020.0699999999999
2026-02-05 16:30:00,1020.2099999999999
2026-02-05 16:40:00,1020.47
2026-02-05 16:50:00,1020.53
2026-02-05 17:00:00,1020.6
2026-02-05 17:10:00,1020.67
2026-02-05 17:20:00,1020.74
2026-02-05 17:30:00,1020.78
2026-02-05 17:40:00,1020.91
2026-02-05 17:50:00,1021.02
2026-02-05 18:00:00,1021.15
2026-02-05 18:10:00,1021.34
2026-02-05 18:20:00,1021.4499999999999
2026-02-05 18:30:00,1021.51
2026-02-05 18:40:00,1021.52
2026-02-05 18:50:00,1021.75
2026-02-05 19:00:00,1021.9399999999999
2026-02-05 19:10:00,1022.13
2026-02-05 19:20:00,1022.3199999999999
2026-02-05 19:30:00,1022.4599999999999
2026-02-05 19:40:00,1022.6899999999999
2026-02-05 19:50:00,1022.77
2026-02-05 20:00:00,1022.86
2026-02-05 20:10:00,1022.87
2026-02-05 20:20:00,1023.01
2026-02-05 20:30:00,1023.1
2026-02-05 20:40:00,1023.1999999999999
2026-02-05 20:50:00,1023.3199999999999
2026-02-05 21:00:00,1023.24
2026-02-05 21:10:00,1023.4
2026-02-05 21:20:00,1023.6
2026-02-05 21:30:00,1023.74
2026-02-05 21:40:00,1023.74
2026-02-05 21:50:00,1024.02
2026-02-05 22:00:00,1023.8299999999999
2026-02-05 22:10:00,1023.93
2026-02-05 22:20:00,1023.9499999999999
2026-02-05 22:30:00,1023.91
2026-02-05 22:40:00,1023.9499999999999
2026-02-05 22:50:00,1024.02
2026-02-05 23:00:00,1024.04
2026-02-05 23:10:00,1024.14
2026-02-05 23:20:00,1024.06
2026-02-05 23:30:00,1024.15
2026-02-05 23:40:00,1024.18
2026-02-05 23:50:00,1024.18
2026-02-06 00:00:00,1024.1200000000001
2026-02-06 00:10:00,1024.19
2026-02-06 00:20:00,1024.13
2026-02-06 00:30:00,1024.05
2026-02-06 00:40:00,1024.03
2026-02-06 00:50:00,1024.07
2026-02-06 01:00:00,1024.08
2026-02-06 01:10:00,1024.2
2026-02-06 01:20:00,1024.08
2026-02-06 01:30:00,1023.9625
2026-02-06 02:50:00,1023.56
2026-02-06 03:00:00,1023.54
2026-02-06 03:10:00,1023.5699999999999
2026-02-06 03:20:00,1023.53
2026-02-06 03:30:00,1023.41
2026-02-06 03:40:00,1023.4399999999999
2026-02-06 03:50:00,1023.55
2026-02-06 04:00:00,1023.4
2026-02-06 04:10:00,1023.59
2026-02-06 04:20:00,1023.89
2026-02-06 04:30:00,1023.92
2026-02-06 04:40:00,1023.93
2026-02-06 04:50:00,1023.99
2026-02-06 05:00:00,1024.03
2026-02-06 05:10:00,1024.1100000000001
2026-02-06 05:20:00,1024.3500000000001
2026-02-06 05:30:00,1024.44
2026-02-06 05:40:00,1024.58
2026-02-06 05:50:00,1024.49
2026-02-06 06:00:00,1024.67
2026-02-06 06:10:00,1024.57
2026-02-06 06:20:00,1024.74
2026-02-06 06:30:00,1024.69
2026-02-06 06:40:00,1024.7
2026-02-06 06:50:00,1024.71
2026-02-06 07:00:00,1024.93
2026-02-06 07:10:00,1025.05
2026-02-06 07:20:00,1025.03
2026-02-06 07:30:00,1025.16
2026-02-06 07:40:00,1025.4
2026-02-06 07:50:00,1025.47
2026-02-06 08:00:00,1025.47
2026-02-06 08:10:00,1025.48
2026-02-06 08:20:00,1025.57
2026-02-06 08:30:00,1025.77
2026-02-06 08:40:00,1025.8
2026-02-06 08:50:00,1025.8500000000001
2026-02-06 09:00:00,1025.8700000000001
2026-02-06 09:10:00,1025.74
2026-02-06 09:20:00,1025.91
2026-02-06 09:30:00,1025.94
2026-02-06 09:40:00,1026.05
2026-02-06 09:50:00,1026.0900000000001
2026-02-06 10:00:00,1025.98
2026-02-06 10:10:00,1025.8500000000001
2026-02-06 10:20:00,1025.89
2026-02-06 10:30:00,1025.8700000000001
2026-02-06 10:40:00,1025.83
2026-02-06 10:50:00,1025.76
2026-02-06 11:00:00,1025.63
2026-02-06 11:10:00,1025.6100000000001
2026-02-06 11:20:00,1025.43
2026-02-06 11:30:00,1025.19
2026-02-06 11:40:00,1024.95
2026-02-06 11:50:00,1024.67
2026-02-06 12:00:00,1024.55
2026-02-06 12:10:00,1024.4
2026-02-06 12:20:00,1024.1100000000001
2026-02-06 12:30:00,1023.9499999999999
2026-02-06 12:40:00,1023.63
2026-02-06 12:50:00,1023.3199999999999
2026-02-06 13:00:00,1023.11
2026-02-06 13:10:00,1022.9599999999999
2026-02-06 13:20:00,1022.8199999999999
2026-02-06 13:30:00,1022.61
2026-02-06 13:40:00,1022.41
2026-02-06 13:50:00,1022.31
2026-02-06 14:00:00,1022.17
2026-02-06 14:10:00,1022.1
2026-02-06 14:20:00,1021.9399999999999
2026-02-06 14:30:00,1021.89
2026-02-06 14:40:00,1021.75
2026-02-06 14:50:00,1021.4499999999999
2026-02-06 15:00:00,1021.47
2026-02-06 15:10:00,1021.5799999999999
2026-02-06 15:20:00,1021.65
2026-02-06 15:30:00,1021.65
2026-02-06 15:40:00,1021.62
2026-02-06 15:50:00,1021.74
2026-02-06 16:00:00,1022.05
2026-02-06 16:10:00,1022.14
2026-02-06 16:20:00,1022.47
2026-02-06 16:30:00,1022.565
2026-02-06 16:40:00,1022.63
2026-02-06 16:50:00,1022.6899999999999
2026-02-06 17:00:00,1022.6899999999999
2026-02-06 17:10:00,1022.77
2026-02-06 17:20:00,1022.81
2026-02-06 17:30:00,1022.85
2026-02-06 17:40:00,1022.89
2026-02-06 17:50:00,1022.87
2026-02-06 18:00:00,1022.89
2026-02-06 18:10:00,1022.92
2026-02-06 18:20:00,1023.02
2026-02-06 18:30:00,1023.15
2026-02-06 18:40:00,1023.29
2026-02-06 18:50:00,1023.41
2026-02-06 19:00:00,1023.4449999999999
2026-02-06 19:10:00,1023.56
2026-02-06 19:20:00,1023.54
2026-02-06 19:30:00,1023.7
2026-02-06 19:40:00,1023.72
2026-02-06 19:50:00,1023.865
2026-02-06 20:00:00,1023.9
2026-02-06 20:10:00,1024.01
2026-02-06 20:20:00,1024.15
2026-02-06 20:30:00,1024.29
2026-02-06 20:40:00,1024.45
2026-02-06 20:50:00,1024.52
2026-02-06 21:00:00,1024.6833333333334
2026-02-06 21:10:00,1024.75
2026-02-06 21:20:00,1024.88
2026-02-06 21:30:00,1024.98
2026-02-06 21:40:00,1025.065
2026-02-06 21:50:00,1025.085
2026-02-06 22:00:00,1025.027142857143
2026-02-06 22:10:00,1024.99
2026-02-06 22:20:00,1024.9833333333333
2026-02-06 22:30:00,1024.9850000000001
2026-02-06 22:40:00,1024.845
2026-02-06 22:50:00,1024.77
2026-02-06 23:00:00,1025.005
2026-02-06 23:10:00,1025.11
2026-02-06 23:20:00,1025.14
2026-02-06 23:30:00,1024.975
2026-02-06 23:40:00,1024.8500000000001
2026-02-06 23:50:00,1024.68
2026-02-07 00:00:00,1024.6200000000001
2026-02-07 00:10:00,1024.54
2026-02-07 00:20:00,1024.42
2026-02-07 00:30:00,1024.24
2026-02-07 00:40:00,1024.08
2026-02-07 00:50:00,1023.9
2026-02-07 01:00:00,1023.675
2026-02-07 01:10:00,1023.6
2026-02-07 01:20:00,1023.48
2026-02-07 01:30:00,1023.3199999999999
2026-02-07 01:40:00,1023.22
2026-02-07 01:50:00,1023.02
2026-02-07 02:00:00,1022.91
2026-02-07 02:10:00,1022.86
2026-02-07 02:20:00,1022.89
2026-02-07 02:30:00,1022.77
2026-02-07 02:40:00,1022.88
2026-02-07 02:50:00,1022.8299999999999
2026-02-07 03:00:00,1022.77
2026-02-07 03:10:00,1022.74
2026-02-07 03:20:00,1022.91
2026-02-07 03:30:00,1022.9499999999999
2026-02-07 03:40:00,1023.1
2026-02-07 03:50:00,1023.22
2026-02-07 04:00:00,1023.25
2026-02-07 04:10:00,1023.41
2026-02-07 04:20:00,1023.66
2026-02-07 04:30:00,1023.89
2026-02-07 04:40:00,1024.01
2026-02-07 04:50:00,1023.97
2026-02-07 05:00:00,1024.0900000000001
2026-02-07 05:10:00,1024.27
2026-02-07 05:20:00,1024.22
2026-02-07 05:30:00,1024.43
2026-02-07 05:40:00,1024.3600000000001
2026-02-07 05:50:00,1024.2
2026-02-07 06:00:00,1024.4
2026-02-07 06:10:00,1024.44
2026-02-07 06:20:00,1024.49
2026-02-07 06:30:00,1024.79
2026-02-07 06:40:00,1024.8400000000001
2026-02-07 06:50:00,1025.04
2026-02-07 07:00:00,1025.02
2026-02-07 07:10:00,1025.22
2026-02-07 07:20:00,1025.3400000000001
2026-02-07 07:30:00,1025.45
2026-02-07 07:40:00,1025.6100000000001
2026-02-07 07:50:00,1025.89
2026-02-07 08:00:00,1026.18
2026-02-07 08:10:00,1026.47
2026-02-07 08:20:00,1026.58
2026-02-07 08:30:00,1026.76
2026-02-07 08:40:00,1026.5900000000001
2026-02-07 08:50:00,1026.58
2026-02-07 09:00:00,1026.6200000000001
2026-02-07 09:10:00,1026.76
2026-02-07 09:20:00,1026.9
2026-02-07 09:30:00,1026.88
2026-02-07 09:40:00,1026.96
2026-02-07 09:50:00,1026.97
2026-02-07 10:00:00,1026.88
2026-02-07 10:10:00,1026.74
2026-02-07 10:20:00,1026.77
2026-02-07 10:30:00,1026.64
2026-02-07 10:40:00,1026.48
2026-02-07 10:50:00,1026.43
2026-02-07 11:00:00,1026.22
2026-02-07 11:10:00,1026.06
2026-02-07 11:20:00,1026.03
2026-02-07 11:30:00,1025.89
2026-02-07 11:40:00,1025.8500000000001
2026-02-07 11:50:00,1025.76
2026-02-07 12:00:00,1025.6100000000001
2026-02-07 12:10:00,1025.3400000000001
2026-02-07 12:20:00,1025.3
2026-02-07 12:30:00,1025.1200000000001
2026-02-07 12:40:00,1025.03
2026-02-07 12:50:00,1024.91
2026-02-07 13:00:00,1024.8500000000001
2026-02-07 13:10:00,1024.71
2026-02-07 13:20:00,1024.67
2026-02-07 13:30:00,1024.64
2026-02-07 13:40:00,1024.42
2026-02-07 13:50:00,1024.32
2026-02-07 14:00:00,1024.15
2026-02-07 14:10:00,1024.05
2026-02-07 14:20:00,1024.03
2026-02-07 14:30:00,1023.88
2026-02-07 14:40:00,1023.91
2026-02-07 14:50:00,1023.76
2026-02-07 15:00:00,1023.81
2026-02-07 15:10:00,1023.81
2026-02-07 15:20:00,1023.86
2026-02-07 15:30:00,1023.91
2026-02-07 15:40:00,1023.9599999999999
2026-02-07 15:50:00,1023.93
2026-02-07 16:00:00,1024.04
2026-02-07 16:10:00,1024.1100000000001
2026-02-07 16:20:00,1024.0900000000001
2026-02-07 16:30:00,1024.04
2026-02-07 16:40:00,1023.93
2026-02-07 16:50:00,1024.05
2026-02-07 17:00:00,1024.1100000000001
2026-02-07 17:10:00,1024.14
2026-02-07 17:20:00,1024.3500000000001
2026-02-07 17:30:00,1024.47
2026-02-07 17:40:00,1024.46
2026-02-07 17:50:00,1024.6100000000001
2026-02-07 18:00:00,1024.73
2026-02-07 18:10:00,1024.95
2026-02-07 18:20:00,1025.07
2026-02-07 18:30:00,1025.245
2026-02-07 18:40:00,1025.4166666666667
2026-02-07 18:50:00,1025.47
2026-02-07 19:00:00,1025.3700000000001
2026-02-07 19:10:00,1025.32
2026-02-07 19:20:00,1025.41
2026-02-07 19:30:00,1025.55
2026-02-07 19:40:00,1025.895
2026-02-07 19:50:00,1025.97
2026-02-07 20:00:00,1026.08
2026-02-07 20:10:00,1026.04
2026-02-07 20:20:00,1026.14
2026-02-07 20:30:00,1026.04
2026-02-07 20:40:00,1026.02
2026-02-07 20:50:00,1026.07
2026-02-07 21:00:00,1026.0900000000001
2026-02-07 21:10:00,1026.06
2026-02-07 21:20:00,1026.2
2026-02-07 21:30:00,1026.22
2026-02-07 21:40:00,1026.25
2026-02-07 21:50:00,1026.39
2026-02-07 22:00:00,1026.39
2026-02-07 22:10:00,1026.3500000000001
2026-02-07 22:20:00,1026.2
2026-02-07 22:30:00,1026.0900000000001
2026-02-07 22:40:00,1025.89
2026-02-07 22:50:00,1025.83
2026-02-07 23:00:00,1025.72
2026-02-07 23:10:00,1025.53
2026-02-07 23:20:00,1025.47
2026-02-07 23:30:00,1025.45
2026-02-07 23:40:00,1025.3500000000001
2026-02-07 23:50:00,1025.2
2026-02-08 00:00:00,1025.03
2026-02-08 00:10:00,1024.8500000000001
2026-02-08 00:20:00,1024.71
2026-02-08 00:30:00,1024.6000000000001
2026-02-08 00:40:00,1024.5900000000001
2026-02-08 00:50:00,1024.46
2026-02-08 01:00:00,1024.31
2026-02-08 01:10:00,1024.1200000000001
2026-02-08 01:20:00,1023.98
2026-02-08 01:30:00,1023.85
2026-02-08 01:40:00,1023.81
2026-02-08 01:50:00,1023.6899999999999
2026-02-08 02:00:00,1023.42
2026-02-08 02:10:00,1023.3299999999999
2026-02-08 02:20:00,1023.28
2026-02-08 02:30:00,1023.1899999999999
2026-02-08 02:50:00,1023.1999999999999
2026-02-08 03:00:00,1023.18
2026-02-08 03:10:00,1023.34
2026-02-08 03:20:00,1023.31
2026-02-08 03:30:00,1023.23
2026-02-08 03:40:00,1023.2099999999999
2026-02-08 03:50:00,1023.11
2026-02-08 04:00:00,1023.1899999999999
2026-02-08 04:10:00,1023.23
2026-02-08 04:20:00,1023.27
2026-02-08 04:30:00,1023.27
2026-02-08 04:40:00,1023.31
2026-02-08 04:50:00,1023.3
2026-02-08 05:00:00,1023.47
2026-02-08 05:10:00,1023.65
2026-02-08 05:20:00,1023.79
2026-02-08 05:30:00,1023.98
2026-02-08 05:40:00,1024.01
2026-02-08 05:50:00,1024.15
2026-02-08 06:00:00,1024.3400000000001
2026-02-08 06:10:00,1024.42
2026-02-08 06:20:00,1024.44
2026-02-08 06:30:00,1024.56
2026-02-08 06:40:00,1024.65
2026-02-08 06:50:00,1024.73
2026-02-08 07:00:00,1024.91
2026-02-08 07:10:00,1025.01
2026-02-08 07:20:00,1025.33
2026-02-08 07:30:00,1025.56
2026-02-08 07:40:00,1025.65
2026-02-08 07:50:00,1025.74
2026-02-08 08:00:00,1025.9
2026-02-08 08:10:00,1026.01
2026-02-08 08:20:00,1026.07
2026-02-08 08:30:00,1026.19
2026-02-08 08:40:00,1026.3500000000001
2026-02-08 08:50:00,1026.45
2026-02-08 09:00:00,1026.52
2026-02-08 09:10:00,1026.57
2026-02-08 09:20:00,1026.67
2026-02-08 09:30:00,1026.75
2026-02-08 09:40:00,1026.74
2026-02-08 09:50:00,1026.795
2026-02-08 10:00:00,1026.79
2026-02-08 10:10:00,1026.74
2026-02-08 10:20:00,1026.65
2026-02-08 10:30:00,1026.47
2026-02-08 10:40:00,1026.4450000000002
2026-02-08 10:50:00,1026.38
2026-02-08 11:00:00,1026.3500000000001
2026-02-08 11:10:00,1026.27
2026-02-08 11:20:00,1026.15
2026-02-08 11:30:00,1026.0266666666666
2026-02-08 11:40:00,1025.8999999999999
2026-02-08 11:50:00,1025.74
2026-02-08 12:00:00,1025.6150000000002
2026-02-08 12:10:00,1025.55
2026-02-08 12:20:00,1025.45
2026-02-08 12:30:00,1025.16
2026-02-08 12:40:00,1025.16
2026-02-08 12:50:00,1024.95
2026-02-08 13:00:00,1024.68
2026-02-08 13:10:00,1024.39
2026-02-08 13:20:00,1024.22
2026-02-08 13:30:00,1024.02
2026-02-08 13:40:00,1023.8
2026-02-08 13:50:00,1023.6999999999999
2026-02-08 14:00:00,1023.55
2026-02-08 14:10:00,1023.39
2026-02-08 14:20:00,1023.24
2026-02-08 14:30:00,1023.25
2026-02-08 14:40:00,1023.25
2026-02-08 14:50:00,1023.16
2026-02-08 15:00:00,1023.14
2026-02-08 15:10:00,1023.13
2026-02-08 15:20:00,1023.1899999999999
2026-02-08 15:30:00,1023.15
2026-02-08 15:40:00,1023.16
2026-02-08 15:50:00,1023.22
2026-02-08 16:00:00,1023.23
2026-02-08 16:10:00,1023.26
2026-02-08 16:20:00,1023.27
2026-02-08 16:30:00,1023.3299999999999
2026-02-08 16:40:00,1023.42
2026-02-08 16:50:00,1023.52
2026-02-08 17:00:00,1023.56
2026-02-08 17:10:00,1023.66
2026-02-08 17:20:00,1023.79
2026-02-08 17:30:00,1023.78
2026-02-08 17:40:00,1023.84
2026-02-08 17:50:00,1023.9499999999999
2026-02-08 18:00:00,1024
2026-02-08 18:10:00,1024.05
2026-02-08 18:20:00,1024.06
2026-02-08 18:30:00,1024.21
2026-02-08 18:40:00,1024.29
2026-02-08 18:50:00,1024.33
2026-02-08 19:00:00,1024.45
2026-02-08 19:10:00,1024.5900000000001
2026-02-08 19:20:00,1024.77
2026-02-08 19:30:00,1024.89
2026-02-08 19:40:00,1025.01
2026-02-08 19:50:00,1025.1200000000001
2026-02-08 20:00:00,1025.3700000000001
2026-02-08 20:10:00,1025.58
2026-02-08 20:20:00,1025.6000000000001
2026-02-08 20:30:00,1025.81
2026-02-08 20:40:00,1025.95
2026-02-08 20:50:00,1026.18
2026-02-08 21:00:00,1026.25
2026-02-08 21:10:00,1026.49
2026-02-08 21:20:00,1026.6150000000002
2026-02-08 21:30:00,1026.65
2026-02-08 21:40:00,1026.65
2026-02-08 21:50:00,1026.45
2026-02-08 22:00:00,1026.26
2026-02-08 22:10:00,1026.1000000000001
2026-02-08 22:20:00,1025.99
2026-02-08 22:30:00,1025.82
2026-02-08 22:40:00,1025.78
2026-02-08 22:50:00,1025.91
2026-02-08 23:00:00,1025.83
2026-02-08 23:10:00,1025.6200000000001
2026-02-08 23:20:00,1025.41
2026-02-08 23:30:00,1025.27
2026-02-08 23:40:00,1025.15
2026-02-08 23:50:00,1025.02
2026-02-09 00:00:00,1024.77
2026-02-09 00:10:00,1024.52
2026-02-09 00:20:00,1024.3500000000001
2026-02-09 00:30:00,1024.23
2026-02-09 00:40:00,1024.1000000000001
2026-02-09 00:50:00,1023.93
2026-02-09 01:00:00,1023.79
2026-02-09 01:10:00,1023.6999999999999
2026-02-09 01:20:00,1023.53
2026-02-09 01:30:00,1023.37
2026-02-09 01:40:00,1023.2099999999999
2026-02-09 01:50:00,1023.0699999999999
2026-02-09 02:00:00,1023.01
2026-02-09 02:10:00,1023.1
2026-02-09 02:20:00,1022.9499999999999
2026-02-09 02:30:00,1022.86
2026-02-09 02:40:00,1022.8
2026-02-09 02:50:00,1022.59
2026-02-09 03:00:00,1022.59
2026-02-09 03:10:00,1022.5699999999999
2026-02-09 03:20:00,1022.39
2026-02-09 03:30:00,1022.38
2026-02-09 03:40:00,1022.3299999999999
2026-02-09 03:50:00,1022.23
2026-02-09 04:00:00,1022.13
2026-02-09 04:10:00,1022.23
2026-02-09 04:20:00,1022.51
2026-02-09 04:30:00,1022.4599999999999
2026-02-09 04:40:00,1022.4499999999999
2026-02-09 04:50:00,1022.59
2026-02-09 05:00:00,1022.6999999999999
2026-02-09 05:10:00,1022.8
2026-02-09 05:20:00,1022.85
2026-02-09 05:30:00,1022.91
2026-02-09 05:40:00,1023.04
2026-02-09 05:50:00,1023.13
2026-02-09 06:00:00,1023.1999999999999
2026-02-09 06:10:00,1023.4
2026-02-09 06:20:00,1023.4399999999999
2026-02-09 06:30:00,1023.47
2026-02-09 06:40:00,1023.5699999999999
2026-02-09 06:50:00,1023.55
2026-02-09 07:00:00,1023.78
2026-02-09 07:10:00,1023.92
2026-02-09 07:20:00,1023.9499999999999
2026-02-09 07:30:00,1024.1000000000001
2026-02-09 07:40:00,1024.31
2026-02-09 07:50:00,1024.45
2026-02-09 08:00:00,1024.57
2026-02-09 08:10:00,1024.78
2026-02-09 08:20:00,1024.88
2026-02-09 08:30:00,1024.89
2026-02-09 08:40:00,1024.81
2026-02-09 08:50:00,1024.6100000000001
2026-02-09 09:00:00,1024.6100000000001
2026-02-09 09:10:00,1024.74
2026-02-09 09:20:00,1024.8600000000001
2026-02-09 09:30:00,1024.8400000000001
2026-02-09 09:40:00,1024.83
2026-02-09 09:50:00,1024.77
2026-02-09 10:00:00,1024.48
2026-02-09 10:10:00,1024.48
2026-02-09 10:20:00,1024.27
2026-02-09 10:30:00,1024.15
2026-02-09 10:40:00,1023.8199999999999
2026-02-09 10:50:00,1023.73
2026-02-09 11:00:00,1023.65
2026-02-09 11:10:00,1023.42
2026-02-09 11:20:00,1023.3299999999999
2026-02-09 11:30:00,1023.11
2026-02-09 11:40:00,1023.03
2026-02-09 11:50:00,1022.85
2026-02-09 12:00:00,1022.75
2026-02-09 12:10:00,1022.6899999999999
2026-02-09 12:20:00,1022.54
2026-02-09 12:30:00,1022.41
2026-02-09 12:40:00,1022.25
2026-02-09 12:50:00,1022.16
2026-02-09 13:00:00,1022.06
2026-02-09 13:10:00,1021.8299999999999
2026-02-09 13:20:00,1021.67
2026-02-09 13:30:00,1021.51
2026-02-09 13:40:00,1021.25
2026-02-09 13:50:00,1021.09
2026-02-09 14:00:00,1021.0799999999999
2026-02-09 14:10:00,1020.93
2026-02-09 14:20:00,1020.91
2026-02-09 14:30:00,1020.9399999999999
2026-02-09 14:40:00,1021
2026-02-09 14:50:00,1021.05
2026-02-09 15:00:00,1021.05
2026-02-09 15:10:00,1021.05
2026-02-09 15:20:00,1021
2026-02-09 15:30:00,1020.9499999999999
2026-02-09 15:40:00,1021
2026-02-09 15:50:00,1020.97
2026-02-09 16:00:00,1021.095
2026-02-09 16:10:00,1021.095
2026-02-09 16:20:00,1021.14
2026-02-09 16:30:00,1021.2099999999999
2026-02-09 16:40:00,1021.2349999999999
2026-02-09 16:50:00,1021.27
2026-02-09 17:00:00,1021.28
2026-02-09 17:10:00,1021.35
2026-02-09 17:20:00,1021.37
2026-02-09 17:30:00,1021.47
2026-02-09 17:40:00,1021.4599999999999
2026-02-09 17:50:00,1021.55
2026-02-09 18:00:00,1021.615
2026-02-09 18:10:00,1021.795
2026-02-09 18:20:00,1021.93
2026-02-09 18:30:00,1021.99
2026-02-09 18:40:00,1022.14
2026-02-09 18:50:00,1022.28
2026-02-09 19:00:00,1022.42
2026-02-09 19:10:00,1022.5699999999999
2026-02-09 19:20:00,1022.76
2026-02-09 19:30:00,1022.85
2026-02-09 19:40:00,1022.87
2026-02-09 19:50:00,1023
2026-02-09 20:00:00,1023.09
2026-02-09 20:10:00,1023.1999999999999
2026-02-09 20:20:00,1023.29
2026-02-09 20:30:00,1023.38
2026-02-09 20:40:00,1023.51
2026-02-09 20:50:00,1023.54
2026-02-09 21:00:00,1023.52
2026-02-09 21:10:00,1023.5699999999999
2026-02-09 21:20:00,1023.64
2026-02-09 21:30:00,1023.61
2026-02-09 21:40:00,1023.61
2026-02-09 21:50:00,1023.5799999999999
2026-02-09 22:00:00,1023.52
2026-02-09 22:10:00,1023.4599999999999
2026-02-09 22:20:00,1023.47
2026-02-09 22:30:00,1023.4599999999999
2026-02-09 22:40:00,1023.2966666666667
2026-02-09 22:50:00,1023.225
2026-02-09 23:00:00,1023.23
2026-02-09 23:10:00,1023.185
2026-02-09 23:20:00,1023.1
2026-02-09 23:30:00,1023
2026-02-09 23:40:00,1022.92
2026-02-09 23:50:00,1022.8299999999999
2026-02-10 00:00:00,1022.75
2026-02-10 00:10:00,1022.64
2026-02-10 00:20:00,1022.545
2026-02-10 00:30:00,1022.37
2026-02-10 00:40:00,1022.25
2026-02-10 00:50:00,1021.99
2026-02-10 01:00:00,1021.78
2026-02-10 01:10:00,1021.7333333333332
2026-02-10 01:20:00,1021.6266666666667
2026-02-10 01:30:00,1021.47
2026-02-10 01:40:00,1021.4
2026-02-10 01:50:00,1021.22
2026-02-10 02:00:00,1021.2099999999999
2026-02-10 02:10:00,1021.24
2026-02-10 02:20:00,1021.27
2026-02-10 02:30:00,1021.1
2026-02-10 02:40:00,1021.06
2026-02-10 02:50:00,1021.02
2026-02-10 03:00:00,1020.975
2026-02-10 03:10:00,1021.11
2026-02-10 03:20:00,1021.12
2026-02-10 03:30:00,1021.18
2026-02-10 03:40:00,1021.235
2026-02-10 03:50:00,1021.26
2026-02-10 04:00:00,1021.255
2026-02-10 04:10:00,1021.3725000000001
2026-02-10 04:20:00,1021.4399999999999
2026-02-10 04:30:00,1021.5633333333334
2026-02-10 04:40:00,1021.64
2026-02-10 04:50:00,1021.75
2026-02-10 05:00:00,1021.86
2026-02-10 05:10:00,1021.87
2026-02-10 05:20:00,1021.79
2026-02-10 05:30:00,1021.99
2026-02-10 05:40:00,1022.0799999999999
2026-02-10 05:50:00,1022.1899999999999
2026-02-10 06:00:00,1022.28
2026-02-10 06:10:00,1022.55
2026-02-10 06:20:00,1022.66
2026-02-10 06:30:00,1022.675
2026-02-10 06:40:00,1022.835
2026-02-10 06:50:00,1023.05
2026-02-10 07:00:00,1023.23
2026-02-10 07:10:00,1023.325
2026-02-10 07:20:00,1023.52
2026-02-10 07:30:00,1023.51
2026-02-10 07:40:00,1023.43
2026-02-10 07:50:00,1023.54
2026-02-10 08:00:00,1023.66
2026-02-10 08:10:00,1023.7099999999999
2026-02-10 08:20:00,1023.79
2026-02-10 08:30:00,1023.9
2026-02-10 08:40:00,1024.1100000000001
2026-02-10 08:50:00,1024.14
2026-02-10 09:00:00,1024.19
2026-02-10 09:10:00,1024.28
2026-02-10 09:20:00,1024.3400000000001
2026-02-10 09:30:00,1024.4
2026-02-10 09:40:00,1024.31
2026-02-10 09:50:00,1024.27
2026-02-10 10:00:00,1024.31
2026-02-10 10:10:00,1024.25
2026-02-10 10:20:00,1024.25
2026-02-10 10:30:00,1024
2026-02-10 10:40:00,1023.88
2026-02-10 10:50:00,1023.78
2026-02-10 11:00:00,1023.78
2026-02-10 11:10:00,1023.81
2026-02-10 11:20:00,1023.68
2026-02-10 11:30:00,1023.59
2026-02-10 11:40:00,1023.41
2026-02-10 11:50:00,1023.24
2026-02-10 12:00:00,1023.25
2026-02-10 12:10:00,1023.0699999999999
2026-02-10 12:20:00,1022.8299999999999
2026-02-10 12:30:00,1022.6999999999999
2026-02-10 12:40:00,1022.51
2026-02-10 12:50:00,1022.28
2026-02-10 13:00:00,1022.2099999999999
2026-02-10 13:10:00,1022.06
2026-02-10 13:20:00,1021.88
2026-02-10 13:30:00,1021.8149999999999
2026-02-10 13:40:00,1021.5699999999999
2026-02-10 13:50:00,1021.38
2026-02-10 14:00:00,1021.24
2026-02-10 14:10:00,1021.0699999999999
2026-02-10 14:20:00,1021.17
2026-02-10 14:30:00,1020.93
2026-02-10 14:40:00,1020.93
2026-02-10 14:50:00,1020.91
2026-02-10 15:00:00,1020.85
2026-02-10 15:10:00,1020.72
2026-02-10 15:20:00,1020.67
2026-02-10 15:30:00,1020.6899999999999
2026-02-10 15:40:00,1020.5699999999999
2026-02-10 15:50:00,1020.61
2026-02-10 16:00:00,1020.66
2026-02-10 16:10:00,1020.7099999999999
2026-02-10 16:20:00,1020.8
2026-02-10 16:30:00,1020.81
2026-02-10 16:40:00,1020.88
2026-02-10 16:50:00,1020.9399999999999
2026-02-10 17:00:00,1020.9399999999999
2026-02-10 17:10:00,1021.12
2026-02-10 17:20:00,1021.15
2026-02-10 17:30:00,1021.23
2026-02-10 17:40:00,1021.42
2026-02-10 17:50:00,1021.41
2026-02-10 18:00:00,1021.4499999999999
2026-02-10 18:10:00,1021.51
2026-02-10 18:20:00,1021.53
2026-02-10 18:30:00,1021.55
2026-02-10 18:40:00,1021.5799999999999
2026-02-10 18:50:00,1021.66
2026-02-10 19:00:00,1021.8299999999999
2026-02-10 19:10:00,1021.91
2026-02-10 19:20:00,1022.1
2026-02-10 19:30:00,1022.24
2026-02-10 19:40:00,1022.26
2026-02-10 19:50:00,1022.39
2026-02-10 20:00:00,1022.53
2026-02-10 20:10:00,1022.6
2026-02-10 20:20:00,1022.65
2026-02-10 20:30:00,1022.75
2026-02-10 20:40:00,1022.78
2026-02-10 20:50:00,1022.8199999999999
2026-02-10 21:00:00,1022.9399999999999
2026-02-10 21:10:00,1022.9499999999999
2026-02-10 21:20:00,1022.93
2026-02-10 21:30:00,1023.02
2026-02-10 21:40:00,1022.97
2026-02-10 21:50:00,1022.99
2026-02-10 22:00:00,1022.89
2026-02-10 22:10:00,1023.0066666666667
2026-02-10 22:20:00,1022.97
2026-02-10 22:30:00,1022.8299999999999
2026-02-10 22:40:00,1022.72
2026-02-10 22:50:00,1022.56
2026-02-10 23:00:00,1022.4599999999999
2026-02-10 23:10:00,1022.4
2026-02-10 23:20:00,1022.34
2026-02-10 23:30:00,1022.25
2026-02-10 23:40:00,1021.9949999999999
2026-02-10 23:50:00,1021.8299999999999
2026-02-11 00:00:00,1021.8
2026-02-11 00:10:00,1021.64
2026-02-11 00:20:00,1021.41
2026-02-11 00:30:00,1021.23
2026-02-11 00:40:00,1021.0699999999999
2026-02-11 00:50:00,1021.0699999999999
2026-02-11 01:00:00,1021.02
2026-02-11 01:10:00,1021.02
2026-02-11 01:20:00,1020.77
2026-02-11 01:30:00,1020.74
2026-02-11 01:40:00,1020.62
2026-02-11 01:50:00,1020.56
2026-02-11 02:00:00,1020.4599999999999
2026-02-11 02:10:00,1020.3199999999999
2026-02-11 02:20:00,1020.29
2026-02-11 02:30:00,1020.27
2026-02-11 02:40:00,1020.24
2026-02-11 02:50:00,1020.2099999999999
2026-02-11 03:00:00,1020.13
2026-02-11 03:10:00,1020.03
2026-02-11 03:20:00,1019.99
2026-02-11 03:30:00,1019.9599999999999
2026-02-11 03:40:00,1019.91
2026-02-11 03:50:00,1019.9399999999999
2026-02-11 04:00:00,1020.04
2026-02-11 04:10:00,1020.09
2026-02-11 04:20:00,1020.1999999999999
2026-02-11 04:30:00,1020.1999999999999
2026-02-11 04:40:00,1020.24
2026-02-11 04:50:00,1020.27
2026-02-11 05:00:00,1020.37
2026-02-11 05:10:00,1020.47
2026-02-11 05:20:00,1020.5
2026-02-11 05:30:00,1020.59
2026-02-11 05:40:00,1020.62
2026-02-11 05:50:00,1020.84
2026-02-11 06:00:00,1020.98
2026-02-11 06:10:00,1021.02
2026-02-11 06:20:00,1021.2099999999999
2026-02-11 06:30:00,1021.4133333333333
2026-02-11 06:40:00,1021.39
2026-02-11 06:50:00,1021.52
2026-02-11 07:00:00,1021.66
2026-02-11 07:10:00,1021.8
2026-02-11 07:20:00,1021.84
2026-02-11 07:30:00,1021.9499999999999
2026-02-11 07:40:00,1022.12
2026-02-11 07:50:00,1022.3399999999999
2026-02-11 08:00:00,1022.41
2026-02-11 08:10:00,1022.54
2026-02-11 08:20:00,1022.63
2026-02-11 08:30:00,1022.73
2026-02-11 08:40:00,1022.77
2026-02-11 08:50:00,1022.73
2026-02-11 09:00:00,1022.64
2026-02-11 09:10:00,1022.53
2026-02-11 09:20:00,1022.56
2026-02-11 09:30:00,1022.63
2026-02-11 09:40:00,1022.63
2026-02-11 09:50:00,1022.67
2026-02-11 10:00:00,1022.64
2026-02-11 10:10:00,1022.64
2026-02-11 10:20:00,1022.5699999999999
2026-02-11 10:30:00,1022.53
2026-02-11 10:40:00,1022.4499999999999
2026-02-11 10:50:00,1022.36
2026-02-11 11:00:00,1022.1999999999999
2026-02-11 11:10:00,1022.06
2026-02-11 11:20:00,1021.81
2026-02-11 11:30:00,1021.7099999999999
2026-02-11 11:40:00,1021.6999999999999
2026-02-11 11:50:00,1021.5799999999999
2026-02-11 12:00:00,1021.49
2026-02-11 12:10:00,1021.31
2026-02-11 12:20:00,1021.22
2026-02-11 12:30:00,1021.03
2026-02-11 12:40:00,1020.73
2026-02-11 12:50:00,1020.51
2026-02-11 13:00:00,1020.3199999999999
2026-02-11 13:10:00,1020.22
2026-02-11 13:20:00,1020.03
2026-02-11 13:30:00,1019.9599999999999
2026-02-11 13:40:00,1019.8
2026-02-11 13:50:00,1019.73
2026-02-11 14:00:00,1019.53
2026-02-11 14:10:00,1019.4399999999999
2026-02-11 14:20:00,1019.3299999999999
2026-02-11 14:30:00,1019.29
2026-02-11 14:40:00,1019.18
2026-02-11 14:50:00,1019.02
2026-02-11 15:00:00,1019.0799999999999
2026-02-11 15:10:00,1019.03
2026-02-11 15:20:00,1019.0699999999999
2026-02-11 15:30:00,1019.16
2026-02-11 15:40:00,1019.13
2026-02-11 15:50:00,1019.12
2026-02-11 16:00:00,1019.11
2026-02-11 16:10:00,1019.13
2026-02-11 16:20:00,1019.09
2026-02-11 16:30:00,1019.27
2026-02-11 16:40:00,1019.43
2026-02-11 16:50:00,1019.54
2026-02-11 17:00:00,1019.64
2026-02-11 17:10:00,1019.74
2026-02-11 17:20:00,1019.91
2026-02-11 17:30:00,1020.13
2026-02-11 17:40:00,1020.27
2026-02-11 17:50:00,1020.37
2026-02-11 18:00:00,1020.5
2026-02-11 18:10:00,1020.54
2026-02-11 18:20:00,1020.61
2026-02-11 18:30:00,1020.56
2026-02-11 18:40:00,1020.52
2026-02-11 18:50:00,1020.56
2026-02-11 19:00:00,1020.7099999999999
2026-02-11 19:10:00,1020.81
2026-02-11 19:20:00,1020.97
2026-02-11 19:30:00,1021
2026-02-11 19:40:00,1021.14
2026-02-11 19:50:00,1021.28
2026-02-11 20:00:00,1021.47
2026-02-11 20:10:00,1021.67
2026-02-11 20:20:00,1021.7599999999999
2026-02-11 20:30:00,1021.835
2026-02-11 20:40:00,1021.67
2026-02-11 20:50:00,1021.8199999999999
2026-02-11 21:00:00,1021.84
2026-02-11 21:10:00,1021.78
2026-02-11 21:20:00,1021.8299999999999
2026-02-11 21:30:00,1021.9
2026-02-11 21:40:00,1021.86
2026-02-11 21:50:00,1021.91
2026-02-11 22:00:00,1021.78
2026-02-11 22:10:00,1021.8
2026-02-11 22:20:00,1021.8
2026-02-11 22:30:00,1021.77
2026-02-11 22:40:00,1021.75
2026-02-11 22:50:00,1021.825
2026-02-11 23:00:00,1021.77
2026-02-11 23:10:00,1021.74
2026-02-11 23:20:00,1021.72
2026-02-11 23:30:00,1021.55
2026-02-11 23:40:00,1021.52
2026-02-11 23:50:00,1021.4
2026-02-12 00:00:00,1021.27
2026-02-12 00:10:00,1021.09
2026-02-12 00:20:00,1020.9399999999999
2026-02-12 00:30:00,1020.81
2026-02-12 00:40:00,1020.5799999999999
2026-02-12 00:50:00,1020.4599999999999
2026-02-12 01:00:00,1020.1899999999999
2026-02-12 01:10:00,1020.14
2026-02-12 01:20:00,1020.0799999999999
2026-02-12 01:30:00,1019.9599999999999
2026-02-12 01:40:00,1019.78
2026-02-12 01:50:00,1019.59
2026-02-12 02:00:00,1019.49
2026-02-12 02:10:00,1019.28
2026-02-12 02:20:00,1019.17
2026-02-12 02:30:00,1019.3299999999999
2026-02-12 02:50:00,1019.42
2026-02-12 03:00:00,1019.62
2026-02-12 03:10:00,1019.7
2026-02-12 03:20:00,1019.86
2026-02-12 03:30:00,1019.9499999999999
2026-02-12 03:40:00,1019.98
2026-02-12 03:50:00,1020.1999999999999
2026-02-12 04:00:00,1020.25
2026-02-12 04:10:00,1020.295
2026-02-12 04:20:00,1020.27
2026-02-12 04:30:00,1020.37
2026-02-12 04:40:00,1020.36
2026-02-12 04:50:00,1020.4599999999999
2026-02-12 05:00:00,1020.43
2026-02-12 05:10:00,1020.49
2026-02-12 05:20:00,1020.55
2026-02-12 05:30:00,1020.72
2026-02-12 05:40:00,1020.75
2026-02-12 05:50:00,1020.72
2026-02-12 06:00:00,1020.74
2026-02-12 06:10:00,1020.92
2026-02-12 06:20:00,1021.01
2026-02-12 06:30:00,1021.1
2026-02-12 06:40:00,1021.26
2026-02-12 06:50:00,1021.34
2026-02-12 07:00:00,1021.4849999999999
2026-02-12 07:10:00,1021.61
2026-02-12 07:20:00,1021.6
2026-02-12 07:30:00,1021.66
2026-02-12 07:40:00,1021.77
2026-02-12 07:50:00,1021.8299999999999
2026-02-12 08:00:00,1021.8299999999999
2026-02-12 08:10:00,1021.85
2026-02-12 08:20:00,1021.97
2026-02-12 08:30:00,1022.03
2026-02-12 08:40:00,1021.9399999999999
2026-02-12 08:50:00,1021.91
2026-02-12 09:00:00,1021.88
2026-02-12 09:10:00,1021.9499999999999
2026-02-12 09:20:00,1021.93
2026-02-12 09:30:00,1021.91
2026-02-12 09:40:00,1021.9399999999999
2026-02-12 09:50:00,1021.98
2026-02-12 10:00:00,1022
2026-02-12 10:10:00,1022.0699999999999
2026-02-12 10:20:00,1022.1
2026-02-12 10:30:00,1022
2026-02-12 10:40:00,1021.99
2026-02-12 10:50:00,1021.8199999999999
2026-02-12 11:00:00,1021.6999999999999
2026-02-12 11:10:00,1021.37
2026-02-12 11:20:00,1021.18
2026-02-12 11:30:00,1020.99
2026-02-12 11:40:00,1020.76
2026-02-12 11:50:00,1020.75
2026-02-12 12:00:00,1020.64
2026-02-12 12:10:00,1020.41
2026-02-12 12:20:00,1020.41
2026-02-12 12:30:00,1020.13
2026-02-12 12:40:00,1020
2026-02-12 12:50:00,1019.9
2026-02-12 13:00:00,1019.89
2026-02-12 13:10:00,1019.74
2026-02-12 13:20:00,1019.64
2026-02-12 13:30:00,1019.4
2026-02-12 13:40:00,1019.25
2026-02-12 13:50:00,1019.1899999999999
2026-02-12 14:00:00,1019.1
2026-02-12 14:10:00,1019.02
2026-02-12 14:20:00,1019
2026-02-12 14:30:00,1019
2026-02-12 14:40:00,1019.03
2026-02-12 14:50:00,1018.86
2026-02-12 15:00:00,1018.84
2026-02-12 15:10:00,1018.87
2026-02-12 15:20:00,1018.9
2026-02-12 15:30:00,1019.05
2026-02-12 15:40:00,1019.14
2026-02-12 15:50:00,1019.1899999999999
2026-02-12 16:00:00,1019.1899999999999
2026-02-12 16:10:00,1019.27
2026-02-12 16:20:00,1019.35
2026-02-12 16:30:00,1019.4599999999999
2026-02-12 16:40:00,1019.53
2026-02-12 16:50:00,1019.5699999999999
2026-02-12 17:00:00,1019.51
2026-02-12 17:10:00,1019.5799999999999
2026-02-12 17:20:00,1019.65
2026-02-12 17:30:00,1019.79
2026-02-12 17:40:00,1019.8199999999999
2026-02-12 17:50:00,1020
2026-02-12 18:00:00,1020.1899999999999
2026-02-12 18:10:00,1020.355
2026-02-12 19:00:00,1021.06
2026-02-12 19:10:00,1021.15
2026-02-12 19:20:00,1021.17
2026-02-12 19:30:00,1021.27
2026-02-12 19:40:00,1021.67
2026-02-12 19:50:00,1021.4
2026-02-12 20:00:00,1021.59
2026-02-12 20:10:00,1021.6
2026-02-12 20:20:00,1021.64
2026-02-12 20:30:00,1021.81
2026-02-12 20:40:00,1021.87
2026-02-12 20:50:00,1021.9599999999999
2026-02-12 21:00:00,1022.15
2026-02-12 21:10:00,1022.1899999999999
2026-02-12 21:20:00,1022.23
2026-02-12 21:30:00,1022.22
2026-02-12 21:40:00,1022.1999999999999
2026-02-12 21:50:00,1022.13
2026-02-12 22:00:00,1022.11
2026-02-12 22:10:00,1022
2026-02-12 22:20:00,1021.99
2026-02-12 22:30:00,1021.99
2026-02-12 22:40:00,1022.12
2026-02-12 22:50:00,1022.22
2026-02-12 23:00:00,1021.9499999999999
2026-02-12 23:10:00,1021.86
2026-02-12 23:20:00,1021.8299999999999
2026-02-12 23:30:00,1021.66
2026-02-12 23:40:00,1021.4599999999999
2026-02-12 23:50:00,1021.43
2026-02-13 00:00:00,1021.5799999999999
2026-02-13 00:10:00,1021.5633333333333
2026-02-13 00:20:00,1021.4
2026-02-13 00:30:00,1021.04
2026-02-13 00:40:00,1020.86
2026-02-13 00:50:00,1020.62
2026-02-13 01:00:00,1020.48
2026-02-13 01:10:00,1020.35
2026-02-13 01:20:00,1020.24
2026-02-13 01:30:00,1020.22
2026-02-13 01:40:00,1020.23
2026-02-13 01:50:00,1020.115
2026-02-13 02:00:00,1019.86
2026-02-13 02:10:00,1019.8199999999999
2026-02-13 02:20:00,1019.84
2026-02-13 02:30:00,1019.7099999999999
2026-02-13 02:40:00,1019.66
2026-02-13 02:50:00,1019.76
2026-02-13 03:00:00,1019.8
2026-02-13 03:10:00,1019.74
2026-02-13 03:20:00,1019.66
2026-02-13 03:30:00,1019.81
2026-02-13 03:40:00,1020.2190909090909
2026-02-13 03:50:00,1019.78
2026-02-13 04:00:00,1019.9399999999999
2026-02-13 04:10:00,1019.98
2026-02-13 04:20:00,1019.97
2026-02-13 04:30:00,1020.03
2026-02-13 04:40:00,1020.12
2026-02-13 04:50:00,1020.02
2026-02-13 05:00:00,1020.03
2026-02-13 05:10:00,1020.12
2026-02-13 05:20:00,1020.29
2026-02-13 05:30:00,1020.36
2026-02-13 05:40:00,1020.63
2026-02-13 05:50:00,1020.73
2026-02-13 06:00:00,1020.86
2026-02-13 06:10:00,1021.15
2026-02-13 06:20:00,1021.54
2026-02-13 06:30:00,1021.4949999999999
2026-02-13 06:40:00,1021.5699999999999
2026-02-13 06:50:00,1021.64
2026-02-13 07:00:00,1021.68
2026-02-13 07:10:00,1021.64
2026-02-13 07:20:00,1021.65
2026-02-13 07:30:00,1021.7099999999999
2026-02-13 07:40:00,1021.72
2026-02-13 07:50:00,1021.97
2026-02-13 08:00:00,1022.04
2026-02-13 08:10:00,1022.11
2026-02-13 08:20:00,1022.3299999999999
2026-02-13 08:30:00,1022.55
2026-02-13 08:40:00,1022.61
2026-02-13 08:50:00,1022.67
2026-02-13 09:00:00,1022.66
2026-02-13 09:10:00,1022.67
2026-02-13 09:20:00,1022.66
2026-02-13 09:30:00,1022.79
2026-02-13 09:40:00,1022.88
2026-02-13 09:50:00,1022.8299999999999
2026-02-13 10:00:00,1022.8199999999999
2026-02-13 10:10:00,1022.7099999999999
2026-02-13 10:20:00,1022.66
2026-02-13 10:30:00,1022.51
2026-02-13 10:40:00,1022.3199999999999
2026-02-13 10:50:00,1022.1899999999999
2026-02-13 11:00:00,1022.09
2026-02-13 11:10:00,1021.88
2026-02-13 11:20:00,1021.67
2026-02-13 11:30:00,1021.52
2026-02-13 11:40:00,1021.35
2026-02-13 11:50:00,1021.1999999999999
2026-02-13 12:00:00,1021
2026-02-13 12:10:00,1020.9599999999999
2026-02-13 12:20:00,1020.79
2026-02-13 12:30:00,1020.65
2026-02-13 12:40:00,1020.64
2026-02-13 12:50:00,1020.656
2026-02-13 13:00:00,1020.5699999999999
2026-02-13 13:10:00,1020.53
2026-02-13 13:20:00,1020.4399999999999
2026-02-13 13:30:00,1020.17
2026-02-13 13:40:00,1019.92
2026-02-13 13:50:00,1019.9499999999999
2026-02-13 14:00:00,1019.76
2026-02-13 14:10:00,1019.75
2026-02-13 14:20:00,1019.64
2026-02-13 14:30:00,1019.68
2026-02-13 14:40:00,1019.76
2026-02-13 14:50:00,1020.04
2026-02-13 15:00:00,1020.17
2026-02-13 15:10:00,1020.18
2026-02-13 15:20:00,1019.91
2026-02-13 15:30:00,1019.67
2026-02-13 15:40:00,1019.62
2026-02-13 15:50:00,1019.6899999999999
2026-02-13 16:00:00,1019.6999999999999
2026-02-13 16:10:00,1019.8860000000001
2026-02-13 16:20:00,1020.01
2026-02-13 16:30:00,1020.05
2026-02-13 16:40:00,1020
2026-02-13 16:50:00,1019.85
2026-02-13 17:00:00,1019.92
2026-02-13 17:10:00,1020.03
2026-02-13 17:20:00,1020.1
2026-02-13 17:30:00,1020.1
2026-02-13 17:40:00,1020.09
2026-02-13 17:50:00,1020.17
2026-02-13 18:00:00,1020.1899999999999
2026-02-13 18:10:00,1020.22
2026-02-13 18:20:00,1020.26
2026-02-13 18:30:00,1020.42
2026-02-13 18:40:00,1020.48
2026-02-13 18:50:00,1020.61
2026-02-13 19:00:00,1020.6999999999999
2026-02-13 19:10:00,1020.79
2026-02-13 19:20:00,1020.85
2026-02-13 19:30:00,1020.91
2026-02-13 19:40:00,1021.06
2026-02-13 19:50:00,1021.2099999999999
2026-02-13 20:00:00,1021.34
2026-02-13 20:10:00,1021.39
2026-02-13 20:20:00,1021.55
2026-02-13 20:30:00,1021.64
2026-02-13 20:40:00,1021.77
2026-02-13 20:50:00,1021.77
2026-02-13 21:00:00,1021.79
2026-02-13 21:10:00,1021.86
2026-02-13 21:20:00,1021.86
2026-02-13 21:30:00,1021.9
2026-02-13 21:40:00,1021.86
2026-02-13 21:50:00,1021.79
2026-02-13 22:00:00,1021.8
2026-02-13 22:10:00,1021.77
2026-02-13 22:20:00,1021.86
2026-02-13 22:30:00,1021.75
2026-02-13 22:40:00,1021.64
2026-02-13 22:50:00,1021.75
2026-02-13 23:00:00,1021.7099999999999
2026-02-13 23:10:00,1021.88
2026-02-13 23:20:00,1021.81
2026-02-13 23:30:00,1021.76
2026-02-13 23:40:00,1021.7299999999999
2026-02-13 23:50:00,1021.53
2026-02-14 00:00:00,1021.31
2026-02-14 00:10:00,1021.0799999999999
2026-02-14 00:20:00,1020.86
2026-02-14 00:30:00,1020.77
2026-02-14 00:40:00,1020.9449999999999
2026-02-14 00:50:00,1020.8128571428571
2026-02-14 01:00:00,1020.49
2026-02-14 01:10:00,1020.35
2026-02-14 01:20:00,1020.3
2026-02-14 01:30:00,1020.31
2026-02-14 01:40:00,1020.25
2026-02-14 01:50:00,1020.23
2026-02-14 02:00:00,1020.04
2026-02-14 02:10:00,1020.01
2026-02-14 02:20:00,1019.88
2026-02-14 02:30:00,1019.8199999999999
2026-02-14 02:40:00,1019.72
2026-02-14 02:50:00,1019.51
2026-02-14 03:00:00,1019.5799999999999
2026-02-14 03:10:00,1019.65
2026-02-14 03:20:00,1019.61
2026-02-14 03:30:00,1019.53
2026-02-14 03:40:00,1019.6
2026-02-14 03:50:00,1019.55
2026-02-14 04:00:00,1019.4499999999999
2026-02-14 04:10:00,1019.41
2026-02-14 04:20:00,1019.48
2026-02-14 04:30:00,1019.5699999999999
2026-02-14 04:40:00,1019.68
2026-02-14 04:50:00,1019.8199999999999
2026-02-14 05:00:00,1019.97
2026-02-14 05:10:00,1020.1
2026-02-14 05:20:00,1020.16
2026-02-14 05:30:00,1020.26
2026-02-14 05:40:00,1020.3
2026-02-14 05:50:00,1020.36
2026-02-14 06:00:00,1020.52
2026-02-14 06:10:00,1020.54
2026-02-14 06:20:00,1020.62
2026-02-14 06:30:00,1020.66
2026-02-14 06:40:00,1020.78
2026-02-14 06:50:00,1020.8299999999999
2026-02-14 07:00:00,1020.8199999999999
2026-02-14 07:10:00,1020.89
2026-02-14 07:20:00,1021.01
2026-02-14 07:30:00,1021.12
2026-02-14 07:40:00,1021.28
2026-02-14 07:50:00,1021.47
2026-02-14 08:00:00,1021.54
2026-02-14 08:10:00,1021.52
2026-02-14 08:20:00,1021.6899999999999
2026-02-14 08:30:00,1021.77
2026-02-14 08:40:00,1021.89
2026-02-14 08:50:00,1021.99
2026-02-14 09:00:00,1022.13
2026-02-14 09:10:00,1022.18
2026-02-14 09:20:00,1022.29
2026-02-14 09:30:00,1022.3299999999999
2026-02-14 09:40:00,1022.56
2026-02-14 09:50:00,1022.61
2026-02-14 10:00:00,1022.63
2026-02-14 10:10:00,1022.6959999999999
2026-02-14 10:20:00,1022.5649999999999
2026-02-14 10:30:00,1022.575
2026-02-14 10:40:00,1022.4399999999999
2026-02-14 10:50:00,1022.4499999999999
2026-02-14 11:00:00,1022.4499999999999
2026-02-14 11:10:00,1022.39
2026-02-14 11:20:00,1022.0550000000001
2026-02-14 11:30:00,1021.73
2026-02-14 11:40:00,1021.56
2026-02-14 11:50:00,1021.35
2026-02-14 12:00:00,1021.26
2026-02-14 12:10:00,1021.0699999999999
2026-02-14 12:20:00,1020.99
2026-02-14 12:30:00,1020.88
2026-02-14 12:40:00,1020.56
2026-02-14 12:50:00,1020.1999999999999
2026-02-14 13:00:00,1019.8299999999999
2026-02-14 13:10:00,1019.56
2026-02-14 13:20:00,1019.31
2026-02-14 13:30:00,1019.1
2026-02-14 13:40:00,1018.91
2026-02-14 13:50:00,1018.9499999999999
2026-02-14 14:00:00,1018.75
2026-02-14 14:10:00,1018.76
2026-02-14 14:20:00,1018.76
2026-02-14 14:30:00,1018.51
2026-02-14 14:40:00,1018.31
2026-02-14 14:50:00,1018.12
2026-02-14 15:00:00,1018.17
2026-02-14 15:10:00,1018.24
2026-02-14 15:20:00,1018.2099999999999
2026-02-14 15:30:00,1018.14
2026-02-14 15:40:00,1018.11
2026-02-14 15:50:00,1018.1999999999999
2026-02-14 16:00:00,1018.1899999999999
2026-02-14 16:10:00,1018.1999999999999
2026-02-14 16:20:00,1018.3299999999999
2026-02-14 16:30:00,1018.4499999999999
2026-02-14 16:40:00,1018.88
2026-02-14 16:50:00,1018.91
2026-02-14 17:00:00,1019.1
2026-02-14 17:10:00,1019.09
2026-02-14 17:20:00,1019.04
2026-02-14 17:30:00,1019.1999999999999
2026-02-14 17:40:00,1019.1899999999999
2026-02-14 17:50:00,1019.1999999999999
2026-02-14 18:00:00,1019.3199999999999
2026-02-14 18:10:00,1019.42
2026-02-14 18:20:00,1019.59
2026-02-14 18:30:00,1019.59
2026-02-14 18:40:00,1019.67
2026-02-14 19:00:00,1019.9499999999999
2026-02-14 19:10:00,1020.01
2026-02-14 19:20:00,1020.1
2026-02-14 19:30:00,1020.14
2026-02-14 19:40:00,1020.14
2026-02-14 19:50:00,1020.16
2026-02-14 20:00:00,1020.14
2026-02-14 20:10:00,1020.28
2026-02-14 20:20:00,1020.37
2026-02-14 20:30:00,1020.39
2026-02-14 20:40:00,1020.42
2026-02-14 20:50:00,1020.47
2026-02-14 21:00:00,1020.53
2026-02-14 21:10:00,1020.51
2026-02-14 21:20:00,1020.42
2026-02-14 21:30:00,1020.4399999999999
2026-02-14 21:40:00,1020.53
2026-02-14 21:50:00,1020.5699999999999
2026-02-14 22:00:00,1020.47
2026-02-14 22:10:00,1020.4599999999999
2026-02-14 22:20:00,1020.56
2026-02-14 22:30:00,1020.52
2026-02-14 22:40:00,1020.4599999999999
2026-02-14 22:50:00,1020.4499999999999
2026-02-14 23:00:00,1020.5
2026-02-14 23:10:00,1020.4399999999999
2026-02-14 23:20:00,1020.3
2026-02-14 23:30:00,1020.22
2026-02-14 23:40:00,1020.09
2026-02-14 23:50:00,1020.01
2026-02-15 00:00:00,1019.8299999999999
2026-02-15 00:10:00,1019.66
2026-02-15 00:20:00,1019.54
2026-02-15 00:30:00,1019.39
2026-02-15 00:40:00,1019.24
2026-02-15 00:50:00,1019.1999999999999
2026-02-15 01:00:00,1019.03
2026-02-15 01:10:00,1019
2026-02-15 01:20:00,1018.9399999999999
2026-02-15 01:30:00,1018.8
2026-02-15 01:40:00,1018.8
2026-02-15 01:50:00,1018.6999999999999
2026-02-15 02:00:00,1018.5799999999999
2026-02-15 02:10:00,1018.53
2026-02-15 02:20:00,1018.4
2026-02-15 02:30:00,1018.38
2026-02-15 02:40:00,1018.43
2026-02-15 02:50:00,1018.48
2026-02-15 03:00:00,1018.5
2026-02-15 03:10:00,1018.35
2026-02-15 03:20:00,1018.28
2026-02-15 03:30:00,1018.31
2026-02-15 03:40:00,1018.3299999999999
2026-02-15 03:50:00,1018.37
2026-02-15 04:00:00,1018.4399999999999
2026-02-15 04:10:00,1018.54
2026-02-15 04:20:00,1018.63
2026-02-15 04:30:00,1018.64
2026-02-15 04:40:00,1018.77
2026-02-15 04:50:00,1018.88
2026-02-15 05:00:00,1018.99
2026-02-15 05:10:00,1019.15
2026-02-15 05:20:00,1019.28
2026-02-15 05:30:00,1019.37
2026-02-15 05:40:00,1019.49
2026-02-15 05:50:00,1019.65
2026-02-15 06:00:00,1019.78
2026-02-15 06:10:00,1019.9599999999999
2026-02-15 06:20:00,1020
2026-02-15 06:30:00,1020
2026-02-15 06:40:00,1020.11
2026-02-15 06:50:00,1020.31
2026-02-15 07:00:00,1020.49
2026-02-15 07:10:00,1020.62
2026-02-15 07:20:00,1020.74
2026-02-15 07:30:00,1020.79
2026-02-15 07:40:00,1020.88
2026-02-15 07:50:00,1020.99
2026-02-15 08:00:00,1021.04
2026-02-15 08:10:00,1021.13
2026-02-15 08:20:00,1021.1899999999999
2026-02-15 08:30:00,1021.3199999999999
2026-02-15 08:40:00,1021.35
2026-02-15 08:50:00,1021.29
2026-02-15 09:00:00,1021.3199999999999
2026-02-15 09:10:00,1021.3199999999999
2026-02-15 09:20:00,1021.35
2026-02-15 09:30:00,1021.35
2026-02-15 09:40:00,1021.34
2026-02-15 09:50:00,1021.3
2026-02-15 10:00:00,1021.22
2026-02-15 10:10:00,1021.1
2026-02-15 10:20:00,1021.04
2026-02-15 10:30:00,1020.97
2026-02-15 10:40:00,1020.8299999999999
2026-02-15 10:50:00,1020.7099999999999
2026-02-15 11:00:00,1020.48
2026-02-15 11:10:00,1020.27
2026-02-15 11:20:00,1020.13
2026-02-15 11:30:00,1019.97
2026-02-15 11:40:00,1019.84
2026-02-15 11:50:00,1019.67
2026-02-15 12:00:00,1019.5
2026-02-15 12:10:00,1019.3
2026-02-15 12:20:00,1019.14
2026-02-15 12:30:00,1019.03
2026-02-15 12:40:00,1019.01
2026-02-15 12:50:00,1018.87
2026-02-15 13:00:00,1018.75
2026-02-15 13:10:00,1018.54
2026-02-15 13:20:00,1018.4499999999999
2026-02-15 13:30:00,1018.38
2026-02-15 13:40:00,1018.3
2026-02-15 13:50:00,1018.15
2026-02-15 14:00:00,1018.0699999999999
2026-02-15 14:10:00,1017.9599999999999
2026-02-15 14:20:00,1017.89
2026-02-15 14:30:00,1017.91
2026-02-15 14:40:00,1017.84
2026-02-15 14:50:00,1017.6999999999999
2026-02-15 15:00:00,1017.63
2026-02-15 15:10:00,1017.55
2026-02-15 15:20:00,1017.51
2026-02-15 15:30:00,1017.4599999999999
2026-02-15 15:40:00,1017.49
2026-02-15 15:50:00,1017.4399999999999
2026-02-15 16:00:00,1017.5
2026-02-15 16:10:00,1017.59
2026-02-15 16:20:00,1017.65
2026-02-15 16:30:00,1017.76
2026-02-15 16:40:00,1017.8
2026-02-15 16:50:00,1017.89
2026-02-15 17:00:00,1018.03
2026-02-15 17:10:00,1018.16
2026-02-15 17:20:00,1018.3299999999999
2026-02-15 17:30:00,1018.4499999999999
2026-02-15 17:40:00,1018.5
2026-02-15 17:50:00,1018.55
2026-02-15 18:00:00,1018.67
2026-02-15 18:10:00,1018.78
2026-02-15 18:20:00,1018.9499999999999
2026-02-15 18:30:00,1019.0799999999999
2026-02-15 18:40:00,1019.25
2026-02-15 18:50:00,1019.36
2026-02-15 19:00:00,1019.47
2026-02-15 19:10:00,1019.61
2026-02-15 19:20:00,1019.67
2026-02-15 19:30:00,1019.81
2026-02-15 19:40:00,1019.97
2026-02-15 19:50:00,1020.1
2026-02-15 20:00:00,1020.18
2026-02-15 20:10:00,1020.3199999999999
2026-02-15 20:20:00,1020.41
2026-02-15 20:30:00,1020.52
2026-02-15 20:40:00,1020.6
2026-02-15 20:50:00,1020.64
2026-02-15 21:00:00,1020.68
2026-02-15 21:10:00,1020.6899999999999
2026-02-15 21:20:00,1020.72
2026-02-15 21:30:00,1020.68
2026-02-15 21:40:00,1020.7099999999999
2026-02-15 21:50:00,1020.61
2026-02-15 22:00:00,1020.67
2026-02-15 22:10:00,1020.72
2026-02-15 22:20:00,1020.79
2026-02-15 22:30:00,1020.8299999999999
2026-02-15 22:40:00,1020.65
2026-02-15 22:50:00,1020.67
2026-02-15 23:00:00,1020.63
2026-02-15 23:10:00,1020.48
2026-02-15 23:20:00,1020.41
2026-02-15 23:30:00,1020.3199999999999
2026-02-15 23:40:00,1020.3299999999999
2026-02-15 23:50:00,1020.1999999999999
2026-02-16 00:00:00,1020.125
2026-02-16 00:10:00,1019.97
2026-02-16 00:20:00,1019.89
2026-02-16 00:30:00,1019.77
2026-02-16 00:40:00,1019.59
2026-02-16 00:50:00,1019.41
2026-02-16 01:00:00,1019.31
2026-02-16 01:10:00,1019.22
2026-02-16 01:20:00,1019.13
2026-02-16 01:30:00,1018.9499999999999
2026-02-16 01:40:00,1018.99
2026-02-16 01:50:00,1018.97
2026-02-16 02:00:00,1018.98
2026-02-16 02:10:00,1018.99
2026-02-16 02:20:00,1018.91
2026-02-16 02:30:00,1018.78
2026-02-16 02:40:00,1018.72
2026-02-16 02:50:00,1018.8
2026-02-16 03:00:00,1018.9599999999999
2026-02-16 03:10:00,1019.16
2026-02-16 03:20:00,1019.1975
2026-02-16 03:30:00,1019.14
2026-02-16 03:40:00,1019.09
2026-02-16 03:50:00,1019.11
2026-02-16 04:00:00,1019.16
2026-02-16 04:10:00,1019.26
2026-02-16 04:20:00,1019.26
2026-02-16 04:30:00,1019.34
2026-02-16 04:40:00,1019.61
2026-02-16 04:50:00,1019.56
2026-02-16 05:00:00,1019.54
2026-02-16 05:10:00,1019.64
2026-02-16 05:20:00,1019.76
2026-02-16 05:30:00,1019.89
2026-02-16 05:40:00,1020.06
2026-02-16 05:50:00,1020.1999999999999
2026-02-16 06:00:00,1020.28
2026-02-16 06:10:00,1020.35
2026-02-16 06:20:00,1020.55
2026-02-16 06:30:00,1020.56
2026-02-16 06:40:00,1020.5799999999999
2026-02-16 06:50:00,1020.4599999999999
2026-02-16 07:00:00,1020.51
2026-02-16 07:10:00,1020.81
2026-02-16 07:20:00,1021.03
2026-02-16 07:30:00,1021.16
2026-02-16 07:40:00,1021.31
2026-02-16 07:50:00,1021.41
2026-02-16 08:00:00,1021.48
2026-02-16 08:10:00,1021.62
2026-02-16 08:20:00,1021.68
2026-02-16 08:30:00,1021.73
2026-02-16 08:40:00,1021.8199999999999
2026-02-16 08:50:00,1021.85
2026-02-16 09:00:00,1021.8299999999999
2026-02-16 09:10:00,1021.88
2026-02-16 09:20:00,1021.92
2026-02-16 09:30:00,1021.93
2026-02-16 09:40:00,1021.8
2026-02-16 09:50:00,1021.8
2026-02-16 10:00:00,1021.67
2026-02-16 10:10:00,1021.59
2026-02-16 10:20:00,1021.5
2026-02-16 10:30:00,1021.49
2026-02-16 10:40:00,1021.38
2026-02-16 10:50:00,1021.31
2026-02-16 11:00:00,1021.17
2026-02-16 11:10:00,1020.9599999999999
2026-02-16 11:20:00,1020.9
2026-02-16 11:30:00,1020.78
2026-02-16 11:40:00,1020.63
2026-02-16 11:50:00,1020.63
2026-02-16 12:00:00,1020.4599999999999
2026-02-16 12:10:00,1020.41
2026-02-16 12:20:00,1020.1999999999999
2026-02-16 12:30:00,1020.03
2026-02-16 12:40:00,1019.87
2026-02-16 12:50:00,1019.75
2026-02-16 13:00:00,1019.52
2026-02-16 13:10:00,1019.4499999999999
2026-02-16 13:20:00,1019.29
2026-02-16 13:30:00,1019.18
2026-02-16 13:40:00,1019.18
2026-02-16 13:50:00,1019.17
2026-02-16 14:00:00,1019.0799999999999
2026-02-16 14:10:00,1018.87
2026-02-16 14:20:00,1018.81
2026-02-16 14:30:00,1018.6999999999999
2026-02-16 14:40:00,1018.6899999999999
2026-02-16 14:50:00,1018.67
2026-02-16 15:00:00,1018.61
2026-02-16 15:10:00,1018.54
2026-02-16 15:20:00,1018.34
2026-02-16 15:30:00,1018.27
2026-02-16 15:40:00,1018.1999999999999
2026-02-16 15:50:00,1018.28
2026-02-16 16:00:00,1018.26
2026-02-16 16:10:00,1018.26
2026-02-16 16:20:00,1018.34
2026-02-16 16:30:00,1018.42
2026-02-16 16:40:00,1018.42
2026-02-16 16:50:00,1018.51
2026-02-16 17:00:00,1018.66
2026-02-16 17:10:00,1018.78
2026-02-16 17:20:00,1018.9
2026-02-16 17:30:00,1018.87
2026-02-16 17:40:00,1018.93
2026-02-16 17:50:00,1018.89
2026-02-16 18:00:00,1018.9499999999999
2026-02-16 18:10:00,1019.05
2026-02-16 18:20:00,1019.1
2026-02-16 18:30:00,1019.3
2026-02-16 18:40:00,1019.41
2026-02-16 19:00:00,1019.585
2026-02-16 19:10:00,1019.64
2026-02-16 19:20:00,1019.75125
2026-02-16 19:30:00,1019.8242857142857
2026-02-16 19:40:00,1019.9499999999999
2026-02-16 19:50:00,1020.13
2026-02-16 20:00:00,1020.35
2026-02-16 20:10:00,1020.43
2026-02-16 20:20:00,1020.53
2026-02-16 20:30:00,1020.52
2026-02-16 20:40:00,1020.6957142857143
2026-02-16 20:50:00,1020.5699999999999
2026-02-16 21:00:00,1020.6999999999999
2026-02-16 21:10:00,1020.8
2026-02-16 21:20:00,1020.86
2026-02-16 21:30:00,1021.02
2026-02-16 21:40:00,1021.0699999999999
2026-02-16 21:50:00,1021.1949999999999
2026-02-16 22:00:00,1021.1866666666666
2026-02-16 22:10:00,1021.18
2026-02-16 22:20:00,1021.1899999999999
2026-02-16 22:30:00,1021.26
2026-02-16 22:40:00,1021.34
2026-02-16 22:50:00,1021.27
2026-02-16 23:00:00,1021.3
2026-02-16 23:10:00,1021.26
2026-02-16 23:20:00,1021.11
2026-02-16 23:30:00,1020.97
2026-02-16 23:40:00,1020.81
2026-02-16 23:50:00,1020.79
2026-02-17 00:00:00,1020.7449999999999
2026-02-17 00:10:00,1020.575
2026-02-17 00:20:00,1020.52
2026-02-17 00:30:00,1020.43
2026-02-17 00:40:00,1020.3
2026-02-17 00:50:00,1020.25
2026-02-17 01:00:00,1020.2099999999999
2026-02-17 01:10:00,1020.1
2026-02-17 01:20:00,1019.9399999999999
2026-02-17 01:30:00,1019.8199999999999
2026-02-17 01:40:00,1019.73
2026-02-17 01:50:00,1019.85
2026-02-17 02:00:00,1019.79
2026-02-17 02:10:00,1019.74
2026-02-17 02:20:00,1019.74
2026-02-17 02:30:00,1019.77
2026-02-17 02:40:00,1019.8
2026-02-17 02:50:00,1019.75
2026-02-17 03:00:00,1019.81
2026-02-17 03:10:00,1019.76
2026-02-17 03:20:00,1019.77
2026-02-17 03:30:00,1019.6999999999999
2026-02-17 03:40:00,1019.73
2026-02-17 03:50:00,1019.87
2026-02-17 04:00:00,1019.93
2026-02-17 04:10:00,1019.97
2026-02-17 04:20:00,1020.0799999999999
2026-02-17 04:30:00,1020.18
2026-02-17 04:40:00,1020.1999999999999
2026-02-17 04:50:00,1020.37
2026-02-17 05:00:00,1020.52
2026-02-17 05:10:00,1020.49
2026-02-17 05:20:00,1020.53
2026-02-17 05:30:00,1020.5699999999999
2026-02-17 05:40:00,1020.65
2026-02-17 05:50:00,1020.78
2026-02-17 06:00:00,1020.89
2026-02-17 06:10:00,1021.01
2026-02-17 06:20:00,1021.16
2026-02-17 06:30:00,1021.22
2026-02-17 06:40:00,1021.35
2026-02-17 06:50:00,1021.54
2026-02-17 07:00:00,1021.64
2026-02-17 07:10:00,1021.85
2026-02-17 07:20:00,1021.9499999999999
2026-02-17 07:30:00,1022.09
2026-02-17 07:40:00,1022.3
2026-02-17 07:50:00,1022.28
2026-02-17 08:00:00,1022.3299999999999
2026-02-17 08:10:00,1022.4
2026-02-17 08:20:00,1022.56
2026-02-17 08:30:00,1022.7099999999999
2026-02-17 08:40:00,1022.81
2026-02-17 08:50:00,1022.73
2026-02-17 09:00:00,1022.6999999999999
2026-02-17 09:10:00,1022.78
2026-02-17 09:20:00,1022.84
2026-02-17 09:30:00,1022.8
2026-02-17 09:40:00,1022.76
2026-02-17 09:50:00,1022.87
2026-02-17 10:00:00,1022.87
2026-02-17 10:10:00,1022.81
2026-02-17 10:20:00,1022.5699999999999
2026-02-17 10:30:00,1022.37
2026-02-17 10:40:00,1022.25
2026-02-17 10:50:00,1022.06
2026-02-17 11:00:00,1021.9599999999999
2026-02-17 11:10:00,1021.86
2026-02-17 11:20:00,1021.63
2026-02-17 11:30:00,1021.42
2026-02-17 11:40:00,1021.3
2026-02-17 11:50:00,1021.02
2026-02-17 12:00:00,1020.9599999999999
2026-02-17 12:10:00,1020.9
2026-02-17 16:30:00,1018.93
2026-02-17 16:40:00,1019.05
2026-02-17 16:50:00,1019.01
2026-02-17 17:00:00,1019.1
2026-02-17 17:10:00,1019.18
2026-02-17 17:20:00,1019.27
2026-02-17 17:30:00,1019.37
2026-02-17 17:40:00,1019.43
2026-02-17 17:50:00,1019.61
2026-02-17 18:00:00,1019.68
2026-02-17 18:10:00,1019.88
2026-02-17 18:20:00,1020.02
2026-02-17 18:30:00,1020.1
2026-02-17 18:40:00,1020.25
2026-02-17 18:50:00,1020.36
2026-02-17 19:00:00,1020.4
2026-02-17 19:10:00,1020.42
2026-02-17 19:20:00,1020.6
2026-02-17 19:30:00,1020.67
2026-02-17 19:40:00,1020.74
2026-02-17 19:50:00,1020.85
2026-02-17 20:00:00,1020.93
2026-02-17 20:10:00,1021.0699999999999
2026-02-17 20:20:00,1021.14
2026-02-17 20:30:00,1021.25
2026-02-17 20:40:00,1021.43
2026-02-17 20:50:00,1021.52
2026-02-17 21:00:00,1021.67
2026-02-17 21:10:00,1021.67
2026-02-17 21:20:00,1021.6899999999999
2026-02-17 21:30:00,1021.77
2026-02-17 21:40:00,1021.77
2026-02-17 21:50:00,1021.8199999999999
2026-02-17 22:00:00,1021.91
2026-02-17 22:10:00,1021.97
2026-02-17 22:20:00,1022.04
2026-02-17 22:30:00,1021.9
2026-02-17 22:40:00,1021.99
2026-02-17 22:50:00,1021.89
2026-02-17 23:00:00,1021.8299999999999
2026-02-17 23:10:00,1021.6999999999999
2026-02-17 23:20:00,1021.6899999999999
2026-02-17 23:30:00,1021.62
2026-02-17 23:40:00,1021.4499999999999
2026-02-17 23:50:00,1021.43
2026-02-18 00:00:00,1021.3199999999999
2026-02-18 00:10:00,1021.3
2026-02-18 00:20:00,1021.0799999999999
2026-02-18 00:30:00,1020.9599999999999
2026-02-18 00:40:00,1020.92
2026-02-18 00:50:00,1020.85
2026-02-18 01:00:00,1020.76
2026-02-18 01:10:00,1020.66
2026-02-18 01:20:00,1020.52
2026-02-18 01:30:00,1020.4599999999999
2026-02-18 01:40:00,1020.4599999999999
2026-02-18 01:50:00,1020.31
2026-02-18 02:00:00,1020.24
2026-02-18 02:10:00,1020.1999999999999
2026-02-18 02:20:00,1020.17
2026-02-18 02:30:00,1020.15
2026-02-18 02:40:00,1020.13
2026-02-18 02:50:00,1020.18
2026-02-18 03:00:00,1020.27
2026-02-18 03:10:00,1020.13
2026-02-18 03:20:00,1020.16
2026-02-18 03:30:00,1020.12
2026-02-18 03:40:00,1020.15
2026-02-18 03:50:00,1020.02
2026-02-18 04:00:00,1019.9599999999999
2026-02-18 04:10:00,1020.0699999999999
2026-02-18 04:20:00,1020.06
2026-02-18 04:30:00,1020.13
2026-02-18 04:40:00,1020.1899999999999
2026-02-18 04:50:00,1020.23
2026-02-18 05:00:00,1020.3299999999999
2026-02-18 05:10:00,1020.36
2026-02-18 05:20:00,1020.47
2026-02-18 05:30:00,1020.59
2026-02-18 05:40:00,1020.54
2026-02-18 05:50:00,1020.7099999999999
2026-02-18 06:00:00,1020.6999999999999
2026-02-18 06:10:00,1020.8299999999999
2026-02-18 06:20:00,1021.02
2026-02-18 06:30:00,1021.22
2026-02-18 06:40:00,1021.36
2026-02-18 06:50:00,1021.52
2026-02-18 07:00:00,1021.72
2026-02-18 07:10:00,1021.8199999999999
2026-02-18 07:20:00,1021.93
2026-02-18 07:30:00,1021.84
2026-02-18 07:40:00,1021.9499999999999
2026-02-18 07:50:00,1022.0799999999999
2026-02-18 08:00:00,1022.26
2026-02-18 08:10:00,1022.26
2026-02-18 08:20:00,1022.34
2026-02-18 08:30:00,1022.31
2026-02-18 08:40:00,1022.41
2026-02-18 08:50:00,1022.47
2026-02-18 09:00:00,1022.48
2026-02-18 09:10:00,1022.48
2026-02-18 09:20:00,1022.35
2026-02-18 09:30:00,1022.24
2026-02-18 09:40:00,1022.27
2026-02-18 09:50:00,1022.12
2026-02-18 10:00:00,1022.13
2026-02-18 10:10:00,1021.9499999999999
2026-02-18 10:20:00,1021.92
2026-02-18 10:30:00,1021.73
2026-02-18 10:40:00,1021.67
2026-02-18 10:50:00,1021.4499999999999
2026-02-18 11:00:00,1021.29
2026-02-18 11:10:00,1021.24
2026-02-18 11:20:00,1021.0799999999999
2026-02-18 11:30:00,1020.98
2026-02-18 11:40:00,1020.76
2026-02-18 11:50:00,1020.5799999999999
2026-02-18 12:00:00,1020.41
2026-02-18 12:10:00,1020.34
2026-02-18 12:20:00,1020.17
2026-02-18 12:30:00,1019.9499999999999
2026-02-18 12:40:00,1019.85
2026-02-18 12:50:00,1019.61
2026-02-18 13:00:00,1019.53
2026-02-18 13:10:00,1019.27
2026-02-18 13:20:00,1019.0699999999999
2026-02-18 13:30:00,1018.9599999999999
2026-02-18 13:40:00,1018.8199999999999
2026-02-18 13:50:00,1018.74
2026-02-18 14:00:00,1018.6999999999999
2026-02-18 14:10:00,1018.56
2026-02-18 14:20:00,1018.41
2026-02-18 14:30:00,1018.3199999999999
2026-02-18 14:40:00,1018.29
2026-02-18 14:50:00,1018.34
2026-02-18 15:00:00,1018.22
2026-02-18 15:10:00,1018.04
2026-02-18 15:20:00,1018.02
2026-02-18 15:30:00,1017.9
2026-02-18 15:40:00,1017.9
2026-02-18 15:50:00,1017.88
2026-02-18 16:00:00,1017.93
2026-02-18 16:10:00,1017.88
2026-02-18 16:20:00,1018.06
2026-02-18 16:30:00,1018.14
2026-02-18 16:40:00,1018.04
2026-02-18 16:50:00,1017.91
2026-02-18 17:00:00,1018
2026-02-18 17:10:00,1018.0699999999999
2026-02-18 17:20:00,1018.06
2026-02-18 17:30:00,1018.14
2026-02-18 17:40:00,1018.15
2026-02-18 17:50:00,1018.05
2026-02-18 18:00:00,1018.0699999999999
2026-02-18 18:10:00,1018.06
2026-02-18 18:20:00,1018.15
2026-02-18 18:30:00,1018.31
2026-02-18 18:40:00,1018.42
2026-02-18 18:50:00,1018.6
2026-02-18 19:00:00,1018.66
2026-02-18 19:10:00,1018.77
2026-02-18 19:20:00,1018.92
2026-02-18 19:30:00,1018.88
2026-02-18 19:40:00,1019.0699999999999
2026-02-18 19:50:00,1019.09
2026-02-18 20:00:00,1019.28
2026-02-18 20:10:00,1019.35
2026-02-18 20:20:00,1019.5699999999999
2026-02-18 20:30:00,1019.5899999999999
2026-02-18 20:40:00,1019.54
2026-02-18 20:50:00,1019.66
2026-02-18 21:00:00,1019.64875
2026-02-18 21:10:00,1019.65
2026-02-18 21:20:00,1019.8133333333334
2026-02-18 21:30:00,1019.8414285714287
2026-02-18 21:40:00,1019.9672727272726
2026-02-18 21:50:00,1019.9224999999999
2026-02-18 22:00:00,1019.7449999999999
2026-02-18 22:10:00,1019.9399999999999
2026-02-18 22:20:00,1019.9039999999999
2026-02-18 22:30:00,1019.9133333333333
2026-02-18 22:40:00,1020.1519999999998
2026-02-18 22:50:00,1020.10125
2026-02-18 23:00:00,1020.1822222222222
2026-02-18 23:10:00,1020.0377777777776
2026-02-18 23:20:00,1019.8825
2026-02-18 23:30:00,1019.66
2026-02-18 23:40:00,1019.55
2026-02-18 23:50:00,1019.4599999999999
2026-02-19 00:00:00,1019.3199999999999
2026-02-19 00:10:00,1019.35
2026-02-19 00:20:00,1019.27
2026-02-19 00:30:00,1019.1
2026-02-19 00:40:00,1018.8575000000001
2026-02-19 00:50:00,1018.755
2026-02-19 01:00:00,1018.675
2026-02-19 01:10:00,1018.49
2026-02-19 01:20:00,1018.36
2026-02-19 01:30:00,1018.25
2026-02-19 01:40:00,1018.1999999999999
2026-02-19 01:50:00,1017.9599999999999
2026-02-19 02:00:00,1017.76
2026-02-19 02:10:00,1017.5799999999999
2026-02-19 02:20:00,1017.43
2026-02-19 02:30:00,1017.26
2026-02-19 02:40:00,1017.15
2026-02-19 02:50:00,1017.11
2026-02-19 03:00:00,1017.31
2026-02-19 03:10:00,1017.51
2026-02-19 03:20:00,1017.4316666666667
2026-02-19 03:30:00,1017.42
2026-02-19 03:40:00,1017.49
2026-02-19 03:50:00,1017.62
2026-02-19 04:00:00,1017.63
2026-02-19 04:10:00,1017.76
2026-02-19 04:20:00,1017.825
2026-02-19 04:30:00,1017.9
2026-02-19 04:40:00,1018.05
2026-02-19 04:50:00,1018.02
2026-02-19 05:00:00,1018.2275
2026-02-19 05:10:00,1018.342
2026-02-19 05:20:00,1018.395
2026-02-19 05:30:00,1018.48
2026-02-19 05:40:00,1018.77
2026-02-19 05:50:00,1018.84
2026-02-19 06:00:00,1018.91
2026-02-19 06:10:00,1018.9549999999999
2026-02-19 06:20:00,1019.02
2026-02-19 06:30:00,1019.12
2026-02-19 06:40:00,1019.28
2026-02-19 06:50:00,1019.35
2026-02-19 07:00:00,1019.41
2026-02-19 07:10:00,1019.62
2026-02-19 07:20:00,1019.75
2026-02-19 07:30:00,1019.86
2026-02-19 07:40:00,1019.87
2026-02-19 07:50:00,1020.03
2026-02-19 08:00:00,1020.12
2026-02-19 08:10:00,1020.1999999999999
2026-02-19 08:20:00,1020.27
2026-02-19 08:30:00,1020.51
2026-02-19 08:40:00,1020.7399999999999
2026-02-19 08:50:00,1020.97
2026-02-19 09:00:00,1021.12
2026-02-19 09:10:00,1021.115
2026-02-19 09:20:00,1021.2049999999999
2026-02-19 09:30:00,1021.1342857142856
2026-02-19 09:40:00,1021.03
2026-02-19 09:50:00,1021.1066666666667
2026-02-19 10:00:00,1021.0833333333334
2026-02-19 10:10:00,1020.9399999999999
2026-02-19 10:20:00,1020.8199999999999
2026-02-19 10:30:00,1020.6999999999999
2026-02-19 10:40:00,1020.6
2026-02-19 10:50:00,1020.47
2026-02-19 11:00:00,1020.26
2026-02-19 11:10:00,1020.16
2026-02-19 11:20:00,1020
2026-02-19 11:30:00,1019.89
2026-02-19 11:40:00,1019.8199999999999
2026-02-19 11:50:00,1019.7800000000001
2026-02-19 12:00:00,1019.68
2026-02-19 12:10:00,1019.49
2026-02-19 12:20:00,1019.3199999999999
2026-02-19 12:30:00,1019.1899999999999
2026-02-19 12:40:00,1019
2026-02-19 12:50:00,1018.88
2026-02-19 13:00:00,1018.9
2026-02-19 13:10:00,1018.56
2026-02-19 13:20:00,1018.34
2026-02-19 13:30:00,1018.14
2026-02-19 13:40:00,1017.91
2026-02-19 13:50:00,1017.72
2026-02-19 14:00:00,1017.6
2026-02-19 14:10:00,1017.4599999999999
2026-02-19 14:20:00,1017.34
2026-02-19 14:30:00,1017.3199999999999
2026-02-19 14:40:00,1017.27
2026-02-19 14:50:00,1017.42
2026-02-19 15:00:00,1017.51
2026-02-19 15:10:00,1017.6
2026-02-19 15:20:00,1017.635
2026-02-19 15:30:00,1017.56
2026-02-19 15:40:00,1017.4599999999999
2026-02-19 15:50:00,1017.28
2026-02-19 16:00:00,1017.17
2026-02-19 16:10:00,1017.1899999999999
2026-02-19 16:30:00,1017.23
2026-02-19 16:40:00,1017.16
2026-02-19 16:50:00,1017.09
2026-02-19 17:00:00,1017.22
2026-02-19 17:10:00,1017.3
2026-02-19 17:20:00,1017.3299999999999
2026-02-19 17:30:00,1017.4599999999999
2026-02-19 17:40:00,1017.35
2026-02-19 17:50:00,1017.4
2026-02-19 18:00:00,1017.48
2026-02-19 18:10:00,1017.53
2026-02-19 18:20:00,1017.66
2026-02-19 18:30:00,1017.86
2026-02-19 18:40:00,1017.9399999999999
2026-02-19 18:50:00,1018.3299999999999
2026-02-19 19:00:00,1018.7950000000001
2026-02-19 19:10:00,1018.9599999999999
2026-02-19 19:20:00,1019.01
2026-02-19 19:30:00,1019.1899999999999
2026-02-19 19:40:00,1019.2099999999999
2026-02-19 19:50:00,1019.26
2026-02-19 20:00:00,1019.47
2026-02-19 20:10:00,1019.5
2026-02-19 20:20:00,1019.49
2026-02-19 20:30:00,1019.61
2026-02-19 20:40:00,1019.4399999999999
2026-02-19 20:50:00,1019.31
2026-02-19 21:00:00,1019.3
2026-02-19 21:10:00,1019.25
2026-02-19 21:20:00,1019.18
2026-02-19 21:30:00,1019.15
2026-02-19 21:40:00,1019.05
2026-02-19 21:50:00,1018.87
2026-02-19 22:00:00,1018.6999999999999
2026-02-19 22:10:00,1018.6899999999999
2026-02-19 22:20:00,1018.52
2026-02-19 22:30:00,1018.4
2026-02-19 22:40:00,1018.4499999999999
2026-02-19 22:50:00,1018.31
2026-02-19 23:00:00,1018.27
2026-02-19 23:10:00,1018.27
2026-02-19 23:20:00,1018.06
2026-02-19 23:30:00,1018.0799999999999
2026-02-19 23:40:00,1017.9399999999999
2026-02-19 23:50:00,1017.8299999999999
2026-02-20 00:00:00,1017.61
2026-02-20 00:10:00,1017.4399999999999
2026-02-20 00:20:00,1017.3199999999999
2026-02-20 00:30:00,1017.11
2026-02-20 00:40:00,1016.93
2026-02-20 00:50:00,1016.92
2026-02-20 01:00:00,1016.68
2026-02-20 01:10:00,1016.5699999999999
2026-02-20 01:20:00,1016.4499999999999
2026-02-20 01:30:00,1016.36
2026-02-20 01:40:00,1016.34
2026-02-20 01:50:00,1016.38
2026-02-20 02:00:00,1016.3299999999999
2026-02-20 02:10:00,1016.11
2026-02-20 02:20:00,1016.05
2026-02-20 02:30:00,1016.06
2026-02-20 02:40:00,1015.98
2026-02-20 02:50:00,1015.99
2026-02-20 03:00:00,1016.05
2026-02-20 03:10:00,1016.02
2026-02-20 03:20:00,1016.13
2026-02-20 03:30:00,1016.22
2026-02-20 03:40:00,1016.23
2026-02-20 03:50:00,1016.25
2026-02-20 04:00:00,1016.29
2026-02-20 04:10:00,1016.335
2026-02-20 04:20:00,1016.28
2026-02-20 04:30:00,1016.28
2026-02-20 04:40:00,1016.3199999999999
2026-02-20 04:50:00,1016.41
2026-02-20 05:00:00,1016.4399999999999
2026-02-20 05:10:00,1016.59
2026-02-20 05:20:00,1016.66
2026-02-20 05:30:00,1016.7099999999999
2026-02-20 05:40:00,1016.85
2026-02-20 05:50:00,1016.935
2026-02-20 06:00:00,1017.0699999999999
2026-02-20 06:10:00,1017.09
2026-02-20 06:20:00,1017.22
2026-02-20 06:30:00,1017.29
2026-02-20 06:40:00,1017.37
2026-02-20 06:50:00,1017.43
2026-02-20 07:00:00,1017.48
2026-02-20 07:10:00,1017.62
2026-02-20 07:20:00,1017.63
2026-02-20 07:30:00,1017.74
2026-02-20 07:40:00,1017.74
2026-02-20 07:50:00,1017.88
2026-02-20 08:00:00,1018.1
2026-02-20 08:10:00,1018.29
2026-02-20 08:20:00,1018.37
2026-02-20 08:30:00,1018.5799999999999
2026-02-20 08:40:00,1018.6
2026-02-20 08:50:00,1018.64
2026-02-20 09:00:00,1018.81
2026-02-20 09:10:00,1018.8199999999999
2026-02-20 09:20:00,1018.8299999999999
2026-02-20 09:30:00,1018.8199999999999
2026-02-20 09:40:00,1018.81
2026-02-20 09:50:00,1018.8299999999999
2026-02-20 10:00:00,1018.74
2026-02-20 10:10:00,1018.6999999999999
2026-02-20 10:20:00,1018.6
2026-02-20 10:30:00,1018.7049999999999
2026-02-20 10:40:00,1018.615
2026-02-20 10:50:00,1018.43
2026-02-20 11:00:00,1018.23
2026-02-20 11:10:00,1018.1999999999999
2026-02-20 11:20:00,1018.01
2026-02-20 11:30:00,1018.01
2026-02-20 11:40:00,1017.9633333333335
2026-02-20 11:50:00,1017.8611111111111
2026-02-20 12:00:00,1017.6357142857141
2026-02-20 12:10:00,1017.5525
2026-02-20 12:20:00,1017.4639999999999
2026-02-20 12:30:00,1017.125
2026-02-20 12:40:00,1017.0699999999999
2026-02-20 12:50:00,1017.06
2026-02-20 13:00:00,1016.88
2026-02-20 13:10:00,1016.65
2026-02-20 13:20:00,1016.6
2026-02-20 13:30:00,1016.5699999999999
2026-02-20 13:40:00,1016.4499999999999
2026-02-20 13:50:00,1016.2837499999999
2026-02-20 14:00:00,1016.0799999999999
2026-02-20 14:10:00,1016.1
2026-02-20 14:20:00,1016.0866666666667
2026-02-20 14:30:00,1015.875
2026-02-20 14:40:00,1015.77
2026-02-20 14:50:00,1015.685
2026-02-20 15:00:00,1015.68
2026-02-20 15:10:00,1015.61
2026-02-20 15:20:00,1015.63
2026-02-20 15:30:00,1015.76
2026-02-20 15:40:00,1015.854
2026-02-20 15:50:00,1015.8199999999999
2026-02-20 16:00:00,1015.89
2026-02-20 16:10:00,1016.05
2026-02-20 16:20:00,1016.1
2026-02-20 16:30:00,1016.0450000000001
2026-02-20 16:40:00,1016
2026-02-20 16:50:00,1016.05
2026-02-20 17:00:00,1016.0699999999999
2026-02-20 17:10:00,1016.13
2026-02-20 17:20:00,1016.01
2026-02-20 17:30:00,1016.13
2026-02-20 17:40:00,1016.3
2026-02-20 17:50:00,1016.5699999999999
2026-02-20 18:00:00,1016.5600000000001
2026-02-20 18:10:00,1016.4699999999999
2026-02-20 18:20:00,1016.78
2026-02-20 18:30:00,1016.8499999999999
2026-02-20 18:40:00,1016.87
2026-02-20 18:50:00,1017.0649999999999
2026-02-20 19:00:00,1017.4
2026-02-20 19:10:00,1017.5474999999999
2026-02-20 19:20:00,1017.7
2026-02-20 19:30:00,1017.7566666666667
2026-02-20 19:40:00,1017.808
2026-02-20 19:50:00,1018.04
2026-02-20 20:00:00,1018.17
2026-02-20 20:10:00,1018.266
2026-02-20 20:20:00,1018.4575
2026-02-20 20:30:00,1018.5933333333332
2026-02-20 20:40:00,1018.6316666666667
2026-02-20 20:50:00,1018.6133333333333
2026-02-20 21:00:00,1018.6
2026-02-20 21:10:00,1018.76
2026-02-20 21:20:00,1018.8199999999999
2026-02-20 21:30:00,1018.79
2026-02-20 21:40:00,1018.73
2026-02-20 21:50:00,1018.86
2026-02-20 22:00:00,1018.77
2026-02-20 22:10:00,1018.84
2026-02-20 22:20:00,1018.8299999999999
2026-02-20 22:30:00,1018.79
2026-02-20 22:40:00,1018.75
2026-02-20 22:50:00,1018.68
2026-02-20 23:00:00,1018.655
2026-02-20 23:10:00,1018.545
2026-02-20 23:20:00,1018.48
2026-02-20 23:30:00,1018.3299999999999
2026-02-20 23:40:00,1018.2099999999999
2026-02-20 23:50:00,1018.14
2026-02-21 00:00:00,1017.93
2026-02-21 00:10:00,1017.81
2026-02-21 00:20:00,1017.66
2026-02-21 00:30:00,1017.54
2026-02-21 00:40:00,1017.36
2026-02-21 00:50:00,1017.25
2026-02-21 01:00:00,1017.16
2026-02-21 01:10:00,1017.1
2026-02-21 01:20:00,1017.04
2026-02-21 01:30:00,1016.9599999999999
2026-02-21 01:40:00,1016.9399999999999
2026-02-21 01:50:00,1016.9599999999999
2026-02-21 02:00:00,1016.92
2026-02-21 02:10:00,1016.8299999999999
2026-02-21 02:20:00,1016.84
2026-02-21 02:30:00,1016.81
2026-02-21 02:40:00,1016.79
2026-02-21 02:50:00,1016.85
2026-02-21 03:00:00,1016.84
2026-02-21 03:10:00,1016.6999999999999
2026-02-21 03:20:00,1016.8199999999999
2026-02-21 03:30:00,1016.9599999999999
2026-02-21 03:40:00,1016.81
2026-02-21 03:50:00,1016.91
2026-02-21 04:00:00,1016.84
2026-02-21 04:10:00,1016.8299999999999
2026-02-21 04:20:00,1016.8199999999999
2026-02-21 04:30:00,1016.8299999999999
2026-02-21 04:40:00,1016.81
2026-02-21 04:50:00,1016.9
2026-02-21 05:00:00,1017.02
2026-02-21 05:10:00,1017.1
2026-02-21 05:20:00,1017.14
2026-02-21 05:30:00,1017.02
2026-02-21 05:40:00,1017.0799999999999
2026-02-21 05:50:00,1017.35
2026-02-21 06:00:00,1017.39
2026-02-21 06:10:00,1017.53
2026-02-21 06:20:00,1017.54
2026-02-21 06:30:00,1017.6
2026-02-21 06:40:00,1017.78
2026-02-21 06:50:00,1018
2026-02-21 07:00:00,1018.16
2026-02-21 07:10:00,1018.17
2026-02-21 07:20:00,1018.28
2026-02-21 07:30:00,1018.4599999999999
2026-02-21 07:40:00,1018.53
2026-02-21 07:50:00,1018.74
2026-02-21 08:00:00,1018.88
2026-02-21 08:10:00,1019.025
2026-02-21 08:20:00,1019.18
2026-02-21 08:30:00,1019.3199999999999
2026-02-21 08:40:00,1019.4649999999999
2026-02-21 08:50:00,1019.5899999999999
2026-02-21 09:00:00,1019.7599999999999
2026-02-21 09:10:00,1019.87
2026-02-21 09:20:00,1019.98
2026-02-21 09:30:00,1019.9649999999999
2026-02-21 09:40:00,1019.9675
2026-02-21 09:50:00,1019.9
2026-02-21 10:00:00,1019.89
2026-02-21 10:10:00,1019.93
2026-02-21 10:20:00,1019.85
2026-02-21 10:30:00,1019.8
2026-02-21 10:40:00,1019.63
2026-02-21 10:50:00,1019.56
2026-02-21 11:00:00,1019.56
2026-02-21 11:10:00,1019.39
2026-02-21 11:20:00,1019.23
2026-02-21 11:30:00,1019.22
2026-02-21 11:40:00,1019.11
2026-02-21 11:50:00,1019.0699999999999
2026-02-21 12:00:00,1018.9
2026-02-21 12:10:00,1018.8
2026-02-21 12:20:00,1018.67
2026-02-21 12:30:00,1018.52
2026-02-21 12:40:00,1018.38
2026-02-21 12:50:00,1018.13
2026-02-21 13:00:00,1017.81
2026-02-21 13:10:00,1017.78
2026-02-21 13:20:00,1017.555
2026-02-21 13:30:00,1017.375
2026-02-21 13:40:00,1017.2099999999999
2026-02-21 13:50:00,1017.0699999999999
2026-02-21 14:00:00,1016.92
2026-02-21 14:10:00,1016.75
2026-02-21 14:20:00,1016.5899999999999
2026-02-21 14:30:00,1016.5
2026-02-21 14:40:00,1016.5449999999998
2026-02-21 14:50:00,1016.4346428571428
2026-02-21 15:00:00,1016.3287499999999
2026-02-21 15:10:00,1016.36
2026-02-21 15:20:00,1016.41
2026-02-21 15:30:00,1016.5699999999999
2026-02-21 15:40:00,1016.5525
2026-02-21 15:50:00,1016.53
2026-02-21 16:00:00,1016.53
2026-02-21 16:10:00,1016.52
2026-02-21 16:20:00,1016.56
2026-02-21 16:30:00,1016.56
2026-02-21 16:40:00,1016.6
2026-02-21 16:50:00,1016.93
2026-02-21 17:00:00,1017.06
2026-02-21 17:10:00,1017.04
2026-02-21 17:20:00,1017.23
2026-02-21 17:30:00,1017.2099999999999
2026-02-21 17:40:00,1017.39
2026-02-21 17:50:00,1017.64
2026-02-21 18:00:00,1017.6899999999999
2026-02-21 18:40:00,1018.405
2026-02-21 18:50:00,1018.54
2026-02-21 19:00:00,1018.6899999999999
2026-02-21 19:10:00,1018.76
2026-02-21 19:20:00,1018.68
2026-02-21 19:30:00,1019.02
2026-02-21 19:40:00,1018.9399999999999
2026-02-21 19:50:00,1019.11
2026-02-21 20:00:00,1019.2099999999999
2026-02-21 20:10:00,1019.4
2026-02-21 20:20:00,1019.55
2026-02-21 20:30:00,1019.6899999999999
2026-02-21 20:40:00,1019.76
2026-02-21 20:50:00,1019.85
2026-02-21 21:00:00,1019.84
2026-02-21 21:10:00,1019.78
2026-02-21 21:20:00,1019.78
2026-02-21 21:30:00,1019.73
2026-02-21 21:40:00,1019.79
2026-02-21 21:50:00,1019.8299999999999
2026-02-21 22:00:00,1019.99
2026-02-21 22:10:00,1020.02
2026-02-21 22:20:00,1020.03
2026-02-21 22:30:00,1019.99
2026-02-21 22:40:00,1019.9399999999999
2026-02-21 22:50:00,1019.9
2026-02-21 23:00:00,1019.93
2026-02-21 23:10:00,1019.8299999999999
2026-02-21 23:20:00,1019.73
2026-02-21 23:30:00,1019.7099999999999
2026-02-21 23:40:00,1019.63
2026-02-21 23:50:00,1019.4599999999999
2026-02-22 00:00:00,1019.3299999999999
2026-02-22 00:10:00,1019.1999999999999
2026-02-22 00:20:00,1019.02
2026-02-22 00:30:00,1019.11
2026-02-22 00:40:00,1019.04
2026-02-22 00:50:00,1018.89
2026-02-22 01:00:00,1018.89
2026-02-22 01:10:00,1018.6999999999999
2026-02-22 01:20:00,1018.67
2026-02-22 01:30:00,1018.6
2026-02-22 01:40:00,1018.51
2026-02-22 01:50:00,1018.43
2026-02-22 02:00:00,1018.48
2026-02-22 02:10:00,1018.31
2026-02-22 02:20:00,1018.18
2026-02-22 02:30:00,1018.26
2026-02-22 02:40:00,1018.1999999999999
2026-02-22 02:50:00,1018.12
2026-02-22 03:00:00,1018.38
2026-02-22 03:10:00,1018.3499999999999
2026-02-22 03:20:00,1018.18625
2026-02-22 03:30:00,1018.035
2026-02-22 03:40:00,1018.15
2026-02-22 03:50:00,1018.12
2026-02-22 04:00:00,1018.2099999999999
2026-02-22 04:10:00,1018.24
2026-02-22 04:20:00,1018.38
2026-02-22 04:30:00,1018.4399999999999
2026-02-22 04:40:00,1018.53
2026-02-22 04:50:00,1018.53
2026-02-22 05:00:00,1018.67
2026-02-22 05:10:00,1018.77
2026-02-22 05:20:00,1018.93
2026-02-22 05:30:00,1019.02
2026-02-22 05:40:00,1019.1999999999999
2026-02-22 05:50:00,1019.34
2026-02-22 06:00:00,1019.56
2026-02-22 06:10:00,1019.5799999999999
2026-02-22 06:20:00,1019.8
2026-02-22 06:30:00,1019.93
2026-02-22 06:40:00,1020.09
2026-02-22 06:50:00,1020.34
2026-02-22 07:00:00,1020.56
2026-02-22 07:10:00,1020.73
2026-02-22 07:20:00,1020.86
2026-02-22 07:30:00,1020.97
2026-02-22 07:40:00,1021.1899999999999
2026-02-22 07:50:00,1021.24
2026-02-22 08:00:00,1021.31
2026-02-22 08:10:00,1021.4599999999999
2026-02-22 08:20:00,1021.5699999999999
2026-02-22 08:30:00,1021.6899999999999
2026-02-22 08:40:00,1021.79
2026-02-22 08:50:00,1021.84
2026-02-22 09:00:00,1021.84
2026-02-22 09:10:00,1021.9
2026-02-22 09:20:00,1021.93
2026-02-22 09:30:00,1021.9749999999999
2026-02-22 09:40:00,1022.01
2026-02-22 09:50:00,1022.0699999999999
2026-02-22 10:00:00,1022.09
2026-02-22 10:10:00,1022.02
2026-02-22 10:20:00,1022.0699999999999
2026-02-22 10:30:00,1022.0699999999999
2026-02-22 10:40:00,1021.99
2026-02-22 10:50:00,1021.79
2026-02-22 11:00:00,1021.67
2026-02-22 11:10:00,1021.67
2026-02-22 11:20:00,1021.66
2026-02-22 11:30:00,1021.4599999999999
2026-02-22 11:40:00,1021.4399999999999
2026-02-22 11:50:00,1021.35
2026-02-22 12:00:00,1021.15
2026-02-22 12:10:00,1021.15
2026-02-22 12:20:00,1021.09
2026-02-22 12:30:00,1020.97
2026-02-22 12:40:00,1020.91
2026-02-22 12:50:00,1020.62
2026-02-22 13:00:00,1020.54
2026-02-22 13:10:00,1020.37
2026-02-22 13:20:00,1020.31
2026-02-22 13:30:00,1020.11
2026-02-22 13:40:00,1019.9399999999999
2026-02-22 13:50:00,1019.84
2026-02-22 14:00:00,1019.79
2026-02-22 14:10:00,1019.77
2026-02-22 14:20:00,1019.5699999999999
2026-02-22 14:30:00,1019.4499999999999
2026-02-22 14:40:00,1019.3
2026-02-22 14:50:00,1019.26
2026-02-22 15:00:00,1019.27
2026-02-22 15:10:00,1019.27
2026-02-22 15:20:00,1019.24
2026-02-22 15:30:00,1019.14
2026-02-22 15:40:00,1019.16
2026-02-22 15:50:00,1019.11
2026-02-22 16:00:00,1019.1
2026-02-22 16:10:00,1018.99
2026-02-22 16:20:00,1019.05
2026-02-22 16:30:00,1019
2026-02-22 16:40:00,1019.09
2026-02-22 16:50:00,1019.14
2026-02-22 17:00:00,1019.26
2026-02-22 17:10:00,1019.3
2026-02-22 17:20:00,1019.35
2026-02-22 17:30:00,1019.43
2026-02-22 17:40:00,1019.49
2026-02-22 17:50:00,1019.64
2026-02-22 18:00:00,1019.87
2026-02-22 18:10:00,1020.02
2026-02-22 18:20:00,1020.11
2026-02-22 18:30:00,1020.3199999999999
2026-02-22 18:40:00,1020.5
2026-02-22 18:50:00,1020.5799999999999
2026-02-22 19:00:00,1020.73
2026-02-22 19:10:00,1020.85
2026-02-22 19:20:00,1020.99
2026-02-22 19:30:00,1021.0799999999999
2026-02-22 19:40:00,1021.26
2026-02-22 19:50:00,1021.36
2026-02-22 20:00:00,1021.55
2026-02-22 20:10:00,1021.75
2026-02-22 20:20:00,1021.85
2026-02-22 20:30:00,1021.93
2026-02-22 20:40:00,1022.05
2026-02-22 20:50:00,1022.13
2026-02-22 21:00:00,1022.22
2026-02-22 21:10:00,1022.31
2026-02-22 21:20:00,1022.27
2026-02-22 21:30:00,1022.25
2026-02-22 21:40:00,1022.37
2026-02-22 21:50:00,1022.3
2026-02-22 22:00:00,1022.1999999999999
2026-02-22 22:10:00,1022.18
2026-02-22 22:20:00,1022.25
2026-02-22 22:30:00,1022.1
2026-02-22 22:40:00,1022.04
2026-02-22 22:50:00,1022.1
2026-02-22 23:00:00,1021.9
2026-02-22 23:10:00,1021.84
2026-02-22 23:20:00,1021.75
2026-02-22 23:30:00,1021.55
2026-02-22 23:40:00,1021.4
2026-02-22 23:50:00,1021.29
2026-02-23 00:00:00,1021.09
2026-02-23 00:10:00,1020.88
2026-02-23 00:20:00,1020.86
2026-02-23 00:30:00,1020.76
2026-02-23 00:40:00,1020.77
2026-02-23 00:50:00,1020.6
2026-02-23 01:00:00,1020.43
2026-02-23 01:10:00,1020.17
2026-02-23 01:20:00,1020.34
2026-02-23 01:30:00,1020.23
2026-02-23 01:40:00,1020.31
2026-02-23 01:50:00,1020.23
2026-02-23 02:00:00,1019.9599999999999
2026-02-23 02:10:00,1020.03
2026-02-23 02:20:00,1019.89
2026-02-23 02:30:00,1019.86
2026-02-23 02:40:00,1019.74
2026-02-23 02:50:00,1019.77
2026-02-23 03:00:00,1019.6899999999999
2026-02-23 03:10:00,1019.62
2026-02-23 03:20:00,1019.61
2026-02-23 03:30:00,1019.63
2026-02-23 03:40:00,1019.52
2026-02-23 03:50:00,1019.73
2026-02-23 04:00:00,1019.8
2026-02-23 04:10:00,1019.75
2026-02-23 04:20:00,1019.8199999999999
2026-02-23 04:30:00,1019.6999999999999
2026-02-23 04:40:00,1019.6899999999999
2026-02-23 04:50:00,1019.81
2026-02-23 05:00:00,1019.85
2026-02-23 05:10:00,1019.9399999999999
2026-02-23 05:20:00,1020.1899999999999
2026-02-23 05:30:00,1020.26
2026-02-23 05:40:00,1020.3299999999999
2026-02-23 05:50:00,1020.39
2026-02-23 06:00:00,1020.61
2026-02-23 06:10:00,1020.72
2026-02-23 06:20:00,1020.81
2026-02-23 06:30:00,1020.9399999999999
2026-02-23 06:40:00,1021.03
2026-02-23 06:50:00,1021.04
2026-02-23 07:00:00,1021.15
2026-02-23 07:10:00,1021.24
2026-02-23 07:20:00,1021.37
2026-02-23 07:30:00,1021.4599999999999
2026-02-23 07:40:00,1021.4
2026-02-23 07:50:00,1021.49
2026-02-23 08:00:00,1021.41
2026-02-23 08:10:00,1021.63
2026-02-23 08:20:00,1021.81
2026-02-23 08:30:00,1021.9
2026-02-23 08:40:00,1022.0799999999999
2026-02-23 08:50:00,1022.23
2026-02-23 09:00:00,1022.2099999999999
2026-02-23 09:10:00,1022.16
2026-02-23 09:20:00,1022.13
2026-02-23 09:30:00,1022.27
2026-02-23 09:40:00,1022.27
2026-02-23 09:50:00,1022.4
2026-02-23 10:00:00,1022.3199999999999
2026-02-23 10:10:00,1022.37
2026-02-23 10:20:00,1022.26
2026-02-23 10:30:00,1022.24
2026-02-23 10:40:00,1022.22
2026-02-23 10:50:00,1022.06
2026-02-23 11:00:00,1022
2026-02-23 11:10:00,1021.8199999999999
2026-02-23 11:20:00,1021.66
2026-02-23 11:30:00,1021.54
2026-02-23 11:40:00,1021.38
2026-02-23 11:50:00,1021.29
2026-02-23 12:00:00,1021.17
2026-02-23 12:10:00,1021.17
2026-02-23 12:20:00,1021.02
2026-02-23 12:30:00,1020.99
2026-02-23 12:40:00,1020.9399999999999
2026-02-23 12:50:00,1020.6999999999999
2026-02-23 13:00:00,1020.74
2026-02-23 13:10:00,1020.68
2026-02-23 13:20:00,1020.4599999999999
2026-02-23 13:30:00,1020.36
2026-02-23 13:40:00,1020.2099999999999
2026-02-23 13:50:00,1020.17
2026-02-23 14:00:00,1020.02
2026-02-23 14:10:00,1019.86
2026-02-23 14:20:00,1019.73
2026-02-23 14:30:00,1019.66
2026-02-23 14:40:00,1019.5699999999999
2026-02-23 14:50:00,1019.56
2026-02-23 15:00:00,1019.49
2026-02-23 15:10:00,1019.37
2026-02-23 15:20:00,1019.25
2026-02-23 15:30:00,1019.27
2026-02-23 15:40:00,1019.43
2026-02-23 15:50:00,1019.38
2026-02-23 16:00:00,1019.4399999999999
2026-02-23 16:10:00,1019.34
2026-02-23 16:20:00,1019.4499999999999
2026-02-23 16:30:00,1019.54
2026-02-23 16:40:00,1019.62
2026-02-23 16:50:00,1019.77
2026-02-23 17:00:00,1019.84
2026-02-23 17:10:00,1019.98
2026-02-23 17:20:00,1020.01
2026-02-23 17:30:00,1020.01
2026-02-23 17:40:00,1020.11
2026-02-23 17:50:00,1020.1899999999999
2026-02-23 18:00:00,1020.34
2026-02-23 18:10:00,1020.43
2026-02-23 18:20:00,1020.5799999999999
2026-02-23 18:30:00,1020.67
2026-02-23 18:50:00,1020.97
2026-02-23 19:00:00,1021.4399999999999
2026-02-23 19:10:00,1021.59
2026-02-23 19:20:00,1021.78
2026-02-23 19:30:00,1022.1699999999997
2026-02-23 19:40:00,1022.4933333333333
2026-02-23 19:50:00,1022.6066666666666
2026-02-23 20:00:00,1022.73
2026-02-23 20:10:00,1022.8299999999999
2026-02-23 20:20:00,1022.91
2026-02-23 20:30:00,1022.99
2026-02-23 20:40:00,1023.1
2026-02-23 20:50:00,1023.05
2026-02-23 21:00:00,1023.01
2026-02-23 21:10:00,1023.0799999999999
2026-02-23 21:20:00,1023.06
2026-02-23 21:30:00,1023.25
2026-02-23 21:40:00,1023.02
2026-02-23 21:50:00,1022.92
2026-02-23 22:00:00,1023.14
2026-02-23 22:10:00,1022.985
2026-02-23 22:20:00,1022.64
2026-02-23 22:30:00,1022.6999999999999
2026-02-23 22:40:00,1022.54
2026-02-23 22:50:00,1022.49
2026-02-23 23:00:00,1022.43
2026-02-23 23:10:00,1022.1899999999999
2026-02-23 23:20:00,1022.0699999999999
2026-02-23 23:30:00,1021.78
2026-02-23 23:40:00,1021.6899999999999
2026-02-23 23:50:00,1021.4499999999999
2026-02-24 00:00:00,1021.48
2026-02-24 00:10:00,1021.5699999999999
2026-02-24 00:20:00,1021.5699999999999
2026-02-24 00:30:00,1021.4399999999999
2026-02-24 00:40:00,1021.31
2026-02-24 00:50:00,1021.1899999999999
2026-02-24 01:00:00,1021.13
2026-02-24 01:10:00,1020.89
2026-02-24 01:20:00,1020.74
2026-02-24 01:30:00,1020.8414285714287
2026-02-24 01:40:00,1020.79
2026-02-24 01:50:00,1020.76
2026-02-24 02:00:00,1020.72
2026-02-24 02:10:00,1020.54
2026-02-24 02:20:00,1020.54
2026-02-24 02:30:00,1020.4
2026-02-24 02:40:00,1020.36
2026-02-24 02:50:00,1020.34
2026-02-24 03:00:00,1020.42
2026-02-24 03:10:00,1020.51
2026-02-24 03:20:00,1020.7099999999999
2026-02-24 03:30:00,1020.64
2026-02-24 03:40:00,1020.6
2026-02-24 03:50:00,1020.62
2026-02-24 04:00:00,1020.76
2026-02-24 04:10:00,1020.8199999999999
2026-02-24 04:20:00,1020.8399999999999
2026-02-24 04:30:00,1021.01
2026-02-24 04:40:00,1020.86
2026-02-24 04:50:00,1020.8299999999999
2026-02-24 05:00:00,1020.65
2026-02-24 05:10:00,1020.6999999999999
2026-02-24 05:20:00,1020.8
2026-02-24 05:30:00,1020.91
2026-02-24 05:40:00,1020.91
2026-02-24 05:50:00,1020.98
2026-02-24 06:00:00,1021.02
2026-02-24 06:10:00,1021.12
2026-02-24 06:20:00,1021.38
2026-02-24 06:30:00,1021.59
2026-02-24 06:40:00,1021.79
2026-02-24 06:50:00,1021.81
2026-02-24 07:00:00,1022.01
2026-02-24 07:10:00,1022.1
2026-02-24 07:20:00,1022.16
2026-02-24 07:30:00,1022.1
2026-02-24 07:40:00,1022.28
2026-02-24 07:50:00,1022.35
2026-02-24 08:00:00,1022.3299999999999
2026-02-24 08:10:00,1022.56
2026-02-24 08:20:00,1022.6
2026-02-24 08:30:00,1022.79
2026-02-24 08:40:00,1022.87
2026-02-24 08:50:00,1022.93
2026-02-24 09:00:00,1022.9399999999999
2026-02-24 09:10:00,1023.04
2026-02-24 09:20:00,1023.12
2026-02-24 09:30:00,1023.13
2026-02-24 09:40:00,1023.12
2026-02-24 09:50:00,1023.16
2026-02-24 10:00:00,1022.98
2026-02-24 10:10:00,1022.77
2026-02-24 10:20:00,1022.65
2026-02-24 10:30:00,1022.5699999999999
2026-02-24 10:40:00,1022.39
2026-02-24 10:50:00,1022.29
2026-02-24 11:00:00,1022.17
2026-02-24 11:10:00,1022.11
2026-02-24 11:20:00,1022.04
2026-02-24 11:30:00,1021.9499999999999
2026-02-24 11:40:00,1021.9
2026-02-24 11:50:00,1021.74
2026-02-24 12:00:00,1021.55
2026-02-24 12:10:00,1021.3299999999999
2026-02-24 12:20:00,1021
2026-02-24 12:30:00,1020.84
2026-02-24 12:40:00,1020.5699999999999
2026-02-24 12:50:00,1020.39
2026-02-24 13:00:00,1020.1999999999999
2026-02-24 13:10:00,1020.17
2026-02-24 13:20:00,1020.1999999999999
2026-02-24 13:30:00,1020.09
2026-02-24 13:40:00,1020.14
2026-02-24 13:50:00,1020.16
2026-02-24 14:00:00,1020.06
2026-02-24 14:10:00,1019.89
2026-02-24 14:20:00,1019.84
2026-02-24 14:30:00,1019.88
2026-02-24 14:40:00,1019.8
2026-02-24 14:50:00,1019.5799999999999
2026-02-24 15:00:00,1019.68
2026-02-24 15:10:00,1019.7099999999999
2026-02-24 15:20:00,1019.5799999999999
2026-02-24 15:30:00,1019.61
2026-02-24 15:40:00,1019.55
2026-02-24 15:50:00,1019.62
2026-02-24 16:00:00,1019.66
2026-02-24 16:10:00,1019.63
2026-02-24 16:20:00,1019.5799999999999
2026-02-24 16:30:00,1019.65
2026-02-24 16:40:00,1019.76
2026-02-24 16:50:00,1019.81
2026-02-24 17:00:00,1019.77
2026-02-24 17:10:00,1019.84
2026-02-24 17:20:00,1020.17
2026-02-24 17:30:00,1020.23
2026-02-24 17:40:00,1020.37
2026-02-24 17:50:00,1020.6166666666667
2026-02-24 18:00:00,1020.4599999999999
2026-02-24 18:10:00,1020.41
2026-02-24 18:20:00,1020.49
2026-02-24 18:30:00,1020.48
2026-02-24 18:40:00,1020.37
2026-02-24 18:50:00,1020.5
2026-02-24 19:00:00,1020.61
2026-02-24 19:10:00,1020.9499999999999
2026-02-24 19:20:00,1021.3109090909091
2026-02-24 19:30:00,1021.3942857142857
2026-02-24 19:40:00,1021.4738461538461
2026-02-24 19:50:00,1021.52
2026-02-24 20:00:00,1021.905
2026-02-24 20:10:00,1022.0519999999999
2026-02-24 20:20:00,1022.06
2026-02-24 20:30:00,1021.865
2026-02-24 20:40:00,1021.9499999999999
2026-02-24 20:50:00,1021.97
2026-02-24 21:00:00,1022.15
2026-02-24 21:10:00,1022.3199999999999
2026-02-24 21:20:00,1022.3299999999999
2026-02-24 21:30:00,1022.25
2026-02-24 21:40:00,1022.14
2026-02-24 21:50:00,1022.18
2026-02-24 22:00:00,1022.09
2026-02-24 22:10:00,1022.0699999999999
2026-02-24 22:20:00,1021.885
2026-02-24 22:30:00,1021.77
2026-02-24 22:40:00,1021.6899999999999
2026-02-24 22:50:00,1021.73
2026-02-24 23:00:00,1021.61
2026-02-24 23:10:00,1021.48
2026-02-24 23:20:00,1021.4599999999999
2026-02-24 23:30:00,1021.3299999999999
2026-02-24 23:40:00,1021.12
2026-02-24 23:50:00,1020.9499999999999
2026-02-25 00:00:00,1020.77
2026-02-25 00:10:00,1020.55
2026-02-25 00:20:00,1020.3299999999999
2026-02-25 00:30:00,1020.09
2026-02-25 00:40:00,1020.01
2026-02-25 00:50:00,1019.9
2026-02-25 01:00:00,1019.8299999999999
2026-02-25 01:10:00,1019.85
2026-02-25 01:20:00,1019.72
2026-02-25 01:30:00,1019.63
2026-02-25 01:40:00,1019.665
2026-02-25 01:50:00,1019.7849999999999
2026-02-25 02:00:00,1019.7819999999999
2026-02-25 02:10:00,1019.8585714285715
2026-02-25 02:20:00,1019.8720000000001
2026-02-25 02:30:00,1019.8144444444442
2026-02-25 02:40:00,1019.832
2026-02-25 02:50:00,1019.8554545454546
2026-02-25 03:00:00,1019.8366666666667
2026-02-25 03:10:00,1019.7379999999999
2026-02-25 03:20:00,1019.6899999999999
2026-02-25 03:30:00,1019.65
2026-02-25 03:40:00,1019.54
2026-02-25 03:50:00,1019.59
2026-02-25 04:00:00,1019.66
2026-02-25 04:10:00,1019.73
2026-02-25 04:20:00,1019.72
2026-02-25 04:30:00,1019.68
2026-02-25 04:40:00,1019.6
2026-02-25 04:50:00,1019.54
2026-02-25 05:00:00,1019.55
2026-02-25 05:10:00,1019.7099999999999
2026-02-25 05:20:00,1019.77
2026-02-25 05:30:00,1019.93
2026-02-25 05:40:00,1020.03
2026-02-25 05:50:00,1020.13
2026-02-25 06:00:00,1020.29
2026-02-25 06:10:00,1020.42
2026-02-25 06:20:00,1020.6
2026-02-25 06:30:00,1020.67
2026-02-25 06:40:00,1020.8325
2026-02-25 06:50:00,1020.9033333333333
2026-02-25 07:00:00,1021.0466666666666
2026-02-25 07:10:00,1021.255
2026-02-25 07:20:00,1021.3666666666667
2026-02-25 07:30:00,1021.46
2026-02-25 07:40:00,1021.5
2026-02-25 07:50:00,1021.63
2026-02-25 08:00:00,1021.8
2026-02-25 08:10:00,1021.92
2026-02-25 08:20:00,1022
2026-02-25 08:30:00,1022.185
2026-02-25 08:40:00,1022.2149999999999
2026-02-25 08:50:00,1022.325
2026-02-25 09:00:00,1022.38
2026-02-25 09:10:00,1022.345
2026-02-25 09:20:00,1022.27
2026-02-25 09:30:00,1022.13
2026-02-25 09:40:00,1022.15
2026-02-25 09:50:00,1022.09
2026-02-25 10:00:00,1022.03
2026-02-25 10:10:00,1021.9599999999999
2026-02-25 10:20:00,1021.72
2026-02-25 10:30:00,1021.51
2026-02-25 10:40:00,1021.51
2026-02-25 10:50:00,1021.34
2026-02-25 11:00:00,1021.28
2026-02-25 11:10:00,1021.15
2026-02-25 11:20:00,1020.9499999999999
2026-02-25 11:30:00,1020.86
2026-02-25 11:40:00,1020.62
2026-02-25 11:50:00,1020.48
2026-02-25 12:00:00,1020.27
2026-02-25 12:10:00,1020.0699999999999
2026-02-25 12:20:00,1019.85
2026-02-25 12:30:00,1019.62
2026-02-25 12:40:00,1019.47
2026-02-25 12:50:00,1019.27
2026-02-25 13:00:00,1019.06
2026-02-25 13:10:00,1018.8199999999999
2026-02-25 13:20:00,1018.7099999999999
2026-02-25 13:30:00,1018.52
2026-02-25 13:40:00,1018.43
2026-02-25 13:50:00,1018.25
2026-02-25 14:00:00,1018.09
2026-02-25 14:10:00,1018.03
2026-02-25 14:20:00,1017.99
2026-02-25 14:30:00,1017.9599999999999
2026-02-25 14:40:00,1017.98
2026-02-25 14:50:00,1017.9599999999999
2026-02-25 15:00:00,1017.9499999999999
2026-02-25 15:10:00,1017.9
2026-02-25 15:20:00,1017.91
2026-02-25 15:30:00,1017.97
2026-02-25 15:40:00,1018.05
2026-02-25 15:50:00,1018.14
2026-02-25 16:00:00,1018.11
2026-02-25 16:10:00,1018.16
2026-02-25 16:20:00,1018.14
2026-02-25 16:30:00,1018.16
2026-02-25 16:40:00,1018.25
2026-02-25 16:50:00,1018.3
2026-02-25 17:00:00,1018.4399999999999
2026-02-25 17:10:00,1018.4599999999999
2026-02-25 17:20:00,1018.51
2026-02-25 17:30:00,1018.4599999999999
2026-02-25 17:40:00,1018.54
2026-02-25 17:50:00,1018.6
2026-02-25 18:00:00,1018.65
2026-02-25 18:10:00,1018.76
2026-02-25 18:20:00,1018.91
2026-02-25 18:30:00,1019.04
2026-02-25 18:50:00,1019.13
2026-02-25 19:00:00,1019.29
2026-02-25 19:10:00,1019.4
2026-02-25 19:20:00,1019.6
2026-02-25 19:30:00,1019.72
2026-02-25 19:40:00,1019.79
2026-02-25 19:50:00,1019.92
2026-02-25 20:00:00,1019.98
2026-02-25 20:10:00,1020.0799999999999
2026-02-25 20:20:00,1020.23
2026-02-25 20:30:00,1020.3299999999999
2026-02-25 20:40:00,1020.36
2026-02-25 20:50:00,1020.39
2026-02-25 21:00:00,1020.4
2026-02-25 21:10:00,1020.47
2026-02-25 21:20:00,1020.43
2026-02-25 21:30:00,1020.48
2026-02-25 21:40:00,1020.4599999999999
2026-02-25 21:50:00,1020.5
2026-02-25 22:00:00,1020.4499999999999
2026-02-25 22:10:00,1020.39
2026-02-25 22:20:00,1020.4599999999999
2026-02-25 22:30:00,1020.42
2026-02-25 22:40:00,1020.36
2026-02-25 22:50:00,1020.41
2026-02-25 23:00:00,1020.3199999999999
2026-02-25 23:10:00,1020.1899999999999
2026-02-25 23:20:00,1020.01
2026-02-25 23:30:00,1019.9499999999999
2026-02-25 23:40:00,1019.73
2026-02-25 23:50:00,1019.61
2026-02-26 00:00:00,1019.43
2026-02-26 00:10:00,1019.22
2026-02-26 00:20:00,1019.03
2026-02-26 00:30:00,1018.9
2026-02-26 00:40:00,1018.84
2026-02-26 00:50:00,1018.8299999999999
2026-02-26 01:00:00,1018.72
2026-02-26 01:10:00,1018.64
2026-02-26 01:20:00,1018.59
2026-02-26 01:30:00,1018.5
2026-02-26 01:40:00,1018.41
2026-02-26 01:50:00,1018.4599999999999
2026-02-26 02:00:00,1018.4399999999999
2026-02-26 02:10:00,1018.3299999999999
2026-02-26 02:20:00,1018.34
2026-02-26 02:30:00,1018.23
2026-02-26 02:40:00,1018.22
2026-02-26 02:50:00,1018.2099999999999
2026-02-26 03:00:00,1018.1999999999999
2026-02-26 03:10:00,1018.1999999999999
2026-02-26 03:20:00,1018.15
2026-02-26 03:30:00,1018.22
2026-02-26 03:40:00,1018.3199999999999
2026-02-26 03:50:00,1018.31
2026-02-26 04:00:00,1018.43
2026-02-26 04:10:00,1018.48
2026-02-26 04:20:00,1018.49
2026-02-26 04:30:00,1018.51
2026-02-26 04:40:00,1018.59
2026-02-26 04:50:00,1018.62
2026-02-26 05:00:00,1018.7099999999999
2026-02-26 05:10:00,1018.8299999999999
2026-02-26 05:20:00,1018.9399999999999
2026-02-26 05:30:00,1019.09
2026-02-26 05:40:00,1019.12
2026-02-26 05:50:00,1019.18
2026-02-26 06:00:00,1019.31
2026-02-26 06:10:00,1019.55
2026-02-26 06:20:00,1019.68
2026-02-26 06:30:00,1019.78
2026-02-26 06:40:00,1019.97
2026-02-26 06:50:00,1020.06
2026-02-26 07:00:00,1020.22
2026-02-26 07:10:00,1020.4499999999999
2026-02-26 07:20:00,1020.56
2026-02-26 07:30:00,1020.59
2026-02-26 07:40:00,1020.64
2026-02-26 07:50:00,1020.72
2026-02-26 08:00:00,1020.76
2026-02-26 08:10:00,1020.91
2026-02-26 08:20:00,1020.9599999999999
2026-02-26 08:30:00,1021
2026-02-26 08:40:00,1021.09
2026-02-26 08:50:00,1021.12
2026-02-26 09:00:00,1021.1
2026-02-26 09:10:00,1021.13
2026-02-26 09:20:00,1021.11
2026-02-26 09:30:00,1021.0799999999999
2026-02-26 09:40:00,1021.0799999999999
2026-02-26 09:50:00,1020.9399999999999
2026-02-26 10:00:00,1020.89
2026-02-26 10:10:00,1020.77
2026-02-26 10:20:00,1020.6999999999999
2026-02-26 10:30:00,1020.54
2026-02-26 10:40:00,1020.42
2026-02-26 10:50:00,1020.25
2026-02-26 11:00:00,1020.06
2026-02-26 11:10:00,1019.89
2026-02-26 11:20:00,1019.66
2026-02-26 11:30:00,1019.48
2026-02-26 11:40:00,1019.38
2026-02-26 11:50:00,1019.18
2026-02-26 12:00:00,1019.06
2026-02-26 12:10:00,1018.86
2026-02-26 12:20:00,1018.63
2026-02-26 12:30:00,1018.54
2026-02-26 12:40:00,1018.28
2026-02-26 12:50:00,1018.1
2026-02-26 13:00:00,1017.9399999999999
2026-02-26 13:10:00,1017.8299999999999
2026-02-26 13:20:00,1017.72
2026-02-26 13:30:00,1017.5
2026-02-26 13:40:00,1017.38
2026-02-26 13:50:00,1017.06
2026-02-26 14:00:00,1016.98
2026-02-26 14:10:00,1016.87
2026-02-26 14:20:00,1016.76
2026-02-26 14:30:00,1016.66
2026-02-26 14:40:00,1016.6
2026-02-26 14:50:00,1016.5799999999999
2026-02-26 15:00:00,1016.62
2026-02-26 15:10:00,1016.54
2026-02-26 15:20:00,1016.59
2026-02-26 15:30:00,1016.53
2026-02-26 15:40:00,1016.61
2026-02-26 15:50:00,1016.5799999999999
2026-02-26 16:00:00,1016.61
2026-02-26 16:10:00,1016.7099999999999
2026-02-26 16:20:00,1016.64
2026-02-26 16:30:00,1016.6999999999999
2026-02-26 16:40:00,1016.79
2026-02-26 16:50:00,1016.78
2026-02-26 17:00:00,1016.75
2026-02-26 17:10:00,1016.8199999999999
2026-02-26 17:20:00,1016.9
2026-02-26 17:30:00,1017.01
2026-02-26 17:40:00,1016.97
2026-02-26 17:50:00,1017.05
2026-02-26 18:00:00,1017.1
2026-02-26 18:10:00,1017.17
2026-02-26 18:20:00,1017.26
2026-02-26 18:30:00,1017.31
2026-02-26 18:40:00,1017.42
2026-02-26 18:50:00,1017.62
2026-02-26 19:00:00,1017.6999999999999
2026-02-26 19:10:00,1017.77
2026-02-26 20:00:00,1018.42
2026-02-26 20:10:00,1018.5
2026-02-26 20:20:00,1018.53
2026-02-26 20:30:00,1018.6999999999999
2026-02-26 20:40:00,1018.74
2026-02-26 20:50:00,1018.84
2026-02-26 21:00:00,1018.89
2026-02-26 21:10:00,1018.84
2026-02-26 21:20:00,1018.87
2026-02-26 21:30:00,1018.87
2026-02-26 21:40:00,1018.84
2026-02-26 21:50:00,1018.77
2026-02-26 22:00:00,1018.76
2026-02-26 22:10:00,1018.6899999999999
2026-02-26 22:20:00,1018.59
2026-02-26 22:30:00,1018.55
2026-02-26 22:40:00,1018.41
2026-02-26 22:50:00,1018.36
2026-02-26 23:00:00,1018.3199999999999
2026-02-26 23:10:00,1018.22
2026-02-26 23:20:00,1018.1
2026-02-26 23:30:00,1017.93
2026-02-26 23:40:00,1017.9
2026-02-26 23:50:00,1017.76
2026-02-27 00:00:00,1017.5699999999999
2026-02-27 00:10:00,1017.37
2026-02-27 00:20:00,1017.29
2026-02-27 00:30:00,1017.13
2026-02-27 00:40:00,1017.04
2026-02-27 00:50:00,1016.9399999999999
2026-02-27 01:00:00,1016.75
2026-02-27 01:10:00,1016.6899999999999
2026-02-27 01:20:00,1016.54
2026-02-27 01:30:00,1016.49
2026-02-27 01:40:00,1016.38
2026-02-27 01:50:00,1016.36
2026-02-27 02:00:00,1016.3199999999999
2026-02-27 02:10:00,1016.28
2026-02-27 02:20:00,1016.29
2026-02-27 02:30:00,1016.12
2026-02-27 02:40:00,1016.1999999999999
2026-02-27 02:50:00,1016.1999999999999
2026-02-27 03:00:00,1016.3299999999999
2026-02-27 03:10:00,1016.4499999999999
2026-02-27 03:20:00,1016.51
2026-02-27 03:30:00,1016.61
2026-02-27 03:40:00,1016.53
2026-02-27 03:50:00,1016.65
2026-02-27 04:00:00,1016.79
2026-02-27 04:10:00,1016.8
2026-02-27 04:20:00,1016.87
2026-02-27 04:30:00,1016.9399999999999
2026-02-27 04:40:00,1017.11
2026-02-27 04:50:00,1017.25
2026-02-27 05:00:00,1017.36
2026-02-27 05:10:00,1017.4399999999999
2026-02-27 05:20:00,1017.56
2026-02-27 05:30:00,1017.7099999999999
2026-02-27 05:40:00,1017.66
2026-02-27 05:50:00,1017.84
2026-02-27 06:00:00,1017.97
2026-02-27 06:10:00,1018.13
2026-02-27 06:20:00,1018.24
2026-02-27 06:30:00,1018.42
2026-02-27 06:40:00,1018.41
2026-02-27 06:50:00,1018.62
2026-02-27 07:00:00,1018.64
2026-02-27 07:10:00,1018.84
2026-02-27 07:20:00,1018.91
2026-02-27 07:30:00,1019.1
2026-02-27 07:40:00,1019.2099999999999
2026-02-27 07:50:00,1019.26
2026-02-27 08:00:00,1019.28
2026-02-27 08:10:00,1019.37
2026-02-27 08:20:00,1019.41
2026-02-27 08:30:00,1019.51
2026-02-27 08:40:00,1019.67
2026-02-27 08:50:00,1019.72
2026-02-27 09:00:00,1019.78
2026-02-27 09:10:00,1019.87
2026-02-27 09:20:00,1019.8
2026-02-27 09:30:00,1019.78
2026-02-27 09:40:00,1019.7099999999999
2026-02-27 09:50:00,1019.65
2026-02-27 10:00:00,1019.61
2026-02-27 10:10:00,1019.4499999999999
2026-02-27 10:20:00,1019.37
2026-02-27 10:30:00,1019.2099999999999
2026-02-27 10:40:00,1019.0699999999999
2026-02-27 10:50:00,1018.92
2026-02-27 11:00:00,1018.81
2026-02-27 11:10:00,1018.72
2026-02-27 11:20:00,1018.5799999999999
2026-02-27 11:30:00,1018.4399999999999
2026-02-27 11:40:00,1018.41
2026-02-27 11:50:00,1018.28
2026-02-27 12:00:00,1018.14
2026-02-27 12:10:00,1018.02
2026-02-27 12:20:00,1017.87
2026-02-27 12:30:00,1017.79
2026-02-27 12:40:00,1017.56
2026-02-27 12:50:00,1017.42
2026-02-27 13:00:00,1017.23
2026-02-27 13:10:00,1017.06
2026-02-27 13:20:00,1016.99
2026-02-27 13:30:00,1016.81
2026-02-27 13:40:00,1016.65
2026-02-27 13:50:00,1016.56
2026-02-27 14:00:00,1016.4599999999999
2026-02-27 14:10:00,1016.3299999999999
2026-02-27 14:20:00,1016.22
2026-02-27 14:30:00,1016.13
2026-02-27 14:40:00,1016.09
2026-02-27 14:50:00,1016.0799999999999
2026-02-27 15:00:00,1016.05
2026-02-27 15:10:00,1016.05
2026-02-27 15:20:00,1015.99
2026-02-27 15:30:00,1015.9599999999999
2026-02-27 15:40:00,1015.99
2026-02-27 15:50:00,1015.9599999999999
2026-02-27 16:00:00,1016.05
2026-02-27 16:10:00,1016.0799999999999
2026-02-27 16:20:00,1016.09
2026-02-27 16:30:00,1016.15
2026-02-27 16:40:00,1016.09
2026-02-27 16:50:00,1016.11
2026-02-27 17:00:00,1016.1
2026-02-27 17:10:00,1016.16
2026-02-27 17:20:00,1016.23
2026-02-27 17:30:00,1016.22
2026-02-27 17:40:00,1016.3
2026-02-27 17:50:00,1016.28
2026-02-27 18:00:00,1016.35
2026-02-27 18:10:00,1016.43
2026-02-27 18:20:00,1016.51
2026-02-27 18:30:00,1016.6
2026-02-27 18:40:00,1016.77
2026-02-27 18:50:00,1016.78
2026-02-27 19:00:00,1016.84
2026-02-27 19:10:00,1016.98
2026-02-27 19:20:00,1017.03
2026-02-27 19:30:00,1017.15
2026-02-27 19:40:00,1017.26
2026-02-27 19:50:00,1017.29
2026-02-27 20:00:00,1017.29
2026-02-27 20:10:00,1017.41
2026-02-27 20:20:00,1017.5
2026-02-27 20:30:00,1017.51
2026-02-27 20:40:00,1017.6999999999999
2026-02-27 20:50:00,1017.75
2026-02-27 21:00:00,1017.86
2026-02-27 21:10:00,1017.91
2026-02-27 21:20:00,1018.03
2026-02-27 21:30:00,1018.04
2026-02-27 21:40:00,1018.1
2026-02-27 21:50:00,1018.17
2026-02-27 22:00:00,1018.13
2026-02-27 22:10:00,1018.18
2026-02-27 22:20:00,1018.12
2026-02-27 22:30:00,1018.15
2026-02-27 22:40:00,1018.11
2026-02-27 22:50:00,1018.12
2026-02-27 23:00:00,1017.9399999999999
2026-02-27 23:10:00,1017.87
2026-02-27 23:20:00,1017.8
2026-02-27 23:30:00,1017.72
2026-02-27 23:40:00,1017.56
2026-02-27 23:50:00,1017.43
2026-02-28 00:00:00,1017.29
2026-02-28 00:10:00,1017.13
2026-02-28 00:20:00,1016.93
2026-02-28 00:30:00,1016.91
2026-02-28 00:40:00,1016.67
2026-02-28 00:50:00,1016.48
2026-02-28 01:00:00,1016.39
2026-02-28 01:10:00,1016.26
2026-02-28 01:20:00,1016.2099999999999
2026-02-28 01:30:00,1016.12
2026-02-28 01:40:00,1015.98
2026-02-28 01:50:00,1015.7099999999999
2026-02-28 02:00:00,1015.65
2026-02-28 02:10:00,1015.63
2026-02-28 02:20:00,1015.52
2026-02-28 02:30:00,1015.5699999999999
2026-02-28 02:40:00,1015.64
2026-02-28 02:50:00,1015.56
2026-02-28 03:00:00,1015.6899999999999
2026-02-28 03:10:00,1015.65
2026-02-28 03:20:00,1015.6999999999999
2026-02-28 03:30:00,1015.66
2026-02-28 03:40:00,1015.73
2026-02-28 03:50:00,1015.76
2026-02-28 04:00:00,1015.8
2026-02-28 04:10:00,1015.8
2026-02-28 04:20:00,1015.76
2026-02-28 04:30:00,1015.9
2026-02-28 04:40:00,1015.99
2026-02-28 04:50:00,1016.11
2026-02-28 05:00:00,1016.23
2026-02-28 05:10:00,1016.36
2026-02-28 05:20:00,1016.42
2026-02-28 05:30:00,1016.49
2026-02-28 05:40:00,1016.6
2026-02-28 05:50:00,1016.73
2026-02-28 06:00:00,1016.93
2026-02-28 06:10:00,1017.06
2026-02-28 06:20:00,1017.1899999999999
2026-02-28 06:30:00,1017.37
2026-02-28 06:40:00,1017.4499999999999
2026-02-28 06:50:00,1017.51
2026-02-28 07:00:00,1017.75
2026-02-28 07:10:00,1017.87
2026-02-28 07:20:00,1018.0699999999999
2026-02-28 07:30:00,1018.17
2026-02-28 07:40:00,1018.3
2026-02-28 07:50:00,1018.34
2026-02-28 08:00:00,1018.39
2026-02-28 08:10:00,1018.54
2026-02-28 08:20:00,1018.62
2026-02-28 08:30:00,1018.72
2026-02-28 08:40:00,1018.85
2026-02-28 08:50:00,1019.0699999999999
2026-02-28 09:00:00,1019.09
2026-02-28 09:10:00,1019.185
2026-02-28 09:20:00,1019.24
2026-02-28 09:30:00,1019.34
2026-02-28 09:40:00,1019.36
2026-02-28 09:50:00,1019.27
2026-02-28 10:00:00,1019.25
2026-02-28 10:10:00,1019.18
2026-02-28 10:20:00,1018.99
2026-02-28 10:30:00,1018.9399999999999
2026-02-28 10:40:00,1018.8199999999999
2026-02-28 10:50:00,1018.7099999999999
2026-02-28 11:00:00,1018.6
2026-02-28 11:10:00,1018.5
2026-02-28 11:20:00,1018.3299999999999
2026-02-28 11:30:00,1018.1999999999999
2026-02-28 11:40:00,1018.12
2026-02-28 11:50:00,1018.04
2026-02-28 12:00:00,1017.93
2026-02-28 12:10:00,1017.8050000000001
2026-02-28 12:20:00,1017.59
2026-02-28 12:30:00,1017.41
2026-02-28 12:40:00,1017.3299999999999
2026-02-28 12:50:00,1017.23
2026-02-28 13:00:00,1017.04
2026-02-28 13:10:00,1016.92
2026-02-28 13:20:00,1016.8299999999999
2026-02-28 13:30:00,1016.72
2026-02-28 13:40:00,1016.5
2026-02-28 13:50:00,1016.23
2026-02-28 14:00:00,1016.15
2026-02-28 14:10:00,1015.9499999999999
2026-02-28 14:20:00,1015.9399999999999
2026-02-28 14:30:00,1015.84
2026-02-28 14:40:00,1015.8
2026-02-28 14:50:00,1015.77
2026-02-28 15:00:00,1015.77
2026-02-28 15:10:00,1015.8
2026-02-28 15:20:00,1015.81
2026-02-28 15:30:00,1015.8299999999999
2026-02-28 15:40:00,1015.91
2026-02-28 15:50:00,1015.9
2026-02-28 16:00:00,1015.86
2026-02-28 16:10:00,1015.84
2026-02-28 16:20:00,1015.91
2026-02-28 16:30:00,1016.03
2026-02-28 16:40:00,1016.12
2026-02-28 16:50:00,1016.24
2026-02-28 17:00:00,1016.4
2026-02-28 17:10:00,1016.37
2026-02-28 17:20:00,1016.4
2026-02-28 17:30:00,1016.42
2026-02-28 17:40:00,1016.51
2026-02-28 17:50:00,1016.63
2026-02-28 18:00:00,1016.75
2026-02-28 18:10:00,1016.8299999999999
2026-02-28 18:20:00,1016.93
2026-02-28 18:30:00,1016.99
2026-02-28 18:40:00,1017.12
2026-02-28 18:50:00,1017.2099999999999
2026-02-28 19:00:00,1017.35
2026-02-28 19:10:00,1017.42
2026-02-28 19:20:00,1017.5799999999999
2026-02-28 19:30:00,1017.72
2026-02-28 19:40:00,1017.8199999999999
2026-02-28 20:00:00,1018
2026-02-28 20:10:00,1018.0699999999999
2026-02-28 20:20:00,1018.04
2026-02-28 20:30:00,1018.09
2026-02-28 20:40:00,1018.18
2026-02-28 20:50:00,1018.18
2026-02-28 21:00:00,1018.31
2026-02-28 21:10:00,1018.42
2026-02-28 21:20:00,1018.56
2026-02-28 21:30:00,1018.5799999999999
2026-02-28 21:40:00,1018.6999999999999
2026-02-28 21:50:00,1018.77
2026-02-28 22:00:00,1018.76
2026-02-28 22:10:00,1018.8
2026-02-28 22:20:00,1018.8299999999999
2026-02-28 22:30:00,1018.78
2026-02-28 22:40:00,1018.72
2026-02-28 22:50:00,1018.68
2026-02-28 23:00:00,1018.56
2026-02-28 23:10:00,1018.41
2026-02-28 23:20:00,1018.4
2026-02-28 23:30:00,1018.29
2026-02-28 23:40:00,1018.13
2026-02-28 23:50:00,1018.03
2026-03-01 00:00:00,1017.76
2026-03-01 00:10:00,1017.6899999999999
2026-03-01 00:20:00,1017.51
2026-03-01 00:30:00,1017.29
2026-03-01 00:40:00,1017.23
2026-03-01 00:50:00,1017.16
2026-03-01 01:00:00,1017.11
2026-03-01 01:10:00,1017.12
2026-03-01 01:20:00,1017.16
2026-03-01 01:30:00,1017.06
2026-03-01 01:40:00,1017.05
2026-03-01 01:50:00,1016.9449999999999
2026-03-01 02:00:00,1017.0066666666667
2026-03-01 02:10:00,1016.9766666666666
2026-03-01 02:20:00,1016.74
2026-03-01 02:30:00,1016.6
2026-03-01 02:40:00,1016.4399999999999
2026-03-01 02:50:00,1016.4499999999999
2026-03-01 03:00:00,1016.39
2026-03-01 03:10:00,1016.39
2026-03-01 03:20:00,1016.4599999999999
2026-03-01 03:30:00,1016.47
2026-03-01 03:40:00,1016.52
2026-03-01 03:50:00,1016.65
2026-03-01 04:00:00,1016.6999999999999
2026-03-01 04:10:00,1016.75
2026-03-01 04:20:00,1016.85
2026-03-01 04:30:00,1016.88
2026-03-01 04:40:00,1016.9399999999999
2026-03-01 04:50:00,1016.98
2026-03-01 05:00:00,1017.06
2026-03-01 05:10:00,1017.12
2026-03-01 05:20:00,1017.16
2026-03-01 05:30:00,1017.3299999999999
2026-03-01 05:40:00,1017.51
2026-03-01 05:50:00,1017.5799999999999
2026-03-01 06:00:00,1017.68
2026-03-01 06:10:00,1017.8
2026-03-01 06:20:00,1017.93
2026-03-01 06:30:00,1018.01
2026-03-01 06:40:00,1018.04
2026-03-01 06:50:00,1018.24
2026-03-01 07:00:00,1018.39
2026-03-01 07:10:00,1018.63
2026-03-01 07:20:00,1018.89
2026-03-01 07:30:00,1018.89
2026-03-01 07:40:00,1019.05
2026-03-01 07:50:00,1019.22
2026-03-01 08:00:00,1019.25
2026-03-01 08:10:00,1019.37
2026-03-01 08:20:00,1019.4599999999999
2026-03-01 08:30:00,1019.54
2026-03-01 08:40:00,1019.72
2026-03-01 08:50:00,1019.76
2026-03-01 09:00:00,1019.86
2026-03-01 09:10:00,1019.99
2026-03-01 09:20:00,1020
2026-03-01 09:30:00,1020.03
2026-03-01 09:40:00,1020.14
2026-03-01 09:50:00,1020.11
2026-03-01 10:00:00,1019.9499999999999
2026-03-01 10:10:00,1020.06
2026-03-01 10:20:00,1019.9599999999999
2026-03-01 10:30:00,1019.89
2026-03-01 10:40:00,1019.9
2026-03-01 11:30:00,1019.52
2026-03-01 11:40:00,1019.4499999999999
2026-03-01 11:50:00,1019.31
2026-03-01 12:00:00,1019.23
2026-03-01 12:10:00,1018.99
2026-03-01 12:20:00,1018.93
2026-03-01 12:30:00,1018.72
2026-03-01 12:40:00,1018.6999999999999
2026-03-01 12:50:00,1018.54
2026-03-01 13:00:00,1018.3299999999999
2026-03-01 13:10:00,1018.18
2026-03-01 13:20:00,1017.98
2026-03-01 13:30:00,1017.89
2026-03-01 13:40:00,1017.78
2026-03-01 13:50:00,1017.5699999999999
2026-03-01 14:00:00,1017.48
2026-03-01 14:10:00,1017.24
2026-03-01 14:20:00,1017.12
2026-03-01 14:30:00,1017.06
2026-03-01 14:40:00,1017.03
2026-03-01 14:50:00,1017
2026-03-01 15:00:00,1017.1
2026-03-01 15:10:00,1017.06
2026-03-01 15:20:00,1017.09
2026-03-01 15:30:00,1017.0799999999999
2026-03-01 15:40:00,1016.99
2026-03-01 15:50:00,1017.01
2026-03-01 16:00:00,1016.99
2026-03-01 16:10:00,1016.97
2026-03-01 16:20:00,1017.09
2026-03-01 16:30:00,1017.15
2026-03-01 16:40:00,1017.23
2026-03-01 16:50:00,1017.23
2026-03-01 17:00:00,1017.3
2026-03-01 17:10:00,1017.4
2026-03-01 17:20:00,1017.51
2026-03-01 17:30:00,1017.68
2026-03-01 17:40:00,1017.73
2026-03-01 17:50:00,1017.8299999999999
2026-03-01 18:00:00,1017.92
2026-03-01 18:10:00,1018.05
2026-03-01 18:20:00,1018.09
2026-03-01 18:30:00,1018.12
2026-03-01 18:40:00,1018.1899999999999
2026-03-01 18:50:00,1018.3
2026-03-01 19:00:00,1018.41
2026-03-01 19:10:00,1018.47
2026-03-01 19:20:00,1018.63
2026-03-01 19:30:00,1018.63
2026-03-01 19:40:00,1018.77
2026-03-01 19:50:00,1018.99
2026-03-01 20:00:00,1018.92
2026-03-01 20:10:00,1019.1
2026-03-01 20:20:00,1019.18
2026-03-01 20:30:00,1019.2099999999999
2026-03-01 20:40:00,1019.28
2026-03-01 20:50:00,1019.34
2026-03-01 21:00:00,1019.4499999999999
2026-03-01 21:10:00,1019.5799999999999
2026-03-01 21:20:00,1019.61
2026-03-01 21:30:00,1019.6
2026-03-01 21:40:00,1019.55
2026-03-01 21:50:00,1019.61
2026-03-01 22:00:00,1019.6899999999999
2026-03-01 22:10:00,1019.6899999999999
2026-03-01 22:20:00,1019.63
2026-03-01 22:30:00,1019.5799999999999
2026-03-01 22:40:00,1019.56
2026-03-01 22:50:00,1019.52
2026-03-01 23:00:00,1019.52
2026-03-01 23:10:00,1019.49
2026-03-01 23:20:00,1019.47
2026-03-01 23:30:00,1019.4
2026-03-01 23:40:00,1019.27
2026-03-01 23:50:00,1019.15
2026-03-02 00:00:00,1019.09
2026-03-02 00:10:00,1018.93
2026-03-02 00:20:00,1018.78
2026-03-02 00:30:00,1018.76
2026-03-02 00:40:00,1018.67
2026-03-02 00:50:00,1018.53
2026-03-02 01:00:00,1018.43
2026-03-02 01:10:00,1018.35
2026-03-02 01:20:00,1018.29
2026-03-02 01:30:00,1018.23
2026-03-02 01:40:00,1017.99
2026-03-02 01:50:00,1017.93
2026-03-02 02:00:00,1017.75
2026-03-02 02:10:00,1017.63
2026-03-02 02:20:00,1017.4599999999999
2026-03-02 02:30:00,1017.41
2026-03-02 02:40:00,1017.48
2026-03-02 02:50:00,1017.43
2026-03-02 03:00:00,1017.42
2026-03-02 03:10:00,1017.24
2026-03-02 03:20:00,1017.38
2026-03-02 03:30:00,1017.3299999999999
2026-03-02 03:40:00,1017.4599999999999
2026-03-02 03:50:00,1017.34
2026-03-02 04:00:00,1017.18
2026-03-02 04:10:00,1017.42
2026-03-02 04:20:00,1017.6
2026-03-02 04:30:00,1017.6899999999999
2026-03-02 04:40:00,1017.75
2026-03-02 04:50:00,1017.9499999999999
2026-03-02 05:00:00,1018.0699999999999
2026-03-02 05:10:00,1018.17
2026-03-02 05:20:00,1018.23
2026-03-02 05:30:00,1018.34
2026-03-02 05:40:00,1018.3
2026-03-02 05:50:00,1018.42
2026-03-02 06:00:00,1018.5799999999999
2026-03-02 06:10:00,1018.6899999999999
2026-03-02 06:20:00,1018.85
2026-03-02 06:30:00,1018.78
2026-03-02 06:40:00,1018.98
2026-03-02 06:50:00,1019.17
2026-03-02 07:00:00,1019.3
2026-03-02 07:10:00,1019.47
2026-03-02 07:20:00,1019.55
2026-03-02 07:30:00,1019.7099999999999
2026-03-02 07:40:00,1019.87
2026-03-02 07:50:00,1019.9
2026-03-02 08:00:00,1020.06
2026-03-02 08:10:00,1020.11
2026-03-02 08:20:00,1020.28
2026-03-02 08:30:00,1020.29
2026-03-02 08:40:00,1020.37
2026-03-02 08:50:00,1020.35
2026-03-02 09:00:00,1020.48
2026-03-02 09:10:00,1020.56
2026-03-02 09:20:00,1020.6999999999999
2026-03-02 09:30:00,1020.6999999999999
2026-03-02 09:40:00,1020.67
2026-03-02 09:50:00,1020.67
2026-03-02 10:00:00,1020.66
2026-03-02 10:10:00,1020.56
2026-03-02 10:20:00,1020.51
2026-03-02 10:30:00,1020.41
2026-03-02 10:40:00,1020.41
2026-03-02 10:50:00,1020.26
2026-03-02 11:00:00,1020.18
2026-03-02 11:10:00,1020.05
2026-03-02 11:20:00,1020.06
2026-03-02 11:30:00,1019.92
2026-03-02 11:40:00,1019.86
2026-03-02 11:50:00,1019.64
2026-03-02 12:00:00,1019.47
2026-03-02 12:10:00,1019.35
2026-03-02 12:20:00,1019.26
2026-03-02 12:30:00,1019.01
2026-03-02 12:40:00,1018.92
2026-03-02 12:50:00,1018.79
2026-03-02 13:00:00,1018.61
2026-03-02 13:10:00,1018.36
2026-03-02 13:20:00,1018.1999999999999
2026-03-02 13:30:00,1018.0699999999999
2026-03-02 13:40:00,1017.86
2026-03-02 13:50:00,1017.79
2026-03-02 14:00:00,1017.73
2026-03-02 14:10:00,1017.5699999999999
2026-03-02 14:20:00,1017.35
2026-03-02 14:30:00,1017.1899999999999
2026-03-02 14:40:00,1017.1
2026-03-02 14:50:00,1016.93
2026-03-02 15:00:00,1016.92
2026-03-02 15:10:00,1016.86
2026-03-02 15:20:00,1016.78
2026-03-02 15:30:00,1016.8
2026-03-02 15:40:00,1016.84
2026-03-02 15:50:00,1016.8199999999999
2026-03-02 16:00:00,1016.76
2026-03-02 16:10:00,1016.8299999999999
2026-03-02 16:20:00,1016.75
2026-03-02 16:30:00,1016.81
2026-03-02 16:40:00,1016.9
2026-03-02 16:50:00,1016.98
2026-03-02 17:00:00,1017.0699999999999
2026-03-02 17:10:00,1017.06
2026-03-02 17:20:00,1017.22
2026-03-02 17:30:00,1017.28
2026-03-02 17:40:00,1017.4
2026-03-02 17:50:00,1017.5
2026-03-02 18:00:00,1017.6
2026-03-02 18:10:00,1017.72
2026-03-02 18:20:00,1017.8
2026-03-02 18:30:00,1017.8299999999999
2026-03-02 18:40:00,1017.86
2026-03-02 18:50:00,1017.91
2026-03-02 19:00:00,1018.12
2026-03-02 19:10:00,1018.3299999999999
2026-03-02 19:20:00,1018.4499999999999
2026-03-02 19:30:00,1018.59
2026-03-02 19:40:00,1018.65
2026-03-02 19:50:00,1018.7099999999999
2026-03-02 20:00:00,1018.86
2026-03-02 20:10:00,1019.03
2026-03-02 20:20:00,1019.0699999999999
2026-03-02 20:30:00,1019.14
2026-03-02 20:40:00,1019.17
2026-03-02 20:50:00,1019.16
2026-03-02 21:00:00,1019.27
2026-03-02 21:10:00,1019.34
2026-03-02 21:20:00,1019.24
2026-03-02 21:30:00,1019.36
2026-03-02 21:40:00,1019.37
2026-03-02 21:50:00,1019.36
2026-03-02 22:00:00,1019.28
2026-03-02 22:10:00,1019.37
2026-03-02 22:20:00,1019.22
2026-03-02 22:30:00,1019.17
2026-03-02 22:40:00,1019.09
2026-03-02 22:50:00,1019.11
2026-03-02 23:00:00,1019.03
2026-03-02 23:10:00,1018.92
2026-03-02 23:20:00,1018.93
2026-03-02 23:30:00,1018.9399999999999
2026-03-02 23:40:00,1018.76
2026-03-02 23:50:00,1018.75
2026-03-03 00:00:00,1018.6
2026-03-03 00:10:00,1018.4599999999999
2026-03-03 00:20:00,1018.3299999999999
2026-03-03 00:30:00,1018.15
2026-03-03 00:40:00,1017.9599999999999
2026-03-03 00:50:00,1017.9499999999999
2026-03-03 01:00:00,1017.84
2026-03-03 01:10:00,1017.76
2026-03-03 01:20:00,1017.61
2026-03-03 01:30:00,1017.36
2026-03-03 01:40:00,1017.25
2026-03-03 01:50:00,1017.11
2026-03-03 02:00:00,1017.02
2026-03-03 02:10:00,1016.98
2026-03-03 02:20:00,1016.89
2026-03-03 02:30:00,1016.9399999999999
2026-03-03 02:40:00,1016.87
2026-03-03 02:50:00,1016.81
2026-03-03 03:00:00,1016.79
2026-03-03 03:10:00,1016.74
2026-03-03 03:20:00,1016.68
2026-03-03 03:30:00,1016.8
2026-03-03 03:40:00,1016.88
2026-03-03 03:50:00,1016.74
2026-03-03 04:00:00,1016.93
2026-03-03 04:10:00,1016.9599999999999
2026-03-03 04:20:00,1016.9499999999999
2026-03-03 04:30:00,1016.9399999999999
2026-03-03 04:40:00,1017
2026-03-03 04:50:00,1016.9
2026-03-03 05:00:00,1016.92
2026-03-03 05:10:00,1016.98
2026-03-03 05:20:00,1017.24
2026-03-03 05:30:00,1017.4499999999999
2026-03-03 05:40:00,1017.5
2026-03-03 05:50:00,1017.47
2026-03-03 06:00:00,1017.72
2026-03-03 06:10:00,1017.86
2026-03-03 06:20:00,1017.9
2026-03-03 06:30:00,1018.01
2026-03-03 06:40:00,1018.1
2026-03-03 06:50:00,1018.27
2026-03-03 07:00:00,1018.35
2026-03-03 07:10:00,1018.4599999999999
2026-03-03 07:20:00,1018.6999999999999
2026-03-03 07:30:00,1018.78
2026-03-03 07:40:00,1018.87
2026-03-03 07:50:00,1018.99
2026-03-03 08:00:00,1019.0699999999999
2026-03-03 08:10:00,1019.1899999999999
2026-03-03 08:20:00,1019.3199999999999
2026-03-03 08:30:00,1019.4499999999999
2026-03-03 08:40:00,1019.55
2026-03-03 08:50:00,1019.56
2026-03-03 09:00:00,1019.52
2026-03-03 09:10:00,1019.59
2026-03-03 09:20:00,1019.67
2026-03-03 09:30:00,1019.63
2026-03-03 09:40:00,1019.62
2026-03-03 09:50:00,1019.66
2026-03-03 10:00:00,1019.5699999999999
2026-03-03 10:10:00,1019.48
2026-03-03 10:20:00,1019.4499999999999
2026-03-03 10:30:00,1019.27
2026-03-03 10:40:00,1019.17
2026-03-03 10:50:00,1018.99
2026-03-03 11:00:00,1018.8
2026-03-03 11:10:00,1018.61
2026-03-03 11:20:00,1018.42
2026-03-03 11:30:00,1018.29
2026-03-03 11:40:00,1018.24
2026-03-03 11:50:00,1018.04
2026-03-03 12:00:00,1018.11
2026-03-03 12:10:00,1018.01
2026-03-03 12:20:00,1018
2026-03-03 12:30:00,1017.65
2026-03-03 12:40:00,1017.63
2026-03-03 12:50:00,1017.49
2026-03-03 13:00:00,1017.4
2026-03-03 13:10:00,1017.2099999999999
2026-03-03 13:20:00,1016.98
2026-03-03 13:30:00,1016.92
2026-03-03 13:40:00,1016.88
2026-03-03 13:50:00,1016.73
2026-03-03 14:00:00,1016.68
2026-03-03 14:10:00,1016.59
2026-03-03 14:20:00,1016.48
2026-03-03 14:30:00,1016.4499999999999
2026-03-03 14:40:00,1016.3199999999999
2026-03-03 14:50:00,1016.31
2026-03-03 15:00:00,1016.35
2026-03-03 15:10:00,1016.28
2026-03-03 15:20:00,1016.17
2026-03-03 15:30:00,1016.05
2026-03-03 15:40:00,1016.1
2026-03-03 15:50:00,1016.2099999999999
2026-03-03 16:00:00,1016.23
2026-03-03 16:10:00,1016.31
2026-03-03 16:20:00,1016.4499999999999
2026-03-03 16:30:00,1016.4399999999999
2026-03-03 16:40:00,1016.47
2026-03-03 16:50:00,1016.61
2026-03-03 17:00:00,1016.5799999999999
2026-03-03 17:10:00,1016.72
2026-03-03 17:20:00,1016.86
2026-03-03 17:30:00,1016.9499999999999
2026-03-03 17:40:00,1017.06
2026-03-03 17:50:00,1017.11
2026-03-03 18:00:00,1017.14
2026-03-03 18:10:00,1017.25
2026-03-03 18:20:00,1017.43
2026-03-03 18:30:00,1017.7099999999999
2026-03-03 18:40:00,1017.8
2026-03-03 18:50:00,1018.01
2026-03-03 19:00:00,1018.09
2026-03-03 19:10:00,1018.25
2026-03-03 19:20:00,1018.34
2026-03-03 19:30:00,1018.4599999999999
2026-03-03 19:40:00,1018.62
2026-03-03 19:50:00,1018.63
2026-03-03 20:00:00,1018.72
2026-03-03 20:10:00,1018.78
2026-03-03 20:20:00,1018.9499999999999
2026-03-03 20:30:00,1018.98
2026-03-03 20:40:00,1018.99
2026-03-03 20:50:00,1019.0799999999999
2026-03-03 21:00:00,1019.2099999999999
2026-03-03 21:10:00,1019.27
2026-03-03 21:20:00,1019.29
2026-03-03 21:30:00,1019.31
2026-03-03 21:40:00,1019.48
2026-03-03 21:50:00,1019.4399999999999
2026-03-03 22:00:00,1019.5
2026-03-03 22:10:00,1019.42
2026-03-03 22:20:00,1019.4499999999999
2026-03-03 22:30:00,1019.49
2026-03-03 22:40:00,1019.38
2026-03-03 22:50:00,1019.38
2026-03-03 23:00:00,1019.47
2026-03-03 23:10:00,1019.4599999999999
2026-03-03 23:20:00,1019.4599999999999
2026-03-03 23:30:00,1019.65
2026-03-03 23:40:00,1019.53
2026-03-03 23:50:00,1019.42
2026-03-04 00:00:00,1019.27
2026-03-04 00:10:00,1019.01
2026-03-04 00:20:00,1018.86
2026-03-04 00:30:00,1018.84
2026-03-04 00:40:00,1018.81
2026-03-04 00:50:00,1018.72
2026-03-04 01:00:00,1018.59
2026-03-04 01:10:00,1018.4499999999999
2026-03-04 01:20:00,1018.36
2026-03-04 01:30:00,1018.18
2026-03-04 01:40:00,1018.09
2026-03-04 01:50:00,1017.9399999999999
2026-03-04 02:00:00,1017.81
2026-03-04 02:10:00,1017.7099999999999
2026-03-04 02:20:00,1017.63
2026-03-04 02:30:00,1017.55
2026-03-04 02:40:00,1017.4599999999999
2026-03-04 02:50:00,1017.4399999999999
2026-03-04 03:00:00,1017.35
2026-03-04 03:10:00,1017.3
2026-03-04 03:20:00,1017.3
2026-03-04 03:30:00,1017.3299999999999
2026-03-04 03:40:00,1017.24
2026-03-04 03:50:00,1017.29
2026-03-04 04:00:00,1017.24
2026-03-04 04:10:00,1017.29
2026-03-04 04:20:00,1017.22
2026-03-04 04:30:00,1017.3299999999999
2026-03-04 04:40:00,1017.41
2026-03-04 04:50:00,1017.56
2026-03-04 05:00:00,1017.6999999999999
2026-03-04 05:10:00,1017.77
2026-03-04 05:20:00,1017.77
2026-03-04 05:30:00,1017.97
2026-03-04 05:40:00,1018.03
2026-03-04 05:50:00,1018.01
2026-03-04 06:00:00,1018.18
2026-03-04 06:10:00,1018.38
2026-03-04 06:20:00,1018.49
2026-03-04 06:30:00,1018.5699999999999
2026-03-04 06:40:00,1018.74
2026-03-04 06:50:00,1018.8199999999999
2026-03-04 07:00:00,1018.9399999999999
2026-03-04 07:10:00,1019.11
2026-03-04 07:20:00,1019.17
2026-03-04 07:30:00,1019.3299999999999
2026-03-04 07:40:00,1019.41
2026-03-04 07:50:00,1019.55
2026-03-04 08:00:00,1019.48
2026-03-04 08:10:00,1019.59
2026-03-04 08:20:00,1019.56
2026-03-04 08:30:00,1019.6899999999999
2026-03-04 08:40:00,1019.91
2026-03-04 08:50:00,1019.98
2026-03-04 09:00:00,1019.99
2026-03-04 09:10:00,1020.09
2026-03-04 09:20:00,1020.03
2026-03-04 09:30:00,1020.18
2026-03-04 09:40:00,1020.18
2026-03-04 09:50:00,1020.13
2026-03-04 10:00:00,1020.14
2026-03-04 10:10:00,1020.06
2026-03-04 10:20:00,1019.98
2026-03-04 10:30:00,1019.74
2026-03-04 10:40:00,1019.68
2026-03-04 10:50:00,1019.66
2026-03-04 11:00:00,1019.51
2026-03-04 11:10:00,1019.35
2026-03-04 11:20:00,1019.14
2026-03-04 11:30:00,1018.9499999999999
2026-03-04 11:40:00,1018.6999999999999
2026-03-04 11:50:00,1018.64
2026-03-04 12:00:00,1018.56
2026-03-04 12:10:00,1018.3299999999999
2026-03-04 12:20:00,1018.25
2026-03-04 12:30:00,1018.1
2026-03-04 12:40:00,1017.88
2026-03-04 12:50:00,1017.73
2026-03-04 13:00:00,1017.49
2026-03-04 13:10:00,1017.3299999999999
2026-03-04 13:20:00,1017.2099999999999
2026-03-04 13:30:00,1017.06
2026-03-04 13:40:00,1016.98
2026-03-04 13:50:00,1016.86
2026-03-04 14:00:00,1016.78
2026-03-04 14:10:00,1016.73
2026-03-04 14:20:00,1016.78
2026-03-04 14:30:00,1016.6899999999999
2026-03-04 14:40:00,1016.63
2026-03-04 14:50:00,1016.5
2026-03-04 15:00:00,1016.47
2026-03-04 15:10:00,1016.4599999999999
2026-03-04 15:20:00,1016.52
2026-03-04 15:30:00,1016.59
2026-03-04 15:40:00,1016.55
2026-03-04 15:50:00,1016.5699999999999
2026-03-04 16:00:00,1016.5699999999999
2026-03-04 16:10:00,1016.52
2026-03-04 16:20:00,1016.52
2026-03-04 16:30:00,1016.4499999999999
2026-03-04 16:40:00,1016.37
2026-03-04 16:50:00,1016.4599999999999
2026-03-04 17:00:00,1016.54
2026-03-04 17:10:00,1016.56
2026-03-04 17:20:00,1016.65
2026-03-04 17:30:00,1016.8
2026-03-04 17:40:00,1016.8199999999999
2026-03-04 17:50:00,1016.89
2026-03-04 18:00:00,1017.02
2026-03-04 18:10:00,1017.12
2026-03-04 18:20:00,1017.16
2026-03-04 18:30:00,1017.26
2026-03-04 18:40:00,1017.41
2026-03-04 18:50:00,1017.56
2026-03-04 19:00:00,1017.61
2026-03-04 19:10:00,1017.72
2026-03-04 19:20:00,1017.93
2026-03-04 19:30:00,1017.9599999999999
2026-03-04 19:40:00,1017.9599999999999
2026-03-04 19:50:00,1018.01
2026-03-04 20:00:00,1017.92
2026-03-04 20:10:00,1017.9599999999999
2026-03-04 20:20:00,1017.9399999999999
2026-03-04 20:30:00,1017.92
2026-03-04 20:40:00,1018.03
2026-03-04 20:50:00,1018.02
2026-03-04 21:00:00,1018.2099999999999
2026-03-04 21:10:00,1018.29
2026-03-04 21:20:00,1018.4499999999999
2026-03-04 21:30:00,1018.52
2026-03-04 21:40:00,1018.73
2026-03-04 21:50:00,1018.93
2026-03-04 22:00:00,1018.97
2026-03-04 22:10:00,1019.04
2026-03-04 22:20:00,1019.0699999999999
2026-03-04 22:30:00,1019.14
2026-03-04 22:40:00,1019.09
2026-03-04 22:50:00,1019.09
2026-03-04 23:00:00,1019.04
2026-03-04 23:10:00,1019.04
2026-03-04 23:20:00,1018.98
2026-03-04 23:30:00,1018.84
2026-03-04 23:40:00,1018.72
2026-03-04 23:50:00,1018.54
2026-03-05 00:00:00,1018.36
2026-03-05 00:10:00,1018.25
2026-03-05 00:20:00,1018.2099999999999
2026-03-05 00:30:00,1018.01
2026-03-05 00:40:00,1017.92
2026-03-05 00:50:00,1017.75
2026-03-05 01:00:00,1017.61
2026-03-05 01:10:00,1017.43
2026-03-05 01:20:00,1017.3
2026-03-05 01:30:00,1017.22
2026-03-05 01:40:00,1017.01
2026-03-05 01:50:00,1016.9
2026-03-05 02:00:00,1016.76
2026-03-05 02:10:00,1016.63
2026-03-05 02:20:00,1016.6
2026-03-05 02:30:00,1016.49
2026-03-05 02:40:00,1016.38
2026-03-05 02:50:00,1016.35
2026-03-05 03:00:00,1016.3199999999999
2026-03-05 03:10:00,1016.34
2026-03-05 03:20:00,1016.3199999999999
2026-03-05 03:30:00,1016.3
2026-03-05 03:40:00,1016.31
2026-03-05 03:50:00,1016.3
2026-03-05 04:00:00,1016.3299999999999
2026-03-05 04:10:00,1016.4499999999999
2026-03-05 04:20:00,1016.53
2026-03-05 04:30:00,1016.6
2026-03-05 04:40:00,1016.66
2026-03-05 04:50:00,1016.8299999999999
2026-03-05 05:00:00,1016.91
2026-03-05 05:10:00,1017
2026-03-05 05:20:00,1017.2099999999999
2026-03-05 05:30:00,1017.4399999999999
2026-03-05 05:40:00,1017.54
2026-03-05 05:50:00,1017.5699999999999
2026-03-05 06:00:00,1017.75
2026-03-05 06:10:00,1017.89
2026-03-05 06:20:00,1018.03
2026-03-05 06:30:00,1018.18
2026-03-05 06:40:00,1018.4
2026-03-05 06:50:00,1018.65
2026-03-05 07:00:00,1018.72
2026-03-05 07:10:00,1018.79
2026-03-05 07:20:00,1018.85
2026-03-05 07:30:00,1019.01
2026-03-05 07:40:00,1019.11
2026-03-05 07:50:00,1019.12
2026-03-05 08:00:00,1019.17
2026-03-05 08:10:00,1019.14
2026-03-05 08:20:00,1019.16
2026-03-05 08:30:00,1019.1999999999999
2026-03-05 08:40:00,1019.3
2026-03-05 08:50:00,1019.29
2026-03-05 09:00:00,1019.31
2026-03-05 09:10:00,1019.3299999999999
2026-03-05 09:20:00,1019.38
2026-03-05 09:30:00,1019.37
2026-03-05 09:40:00,1019.4
2026-03-05 09:50:00,1019.39
2026-03-05 10:00:00,1019.27
2026-03-05 10:10:00,1019.16
2026-03-05 10:20:00,1019.11
2026-03-05 10:30:00,1018.98
2026-03-05 10:40:00,1018.91
2026-03-05 10:50:00,1018.87
2026-03-05 11:00:00,1018.86
2026-03-05 11:10:00,1018.73
2026-03-05 11:30:00,1018.43
2026-03-05 11:40:00,1018.4399999999999
2026-03-05 11:50:00,1018.17
2026-03-05 12:00:00,1018.1
2026-03-05 12:10:00,1018
2026-03-05 12:20:00,1017.9
2026-03-05 12:30:00,1017.74
2026-03-05 12:40:00,1017.55
2026-03-05 12:50:00,1017.3199999999999
2026-03-05 13:00:00,1017.0799999999999
2026-03-05 13:10:00,1016.93
2026-03-05 13:20:00,1016.8
2026-03-05 13:30:00,1016.65
2026-03-05 13:40:00,1016.61
2026-03-05 13:50:00,1016.5799999999999
2026-03-05 14:00:00,1016.4499999999999
2026-03-05 14:10:00,1016.42
2026-03-05 14:20:00,1016.3199999999999
2026-03-05 14:30:00,1016.29
2026-03-05 14:40:00,1016.2099999999999
2026-03-05 14:50:00,1016.18
2026-03-05 15:00:00,1016.1999999999999
2026-03-05 15:10:00,1016.25
2026-03-05 15:20:00,1016.25
2026-03-05 15:30:00,1016.17
2026-03-05 15:40:00,1016.14
2026-03-05 15:50:00,1016.1899999999999
2026-03-05 16:00:00,1016.1999999999999
2026-03-05 16:10:00,1016.23
2026-03-05 16:20:00,1016.3299999999999
2026-03-05 16:30:00,1016.42
2026-03-05 16:40:00,1016.34
2026-03-05 16:50:00,1016.39
2026-03-05 17:00:00,1016.38
2026-03-05 17:10:00,1016.4599999999999
2026-03-05 17:20:00,1016.53
2026-03-05 17:30:00,1016.7099999999999
2026-03-05 17:40:00,1016.9599999999999
2026-03-05 17:50:00,1017.04
2026-03-05 18:00:00,1017.13
2026-03-05 18:10:00,1017.23
2026-03-05 18:20:00,1017.5
2026-03-05 18:30:00,1017.5799999999999
2026-03-05 18:40:00,1017.66
2026-03-05 18:50:00,1017.76
2026-03-05 19:00:00,1017.8199999999999
2026-03-05 19:10:00,1017.88
2026-03-05 19:20:00,1018.0699999999999
2026-03-05 19:30:00,1018.24
2026-03-05 19:40:00,1018.47
2026-03-05 19:50:00,1018.64
2026-03-05 20:00:00,1018.7099999999999
2026-03-05 20:10:00,1018.9
2026-03-05 20:20:00,1018.97
2026-03-05 20:30:00,1019.02
2026-03-05 20:40:00,1019.0020000000001
2026-03-05 20:50:00,1018.9800000000001
2026-03-05 21:00:00,1019.1
2026-03-05 21:10:00,1019.2149999999999
2026-03-05 21:20:00,1019.41
2026-03-05 21:30:00,1019.4499999999999
2026-03-05 21:40:00,1019.41
2026-03-05 21:50:00,1019.43
2026-03-05 22:00:00,1019.61
2026-03-05 22:10:00,1019.7099999999999
2026-03-05 22:20:00,1019.76
2026-03-05 22:30:00,1019.79
2026-03-05 22:40:00,1019.7833333333333
2026-03-05 22:50:00,1019.734
2026-03-05 23:00:00,1019.7125
2026-03-05 23:10:00,1019.5300000000001
2026-03-05 23:20:00,1019.28
2026-03-05 23:30:00,1019.1
2026-03-05 23:40:00,1018.97
2026-03-05 23:50:00,1018.84
2026-03-06 00:00:00,1018.73
2026-03-06 00:10:00,1018.64
2026-03-06 00:20:00,1018.65
2026-03-06 00:30:00,1018.51
2026-03-06 00:40:00,1018.25
2026-03-06 00:50:00,1018.09
2026-03-06 01:00:00,1018.02
2026-03-06 01:10:00,1017.98
2026-03-06 01:20:00,1017.88
2026-03-06 01:30:00,1017.67
2026-03-06 01:40:00,1017.5699999999999
2026-03-06 01:50:00,1017.52
2026-03-06 02:00:00,1017.47
2026-03-06 02:10:00,1017.7124999999999
2026-03-06 02:20:00,1017.7233333333334
2026-03-06 02:30:00,1017.6899999999999
2026-03-06 02:40:00,1017.825
2026-03-06 02:50:00,1017.915
2026-03-06 03:00:00,1017.9074999999999
2026-03-06 03:10:00,1017.89
2026-03-06 03:20:00,1017.52
2026-03-06 03:30:00,1017.51
2026-03-06 03:40:00,1017.4399999999999
2026-03-06 03:50:00,1017.53
2026-03-06 04:00:00,1017.62
2026-03-06 04:10:00,1017.74
2026-03-06 04:20:00,1017.8
2026-03-06 04:30:00,1017.75
2026-03-06 04:40:00,1017.79
2026-03-06 04:50:00,1017.68
2026-03-06 05:00:00,1017.91
2026-03-06 05:10:00,1017.9
2026-03-06 05:20:00,1018.02
2026-03-06 05:30:00,1018.16
2026-03-06 05:40:00,1018.27
2026-03-06 05:50:00,1018.37
2026-03-06 06:00:00,1018.4499999999999
2026-03-06 06:40:00,1019.41
2026-03-06 06:50:00,1019.4050000000001
2026-03-06 07:00:00,1019.35
2026-03-06 07:10:00,1019.22
2026-03-06 07:20:00,1019.37
2026-03-06 07:30:00,1019.42
2026-03-06 07:40:00,1019.54
2026-03-06 07:50:00,1019.64
2026-03-06 08:00:00,1019.67
2026-03-06 08:10:00,1019.86
2026-03-06 08:20:00,1019.98
2026-03-06 08:30:00,1020.09
2026-03-06 08:40:00,1020.11
2026-03-06 08:50:00,1020.2099999999999
2026-03-06 09:00:00,1020.23
2026-03-06 09:10:00,1020.52
2026-03-06 09:20:00,1020.49
2026-03-06 09:30:00,1020.54
2026-03-06 09:40:00,1020.59
2026-03-06 09:50:00,1020.5699999999999
2026-03-06 10:00:00,1020.61
2026-03-06 10:10:00,1020.67
2026-03-06 10:20:00,1020.74
2026-03-06 10:30:00,1020.79
2026-03-06 10:40:00,1020.61
2026-03-06 10:50:00,1020.61
2026-03-06 11:00:00,1020.56
2026-03-06 11:10:00,1020.48
2026-03-06 11:20:00,1020.4499999999999
2026-03-06 11:30:00,1020.35
2026-03-06 11:40:00,1020.0799999999999
2026-03-06 11:50:00,1019.85
2026-03-06 12:00:00,1019.66
2026-03-06 12:10:00,1019.4499999999999
2026-03-06 12:20:00,1019.37
2026-03-06 12:30:00,1019.17
2026-03-06 12:40:00,1019.09
2026-03-06 12:50:00,1018.9499999999999
2026-03-06 13:00:00,1018.8
2026-03-06 13:10:00,1018.65
2026-03-06 13:20:00,1018.4399999999999
2026-03-06 13:30:00,1018.22
2026-03-06 13:40:00,1017.98
2026-03-06 13:50:00,1017.8199999999999
2026-03-06 14:00:00,1017.6999999999999
2026-03-06 14:10:00,1017.6
2026-03-06 14:20:00,1017.3299999999999
2026-03-06 14:30:00,1017.14
2026-03-06 14:40:00,1017.05
2026-03-06 14:50:00,1017.01
2026-03-06 15:00:00,1016.86
2026-03-06 15:10:00,1016.8199999999999
2026-03-06 15:20:00,1016.79
2026-03-06 15:30:00,1016.86
2026-03-06 15:40:00,1016.78
2026-03-06 15:50:00,1016.73
2026-03-06 16:00:00,1016.68
2026-03-06 16:10:00,1016.8299999999999
2026-03-06 16:20:00,1016.93
2026-03-06 16:30:00,1017
2026-03-06 16:40:00,1017.13
2026-03-06 16:50:00,1017.05
2026-03-06 17:00:00,1017.04
2026-03-06 17:10:00,1017.0699999999999
2026-03-06 17:20:00,1017.09
2026-03-06 17:30:00,1017.14
2026-03-06 17:40:00,1017.15
2026-03-06 17:50:00,1017.13
2026-03-06 18:00:00,1017.38
2026-03-06 18:10:00,1017.3199999999999
2026-03-06 18:20:00,1017.55
2026-03-06 18:30:00,1017.81
2026-03-06 18:40:00,1017.87
2026-03-06 18:50:00,1018.01
2026-03-06 19:00:00,1018.1999999999999
2026-03-06 19:10:00,1018.31
2026-03-06 19:20:00,1018.53
2026-03-06 19:30:00,1018.5799999999999
2026-03-06 19:40:00,1018.7099999999999
2026-03-06 19:50:00,1018.89
2026-03-06 20:00:00,1018.84
2026-03-06 20:10:00,1018.89
2026-03-06 20:20:00,1019.09
2026-03-06 20:30:00,1019.16
2026-03-06 20:40:00,1019.34
2026-03-06 20:50:00,1019.47
2026-03-06 21:00:00,1019.51
2026-03-06 21:10:00,1019.59
2026-03-06 21:20:00,1019.5799999999999
2026-03-06 21:30:00,1019.51
2026-03-06 21:40:00,1019.59
2026-03-06 21:50:00,1019.74
2026-03-06 22:00:00,1019.75
2026-03-06 22:10:00,1019.8299999999999
2026-03-06 22:20:00,1019.88
2026-03-06 22:30:00,1019.88
2026-03-06 22:40:00,1019.9399999999999
2026-03-06 22:50:00,1019.89
2026-03-06 23:00:00,1019.8199999999999
2026-03-06 23:10:00,1019.75
2026-03-06 23:20:00,1019.64
2026-03-06 23:30:00,1019.4599999999999
2026-03-06 23:40:00,1019.37
2026-03-06 23:50:00,1019.04
2026-03-07 00:00:00,1018.93
2026-03-07 00:10:00,1018.81
2026-03-07 00:20:00,1018.6999999999999
2026-03-07 00:30:00,1018.48
2026-03-07 00:40:00,1018.27
2026-03-07 00:50:00,1018.05
2026-03-07 01:00:00,1017.8199999999999
2026-03-07 01:10:00,1017.66
2026-03-07 01:20:00,1017.4399999999999
2026-03-07 01:30:00,1017.37
2026-03-07 01:40:00,1017.23
2026-03-07 01:50:00,1017.1999999999999
2026-03-07 02:00:00,1017.06
2026-03-07 02:10:00,1016.98
2026-03-07 02:20:00,1016.8199999999999
2026-03-07 02:30:00,1016.68
2026-03-07 02:40:00,1016.63
2026-03-07 02:50:00,1016.6899999999999
2026-03-07 03:00:00,1016.6
2026-03-07 03:10:00,1016.52
2026-03-07 03:20:00,1016.51
2026-03-07 03:30:00,1016.4599999999999
2026-03-07 03:40:00,1016.49
2026-03-07 03:50:00,1016.49
2026-03-07 04:00:00,1016.49
2026-03-07 04:10:00,1016.54
2026-03-07 04:20:00,1016.61
2026-03-07 04:30:00,1016.63
2026-03-07 04:40:00,1016.72
2026-03-07 04:50:00,1016.78
2026-03-07 05:00:00,1016.86
2026-03-07 05:10:00,1017.09
2026-03-07 05:20:00,1017.1899999999999
2026-03-07 05:30:00,1017.38
2026-03-07 05:40:00,1017.4499999999999
2026-03-07 05:50:00,1017.5
2026-03-07 06:00:00,1017.5699999999999
2026-03-07 06:10:00,1017.73
2026-03-07 06:20:00,1017.81
2026-03-07 06:30:00,1017.9599999999999
2026-03-07 06:40:00,1018.05
2026-03-07 06:50:00,1018.12
2026-03-07 07:00:00,1018.25
2026-03-07 07:10:00,1018.39
2026-03-07 07:20:00,1018.59
2026-03-07 07:30:00,1018.78
2026-03-07 07:40:00,1018.92
2026-03-07 07:50:00,1019.09
2026-03-07 08:00:00,1019.24
2026-03-07 08:10:00,1019.36
2026-03-07 08:20:00,1019.55
2026-03-07 08:30:00,1019.7249999999999
2026-03-07 08:40:00,1019.75
2026-03-07 08:50:00,1019.8
2026-03-07 09:00:00,1019.73
2026-03-07 09:10:00,1019.68
2026-03-07 09:20:00,1019.5
2026-03-07 09:30:00,1019.43
2026-03-07 09:40:00,1019.4399999999999
2026-03-07 09:50:00,1019.42
2026-03-07 10:00:00,1019.39
2026-03-07 10:10:00,1019.3199999999999
2026-03-07 10:20:00,1019.1999999999999
2026-03-07 10:30:00,1019.09
2026-03-07 10:40:00,1019.02
2026-03-07 10:50:00,1018.89
2026-03-07 11:00:00,1018.6999999999999
2026-03-07 11:10:00,1018.52
2026-03-07 11:20:00,1018.3
2026-03-07 11:30:00,1018.23
2026-03-07 11:40:00,1018.11
2026-03-07 11:50:00,1018.15
2026-03-07 12:00:00,1018.12
2026-03-07 12:10:00,1018.0699999999999
2026-03-07 12:20:00,1017.99
2026-03-07 12:30:00,1017.81
2026-03-07 12:40:00,1017.68
2026-03-07 12:50:00,1017.5799999999999
2026-03-07 13:00:00,1017.42
2026-03-07 13:10:00,1017.15
2026-03-07 13:20:00,1016.99
2026-03-07 13:30:00,1016.77
2026-03-07 13:40:00,1016.59
2026-03-07 13:50:00,1016.43
2026-03-07 14:00:00,1016.3199999999999
2026-03-07 14:10:00,1016.26
2026-03-07 14:20:00,1016.1899999999999
2026-03-07 14:30:00,1016.02
2026-03-07 14:40:00,1015.89
2026-03-07 14:50:00,1015.88
2026-03-07 15:00:00,1015.86
2026-03-07 15:10:00,1015.78
2026-03-07 15:20:00,1015.8199999999999
2026-03-07 15:30:00,1015.79
2026-03-07 15:40:00,1015.84
2026-03-07 15:50:00,1015.88
2026-03-07 16:00:00,1015.8199999999999
2026-03-07 16:10:00,1015.89
2026-03-07 16:20:00,1015.99
2026-03-07 16:30:00,1016.14
2026-03-07 16:40:00,1016.15
2026-03-07 16:50:00,1016.16
2026-03-07 17:00:00,1016.28
2026-03-07 17:10:00,1016.4
2026-03-07 17:20:00,1016.42
2026-03-07 17:30:00,1016.39
2026-03-07 17:40:00,1016.51
2026-03-07 17:50:00,1016.5799999999999
2026-03-07 18:00:00,1016.7099999999999
2026-03-07 18:10:00,1016.84
2026-03-07 18:20:00,1016.93
2026-03-07 18:30:00,1017.09
2026-03-07 18:40:00,1017.28
2026-03-07 18:50:00,1017.35
2026-03-07 19:00:00,1017.4499999999999
2026-03-07 19:10:00,1017.47
2026-03-07 19:20:00,1017.51
2026-03-07 19:30:00,1017.64
2026-03-07 19:40:00,1017.6999999999999
2026-03-07 19:50:00,1017.8
2026-03-07 20:00:00,1017.9499999999999
2026-03-07 20:10:00,1017.97
2026-03-07 20:20:00,1018.0699999999999
2026-03-07 20:30:00,1018.23
2026-03-07 20:40:00,1018.38
2026-03-07 20:50:00,1018.38
2026-03-07 21:00:00,1018.35
2026-03-07 21:10:00,1018.4499999999999
2026-03-07 21:20:00,1018.4
2026-03-07 21:30:00,1018.59
2026-03-07 21:40:00,1018.68
2026-03-07 21:50:00,1018.75
2026-03-07 22:00:00,1018.7249999999999
2026-03-07 22:10:00,1018.66
2026-03-07 22:20:00,1018.47
2026-03-07 22:30:00,1018.49
2026-03-07 22:40:00,1018.4599999999999
2026-03-07 22:50:00,1018.49
2026-03-07 23:00:00,1018.4499999999999
2026-03-07 23:10:00,1018.41
2026-03-07 23:20:00,1018.39
2026-03-07 23:30:00,1018.1999999999999
2026-03-07 23:40:00,1017.97
2026-03-07 23:50:00,1017.74
2026-03-08 00:00:00,1017.65
2026-03-08 00:10:00,1017.42
2026-03-08 00:20:00,1017.3299999999999
2026-03-08 00:30:00,1017.22
2026-03-08 00:40:00,1017.0799999999999
2026-03-08 00:50:00,1016.98
2026-03-08 01:00:00,1016.75
2026-03-08 01:10:00,1016.6899999999999
2026-03-08 01:20:00,1016.5
2026-03-08 01:30:00,1016.37
2026-03-08 01:40:00,1016.29
2026-03-08 01:50:00,1016.2099999999999
2026-03-08 02:00:00,1016.2099999999999
2026-03-08 02:10:00,1016.28
2026-03-08 02:20:00,1016.27
2026-03-08 02:30:00,1016.29
2026-03-08 02:40:00,1016.31
2026-03-08 02:50:00,1016.37
2026-03-08 03:00:00,1016.42
2026-03-08 03:10:00,1016.41
2026-03-08 03:20:00,1016.5
2026-03-08 03:30:00,1016.42
2026-03-08 03:40:00,1016.35
2026-03-08 03:50:00,1016.49
2026-03-08 04:00:00,1016.53
2026-03-08 04:10:00,1016.56
2026-03-08 04:20:00,1016.52
2026-03-08 04:30:00,1016.68
2026-03-08 04:40:00,1016.73
2026-03-08 04:50:00,1016.75
2026-03-08 05:00:00,1016.86
2026-03-08 05:10:00,1016.88
2026-03-08 05:20:00,1017.1
2026-03-08 05:30:00,1017.06
2026-03-08 05:40:00,1017.13
2026-03-08 05:50:00,1017.24
2026-03-08 06:00:00,1017.3299999999999
2026-03-08 06:10:00,1017.4599999999999
2026-03-08 06:20:00,1017.65
2026-03-08 06:30:00,1017.79
2026-03-08 06:50:00,1018.15
2026-03-08 07:00:00,1018.31
2026-03-08 07:10:00,1018.3199999999999
2026-03-08 07:20:00,1018.54
2026-03-08 07:30:00,1018.5799999999999
2026-03-08 07:40:00,1018.65
2026-03-08 08:00:00,1018.72
2026-03-08 08:10:00,1018.84
2026-03-08 08:20:00,1018.91
2026-03-08 08:30:00,1018.9499999999999
2026-03-08 08:40:00,1019.05
2026-03-08 08:50:00,1019.0699999999999
2026-03-08 09:00:00,1019.1999999999999
2026-03-08 09:10:00,1019.36
2026-03-08 09:20:00,1019.31
2026-03-08 09:30:00,1019.39
2026-03-08 09:40:00,1019.15
2026-03-08 09:50:00,1019.09
2026-03-08 10:00:00,1019.1999999999999
2026-03-08 10:10:00,1018.98
2026-03-08 10:20:00,1018.9599999999999
2026-03-08 10:30:00,1018.8299999999999
2026-03-08 10:40:00,1018.6899999999999
2026-03-08 10:50:00,1018.62
2026-03-08 11:00:00,1018.3199999999999
2026-03-08 11:10:00,1018.34
2026-03-08 11:20:00,1018.31
2026-03-08 11:30:00,1018.31
2026-03-08 11:40:00,1018.34
2026-03-08 11:50:00,1018.22
2026-03-08 12:00:00,1018.16
2026-03-08 12:10:00,1018
2026-03-08 12:20:00,1017.86
2026-03-08 12:30:00,1017.76
2026-03-08 12:40:00,1017.49
2026-03-08 12:50:00,1017.3
2026-03-08 13:00:00,1017.0799999999999
2026-03-08 13:10:00,1016.98
2026-03-08 13:20:00,1016.77
2026-03-08 13:30:00,1016.5799999999999
2026-03-08 13:40:00,1016.48
2026-03-08 13:50:00,1016.35
2026-03-08 14:00:00,1016.1899999999999
2026-03-08 14:10:00,1016.03
2026-03-08 14:20:00,1015.9399999999999
2026-03-08 14:30:00,1015.9
2026-03-08 14:40:00,1015.9
2026-03-08 14:50:00,1015.88
2026-03-08 15:00:00,1015.8
2026-03-08 15:10:00,1015.9399999999999
2026-03-08 15:20:00,1015.84
2026-03-08 15:30:00,1016
2026-03-08 15:40:00,1016.11
2026-03-08 15:50:00,1016.15
2026-03-08 16:00:00,1016.24
2026-03-08 16:10:00,1016.2099999999999
2026-03-09 11:00:00,1021.01
2026-03-09 11:10:00,1020.85
2026-03-09 11:20:00,1020.68
2026-03-09 11:30:00,1020.59
2026-03-09 11:40:00,1020.37
2026-03-09 11:50:00,1020.23
2026-03-09 12:00:00,1020.06
2026-03-09 12:10:00,1019.8
2026-03-09 12:20:00,1019.65
2026-03-09 12:30:00,1019.51
2026-03-09 12:40:00,1019.36
2026-03-09 12:50:00,1019.27
2026-03-09 13:00:00,1019.24
2026-03-09 13:10:00,1019.09
2026-03-09 13:20:00,1018.93
2026-03-09 13:30:00,1018.81
2026-03-09 13:40:00,1018.74
2026-03-09 13:50:00,1018.68
2026-03-09 14:00:00,1018.52
2026-03-09 14:10:00,1018.1999999999999
2026-03-09 14:20:00,1018.1
2026-03-09 14:30:00,1018.01
2026-03-09 14:40:00,1017.98
2026-03-09 14:50:00,1017.89
2026-03-09 15:00:00,1017.85
2026-03-09 15:10:00,1017.75
2026-03-09 15:20:00,1017.76
2026-03-09 15:30:00,1017.73
2026-03-09 15:40:00,1017.78
2026-03-09 15:50:00,1017.8299999999999
2026-03-09 16:00:00,1017.86
2026-03-09 16:10:00,1017.78
2026-03-09 16:20:00,1017.75
2026-03-09 16:30:00,1017.98
2026-03-09 16:40:00,1018.02
2026-03-09 16:50:00,1018.02
2026-03-09 17:00:00,1018.1
2026-03-09 17:10:00,1018.17
2026-03-09 17:20:00,1018.23
2026-03-09 17:30:00,1018.37
2026-03-09 17:40:00,1018.41
2026-03-09 17:50:00,1018.43
2026-03-09 18:00:00,1018.43
2026-03-09 18:10:00,1018.43
2026-03-09 18:20:00,1018.4399999999999
2026-03-09 18:30:00,1018.5699999999999
2026-03-09 18:40:00,1018.74
2026-03-09 18:50:00,1018.85
2026-03-09 19:00:00,1019.06
2026-03-09 19:10:00,1019.1
2026-03-09 19:20:00,1019.2099999999999
2026-03-09 19:30:00,1019.42
2026-03-09 19:40:00,1019.6
2026-03-09 19:50:00,1019.74
2026-03-09 20:00:00,1019.77
2026-03-09 20:10:00,1019.85
2026-03-09 20:20:00,1019.9599999999999
2026-03-09 20:30:00,1020.09
2026-03-09 20:40:00,1020.18
2026-03-09 20:50:00,1020.22
2026-03-09 21:00:00,1020.17
2026-03-09 21:10:00,1020.3
2026-03-09 21:20:00,1020.28
2026-03-09 21:30:00,1020.3299999999999
2026-03-09 21:40:00,1020.22
2026-03-09 21:50:00,1020.24
2026-03-09 22:00:00,1020.27
2026-03-09 22:10:00,1020.3
2026-03-09 22:20:00,1020.28
2026-03-09 22:30:00,1020.41
2026-03-09 22:40:00,1020.39
2026-03-09 22:50:00,1020.3299999999999
2026-03-09 23:00:00,1020.25
2026-03-09 23:10:00,1020.18
2026-03-09 23:20:00,1020.18
2026-03-09 23:30:00,1020.14
2026-03-09 23:40:00,1020.09
2026-03-09 23:50:00,1019.89
2026-03-10 00:00:00,1019.73
2026-03-10 00:10:00,1019.56
2026-03-10 00:20:00,1019.39
2026-03-10 00:30:00,1019.3199999999999
2026-03-10 00:40:00,1019.31
2026-03-10 00:50:00,1019.27
2026-03-10 01:00:00,1019.1
2026-03-10 01:10:00,1019.05
2026-03-10 01:20:00,1019
2026-03-10 01:30:00,1018.9499999999999
2026-03-10 01:40:00,1018.93
2026-03-10 01:50:00,1018.78
2026-03-10 02:00:00,1018.84
2026-03-10 02:10:00,1018.91
2026-03-10 02:20:00,1018.92
2026-03-10 02:30:00,1019.02
2026-03-10 02:40:00,1018.91
2026-03-10 02:50:00,1018.86
2026-03-10 03:00:00,1018.9499999999999
2026-03-10 03:10:00,1018.86
2026-03-10 03:20:00,1018.8299999999999
2026-03-10 03:30:00,1018.85
2026-03-10 03:40:00,1019.03
2026-03-10 03:50:00,1018.99
2026-03-10 04:00:00,1018.98
2026-03-10 04:10:00,1018.88
2026-03-10 04:20:00,1018.93
2026-03-10 04:30:00,1018.93
2026-03-10 04:40:00,1019.03
2026-03-10 04:50:00,1019.15
2026-03-10 05:00:00,1019.1
2026-03-10 05:10:00,1019.16
2026-03-10 05:20:00,1019.18
2026-03-10 05:30:00,1019.17
2026-03-10 05:40:00,1019.34
2026-03-10 05:50:00,1019.4599999999999
2026-03-10 06:00:00,1019.53
2026-03-10 06:10:00,1019.79
2026-03-10 06:20:00,1019.99
2026-03-10 06:30:00,1020.0799999999999
2026-03-10 06:40:00,1020.25
2026-03-10 06:50:00,1020.4599999999999
2026-03-10 07:00:00,1020.37
2026-03-10 07:10:00,1020.48
2026-03-10 07:20:00,1020.56
2026-03-10 07:30:00,1020.75
2026-03-10 08:20:00,1020.9499999999999
2026-03-10 08:30:00,1020.98
2026-03-10 08:40:00,1021.05
2026-03-10 08:50:00,1021.26
2026-03-10 09:00:00,1021.3299999999999
2026-03-10 09:10:00,1021.39
2026-03-10 09:20:00,1021.51
2026-03-10 09:30:00,1021.56
2026-03-10 09:40:00,1021.5799999999999
2026-03-10 09:50:00,1021.62
2026-03-10 10:00:00,1021.5699999999999
2026-03-10 10:10:00,1021.4399999999999
2026-03-10 10:20:00,1021.47
2026-03-10 10:30:00,1021.4499999999999
2026-03-10 10:40:00,1021.38
2026-03-10 10:50:00,1021.3199999999999
2026-03-10 11:00:00,1021.1899999999999
2026-03-10 11:10:00,1021.13
2026-03-10 11:20:00,1021.16
2026-03-10 11:30:00,1020.98
2026-03-10 11:40:00,1020.84
2026-03-10 11:50:00,1020.8299999999999
2026-03-10 12:00:00,1020.74
2026-03-10 12:10:00,1020.68
2026-03-10 12:20:00,1020.5799999999999
2026-03-10 12:30:00,1020.5
2026-03-10 12:40:00,1020.4499999999999
2026-03-10 12:50:00,1020.31
2026-03-10 13:00:00,1020.29
2026-03-10 13:10:00,1020.18
2026-03-10 13:20:00,1020.14
2026-03-10 13:30:00,1020.1
2026-03-10 13:40:00,1019.9599999999999
2026-03-10 13:50:00,1019.8
2026-03-10 14:00:00,1019.62
2026-03-10 14:10:00,1019.56
2026-03-10 14:20:00,1019.4599999999999
2026-03-10 14:30:00,1019.37
2026-03-10 14:40:00,1019.34
2026-03-10 14:50:00,1019.1899999999999
2026-03-10 15:00:00,1019.04
2026-03-10 15:10:00,1019.0699999999999
2026-03-10 15:20:00,1019.16
2026-03-10 15:30:00,1019.16
2026-03-10 15:40:00,1019.03
2026-03-10 15:50:00,1019.01
2026-03-10 16:00:00,1019.04
2026-03-10 16:10:00,1018.89
2026-03-10 16:20:00,1019.01
2026-03-10 16:30:00,1019.09
2026-03-10 17:20:00,1019.15
2026-03-10 17:30:00,1019.27
2026-03-10 17:40:00,1019.29
2026-03-10 17:50:00,1019.29
2026-03-10 18:00:00,1019.3
2026-03-10 18:10:00,1019.35
2026-03-10 18:20:00,1019.5699999999999
2026-03-10 18:30:00,1019.6899999999999
2026-03-10 18:40:00,1019.8
2026-03-10 20:20:00,1020.6
2026-03-10 20:30:00,1020.67
2026-03-10 20:40:00,1020.74
2026-03-10 20:50:00,1020.8199999999999
2026-03-10 21:00:00,1020.9599999999999
2026-03-10 21:10:00,1020.97
2026-03-10 22:00:00,1021.24
2026-03-10 22:10:00,1021.28
2026-03-10 22:20:00,1021.1999999999999
2026-03-10 22:30:00,1021.1899999999999
2026-03-10 22:40:00,1021.12
2026-03-10 22:50:00,1021.02
2026-03-10 23:00:00,1020.91
2026-03-10 23:10:00,1020.84
2026-03-10 23:20:00,1020.8
2026-03-10 23:30:00,1020.68
2026-03-10 23:40:00,1020.5
2026-03-10 23:50:00,1020.38
2026-03-11 00:00:00,1020.24
2026-03-11 00:10:00,1020.23
2026-03-11 00:20:00,1020.09
2026-03-11 00:30:00,1020
2026-03-11 00:40:00,1019.9399999999999
2026-03-11 00:50:00,1019.92
2026-03-11 01:00:00,1019.76
2026-03-11 01:10:00,1019.76
2026-03-11 01:20:00,1019.61
2026-03-11 01:30:00,1019.65
2026-03-11 01:40:00,1019.34
2026-03-11 01:50:00,1019.23
2026-03-11 02:00:00,1019.31
2026-03-11 02:10:00,1019.1999999999999
2026-03-11 02:20:00,1019.11
2026-03-11 02:30:00,1019.02
2026-03-11 02:40:00,1018.9399999999999
2026-03-11 02:50:00,1018.85
2026-03-11 03:00:00,1018.85
2026-03-11 03:10:00,1018.87
2026-03-11 03:20:00,1018.86
2026-03-11 03:30:00,1018.74
2026-03-11 03:40:00,1018.64
2026-03-11 03:50:00,1018.6
2026-03-11 04:00:00,1018.65
2026-03-11 04:10:00,1018.76
2026-03-11 04:20:00,1018.85
2026-03-11 04:30:00,1018.89
2026-03-11 04:40:00,1019.0699999999999
2026-03-11 04:50:00,1019.11
2026-03-11 05:00:00,1019.1899999999999
2026-03-11 05:10:00,1019.24
2026-03-11 05:20:00,1019.3299999999999
2026-03-11 05:30:00,1019.34
2026-03-11 05:40:00,1019.47
2026-03-11 05:50:00,1019.52
2026-03-11 06:00:00,1019.67
2026-03-11 06:10:00,1019.74
2026-03-11 06:20:00,1019.88
2026-03-11 06:30:00,1020.02
2026-03-11 06:40:00,1020.13
2026-03-11 06:50:00,1020.23
2026-03-11 07:00:00,1020.4399999999999
2026-03-11 07:10:00,1020.55
2026-03-11 07:20:00,1020.72
2026-03-11 07:30:00,1020.89
2026-03-11 07:40:00,1020.97
2026-03-11 07:50:00,1021.09
2026-03-11 08:00:00,1021.14
2026-03-11 08:10:00,1021.22
2026-03-11 08:20:00,1021.26
2026-03-11 08:30:00,1021.31
2026-03-11 08:40:00,1021.36
2026-03-11 08:50:00,1021.4399999999999
2026-03-11 09:00:00,1021.4
2026-03-11 09:10:00,1021.51
2026-03-11 09:20:00,1021.53
2026-03-11 09:30:00,1021.51
2026-03-11 09:40:00,1021.52
2026-03-11 09:50:00,1021.5
2026-03-11 10:00:00,1021.5699999999999
2026-03-11 10:10:00,1021.54
2026-03-11 10:20:00,1021.39
2026-03-11 10:30:00,1021.27
2026-03-11 10:40:00,1021.17
2026-03-11 10:50:00,1020.9599999999999
2026-03-11 11:00:00,1020.8299999999999
2026-03-11 11:10:00,1020.66
2026-03-11 11:20:00,1020.59
2026-03-11 11:30:00,1020.59
2026-03-11 11:40:00,1020.43
2026-03-11 11:50:00,1020.29
2026-03-11 12:00:00,1020.0799999999999
2026-03-11 12:10:00,1019.9499999999999
2026-03-11 12:20:00,1019.88
2026-03-11 12:30:00,1019.78
2026-03-11 12:40:00,1019.61
2026-03-11 12:50:00,1019.53
2026-03-11 13:00:00,1019.38
2026-03-11 13:10:00,1019.26
2026-03-11 13:20:00,1019.22
2026-03-11 13:30:00,1019.06
2026-03-11 13:40:00,1018.92
2026-03-11 13:50:00,1018.76
2026-03-11 14:00:00,1018.65
2026-03-11 14:10:00,1018.54
2026-03-11 14:20:00,1018.4599999999999
2026-03-11 14:30:00,1018.38
2026-03-11 14:40:00,1018.28
2026-03-11 14:50:00,1018.28
2026-03-11 15:00:00,1018.1999999999999
2026-03-11 15:10:00,1018.12
2026-03-11 15:20:00,1017.99
2026-03-11 15:30:00,1017.9599999999999
2026-03-11 15:40:00,1018
2026-03-11 15:50:00,1018.04
2026-03-11 16:00:00,1018.06
2026-03-11 16:10:00,1018.06
2026-03-11 16:20:00,1018.0799999999999
2026-03-11 16:30:00,1018.22
2026-03-11 16:40:00,1018.28
2026-03-11 16:50:00,1018.28
2026-03-11 17:00:00,1018.22
2026-03-11 17:10:00,1018.18
2026-03-11 17:20:00,1018.3299999999999
2026-03-11 17:30:00,1018.39
2026-03-11 17:40:00,1018.48
2026-03-11 17:50:00,1018.4499999999999
2026-03-11 18:00:00,1018.37
2026-03-11 18:10:00,1018.5799999999999
2026-03-11 18:20:00,1018.75
2026-03-11 18:30:00,1018.87
2026-03-11 18:40:00,1019.12
2026-03-11 18:50:00,1019.1999999999999
2026-03-11 19:00:00,1019.38
2026-03-11 19:10:00,1019.52
2026-03-11 19:20:00,1019.78
2026-03-11 19:30:00,1019.9
2026-03-11 19:40:00,1020.04
2026-03-11 19:50:00,1020.22
2026-03-11 20:00:00,1020.35
2026-03-11 20:10:00,1020.51
2026-03-11 20:20:00,1020.64
2026-03-11 20:30:00,1020.76
2026-03-11 20:40:00,1020.88
2026-03-11 20:50:00,1020.9599999999999
2026-03-11 21:00:00,1021.14
2026-03-11 21:10:00,1021.26
2026-03-11 21:20:00,1021.29
2026-03-11 21:30:00,1021.34
2026-03-11 21:40:00,1021.41
2026-03-11 21:50:00,1021.42
2026-03-11 22:00:00,1021.3
2026-03-11 22:10:00,1021.2099999999999
2026-03-11 22:20:00,1021.3299999999999
2026-03-11 22:30:00,1021.38
2026-03-11 22:40:00,1021.39
2026-03-11 22:50:00,1021.27
2026-03-11 23:00:00,1021.31
2026-03-11 23:10:00,1021.1899999999999
2026-03-11 23:20:00,1021.23
2026-03-11 23:30:00,1021.0699999999999
2026-03-11 23:40:00,1020.89
2026-03-11 23:50:00,1020.66
2026-03-12 00:00:00,1020.62
2026-03-12 00:10:00,1020.51
2026-03-12 00:20:00,1020.5619999999999
2026-03-12 00:30:00,1020.28
2026-03-12 00:40:00,1020.09
2026-03-12 00:50:00,1019.89
2026-03-12 01:00:00,1019.8199999999999
2026-03-12 01:10:00,1019.68
2026-03-12 01:20:00,1019.74
2026-03-12 01:30:00,1019.61
2026-03-12 01:40:00,1019.64
2026-03-12 01:50:00,1019.65
2026-03-12 02:00:00,1019.52
2026-03-12 02:10:00,1019.4599999999999
2026-03-12 02:20:00,1019.53
2026-03-12 02:30:00,1019.5
2026-03-12 02:40:00,1019.39
2026-03-12 02:50:00,1019.34
2026-03-12 03:00:00,1019.43
2026-03-12 03:10:00,1019.4
2026-03-12 03:20:00,1019.43
2026-03-12 03:30:00,1019.41
2026-03-12 03:40:00,1019.4499999999999
2026-03-12 03:50:00,1019.4599999999999
2026-03-12 04:00:00,1019.47
2026-03-12 04:10:00,1019.61
2026-03-12 04:20:00,1019.67
2026-03-12 04:30:00,1019.75
2026-03-12 04:40:00,1019.85
2026-03-12 04:50:00,1019.91
2026-03-12 05:00:00,1020.03
2026-03-12 05:10:00,1020.1
2026-03-12 05:20:00,1020.01
2026-03-12 05:30:00,1020.01
2026-03-12 05:40:00,1020.0799999999999
2026-03-12 05:50:00,1020.24
2026-03-12 06:00:00,1020.48
2026-03-12 06:10:00,1020.64
2026-03-12 06:20:00,1020.76
2026-03-12 06:30:00,1020.88
2026-03-12 06:40:00,1020.9499999999999
2026-03-12 06:50:00,1020.92
2026-03-12 07:00:00,1020.86
2026-03-12 07:10:00,1020.87
2026-03-12 07:20:00,1021.16
2026-03-12 07:30:00,1021.4
2026-03-12 07:40:00,1021.55
2026-03-12 07:50:00,1021.63
2026-03-12 08:00:00,1021.8199999999999
2026-03-12 08:10:00,1021.98
2026-03-12 08:20:00,1022.09
2026-03-12 08:30:00,1022.2099999999999
2026-03-12 08:40:00,1022.26
2026-03-12 08:50:00,1022.25
2026-03-12 09:00:00,1022.3299999999999
2026-03-12 09:10:00,1022.42
2026-03-12 09:20:00,1022.39
2026-03-12 09:30:00,1022.36
2026-03-12 09:40:00,1022.3299999999999
2026-03-12 09:50:00,1022.1999999999999
2026-03-12 10:00:00,1022.04
2026-03-12 10:10:00,1021.98
2026-03-12 10:20:00,1021.76
2026-03-12 10:30:00,1021.73
2026-03-12 10:40:00,1021.5799999999999
2026-03-12 10:50:00,1021.35
2026-03-12 11:00:00,1021.17
2026-03-12 11:10:00,1021.01
2026-03-12 11:20:00,1020.84
2026-03-12 11:30:00,1020.8
2026-03-12 11:40:00,1020.66
2026-03-12 11:50:00,1020.56
2026-03-12 12:00:00,1020.31
2026-03-12 12:10:00,1020.23
2026-03-12 12:20:00,1020.04
2026-03-12 12:30:00,1019.85
2026-03-12 12:40:00,1019.79
2026-03-12 12:50:00,1019.67
2026-03-12 13:00:00,1019.53
2026-03-12 13:10:00,1019.4599999999999
2026-03-12 13:20:00,1019.3299999999999
2026-03-12 13:30:00,1019.3
2026-03-12 13:40:00,1019.05
2026-03-12 13:50:00,1019.05
2026-03-12 14:00:00,1019.04
2026-03-12 14:10:00,1018.92
2026-03-12 14:20:00,1018.78
2026-03-12 14:30:00,1018.6899999999999
2026-03-12 14:40:00,1018.55
2026-03-12 14:50:00,1018.51
2026-03-12 15:00:00,1018.37
2026-03-12 15:10:00,1018.38
2026-03-12 15:20:00,1018.41
2026-03-12 15:30:00,1018.4399999999999
2026-03-12 15:40:00,1018.54
2026-03-12 15:50:00,1018.53
2026-03-12 16:00:00,1018.56
2026-03-12 16:10:00,1018.5799999999999
2026-03-12 16:20:00,1018.55
2026-03-12 16:30:00,1018.62
2026-03-12 16:40:00,1018.6
2026-03-12 16:50:00,1018.5799999999999
2026-03-12 17:00:00,1018.66
2026-03-12 17:10:00,1018.6999999999999
2026-03-12 17:20:00,1018.78
2026-03-12 17:30:00,1018.84
2026-03-12 17:40:00,1018.9399999999999
2026-03-12 17:50:00,1019.01
2026-03-12 18:00:00,1019.1
2026-03-12 18:10:00,1019.18
2026-03-12 18:20:00,1019.29
2026-03-12 18:30:00,1019.34
2026-03-12 18:40:00,1019.31
2026-03-12 18:50:00,1019.38
2026-03-12 19:00:00,1019.5699999999999
2026-03-12 19:10:00,1019.87
2026-03-12 19:20:00,1020.0799999999999
2026-03-12 19:30:00,1020.3199999999999
2026-03-12 19:40:00,1020.56
2026-03-12 19:50:00,1020.66
2026-03-12 20:00:00,1020.66
2026-03-12 20:10:00,1020.6999999999999
2026-03-12 20:20:00,1020.72
2026-03-12 20:30:00,1020.81
2026-03-12 20:40:00,1020.97
2026-03-12 20:50:00,1021.04
2026-03-12 21:00:00,1021.15
2026-03-12 21:10:00,1021.28
2026-03-12 21:20:00,1021.25
2026-03-12 21:30:00,1021.28
2026-03-12 21:40:00,1021.23
2026-03-12 22:00:00,1021.22
2026-03-12 22:10:00,1021.3
2026-03-12 22:20:00,1021.3299999999999
2026-03-12 22:30:00,1021.3299999999999
2026-03-12 22:40:00,1021.27
2026-03-12 22:50:00,1021.16
2026-03-12 23:00:00,1021
2026-03-12 23:10:00,1021.04
2026-03-12 23:20:00,1021
2026-03-12 23:30:00,1020.9499999999999
2026-03-12 23:40:00,1020.91
2026-03-12 23:50:00,1020.79
2026-03-13 00:00:00,1020.61
2026-03-13 00:10:00,1020.39
2026-03-13 00:20:00,1020.39
2026-03-13 00:30:00,1020.22
2026-03-13 00:40:00,1020.15
2026-03-13 00:50:00,1019.9499999999999
2026-03-13 01:00:00,1019.88
2026-03-13 01:10:00,1019.84
2026-03-13 01:20:00,1019.6999999999999
2026-03-13 01:30:00,1019.47
2026-03-13 01:40:00,1019.42
2026-03-13 01:50:00,1019.41
2026-03-13 02:00:00,1019.36
2026-03-13 02:10:00,1019.2099999999999
2026-03-13 02:20:00,1019.18
2026-03-13 02:30:00,1019.18
2026-03-13 02:40:00,1019.13
2026-03-13 02:50:00,1019.14
2026-03-13 03:00:00,1019.1999999999999
2026-03-13 03:10:00,1019.1999999999999
2026-03-13 03:20:00,1019.0799999999999
2026-03-13 03:30:00,1019.12
2026-03-13 03:40:00,1019.23
2026-03-13 03:50:00,1019.38
2026-03-13 04:00:00,1019.4599999999999
2026-03-13 04:10:00,1019.4
2026-03-13 04:20:00,1019.4399999999999
2026-03-13 04:30:00,1019.49
2026-03-13 04:40:00,1019.52
2026-03-13 04:50:00,1019.63
2026-03-13 05:00:00,1019.7099999999999
2026-03-13 05:10:00,1019.77
2026-03-13 05:20:00,1019.88
2026-03-13 05:30:00,1019.92
2026-03-13 05:40:00,1020.09
2026-03-13 05:50:00,1020.22
2026-03-13 06:00:00,1020.26
2026-03-13 06:10:00,1020.4399999999999
2026-03-13 06:20:00,1020.62
2026-03-13 06:30:00,1020.64
2026-03-13 06:40:00,1020.76
2026-03-13 06:50:00,1020.93
2026-03-13 07:00:00,1021.06
2026-03-13 07:10:00,1021.1999999999999
2026-03-13 07:20:00,1021.39
2026-03-13 07:30:00,1021.47
2026-03-13 07:40:00,1021.67
2026-03-13 07:50:00,1021.91
2026-03-13 08:00:00,1021.9399999999999
2026-03-13 08:10:00,1021.9599999999999
2026-03-13 08:20:00,1022.0699999999999
2026-03-13 08:30:00,1022.11
2026-03-13 08:40:00,1022.16
2026-03-13 08:50:00,1022.3299999999999
2026-03-13 09:00:00,1022.29
2026-03-13 09:10:00,1022.3199999999999
2026-03-13 09:20:00,1022.31
2026-03-13 09:30:00,1022.3199999999999
2026-03-13 09:40:00,1022.26
2026-03-13 09:50:00,1022.01
2026-03-13 10:00:00,1021.91
2026-03-13 10:10:00,1021.86
2026-03-13 10:20:00,1021.63
2026-03-13 10:30:00,1021.55
2026-03-13 10:40:00,1021.35
2026-03-13 10:50:00,1021.39
2026-03-13 11:00:00,1021.15
2026-03-13 11:10:00,1020.9399999999999
2026-03-13 11:20:00,1020.85
2026-03-13 11:30:00,1020.8299999999999
2026-03-13 11:40:00,1020.6999999999999
2026-03-13 11:50:00,1020.61
2026-03-13 12:00:00,1020.4499999999999
2026-03-13 12:10:00,1020.26
2026-03-13 12:20:00,1020.15
2026-03-13 12:30:00,1020.02
2026-03-13 12:40:00,1019.74
2026-03-13 12:50:00,1019.49
2026-03-13 13:00:00,1019.3
2026-03-13 13:10:00,1019.12
2026-03-13 13:20:00,1018.97
2026-03-13 13:30:00,1018.84
2026-03-13 13:40:00,1018.63
2026-03-13 13:50:00,1018.4599999999999
2026-03-13 14:00:00,1018.38
2026-03-13 14:10:00,1018.26
2026-03-13 14:20:00,1018
2026-03-13 14:30:00,1017.9399999999999
2026-03-13 14:40:00,1017.75
2026-03-13 14:50:00,1017.5699999999999
2026-03-13 15:00:00,1017.54
2026-03-13 15:10:00,1017.4
2026-03-13 15:20:00,1017.4
2026-03-13 15:30:00,1017.34
2026-03-13 15:40:00,1017.36
2026-03-13 15:50:00,1017.34
2026-03-13 16:00:00,1017.3199999999999
2026-03-13 16:10:00,1017.29
2026-03-13 16:20:00,1017.41
2026-03-13 16:30:00,1017.4599999999999
2026-03-13 16:40:00,1017.62
2026-03-13 16:50:00,1017.67
2026-03-13 17:40:00,1018.01
2026-03-13 17:50:00,1018.12
2026-03-13 18:00:00,1018.29
2026-03-13 18:10:00,1018.39
2026-03-13 18:20:00,1018.43
2026-03-13 18:30:00,1018.63
2026-03-13 18:40:00,1018.77
2026-03-13 18:50:00,1018.97
2026-03-13 19:00:00,1019.1
2026-03-13 19:10:00,1019.15
2026-03-13 19:20:00,1019.26
2026-03-13 19:30:00,1019.43
2026-03-13 19:40:00,1019.54
2026-03-13 19:50:00,1019.62
2026-03-13 20:00:00,1019.72
2026-03-13 20:10:00,1019.74
2026-03-13 20:20:00,1019.86
2026-03-13 20:30:00,1019.99
2026-03-13 20:40:00,1020.1
2026-03-13 20:50:00,1020.23
2026-03-13 21:00:00,1020.3199999999999
2026-03-13 21:10:00,1020.38
2026-03-13 21:20:00,1020.43
2026-03-13 21:30:00,1020.51
2026-03-13 21:40:00,1020.51
2026-03-13 21:50:00,1020.48
2026-03-13 22:00:00,1020.4399999999999
2026-03-13 22:10:00,1020.48
2026-03-13 22:20:00,1020.5
2026-03-13 22:30:00,1020.48
2026-03-13 22:40:00,1020.5
2026-03-13 22:50:00,1020.4
2026-03-13 23:00:00,1020.4599999999999
2026-03-13 23:10:00,1020.3299999999999
2026-03-13 23:20:00,1020.29
2026-03-13 23:30:00,1020.18
2026-03-13 23:40:00,1020.03
2026-03-13 23:50:00,1019.98
2026-03-14 00:00:00,1019.9599999999999
2026-03-14 00:10:00,1019.9499999999999
2026-03-14 00:20:00,1019.75
2026-03-14 00:30:00,1019.5799999999999
2026-03-14 00:40:00,1019.48
2026-03-14 00:50:00,1019.34
2026-03-14 01:00:00,1019.16
2026-03-14 01:10:00,1019.03
2026-03-14 01:20:00,1018.8
2026-03-14 01:30:00,1018.72
2026-03-14 01:40:00,1018.6999999999999
2026-03-14 01:50:00,1018.5
2026-03-14 02:00:00,1018.49
2026-03-14 02:10:00,1018.54
2026-03-14 02:20:00,1018.4499999999999
2026-03-14 02:30:00,1018.43
2026-03-14 02:40:00,1018.4499999999999
2026-03-14 02:50:00,1018.4499999999999
2026-03-14 03:00:00,1018.49
2026-03-14 03:10:00,1018.4399999999999
2026-03-14 03:20:00,1018.4
2026-03-14 03:30:00,1018.47
2026-03-14 03:40:00,1018.5799999999999
2026-03-14 03:50:00,1018.5799999999999
2026-03-14 04:00:00,1018.73
2026-03-14 04:10:00,1018.79
2026-03-14 04:20:00,1018.97
2026-03-14 04:30:00,1019.04
2026-03-14 04:40:00,1019.1999999999999
2026-03-14 04:50:00,1019.27
2026-03-14 05:00:00,1019.53
2026-03-14 05:10:00,1019.73
2026-03-14 05:20:00,1019.79
2026-03-14 05:30:00,1019.9
2026-03-14 05:40:00,1020.04
2026-03-14 05:50:00,1020.11
2026-03-14 06:00:00,1020.31
2026-03-14 06:10:00,1020.42
2026-03-14 07:10:00,1021.11
2026-03-14 07:20:00,1021.16
2026-03-14 07:30:00,1021.27
2026-03-14 07:40:00,1021.49
2026-03-14 07:50:00,1021.6
2026-03-14 08:00:00,1021.68
2026-03-14 08:10:00,1021.6899999999999
2026-03-14 08:20:00,1021.73
2026-03-14 08:30:00,1021.88
2026-03-14 08:40:00,1021.91
2026-03-14 08:50:00,1021.93
2026-03-14 09:00:00,1022.11
2026-03-14 09:10:00,1022.26
2026-03-14 09:20:00,1022.4
2026-03-14 09:30:00,1022.39
2026-03-14 09:40:00,1022.4
2026-03-14 09:50:00,1022.34
2026-03-14 10:00:00,1022.1999999999999
2026-03-14 10:10:00,1022.1
2026-03-14 10:20:00,1021.98
2026-03-14 10:30:00,1021.8199999999999
2026-03-14 10:40:00,1021.78
2026-03-14 10:50:00,1021.53
2026-03-14 11:00:00,1021.49
2026-03-14 11:10:00,1021.3299999999999
2026-03-14 11:20:00,1021.18
2026-03-14 11:30:00,1021.04
2026-03-14 11:40:00,1020.91
2026-03-14 11:50:00,1020.8
2026-03-14 12:00:00,1020.62
2026-03-14 12:10:00,1020.55
2026-03-14 12:20:00,1020.3299999999999
2026-03-14 12:30:00,1020.16
2026-03-14 12:40:00,1020.01
2026-03-14 12:50:00,1019.8299999999999
2026-03-14 13:00:00,1019.76
2026-03-14 13:10:00,1019.67
2026-03-14 13:20:00,1019.47
2026-03-14 13:30:00,1019.29
2026-03-14 13:40:00,1019.01
2026-03-14 13:50:00,1018.76
2026-03-14 14:00:00,1018.66
2026-03-14 14:10:00,1018.41
2026-03-14 14:20:00,1018.34
2026-03-14 14:30:00,1018.28
2026-03-14 14:40:00,1018.18
2026-03-14 14:50:00,1018.03
2026-03-14 15:00:00,1018
2026-03-14 15:10:00,1017.98
2026-03-14 15:20:00,1017.9599999999999
2026-03-14 15:30:00,1017.9399999999999
2026-03-14 15:40:00,1017.87
2026-03-14 15:50:00,1017.75
2026-03-14 16:00:00,1017.9
2026-03-14 16:10:00,1017.9
2026-03-14 16:20:00,1017.91
2026-03-14 16:30:00,1017.93
2026-03-14 16:40:00,1017.97
2026-03-14 16:50:00,1018
2026-03-14 17:00:00,1018.16
2026-03-14 17:10:00,1018.18
2026-03-14 17:20:00,1018.25
2026-03-14 17:30:00,1018.1999999999999
2026-03-14 17:40:00,1018.16
2026-03-14 17:50:00,1018.24
2026-03-14 18:00:00,1018.15
2026-03-14 18:10:00,1018.2099999999999
2026-03-14 18:20:00,1018.26
2026-03-14 18:30:00,1018.38
2026-03-14 18:40:00,1018.61
2026-03-14 18:50:00,1018.6999999999999
2026-03-14 19:00:00,1018.6999999999999
2026-03-14 19:10:00,1018.86
2026-03-14 19:20:00,1018.92
2026-03-14 19:30:00,1018.91
2026-03-14 19:40:00,1018.99
2026-03-14 19:50:00,1019.05
2026-03-14 20:00:00,1019.13
2026-03-14 20:10:00,1019.26
2026-03-14 20:20:00,1019.37
2026-03-14 20:30:00,1019.47
2026-03-14 20:40:00,1019.53
2026-03-14 20:50:00,1019.65
2026-03-14 21:00:00,1019.7099999999999
2026-03-14 21:10:00,1019.6999999999999
2026-03-14 21:20:00,1019.72
2026-03-14 21:30:00,1019.73
2026-03-14 21:40:00,1019.76
2026-03-14 21:50:00,1019.75
2026-03-14 22:00:00,1019.76
2026-03-14 22:10:00,1019.74
2026-03-14 22:20:00,1019.6999999999999
2026-03-14 22:30:00,1019.65
2026-03-14 22:40:00,1019.63
2026-03-14 22:50:00,1019.5799999999999
2026-03-14 23:00:00,1019.48
2026-03-14 23:10:00,1019.4399999999999
2026-03-14 23:20:00,1019.43
2026-03-14 23:30:00,1019.22
2026-03-14 23:40:00,1019.09
2026-03-14 23:50:00,1018.98
2026-03-15 00:00:00,1018.8299999999999
2026-03-15 00:10:00,1018.7099999999999
2026-03-15 00:20:00,1018.66
2026-03-15 00:30:00,1018.5
2026-03-15 00:40:00,1018.3299999999999
2026-03-15 00:50:00,1018.23
2026-03-15 01:00:00,1018.16
2026-03-15 01:10:00,1018.03
2026-03-15 01:20:00,1017.9599999999999
2026-03-15 01:30:00,1017.84
2026-03-15 01:40:00,1017.76
2026-03-15 01:50:00,1017.6899999999999
2026-03-15 02:00:00,1017.63
2026-03-15 02:10:00,1017.53
2026-03-15 02:20:00,1017.4499999999999
2026-03-15 02:30:00,1017.35
2026-03-15 02:40:00,1017.28
2026-03-15 02:50:00,1017.1899999999999
2026-03-15 03:00:00,1017.18
2026-03-15 03:10:00,1017.25
2026-03-15 03:20:00,1017.28
2026-03-15 03:30:00,1017.35
2026-03-15 03:40:00,1017.24
2026-03-15 03:50:00,1017.31
2026-03-15 04:00:00,1017.4
2026-03-15 04:10:00,1017.4
2026-03-15 04:20:00,1017.51
2026-03-15 04:30:00,1017.52
2026-03-15 04:40:00,1017.67
2026-03-15 04:50:00,1017.8299999999999
2026-03-15 05:00:00,1017.93
2026-03-15 05:10:00,1018.02
2026-03-15 05:20:00,1018.12
2026-03-15 05:30:00,1018.27
2026-03-15 05:40:00,1018.42
2026-03-15 05:50:00,1018.52
2026-03-15 06:00:00,1018.5799999999999
2026-03-15 06:10:00,1018.7099999999999
2026-03-15 06:20:00,1018.86
2026-03-15 06:30:00,1018.98
2026-03-15 06:40:00,1019.2099999999999
2026-03-15 06:50:00,1019.3
2026-03-15 07:00:00,1019.53
2026-03-15 07:10:00,1019.62
2026-03-15 07:20:00,1019.77
2026-03-15 07:30:00,1019.78
2026-03-15 07:40:00,1019.81
2026-03-15 07:50:00,1019.9
2026-03-15 08:00:00,1020
2026-03-15 08:10:00,1020.12
2026-03-15 08:20:00,1020.26
2026-03-15 08:30:00,1020.36
2026-03-15 08:40:00,1020.39
2026-03-15 08:50:00,1020.39
2026-03-15 09:00:00,1020.38
2026-03-15 09:10:00,1020.5
2026-03-15 09:20:00,1020.5
2026-03-15 09:30:00,1020.48
2026-03-15 09:40:00,1020.49
2026-03-15 09:50:00,1020.47
2026-03-15 10:00:00,1020.47
2026-03-15 10:10:00,1020.4
2026-03-15 10:20:00,1020.26
2026-03-15 10:30:00,1020.2099999999999
2026-03-15 10:40:00,1020.13
2026-03-15 10:50:00,1019.9499999999999
2026-03-15 11:00:00,1019.84
2026-03-15 11:10:00,1019.72
2026-03-15 11:20:00,1019.5699999999999
2026-03-15 11:30:00,1019.5
2026-03-15 11:40:00,1019.36
2026-03-15 11:50:00,1019.13
2026-03-15 12:00:00,1018.98
2026-03-15 12:10:00,1018.93
2026-03-15 12:20:00,1018.74
2026-03-15 12:30:00,1018.63
2026-03-15 12:40:00,1018.4599999999999
2026-03-15 12:50:00,1018.3299999999999
2026-03-15 13:00:00,1018.1899999999999
2026-03-15 13:10:00,1018.02
2026-03-15 13:20:00,1017.78
2026-03-15 13:30:00,1017.56
2026-03-15 13:40:00,1017.38
2026-03-15 13:50:00,1017.1899999999999
2026-03-15 14:00:00,1017.11
2026-03-15 14:10:00,1016.9599999999999
2026-03-15 14:20:00,1016.6899999999999
2026-03-15 14:30:00,1016.5699999999999
2026-03-15 14:40:00,1016.5799999999999
2026-03-15 14:50:00,1016.52
2026-03-15 15:00:00,1016.4399999999999
2026-03-15 15:10:00,1016.4
2026-03-15 15:20:00,1016.27
2026-03-15 15:30:00,1016.24
2026-03-15 15:40:00,1016.24
2026-03-15 15:50:00,1016.3
2026-03-15 16:00:00,1016.27
2026-03-15 16:10:00,1016.1999999999999
2026-03-15 16:20:00,1016.25
2026-03-15 16:30:00,1016.28
2026-03-15 16:40:00,1016.4499999999999
2026-03-15 16:50:00,1016.41
2026-03-15 17:00:00,1016.4399999999999
2026-03-15 17:10:00,1016.64
2026-03-15 17:20:00,1016.66
2026-03-15 17:30:00,1016.8199999999999
2026-03-15 17:40:00,1016.84
2026-03-15 17:50:00,1016.9499999999999
2026-03-15 18:00:00,1017.09
2026-03-15 18:10:00,1017.14
2026-03-15 18:20:00,1017.28
2026-03-15 18:30:00,1017.37
2026-03-15 18:40:00,1017.41
2026-03-15 18:50:00,1017.47
2026-03-15 19:00:00,1017.64
2026-03-15 19:10:00,1017.77
2026-03-15 19:20:00,1017.78
2026-03-15 19:30:00,1017.9
2026-03-15 19:40:00,1017.98
2026-03-15 19:50:00,1017.9599999999999
2026-03-15 20:00:00,1018.09
2026-03-15 20:10:00,1018.1899999999999
2026-03-15 20:20:00,1018.42
2026-03-15 20:30:00,1018.43
2026-03-15 20:40:00,1018.53
2026-03-15 20:50:00,1018.59
2026-03-15 21:00:00,1018.62
2026-03-15 21:10:00,1018.63
2026-03-15 21:20:00,1018.6999999999999
2026-03-15 21:30:00,1018.72
2026-03-15 21:40:00,1018.7099999999999
2026-03-15 21:50:00,1018.68
2026-03-15 22:00:00,1018.65
2026-03-15 22:10:00,1018.74
2026-03-15 22:20:00,1018.68
2026-03-15 22:30:00,1018.63
2026-03-15 22:40:00,1018.54
2026-03-15 22:50:00,1018.51
2026-03-15 23:00:00,1018.4599999999999
2026-03-15 23:10:00,1018.26
2026-03-15 23:20:00,1018.23
2026-03-15 23:30:00,1018.15
2026-03-15 23:40:00,1017.98
2026-03-15 23:50:00,1017.79
2026-03-16 00:00:00,1017.59
2026-03-16 00:10:00,1017.34
2026-03-16 00:20:00,1017.24
2026-03-16 00:30:00,1017.05
2026-03-16 00:40:00,1016.8199999999999
2026-03-16 00:50:00,1016.61
2026-03-16 01:00:00,1016.42
2026-03-16 01:10:00,1016.29
2026-03-16 01:20:00,1016.2099999999999
2026-03-16 01:30:00,1016.13
2026-03-16 01:40:00,1016.06
2026-03-16 01:50:00,1016.02
2026-03-16 02:00:00,1016.02
2026-03-16 02:10:00,1016.0699999999999
2026-03-16 02:20:00,1016.0699999999999
2026-03-16 02:30:00,1016
2026-03-16 02:40:00,1016.0699999999999
2026-03-16 02:50:00,1015.93
2026-03-16 03:00:00,1015.9
2026-03-16 03:10:00,1015.91
2026-03-16 03:20:00,1015.92
2026-03-16 03:30:00,1015.92
2026-03-16 03:40:00,1015.9399999999999
2026-03-16 03:50:00,1015.98
2026-03-16 04:00:00,1016.03
2026-03-16 04:10:00,1016.0799999999999
2026-03-16 04:20:00,1016.14
2026-03-16 04:30:00,1016.22
2026-03-16 04:40:00,1016.38
2026-03-16 04:50:00,1016.4599999999999
2026-03-16 05:00:00,1016.51
2026-03-16 05:10:00,1016.5799999999999
2026-03-16 05:20:00,1016.68
2026-03-16 05:30:00,1016.77
2026-03-16 05:40:00,1016.91
2026-03-16 05:50:00,1016.99
2026-03-16 06:00:00,1017.13
2026-03-16 06:10:00,1017.3
2026-03-16 06:20:00,1017.39
2026-03-16 06:30:00,1017.51
2026-03-16 06:40:00,1017.65
2026-03-16 06:50:00,1017.87
2026-03-16 07:10:00,1018.05
2026-03-16 07:20:00,1018.24
2026-03-16 07:30:00,1018.37
2026-03-16 07:40:00,1018.56
2026-03-16 07:50:00,1018.62
2026-03-16 08:00:00,1018.7099999999999
2026-03-16 08:10:00,1018.8
2026-03-16 08:20:00,1018.8199999999999
2026-03-16 08:30:00,1018.84
2026-03-16 08:40:00,1018.86
2026-03-16 08:50:00,1018.91
2026-03-16 09:00:00,1018.81
2026-03-16 09:10:00,1018.75
2026-03-16 09:20:00,1018.74
2026-03-16 09:30:00,1018.7099999999999
2026-03-16 09:40:00,1018.75
2026-03-16 09:50:00,1018.6899999999999
2026-03-16 10:00:00,1018.6899999999999
2026-03-16 10:10:00,1018.62
2026-03-16 10:20:00,1018.5699999999999
2026-03-16 10:30:00,1018.4
2026-03-16 10:40:00,1018.36
2026-03-16 10:50:00,1018.22
2026-03-16 11:00:00,1018.1999999999999
2026-03-16 11:10:00,1017.99
2026-03-16 11:20:00,1017.8299999999999
2026-03-16 11:30:00,1017.6999999999999
2026-03-16 11:40:00,1017.56
2026-03-16 11:50:00,1017.3299999999999
2026-03-16 12:00:00,1017.13
2026-03-16 12:10:00,1017.01
2026-03-16 12:20:00,1016.86
2026-03-16 12:30:00,1016.61
2026-03-16 12:40:00,1016.51
2026-03-16 12:50:00,1016.41
2026-03-16 13:00:00,1016.36
2026-03-16 13:10:00,1016.1899999999999
2026-03-16 13:20:00,1016.04
2026-03-16 13:30:00,1015.9399999999999
2026-03-16 13:40:00,1015.9
2026-03-16 13:50:00,1015.8
2026-03-16 14:00:00,1015.68
2026-03-16 14:10:00,1015.4399999999999
2026-03-16 14:20:00,1015.4
2026-03-16 14:30:00,1015.41
2026-03-16 14:40:00,1015.26
2026-03-16 14:50:00,1015.15
2026-03-16 15:00:00,1015.13
2026-03-16 15:10:00,1015.15
2026-03-16 15:20:00,1015.03
2026-03-16 15:30:00,1015.16
2026-03-16 15:40:00,1015.1999999999999
2026-03-16 15:50:00,1015.18
2026-03-16 16:00:00,1015.12
2026-03-16 16:10:00,1015.15
2026-03-16 16:20:00,1015.05
2026-03-16 16:30:00,1015.18
2026-03-16 16:40:00,1015.18
2026-03-16 16:50:00,1015.0799999999999
2026-03-16 17:00:00,1015.17
2026-03-16 17:10:00,1015.1899999999999
2026-03-16 17:20:00,1015.4499999999999
2026-03-16 17:30:00,1015.56
2026-03-16 17:40:00,1015.74
2026-03-16 17:50:00,1015.86
2026-03-16 18:00:00,1015.97
2026-03-16 18:10:00,1016.1999999999999
2026-03-16 18:20:00,1016.1899999999999
2026-03-16 18:30:00,1016.3299999999999
2026-03-16 18:40:00,1016.42
2026-03-16 18:50:00,1016.6
2026-03-16 19:00:00,1016.74
2026-03-16 19:10:00,1016.81
2026-03-16 19:20:00,1016.91
2026-03-16 19:30:00,1017.05
2026-03-16 19:40:00,1017.27
2026-03-16 19:50:00,1017.3299999999999
2026-03-16 20:00:00,1017.39
2026-03-16 20:10:00,1017.5799999999999
2026-03-16 20:20:00,1017.7099999999999
2026-03-16 20:30:00,1017.78
2026-03-16 20:40:00,1017.91
2026-03-16 20:50:00,1018.02
2026-03-16 21:00:00,1018.13
2026-03-16 21:10:00,1018.26
2026-03-16 21:20:00,1018.335
2026-03-16 21:30:00,1018.43
2026-03-16 21:40:00,1018.59
2026-03-16 21:50:00,1018.6
2026-03-16 22:00:00,1018.53
2026-03-16 22:10:00,1018.49
2026-03-16 22:20:00,1018.41
2026-03-16 22:30:00,1018.38
2026-03-16 22:40:00,1018.31
2026-03-16 22:50:00,1018.4
2026-03-16 23:00:00,1018.34
2026-03-16 23:10:00,1018.34
2026-03-16 23:20:00,1018.23
2026-03-16 23:30:00,1018.14
2026-03-16 23:40:00,1018.09
2026-03-16 23:50:00,1018.04
2026-03-17 00:00:00,1017.99
2026-03-17 00:10:00,1017.93
2026-03-17 00:20:00,1017.6999999999999
2026-03-17 00:30:00,1017.61
2026-03-17 00:40:00,1017.48
2026-03-17 00:50:00,1017.1899999999999
2026-03-17 01:00:00,1017.05
2026-03-17 01:10:00,1016.91
2026-03-17 01:20:00,1016.81
2026-03-17 01:30:00,1016.8
2026-03-17 01:40:00,1016.68
2026-03-17 01:50:00,1016.76
2026-03-17 02:00:00,1016.76
2026-03-17 02:10:00,1016.75
2026-03-17 02:20:00,1016.77
2026-03-17 02:30:00,1016.7099999999999
2026-03-17 02:40:00,1016.65
2026-03-17 02:50:00,1016.6899999999999
2026-03-17 03:00:00,1016.78
2026-03-17 03:10:00,1016.6999999999999
2026-03-17 03:20:00,1016.62
2026-03-17 03:30:00,1016.66
2026-03-17 03:40:00,1016.6899999999999
2026-03-17 03:50:00,1016.77
2026-03-17 04:00:00,1016.79
2026-03-17 04:10:00,1016.89
2026-03-17 04:20:00,1016.9599999999999
2026-03-17 04:30:00,1016.9499999999999
2026-03-17 04:40:00,1017.14
2026-03-17 04:50:00,1017.1999999999999
2026-03-17 05:00:00,1017.38
2026-03-17 05:10:00,1017.49
2026-03-17 05:20:00,1017.62
2026-03-17 05:30:00,1017.6999999999999
2026-03-17 05:40:00,1017.8199999999999
2026-03-17 05:50:00,1017.89
2026-03-17 06:00:00,1017.92
2026-03-17 06:10:00,1018.16
2026-03-17 06:20:00,1018.3199999999999
2026-03-17 06:30:00,1018.4399999999999
2026-03-17 06:40:00,1018.6
2026-03-17 06:50:00,1018.75
2026-03-17 07:00:00,1018.86
2026-03-17 07:10:00,1018.99
2026-03-17 07:20:00,1019.13
2026-03-17 07:30:00,1019.24
2026-03-17 07:40:00,1019.34
2026-03-17 07:50:00,1019.3199999999999
2026-03-17 08:00:00,1019.48
2026-03-17 08:10:00,1019.54
2026-03-17 08:20:00,1019.55
2026-03-17 08:30:00,1019.6
2026-03-17 08:40:00,1019.72
2026-03-17 08:50:00,1019.8
2026-03-17 09:00:00,1019.8299999999999
2026-03-17 09:10:00,1019.79
2026-03-17 09:20:00,1019.77
2026-03-17 09:30:00,1019.8299999999999
2026-03-17 09:40:00,1019.99
2026-03-17 09:50:00,1020.17
2026-03-17 10:00:00,1020.0799999999999
2026-03-17 10:10:00,1019.87
2026-03-17 10:20:00,1019.91
2026-03-17 10:30:00,1019.86
2026-03-17 10:40:00,1019.92
2026-03-17 10:50:00,1019.78
2026-03-17 11:00:00,1019.7099999999999
2026-03-17 11:10:00,1019.67
2026-03-17 11:20:00,1019.54
2026-03-17 11:30:00,1019.35
2026-03-17 11:40:00,1019.14
2026-03-17 11:50:00,1019.02
2026-03-17 12:00:00,1018.91
2026-03-17 12:10:00,1018.97
2026-03-17 12:20:00,1018.9
2026-03-17 12:30:00,1018.72
2026-03-17 12:40:00,1018.53
2026-03-17 12:50:00,1018.3299999999999
2026-03-17 13:00:00,1018.27
2026-03-17 13:10:00,1018.11
2026-03-17 13:20:00,1018.01
2026-03-17 13:30:00,1017.8299999999999
2026-03-17 13:40:00,1017.64
2026-03-17 13:50:00,1017.5
2026-03-17 14:00:00,1017.31
2026-03-17 14:10:00,1017.23
2026-03-17 14:20:00,1017.0799999999999
2026-03-17 14:30:00,1016.9499999999999
2026-03-17 14:40:00,1016.76
2026-03-17 14:50:00,1016.77
2026-03-17 15:00:00,1016.6999999999999
2026-03-17 15:10:00,1016.64
2026-03-17 15:20:00,1016.63
2026-03-17 15:30:00,1016.48
2026-03-17 15:40:00,1016.42
2026-03-17 15:50:00,1016.43
2026-03-17 16:00:00,1016.36
2026-03-17 16:10:00,1016.4
2026-03-17 16:20:00,1016.51
2026-03-17 16:30:00,1016.53
2026-03-17 16:40:00,1016.53
2026-03-17 16:50:00,1016.6
2026-03-17 17:00:00,1016.73
2026-03-17 17:10:00,1016.89
2026-03-17 17:20:00,1016.98
2026-03-17 17:30:00,1016.9499999999999
2026-03-17 17:40:00,1017.04
2026-03-17 17:50:00,1017.05
2026-03-17 18:00:00,1017.12
2026-03-17 18:10:00,1017.26
2026-03-17 18:20:00,1017.24
2026-03-17 18:30:00,1017.37
2026-03-17 18:40:00,1017.5
2026-03-17 18:50:00,1017.62
2026-03-17 19:00:00,1017.68
2026-03-17 19:10:00,1017.77
2026-03-17 19:20:00,1017.85
2026-03-17 19:30:00,1018
2026-03-17 19:40:00,1018.01
2026-03-17 19:50:00,1018.1999999999999
2026-03-17 20:00:00,1018.41
2026-03-17 20:10:00,1018.55
2026-03-17 20:20:00,1018.59
2026-03-17 20:30:00,1018.74
2026-03-17 20:40:00,1018.81
2026-03-17 20:50:00,1018.8199999999999
2026-03-17 21:00:00,1018.97
2026-03-17 21:10:00,1019.03
2026-03-17 21:20:00,1019.05
2026-03-17 21:30:00,1019.0799999999999
2026-03-17 21:40:00,1019.0699999999999
2026-03-17 21:50:00,1019.05
2026-03-17 22:00:00,1019.04
2026-03-17 22:10:00,1018.97
2026-03-17 22:20:00,1019.04
2026-03-17 22:30:00,1019.04
2026-03-17 22:40:00,1018.99
2026-03-17 22:50:00,1018.9399999999999
2026-03-17 23:00:00,1018.84
2026-03-17 23:10:00,1018.81
2026-03-17 23:20:00,1018.7099999999999
2026-03-17 23:30:00,1018.63
2026-03-17 23:40:00,1018.5699999999999
2026-03-17 23:50:00,1018.52
2026-03-18 00:00:00,1018.37
2026-03-18 00:10:00,1018.28
2026-03-18 00:20:00,1018.1899999999999
2026-03-18 00:30:00,1018.09
2026-03-18 00:40:00,1018.06
2026-03-18 00:50:00,1017.98
2026-03-18 01:00:00,1017.93
2026-03-18 01:10:00,1017.88
2026-03-18 01:20:00,1017.77
2026-03-18 01:30:00,1017.81
2026-03-18 01:40:00,1017.84
2026-03-18 01:50:00,1017.78
2026-03-18 02:00:00,1017.76
2026-03-18 02:10:00,1017.76
2026-03-18 02:20:00,1017.72
2026-03-18 02:30:00,1017.7099999999999
2026-03-18 02:40:00,1017.65
2026-03-18 02:50:00,1017.56
2026-03-18 03:00:00,1017.5799999999999
2026-03-18 03:10:00,1017.5699999999999
2026-03-18 03:20:00,1017.63
2026-03-18 04:10:00,1018.02
2026-03-18 04:20:00,1018.03
2026-03-18 04:30:00,1018.0799999999999
2026-03-18 04:40:00,1018.1899999999999
2026-03-18 04:50:00,1018.26
2026-03-18 05:00:00,1018.37
2026-03-18 05:10:00,1018.4599999999999
2026-03-18 05:20:00,1018.49
2026-03-18 05:30:00,1018.55
2026-03-18 05:40:00,1018.67
2026-03-18 05:50:00,1018.74
2026-03-18 06:00:00,1018.93
2026-03-18 06:10:00,1019.1
2026-03-18 06:20:00,1019.1999999999999
2026-03-18 06:30:00,1019.37
2026-03-18 06:40:00,1019.55
2026-03-18 06:50:00,1019.72
2026-03-18 07:00:00,1019.88
2026-03-18 07:10:00,1020.0799999999999
2026-03-18 07:20:00,1020.23
2026-03-18 07:30:00,1020.38
2026-03-18 07:40:00,1020.51
2026-03-18 07:50:00,1020.68
2026-03-18 08:00:00,1020.66
2026-03-18 08:10:00,1020.6999999999999
2026-03-18 08:20:00,1020.77
2026-03-18 08:30:00,1020.75
2026-03-18 08:40:00,1020.74
2026-03-18 08:50:00,1020.77
2026-03-18 09:00:00,1020.86
2026-03-18 09:10:00,1020.9399999999999
2026-03-18 09:20:00,1020.84
2026-03-18 09:30:00,1020.76
2026-03-18 09:40:00,1020.76
2026-03-18 09:50:00,1020.66
2026-03-18 10:00:00,1020.63
2026-03-18 10:10:00,1020.66
2026-03-18 10:20:00,1020.56
2026-03-18 10:30:00,1020.4499999999999
2026-03-18 10:40:00,1020.36
2026-03-18 10:50:00,1020.31
2026-03-18 11:00:00,1020.22
2026-03-18 11:10:00,1020.03
2026-03-18 11:20:00,1020.04
2026-03-18 11:30:00,1019.9
2026-03-18 11:40:00,1019.72
2026-03-18 11:50:00,1019.59
2026-03-18 12:00:00,1019.3299999999999
2026-03-18 12:10:00,1019.25
2026-03-18 12:20:00,1019.17
2026-03-18 12:30:00,1019.0699999999999
2026-03-18 12:40:00,1018.8299999999999
2026-03-18 12:50:00,1018.6
2026-03-18 13:00:00,1018.51
2026-03-18 13:10:00,1018.37
2026-03-18 13:20:00,1018.22
2026-03-18 13:30:00,1018.04
2026-03-18 13:40:00,1017.89
2026-03-18 13:50:00,1017.8199999999999
2026-03-18 14:00:00,1017.56
2026-03-18 14:10:00,1017.53
2026-03-18 14:20:00,1017.39
2026-03-18 14:30:00,1017.36
2026-03-18 14:40:00,1017.22
2026-03-18 14:50:00,1017.13
2026-03-18 15:00:00,1017.06
2026-03-18 15:10:00,1016.8
2026-03-18 15:20:00,1016.84
2026-03-18 15:30:00,1016.87
2026-03-18 15:40:00,1016.9399999999999
2026-03-18 15:50:00,1017.04
2026-03-18 16:00:00,1016.9499999999999
2026-03-18 16:10:00,1016.98
2026-03-18 16:20:00,1017.03
2026-03-18 16:30:00,1017.15
2026-03-18 16:40:00,1017.16
2026-03-18 16:50:00,1017.23
2026-03-18 17:00:00,1017.29
2026-03-18 17:10:00,1017.4
2026-03-18 17:20:00,1017.49
2026-03-18 17:30:00,1017.5699999999999
2026-03-18 17:40:00,1017.47
2026-03-18 17:50:00,1017.47
2026-03-18 18:00:00,1017.64
2026-03-18 18:10:00,1017.73
2026-03-18 18:20:00,1017.85
2026-03-18 18:30:00,1018.04
2026-03-18 18:40:00,1018.35
2026-03-18 18:50:00,1018.53
2026-03-18 19:00:00,1018.7099999999999
2026-03-18 19:10:00,1018.85
2026-03-18 19:20:00,1019
2026-03-18 19:30:00,1019.03
2026-03-18 19:40:00,1019.09
2026-03-18 19:50:00,1019.23
2026-03-18 20:00:00,1019.37
2026-03-18 20:10:00,1019.5
2026-03-18 20:20:00,1019.55
2026-03-18 20:30:00,1019.67
2026-03-18 20:40:00,1019.84
2026-03-18 20:50:00,1019.93
2026-03-18 21:00:00,1020.04
2026-03-18 21:10:00,1020.13
2026-03-18 21:20:00,1020.28
2026-03-18 21:30:00,1020.36
2026-03-18 21:40:00,1020.39
2026-03-18 21:50:00,1020.4
2026-03-18 22:00:00,1020.61
2026-03-18 22:10:00,1020.59
2026-03-18 22:20:00,1020.61
2026-03-18 22:30:00,1020.59
2026-03-18 22:40:00,1020.6
2026-03-18 22:50:00,1020.42
2026-03-18 23:00:00,1020.35
2026-03-18 23:10:00,1020.3299999999999
2026-03-18 23:20:00,1020.23
2026-03-18 23:30:00,1020.0699999999999
2026-03-18 23:40:00,1020.0799999999999
2026-03-18 23:50:00,1020
2026-03-19 00:00:00,1019.87
2026-03-19 00:10:00,1019.76
2026-03-19 00:20:00,1019.64
2026-03-19 00:30:00,1019.47
2026-03-19 00:40:00,1019.41
2026-03-19 00:50:00,1019.16
2026-03-19 01:00:00,1018.99
2026-03-19 01:10:00,1018.91
2026-03-19 01:20:00,1018.79
2026-03-19 01:30:00,1018.6999999999999
2026-03-19 01:40:00,1018.63
2026-03-19 01:50:00,1018.55
2026-03-19 02:00:00,1018.48
2026-03-19 02:10:00,1018.37
2026-03-19 02:20:00,1018.36
2026-03-19 02:30:00,1018.24
2026-03-19 02:40:00,1018.11
2026-03-19 02:50:00,1018.03
2026-03-19 03:00:00,1018.04
2026-03-19 03:10:00,1018.01
2026-03-19 03:20:00,1017.88
2026-03-19 03:30:00,1017.81
2026-03-19 03:40:00,1017.76
2026-03-19 03:50:00,1017.67
2026-03-19 04:00:00,1017.77
2026-03-19 04:10:00,1017.76
2026-03-19 04:20:00,1017.67
2026-03-19 04:30:00,1017.81
2026-03-19 04:40:00,1017.9399999999999
2026-03-19 04:50:00,1018.06
2026-03-19 05:00:00,1018.2099999999999
2026-03-19 05:10:00,1018.42
2026-03-19 05:20:00,1018.4499999999999
2026-03-19 05:30:00,1018.62
2026-03-19 05:40:00,1018.74
2026-03-19 05:50:00,1018.87
2026-03-19 06:00:00,1019.03
2026-03-19 06:10:00,1019.0799999999999
2026-03-19 06:20:00,1019.23
2026-03-19 06:30:00,1019.34
2026-03-19 06:40:00,1019.47
2026-03-19 06:50:00,1019.61
2026-03-19 07:00:00,1019.77
2026-03-19 07:10:00,1019.9599999999999
2026-03-19 07:20:00,1020.05
2026-03-19 07:30:00,1020.16
2026-03-19 07:40:00,1020.29
2026-03-19 07:50:00,1020.4
2026-03-19 08:00:00,1020.62
2026-03-19 08:10:00,1020.67
2026-03-19 08:20:00,1020.73
2026-03-19 08:30:00,1020.78
2026-03-19 08:40:00,1021.03
2026-03-19 08:50:00,1021.1
2026-03-19 09:00:00,1021.12
2026-03-19 09:10:00,1021.15
2026-03-19 09:20:00,1021.18
2026-03-19 09:30:00,1021.14
2026-03-19 09:40:00,1021.0799999999999
2026-03-19 09:50:00,1021.15
2026-03-19 10:00:00,1021.09
2026-03-19 10:10:00,1021.1
2026-03-19 10:20:00,1020.84
2026-03-19 10:30:00,1020.8299999999999
2026-03-19 10:40:00,1020.7099999999999
2026-03-19 10:50:00,1020.6899999999999
2026-03-19 11:00:00,1020.56
2026-03-19 11:10:00,1020.42
2026-03-19 11:20:00,1020.23
2026-03-19 11:30:00,1020.23
2026-03-19 11:40:00,1020
2026-03-19 11:50:00,1019.74
2026-03-19 12:00:00,1019.64
2026-03-19 12:10:00,1019.47
2026-03-19 12:20:00,1019.5
2026-03-19 12:30:00,1019.3199999999999
2026-03-19 12:40:00,1019.13
2026-03-19 12:50:00,1019.01
2026-03-19 13:00:00,1018.84
2026-03-19 13:10:00,1018.59
2026-03-19 13:20:00,1018.48
2026-03-19 13:30:00,1018.39
2026-03-19 13:40:00,1018.37
2026-03-19 13:50:00,1018.0699999999999
2026-03-19 14:00:00,1018
2026-03-19 14:10:00,1017.9
2026-03-19 14:20:00,1017.77
2026-03-19 14:30:00,1017.88
2026-03-19 14:40:00,1017.61
2026-03-19 14:50:00,1017.52
2026-03-19 15:00:00,1017.54
2026-03-19 15:10:00,1017.56
2026-03-19 15:20:00,1017.61
2026-03-19 15:30:00,1017.56
2026-03-19 15:40:00,1017.5699999999999
2026-03-19 15:50:00,1017.54
2026-03-19 16:00:00,1017.53
2026-03-19 16:10:00,1017.52
2026-03-19 16:20:00,1017.5799999999999
2026-03-19 16:30:00,1017.61
2026-03-19 16:40:00,1017.75
2026-03-19 16:50:00,1017.85
2026-03-19 17:00:00,1017.97
2026-03-19 17:10:00,1018
2026-03-19 17:20:00,1018.12
2026-03-19 17:30:00,1018.1899999999999
2026-03-19 17:40:00,1018.25
2026-03-19 17:50:00,1018.34
2026-03-19 18:00:00,1018.5
2026-03-19 18:10:00,1018.53
2026-03-19 18:20:00,1018.63
2026-03-19 18:30:00,1018.75
2026-03-19 18:40:00,1018.8199999999999
2026-03-19 18:50:00,1018.9399999999999
2026-03-19 19:00:00,1019.1
2026-03-19 19:10:00,1019.25
2026-03-19 19:20:00,1019.42
2026-03-19 19:30:00,1019.73
2026-03-19 19:40:00,1019.99
2026-03-19 19:50:00,1020.0699999999999
2026-03-19 20:00:00,1020.05
2026-03-19 20:10:00,1020.25
2026-03-19 20:20:00,1020.35
2026-03-19 20:30:00,1020.4399999999999
2026-03-19 20:40:00,1020.52
2026-03-19 20:50:00,1020.52
2026-03-19 21:00:00,1020.63
2026-03-19 21:10:00,1020.67
2026-03-19 21:20:00,1020.72
2026-03-19 21:30:00,1020.92
2026-03-19 21:40:00,1020.88
2026-03-19 21:50:00,1020.81
2026-03-19 22:00:00,1020.75
2026-03-19 22:10:00,1020.78
2026-03-19 22:20:00,1020.74
2026-03-19 22:30:00,1020.6899999999999
2026-03-19 22:40:00,1020.79
2026-03-19 22:50:00,1021.14
2026-03-19 23:00:00,1021.09625
2026-03-19 23:10:00,1020.74
2026-03-19 23:20:00,1020.67
2026-03-19 23:30:00,1020.56
2026-03-19 23:40:00,1020.37
2026-03-19 23:50:00,1020.23
2026-03-20 00:00:00,1020.05
2026-03-20 00:10:00,1019.88
2026-03-20 00:20:00,1019.66
2026-03-20 00:30:00,1019.4
2026-03-20 00:40:00,1019.16
2026-03-20 00:50:00,1019.4359999999999
2026-03-20 01:00:00,1019.18
2026-03-20 01:10:00,1019.0799999999999
2026-03-20 01:20:00,1018.8299999999999
2026-03-20 01:30:00,1018.7049999999999
2026-03-20 01:40:00,1018.63
2026-03-20 01:50:00,1018.63
2026-03-20 02:00:00,1018.5
2026-03-20 02:10:00,1018.5
2026-03-20 02:20:00,1018.54
2026-03-20 02:30:00,1018.7449999999999
2026-03-20 02:40:00,1019.2571428571429
2026-03-20 02:50:00,1019.314
2026-03-20 03:00:00,1019.3525
2026-03-20 03:10:00,1019.355
2026-03-20 03:20:00,1019.3466666666667
2026-03-20 03:30:00,1019.3233333333333
2026-03-20 03:40:00,1019.27
2026-03-20 03:50:00,1019.24
2026-03-20 04:00:00,1019.15
2026-03-20 04:10:00,1019.14
2026-03-20 04:20:00,1019.05
2026-03-20 04:30:00,1019.0699999999999
2026-03-20 04:40:00,1019.15
2026-03-20 04:50:00,1019.1999999999999
2026-03-20 05:00:00,1019.38
2026-03-20 05:10:00,1019.49
2026-03-20 05:20:00,1019.54
2026-03-20 05:30:00,1019.52
2026-03-20 05:40:00,1019.61
2026-03-20 05:50:00,1019.77
2026-03-20 06:00:00,1019.79
2026-03-20 06:10:00,1019.8299999999999
2026-03-20 06:20:00,1019.91
2026-03-20 06:30:00,1020.0799999999999
2026-03-20 06:40:00,1020.16
2026-03-20 06:50:00,1020.24
2026-03-20 07:00:00,1020.61
2026-03-20 07:10:00,1020.7099999999999
2026-03-20 07:20:00,1020.8299999999999
2026-03-20 07:30:00,1020.92
2026-03-20 07:40:00,1021.03
2026-03-20 07:50:00,1021.0799999999999
2026-03-20 08:00:00,1021.29
2026-03-20 08:10:00,1021.34
2026-03-20 08:20:00,1021.38
2026-03-20 08:30:00,1021.35
2026-03-20 08:40:00,1021.5
2026-03-20 08:50:00,1021.56
2026-03-20 09:00:00,1021.5799999999999
2026-03-20 09:10:00,1021.64
2026-03-20 09:20:00,1021.6899999999999
2026-03-20 09:30:00,1021.75
2026-03-20 09:40:00,1021.86
2026-03-20 09:50:00,1021.88
2026-03-20 10:00:00,1021.91
2026-03-20 10:10:00,1021.85
2026-03-20 10:20:00,1022.1999999999999
2026-03-20 10:30:00,1022.06
2026-03-20 10:40:00,1021.9499999999999
2026-03-20 10:50:00,1021.73
2026-03-20 11:00:00,1021.6999999999999
2026-03-20 11:10:00,1021.67
2026-03-20 11:20:00,1021.74
2026-03-20 11:30:00,1021.65
2026-03-20 11:40:00,1021.53
2026-03-20 11:50:00,1021.34
2026-03-20 19:50:00,1020.6
2026-03-20 20:00:00,1020.67
2026-03-20 20:10:00,1020.84
2026-03-20 20:20:00,1020.91
2026-03-20 20:30:00,1020.86
2026-03-20 20:40:00,1020.93
2026-03-20 20:50:00,1020.97
2026-03-20 21:00:00,1021.02
2026-03-20 21:10:00,1021.03
2026-03-20 21:20:00,1021.0799999999999
2026-03-20 21:30:00,1021.03
2026-03-20 21:40:00,1021.0699999999999
2026-03-20 21:50:00,1021.04
2026-03-20 22:00:00,1021.05
2026-03-20 22:10:00,1021.0799999999999
2026-03-20 22:20:00,1021.06
2026-03-20 22:30:00,1021.04
2026-03-20 22:40:00,1021.09
2026-03-20 22:50:00,1021.06
2026-03-20 23:00:00,1021
2026-03-20 23:10:00,1020.84
2026-03-20 23:20:00,1020.6899999999999
2026-03-20 23:30:00,1020.68
2026-03-20 23:40:00,1020.64
2026-03-20 23:50:00,1020.5
2026-03-21 00:00:00,1020.38
2026-03-21 00:10:00,1020.26
2026-03-21 00:20:00,1020.1899999999999
2026-03-21 00:30:00,1020.09
2026-03-21 00:40:00,1019.85
2026-03-21 00:50:00,1019.66
2026-03-21 01:00:00,1019.53
2026-03-21 01:10:00,1019.28
2026-03-21 01:20:00,1019.1
2026-03-21 01:30:00,1018.87
2026-03-21 01:40:00,1018.74
2026-03-21 01:50:00,1018.61
2026-03-21 02:00:00,1018.61
2026-03-21 02:10:00,1018.54
2026-03-21 02:20:00,1018.53
2026-03-21 02:30:00,1018.6
2026-03-21 02:40:00,1018.53
2026-03-21 02:50:00,1018.5799999999999
2026-03-21 03:00:00,1018.63
2026-03-21 03:10:00,1019.02
2026-03-21 03:20:00,1019.14
2026-03-21 03:30:00,1019.3199999999999
2026-03-21 03:40:00,1019.49
2026-03-21 03:50:00,1019.61
2026-03-21 04:00:00,1019.68
2026-03-21 04:10:00,1019.8299999999999
2026-03-21 04:20:00,1019.93
2026-03-21 04:30:00,1020.09
2026-03-21 04:40:00,1020.23
2026-03-21 04:50:00,1020.3199999999999
2026-03-21 05:00:00,1020.41
2026-03-21 05:10:00,1020.5866666666666
2026-03-21 05:20:00,1020.6899999999999
2026-03-21 05:30:00,1020.77
2026-03-21 05:40:00,1020.6999999999999
2026-03-21 05:50:00,1020.92
2026-03-21 06:00:00,1020.99
2026-03-21 06:10:00,1021.12
2026-03-21 06:20:00,1021.14
2026-03-21 06:30:00,1021.11
2026-03-21 06:40:00,1021.25
2026-03-21 06:50:00,1021.36
2026-03-21 07:00:00,1021.59
2026-03-21 07:10:00,1021.65
2026-03-21 07:20:00,1021.62
2026-03-21 07:30:00,1021.61
2026-03-21 07:40:00,1021.68
2026-03-21 07:50:00,1021.75
2026-03-21 08:00:00,1021.72
2026-03-21 08:10:00,1021.73
2026-03-21 08:20:00,1021.85
2026-03-21 08:30:00,1021.9
2026-03-21 08:40:00,1021.92
2026-03-21 08:50:00,1021.97
2026-03-21 09:00:00,1022.04
2026-03-21 09:10:00,1022.16
2026-03-21 09:20:00,1022.275
2026-03-21 09:30:00,1022.34
2026-03-21 09:40:00,1022.26
2026-03-21 09:50:00,1022.11
2026-03-21 10:00:00,1021.97
2026-03-21 10:10:00,1021.75
2026-03-21 10:20:00,1021.49
2026-03-21 10:30:00,1021.41
2026-03-21 10:40:00,1021.28
2026-03-21 10:50:00,1021.06
2026-03-21 11:00:00,1020.97
2026-03-21 11:10:00,1020.99
2026-03-21 11:20:00,1020.86
2026-03-21 11:30:00,1020.75
2026-03-21 11:40:00,1020.48
2026-03-21 11:50:00,1020.39
2026-03-21 12:00:00,1020.24
2026-03-21 12:10:00,1020.18
2026-03-21 12:20:00,1020.0699999999999
2026-03-21 12:30:00,1019.9399999999999
2026-03-21 12:40:00,1019.9
2026-03-21 12:50:00,1019.84
2026-03-21 13:00:00,1019.77
2026-03-21 13:10:00,1019.66
2026-03-21 13:20:00,1019.62
2026-03-21 13:30:00,1019.56
2026-03-21 13:40:00,1019.53
2026-03-21 13:50:00,1019.43
2026-03-21 14:00:00,1019.3
2026-03-21 14:10:00,1019.14
2026-03-21 14:20:00,1019.12
2026-03-21 14:30:00,1019.0799999999999
2026-03-21 14:40:00,1019.04
2026-03-21 14:50:00,1019.04
2026-03-21 15:00:00,1018.98
2026-03-21 15:10:00,1018.85
2026-03-21 15:20:00,1018.8299999999999
2026-03-21 15:30:00,1018.8199999999999
2026-03-21 15:40:00,1018.81
2026-03-21 15:50:00,1018.81
2026-03-21 16:00:00,1018.86
2026-03-21 16:10:00,1018.86
2026-03-21 16:20:00,1018.91
2026-03-21 16:30:00,1018.9599999999999
2026-03-21 16:40:00,1019.01
2026-03-21 16:50:00,1019.16
2026-03-21 17:00:00,1019.24
2026-03-21 17:10:00,1019.28
2026-03-21 17:20:00,1019.29
2026-03-21 17:30:00,1019.39
2026-03-21 17:40:00,1019.25
2026-03-21 17:50:00,1019.54
2026-03-21 18:00:00,1019.65
2026-03-21 18:10:00,1019.76
2026-03-21 18:20:00,1019.64
2026-03-21 18:30:00,1019.72
2026-03-21 18:40:00,1019.76
2026-03-21 18:50:00,1019.76
2026-03-21 19:00:00,1019.93
2026-03-21 19:10:00,1019.9499999999999
2026-03-21 19:20:00,1020.06
2026-03-21 19:30:00,1020.27
2026-03-21 19:40:00,1020.24
2026-03-21 19:50:00,1020.22
2026-03-21 20:00:00,1020.31
2026-03-21 20:10:00,1020.39
2026-03-21 20:20:00,1020.48
2026-03-21 20:30:00,1020.51
2026-03-21 20:40:00,1020.64
2026-03-21 20:50:00,1020.75
2026-03-21 21:00:00,1020.93
2026-03-21 21:10:00,1021.03
2026-03-21 21:20:00,1021.09
2026-03-21 21:30:00,1021.0799999999999
2026-03-21 21:40:00,1021.1999999999999
2026-03-21 21:50:00,1021.3
2026-03-21 22:00:00,1021.28
2026-03-21 22:10:00,1021.38
2026-03-21 22:20:00,1021.3199999999999
2026-03-21 22:30:00,1021.29
2026-03-21 22:40:00,1021.29
2026-03-21 22:50:00,1021.23
2026-03-21 23:00:00,1021
2026-03-21 23:10:00,1020.88
2026-03-21 23:20:00,1020.85
2026-03-21 23:30:00,1020.73
2026-03-21 23:40:00,1020.54
2026-03-21 23:50:00,1020.41
2026-03-22 00:00:00,1020.24
2026-03-22 00:10:00,1020.16
2026-03-22 00:20:00,1020.04
2026-03-22 00:30:00,1019.8299999999999
2026-03-22 00:40:00,1019.61
2026-03-22 00:50:00,1019.53
2026-03-22 01:00:00,1019.43
2026-03-22 01:10:00,1019.27
2026-03-22 01:20:00,1019.0699999999999
2026-03-22 01:30:00,1018.9
2026-03-22 01:40:00,1018.74
2026-03-22 01:50:00,1018.53
2026-03-22 02:00:00,1018.5
2026-03-22 02:10:00,1018.41
2026-03-22 02:20:00,1018.37
2026-03-22 02:30:00,1018.4
2026-03-22 02:40:00,1018.2099999999999
2026-03-22 02:50:00,1018.2099999999999
2026-03-22 03:00:00,1018.23
2026-03-22 03:10:00,1018.22
2026-03-22 03:20:00,1018.17
2026-03-22 03:30:00,1018.22
2026-03-22 03:40:00,1018.09
2026-03-22 03:50:00,1018.26
2026-03-22 04:00:00,1018.3
2026-03-22 04:10:00,1018.4599999999999
2026-03-22 04:20:00,1018.66
2026-03-22 04:30:00,1018.66
2026-03-22 04:40:00,1018.6899999999999
2026-03-22 04:50:00,1018.9399999999999
2026-03-22 05:00:00,1019.01
2026-03-22 05:10:00,1019.14
2026-03-22 05:20:00,1019.23
2026-03-22 05:30:00,1019.29
2026-03-22 05:40:00,1019.38
2026-03-22 05:50:00,1019.4499999999999
2026-03-22 06:00:00,1019.53
2026-03-22 06:10:00,1019.64
2026-03-22 06:20:00,1019.98
2026-03-22 06:30:00,1020.16
2026-03-22 06:40:00,1020.29
2026-03-22 06:50:00,1020.4
2026-03-22 07:00:00,1020.5
2026-03-22 07:10:00,1020.66
2026-03-22 07:20:00,1020.84
2026-03-22 07:30:00,1021.03
2026-03-22 07:40:00,1020.99
2026-03-22 07:50:00,1020.92
2026-03-22 08:00:00,1021.18
2026-03-22 08:10:00,1021.34
2026-03-22 08:20:00,1021.52
2026-03-22 08:30:00,1021.63
2026-03-22 08:40:00,1021.52
2026-03-22 08:50:00,1021.66
2026-03-22 09:00:00,1021.68
2026-03-22 09:10:00,1021.79
2026-03-22 09:20:00,1021.92
2026-03-22 09:30:00,1021.9499999999999
2026-03-22 09:40:00,1022.03
2026-03-22 09:50:00,1022
2026-03-22 10:00:00,1021.92
2026-03-22 10:10:00,1021.85
2026-03-22 10:20:00,1021.7099999999999
2026-03-22 10:30:00,1021.6899999999999
2026-03-22 10:40:00,1021.54
2026-03-22 10:50:00,1021.34
2026-03-22 11:00:00,1021.18
2026-03-22 11:10:00,1021.15
2026-03-22 11:20:00,1020.9399999999999
2026-03-22 11:30:00,1020.78
2026-03-22 11:40:00,1020.61
2026-03-22 11:50:00,1020.4399999999999
2026-03-22 12:00:00,1020.27
2026-03-22 12:10:00,1020.0799999999999
2026-03-22 12:20:00,1020.0699999999999
2026-03-22 12:30:00,1019.93
2026-03-22 12:40:00,1019.85
2026-03-22 12:50:00,1019.6999999999999
2026-03-22 13:00:00,1019.6899999999999
2026-03-22 13:10:00,1019.54
2026-03-22 13:20:00,1019.55
2026-03-22 13:30:00,1019.6
2026-03-22 13:40:00,1019.4499999999999
2026-03-22 13:50:00,1019.3299999999999
2026-03-22 14:00:00,1019.36
2026-03-22 14:10:00,1019.1899999999999
2026-03-22 14:20:00,1019.1
2026-03-22 14:30:00,1019.02
2026-03-22 14:40:00,1018.97
2026-03-22 14:50:00,1018.9599999999999
2026-03-22 15:00:00,1018.8
2026-03-22 15:10:00,1018.89
2026-03-22 15:20:00,1018.81
2026-03-22 15:30:00,1018.72
2026-03-22 15:40:00,1018.7099999999999
2026-03-22 15:50:00,1018.6999999999999
2026-03-22 16:00:00,1018.65
2026-03-22 16:10:00,1018.6999999999999
2026-03-22 16:20:00,1018.81
2026-03-22 16:30:00,1018.86
2026-03-22 16:40:00,1018.91
2026-03-22 16:50:00,1018.9
2026-03-22 17:00:00,1019.01
2026-03-22 17:10:00,1018.9399999999999
2026-03-22 17:20:00,1018.98
2026-03-22 17:30:00,1019.05
2026-03-22 17:40:00,1019.0699999999999
2026-03-22 17:50:00,1019.1899999999999
2026-03-22 18:00:00,1019.27
2026-03-22 18:10:00,1019.17
2026-03-22 18:20:00,1019.37
2026-03-22 18:30:00,1019.47
2026-03-22 18:40:00,1019.5799999999999
2026-03-22 18:50:00,1019.9699999999999
2026-03-22 19:00:00,1020.0699999999999
2026-03-22 19:10:00,1020.095
2026-03-22 20:00:00,1020.6
2026-03-22 20:10:00,1020.75
2026-03-22 20:20:00,1020.89
2026-03-22 20:30:00,1020.87
2026-03-22 20:40:00,1020.76
2026-03-22 20:50:00,1020.85
2026-03-22 21:00:00,1021.01
2026-03-22 21:10:00,1021.05
2026-03-22 21:20:00,1021.12
2026-03-22 21:30:00,1021.3
2026-03-22 21:40:00,1021.24
2026-03-22 21:50:00,1021.25
2026-03-22 22:00:00,1021.3299999999999
2026-03-22 22:10:00,1021.31
2026-03-22 22:20:00,1021.3
2026-03-22 22:30:00,1021.28
2026-03-22 22:40:00,1021.1899999999999
2026-03-22 22:50:00,1021.11
2026-03-22 23:00:00,1020.99
2026-03-22 23:10:00,1020.86
2026-03-22 23:20:00,1020.7099999999999
2026-03-22 23:30:00,1020.5799999999999
2026-03-22 23:40:00,1020.42
2026-03-22 23:50:00,1020.35
2026-03-23 00:00:00,1020.24
2026-03-23 00:10:00,1020.01
2026-03-23 00:20:00,1019.91
2026-03-23 00:30:00,1019.78
2026-03-23 00:40:00,1019.72
2026-03-23 00:50:00,1019.61
2026-03-23 01:00:00,1019.54
2026-03-23 01:10:00,1019.4599999999999
2026-03-23 01:20:00,1019.39
2026-03-23 01:30:00,1019.26
2026-03-23 01:40:00,1019.1999999999999
2026-03-23 01:50:00,1019.17
2026-03-23 02:00:00,1019.1899999999999
2026-03-23 02:10:00,1019.06
2026-03-23 02:20:00,1019.0699999999999
2026-03-23 02:30:00,1019.01
2026-03-23 02:40:00,1018.86
2026-03-23 02:50:00,1018.8199999999999
2026-03-23 03:00:00,1018.75
2026-03-23 03:10:00,1018.67
2026-03-23 03:20:00,1018.59
2026-03-23 03:30:00,1018.48
2026-03-23 03:40:00,1018.4399999999999
2026-03-23 03:50:00,1018.5
2026-03-23 04:00:00,1018.67
2026-03-23 04:10:00,1018.6999999999999
2026-03-23 04:20:00,1018.68
2026-03-23 04:30:00,1018.63
2026-03-23 04:40:00,1018.66
2026-03-23 04:50:00,1018.76
2026-03-23 05:00:00,1018.8299999999999
2026-03-23 05:10:00,1018.9
2026-03-23 05:20:00,1018.9
2026-03-23 05:30:00,1018.98
2026-03-23 05:40:00,1019.11
2026-03-23 05:50:00,1019.17
2026-03-23 06:00:00,1019.36
2026-03-23 06:10:00,1019.4399999999999
2026-03-23 06:20:00,1019.64
2026-03-23 06:30:00,1019.75
2026-03-23 06:40:00,1019.89
2026-03-23 06:50:00,1020.11
2026-03-23 07:00:00,1020.2099999999999
2026-03-23 07:10:00,1020.29
2026-03-23 07:20:00,1020.37
2026-03-23 07:30:00,1020.47
2026-03-23 07:40:00,1020.5799999999999
2026-03-23 07:50:00,1020.61
2026-03-23 08:00:00,1020.76
2026-03-23 08:10:00,1020.8
2026-03-23 08:20:00,1020.77
2026-03-23 08:30:00,1020.9
2026-03-23 08:40:00,1020.9499999999999
2026-03-23 08:50:00,1020.9499999999999
2026-03-23 09:00:00,1021.06
2026-03-23 09:10:00,1021.13
2026-03-23 09:20:00,1021.2099999999999
2026-03-23 09:30:00,1021.22
2026-03-23 09:40:00,1021.1899999999999
2026-03-23 09:50:00,1021.09
2026-03-23 10:00:00,1021.0699999999999
2026-03-23 10:10:00,1020.93
2026-03-23 10:20:00,1020.9
2026-03-23 10:30:00,1020.92
2026-03-23 10:40:00,1020.9
2026-03-23 10:50:00,1020.8199999999999
2026-03-23 11:00:00,1020.56
2026-03-23 11:10:00,1020.42
2026-03-23 11:20:00,1020.25
2026-03-23 11:30:00,1020.16
2026-03-23 11:40:00,1020.06
2026-03-23 11:50:00,1020.01
2026-03-23 12:00:00,1019.91
2026-03-23 12:10:00,1019.79
2026-03-23 12:20:00,1019.51
2026-03-23 12:30:00,1019.4499999999999
2026-03-23 12:40:00,1019.37
2026-03-23 12:50:00,1019.14
2026-03-23 13:00:00,1019.02
2026-03-23 13:10:00,1018.93
2026-03-23 13:20:00,1018.8299999999999
2026-03-23 13:30:00,1018.79
2026-03-23 13:40:00,1018.81
2026-03-23 13:50:00,1018.72
2026-03-23 14:00:00,1018.68
2026-03-23 14:10:00,1018.63
2026-03-23 14:20:00,1018.4599999999999
2026-03-23 14:30:00,1018.3199999999999
2026-03-23 14:40:00,1018.26
2026-03-23 14:50:00,1018.15
2026-03-23 15:00:00,1018.06
2026-03-23 15:10:00,1018.1
2026-03-23 15:20:00,1018.06
2026-03-23 15:30:00,1018.04
2026-03-23 15:40:00,1018.09
2026-03-23 15:50:00,1018.13
2026-03-23 16:00:00,1018.14
2026-03-23 16:10:00,1018.31
2026-03-23 16:20:00,1018.24
2026-03-23 16:30:00,1018.26
2026-03-23 16:40:00,1018.37
2026-03-23 16:50:00,1018.28
2026-03-23 17:00:00,1018.28
2026-03-23 17:10:00,1018.28
2026-03-23 17:20:00,1018.42
2026-03-23 17:30:00,1018.4599999999999
2026-03-23 17:40:00,1018.65
2026-03-23 17:50:00,1018.6899999999999
2026-03-23 18:00:00,1018.72
2026-03-23 18:10:00,1018.8199999999999
2026-03-23 18:20:00,1018.8199999999999
2026-03-23 18:30:00,1018.97
2026-03-23 18:40:00,1019.0799999999999
2026-03-23 18:50:00,1019.1899999999999
2026-03-23 19:00:00,1019.3
2026-03-23 19:10:00,1019.36
2026-03-23 19:20:00,1019.41
2026-03-23 19:30:00,1019.52
2026-03-23 19:40:00,1019.61
2026-03-23 19:50:00,1019.76
2026-03-23 20:00:00,1019.85
2026-03-23 20:10:00,1019.9
2026-03-23 20:20:00,1019.92
2026-03-23 20:30:00,1020.1
2026-03-23 20:40:00,1020.18
2026-03-23 20:50:00,1020.25
2026-03-23 21:00:00,1020.3199999999999
2026-03-23 21:10:00,1020.4399999999999
2026-03-23 21:20:00,1020.39
2026-03-23 21:30:00,1020.41
2026-03-23 21:40:00,1020.37
2026-03-23 21:50:00,1020.42
2026-03-23 22:00:00,1020.4399999999999
2026-03-23 22:10:00,1020.41
2026-03-23 22:20:00,1020.48
2026-03-23 22:30:00,1020.55
2026-03-23 22:40:00,1020.47
2026-03-23 22:50:00,1020.4499999999999
2026-03-23 23:00:00,1020.4
2026-03-23 23:10:00,1020.4
2026-03-23 23:20:00,1020.37
2026-03-23 23:30:00,1020.25
2026-03-23 23:40:00,1020.1999999999999
2026-03-23 23:50:00,1019.99
2026-03-24 00:00:00,1019.87
2026-03-24 00:10:00,1019.72
2026-03-24 00:20:00,1019.59
2026-03-24 00:30:00,1019.4399999999999
2026-03-24 00:40:00,1019.35
2026-03-24 00:50:00,1019.1999999999999
2026-03-24 01:00:00,1019.06
2026-03-24 01:10:00,1019.1
2026-03-24 01:20:00,1019
2026-03-24 01:30:00,1018.93
2026-03-24 01:40:00,1018.86
2026-03-24 01:50:00,1018.87
2026-03-24 02:00:00,1018.77
2026-03-24 02:10:00,1018.74
2026-03-24 02:20:00,1018.74
2026-03-24 02:30:00,1018.67
2026-03-24 02:40:00,1018.6
2026-03-24 02:50:00,1018.5799999999999
2026-03-24 03:00:00,1018.5799999999999
2026-03-24 03:10:00,1018.53
2026-03-24 03:20:00,1018.5
2026-03-24 03:30:00,1018.64
2026-03-24 03:40:00,1018.6899999999999
2026-03-24 03:50:00,1018.67
2026-03-24 04:00:00,1018.66
2026-03-24 04:10:00,1018.59
2026-03-24 04:20:00,1018.51
2026-03-24 04:30:00,1018.49
2026-03-24 04:40:00,1018.59
2026-03-24 04:50:00,1018.64
2026-03-24 05:00:00,1018.77
2026-03-24 05:10:00,1018.79
2026-03-24 05:20:00,1018.93
2026-03-24 05:30:00,1019.06
2026-03-24 05:40:00,1019.16
2026-03-24 05:50:00,1019.15
2026-03-24 06:00:00,1019.2099999999999
2026-03-24 06:10:00,1019.36
2026-03-24 06:20:00,1019.4399999999999
2026-03-24 06:30:00,1019.56
2026-03-24 06:40:00,1019.8
2026-03-24 06:50:00,1019.9399999999999
2026-03-24 07:00:00,1020.17
2026-03-24 07:10:00,1020.3199999999999
2026-03-24 07:20:00,1020.47
2026-03-24 07:30:00,1020.59
2026-03-24 07:40:00,1020.65
2026-03-24 07:50:00,1020.72
2026-03-24 08:00:00,1020.73
2026-03-24 08:10:00,1020.85
2026-03-24 08:20:00,1020.88
2026-03-24 08:30:00,1021
2026-03-24 08:40:00,1021.09
2026-03-24 08:50:00,1021.06
2026-03-24 09:00:00,1021.1
2026-03-24 09:10:00,1021.05
2026-03-24 09:20:00,1021.12
2026-03-24 09:30:00,1021
2026-03-24 09:40:00,1021.0699999999999
2026-03-24 09:50:00,1021.1
2026-03-24 10:00:00,1021.0799999999999
2026-03-24 10:10:00,1020.9599999999999
2026-03-24 10:20:00,1021
2026-03-24 10:30:00,1020.93
2026-03-24 10:40:00,1021
2026-03-24 10:50:00,1020.9
2026-03-24 11:00:00,1020.78
2026-03-24 11:10:00,1020.6999999999999
2026-03-24 11:20:00,1020.6
2026-03-24 11:30:00,1020.38
2026-03-24 11:40:00,1020.35
2026-03-24 11:50:00,1020.16
2026-03-24 12:00:00,1020
2026-03-24 12:10:00,1019.8
2026-03-24 12:20:00,1019.7099999999999
2026-03-24 12:30:00,1019.6
2026-03-24 12:40:00,1019.4599999999999
2026-03-24 12:50:00,1019.35
2026-03-24 13:00:00,1019.3
2026-03-24 13:10:00,1019.09
2026-03-24 13:20:00,1018.89
2026-03-24 13:30:00,1018.72
2026-03-24 13:40:00,1018.5699999999999
2026-03-24 13:50:00,1018.43
2026-03-24 14:00:00,1018.27
2026-03-24 14:10:00,1018.04
2026-03-24 14:20:00,1017.91
2026-03-24 14:30:00,1017.8199999999999
2026-03-24 14:40:00,1017.74
2026-03-24 14:50:00,1017.73
2026-03-24 15:00:00,1017.56
2026-03-24 15:10:00,1017.53
2026-03-24 15:20:00,1017.5
2026-03-24 15:30:00,1017.4499999999999
2026-03-24 15:40:00,1017.42
2026-03-24 15:50:00,1017.4399999999999
2026-03-24 16:00:00,1017.37
2026-03-24 16:10:00,1017.39
2026-03-24 16:20:00,1017.49
2026-03-24 16:30:00,1017.49
2026-03-24 16:40:00,1017.5799999999999
2026-03-24 16:50:00,1017.4399999999999
2026-03-24 17:00:00,1017.53
2026-03-24 17:10:00,1017.55
2026-03-24 17:20:00,1017.54
2026-03-24 17:30:00,1017.55
2026-03-24 17:40:00,1017.63
2026-03-24 17:50:00,1017.7099999999999
2026-03-24 18:00:00,1017.8299999999999
2026-03-24 18:10:00,1017.9
2026-03-24 18:20:00,1017.86
2026-03-24 18:30:00,1018.02
2026-03-24 18:40:00,1018.15
2026-03-24 18:50:00,1018.31
2026-03-24 19:00:00,1018.38
2026-03-24 19:10:00,1018.4499999999999
2026-03-24 19:20:00,1018.5699999999999
2026-03-24 19:30:00,1018.7099999999999
2026-03-24 19:40:00,1018.75
2026-03-24 19:50:00,1018.88
2026-03-24 20:00:00,1018.98
2026-03-24 20:10:00,1019.04
2026-03-24 20:20:00,1019.06
2026-03-24 20:30:00,1019.11
2026-03-24 20:40:00,1019.1
2026-03-24 20:50:00,1019.28
2026-03-24 21:00:00,1019.41
2026-03-24 21:10:00,1019.4599999999999
2026-03-24 21:20:00,1019.51
2026-03-24 21:30:00,1019.39
2026-03-24 21:40:00,1019.35
2026-03-24 21:50:00,1019.34
2026-03-24 22:00:00,1019.4399999999999
2026-03-24 22:10:00,1019.48
2026-03-24 22:20:00,1019.5799999999999
2026-03-24 22:30:00,1019.5699999999999
2026-03-24 22:40:00,1019.53
2026-03-24 22:50:00,1019.41
2026-03-24 23:00:00,1019.37
2026-03-24 23:10:00,1019.3
2026-03-24 23:20:00,1019.09
2026-03-24 23:30:00,1018.97
2026-03-24 23:40:00,1018.8299999999999
2026-03-24 23:50:00,1018.8199999999999
2026-03-25 00:00:00,1018.79
2026-03-25 00:10:00,1018.7099999999999
2026-03-25 00:20:00,1018.65
2026-03-25 00:30:00,1018.4599999999999
2026-03-25 00:40:00,1018.35
2026-03-25 00:50:00,1018.18
2026-03-25 01:00:00,1018.11
2026-03-25 01:10:00,1018.04
2026-03-25 01:20:00,1017.9499999999999
2026-03-25 01:30:00,1017.93
2026-03-25 01:40:00,1017.8199999999999
2026-03-25 01:50:00,1017.68
2026-03-25 02:00:00,1017.7099999999999
2026-03-25 02:10:00,1017.64
2026-03-25 02:20:00,1017.56
2026-03-25 02:30:00,1017.61
2026-03-25 02:40:00,1017.61
2026-03-25 02:50:00,1017.6899999999999
2026-03-25 03:00:00,1017.65
2026-03-25 03:10:00,1017.63
2026-03-25 03:20:00,1017.54
2026-03-25 03:30:00,1017.63
2026-03-25 03:40:00,1017.68
2026-03-25 03:50:00,1017.81
2026-03-25 04:00:00,1017.8199999999999
2026-03-25 04:10:00,1017.8199999999999
2026-03-25 04:20:00,1018.01
2026-03-25 04:30:00,1017.97
2026-03-25 04:40:00,1018.1
2026-03-25 04:50:00,1018.14
2026-03-25 05:00:00,1018.18
2026-03-25 05:10:00,1018.3
2026-03-25 05:20:00,1018.37
2026-03-25 05:30:00,1018.43
2026-03-25 05:40:00,1018.56
2026-03-25 05:50:00,1018.76
2026-03-25 06:00:00,1018.93
2026-03-25 06:10:00,1019.0699999999999
2026-03-25 06:20:00,1019.1999999999999
2026-03-25 06:30:00,1019.3299999999999
2026-03-25 06:40:00,1019.43
2026-03-25 06:50:00,1019.59
2026-03-25 07:00:00,1019.72
2026-03-25 07:10:00,1019.73
2026-03-25 07:20:00,1019.86
2026-03-25 07:30:00,1020.04
2026-03-25 07:40:00,1020.2099999999999
2026-03-25 07:50:00,1020.27
2026-03-25 08:00:00,1020.43
2026-03-25 08:10:00,1020.4599999999999
2026-03-25 08:20:00,1020.5799999999999
2026-03-25 08:30:00,1020.5799999999999
2026-03-25 08:40:00,1020.53
2026-03-25 08:50:00,1020.56
2026-03-25 09:00:00,1020.48
2026-03-25 09:10:00,1020.38
2026-03-25 09:20:00,1020.39
2026-03-25 09:30:00,1020.37
2026-03-25 09:40:00,1020.29
2026-03-25 09:50:00,1020.23
2026-03-25 10:00:00,1020.11
2026-03-25 10:10:00,1020.04
2026-03-25 10:20:00,1019.97
2026-03-25 10:30:00,1019.91
2026-03-25 10:40:00,1019.85
2026-03-25 10:50:00,1019.84
2026-03-25 11:00:00,1019.68
2026-03-25 11:10:00,1019.43
2026-03-25 11:20:00,1019.3299999999999
2026-03-25 11:30:00,1019.11
2026-03-25 11:40:00,1019.03
2026-03-25 11:50:00,1018.89
2026-03-25 12:00:00,1018.67
2026-03-25 12:10:00,1018.59
2026-03-25 12:20:00,1018.43
2026-03-25 12:30:00,1018.23
2026-03-25 12:40:00,1018.17
2026-03-25 12:50:00,1018.11
2026-03-25 13:00:00,1018.02
2026-03-25 13:10:00,1017.79
2026-03-25 13:20:00,1017.77
2026-03-25 13:30:00,1017.68
2026-03-25 13:40:00,1017.55
2026-03-25 13:50:00,1017.4599999999999
2026-03-25 14:00:00,1017.27
2026-03-25 14:10:00,1017.15
2026-03-25 14:20:00,1016.9599999999999
2026-03-25 14:30:00,1016.8299999999999
2026-03-25 14:40:00,1016.78
2026-03-25 14:50:00,1016.8
2026-03-25 15:00:00,1016.62
2026-03-25 15:10:00,1016.4499999999999
2026-03-25 15:20:00,1016.47
2026-03-25 15:30:00,1016.43
2026-03-25 15:40:00,1016.43
2026-03-25 15:50:00,1016.36
2026-03-25 16:00:00,1016.54
2026-03-25 16:10:00,1016.63
2026-03-25 16:20:00,1016.62
2026-03-25 16:30:00,1016.72
2026-03-25 16:40:00,1016.6899999999999
2026-03-25 16:50:00,1016.62
2026-03-25 17:00:00,1016.67
2026-03-25 17:10:00,1016.6
2026-03-25 17:20:00,1016.66
2026-03-25 17:30:00,1016.75
2026-03-25 17:40:00,1016.93
2026-03-25 17:50:00,1017.01
2026-03-25 18:00:00,1017.15
2026-03-25 18:10:00,1017.1899999999999
2026-03-25 18:20:00,1017.29
2026-03-25 18:30:00,1017.42
2026-03-25 18:40:00,1017.52
2026-03-25 18:50:00,1017.56
2026-03-25 19:00:00,1017.67
2026-03-25 19:10:00,1017.78
2026-03-25 19:20:00,1017.8199999999999
2026-03-25 19:30:00,1017.9499999999999
2026-03-25 19:40:00,1018.18
2026-03-25 19:50:00,1018.29
2026-03-25 20:00:00,1018.3199999999999
2026-03-25 20:10:00,1018.5
2026-03-25 20:20:00,1018.54
2026-03-25 20:30:00,1018.7099999999999
2026-03-25 20:40:00,1018.8199999999999
2026-03-25 20:50:00,1018.99
2026-03-25 21:00:00,1019.05
2026-03-25 21:10:00,1019.09
2026-03-25 21:20:00,1019.17
2026-03-25 21:30:00,1019.31
2026-03-25 21:40:00,1019.37
2026-03-25 21:50:00,1019.3299999999999
2026-03-25 22:00:00,1019.23
2026-03-25 22:10:00,1019.23
2026-03-25 22:20:00,1019.25
2026-03-25 22:30:00,1019.29
2026-03-25 22:40:00,1019.23
2026-03-25 22:50:00,1019.25
2026-03-25 23:00:00,1019.28
2026-03-25 23:10:00,1019.18
2026-03-25 23:20:00,1019
2026-03-25 23:30:00,1018.97
2026-03-25 23:40:00,1018.91
2026-03-25 23:50:00,1018.76
2026-03-26 00:00:00,1018.64
2026-03-26 00:10:00,1018.49
2026-03-26 00:20:00,1018.35
2026-03-26 00:30:00,1018.1999999999999
2026-03-26 00:40:00,1018.12
2026-03-26 00:50:00,1018.11
2026-03-26 01:00:00,1017.9
2026-03-26 01:10:00,1017.8
2026-03-26 01:20:00,1017.67
2026-03-26 01:30:00,1017.66
2026-03-26 01:40:00,1017.53
2026-03-26 01:50:00,1017.51
2026-03-26 02:00:00,1017.4599999999999
2026-03-26 02:10:00,1017.49
2026-03-26 02:20:00,1017.68
2026-03-26 02:30:00,1017.6800000000001
2026-03-26 02:40:00,1017.6
2026-03-26 02:50:00,1017.48
2026-03-26 03:00:00,1017.4499999999999
2026-03-26 03:10:00,1017.51
2026-03-26 03:20:00,1017.39
2026-03-26 03:30:00,1017.3199999999999
2026-03-26 03:40:00,1017.31
2026-03-26 03:50:00,1017.25
2026-03-26 04:00:00,1017.42
2026-03-26 04:10:00,1017.42
2026-03-26 04:20:00,1017.47
2026-03-26 04:30:00,1017.56
2026-03-26 04:40:00,1017.52
2026-03-26 04:50:00,1017.48
2026-03-26 05:00:00,1017.62
2026-03-26 05:10:00,1017.67
2026-03-26 05:20:00,1017.81
2026-03-26 05:30:00,1017.84
2026-03-26 05:40:00,1017.81
2026-03-26 05:50:00,1017.9399999999999
2026-03-26 06:00:00,1018.02
2026-03-26 06:10:00,1018.2099999999999
2026-03-26 06:20:00,1018.27
2026-03-26 06:30:00,1018.49
2026-03-26 06:40:00,1018.6
2026-03-26 06:50:00,1018.73
2026-03-26 07:00:00,1018.8199999999999
2026-03-26 07:10:00,1018.92
2026-03-26 07:20:00,1019.13
2026-03-26 07:30:00,1019.17
2026-03-26 07:40:00,1019.39
2026-03-26 07:50:00,1019.56
2026-03-26 08:00:00,1019.5699999999999
2026-03-26 08:10:00,1019.64
2026-03-26 08:20:00,1019.61
2026-03-26 08:30:00,1019.47
2026-03-26 08:40:00,1019.4499999999999
2026-03-26 08:50:00,1019.4599999999999
2026-03-26 09:00:00,1019.53
2026-03-26 09:10:00,1019.5699999999999
2026-03-26 09:20:00,1019.47
2026-03-26 09:30:00,1019.49
2026-03-26 09:40:00,1019.42
2026-03-26 09:50:00,1019.4499999999999
2026-03-26 10:00:00,1019.56
2026-03-26 10:10:00,1019.5
2026-03-26 10:20:00,1019.54
2026-03-26 10:30:00,1019.41
2026-03-26 10:40:00,1019.26
2026-03-26 10:50:00,1019.23
2026-03-26 11:00:00,1018.97
2026-03-26 11:10:00,1018.6899999999999
2026-03-26 11:20:00,1018.5799999999999
2026-03-26 11:30:00,1018.42
2026-03-26 11:40:00,1018.34
2026-03-26 11:50:00,1018.16
2026-03-26 12:00:00,1018.01
2026-03-26 12:10:00,1017.85
2026-03-26 12:20:00,1017.77
2026-03-26 12:30:00,1017.53
2026-03-26 12:40:00,1017.3199999999999
2026-03-26 12:50:00,1017.27
2026-03-26 13:00:00,1017.18
2026-03-26 13:10:00,1017.13
2026-03-26 13:20:00,1016.88
2026-03-26 13:30:00,1016.77
2026-03-26 13:40:00,1016.77
2026-03-26 13:50:00,1016.61
2026-03-26 14:00:00,1016.64
2026-03-26 14:10:00,1016.56
2026-03-26 14:20:00,1016.43
2026-03-26 14:30:00,1016.41
2026-03-26 14:40:00,1016.37
2026-03-26 14:50:00,1016.3199999999999
2026-03-26 15:00:00,1016.24
2026-03-26 15:10:00,1016.0799999999999
2026-03-26 15:20:00,1015.93
2026-03-26 15:30:00,1015.99
2026-03-26 15:40:00,1015.9599999999999
2026-03-26 15:50:00,1015.98
2026-03-26 16:00:00,1016.02
2026-03-26 16:10:00,1016.15
2026-03-26 16:20:00,1016.13
2026-03-26 16:30:00,1016.26
2026-03-26 16:40:00,1016.36
2026-03-26 16:50:00,1016.48
2026-03-26 17:00:00,1016.56
2026-03-26 17:10:00,1016.4399999999999
2026-03-26 17:20:00,1016.51
2026-03-26 17:30:00,1016.6999999999999
2026-03-26 17:40:00,1016.87
2026-03-26 17:50:00,1017.03
2026-03-26 18:00:00,1017.23
2026-03-26 18:10:00,1017.31
2026-03-26 18:20:00,1017.36
2026-03-26 18:30:00,1017.38
2026-03-26 18:40:00,1017.53
2026-03-26 18:50:00,1017.6
2026-03-26 19:00:00,1017.67
2026-03-26 19:10:00,1017.8299999999999
2026-03-26 19:20:00,1017.79
2026-03-26 19:30:00,1017.89
2026-03-26 19:40:00,1017.9
2026-03-26 19:50:00,1018.01
2026-03-26 20:00:00,1018.11
2026-03-26 20:10:00,1018.25
2026-03-26 20:20:00,1018.34
2026-03-26 20:30:00,1018.38
2026-03-26 20:40:00,1018.4499999999999
2026-03-26 20:50:00,1018.59
2026-03-26 21:00:00,1018.61
2026-03-26 21:10:00,1018.75
2026-03-26 21:20:00,1018.8299999999999
2026-03-26 21:30:00,1018.8299999999999
2026-03-26 21:40:00,1018.85
2026-03-26 21:50:00,1018.87
2026-03-26 22:00:00,1018.8
2026-03-26 22:10:00,1018.8299999999999
2026-03-26 22:20:00,1018.87
2026-03-26 22:30:00,1018.88
2026-03-26 22:40:00,1018.78
2026-03-26 22:50:00,1018.85
2026-03-26 23:00:00,1018.74
2026-03-26 23:10:00,1018.65
2026-03-26 23:20:00,1018.51
2026-03-26 23:30:00,1018.43
2026-03-26 23:40:00,1018.31
2026-03-26 23:50:00,1018.22
2026-03-27 00:00:00,1017.97
2026-03-27 00:10:00,1017.89
2026-03-27 00:20:00,1017.72
2026-03-27 00:30:00,1017.5699999999999
2026-03-27 00:40:00,1017.4599999999999
2026-03-27 00:50:00,1017.37
2026-03-27 01:00:00,1017.17
2026-03-27 01:10:00,1017.06
2026-03-27 01:20:00,1016.97
2026-03-27 01:30:00,1016.92
2026-03-27 01:40:00,1016.85
2026-03-27 01:50:00,1016.78
2026-03-27 02:00:00,1016.85
2026-03-27 02:10:00,1016.8
2026-03-27 02:20:00,1016.78
2026-03-27 02:30:00,1016.72
2026-03-27 02:40:00,1016.8199999999999
2026-03-27 02:50:00,1016.8199999999999
2026-03-27 03:00:00,1016.73
2026-03-27 03:10:00,1016.85
2026-03-27 03:20:00,1017.02
2026-03-27 03:30:00,1017.12
2026-03-27 03:40:00,1017.0699999999999
2026-03-27 03:50:00,1017.0799999999999
2026-03-27 04:00:00,1017.04
2026-03-27 04:10:00,1017
2026-03-27 04:20:00,1016.98
2026-03-27 04:30:00,1016.9499999999999
2026-03-27 04:40:00,1016.98
2026-03-27 04:50:00,1017.15
2026-03-27 05:00:00,1017.25
2026-03-27 05:10:00,1017.43
2026-03-27 05:20:00,1017.51
2026-03-27 05:30:00,1017.64
2026-03-27 05:40:00,1017.8299999999999
2026-03-27 05:50:00,1017.98
2026-03-27 06:00:00,1018.1
2026-03-27 06:10:00,1018.26
2026-03-27 06:20:00,1018.38
2026-03-27 06:30:00,1018.4
2026-03-27 06:40:00,1018.53
2026-03-27 06:50:00,1018.64
2026-03-27 07:00:00,1018.77
2026-03-27 07:10:00,1018.9499999999999
2026-03-27 07:20:00,1019.11
2026-03-27 07:30:00,1019.18
2026-03-27 07:40:00,1019.36
2026-03-27 07:50:00,1019.37
2026-03-27 08:00:00,1019.43
2026-03-27 08:10:00,1019.53
2026-03-27 08:20:00,1019.59
2026-03-27 08:30:00,1019.53
2026-03-27 08:40:00,1019.55
2026-03-27 08:50:00,1019.53
2026-03-27 09:00:00,1019.55
2026-03-27 09:10:00,1019.53
2026-03-27 09:20:00,1019.49
2026-03-27 09:30:00,1019.48
2026-03-27 09:40:00,1019.39
2026-03-27 09:50:00,1019.37
2026-03-27 10:00:00,1019.25
2026-03-27 10:10:00,1019.27
2026-03-27 10:20:00,1019.22
2026-03-27 10:30:00,1019.11
2026-03-27 10:40:00,1019.02
2026-03-27 10:50:00,1018.9
2026-03-27 11:00:00,1018.73
2026-03-27 11:10:00,1018.51
2026-03-27 11:20:00,1018.4399999999999
2026-03-27 11:30:00,1018.24
2026-03-27 11:40:00,1018.02
2026-03-27 11:50:00,1017.99
2026-03-27 12:00:00,1017.73
2026-03-27 12:10:00,1017.61
2026-03-27 12:20:00,1017.59
2026-03-27 12:30:00,1017.3299999999999
2026-03-27 12:40:00,1017.17
2026-03-27 12:50:00,1016.97
2026-03-27 13:00:00,1016.91
2026-03-27 13:10:00,1016.79
2026-03-27 13:20:00,1016.62
2026-03-27 13:30:00,1016.37
2026-03-27 13:40:00,1016.09
2026-03-27 13:50:00,1016.05
2026-03-27 14:00:00,1015.99
2026-03-27 14:10:00,1015.88
2026-03-27 14:20:00,1015.86
2026-03-27 14:30:00,1015.7099999999999
2026-03-27 14:40:00,1015.6899999999999
2026-03-27 14:50:00,1015.67
2026-03-27 15:00:00,1015.6999999999999
2026-03-27 15:10:00,1015.67
2026-03-27 15:20:00,1015.68
2026-03-27 15:30:00,1015.5799999999999
2026-03-27 15:40:00,1015.51
2026-03-27 15:50:00,1015.49
2026-03-27 16:00:00,1015.48
2026-03-27 16:10:00,1015.55
2026-03-27 16:20:00,1015.62
2026-03-27 16:30:00,1015.79
2026-03-27 16:40:00,1016.02
2026-03-27 16:50:00,1016.24
2026-03-27 17:00:00,1016.3299999999999
2026-03-27 17:10:00,1016.51
2026-03-27 17:20:00,1016.63
2026-03-27 17:30:00,1016.74
2026-03-27 17:40:00,1016.78
2026-03-27 17:50:00,1016.8
2026-03-27 18:00:00,1016.98
2026-03-27 18:10:00,1017
2026-03-27 18:20:00,1017.1899999999999
2026-03-27 18:30:00,1017.25
2026-03-27 18:40:00,1017.29
2026-03-27 18:50:00,1017.34
2026-03-27 19:00:00,1017.6
2026-03-27 19:10:00,1017.6999999999999
2026-03-27 19:20:00,1017.9
2026-03-27 19:30:00,1018.09
2026-03-27 19:40:00,1018.2099999999999
2026-03-27 19:50:00,1018.28
2026-03-27 20:00:00,1018.38
2026-03-27 20:10:00,1018.53
2026-03-27 20:20:00,1018.7099999999999
2026-03-27 20:30:00,1018.89
2026-03-27 20:40:00,1018.87
2026-03-27 20:50:00,1019.05
2026-03-27 21:00:00,1019.0799999999999
2026-03-27 21:10:00,1019.1999999999999
2026-03-27 21:20:00,1019.22
2026-03-27 21:30:00,1019.29
2026-03-27 21:40:00,1019.3199999999999
2026-03-27 21:50:00,1019.43
2026-03-27 22:00:00,1019.41
2026-03-27 22:10:00,1019.47
2026-03-27 22:20:00,1019.39
2026-03-27 22:30:00,1019.31
2026-03-27 22:40:00,1019.35
2026-03-27 22:50:00,1019.35
2026-03-27 23:00:00,1019.28
2026-03-27 23:10:00,1019.31
2026-03-27 23:20:00,1019.17
2026-03-27 23:30:00,1019.1
2026-03-27 23:40:00,1019.0799999999999
2026-03-27 23:50:00,1018.9499999999999
2026-03-28 00:00:00,1018.89
2026-03-28 00:10:00,1018.8
2026-03-28 00:20:00,1018.61
2026-03-28 00:30:00,1018.4599999999999
2026-03-28 00:40:00,1018.28
2026-03-28 00:50:00,1018.1
2026-03-28 01:00:00,1017.9499999999999
2026-03-28 01:10:00,1017.81
2026-03-28 01:20:00,1017.5699999999999
2026-03-28 01:30:00,1017.52
2026-03-28 01:40:00,1017.48
2026-03-28 01:50:00,1017.47
2026-03-28 02:00:00,1017.4
2026-03-28 02:10:00,1017.34
2026-03-28 02:20:00,1017.3
2026-03-28 02:30:00,1017.3199999999999
2026-03-28 02:40:00,1017.35
2026-03-28 02:50:00,1017.37
2026-03-28 03:00:00,1017.42
2026-03-28 03:10:00,1017.4499999999999
2026-03-28 03:20:00,1017.55
2026-03-28 03:30:00,1017.56
2026-03-28 03:40:00,1017.6
2026-03-28 03:50:00,1017.65
2026-03-28 04:00:00,1017.72
2026-03-28 04:10:00,1017.74
2026-03-28 04:20:00,1017.8
2026-03-28 04:30:00,1017.81
2026-03-28 04:40:00,1017.75
2026-03-28 04:50:00,1017.8299999999999
2026-03-28 05:00:00,1018
2026-03-28 05:10:00,1018.17
2026-03-28 05:20:00,1018.39
2026-03-28 05:30:00,1018.79
2026-03-28 05:40:00,1019.2199999999999
2026-03-28 05:50:00,1019.3925
2026-03-28 06:00:00,1019.48
2026-03-28 06:10:00,1019.645
2026-03-28 06:20:00,1019.9200000000001
2026-03-28 06:30:00,1020.0425
2026-03-28 06:40:00,1020.15375
2026-03-28 06:50:00,1020.3566666666666
2026-03-28 07:00:00,1020.5242857142858
2026-03-28 07:10:00,1020.5933333333332
2026-03-28 07:20:00,1020.56
2026-03-28 07:30:00,1020.69
2026-03-28 07:40:00,1020.8566666666667
2026-03-28 07:50:00,1020.865
2026-03-28 08:00:00,1020.92
2026-03-28 08:10:00,1021.01
2026-03-28 08:20:00,1021.03
2026-03-28 08:30:00,1021.01
2026-03-28 08:40:00,1021.02
2026-03-28 08:50:00,1021.1
2026-03-28 09:00:00,1021.1
2026-03-28 09:10:00,1021.04
2026-03-28 09:20:00,1021.1
2026-03-28 09:30:00,1021.1
2026-03-28 09:40:00,1020.99
2026-03-28 09:50:00,1021.02
2026-03-28 10:00:00,1021.06
2026-03-28 10:10:00,1021.05
2026-03-28 10:20:00,1020.87
2026-03-28 10:30:00,1020.72
2026-03-28 10:40:00,1020.68
2026-03-28 10:50:00,1020.55
2026-03-28 11:00:00,1020.34
2026-03-28 11:10:00,1020.2099999999999
2026-03-28 11:20:00,1020.16
2026-03-28 11:30:00,1020.0699999999999
2026-03-28 11:40:00,1020.02
2026-03-28 11:50:00,1019.85
2026-03-28 12:00:00,1019.77
2026-03-28 12:10:00,1019.6
2026-03-28 12:20:00,1019.51
2026-03-28 12:30:00,1019.41
2026-03-28 12:40:00,1019.31
2026-03-28 12:50:00,1019.14
2026-03-28 13:00:00,1018.89
2026-03-28 13:10:00,1018.72
2026-03-28 13:20:00,1018.68
2026-03-28 13:30:00,1018.47
2026-03-28 13:40:00,1018.38
2026-03-28 13:50:00,1018.22
2026-03-28 14:00:00,1017.92
2026-03-28 14:10:00,1017.84
2026-03-28 14:20:00,1017.5699999999999
2026-03-28 14:30:00,1017.4399999999999
2026-03-28 14:40:00,1017.52
2026-03-28 14:50:00,1017.4399999999999
2026-03-28 15:00:00,1017.36
2026-03-28 15:10:00,1017.39
2026-03-28 15:20:00,1017.38
2026-03-28 15:30:00,1017.51
2026-03-28 15:40:00,1017.63
2026-03-28 15:50:00,1017.6899999999999
2026-03-28 16:00:00,1017.65
2026-03-28 16:10:00,1017.73
2026-03-28 16:20:00,1017.72
2026-03-28 16:30:00,1017.9
2026-03-28 16:40:00,1017.9
2026-03-28 16:50:00,1017.85
2026-03-28 17:00:00,1017.9399999999999
2026-03-28 17:10:00,1017.99
2026-03-28 17:20:00,1017.98
2026-03-28 17:30:00,1018.14
2026-03-28 17:40:00,1018.3
2026-03-28 17:50:00,1018.37
2026-03-28 18:00:00,1018.54
2026-03-28 18:10:00,1018.6999999999999
2026-03-28 18:20:00,1018.8299999999999
2026-03-28 18:30:00,1018.9499999999999
2026-03-28 18:40:00,1018.93
2026-03-28 18:50:00,1019.0699999999999
2026-03-28 19:00:00,1019.09
2026-03-28 19:10:00,1019.17
2026-03-28 19:20:00,1019.3199999999999
2026-03-28 19:30:00,1019.3199999999999
2026-03-28 19:40:00,1019.43
2026-03-28 20:00:00,1019.5699999999999
2026-03-28 20:10:00,1019.6899999999999
2026-03-28 20:20:00,1019.76
2026-03-28 20:30:00,1019.9399999999999
2026-03-28 20:40:00,1020
2026-03-28 20:50:00,1020.11
2026-03-28 21:00:00,1020.22
2026-03-28 21:10:00,1020.27
2026-03-28 21:20:00,1020.27
2026-03-28 21:30:00,1020.25
2026-03-28 21:40:00,1020.4
2026-03-28 21:50:00,1020.4
2026-03-28 22:00:00,1020.42
2026-03-28 22:10:00,1020.4599999999999
2026-03-28 22:20:00,1020.4499999999999
2026-03-28 22:30:00,1020.51
2026-03-28 22:40:00,1020.4499999999999
2026-03-28 22:50:00,1020.3199999999999
2026-03-28 23:00:00,1020.26
2026-03-28 23:10:00,1020.09
2026-03-28 23:20:00,1020.02
2026-03-28 23:30:00,1020.06
2026-03-28 23:40:00,1020.01
2026-03-28 23:50:00,1020.03
2026-03-29 00:00:00,1019.9399999999999
2026-03-29 00:10:00,1019.78
2026-03-29 00:20:00,1019.77
2026-03-29 00:30:00,1019.91
2026-03-29 00:40:00,1019.81
2026-03-29 00:50:00,1019.76
2026-03-29 01:00:00,1019.62
2026-03-29 01:10:00,1019.54
2026-03-29 01:20:00,1019.36
2026-03-29 01:30:00,1019.35
2026-03-29 01:40:00,1019.3199999999999
2026-03-29 01:50:00,1019.2099999999999
2026-03-29 02:00:00,1019.14
2026-03-29 02:10:00,1019.23
2026-03-29 02:20:00,1019.23
2026-03-29 02:30:00,1019.2099999999999
2026-03-29 02:40:00,1019.0633333333334
2026-03-29 02:50:00,1019.02
2026-03-29 03:00:00,1018.97
2026-03-29 03:10:00,1018.98
2026-03-29 03:20:00,1018.87
2026-03-29 03:30:00,1018.87
2026-03-29 03:40:00,1018.9
2026-03-29 03:50:00,1018.87
2026-03-29 04:00:00,1018.9
2026-03-29 04:10:00,1018.78
2026-03-29 04:20:00,1018.8299999999999
2026-03-29 04:30:00,1018.99
2026-03-29 04:40:00,1019.06
2026-03-29 04:50:00,1019.24
2026-03-29 05:00:00,1019.3199999999999
2026-03-29 05:10:00,1019.35
2026-03-29 05:20:00,1019.48
2026-03-29 05:30:00,1019.61
2026-03-29 05:40:00,1019.5799999999999
2026-03-29 05:50:00,1019.6899999999999
2026-03-29 06:00:00,1019.86
2026-03-29 06:10:00,1019.89
2026-03-29 06:20:00,1020.0699999999999
2026-03-29 06:30:00,1020.25
2026-03-29 06:40:00,1020.53
2026-03-29 06:50:00,1020.7099999999999
2026-03-29 07:00:00,1020.99
2026-03-29 07:10:00,1021.16
2026-03-29 07:20:00,1021.31
2026-03-29 07:30:00,1021.5799999999999
2026-03-29 07:40:00,1021.79
2026-03-29 07:50:00,1021.91
2026-03-29 08:00:00,1022.06
2026-03-29 08:10:00,1022.1999999999999
2026-03-29 08:20:00,1022.28
2026-03-29 08:30:00,1022.28
2026-03-29 08:40:00,1022.3199999999999
2026-03-29 08:50:00,1022.36
2026-03-29 09:00:00,1022.26
2026-03-29 09:10:00,1022.38
2026-03-29 09:20:00,1022.42
2026-03-29 09:30:00,1022.24
2026-03-29 09:40:00,1022.18
2026-03-29 09:50:00,1022.13
2026-03-29 10:00:00,1022.14
2026-03-29 10:10:00,1022.02
2026-03-29 10:20:00,1021.9399999999999
2026-03-29 10:30:00,1021.8
2026-03-29 10:40:00,1021.53
2026-03-29 10:50:00,1021.4499999999999
2026-03-29 11:00:00,1021.43
2026-03-29 11:10:00,1021.29
2026-03-29 11:20:00,1021.24
2026-03-29 11:30:00,1021.15
2026-03-29 11:40:00,1020.9399999999999
2026-03-29 11:50:00,1020.79
2026-03-29 12:00:00,1020.5799999999999
2026-03-29 12:10:00,1020.4499999999999
2026-03-29 12:20:00,1020.2099999999999
2026-03-29 12:30:00,1019.9399999999999
2026-03-29 12:40:00,1019.76
2026-03-29 12:50:00,1019.59
2026-03-29 13:00:00,1019.43
2026-03-29 13:10:00,1019.26
2026-03-29 13:20:00,1019.05
2026-03-29 13:30:00,1018.86
2026-03-29 13:40:00,1018.74
2026-03-29 13:50:00,1018.73
2026-03-29 14:00:00,1018.73
2026-03-29 14:10:00,1018.68
2026-03-29 14:20:00,1018.51
2026-03-29 14:30:00,1018.43
2026-03-29 14:40:00,1018.43
2026-03-29 14:50:00,1018.42
2026-03-29 15:00:00,1018.4599999999999
2026-03-29 15:10:00,1018.3299999999999
2026-03-29 15:20:00,1018.15
2026-03-29 15:30:00,1018.0699999999999
2026-03-29 15:40:00,1018.0799999999999
2026-03-29 15:50:00,1018.15
2026-03-29 16:00:00,1018.24
2026-03-29 16:10:00,1018.23
2026-03-29 16:20:00,1018.24
2026-03-29 16:30:00,1018.42
2026-03-29 16:40:00,1018.63
2026-03-29 16:50:00,1018.76
2026-03-29 17:00:00,1018.78
2026-03-29 17:10:00,1018.79
2026-03-29 17:20:00,1018.8299999999999
2026-03-29 17:30:00,1018.91
2026-03-29 17:40:00,1019.04
2026-03-29 17:50:00,1019.04
2026-03-29 18:00:00,1019.17
2026-03-29 18:10:00,1019.35
2026-03-29 18:20:00,1019.4399999999999
2026-03-29 18:30:00,1019.5699999999999
2026-03-29 18:40:00,1019.77
2026-03-29 18:50:00,1019.99
2026-03-29 19:00:00,1020.02
2026-03-29 19:10:00,1020.0699999999999
2026-03-29 19:20:00,1020.18
2026-03-29 19:30:00,1020.39
2026-03-29 19:40:00,1020.4599999999999
2026-03-29 19:50:00,1020.63
2026-03-29 20:00:00,1020.64
2026-03-29 20:10:00,1020.8
2026-03-29 20:20:00,1020.92
2026-03-29 20:30:00,1021.04
2026-03-29 20:40:00,1021.01
2026-03-29 20:50:00,1020.98
2026-03-29 21:00:00,1021.03
2026-03-29 21:10:00,1021.13
2026-03-29 21:20:00,1021.22
2026-03-29 21:30:00,1021.28
2026-03-29 21:40:00,1021.26
2026-03-29 21:50:00,1021.18
2026-03-29 22:00:00,1021.05
2026-03-29 22:10:00,1021.09
2026-03-29 22:20:00,1021.0699999999999
2026-03-29 22:30:00,1020.91
2026-03-29 22:40:00,1020.91
2026-03-29 22:50:00,1020.8299999999999
2026-03-29 23:00:00,1020.84
2026-03-29 23:10:00,1020.77
2026-03-29 23:20:00,1020.81
2026-03-29 23:30:00,1020.6999999999999
2026-03-29 23:40:00,1020.62
2026-03-29 23:50:00,1020.41
2026-03-30 00:00:00,1020.28
2026-03-30 00:10:00,1020.11
2026-03-30 00:20:00,1020.09
2026-03-30 00:30:00,1019.9499999999999
2026-03-30 00:40:00,1019.8199999999999
2026-03-30 00:50:00,1019.68
2026-03-30 01:00:00,1019.65
2026-03-30 01:10:00,1019.52
2026-03-30 01:20:00,1019.34
2026-03-30 01:30:00,1019.1999999999999
2026-03-30 01:40:00,1018.9599999999999
2026-03-30 01:50:00,1018.9399999999999
2026-03-30 02:00:00,1018.97
2026-03-30 02:10:00,1019
2026-03-30 02:20:00,1018.9399999999999
2026-03-30 02:30:00,1018.8299999999999
2026-03-30 02:40:00,1018.81
2026-03-30 02:50:00,1018.79
2026-03-30 03:00:00,1018.73
2026-03-30 03:10:00,1018.63
2026-03-30 03:20:00,1018.53
2026-03-30 03:30:00,1018.63
2026-03-30 03:40:00,1018.77
2026-03-30 03:50:00,1018.93
2026-03-30 04:00:00,1019.03
2026-03-30 04:10:00,1019.05
2026-03-30 04:20:00,1019.17
2026-03-30 04:30:00,1019.49
2026-03-30 04:40:00,1019.51
2026-03-30 04:50:00,1019.5799999999999
2026-03-30 05:00:00,1019.5799999999999
2026-03-30 05:10:00,1019.7099999999999
2026-03-30 05:20:00,1019.72
2026-03-30 05:30:00,1019.91
2026-03-30 05:40:00,1020.24
2026-03-30 05:50:00,1020.35
2026-03-30 06:00:00,1020.4499999999999
2026-03-30 06:10:00,1020.59
2026-03-30 06:20:00,1020.8
2026-03-30 06:30:00,1020.99
2026-03-30 06:40:00,1021.13
2026-03-30 06:50:00,1021.345
2026-03-30 07:00:00,1021.49
2026-03-30 07:10:00,1021.67
2026-03-30 07:20:00,1021.8299999999999
2026-03-30 07:30:00,1021.77
2026-03-30 07:40:00,1021.99
2026-03-30 07:50:00,1022.06
2026-03-30 08:00:00,1022.22
2026-03-30 08:10:00,1022.1899999999999
2026-03-30 08:20:00,1022.11
2026-03-30 08:30:00,1022.12
2026-03-30 08:40:00,1022.14
2026-03-30 08:50:00,1022.12
2026-03-30 09:00:00,1022.06
2026-03-30 09:10:00,1021.9599999999999
2026-03-30 09:20:00,1021.9499999999999
2026-03-30 09:30:00,1021.85
2026-03-30 09:40:00,1021.9
2026-03-30 09:50:00,1021.79
2026-03-30 10:00:00,1021.77
2026-03-30 10:10:00,1021.7099999999999
2026-03-30 10:20:00,1021.78
2026-03-30 10:30:00,1021.74
2026-03-30 10:40:00,1021.67
2026-03-30 10:50:00,1021.5
2026-03-30 11:00:00,1021.4
2026-03-30 11:10:00,1021.31
2026-03-30 11:20:00,1021.13
2026-03-30 11:30:00,1020.98
2026-03-30 11:40:00,1020.8
2026-03-30 11:50:00,1020.54
2026-03-30 12:00:00,1020.3299999999999
2026-03-30 12:10:00,1020.05
2026-03-30 12:20:00,1019.92
2026-03-30 12:30:00,1019.9
2026-03-30 12:40:00,1019.7099999999999
2026-03-30 12:50:00,1019.5799999999999
2026-03-30 13:00:00,1019.34
2026-03-30 13:10:00,1019.25
2026-03-30 13:20:00,1019.12
2026-03-30 13:30:00,1019.03
2026-03-30 13:40:00,1018.8299999999999
2026-03-30 13:50:00,1018.7099999999999
2026-03-30 14:00:00,1018.56
2026-03-30 14:10:00,1018.42
2026-03-30 14:20:00,1018.28
2026-03-30 14:30:00,1018.3
2026-03-30 14:40:00,1018.1999999999999
2026-03-30 14:50:00,1018.1899999999999
2026-03-30 15:00:00,1018.09
2026-03-30 15:10:00,1017.92
2026-03-30 15:20:00,1017.92
2026-03-30 15:30:00,1018.0799999999999
2026-03-30 15:40:00,1017.8199999999999
2026-03-30 15:50:00,1018
2026-03-30 16:00:00,1018
2026-03-30 16:10:00,1018.13
2026-03-30 16:20:00,1018.05
2026-03-30 16:30:00,1018.13
2026-03-30 16:40:00,1018.1999999999999
2026-03-30 16:50:00,1018.35
2026-03-30 17:00:00,1018.48
2026-03-30 17:10:00,1018.5799999999999
2026-03-30 17:20:00,1018.75
2026-03-30 17:30:00,1018.8299999999999
2026-03-30 17:40:00,1018.88
2026-03-30 17:50:00,1019.03
2026-03-30 18:00:00,1019.1899999999999
2026-03-30 18:10:00,1019.31
2026-03-30 18:20:00,1019.54
2026-03-30 18:30:00,1019.61
2026-03-30 18:40:00,1019.72
2026-03-30 18:50:00,1019.8299999999999
2026-03-30 19:00:00,1019.9499999999999
2026-03-30 19:10:00,1019.9399999999999
2026-03-30 19:20:00,1020.22
2026-03-30 19:30:00,1020.24
2026-03-30 19:40:00,1020.34
2026-03-30 20:00:00,1020.39
2026-03-30 20:10:00,1020.48
2026-03-30 20:20:00,1020.5699999999999
2026-03-30 20:30:00,1020.73
2026-03-30 20:40:00,1020.81
2026-03-30 20:50:00,1020.98
2026-03-30 21:00:00,1021.0799999999999
2026-03-30 21:10:00,1021.13
2026-03-30 21:20:00,1021.1899999999999
2026-03-30 21:30:00,1021.22
2026-03-30 21:40:00,1021.36
2026-03-30 21:50:00,1021.36
2026-03-30 22:00:00,1021.4499999999999
2026-03-30 22:10:00,1021.4399999999999
2026-03-30 22:20:00,1021.42
2026-03-30 22:30:00,1021.35
2026-03-30 22:40:00,1021.31
2026-03-30 22:50:00,1021.31
2026-03-30 23:00:00,1021.1
2026-03-30 23:10:00,1021.13
2026-03-30 23:20:00,1021
2026-03-30 23:30:00,1020.78
2026-03-30 23:40:00,1020.5699999999999
2026-03-30 23:50:00,1020.65
2026-03-31 00:00:00,1020.4499999999999
2026-03-31 00:10:00,1020.34
2026-03-31 00:20:00,1020.11
2026-03-31 00:30:00,1019.91
2026-03-31 00:40:00,1019.77
2026-03-31 00:50:00,1019.6
2026-03-31 01:00:00,1019.3199999999999
2026-03-31 01:10:00,1019.23
2026-03-31 01:20:00,1019.06
2026-03-31 01:30:00,1019
2026-03-31 01:40:00,1018.99
2026-03-31 01:50:00,1019.06
2026-03-31 02:00:00,1019.0799999999999
2026-03-31 02:10:00,1019.05
2026-03-31 02:20:00,1018.92
2026-03-31 02:30:00,1018.89
2026-03-31 02:40:00,1018.91
2026-03-31 02:50:00,1018.8199999999999
2026-03-31 03:00:00,1018.85
2026-03-31 03:10:00,1018.88
2026-03-31 03:20:00,1018.9499999999999
2026-03-31 03:30:00,1018.9399999999999
2026-03-31 03:40:00,1019.01
2026-03-31 03:50:00,1018.91
2026-03-31 04:00:00,1018.91
2026-03-31 04:10:00,1018.98
2026-03-31 04:20:00,1019
2026-03-31 04:30:00,1019.02
2026-03-31 04:40:00,1019.06
2026-03-31 04:50:00,1018.9499999999999
2026-03-31 05:00:00,1018.97
2026-03-31 05:10:00,1019.0799999999999
2026-03-31 05:20:00,1019.24
2026-03-31 05:30:00,1019.36
2026-03-31 05:40:00,1019.53
2026-03-31 05:50:00,1019.6
2026-03-31 06:00:00,1019.67
2026-03-31 06:10:00,1019.9399999999999
2026-03-31 06:20:00,1020.0799999999999
2026-03-31 06:30:00,1020.15
2026-03-31 06:40:00,1020.3
2026-03-31 06:50:00,1020.52
2026-03-31 07:00:00,1020.5699999999999
2026-03-31 07:10:00,1020.5699999999999
2026-03-31 07:20:00,1020.6
2026-03-31 07:30:00,1020.63
2026-03-31 07:40:00,1020.76
2026-03-31 07:50:00,1020.81
2026-03-31 08:00:00,1021.01
2026-03-31 08:10:00,1021.18
2026-03-31 08:20:00,1021.2099999999999
2026-03-31 08:30:00,1021.425
2026-03-31 08:40:00,1021.61
2026-03-31 08:50:00,1021.7099999999999
2026-03-31 09:00:00,1021.84
2026-03-31 09:10:00,1021.8199999999999
2026-03-31 09:20:00,1021.8
2026-03-31 09:30:00,1021.665
2026-03-31 09:40:00,1021.6
2026-03-31 09:50:00,1021.5699999999999
2026-03-31 10:00:00,1021.55
2026-03-31 10:10:00,1021.4499999999999
2026-03-31 10:20:00,1021.29
2026-03-31 10:30:00,1021.15
2026-03-31 10:40:00,1020.87
2026-03-31 10:50:00,1020.86
2026-03-31 11:00:00,1020.79
2026-03-31 11:10:00,1020.77
2026-03-31 11:20:00,1020.56
2026-03-31 11:30:00,1020.52
2026-03-31 11:40:00,1020.36
2026-03-31 11:50:00,1020.05
2026-03-31 12:00:00,1019.9399999999999
2026-03-31 12:10:00,1019.78
2026-03-31 12:20:00,1019.66
2026-03-31 12:30:00,1019.47
2026-03-31 12:40:00,1019.39
2026-03-31 12:50:00,1019.22
2026-03-31 13:00:00,1019
2026-03-31 13:10:00,1018.91
2026-03-31 13:20:00,1018.81
2026-03-31 13:30:00,1018.62
2026-03-31 13:40:00,1018.4399999999999
2026-03-31 13:50:00,1018.36
2026-03-31 14:00:00,1018.1999999999999
2026-03-31 14:10:00,1018.01
2026-03-31 14:20:00,1017.86
2026-03-31 14:30:00,1017.5699999999999
2026-03-31 14:40:00,1017.51
2026-03-31 14:50:00,1017.26
2026-03-31 15:00:00,1017.1899999999999
2026-03-31 15:10:00,1017.23
2026-03-31 15:20:00,1017.26
2026-03-31 15:30:00,1017.25
2026-03-31 15:40:00,1017.16
2026-03-31 15:50:00,1017.14
2026-03-31 16:00:00,1017.0699999999999
2026-03-31 16:10:00,1017.11
2026-03-31 16:20:00,1017.2099999999999
2026-03-31 16:30:00,1017.3
2026-03-31 16:40:00,1017.38
2026-03-31 16:50:00,1017.41
2026-03-31 17:00:00,1017.56
2026-03-31 17:10:00,1017.6899999999999
2026-03-31 17:20:00,1017.75
2026-03-31 17:30:00,1017.67
2026-03-31 17:40:00,1017.66
2026-03-31 17:50:00,1017.78
2026-03-31 18:00:00,1017.87
2026-03-31 18:10:00,1017.87
2026-03-31 18:20:00,1017.98
2026-03-31 18:30:00,1018.12
2026-03-31 18:40:00,1018.2099999999999
2026-03-31 18:50:00,1018.3199999999999
2026-03-31 19:00:00,1018.5
2026-03-31 19:10:00,1018.6
2026-03-31 19:20:00,1018.63
2026-03-31 19:30:00,1018.9
2026-03-31 19:40:00,1019.13
2026-03-31 19:50:00,1019.4918749999999
2026-03-31 20:00:00,1019.6492307692307
2026-03-31 20:10:00,1019.7099999999999
2026-03-31 20:20:00,1019.8
2026-03-31 20:30:00,1019.89
2026-03-31 20:40:00,1020.04
2026-03-31 20:50:00,1020.13
2026-03-31 21:00:00,1020.09
2026-03-31 21:10:00,1020.03
2026-03-31 21:20:00,1019.99
2026-03-31 21:30:00,1020.04
2026-03-31 21:40:00,1020.0799999999999
2026-03-31 21:50:00,1020.14
2026-03-31 22:00:00,1020.14
2026-03-31 22:10:00,1020.02
2026-03-31 22:20:00,1019.9499999999999
2026-03-31 22:30:00,1019.8
2026-03-31 22:40:00,1019.78
2026-03-31 22:50:00,1019.74
2026-03-31 23:00:00,1019.67
2026-03-31 23:10:00,1019.63
2026-03-31 23:20:00,1019.62
2026-03-31 23:30:00,1019.47
2026-03-31 23:40:00,1019.4499999999999
2026-03-31 23:50:00,1019.3299999999999
2026-04-01 00:00:00,1019.06
2026-04-01 00:10:00,1018.92
2026-04-01 00:20:00,1018.78
2026-04-01 00:30:00,1018.7099999999999
2026-04-01 00:40:00,1018.6
2026-04-01 00:50:00,1018.4599999999999
2026-04-01 01:00:00,1018.4
2026-04-01 01:10:00,1018.24
2026-04-01 01:20:00,1018.18
2026-04-01 01:30:00,1018.28
2026-04-01 01:40:00,1018.1899999999999
2026-04-01 01:50:00,1018
2026-04-01 02:00:00,1017.9599999999999
2026-04-01 02:10:00,1017.85
2026-04-01 02:20:00,1017.85
2026-04-01 02:30:00,1017.87
2026-04-01 02:40:00,1017.8299999999999
2026-04-01 02:50:00,1017.6899999999999
2026-04-01 03:00:00,1017.73
2026-04-01 03:10:00,1017.63
2026-04-01 03:20:00,1017.6999999999999
2026-04-01 03:30:00,1017.73
2026-04-01 03:40:00,1017.6
2026-04-01 03:50:00,1017.65
2026-04-01 04:00:00,1017.63
2026-04-01 04:10:00,1017.72
2026-04-01 04:20:00,1017.75
2026-04-01 04:30:00,1017.81
2026-04-01 04:40:00,1017.8299999999999
2026-04-01 04:50:00,1017.9399999999999
2026-04-01 05:00:00,1018.13
2026-04-01 05:10:00,1018.27
2026-04-01 05:20:00,1018.36
2026-04-01 05:30:00,1018.43
2026-04-01 05:40:00,1018.43
2026-04-01 05:50:00,1018.53
2026-04-01 06:00:00,1018.49
2026-04-01 06:10:00,1018.76
2026-04-01 06:20:00,1019.03
2026-04-01 06:30:00,1019.36
2026-04-01 06:40:00,1019.66
2026-04-01 06:50:00,1019.87
2026-04-01 07:00:00,1020.05
2026-04-01 07:10:00,1020.25
2026-04-01 07:20:00,1020.38
2026-04-01 07:30:00,1020.67
2026-04-01 07:40:00,1020.88
2026-04-01 07:50:00,1021.05
2026-04-01 08:00:00,1021.29
2026-04-01 08:10:00,1021.425
2026-04-01 08:20:00,1021.52
2026-04-01 09:00:00,1021.18
2026-04-01 09:10:00,1021.17
2026-04-01 09:20:00,1021.13
2026-04-01 09:30:00,1021.12
2026-04-01 09:40:00,1021.1
2026-04-01 09:50:00,1021.25
2026-04-01 10:00:00,1021.34
2026-04-01 10:10:00,1021.27
2026-04-01 10:20:00,1021.23
2026-04-01 10:30:00,1021.11
2026-04-01 10:40:00,1020.89
2026-04-01 10:50:00,1020.76
2026-04-01 11:00:00,1020.8199999999999
2026-04-01 11:10:00,1020.74
2026-04-01 11:20:00,1020.72
2026-04-01 11:30:00,1020.51
2026-04-01 11:40:00,1020.62
2026-04-01 11:50:00,1020.53
2026-04-01 12:00:00,1020.41
2026-04-01 12:10:00,1020.28
2026-04-01 12:20:00,1020.06
2026-04-01 12:30:00,1019.84
2026-04-01 12:40:00,1019.72
2026-04-01 12:50:00,1019.5699999999999
2026-04-01 13:00:00,1019.52
2026-04-01 13:10:00,1019.37
2026-04-01 13:20:00,1019.36
2026-04-01 13:30:00,1019.09
2026-04-01 13:40:00,1018.87
2026-04-01 13:50:00,1018.72
2026-04-01 14:00:00,1018.4499999999999
2026-04-01 14:50:00,1017.74
2026-04-01 15:00:00,1017.64
2026-04-01 15:10:00,1017.5699999999999
2026-04-01 15:20:00,1017.75
2026-04-01 15:30:00,1017.65
2026-04-01 15:40:00,1017.54
2026-04-01 15:50:00,1017.75
2026-04-01 16:00:00,1017.72
2026-04-01 16:10:00,1017.63
2026-04-01 16:20:00,1017.54
2026-04-01 16:30:00,1017.37
2026-04-01 16:40:00,1017.43
2026-04-01 16:50:00,1017.59
2026-04-01 17:00:00,1017.63
2026-04-01 17:10:00,1017.68
2026-04-01 17:20:00,1017.72
2026-04-01 17:30:00,1017.79
2026-04-01 17:40:00,1017.98
2026-04-01 17:50:00,1017.9499999999999
2026-04-01 18:00:00,1017.75
2026-04-01 18:10:00,1017.72
2026-04-01 18:20:00,1017.78
2026-04-01 18:30:00,1017.89
2026-04-01 18:40:00,1018.05
2026-04-01 18:50:00,1018.16
2026-04-01 19:00:00,1018.22
2026-04-01 19:10:00,1018.27
2026-04-01 19:20:00,1018.15
2026-04-01 19:30:00,1018.16
2026-04-01 19:40:00,1018.23
2026-04-01 19:50:00,1018.34
2026-04-01 20:00:00,1018.52
2026-04-01 20:10:00,1018.76
2026-04-01 20:20:00,1018.78
2026-04-01 20:30:00,1018.87
2026-04-01 20:40:00,1019.06
2026-04-01 20:50:00,1019.1999999999999
2026-04-01 21:00:00,1019.0799999999999
2026-04-01 21:10:00,1019.2099999999999
2026-04-01 21:20:00,1019.34
2026-04-01 21:30:00,1019.34
2026-04-01 21:40:00,1019.29
2026-04-01 21:50:00,1019.3199999999999
2026-04-01 22:00:00,1019.4499999999999
2026-04-01 22:10:00,1019.51
2026-04-01 22:20:00,1019.42
2026-04-01 22:30:00,1019.1999999999999
2026-04-01 22:40:00,1019.04
2026-04-01 22:50:00,1018.89
2026-04-01 23:00:00,1018.89
2026-04-01 23:10:00,1018.79
2026-04-01 23:20:00,1018.68
2026-04-01 23:30:00,1018.67
2026-04-01 23:40:00,1018.5699999999999
2026-04-01 23:50:00,1018.35
2026-04-02 00:00:00,1018.15
2026-04-02 00:10:00,1017.9499999999999
2026-04-02 00:20:00,1017.8299999999999
2026-04-02 00:30:00,1017.77
2026-04-02 00:40:00,1017.73
2026-04-02 00:50:00,1017.6
2026-04-02 01:00:00,1017.4
2026-04-02 01:10:00,1017.4599999999999
2026-04-02 01:20:00,1017.49
2026-04-02 01:30:00,1017.36
2026-04-02 01:40:00,1017.13
2026-04-02 01:50:00,1017.03
2026-04-02 02:00:00,1016.9
2026-04-02 02:10:00,1016.73
2026-04-02 02:20:00,1016.64
2026-04-02 02:30:00,1016.6
2026-04-02 02:40:00,1016.66
2026-04-02 02:50:00,1016.67
2026-04-02 03:00:00,1016.63
2026-04-02 03:10:00,1016.7099999999999
2026-04-02 03:20:00,1016.73
2026-04-02 03:30:00,1016.7099999999999
2026-04-02 03:40:00,1016.64
2026-04-02 03:50:00,1016.73
2026-04-02 04:00:00,1016.8199999999999
2026-04-02 04:10:00,1016.86
2026-04-02 04:20:00,1017.1
2026-04-02 04:30:00,1017.17
2026-04-02 04:40:00,1017.38
2026-04-02 04:50:00,1017.41
2026-04-02 05:00:00,1017.55
2026-04-02 05:10:00,1017.77
2026-04-02 05:20:00,1017.9
2026-04-02 05:30:00,1018.03
2026-04-02 05:40:00,1018.2099999999999
2026-04-02 05:50:00,1018.35
2026-04-02 06:00:00,1018.43
2026-04-02 06:10:00,1018.5699999999999
2026-04-02 06:20:00,1018.65
2026-04-02 06:30:00,1018.78
2026-04-02 06:40:00,1018.92
2026-04-02 06:50:00,1019.075
2026-04-02 07:00:00,1019.29
2026-04-02 07:10:00,1019.43
2026-04-02 07:20:00,1019.5699999999999
2026-04-02 07:30:00,1019.67
2026-04-02 07:40:00,1019.78
2026-04-02 07:50:00,1019.97
2026-04-02 08:00:00,1020.04
2026-04-02 08:10:00,1020.13
2026-04-02 08:20:00,1020.29
2026-04-02 08:30:00,1020.3199999999999
2026-04-02 08:40:00,1020.42
2026-04-02 09:00:00,1020.42
2026-04-02 09:10:00,1020.46
2026-04-02 09:20:00,1020.42
2026-04-02 09:30:00,1020.4399999999999
2026-04-02 09:40:00,1020.43
2026-04-02 09:50:00,1020.5
2026-04-02 10:00:00,1020.54
2026-04-02 10:10:00,1020.53
2026-04-02 10:20:00,1020.54
2026-04-02 10:30:00,1020.4399999999999
2026-04-02 10:40:00,1020.3
2026-04-02 10:50:00,1020.2099999999999
2026-04-02 11:00:00,1020.11
2026-04-02 11:10:00,1020.04
2026-04-02 11:20:00,1019.9499999999999
2026-04-02 11:30:00,1019.79
2026-04-02 11:40:00,1019.65
2026-04-02 11:50:00,1019.4399999999999
2026-04-02 12:00:00,1019.3
2026-04-02 12:10:00,1019.16
2026-04-02 12:20:00,1018.9399999999999
2026-04-02 12:30:00,1018.77
2026-04-02 12:40:00,1018.63
2026-04-02 12:50:00,1018.4599999999999
2026-04-02 13:00:00,1018.35
2026-04-02 13:10:00,1018.23
2026-04-02 13:20:00,1018.18
2026-04-02 13:30:00,1018.05
2026-04-02 13:40:00,1017.9599999999999
2026-04-02 13:50:00,1017.8299999999999
2026-04-02 14:00:00,1017.68
2026-04-02 14:10:00,1017.5699999999999
2026-04-02 14:20:00,1017.48
2026-04-02 14:30:00,1017.37
2026-04-02 14:40:00,1017.27
2026-04-02 14:50:00,1017.0799999999999
2026-04-02 15:00:00,1017.04
2026-04-02 15:10:00,1016.9499999999999
2026-04-02 15:20:00,1016.92
2026-04-02 15:30:00,1016.92
2026-04-02 15:40:00,1016.88
2026-04-02 15:50:00,1016.89
2026-04-02 16:00:00,1016.99
2026-04-02 16:10:00,1017.01
2026-04-02 16:20:00,1017.04
2026-04-02 16:30:00,1017.12
2026-04-02 16:40:00,1017.15
2026-04-02 16:50:00,1017.18
2026-04-02 17:00:00,1017.26
2026-04-02 17:10:00,1017.43
2026-04-02 17:20:00,1017.49
2026-04-02 17:30:00,1017.5699999999999
2026-04-02 17:40:00,1017.59
2026-04-02 17:50:00,1017.65
2026-04-02 18:00:00,1017.74
2026-04-02 18:10:00,1017.91
2026-04-02 18:20:00,1018.01
2026-04-02 18:30:00,1018.2099999999999
2026-04-02 18:40:00,1018.24
2026-04-02 18:50:00,1018.31
2026-04-02 19:00:00,1018.41
2026-04-02 19:10:00,1018.37
2026-04-02 19:20:00,1018.4499999999999
2026-04-02 19:30:00,1018.5899999999999
2026-04-02 19:40:00,1018.78
2026-04-02 19:50:00,1018.84
2026-04-02 20:00:00,1019.02
2026-04-02 20:10:00,1019.11
2026-04-02 20:20:00,1019.15
2026-04-02 20:30:00,1019.185
2026-04-02 20:40:00,1019.23
2026-04-02 20:50:00,1019.255
2026-04-02 21:00:00,1019.36
2026-04-02 21:10:00,1019.28
2026-04-02 21:20:00,1019.31
2026-04-02 21:30:00,1019.28
2026-04-02 21:40:00,1019.2099999999999
2026-04-02 21:50:00,1019.18
2026-04-02 22:00:00,1019.1999999999999
2026-04-02 22:10:00,1019.18
2026-04-02 22:20:00,1019.0699999999999
2026-04-02 22:30:00,1019.03
2026-04-02 22:40:00,1018.9599999999999
2026-04-02 22:50:00,1019.0699999999999
2026-04-02 23:00:00,1019.09
2026-04-02 23:10:00,1018.93
2026-04-02 23:20:00,1018.85
2026-04-02 23:30:00,1018.67
2026-04-02 23:40:00,1018.36
2026-04-02 23:50:00,1018.34
2026-04-03 00:00:00,1018.25
2026-04-03 00:10:00,1018.12
2026-04-03 00:20:00,1017.84
2026-04-03 00:30:00,1017.67
2026-04-03 00:40:00,1017.41
2026-04-03 00:50:00,1017.34
2026-04-03 01:00:00,1017.22
2026-04-03 01:10:00,1017.09
2026-04-03 01:20:00,1017.1
2026-04-03 01:30:00,1017
2026-04-03 01:40:00,1016.85
2026-04-03 01:50:00,1016.8
2026-04-03 02:00:00,1016.88
2026-04-03 02:10:00,1016.73
2026-04-03 02:20:00,1016.61
2026-04-03 02:30:00,1016.43
2026-04-03 02:40:00,1016.4399999999999
2026-04-03 02:50:00,1016.4
2026-04-03 03:00:00,1016.6
2026-04-03 03:10:00,1016.51
2026-04-03 03:20:00,1016.41
2026-04-03 03:30:00,1016.4
2026-04-03 03:40:00,1016.38
2026-04-03 03:50:00,1016.47
2026-04-03 04:00:00,1016.47
2026-04-03 04:10:00,1016.42
2026-04-03 04:20:00,1016.52
2026-04-03 04:30:00,1016.72
2026-04-03 04:40:00,1016.8299999999999
2026-04-03 04:50:00,1017.02
2026-04-03 05:00:00,1017.13
2026-04-03 05:10:00,1017.31
2026-04-03 05:20:00,1017.4499999999999
2026-04-03 05:30:00,1017.59
2026-04-03 05:40:00,1017.85
2026-04-03 05:50:00,1018.02
2026-04-03 06:00:00,1018.36
2026-04-03 06:10:00,1018.5
2026-04-03 06:20:00,1018.6899999999999
2026-04-03 06:30:00,1018.88
2026-04-03 06:40:00,1019
2026-04-03 06:50:00,1019.05
2026-04-03 07:00:00,1019.13
2026-04-03 07:10:00,1019.34
2026-04-03 07:20:00,1019.47
2026-04-03 07:30:00,1019.59
2026-04-03 07:40:00,1019.72
2026-04-03 07:50:00,1019.8
2026-04-03 08:00:00,1019.84
2026-04-03 08:10:00,1019.9599999999999
2026-04-03 08:20:00,1019.9599999999999
2026-04-03 08:30:00,1019.9499999999999
2026-04-03 08:40:00,1019.9499999999999
2026-04-03 08:50:00,1019.84
2026-04-03 09:00:00,1019.9599999999999
2026-04-03 09:10:00,1019.9399999999999
2026-04-03 09:20:00,1019.9399999999999
2026-04-03 09:30:00,1019.8
2026-04-03 09:40:00,1019.8
2026-04-03 09:50:00,1019.8299999999999
2026-04-03 10:00:00,1019.7099999999999
2026-04-03 10:10:00,1019.73
2026-04-03 10:20:00,1019.6999999999999
2026-04-03 10:30:00,1019.6
2026-04-03 10:40:00,1019.5699999999999
2026-04-03 10:50:00,1019.4599999999999
2026-04-03 11:00:00,1019.34
2026-04-03 11:10:00,1019.27
2026-04-03 11:20:00,1019.11
2026-04-03 11:30:00,1018.9599999999999
2026-04-03 11:40:00,1018.77
2026-04-03 11:50:00,1018.49
2026-04-03 12:00:00,1018.37
2026-04-03 12:10:00,1018.27
2026-04-03 12:20:00,1018.09
2026-04-03 12:30:00,1017.78
2026-04-03 12:40:00,1017.74
2026-04-03 12:50:00,1017.54
2026-04-03 13:00:00,1017.4399999999999
2026-04-03 13:10:00,1017.28
2026-04-03 13:20:00,1017.17
2026-04-03 13:30:00,1017.04
2026-04-03 13:40:00,1016.84
2026-04-03 13:50:00,1016.67
2026-04-03 14:00:00,1016.6
2026-04-03 14:10:00,1016.5799999999999
2026-04-03 14:20:00,1016.59
2026-04-03 14:30:00,1016.63
2026-04-03 14:40:00,1016.52
2026-04-03 14:50:00,1016.41
2026-04-03 15:00:00,1016.38
2026-04-03 15:10:00,1016.52
2026-04-03 15:20:00,1016.55
2026-04-03 15:30:00,1016.56
2026-04-03 15:40:00,1016.51
2026-04-03 15:50:00,1016.53
2026-04-03 16:00:00,1016.5799999999999
2026-04-03 16:10:00,1016.61
2026-04-03 16:20:00,1016.59
2026-04-03 16:30:00,1016.63
2026-04-03 16:40:00,1016.62
2026-04-03 16:50:00,1016.61
2026-04-03 17:00:00,1016.76
2026-04-03 17:10:00,1016.89
2026-04-03 17:20:00,1017.03
2026-04-03 17:30:00,1017.1999999999999
2026-04-03 17:40:00,1017.23
2026-04-03 17:50:00,1017.35
2026-04-03 18:00:00,1017.47
2026-04-03 18:10:00,1017.5699999999999
2026-04-03 18:20:00,1017.73
2026-04-03 18:30:00,1017.78
2026-04-03 18:40:00,1017.91
2026-04-03 18:50:00,1017.91
2026-04-03 19:00:00,1018.03
2026-04-03 19:10:00,1018.15
2026-04-03 19:20:00,1018.22
2026-04-03 19:30:00,1018.42
2026-04-03 19:40:00,1018.54
2026-04-03 19:50:00,1018.66
2026-04-03 20:00:00,1018.6999999999999
2026-04-03 20:10:00,1018.91
2026-04-03 20:20:00,1019.0699999999999
2026-04-03 20:30:00,1019.31
2026-04-03 20:40:00,1019.42
2026-04-03 20:50:00,1019.49
2026-04-03 21:00:00,1019.59
2026-04-03 21:10:00,1019.62
2026-04-03 21:20:00,1019.72
2026-04-03 21:30:00,1019.76
2026-04-03 21:40:00,1019.79
2026-04-03 21:50:00,1019.6999999999999
2026-04-03 22:00:00,1019.64
2026-04-03 22:10:00,1019.72
2026-04-03 22:20:00,1019.55
2026-04-03 22:30:00,1019.7577777777777
2026-04-03 22:40:00,1019.7900000000001
2026-04-03 22:50:00,1019.64
2026-04-03 23:00:00,1019.5799999999999
2026-04-03 23:10:00,1019.65
2026-04-03 23:20:00,1019.61
2026-04-03 23:30:00,1019.5699999999999
2026-04-03 23:40:00,1019.48
2026-04-03 23:50:00,1019.3299999999999
2026-04-04 00:00:00,1019.285
2026-04-04 00:10:00,1019.04
2026-04-04 00:20:00,1018.84
2026-04-04 00:30:00,1018.76
2026-04-04 00:40:00,1018.61
2026-04-04 00:50:00,1018.4499999999999
2026-04-04 01:00:00,1018.25
2026-04-04 01:10:00,1018.13
2026-04-04 01:20:00,1017.92
2026-04-04 01:30:00,1017.9
2026-04-04 01:40:00,1017.87
2026-04-04 01:50:00,1017.77
2026-04-04 02:00:00,1017.68
2026-04-04 02:10:00,1017.72
2026-04-04 02:20:00,1017.6999999999999
2026-04-04 02:30:00,1017.48
2026-04-04 02:40:00,1017.4499999999999
2026-04-04 02:50:00,1017.42
2026-04-04 03:00:00,1017.5
2026-04-04 03:10:00,1017.41
2026-04-04 03:20:00,1017.39
2026-04-04 03:30:00,1017.38
2026-04-04 03:40:00,1017.4
2026-04-04 03:50:00,1017.38
2026-04-04 04:00:00,1017.52
2026-04-04 04:10:00,1017.5699999999999
2026-04-04 04:20:00,1017.65
2026-04-04 04:30:00,1017.67
2026-04-04 04:40:00,1017.75
2026-04-04 04:50:00,1017.86
2026-04-04 05:00:00,1017.99
2026-04-04 05:10:00,1018.0699999999999
2026-04-04 05:20:00,1018.16
2026-04-04 05:30:00,1018.29
2026-04-04 05:40:00,1018.39
2026-04-04 05:50:00,1018.47
2026-04-04 06:00:00,1018.55
2026-04-04 06:10:00,1018.59
2026-04-04 06:20:00,1018.73
2026-04-04 06:30:00,1019.03
2026-04-04 06:40:00,1019.16
2026-04-04 06:50:00,1019.35
2026-04-04 07:00:00,1019.5699999999999
2026-04-04 07:10:00,1019.64
2026-04-04 07:20:00,1019.67
2026-04-04 07:30:00,1019.85
2026-04-04 07:40:00,1019.9599999999999
2026-04-04 07:50:00,1020.09
2026-04-04 08:00:00,1020.14
2026-04-04 08:10:00,1020.15
2026-04-04 08:20:00,1020.04
2026-04-04 08:30:00,1020.0699999999999
2026-04-04 08:40:00,1020.18
2026-04-04 08:50:00,1020.105
2026-04-04 09:00:00,1020.11
2026-04-04 09:10:00,1020.22
2026-04-04 09:20:00,1020.16
2026-04-04 09:30:00,1020.01
2026-04-04 09:40:00,1019.77
2026-04-04 09:50:00,1019.87
2026-04-04 10:00:00,1019.88
2026-04-04 10:10:00,1019.79
2026-04-04 10:20:00,1019.74
2026-04-04 10:30:00,1019.53
2026-04-04 10:40:00,1019.37
2026-04-04 10:50:00,1019.24
2026-04-04 11:00:00,1019.0799999999999
2026-04-04 11:10:00,1018.97
2026-04-04 11:20:00,1018.7099999999999
2026-04-04 11:30:00,1018.5699999999999
2026-04-04 11:40:00,1018.42
2026-04-04 11:50:00,1018.29
2026-04-04 12:00:00,1018.0799999999999
2026-04-04 12:10:00,1017.97
2026-04-04 12:20:00,1017.88
2026-04-04 12:30:00,1017.66
2026-04-04 12:40:00,1017.42
2026-04-04 12:50:00,1017.4
2026-04-04 13:00:00,1017.2099999999999
2026-04-04 13:10:00,1016.99
2026-04-04 13:20:00,1016.88
2026-04-04 13:30:00,1016.8
2026-04-04 13:40:00,1016.64
2026-04-04 13:50:00,1016.55
2026-04-04 14:00:00,1016.4599999999999
2026-04-04 14:10:00,1016.29
2026-04-04 14:20:00,1016.12
2026-04-04 14:30:00,1016.04
2026-04-04 14:40:00,1016.11
2026-04-04 14:50:00,1016.06
2026-04-04 15:00:00,1016.11
2026-04-04 15:10:00,1016.11
2026-04-04 15:20:00,1016.14
2026-04-04 15:30:00,1016.13
2026-04-04 15:40:00,1016.25
2026-04-04 15:50:00,1016.23
2026-04-04 16:00:00,1016.34
2026-04-04 16:10:00,1016.3299999999999
2026-04-04 16:20:00,1016.49
2026-04-04 16:30:00,1016.42
2026-04-04 16:40:00,1016.39
2026-04-04 16:50:00,1016.43
2026-04-04 17:00:00,1016.62
2026-04-04 17:10:00,1016.65
2026-04-04 17:20:00,1016.78
2026-04-04 17:30:00,1016.9
2026-04-04 17:40:00,1017.12
2026-04-04 17:50:00,1017.14
2026-04-04 18:00:00,1017.09
2026-04-04 18:10:00,1017.2099999999999
2026-04-04 18:20:00,1017.3199999999999
2026-04-04 18:30:00,1017.49
2026-04-04 18:40:00,1017.65
2026-04-04 18:50:00,1017.81
2026-04-04 19:00:00,1017.98
2026-04-04 19:10:00,1018.0699999999999
2026-04-04 19:20:00,1018.15
2026-04-04 19:30:00,1018.1999999999999
2026-04-04 19:40:00,1018.29
2026-04-04 19:50:00,1018.34
2026-04-04 20:00:00,1018.38
2026-04-04 20:10:00,1018.5799999999999
2026-04-04 20:20:00,1018.56
2026-04-04 20:30:00,1018.6899999999999
2026-04-04 20:40:00,1018.8
2026-04-04 20:50:00,1018.9399999999999
2026-04-04 21:00:00,1018.93
2026-04-04 21:10:00,1019.04
2026-04-04 21:20:00,1019.22
2026-04-04 21:30:00,1019.3199999999999
2026-04-04 21:40:00,1019.35
2026-04-04 21:50:00,1019.64
2026-04-04 22:00:00,1019.63
2026-04-04 22:10:00,1019.51
2026-04-04 22:20:00,1019.35
2026-04-04 22:30:00,1019.3199999999999
2026-04-04 22:40:00,1019.25
2026-04-04 22:50:00,1019.18
2026-04-04 23:00:00,1019.16
2026-04-04 23:10:00,1019.03
2026-04-04 23:20:00,1019.09
2026-04-04 23:30:00,1018.97
2026-04-04 23:40:00,1018.91
2026-04-04 23:50:00,1018.87
2026-04-05 00:00:00,1018.81
2026-04-05 00:10:00,1018.72
2026-04-05 00:20:00,1018.62
2026-04-05 00:30:00,1018.54
2026-04-05 00:40:00,1018.39
2026-04-05 00:50:00,1018.13
2026-04-05 01:00:00,1018.02
2026-04-05 01:10:00,1017.8299999999999
2026-04-05 01:20:00,1017.7099999999999
2026-04-05 01:30:00,1017.48
2026-04-05 01:40:00,1017.5
2026-04-05 01:50:00,1017.3299999999999
2026-04-05 02:00:00,1017.28
2026-04-05 02:10:00,1017.1999999999999
2026-04-05 02:20:00,1017.1
2026-04-05 02:30:00,1017.12
2026-04-05 02:40:00,1017.24
2026-04-05 02:50:00,1017.59
2026-04-05 03:00:00,1017.53
2026-04-05 03:10:00,1017.4399999999999
2026-04-05 03:20:00,1017.3
2026-04-05 03:30:00,1017.225
2026-04-05 03:40:00,1017.22
2026-04-05 03:50:00,1017.1899999999999
2026-04-05 04:00:00,1017.34
2026-04-05 04:10:00,1017.43
2026-04-05 04:20:00,1017.51
2026-04-05 04:30:00,1017.5799999999999
2026-04-05 04:40:00,1017.815
2026-04-05 04:50:00,1018.0466666666666
2026-04-05 05:00:00,1018.1020000000001
2026-04-05 05:10:00,1018.1342857142856
2026-04-05 05:20:00,1018.14
2026-04-05 05:30:00,1018.15
2026-04-05 05:40:00,1018.2099999999999
2026-04-05 05:50:00,1018.29
2026-04-05 06:00:00,1018.42
2026-04-05 06:10:00,1018.52
2026-04-05 06:20:00,1018.655
2026-04-05 06:30:00,1018.9724999999999
2026-04-05 06:40:00,1019.0414285714286
2026-04-05 06:50:00,1019.1899999999999
2026-04-05 07:00:00,1019.39
2026-04-05 07:10:00,1019.54
2026-04-05 07:20:00,1019.755
2026-04-05 07:30:00,1019.89
2026-04-05 07:40:00,1020.0133333333333
2026-04-05 07:50:00,1020.0699999999999
2026-04-05 08:00:00,1020.085
2026-04-05 08:10:00,1020.01
2026-04-05 08:20:00,1019.97
2026-04-05 08:30:00,1020.0699999999999
2026-04-05 08:40:00,1019.9599999999999
2026-04-05 08:50:00,1020
2026-04-05 09:00:00,1020.0799999999999
2026-04-05 09:10:00,1020.13
2026-04-05 09:20:00,1020.13
2026-04-05 09:30:00,1020.12
2026-04-05 09:40:00,1020.0699999999999
2026-04-05 09:50:00,1020.06
2026-04-05 10:00:00,1020.02
2026-04-05 10:10:00,1020.02
2026-04-05 10:20:00,1020.095
2026-04-05 10:30:00,1020.13
2026-04-05 10:40:00,1020.1999999999999
2026-04-05 10:50:00,1020.145
2026-04-05 11:00:00,1019.99
2026-04-05 11:10:00,1019.84
2026-04-05 11:20:00,1019.805
2026-04-05 11:30:00,1019.5699999999999
2026-04-05 11:40:00,1019.51
2026-04-05 11:50:00,1019.37
2026-04-05 12:00:00,1019.315
2026-04-05 12:10:00,1019.26
2026-04-05 12:20:00,1019.15
2026-04-05 12:30:00,1018.87
2026-04-05 12:40:00,1018.62
2026-04-05 12:50:00,1018.4599999999999
2026-04-05 13:00:00,1018.29
2026-04-05 13:10:00,1018.14
2026-04-05 13:20:00,1017.91
2026-04-05 13:30:00,1017.85
2026-04-05 13:40:00,1017.62
2026-04-05 13:50:00,1017.5
2026-04-05 14:00:00,1017.3299999999999
2026-04-05 14:10:00,1017.24
2026-04-05 14:20:00,1017.04
2026-04-05 14:30:00,1016.99
2026-04-05 14:40:00,1016.9499999999999
2026-04-05 14:50:00,1016.92
2026-04-05 15:00:00,1016.8199999999999
2026-04-05 15:10:00,1016.8
2026-04-05 15:20:00,1016.65
2026-04-05 15:30:00,1016.5699999999999
2026-04-05 15:40:00,1016.8199999999999
2026-04-05 15:50:00,1016.86
2026-04-05 16:00:00,1016.88
2026-04-05 16:10:00,1016.8199999999999
2026-04-05 16:20:00,1016.63
2026-04-05 16:30:00,1016.4599999999999
2026-04-05 16:40:00,1016.49
2026-04-05 16:50:00,1016.5699999999999
2026-04-05 17:00:00,1016.66
2026-04-05 17:10:00,1016.76
2026-04-05 17:20:00,1016.8199999999999
2026-04-05 17:30:00,1016.87
2026-04-05 17:40:00,1016.85
2026-04-05 17:50:00,1016.92
2026-04-05 18:00:00,1016.9399999999999
2026-04-05 18:10:00,1016.9499999999999
2026-04-05 18:20:00,1016.9499999999999
2026-04-05 18:30:00,1017.04
2026-04-05 18:40:00,1017.2099999999999
2026-04-05 18:50:00,1017.35
2026-04-05 19:00:00,1017.52
2026-04-05 19:10:00,1017.56
2026-04-05 19:20:00,1017.6899999999999
2026-04-05 19:30:00,1017.74
2026-04-05 19:40:00,1017.74
2026-04-05 19:50:00,1017.88
2026-04-05 20:00:00,1017.97
2026-04-05 20:10:00,1018.0699999999999
2026-04-05 20:20:00,1018.17
2026-04-05 20:30:00,1018.25
2026-04-05 20:40:00,1018.48
2026-04-05 20:50:00,1018.62
2026-04-05 21:00:00,1018.7099999999999
2026-04-05 21:10:00,1018.77
2026-04-05 21:20:00,1018.73
2026-04-05 21:30:00,1018.73
2026-04-05 21:40:00,1018.66
2026-04-05 21:50:00,1018.6
2026-04-05 22:00:00,1018.68
2026-04-05 22:10:00,1018.64
2026-04-05 22:20:00,1018.52
2026-04-05 22:30:00,1018.56
2026-04-05 22:40:00,1018.36
2026-04-05 22:50:00,1018.3
2026-04-05 23:00:00,1018.29
2026-04-05 23:10:00,1018.22
2026-04-05 23:20:00,1018.22
2026-04-05 23:30:00,1018.15
2026-04-05 23:40:00,1018.13
2026-04-05 23:50:00,1018.12
2026-04-06 00:00:00,1017.9599999999999
2026-04-06 00:10:00,1017.9499999999999
2026-04-06 00:20:00,1017.89
2026-04-06 00:30:00,1017.81
2026-04-06 00:40:00,1017.73
2026-04-06 00:50:00,1017.6999999999999
2026-04-06 01:00:00,1017.67
2026-04-06 01:10:00,1017.61
2026-04-06 01:20:00,1017.51
2026-04-06 01:30:00,1017.4599999999999
2026-04-06 01:40:00,1017.47
2026-04-06 01:50:00,1017.4399999999999
2026-04-06 02:00:00,1017.36
2026-04-06 02:10:00,1017.3299999999999
2026-04-06 02:20:00,1017.18
2026-04-06 02:30:00,1017.1899999999999
2026-04-06 02:40:00,1017.18
2026-04-06 02:50:00,1017.09
2026-04-06 03:00:00,1017.18
2026-04-06 03:10:00,1017.22
2026-04-06 03:20:00,1017.28
2026-04-06 03:30:00,1017.18
2026-04-06 03:40:00,1017.3199999999999
2026-04-06 03:50:00,1017.31
2026-04-06 04:00:00,1017.34
2026-04-06 04:10:00,1017.4399999999999
2026-04-06 04:20:00,1017.4599999999999
2026-04-06 04:30:00,1017.5699999999999
2026-04-06 04:40:00,1017.68
2026-04-06 04:50:00,1017.76
2026-04-06 05:00:00,1017.73
2026-04-06 05:10:00,1017.77
2026-04-06 05:20:00,1017.91
2026-04-06 05:30:00,1018.0699999999999
2026-04-06 05:40:00,1018.23
2026-04-06 05:50:00,1018.24
2026-04-06 06:00:00,1018.35
2026-04-06 06:10:00,1018.47
2026-04-06 06:20:00,1018.65
2026-04-06 06:30:00,1018.77
2026-04-06 06:40:00,1018.89
2026-04-06 06:50:00,1019.01
2026-04-06 07:00:00,1019.13
2026-04-06 07:10:00,1019.15
2026-04-06 07:20:00,1019.17
2026-04-06 07:30:00,1019.1999999999999
2026-04-06 07:40:00,1019.25
2026-04-06 07:50:00,1019.47
2026-04-06 08:00:00,1019.59
2026-04-06 08:10:00,1019.75
2026-04-06 08:20:00,1019.79
2026-04-06 08:30:00,1019.88
2026-04-06 08:40:00,1019.91
2026-04-06 08:50:00,1019.84
2026-04-06 09:00:00,1019.86
2026-04-06 09:10:00,1019.7099999999999
2026-04-06 09:20:00,1019.74
2026-04-06 09:30:00,1019.78
2026-04-06 09:40:00,1019.77
2026-04-06 09:50:00,1019.8199999999999
2026-04-06 10:00:00,1019.73
2026-04-06 10:10:00,1019.64
2026-04-06 10:20:00,1019.51
2026-04-06 10:30:00,1019.4599999999999
2026-04-06 10:40:00,1019.27
2026-04-06 10:50:00,1019.14
2026-04-06 11:00:00,1019.01
2026-04-06 11:10:00,1018.8199999999999
2026-04-06 11:20:00,1018.72
2026-04-06 11:30:00,1018.53
2026-04-06 11:40:00,1018.51
2026-04-06 11:50:00,1018.31
2026-04-06 12:00:00,1018.1899999999999
2026-04-06 12:10:00,1017.99
2026-04-06 12:20:00,1017.8
2026-04-06 12:30:00,1017.62
2026-04-06 12:40:00,1017.6
2026-04-06 12:50:00,1017.42
2026-04-06 13:00:00,1017.22
2026-04-06 13:10:00,1017
2026-04-06 13:20:00,1016.78
2026-04-06 13:30:00,1016.66
2026-04-06 13:40:00,1016.59
2026-04-06 13:50:00,1016.48
2026-04-06 14:00:00,1016.29
2026-04-06 14:10:00,1016.06
2026-04-06 14:20:00,1016.05
2026-04-06 14:30:00,1015.99
2026-04-06 14:40:00,1015.9
2026-04-06 14:50:00,1015.6999999999999
2026-04-06 15:00:00,1015.65
2026-04-06 15:10:00,1015.63
2026-04-06 15:20:00,1015.54
2026-04-06 15:30:00,1015.5799999999999
2026-04-06 15:40:00,1015.5
2026-04-06 15:50:00,1015.4599999999999
2026-04-06 16:00:00,1015.4599999999999
2026-04-06 16:10:00,1015.52
2026-04-06 16:20:00,1015.5
2026-04-06 16:30:00,1015.43
2026-04-06 16:40:00,1015.66
2026-04-06 16:50:00,1015.65
2026-04-06 17:00:00,1015.74
2026-04-06 17:10:00,1015.79
2026-04-06 17:20:00,1015.87
2026-04-06 17:30:00,1015.89
2026-04-06 17:40:00,1016.03
2026-04-06 17:50:00,1016.15
2026-04-06 18:00:00,1016.28
2026-04-06 18:10:00,1016.31
2026-04-06 18:20:00,1016.25
2026-04-06 18:30:00,1016.43
2026-04-06 18:40:00,1016.5699999999999
2026-04-06 18:50:00,1016.64
2026-04-06 19:00:00,1016.73
2026-04-06 19:10:00,1016.89
2026-04-06 19:20:00,1016.9499999999999
2026-04-06 19:30:00,1017.01
2026-04-06 19:40:00,1017.09
2026-04-06 19:50:00,1017.12
2026-04-06 20:00:00,1017.1999999999999
2026-04-06 20:10:00,1017.26
2026-04-06 20:20:00,1017.3199999999999
2026-04-06 20:30:00,1017.5
2026-04-06 20:40:00,1017.62
2026-04-06 20:50:00,1017.73
2026-04-06 21:00:00,1017.86
2026-04-06 21:10:00,1017.97
2026-04-06 21:20:00,1018.15
2026-04-06 21:30:00,1018.16
2026-04-06 21:40:00,1018.15
2026-04-06 21:50:00,1018.15
2026-04-06 22:00:00,1018.15
2026-04-06 22:10:00,1018.0699999999999
2026-04-06 22:20:00,1018.04
2026-04-06 22:30:00,1018.04
2026-04-06 22:40:00,1017.98
2026-04-06 22:50:00,1017.86
2026-04-06 23:00:00,1017.73
2026-04-06 23:10:00,1017.56
2026-04-06 23:20:00,1017.56
2026-04-06 23:30:00,1017.5
2026-04-06 23:40:00,1017.48
2026-04-06 23:50:00,1017.39
2026-04-07 00:00:00,1017.27
2026-04-07 00:10:00,1017.13
2026-04-07 00:20:00,1017.02
2026-04-07 00:30:00,1016.92
2026-04-07 00:40:00,1016.89
2026-04-07 00:50:00,1016.86
2026-04-07 01:00:00,1016.85
2026-04-07 01:10:00,1016.79
2026-04-07 01:20:00,1016.7099999999999
2026-04-07 01:30:00,1016.6
2026-04-07 01:40:00,1016.5699999999999
2026-04-07 01:50:00,1016.53
2026-04-07 02:00:00,1016.5799999999999
2026-04-07 02:10:00,1016.56
2026-04-07 02:20:00,1016.59
2026-04-07 02:30:00,1016.73
2026-04-07 02:40:00,1016.8
2026-04-07 02:50:00,1016.8
2026-04-07 03:00:00,1016.87
2026-04-07 03:10:00,1016.88
2026-04-07 03:20:00,1016.87
2026-04-07 03:30:00,1016.92
2026-04-07 03:40:00,1016.84
2026-04-07 03:50:00,1017.01
2026-04-07 04:00:00,1016.97
2026-04-07 04:10:00,1017.05
2026-04-07 04:20:00,1017.18
2026-04-07 04:30:00,1017.25
2026-04-07 04:40:00,1017.35
2026-04-07 04:50:00,1017.49
2026-04-07 05:00:00,1017.62
2026-04-07 05:10:00,1017.72
2026-04-07 05:20:00,1017.805
2026-04-07 05:30:00,1017.848
2026-04-07 05:40:00,1017.86
2026-04-07 05:50:00,1017.935
2026-04-07 06:00:00,1017.9399999999999
2026-04-07 06:10:00,1018.0699999999999
2026-04-07 06:20:00,1018.1
2026-04-07 06:30:00,1018.05
2026-04-07 06:40:00,1018.14
2026-04-07 06:50:00,1018.34
2026-04-07 07:00:00,1018.5699999999999
2026-04-07 07:10:00,1018.88
2026-04-07 07:20:00,1019.045
2026-04-07 07:30:00,1019.22
2026-04-07 07:40:00,1019.35
2026-04-07 07:50:00,1019.4399999999999
2026-04-07 08:00:00,1019.34
2026-04-07 08:10:00,1019.42
2026-04-07 08:20:00,1019.47
2026-04-07 08:30:00,1019.54
2026-04-07 08:40:00,1019.61
2026-04-07 08:50:00,1019.64
2026-04-07 09:00:00,1019.7099999999999
2026-04-07 09:10:00,1019.59
2026-04-07 09:20:00,1019.65
2026-04-07 09:30:00,1019.55
2026-04-07 09:40:00,1019.4399999999999
2026-04-07 09:50:00,1019.47
2026-04-07 10:00:00,1019.42
2026-04-07 10:10:00,1019.38
2026-04-07 10:20:00,1019.31
2026-04-07 10:30:00,1019.22
2026-04-07 10:40:00,1019.05
2026-04-07 10:50:00,1018.93
2026-04-07 11:00:00,1018.8299999999999
2026-04-07 11:10:00,1018.72
2026-04-07 11:20:00,1018.52
2026-04-07 11:30:00,1018.2099999999999
2026-04-07 11:40:00,1018.0699999999999
2026-04-07 11:50:00,1017.88
2026-04-07 12:00:00,1017.8
2026-04-07 12:10:00,1017.65
2026-04-07 12:20:00,1017.4399999999999
2026-04-07 12:30:00,1017.29
2026-04-07 12:40:00,1017.23
2026-04-07 12:50:00,1017.12
2026-04-07 13:00:00,1016.98
2026-04-07 13:10:00,1016.78
2026-04-07 13:20:00,1016.73
2026-04-07 13:30:00,1016.56
2026-04-07 13:40:00,1016.53
2026-04-07 13:50:00,1016.3299999999999
2026-04-07 14:00:00,1016.11
2026-04-07 14:10:00,1015.85
2026-04-07 14:20:00,1015.7099999999999
2026-04-07 14:30:00,1015.8
2026-04-07 14:40:00,1015.78
2026-04-07 14:50:00,1015.81
2026-04-07 15:00:00,1015.63
2026-04-07 15:10:00,1015.54
2026-04-07 15:20:00,1015.52
2026-04-07 15:30:00,1015.5
2026-04-07 15:40:00,1015.49
2026-04-07 15:50:00,1015.51
2026-04-07 16:00:00,1015.6
2026-04-07 16:10:00,1015.73
2026-04-07 16:20:00,1015.64
2026-04-07 16:30:00,1015.59
2026-04-07 16:40:00,1015.67
2026-04-07 16:50:00,1015.91
2026-04-07 17:00:00,1015.84
2026-04-07 17:10:00,1015.99
2026-04-07 17:20:00,1016.05
2026-04-07 17:30:00,1016.15
2026-04-07 17:40:00,1016.15
2026-04-07 17:50:00,1016.47
2026-04-07 18:00:00,1016.54
2026-04-07 18:10:00,1016.75
2026-04-07 18:20:00,1016.81
2026-04-07 18:30:00,1016.9
2026-04-07 18:40:00,1017.14
2026-04-07 18:50:00,1017.1899999999999
2026-04-07 19:00:00,1017.25
2026-04-07 19:10:00,1017.29
2026-04-07 19:20:00,1017.42
2026-04-07 19:30:00,1017.52
2026-04-07 19:40:00,1017.61
2026-04-07 19:50:00,1017.7099999999999
2026-04-07 20:00:00,1017.74
2026-04-07 20:10:00,1017.89
2026-04-07 20:20:00,1018.04
2026-04-07 20:30:00,1018.09
2026-04-07 20:40:00,1018.18
2026-04-07 20:50:00,1018.25
2026-04-07 21:00:00,1018.4499999999999
2026-04-07 21:10:00,1018.56
2026-04-07 21:20:00,1018.625
2026-04-07 21:30:00,1018.63
2026-04-07 21:40:00,1018.74
2026-04-07 21:50:00,1018.74
2026-04-07 22:00:00,1018.76
2026-04-07 22:10:00,1018.73
2026-04-07 22:20:00,1018.8199999999999
2026-04-07 22:30:00,1018.75
2026-04-07 22:40:00,1018.7099999999999
2026-04-07 22:50:00,1018.46
2026-04-07 23:00:00,1018.43
2026-04-07 23:10:00,1018.3299999999999
2026-04-07 23:20:00,1018.3399999999999
2026-04-07 23:30:00,1018.24
2026-04-07 23:40:00,1018.075
2026-04-07 23:50:00,1017.9649999999999
2026-04-08 00:00:00,1017.79
2026-04-08 00:10:00,1017.76
2026-04-08 00:20:00,1017.76
2026-04-08 00:30:00,1017.74
2026-04-08 00:40:00,1017.73
2026-04-08 00:50:00,1017.64
2026-04-08 01:00:00,1017.48
2026-04-08 01:10:00,1017.31
2026-04-08 01:20:00,1017.3
2026-04-08 01:30:00,1017.16
2026-04-08 01:40:00,1017.09
2026-04-08 01:50:00,1017.1999999999999
2026-04-08 02:00:00,1017.3299999999999
2026-04-08 02:10:00,1017.41
2026-04-08 02:20:00,1017.4
2026-04-08 02:30:00,1017.25
2026-04-08 02:40:00,1017.2099999999999
2026-04-08 02:50:00,1017.14
2026-04-08 03:00:00,1017.13
2026-04-08 03:10:00,1017.13
2026-04-08 03:20:00,1017.15
2026-04-08 03:30:00,1017.29
2026-04-08 03:40:00,1017.37
2026-04-08 03:50:00,1017.31
2026-04-08 04:00:00,1017.4499999999999
2026-04-08 04:10:00,1017.6
2026-04-08 04:20:00,1017.77
2026-04-08 04:30:00,1017.76
2026-04-08 04:40:00,1017.8
2026-04-08 04:50:00,1018.03
2026-04-08 05:00:00,1017.97
2026-04-08 05:10:00,1017.99
2026-04-08 05:20:00,1018.15
2026-04-08 05:30:00,1018.35
2026-04-08 05:40:00,1018.4399999999999
2026-04-08 05:50:00,1018.53
2026-04-08 06:00:00,1018.5799999999999
2026-04-08 06:10:00,1018.74
2026-04-08 06:20:00,1018.8433333333332
2026-04-08 06:30:00,1018.89
2026-04-08 06:40:00,1018.93
2026-04-08 06:50:00,1019.03
2026-04-08 07:00:00,1019.26
2026-04-08 07:10:00,1019.31
2026-04-08 07:20:00,1019.36
2026-04-08 07:30:00,1019.6
2026-04-08 07:40:00,1019.53
2026-04-08 07:50:00,1019.6999999999999
2026-04-08 08:00:00,1019.85
2026-04-08 08:10:00,1019.91
2026-04-08 08:20:00,1019.9
2026-04-08 08:30:00,1019.9599999999999
2026-04-08 08:40:00,1020
2026-04-08 08:50:00,1019.99
2026-04-08 09:00:00,1019.9599999999999
2026-04-08 09:10:00,1020.0799999999999
2026-04-08 09:20:00,1020.1
2026-04-08 09:30:00,1019.98
2026-04-08 09:40:00,1019.89
2026-04-08 09:50:00,1019.99
2026-04-08 10:00:00,1019.99
2026-04-08 10:10:00,1019.98
2026-04-08 10:20:00,1020.04
2026-04-08 10:30:00,1020.11
2026-04-08 10:40:00,1020.1899999999999
2026-04-08 10:50:00,1020.09
2026-04-08 11:00:00,1020.03
2026-04-08 11:10:00,1020.0699999999999
2026-04-08 11:20:00,1019.98
2026-04-08 11:30:00,1019.92
2026-04-08 11:40:00,1019.88
2026-04-08 11:50:00,1019.81
2026-04-08 12:00:00,1019.62
2026-04-08 12:10:00,1019.48
2026-04-08 12:20:00,1019.29
2026-04-08 12:30:00,1019.15
2026-04-08 12:40:00,1018.9499999999999
2026-04-08 12:50:00,1018.81
2026-04-08 13:00:00,1018.66
2026-04-08 13:10:00,1018.6
2026-04-08 13:20:00,1018.27
2026-04-08 13:30:00,1018.17
2026-04-08 13:40:00,1018.09
2026-04-08 13:50:00,1017.89
2026-04-08 14:00:00,1017.75
2026-04-08 14:10:00,1017.5799999999999
2026-04-08 14:20:00,1017.41
2026-04-08 14:30:00,1017.4
2026-04-08 14:40:00,1017.26
2026-04-08 14:50:00,1017.3299999999999
2026-04-08 15:00:00,1017.3
2026-04-08 15:10:00,1017.18
2026-04-08 15:20:00,1017.1
2026-04-08 15:30:00,1017.15
2026-04-08 15:40:00,1017.4
2026-04-08 15:50:00,1017.4
2026-04-08 16:00:00,1017.55
2026-04-08 16:10:00,1017.4399999999999
2026-04-08 16:20:00,1017.5799999999999
2026-04-08 16:30:00,1017.61
2026-04-08 16:40:00,1017.93
2026-04-08 16:50:00,1017.8199999999999
2026-04-08 17:00:00,1017.52
2026-04-08 17:10:00,1017.4499999999999
2026-04-08 17:20:00,1017.48
2026-04-08 17:30:00,1017.61
2026-04-08 17:40:00,1017.9499999999999
2026-04-08 17:50:00,1017.88
2026-04-08 18:00:00,1018.1
2026-04-08 18:10:00,1018.23
2026-04-08 18:20:00,1018.29
2026-04-08 18:30:00,1018.41
2026-04-08 18:40:00,1018.5699999999999
2026-04-08 18:50:00,1018.5799999999999
2026-04-08 19:00:00,1018.49
2026-04-08 19:10:00,1018.56
2026-04-08 19:20:00,1018.63
2026-04-08 19:30:00,1018.74
2026-04-08 19:40:00,1018.79
2026-04-08 19:50:00,1018.87
2026-04-08 20:00:00,1018.85
2026-04-08 20:10:00,1019
2026-04-08 20:20:00,1019.04
2026-04-08 20:30:00,1019.05
2026-04-08 20:40:00,1019.12
2026-04-08 20:50:00,1019.27
2026-04-08 21:00:00,1019.37
2026-04-08 21:10:00,1019.5
2026-04-08 21:20:00,1019.63
2026-04-08 21:30:00,1019.66
2026-04-08 21:40:00,1019.87
2026-04-08 21:50:00,1019.87
2026-04-08 22:00:00,1019.85
2026-04-08 22:10:00,1019.76
2026-04-08 22:20:00,1019.52
2026-04-08 22:30:00,1019.36
2026-04-08 22:40:00,1019.3199999999999
2026-04-08 22:50:00,1019.28
2026-04-08 23:00:00,1019.13
2026-04-08 23:10:00,1018.9
2026-04-08 23:20:00,1018.73
2026-04-08 23:30:00,1018.7099999999999
2026-04-08 23:40:00,1018.59
2026-04-08 23:50:00,1018.49
2026-04-09 00:00:00,1018.41
2026-04-09 00:10:00,1018.3
2026-04-09 00:20:00,1018.23
2026-04-09 00:30:00,1018.14
2026-04-09 00:40:00,1018.01
2026-04-09 00:50:00,1017.88
2026-04-09 01:00:00,1017.92
2026-04-09 01:10:00,1017.91
2026-04-09 01:20:00,1017.8
2026-04-09 01:30:00,1017.66
2026-04-09 01:40:00,1017.55
2026-04-09 01:50:00,1017.43
2026-04-09 02:00:00,1017.36
2026-04-09 02:10:00,1017.29
2026-04-09 02:20:00,1017.36
2026-04-09 02:30:00,1017.27
2026-04-09 02:40:00,1017.43
2026-04-09 02:50:00,1017.48
2026-04-09 03:00:00,1017.625
2026-04-09 03:10:00,1017.5
2026-04-09 03:20:00,1017.39
2026-04-09 03:30:00,1017.4399999999999
2026-04-09 03:40:00,1017.4399999999999
2026-04-09 03:50:00,1017.64
2026-04-09 04:00:00,1017.6099999999999
2026-04-09 04:10:00,1017.9800000000001
2026-04-09 04:20:00,1018.092857142857
2026-04-09 04:30:00,1018.17
2026-04-09 04:40:00,1018.0799999999999
2026-04-09 04:50:00,1018.09
2026-04-09 05:00:00,1018.14
2026-04-09 05:10:00,1018.3
2026-04-09 05:20:00,1018.4399999999999
2026-04-09 05:30:00,1018.89
2026-04-09 05:40:00,1018.86
2026-04-09 05:50:00,1019.03
2026-04-09 06:00:00,1019.14
2026-04-09 06:10:00,1018.97
2026-04-09 06:20:00,1019.25
2026-04-09 06:30:00,1019.2099999999999
2026-04-09 06:40:00,1019.3199999999999
2026-04-09 06:50:00,1019.41
2026-04-09 07:00:00,1019.54
2026-04-09 07:10:00,1019.7449999999999
2026-04-09 07:20:00,1019.9399999999999
2026-04-09 07:30:00,1020.05
2026-04-09 07:40:00,1020.1899999999999
2026-04-09 07:50:00,1020.2099999999999
2026-04-09 08:00:00,1020.23
2026-04-09 08:10:00,1020.38
2026-04-09 08:20:00,1020.41
2026-04-09 08:30:00,1020.4599999999999
2026-04-09 08:40:00,1020.43
2026-04-09 08:50:00,1020.48
2026-04-09 09:00:00,1020.41
2026-04-09 09:10:00,1020.38
2026-04-09 09:20:00,1020.36
2026-04-09 09:30:00,1020.4399999999999
2026-04-09 09:40:00,1020.53
2026-04-09 09:50:00,1020.54
2026-04-09 10:00:00,1020.3
2026-04-09 10:10:00,1020.42
2026-04-09 10:20:00,1020.38
2026-04-09 10:30:00,1020.29
2026-04-09 10:40:00,1020.17
2026-04-09 10:50:00,1020.22
2026-04-09 11:00:00,1020.0799999999999
2026-04-09 11:10:00,1019.9399999999999
2026-04-09 11:20:00,1019.8299999999999
2026-04-09 11:30:00,1019.64
2026-04-09 11:40:00,1019.65
2026-04-09 11:50:00,1019.4499999999999
2026-04-09 12:00:00,1019.1999999999999
2026-04-09 12:10:00,1019.01
2026-04-09 12:20:00,1018.89
2026-04-09 12:30:00,1018.84
2026-04-09 12:40:00,1018.762
2026-04-09 12:50:00,1018.7149999999998
2026-04-09 13:00:00,1018.545
2026-04-09 13:10:00,1018.28
2026-04-09 13:20:00,1018.05
2026-04-09 13:30:00,1017.9499999999999
2026-04-09 13:40:00,1017.91
2026-04-09 13:50:00,1017.65
2026-04-09 14:00:00,1017.55
2026-04-09 14:10:00,1017.43
2026-04-09 14:20:00,1017.42
2026-04-09 14:30:00,1017.24
2026-04-09 14:40:00,1017.12
2026-04-09 14:50:00,1017.01
2026-04-09 15:00:00,1016.9599999999999
2026-04-09 15:10:00,1016.93
2026-04-09 15:20:00,1016.8
2026-04-09 15:30:00,1016.77
2026-04-09 15:40:00,1016.72
2026-04-09 15:50:00,1016.72
2026-04-09 16:00:00,1016.81
2026-04-09 16:10:00,1016.89
2026-04-09 16:20:00,1016.92
2026-04-09 16:30:00,1016.99
2026-04-09 16:40:00,1017.0799999999999
2026-04-09 16:50:00,1017.1999999999999
2026-04-09 17:00:00,1017.22
2026-04-09 17:10:00,1017.26
2026-04-09 17:20:00,1017.39
2026-04-09 17:30:00,1017.5799999999999
2026-04-09 17:40:00,1017.652
2026-04-09 17:50:00,1017.65
2026-04-09 18:00:00,1017.74
2026-04-09 18:10:00,1017.75
2026-04-09 18:20:00,1017.87
2026-04-09 18:30:00,1017.9499999999999
2026-04-09 18:40:00,1018.03
2026-04-09 18:50:00,1018.16
2026-04-09 19:00:00,1018.22
2026-04-09 19:10:00,1018.37
2026-04-09 19:20:00,1018.36
2026-04-09 19:30:00,1018.47
2026-04-09 19:40:00,1018.59
2026-04-09 19:50:00,1018.76
2026-04-09 20:00:00,1018.91
2026-04-09 20:10:00,1018.9
2026-04-09 20:20:00,1018.91
2026-04-09 20:30:00,1018.86
2026-04-09 20:40:00,1018.9399999999999
2026-04-09 20:50:00,1018.98
2026-04-09 21:00:00,1019.035
2026-04-09 21:10:00,1019.0699999999999
2026-04-09 21:20:00,1019.2099999999999
2026-04-09 21:30:00,1019.2099999999999
2026-04-09 21:40:00,1019.24
2026-04-09 21:50:00,1019.4
2026-04-09 22:00:00,1019.42
2026-04-09 22:10:00,1019.37
2026-04-09 22:20:00,1019.3
2026-04-09 22:30:00,1019.11
2026-04-09 22:40:00,1019.04
2026-04-09 22:50:00,1018.88
2026-04-09 23:00:00,1018.76
2026-04-09 23:10:00,1018.6999999999999
2026-04-09 23:20:00,1018.72
2026-04-09 23:30:00,1018.65
2026-04-09 23:40:00,1018.6833333333334
2026-04-09 23:50:00,1018.7264285714284
2026-04-10 00:00:00,1018.4899999999999
2026-04-10 00:10:00,1018.3
2026-04-10 00:20:00,1018.3666666666667
2026-04-10 00:30:00,1018.3199999999999
2026-04-10 00:40:00,1018.35
2026-04-10 00:50:00,1018.24
2026-04-10 01:00:00,1017.92
2026-04-10 01:10:00,1017.86
2026-04-10 01:20:00,1017.7884615384614
2026-04-10 01:30:00,1017.61
2026-04-10 01:40:00,1017.5766666666667
2026-04-10 01:50:00,1017.5433333333334
2026-04-10 02:00:00,1017.43
2026-04-10 02:10:00,1017.38
2026-04-10 02:20:00,1017.4333333333333
2026-04-10 02:30:00,1017.3800000000001
2026-04-10 02:40:00,1017.3142857142857
2026-04-10 02:50:00,1017.3433333333332
2026-04-10 03:00:00,1017.372
2026-04-10 03:10:00,1017.482857142857
2026-04-10 03:20:00,1017.4425
2026-04-10 03:30:00,1017.54
2026-04-10 03:40:00,1017.775
2026-04-10 03:50:00,1017.5862500000001
2026-04-10 04:00:00,1017.605
2026-04-10 04:10:00,1017.7049999999999
2026-04-10 04:20:00,1017.9
2026-04-10 04:30:00,1018.04
2026-04-10 04:40:00,1018
2026-04-10 04:50:00,1018.1
2026-04-10 05:00:00,1018.24
2026-04-10 05:10:00,1018.35
2026-04-10 05:20:00,1018.4499999999999
2026-04-10 05:30:00,1018.62
2026-04-10 05:40:00,1018.64
2026-04-10 05:50:00,1018.65
2026-04-10 06:00:00,1018.77
2026-04-10 06:10:00,1018.79
2026-04-10 06:20:00,1018.91
2026-04-10 06:30:00,1018.98
2026-04-10 06:40:00,1019.0699999999999
2026-04-10 06:50:00,1019.16
2026-04-10 07:00:00,1019.29
2026-04-10 07:10:00,1019.415
2026-04-10 07:20:00,1019.7139999999999
2026-04-10 07:30:00,1019.63
2026-04-10 07:40:00,1019.81
2026-04-10 07:50:00,1019.9399999999999
2026-04-10 08:00:00,1019.99
2026-04-10 08:10:00,1020.09
2026-04-10 08:20:00,1020.1
2026-04-10 08:30:00,1020.256
2026-04-10 08:40:00,1020.22
2026-04-10 08:50:00,1020.2666666666668
2026-04-10 09:00:00,1020.305
2026-04-10 09:10:00,1020.4133333333333
2026-04-10 09:20:00,1020.1999999999999
2026-04-10 09:30:00,1020.23
2026-04-10 09:40:00,1020.25
2026-04-10 09:50:00,1020.16
2026-04-10 10:00:00,1020.02
2026-04-10 10:10:00,1019.92
2026-04-10 10:20:00,1019.9599999999999
2026-04-10 10:30:00,1019.9599999999999
2026-04-10 10:40:00,1019.92
2026-04-10 10:50:00,1019.92
2026-04-10 11:00:00,1019.84
2026-04-10 11:10:00,1019.79
2026-04-10 11:20:00,1019.68
2026-04-10 11:30:00,1019.6
2026-04-10 11:40:00,1019.4599999999999
2026-04-10 11:50:00,1019.28
2026-04-10 12:00:00,1019.2099999999999
2026-04-10 12:10:00,1019.1899999999999
2026-04-10 12:20:00,1019.04
2026-04-10 12:30:00,1019
2026-04-10 12:40:00,1018.6999999999999
2026-04-10 12:50:00,1018.52
2026-04-10 13:00:00,1018.47
2026-04-10 13:10:00,1018.29
2026-04-10 13:20:00,1018.1999999999999
2026-04-10 13:30:00,1017.92
2026-04-10 13:40:00,1017.9399999999999
2026-04-10 13:50:00,1017.87
2026-04-10 14:00:00,1017.8299999999999
2026-04-10 14:10:00,1017.78
2026-04-10 14:20:00,1017.77
2026-04-10 14:30:00,1017.73
2026-04-10 14:40:00,1017.59
2026-04-10 14:50:00,1017.49
2026-04-10 15:00:00,1017.5699999999999
2026-04-10 15:10:00,1017.59
2026-04-10 15:20:00,1017.55
2026-04-10 15:30:00,1017.41
2026-04-10 15:40:00,1017.25
2026-04-10 15:50:00,1017.25
2026-04-10 16:00:00,1017.3
2026-04-10 16:10:00,1017.35
2026-04-10 16:20:00,1017.42
2026-04-10 16:30:00,1017.4599999999999
2026-04-10 16:40:00,1017.52
2026-04-10 16:50:00,1017.51
2026-04-10 17:00:00,1017.42
2026-04-10 17:50:00,1018.04
2026-04-10 18:00:00,1018.26
2026-04-10 18:10:00,1018.5
2026-04-10 18:20:00,1018.63
2026-04-10 18:30:00,1018.68
2026-04-10 18:40:00,1018.86
2026-04-10 18:50:00,1018.9599999999999
2026-04-10 19:00:00,1018.98
2026-04-10 19:10:00,1019.2099999999999
2026-04-10 19:20:00,1019.15
2026-04-10 19:30:00,1019.34
2026-04-10 19:40:00,1019.48
2026-04-10 19:50:00,1019.53
2026-04-10 20:00:00,1019.66
2026-04-10 20:10:00,1019.86
2026-04-10 20:20:00,1019.9599999999999
2026-04-10 20:30:00,1020.14
2026-04-10 20:40:00,1020.09
2026-04-10 20:50:00,1020.18
2026-04-10 21:00:00,1020.2779999999999
2026-04-10 21:10:00,1020.27
2026-04-10 21:20:00,1020.4499999999999
2026-04-10 21:30:00,1020.59
2026-04-10 21:40:00,1020.49
2026-04-10 21:50:00,1020.53
2026-04-10 22:00:00,1020.5699999999999
2026-04-10 22:10:00,1020.6899999999999
2026-04-10 22:20:00,1020.6
2026-04-10 22:30:00,1020.51
2026-04-10 22:40:00,1020.3
2026-04-10 22:50:00,1020.2099999999999
2026-04-10 23:00:00,1020.04
2026-04-10 23:10:00,1019.98
2026-04-10 23:20:00,1019.9392857142856
2026-04-10 23:30:00,1019.81
2026-04-10 23:40:00,1019.6933333333333
2026-04-10 23:50:00,1019.54
2026-04-11 00:00:00,1019.24
2026-04-11 00:10:00,1019.0799999999999
2026-04-11 00:20:00,1019.05
2026-04-11 00:30:00,1019.14
2026-04-11 00:40:00,1018.91
2026-04-11 00:50:00,1018.8050000000001
2026-04-11 01:00:00,1018.8175000000001
2026-04-11 01:10:00,1018.4419999999998
2026-04-11 01:20:00,1018.13
2026-04-11 01:30:00,1018.09
2026-04-11 01:40:00,1018.05
2026-04-11 01:50:00,1017.8833333333333
2026-04-11 02:00:00,1017.5916666666666
2026-04-11 02:10:00,1017.6313333333333
2026-04-11 02:20:00,1017.5578947368421
2026-04-11 02:30:00,1017.8062500000001
2026-04-11 02:40:00,1017.5649999999999
2026-04-11 02:50:00,1017.67
2026-04-11 03:00:00,1017.9288888888888
2026-04-11 03:10:00,1017.7019999999998
2026-04-11 03:20:00,1017.8927272727273
2026-04-11 03:30:00,1017.7758620689654
2026-04-11 03:40:00,1018.6574418604649
2026-04-11 03:50:00,1018.3886842105264
2026-04-11 04:00:00,1018.1075000000002
2026-04-11 04:10:00,1018.06
2026-04-11 04:20:00,1018.26
2026-04-11 04:30:00,1018.495
2026-04-11 04:40:00,1018.37
2026-04-11 04:50:00,1018.28
2026-04-11 05:00:00,1018.34
2026-04-11 05:10:00,1018.38
2026-04-11 05:20:00,1018.6
2026-04-11 05:30:00,1018.8199999999999
2026-04-11 05:40:00,1018.7249999999999
2026-04-11 05:50:00,1019.06
2026-04-11 06:00:00,1019.3166666666666
2026-04-11 06:10:00,1019.685
2026-04-11 06:20:00,1019.8775000000002
2026-04-11 06:30:00,1019.8466666666667
2026-04-11 06:40:00,1020.1960000000001
2026-04-11 06:50:00,1020.3692307692306
2026-04-11 07:00:00,1020.4771428571429
2026-04-11 07:10:00,1020.7958333333332
2026-04-11 07:20:00,1020.9016666666666
2026-04-11 07:30:00,1020.7249999999999
2026-04-11 07:40:00,1020.76
2026-04-11 07:50:00,1020.8
2026-04-11 08:00:00,1020.9633333333333
2026-04-11 08:10:00,1020.8924999999999
2026-04-11 08:20:00,1020.9399999999999
2026-04-11 08:30:00,1021.05
2026-04-11 08:40:00,1021.18
2026-04-11 08:50:00,1021.3299999999999
2026-04-11 09:00:00,1021.6766666666665
2026-04-11 09:10:00,1022.3530952380953
2026-04-11 09:20:00,1022.2950000000001
2026-04-11 09:30:00,1022.5174999999999
2026-04-11 09:40:00,1022.0999999999999
2026-04-11 09:50:00,1022.0333333333333
2026-04-11 10:00:00,1021.9
2026-04-11 10:10:00,1021.6800000000001
2026-04-11 10:20:00,1021.4599999999999
2026-04-11 10:30:00,1021.31
2026-04-11 10:40:00,1021.12
2026-04-11 10:50:00,1020.9499999999999
2026-04-11 11:00:00,1020.79
2026-04-11 11:10:00,1020.81
2026-04-11 11:20:00,1020.5799999999999
2026-04-11 11:30:00,1020.4499999999999
2026-04-11 11:40:00,1020.2099999999999
2026-04-11 11:50:00,1020.2099999999999
2026-04-11 12:00:00,1020.03
2026-04-11 12:10:00,1019.93
2026-04-11 12:20:00,1019.59
2026-04-11 12:30:00,1019.47
2026-04-11 12:40:00,1019.38
2026-04-11 12:50:00,1019.17
2026-04-11 13:00:00,1018.9599999999999
2026-04-11 13:10:00,1018.86
2026-04-11 13:20:00,1018.8
2026-04-11 13:30:00,1018.61
2026-04-11 13:40:00,1018.37
2026-04-11 13:50:00,1018.15
2026-04-11 14:00:00,1017.9499999999999
2026-04-11 14:10:00,1017.98
2026-04-11 14:20:00,1017.84
2026-04-11 14:30:00,1017.66
2026-04-11 14:40:00,1017.74
2026-04-11 14:50:00,1017.76
2026-04-11 15:00:00,1017.8
2026-04-11 15:10:00,1017.88
2026-04-11 15:20:00,1018.01
2026-04-11 15:30:00,1018.02
2026-04-11 15:40:00,1017.9
2026-04-11 15:50:00,1017.9599999999999
2026-04-11 16:00:00,1017.81
2026-04-11 16:10:00,1017.59
2026-04-11 16:20:00,1017.25
2026-04-11 16:30:00,1017.04
2026-04-11 16:40:00,1016.73
2026-04-11 16:50:00,1017.13
2026-04-11 17:00:00,1017.38
2026-04-11 17:10:00,1017.63
2026-04-11 17:20:00,1017.88
2026-04-11 17:30:00,1017.6999999999999
2026-04-11 17:40:00,1017.89
2026-04-11 17:50:00,1018.13
2026-04-11 18:00:00,1018.35
2026-04-11 18:10:00,1018.42
2026-04-11 18:20:00,1018.36
2026-04-11 18:30:00,1018.5
2026-04-11 18:40:00,1018.7099999999999
2026-04-11 18:50:00,1018.93
2026-04-11 19:00:00,1018.9499999999999
2026-04-11 19:10:00,1019.1899999999999
2026-04-11 19:20:00,1019.26
2026-04-11 19:30:00,1019.27
2026-04-11 19:40:00,1019.5799999999999
2026-04-11 19:50:00,1019.72
2026-04-11 20:00:00,1019.93
2026-04-11 20:10:00,1020.09
2026-04-11 20:20:00,1020.24
2026-04-11 20:30:00,1020.4
2026-04-11 20:40:00,1020.1999999999999
2026-04-11 20:50:00,1020.22
2026-04-11 21:00:00,1020.495
2026-04-11 21:10:00,1020.5333333333333
2026-04-11 21:20:00,1020.5499999999998
2026-04-11 21:30:00,1020.4739999999999
2026-04-11 21:40:00,1020.395
2026-04-11 21:50:00,1020.3466666666667
2026-04-11 22:00:00,1020.1566666666666
2026-04-11 22:10:00,1019.9749999999999
2026-04-11 22:20:00,1019.885
2026-04-11 22:30:00,1020
2026-04-11 22:40:00,1019.92
2026-04-11 22:50:00,1019.9599999999999
2026-04-11 23:00:00,1019.85
2026-04-11 23:10:00,1019.5
2026-04-11 23:20:00,1019.16
2026-04-11 23:30:00,1019.14
2026-04-11 23:40:00,1019.31
2026-04-11 23:50:00,1019.2099999999999
2026-04-12 00:00:00,1018.8
2026-04-12 00:10:00,1018.76
2026-04-12 00:20:00,1018.68
2026-04-12 00:30:00,1018.47
2026-04-12 00:40:00,1018.22
2026-04-12 00:50:00,1018.3199999999999
2026-04-12 01:00:00,1018.47
2026-04-12 01:10:00,1018.35
2026-04-12 01:20:00,1018.2524999999999
2026-04-12 01:30:00,1018.13
2026-04-12 01:40:00,1018.0799999999999
2026-04-12 01:50:00,1018.03
2026-04-12 02:00:00,1017.9749999999999
2026-04-12 02:10:00,1017.9
2026-04-12 02:20:00,1017.87
2026-04-12 02:30:00,1017.8633333333333
2026-04-12 02:40:00,1017.84
2026-04-12 02:50:00,1017.85
2026-04-12 03:00:00,1017.85
2026-04-12 03:10:00,1017.88
2026-04-12 03:20:00,1017.81
2026-04-12 03:30:00,1017.9399999999999
2026-04-12 03:40:00,1018.0633333333334
2026-04-12 03:50:00,1018.1
2026-04-12 04:00:00,1018.34
2026-04-12 04:10:00,1018.3
2026-04-12 04:20:00,1018.41
2026-04-12 04:30:00,1018.43
2026-04-12 04:40:00,1018.6
2026-04-12 04:50:00,1018.66
2026-04-12 05:00:00,1018.68
2026-04-12 05:10:00,1019
2026-04-12 05:20:00,1019.1
2026-04-12 05:30:00,1019.12
2026-04-12 05:40:00,1019.22
2026-04-12 05:50:00,1019.22
2026-04-12 06:00:00,1019.22
2026-04-12 06:10:00,1019.29
2026-04-12 06:20:00,1019.62
2026-04-12 06:30:00,1019.61
2026-04-12 06:40:00,1019.79
2026-04-12 06:50:00,1020.11
2026-04-12 07:00:00,1020.22
2026-04-12 07:10:00,1020.42
2026-04-12 07:20:00,1020.5
2026-04-12 07:30:00,1020.63
2026-04-12 07:40:00,1020.6899999999999
2026-04-12 07:50:00,1020.64
2026-04-12 08:00:00,1020.8299999999999
2026-04-12 08:10:00,1020.89
2026-04-12 08:20:00,1020.86
2026-04-12 08:30:00,1020.9399999999999
2026-04-12 08:40:00,1021.05
2026-04-12 08:50:00,1021.0699999999999
2026-04-12 09:00:00,1021.2099999999999
2026-04-12 09:10:00,1021.17
2026-04-12 09:20:00,1021.13
2026-04-12 09:30:00,1021.18
2026-04-12 09:40:00,1021.17
2026-04-12 09:50:00,1021.0799999999999
2026-04-12 10:00:00,1021.16
2026-04-12 10:10:00,1021.06
2026-04-12 10:20:00,1021.11
2026-04-12 10:30:00,1021.0699999999999
2026-04-12 10:40:00,1020.93
2026-04-12 10:50:00,1020.85
2026-04-12 11:00:00,1020.84
2026-04-12 11:10:00,1020.59
2026-04-12 11:20:00,1020.64
2026-04-12 11:30:00,1020.59
2026-04-12 11:40:00,1020.49
2026-04-12 11:50:00,1020.37
2026-04-12 12:00:00,1020.3199999999999
2026-04-12 12:10:00,1020.02
2026-04-12 12:20:00,1019.85
2026-04-12 12:30:00,1019.62
2026-04-12 12:40:00,1019.6
2026-04-12 12:50:00,1019.3299999999999
2026-04-12 13:00:00,1019.17
2026-04-12 13:10:00,1018.93
2026-04-12 13:20:00,1018.73
2026-04-12 13:30:00,1018.52
2026-04-12 13:40:00,1018.56
2026-04-12 13:50:00,1018.49
2026-04-12 14:00:00,1018.4599999999999
2026-04-12 14:10:00,1018.51
2026-04-12 14:20:00,1018.4399999999999
2026-04-12 14:30:00,1018.36
2026-04-12 14:40:00,1018.24
2026-04-12 14:50:00,1018.13
2026-04-12 15:00:00,1018.05
2026-04-12 15:10:00,1018.1
2026-04-12 15:20:00,1018.09
2026-04-12 15:30:00,1018.25
2026-04-12 15:40:00,1018.28
2026-04-12 15:50:00,1018.17
2026-04-12 16:00:00,1018.11
2026-04-12 16:10:00,1018.17
2026-04-12 16:20:00,1018.09
2026-04-12 16:30:00,1018.15
2026-04-12 16:40:00,1018.35
2026-04-12 16:50:00,1018.65
2026-04-12 17:00:00,1018.77
2026-04-12 17:10:00,1018.89
2026-04-12 17:20:00,1018.98
2026-04-12 17:30:00,1019.1
2026-04-12 17:40:00,1019.29
2026-04-12 17:50:00,1019.5699999999999
2026-04-12 18:00:00,1019.52
2026-04-12 18:10:00,1019.5699999999999
2026-04-12 18:20:00,1019.68
2026-04-12 18:30:00,1019.72
2026-04-12 18:40:00,1019.81
2026-04-12 18:50:00,1019.78
2026-04-12 19:00:00,1019.92
2026-04-12 19:10:00,1020.13
2026-04-12 19:20:00,1020.22
2026-04-12 19:30:00,1020.26
2026-04-12 19:40:00,1020.42
2026-04-12 19:50:00,1020.47
2026-04-12 20:00:00,1020.55
2026-04-12 20:10:00,1020.59
2026-04-12 20:20:00,1020.66
2026-04-12 20:30:00,1020.63
2026-04-12 20:40:00,1020.74
2026-04-12 20:50:00,1020.8299999999999
2026-04-12 21:00:00,1020.68
2026-04-12 21:10:00,1020.79
2026-04-12 21:20:00,1020.84
2026-04-12 21:30:00,1021
2026-04-12 21:40:00,1021.06
2026-04-12 21:50:00,1021.06
2026-04-12 22:00:00,1020.97
2026-04-12 22:10:00,1020.98
2026-04-12 22:20:00,1020.93
2026-04-12 22:30:00,1020.6899999999999
2026-04-12 22:40:00,1020.63
2026-04-12 22:50:00,1020.62
2026-04-12 23:00:00,1020.4499999999999
2026-04-12 23:10:00,1020.505
2026-04-12 23:20:00,1020.525
2026-04-12 23:30:00,1020.6999999999999
2026-04-12 23:40:00,1020.7099999999999
2026-04-12 23:50:00,1020.49
2026-04-13 00:00:00,1020.4449999999999
2026-04-13 00:10:00,1020.25
2026-04-13 00:20:00,1020.12
2026-04-13 00:30:00,1019.97
2026-04-13 00:40:00,1019.8
2026-04-13 00:50:00,1019.7099999999999
2026-04-13 01:00:00,1019.61
2026-04-13 01:10:00,1019.5799999999999
2026-04-13 01:20:00,1019.52
2026-04-13 01:30:00,1019.53
2026-04-13 01:40:00,1019.53
2026-04-13 01:50:00,1019.36
2026-04-13 02:00:00,1019.24
2026-04-13 02:10:00,1019.26
2026-04-13 02:20:00,1019.0799999999999
2026-04-13 02:30:00,1018.99
2026-04-13 02:40:00,1018.98
2026-04-13 02:50:00,1018.98
2026-04-13 03:00:00,1019.01
2026-04-13 03:10:00,1018.9499999999999
2026-04-13 03:20:00,1019.04
2026-04-13 03:30:00,1019.0699999999999
2026-04-13 03:40:00,1019.16
2026-04-13 03:50:00,1019.27
2026-04-13 04:00:00,1019.35
2026-04-13 04:10:00,1019.42
2026-04-13 04:20:00,1019.4
2026-04-13 04:30:00,1019.49
2026-04-13 04:40:00,1019.62
2026-04-13 04:50:00,1019.73
2026-04-13 05:00:00,1019.88
2026-04-13 05:10:00,1019.9
2026-04-13 05:20:00,1020.01
2026-04-13 05:30:00,1020.04
2026-04-13 05:40:00,1020.02
2026-04-13 06:10:00,1020.24
2026-04-13 06:20:00,1020.4499999999999
2026-04-13 06:30:00,1020.63
2026-04-13 06:40:00,1020.76
2026-04-13 06:50:00,1020.86
2026-04-13 07:00:00,1020.9399999999999
2026-04-13 07:10:00,1021.03
2026-04-13 07:20:00,1021.09
2026-04-13 07:30:00,1021.18
2026-04-13 07:40:00,1021.38
2026-04-13 07:50:00,1021.47
2026-04-13 08:00:00,1021.63
2026-04-13 08:10:00,1021.56
2026-04-13 08:20:00,1021.65
2026-04-13 08:30:00,1021.93
2026-04-13 08:40:00,1022.3375
2026-04-13 08:50:00,1022.2774999999999
2026-04-13 09:00:00,1022.26
2026-04-13 09:10:00,1022.2099999999999
2026-04-13 09:20:00,1022.41
2026-04-13 09:30:00,1022.274
2026-04-13 09:40:00,1022.03
2026-04-13 09:50:00,1021.93
2026-04-13 10:00:00,1021.9
2026-04-13 10:10:00,1021.87
2026-04-13 10:20:00,1021.86
2026-04-13 10:30:00,1021.73
2026-04-13 10:40:00,1021.78
2026-04-13 10:50:00,1021.6999999999999
2026-04-13 11:00:00,1021.54
2026-04-13 11:10:00,1021.53
2026-04-13 11:20:00,1021.5
2026-04-13 11:30:00,1021.61
2026-04-13 11:40:00,1021.56
2026-04-13 11:50:00,1021.48
2026-04-13 12:00:00,1021.4
2026-04-13 12:10:00,1021.16
2026-04-13 12:20:00,1020.91
2026-04-13 12:30:00,1020.61
2026-04-13 12:40:00,1020.4499999999999
2026-04-13 12:50:00,1020.22
2026-04-13 13:00:00,1020.13
2026-04-13 13:10:00,1019.9
2026-04-13 13:20:00,1019.67
2026-04-13 13:30:00,1019.4599999999999
2026-04-13 13:40:00,1019.26
2026-04-13 13:50:00,1019.02
2026-04-13 14:00:00,1018.84
2026-04-13 14:10:00,1018.64
2026-04-13 14:20:00,1018.6
2026-04-13 14:30:00,1018.53
2026-04-13 14:40:00,1018.41
2026-04-13 14:50:00,1018.18
2026-04-13 15:00:00,1018.0799999999999
2026-04-13 15:10:00,1018.05
2026-04-13 15:20:00,1017.98
2026-04-13 15:30:00,1017.91
2026-04-13 15:40:00,1017.76
2026-04-13 15:50:00,1017.8199999999999
2026-04-13 16:00:00,1017.84
2026-04-13 16:10:00,1017.8299999999999
2026-04-13 16:20:00,1017.91
2026-04-13 16:30:00,1017.91
2026-04-13 16:40:00,1017.88
2026-04-13 16:50:00,1017.9499999999999
2026-04-13 17:00:00,1018.09
2026-04-13 17:10:00,1018.12
2026-04-13 17:20:00,1018.1999999999999
2026-04-13 17:30:00,1018.28
2026-04-13 17:40:00,1018.4399999999999
2026-04-13 17:50:00,1018.47
2026-04-13 18:00:00,1018.4599999999999
2026-04-13 18:10:00,1018.42
2026-04-13 18:20:00,1018.59
2026-04-13 18:30:00,1018.56
2026-04-13 18:40:00,1018.7099999999999
2026-04-13 18:50:00,1018.85
2026-04-13 19:00:00,1018.98
2026-04-13 19:10:00,1019.14
2026-04-13 19:20:00,1019.17
2026-04-13 19:30:00,1019.31
2026-04-13 19:40:00,1019.38
2026-04-13 19:50:00,1019.56
2026-04-13 20:00:00,1019.59
2026-04-13 20:10:00,1019.63
2026-04-13 20:20:00,1019.6899999999999
2026-04-13 20:30:00,1019.76
2026-04-13 20:40:00,1019.86
2026-04-13 20:50:00,1019.87
2026-04-13 21:00:00,1019.9599999999999
2026-04-13 21:10:00,1020.02
2026-04-13 21:20:00,1020.0699999999999
2026-04-13 21:30:00,1020.06
2026-04-13 21:40:00,1019.99
2026-04-13 21:50:00,1019.98
2026-04-13 22:00:00,1020.01
2026-04-13 22:10:00,1020
2026-04-13 22:20:00,1019.9499999999999
2026-04-13 22:30:00,1019.84
2026-04-13 22:40:00,1019.72
2026-04-13 22:50:00,1019.79
2026-04-13 23:00:00,1019.74
2026-04-13 23:10:00,1019.75
2026-04-13 23:20:00,1019.65
2026-04-13 23:30:00,1019.5699999999999
2026-04-13 23:40:00,1019.48
2026-04-13 23:50:00,1019.5
2026-04-14 00:00:00,1019.41
2026-04-14 00:10:00,1019.25
2026-04-14 00:20:00,1019.2099999999999
2026-04-14 00:30:00,1019.05
2026-04-14 00:40:00,1018.89
2026-04-14 00:50:00,1018.87
2026-04-14 01:00:00,1018.77
2026-04-14 01:10:00,1018.67
2026-04-14 01:20:00,1018.6
2026-04-14 01:30:00,1018.53
2026-04-14 01:40:00,1018.43
2026-04-14 01:50:00,1018.29
2026-04-14 02:00:00,1018.0799999999999
2026-04-14 02:10:00,1017.99
2026-04-14 02:20:00,1017.9599999999999
2026-04-14 02:30:00,1017.78
2026-04-14 02:40:00,1017.7099999999999
2026-04-14 02:50:00,1017.67
2026-04-14 03:00:00,1017.62
2026-04-14 03:10:00,1017.52
2026-04-14 03:20:00,1017.43
2026-04-14 03:30:00,1017.4599999999999
2026-04-14 03:40:00,1017.65
2026-04-14 03:50:00,1017.74
2026-04-14 04:00:00,1017.8199999999999
2026-04-14 04:10:00,1017.88
2026-04-14 04:20:00,1017.89
2026-04-14 04:30:00,1017.89
2026-04-14 04:40:00,1018.0799999999999
2026-04-14 04:50:00,1018.14
2026-04-14 05:00:00,1018.17
2026-04-14 05:10:00,1018.34
2026-04-14 05:20:00,1018.48
2026-04-14 05:30:00,1018.59
2026-04-14 05:40:00,1018.62
2026-04-14 05:50:00,1018.74
2026-04-14 06:00:00,1018.9
2026-04-14 06:10:00,1018.98
2026-04-14 06:20:00,1019.0799999999999
2026-04-14 06:30:00,1019.23
2026-04-14 06:40:00,1019.3299999999999
2026-04-14 06:50:00,1019.51
2026-04-14 07:00:00,1019.68
2026-04-14 07:10:00,1019.8199999999999
2026-04-14 07:20:00,1019.81
2026-04-14 07:30:00,1019.89
2026-04-14 07:40:00,1020.09
2026-04-14 07:50:00,1020.29
2026-04-14 08:00:00,1020.36
2026-04-14 08:10:00,1020.48
2026-04-14 08:20:00,1020.48
2026-04-14 08:30:00,1020.49
2026-04-14 08:40:00,1020.49
2026-04-14 08:50:00,1020.5699999999999
2026-04-14 09:00:00,1020.6899999999999
2026-04-14 09:10:00,1020.64
2026-04-14 09:20:00,1020.61
2026-04-14 09:30:00,1020.42
2026-04-14 09:40:00,1020.43
2026-04-14 09:50:00,1020.3299999999999
2026-04-14 10:00:00,1020.29
2026-04-14 10:10:00,1020.28
2026-04-14 10:20:00,1020.03
2026-04-14 10:30:00,1019.92
2026-04-14 10:40:00,1019.87
2026-04-14 10:50:00,1019.8199999999999
2026-04-14 11:00:00,1019.67
2026-04-14 11:10:00,1019.51
2026-04-14 11:20:00,1019.29
2026-04-14 11:30:00,1019.12
2026-04-14 11:40:00,1019.01
2026-04-14 11:50:00,1018.78
2026-04-14 12:00:00,1018.67
2026-04-14 12:10:00,1018.56
2026-04-14 12:20:00,1018.56
2026-04-14 12:30:00,1018.43
2026-04-14 12:40:00,1018.29
2026-04-14 12:50:00,1018.25
2026-04-14 13:00:00,1017.98
2026-04-14 13:10:00,1017.78
2026-04-14 13:20:00,1017.54
2026-04-14 13:30:00,1017.35
2026-04-14 13:40:00,1017.2099999999999
2026-04-14 13:50:00,1017.12
2026-04-14 14:00:00,1017.14
2026-04-14 14:10:00,1017.17
2026-04-14 14:20:00,1017.06
2026-04-14 14:30:00,1016.98
2026-04-14 14:40:00,1016.91
2026-04-14 14:50:00,1016.79
2026-04-14 15:00:00,1016.78
2026-04-14 15:10:00,1016.63
2026-04-14 15:20:00,1016.52
2026-04-14 15:30:00,1016.52
2026-04-14 15:40:00,1016.43
2026-04-14 15:50:00,1016.5699999999999
2026-04-14 16:00:00,1016.65
2026-04-14 16:10:00,1016.56
2026-04-14 16:20:00,1016.53
2026-04-14 16:30:00,1016.5
2026-04-14 16:40:00,1016.4599999999999
2026-04-14 16:50:00,1016.55
2026-04-14 17:00:00,1016.59
2026-04-14 17:10:00,1016.85
2026-04-14 17:20:00,1016.91
2026-04-14 17:30:00,1017.04
2026-04-14 17:40:00,1017.22
2026-04-14 17:50:00,1017.24
2026-04-14 18:00:00,1017.4399999999999
2026-04-14 18:10:00,1017.62
2026-04-14 18:20:00,1017.73
2026-04-14 18:30:00,1017.77
2026-04-14 18:40:00,1017.86
2026-04-14 18:50:00,1017.9399999999999
2026-04-14 19:00:00,1018.06
2026-04-14 19:10:00,1018.1999999999999
2026-04-14 19:20:00,1018.24
2026-04-14 19:30:00,1018.41
2026-04-14 19:40:00,1018.55
2026-04-14 19:50:00,1018.67
2026-04-14 20:00:00,1018.77
2026-04-14 20:10:00,1018.84
2026-04-14 20:20:00,1019.0699999999999
2026-04-14 20:30:00,1019.16
2026-04-14 20:40:00,1019.1899999999999
2026-04-14 20:50:00,1019.31
2026-04-14 21:00:00,1019.4
2026-04-14 21:10:00,1019.3
2026-04-14 21:20:00,1019.48
2026-04-14 21:30:00,1019.49
2026-04-14 21:40:00,1019.62
2026-04-14 21:50:00,1019.54
2026-04-14 22:00:00,1019.49
2026-04-14 22:10:00,1019.49
2026-04-14 22:20:00,1019.39
2026-04-14 22:30:00,1019.48
2026-04-14 22:40:00,1019.38
2026-04-14 22:50:00,1019.27
2026-04-14 23:00:00,1019.27
2026-04-14 23:10:00,1019.16
2026-04-14 23:20:00,1019.01
2026-04-14 23:30:00,1018.85
2026-04-14 23:40:00,1018.78
2026-04-14 23:50:00,1018.64
2026-04-15 00:00:00,1018.53
2026-04-15 00:10:00,1018.4
2026-04-15 00:20:00,1018.3299999999999
2026-04-15 00:30:00,1018.28
2026-04-15 00:40:00,1018.09
2026-04-15 00:50:00,1018.03
2026-04-15 01:00:00,1017.93
2026-04-15 01:10:00,1017.87
2026-04-15 01:20:00,1017.99
2026-04-15 01:30:00,1017.98
2026-04-15 01:40:00,1017.9599999999999
2026-04-15 01:50:00,1017.76
2026-04-15 02:00:00,1017.6999999999999
2026-04-15 02:10:00,1017.59
2026-04-15 02:20:00,1017.62
2026-04-15 02:30:00,1017.6899999999999
2026-04-15 02:40:00,1017.61
2026-04-15 02:50:00,1017.42
2026-04-15 03:00:00,1017.36
2026-04-15 03:10:00,1017.31
2026-04-15 03:20:00,1017.1999999999999
2026-04-15 03:30:00,1017.24
2026-04-15 03:40:00,1017.24
2026-04-15 03:50:00,1017.24
2026-04-15 04:00:00,1017.35
2026-04-15 04:10:00,1017.5
2026-04-15 04:20:00,1017.56
2026-04-15 04:30:00,1017.5699999999999
2026-04-15 04:40:00,1017.7099999999999
2026-04-15 04:50:00,1017.68
2026-04-15 05:00:00,1017.85
2026-04-15 05:10:00,1017.8199999999999
2026-04-15 05:20:00,1017.99
2026-04-15 05:30:00,1017.93
2026-04-15 05:40:00,1018.0699999999999
2026-04-15 05:50:00,1018.18
2026-04-15 06:00:00,1018.34
2026-04-15 06:10:00,1018.39
2026-04-15 06:20:00,1018.5699999999999
2026-04-15 06:30:00,1018.63
2026-04-15 06:40:00,1018.76
2026-04-15 06:50:00,1018.88
2026-04-15 07:00:00,1019.03
2026-04-15 07:10:00,1019.16
2026-04-15 07:20:00,1019.1999999999999
2026-04-15 07:30:00,1019.41
2026-04-15 07:40:00,1019.4599999999999
2026-04-15 07:50:00,1019.67
2026-04-15 08:00:00,1019.6999999999999
2026-04-15 08:10:00,1019.7099999999999
2026-04-15 08:20:00,1019.66
2026-04-15 08:30:00,1019.68
2026-04-15 08:40:00,1019.6999999999999
2026-04-15 08:50:00,1019.73
2026-04-15 09:00:00,1019.88
2026-04-15 09:10:00,1019.91
2026-04-15 09:20:00,1019.8199999999999
2026-04-15 09:30:00,1019.74
2026-04-15 09:40:00,1019.7099999999999
2026-04-15 09:50:00,1019.67
2026-04-15 10:00:00,1019.68
2026-04-15 10:10:00,1019.66
2026-04-15 10:20:00,1019.47
2026-04-15 10:30:00,1019.34
2026-04-15 10:40:00,1019.31
2026-04-15 10:50:00,1019.16
2026-04-15 11:00:00,1019
2026-04-15 11:10:00,1018.84
2026-04-15 11:20:00,1018.77
2026-04-15 11:30:00,1018.6
2026-04-15 11:40:00,1018.53
2026-04-15 11:50:00,1018.36
2026-04-15 12:00:00,1018.23
2026-04-15 12:10:00,1018.15
2026-04-15 12:20:00,1018.13
2026-04-15 12:30:00,1018.06
2026-04-15 12:40:00,1017.98
2026-04-15 12:50:00,1017.88
2026-04-15 13:00:00,1017.67
2026-04-15 13:10:00,1017.53
2026-04-15 13:20:00,1017.37
2026-04-15 13:30:00,1017.34
2026-04-15 13:40:00,1017.15
2026-04-15 13:50:00,1017.1
2026-04-15 14:00:00,1017.09
2026-04-15 14:10:00,1016.97
2026-04-15 14:20:00,1016.91
2026-04-15 14:30:00,1016.8199999999999
2026-04-15 14:40:00,1016.81
2026-04-15 14:50:00,1016.81
2026-04-15 15:00:00,1016.77
2026-04-15 15:10:00,1016.59
2026-04-15 15:20:00,1016.61
2026-04-15 15:30:00,1016.68
2026-04-15 15:40:00,1016.67
2026-04-15 15:50:00,1016.78
2026-04-15 16:00:00,1016.68
2026-04-15 16:10:00,1016.74
2026-04-15 16:20:00,1016.81
2026-04-15 16:30:00,1016.76
2026-04-15 16:40:00,1016.81
2026-04-15 16:50:00,1016.91
2026-04-15 17:00:00,1016.97
2026-04-15 17:10:00,1016.98
2026-04-15 17:20:00,1017.09
2026-04-15 17:30:00,1017.0699999999999
2026-04-15 17:40:00,1017.05
2026-04-15 17:50:00,1017.18
2026-04-15 18:00:00,1017.39
2026-04-15 18:10:00,1017.61
2026-04-15 18:20:00,1017.76
2026-04-15 18:30:00,1017.85
2026-04-15 18:40:00,1017.9599999999999
2026-04-15 18:50:00,1018.0699999999999
2026-04-15 19:00:00,1018.18
2026-04-15 19:10:00,1018.31
2026-04-15 19:20:00,1018.34
2026-04-15 19:30:00,1018.36
2026-04-15 19:40:00,1018.62
2026-04-15 19:50:00,1018.7989999999998
2026-04-15 20:00:00,1018.77
2026-04-15 20:10:00,1018.79
2026-04-15 20:20:00,1018.9399999999999
2026-04-15 20:30:00,1019.04
2026-04-15 20:40:00,1019.06
2026-04-15 20:50:00,1019.17
2026-04-15 21:00:00,1019.38
2026-04-15 21:10:00,1019.51
2026-04-15 21:20:00,1019.5699999999999
2026-04-15 21:30:00,1019.6
2026-04-15 21:40:00,1019.61
2026-04-15 21:50:00,1019.76
2026-04-15 22:00:00,1019.6899999999999
2026-04-15 22:10:00,1019.8199999999999
2026-04-15 22:20:00,1019.88
2026-04-15 22:30:00,1019.9
2026-04-15 22:40:00,1019.92
2026-04-15 22:50:00,1019.9
2026-04-15 23:00:00,1019.8299999999999
2026-04-15 23:10:00,1019.77
2026-04-15 23:20:00,1019.7099999999999
2026-04-15 23:30:00,1019.62
2026-04-15 23:40:00,1019.61
2026-04-15 23:50:00,1019.6
2026-04-16 00:00:00,1019.4599999999999
2026-04-16 00:10:00,1019.55
2026-04-16 00:20:00,1019.42
2026-04-16 00:30:00,1019.4
2026-04-16 00:40:00,1019.3149999999999
2026-04-16 00:50:00,1019.24
2026-04-16 01:00:00,1019.02
2026-04-16 01:10:00,1018.9499999999999
2026-04-16 01:20:00,1019.0799999999999
2026-04-16 01:30:00,1019.12
2026-04-16 01:40:00,1018.99
2026-04-16 01:50:00,1018.88
2026-04-16 02:00:00,1018.67
2026-04-16 02:10:00,1018.55
2026-04-16 02:20:00,1018.4399999999999
2026-04-16 02:30:00,1018.1999999999999
2026-04-16 02:40:00,1018.09
2026-04-16 02:50:00,1017.9599999999999
2026-04-16 03:00:00,1017.78
2026-04-16 03:10:00,1017.8299999999999
2026-04-16 03:20:00,1017.74
2026-04-16 03:30:00,1017.92
2026-04-16 03:40:00,1017.97
2026-04-16 03:50:00,1018.0699999999999
2026-04-16 04:00:00,1018.1999999999999
2026-04-16 04:10:00,1018.24
2026-04-16 04:20:00,1018.23
2026-04-16 04:30:00,1018.34
2026-04-16 04:40:00,1018.43
2026-04-16 04:50:00,1018.54
2026-04-16 05:00:00,1018.64
2026-04-16 05:10:00,1018.6899999999999
2026-04-16 05:20:00,1018.81
2026-04-16 05:30:00,1018.9399999999999
2026-04-16 05:40:00,1019.24
2026-04-16 05:50:00,1019.12
2026-04-16 06:00:00,1019.09
2026-04-16 06:10:00,1019.15
2026-04-16 06:20:00,1019.14
2026-04-16 06:30:00,1019.25
2026-04-16 06:40:00,1019.43
2026-04-16 06:50:00,1019.64
2026-04-16 07:00:00,1020.02
2026-04-16 07:10:00,1020.2099999999999
2026-04-16 07:20:00,1020.3199999999999
2026-04-16 07:30:00,1020.3199999999999
2026-04-16 07:40:00,1020.36
2026-04-16 07:50:00,1020.38
2026-04-16 08:00:00,1020.34
2026-04-16 08:10:00,1020.35
2026-04-16 08:20:00,1020.5
2026-04-16 08:30:00,1020.68
2026-04-16 08:40:00,1020.72
2026-04-16 08:50:00,1020.76
2026-04-16 09:00:00,1020.91
2026-04-16 09:10:00,1020.9
2026-04-16 09:20:00,1020.85
2026-04-16 09:30:00,1020.72
2026-04-16 09:40:00,1020.75
2026-04-16 09:50:00,1020.6999999999999
2026-04-16 10:00:00,1020.49
2026-04-16 10:10:00,1020.41
2026-04-16 10:20:00,1020.37
2026-04-16 10:30:00,1020.4
2026-04-16 10:40:00,1020.34
2026-04-16 10:50:00,1020.3199999999999
2026-04-16 11:00:00,1020.23
2026-04-16 11:10:00,1020.0799999999999
2026-04-16 11:20:00,1020
2026-04-16 11:30:00,1019.85
2026-04-16 11:40:00,1019.76
2026-04-16 11:50:00,1019.61
2026-04-16 12:00:00,1019.51
2026-04-16 12:10:00,1019.38
2026-04-16 12:20:00,1019.26
2026-04-16 12:30:00,1019
2026-04-16 12:40:00,1018.89
2026-04-16 12:50:00,1018.75
2026-04-16 13:00:00,1018.52
2026-04-16 13:10:00,1018.3299999999999
2026-04-16 13:20:00,1018.15
2026-04-16 13:30:00,1018.06
2026-04-16 13:40:00,1017.9499999999999
2026-04-16 13:50:00,1017.8199999999999
2026-04-16 14:00:00,1017.68
2026-04-16 14:10:00,1017.62
2026-04-16 14:20:00,1017.54
2026-04-16 14:30:00,1017.41
2026-04-16 14:40:00,1017.35
2026-04-16 14:50:00,1017.31
2026-04-16 15:00:00,1017.1999999999999
2026-04-16 15:10:00,1017.23
2026-04-16 15:20:00,1017.11
2026-04-16 15:30:00,1017.03
2026-04-16 15:40:00,1017
2026-04-16 15:50:00,1016.93
2026-04-16 16:00:00,1016.9499999999999
2026-04-16 16:10:00,1016.84
2026-04-16 16:20:00,1016.85
2026-04-16 16:30:00,1016.8199999999999
2026-04-16 16:40:00,1016.84
2026-04-16 16:50:00,1016.99
2026-04-16 17:00:00,1017.04
2026-04-16 17:10:00,1017.13
2026-04-16 17:20:00,1017.3199999999999
2026-04-16 17:30:00,1017.31
2026-04-16 17:40:00,1017.43
2026-04-16 17:50:00,1017.66
2026-04-16 18:00:00,1017.61
2026-04-16 18:10:00,1017.75
2026-04-16 18:20:00,1017.88
2026-04-16 18:30:00,1017.98
2026-04-16 18:40:00,1018.1
2026-04-16 18:50:00,1018.22
2026-04-16 19:00:00,1018.23
2026-04-16 19:10:00,1018.25
2026-04-16 19:20:00,1018.37
2026-04-16 19:30:00,1018.4499999999999
2026-04-16 19:40:00,1018.53
2026-04-16 19:50:00,1018.53
2026-04-16 20:00:00,1018.6
2026-04-16 20:10:00,1018.75
2026-04-16 20:20:00,1018.9399999999999
2026-04-16 20:30:00,1018.98
2026-04-16 20:40:00,1019
2026-04-16 20:50:00,1019.15
2026-04-16 21:00:00,1019.28
2026-04-16 21:10:00,1019.36
2026-04-16 21:20:00,1019.48
2026-04-16 21:30:00,1019.53
2026-04-16 21:40:00,1019.4599999999999
2026-04-16 21:50:00,1019.47
2026-04-16 22:00:00,1019.51
2026-04-16 22:10:00,1019.55
2026-04-16 22:20:00,1019.5
2026-04-16 22:30:00,1019.43
2026-04-16 22:40:00,1019.36
2026-04-16 22:50:00,1019.29
2026-04-16 23:00:00,1019.13
2026-04-16 23:10:00,1019.06
2026-04-16 23:20:00,1018.93
2026-04-16 23:30:00,1018.84
2026-04-16 23:40:00,1018.75
2026-04-16 23:50:00,1018.62
2026-04-17 00:00:00,1018.56
2026-04-17 00:10:00,1018.47
2026-04-17 00:20:00,1018.35
2026-04-17 00:30:00,1018.2099999999999
2026-04-17 00:40:00,1018.11
2026-04-17 00:50:00,1018
2026-04-17 01:00:00,1017.9599999999999
2026-04-17 01:10:00,1017.8299999999999
2026-04-17 01:20:00,1017.74
2026-04-17 01:30:00,1017.66
2026-04-17 01:40:00,1017.6
2026-04-17 01:50:00,1017.52
2026-04-17 02:00:00,1017.49
2026-04-17 02:10:00,1017.48
2026-04-17 02:20:00,1017.38
2026-04-17 02:30:00,1017.34
2026-04-17 02:40:00,1017.2099999999999
2026-04-17 02:50:00,1017.12
2026-04-17 03:00:00,1017.18
2026-04-17 03:10:00,1017.11
2026-04-17 03:20:00,1017.0799999999999
2026-04-17 03:30:00,1017.1
2026-04-17 03:40:00,1017.13
2026-04-17 03:50:00,1017.1899999999999
2026-04-17 04:00:00,1017.28
2026-04-17 04:10:00,1017.3199999999999
2026-04-17 04:20:00,1017.47
2026-04-17 04:30:00,1017.59
2026-04-17 04:40:00,1017.67
2026-04-17 04:50:00,1017.72
2026-04-17 05:00:00,1017.75
2026-04-17 05:10:00,1017.92
2026-04-17 05:20:00,1018.03
2026-04-17 05:30:00,1018.16
2026-04-17 05:40:00,1018.43
2026-04-17 05:50:00,1018.52
2026-04-17 06:00:00,1018.61
2026-04-17 06:10:00,1018.8199999999999
2026-04-17 06:20:00,1019
2026-04-17 06:30:00,1019.27
2026-04-17 06:40:00,1019.4
2026-04-17 06:50:00,1019.59
2026-04-17 07:00:00,1019.74
2026-04-17 07:10:00,1019.88
2026-04-17 07:20:00,1020.1
2026-04-17 07:30:00,1020.2099999999999
2026-04-17 07:40:00,1020.3199999999999
2026-04-17 07:50:00,1020.34
2026-04-17 08:00:00,1020.4499999999999
2026-04-17 08:10:00,1020.42
2026-04-17 08:20:00,1020.51
2026-04-17 08:30:00,1020.59
2026-04-17 08:40:00,1020.5799999999999
2026-04-17 08:50:00,1020.3
2026-04-17 09:00:00,1020.28
2026-04-17 09:10:00,1020.31
2026-04-17 09:20:00,1020.36
2026-04-17 09:30:00,1020.39
2026-04-17 09:40:00,1020.24
2026-04-17 09:50:00,1020.29
2026-04-17 10:00:00,1020.37
2026-04-17 10:10:00,1020.3
2026-04-17 10:20:00,1020.17
2026-04-17 10:30:00,1020.11
2026-04-17 10:40:00,1020.01
2026-04-17 10:50:00,1019.86
2026-04-17 11:00:00,1019.67
2026-04-17 11:10:00,1019.63
2026-04-17 11:20:00,1019.49
2026-04-17 11:30:00,1019.22
2026-04-17 11:40:00,1018.99
2026-04-17 11:50:00,1018.8199999999999
2026-04-17 12:00:00,1018.6899999999999
2026-04-17 12:10:00,1018.42
2026-04-17 12:20:00,1018.24
2026-04-17 12:30:00,1018.0699999999999
2026-04-17 12:40:00,1017.79
2026-04-17 12:50:00,1017.65
2026-04-17 13:00:00,1017.4599999999999
2026-04-17 13:10:00,1017.34
2026-04-17 13:20:00,1017.16
2026-04-17 13:30:00,1016.9399999999999
2026-04-17 13:40:00,1016.91
2026-04-17 13:50:00,1016.8299999999999
2026-04-17 14:00:00,1016.8299999999999
2026-04-17 14:10:00,1016.6899999999999
2026-04-17 14:20:00,1016.55
2026-04-17 14:30:00,1016.43
2026-04-17 14:40:00,1016.38
2026-04-17 14:50:00,1016.28
2026-04-17 15:00:00,1016.25
2026-04-17 15:10:00,1016.1899999999999
2026-04-17 15:20:00,1016.16
2026-04-17 15:30:00,1016.24
2026-04-17 15:40:00,1016.24
2026-04-17 15:50:00,1016.22
2026-04-17 16:00:00,1016.1999999999999
2026-04-17 16:10:00,1016.15
2026-04-17 16:20:00,1016.1999999999999
2026-04-17 16:30:00,1016.26
2026-04-17 16:40:00,1016.1999999999999
2026-04-17 16:50:00,1016.17
2026-04-17 17:00:00,1016.28
2026-04-17 17:10:00,1016.3
2026-04-17 17:20:00,1016.41
2026-04-17 17:30:00,1016.4399999999999
2026-04-17 17:40:00,1016.62
2026-04-17 17:50:00,1016.62
2026-04-17 18:00:00,1016.78
2026-04-17 18:10:00,1016.8299999999999
2026-04-17 18:20:00,1016.9599999999999
2026-04-17 18:30:00,1017.17
2026-04-17 18:40:00,1017.17
2026-04-17 18:50:00,1017.3299999999999
2026-04-17 19:00:00,1017.34
2026-04-17 19:10:00,1017.43
2026-04-17 19:20:00,1017.59
2026-04-17 19:30:00,1017.75
2026-04-17 19:40:00,1017.75
2026-04-17 19:50:00,1017.85
2026-04-17 20:00:00,1018.03
2026-04-17 20:10:00,1018.1999999999999
2026-04-17 20:20:00,1018.43
2026-04-17 20:30:00,1018.51
2026-04-17 20:40:00,1018.79
2026-04-17 20:50:00,1018.84
2026-04-17 21:00:00,1018.9399999999999
2026-04-17 21:10:00,1019.0699999999999
2026-04-17 21:20:00,1019.18
2026-04-17 21:30:00,1019.2099999999999
2026-04-17 21:40:00,1019.18
2026-04-17 21:50:00,1019.2099999999999
2026-04-17 22:00:00,1019.28
2026-04-17 22:10:00,1019.3
2026-04-17 22:20:00,1019.24
2026-04-17 22:30:00,1019.28
2026-04-17 22:40:00,1019.22
2026-04-17 22:50:00,1019.2099999999999
2026-04-17 23:00:00,1019.17
2026-04-17 23:10:00,1019.02
2026-04-17 23:20:00,1018.9
2026-04-17 23:30:00,1018.8199999999999
2026-04-17 23:40:00,1018.65
2026-04-17 23:50:00,1018.5799999999999
2026-04-18 00:00:00,1018.4599999999999
2026-04-18 00:10:00,1018.29
2026-04-18 00:20:00,1018.25
2026-04-18 00:30:00,1018.1999999999999
2026-04-18 00:40:00,1018.1
2026-04-18 00:50:00,1017.9499999999999
2026-04-18 01:00:00,1017.85
2026-04-18 01:10:00,1017.65
2026-04-18 01:20:00,1017.53
2026-04-18 01:30:00,1017.43
2026-04-18 01:40:00,1017.37
2026-04-18 01:50:00,1017.28
2026-04-18 02:00:00,1017.22
2026-04-18 02:10:00,1017.14
2026-04-18 02:20:00,1017.04
2026-04-18 02:30:00,1016.99
2026-04-18 02:40:00,1016.9599999999999
2026-04-18 02:50:00,1016.88
2026-04-18 03:00:00,1016.8199999999999
2026-04-18 03:10:00,1016.88
2026-04-18 03:20:00,1016.85
2026-04-18 03:30:00,1016.89
2026-04-18 03:40:00,1016.86
2026-04-18 03:50:00,1016.91
2026-04-18 04:00:00,1016.91
2026-04-18 04:10:00,1016.86
2026-04-18 04:20:00,1016.87
2026-04-18 04:30:00,1016.88
2026-04-18 04:40:00,1016.9
2026-04-18 04:50:00,1016.9499999999999
2026-04-18 05:00:00,1016.9599999999999
2026-04-18 05:10:00,1017.13
2026-04-18 05:20:00,1017.34
2026-04-18 05:30:00,1017.42
2026-04-18 05:40:00,1017.55
2026-04-18 05:50:00,1017.78
2026-04-18 06:00:00,1017.9
2026-04-18 07:00:00,1018.8
2026-04-18 07:10:00,1018.91
2026-04-18 07:20:00,1019.02
2026-04-18 07:30:00,1019.13
2026-04-18 07:40:00,1019.12
2026-04-18 07:50:00,1019.2099999999999
2026-04-18 08:00:00,1019.31
2026-04-18 08:10:00,1019.35
2026-04-18 08:20:00,1019.34
2026-04-18 08:30:00,1019.5
2026-04-18 08:40:00,1019.42
2026-04-18 08:50:00,1019.4399999999999
2026-04-18 09:00:00,1019.41
2026-04-18 09:10:00,1019.42
2026-04-18 09:20:00,1019.48
2026-04-18 09:30:00,1019.51
2026-04-18 09:40:00,1019.47
2026-04-18 09:50:00,1019.42
2026-04-18 10:00:00,1019.4599999999999
2026-04-18 10:10:00,1019.5
2026-04-18 10:20:00,1019.51
2026-04-18 10:30:00,1019.54
2026-04-18 10:40:00,1019.39
2026-04-18 10:50:00,1019.3
2026-04-18 11:00:00,1019.27
2026-04-18 11:10:00,1019.11
2026-04-18 11:20:00,1018.9499999999999
2026-04-18 11:30:00,1018.87
2026-04-18 11:40:00,1018.78
2026-04-18 11:50:00,1018.65
2026-04-18 12:00:00,1018.41
2026-04-18 12:10:00,1018.22
2026-04-18 12:20:00,1018.0699999999999
2026-04-18 12:30:00,1018.02
2026-04-18 12:40:00,1017.86
2026-04-18 12:50:00,1017.63
2026-04-18 13:00:00,1017.39
2026-04-18 13:10:00,1017.28
2026-04-18 13:20:00,1017.16
2026-04-18 13:30:00,1017.02
2026-04-18 13:40:00,1016.8299999999999
2026-04-18 13:50:00,1016.6899999999999
2026-04-18 14:00:00,1016.67
2026-04-18 14:10:00,1016.55
2026-04-18 14:20:00,1016.43
2026-04-18 14:30:00,1016.3
2026-04-18 14:40:00,1016.1899999999999
2026-04-18 14:50:00,1016.13
2026-04-18 15:00:00,1016.05
2026-04-18 15:50:00,1015.55
2026-04-18 16:00:00,1015.41
2026-04-18 16:10:00,1015.34
2026-04-18 16:20:00,1015.41
2026-04-18 16:30:00,1015.35
2026-04-18 16:40:00,1015.28
2026-04-18 16:50:00,1015.4499999999999
2026-04-18 17:00:00,1015.4399999999999
2026-04-18 17:10:00,1015.5699999999999
2026-04-18 17:20:00,1015.59
2026-04-18 17:30:00,1015.78
2026-04-18 17:40:00,1015.91
2026-04-18 17:50:00,1016
2026-04-18 18:00:00,1016.11
2026-04-18 18:10:00,1016.18
2026-04-18 18:20:00,1016.31
2026-04-18 18:30:00,1016.48
2026-04-18 18:40:00,1016.63
2026-04-18 18:50:00,1016.8
2026-04-18 19:00:00,1016.87
2026-04-18 19:10:00,1016.93
2026-04-18 19:20:00,1016.9599999999999
2026-04-18 19:30:00,1017.0799999999999
2026-04-18 19:40:00,1017.28
2026-04-18 19:50:00,1017.43
2026-04-18 20:00:00,1017.65
2026-04-18 20:10:00,1017.85
2026-04-18 20:20:00,1018.1899999999999
2026-04-18 20:30:00,1018.3299999999999
2026-04-18 20:40:00,1018.47
2026-04-18 20:50:00,1018.5
2026-04-18 21:00:00,1018.63
2026-04-18 21:10:00,1018.7099999999999
2026-04-18 21:20:00,1018.87
2026-04-18 21:30:00,1018.9399999999999
2026-04-18 21:40:00,1019.0699999999999
2026-04-18 21:50:00,1019.03
2026-04-18 22:00:00,1019.12
2026-04-18 22:10:00,1019.1
2026-04-18 22:20:00,1019.01
2026-04-18 22:30:00,1018.99
2026-04-18 22:40:00,1018.89
2026-04-18 22:50:00,1018.86
2026-04-18 23:00:00,1018.88
2026-04-18 23:10:00,1018.8299999999999
2026-04-18 23:20:00,1018.77
2026-04-18 23:30:00,1018.87
2026-04-18 23:40:00,1018.86
2026-04-18 23:50:00,1018.9
2026-04-19 00:00:00,1018.6899999999999
2026-04-19 00:10:00,1018.66
2026-04-19 00:20:00,1018.64
2026-04-19 00:30:00,1018.63
2026-04-19 00:40:00,1018.49
2026-04-19 00:50:00,1018.41
2026-04-19 01:40:00,1018.18
2026-04-19 01:50:00,1018.15
2026-04-19 02:00:00,1018.0799999999999
2026-04-19 02:10:00,1017.9599999999999
2026-04-19 02:20:00,1017.81
2026-04-19 02:30:00,1017.67
2026-04-19 02:40:00,1017.59
2026-04-19 02:50:00,1017.66
2026-04-19 03:00:00,1017.68
2026-04-19 03:10:00,1017.7099999999999
2026-04-19 03:20:00,1017.75
2026-04-19 03:30:00,1017.86
2026-04-19 03:40:00,1017.9599999999999
2026-04-19 03:50:00,1018.05
2026-04-19 04:00:00,1018.1
2026-04-19 04:10:00,1018.0799999999999
2026-04-19 04:20:00,1018.15
2026-04-19 04:30:00,1018.23
2026-04-19 04:40:00,1018.2099999999999
2026-04-19 04:50:00,1018.29
2026-04-19 05:00:00,1018.34
2026-04-19 05:10:00,1018.3
2026-04-19 05:20:00,1018.43
2026-04-19 05:30:00,1018.53
2026-04-19 05:40:00,1018.67
2026-04-19 05:50:00,1018.73
2026-04-19 06:00:00,1018.9
2026-04-19 06:10:00,1019.06
2026-04-19 06:20:00,1019.26
2026-04-19 06:30:00,1019.35
2026-04-19 06:40:00,1019.5799999999999
2026-04-19 06:50:00,1019.73
2026-04-19 07:00:00,1019.84
2026-04-19 07:10:00,1019.89
2026-04-19 07:20:00,1019.99
2026-04-19 07:30:00,1020.05
2026-04-19 07:40:00,1020.16
2026-04-19 07:50:00,1020.25
2026-04-19 08:00:00,1020.29
2026-04-19 08:10:00,1020.34
2026-04-19 08:20:00,1020.41
2026-04-19 08:30:00,1020.35
2026-04-19 08:40:00,1020.4
2026-04-19 08:50:00,1020.4599999999999
2026-04-19 09:00:00,1020.41
2026-04-19 09:10:00,1020.4399999999999
2026-04-19 09:20:00,1020.43
2026-04-19 09:30:00,1020.41
2026-04-19 09:40:00,1020.39
2026-04-19 09:50:00,1020.41
2026-04-19 10:00:00,1020.35
2026-04-19 10:10:00,1020.26
2026-04-19 10:20:00,1020.3199999999999
2026-04-19 10:30:00,1020.35
2026-04-19 10:40:00,1020.27
2026-04-19 10:50:00,1020.24
2026-04-19 11:00:00,1020.2099999999999
2026-04-19 11:10:00,1020.17
2026-04-19 11:20:00,1020.1
2026-04-19 11:30:00,1019.9499999999999
2026-04-19 11:40:00,1019.78
2026-04-19 11:50:00,1019.6899999999999
2026-04-19 12:00:00,1019.41
2026-04-19 12:10:00,1019.26
2026-04-19 12:20:00,1019.01
2026-04-19 12:30:00,1018.9599999999999
2026-04-19 12:40:00,1018.9499999999999
2026-04-19 12:50:00,1018.8199999999999
2026-04-19 13:00:00,1018.66
2026-04-19 13:10:00,1018.53
2026-04-19 13:20:00,1018.53
2026-04-19 13:30:00,1018.3199999999999
2026-04-19 13:40:00,1018.0699999999999
2026-04-19 13:50:00,1018.03
2026-04-19 14:00:00,1017.9399999999999
2026-04-19 14:10:00,1017.8299999999999
2026-04-19 14:20:00,1017.6999999999999
2026-04-19 14:30:00,1017.4599999999999
2026-04-19 14:40:00,1017.41
2026-04-19 14:50:00,1017.25
2026-04-19 15:00:00,1017.26
2026-04-19 15:10:00,1017.15
2026-04-19 15:20:00,1017.16
2026-04-19 15:30:00,1017.1
2026-04-19 15:40:00,1017.0699999999999
2026-04-19 15:50:00,1017.0799999999999
2026-04-19 16:00:00,1017.16
2026-04-19 16:10:00,1017.25
2026-04-19 16:20:00,1017.3299999999999
2026-04-19 16:30:00,1017.36
2026-04-19 16:40:00,1017.4499999999999
2026-04-19 16:50:00,1017.55
2026-04-19 17:00:00,1017.52
2026-04-19 17:10:00,1017.62
2026-04-19 17:20:00,1017.7099999999999
2026-04-19 17:30:00,1017.72
2026-04-19 17:40:00,1017.88
2026-04-19 17:50:00,1017.98
2026-04-19 18:00:00,1018.01
2026-04-19 18:10:00,1018.03
2026-04-19 18:20:00,1018.09
2026-04-19 18:30:00,1018.26
2026-04-19 18:40:00,1018.3299999999999
2026-04-19 18:50:00,1018.48
2026-04-19 19:00:00,1018.5699999999999
2026-04-19 19:10:00,1018.64
2026-04-19 19:20:00,1018.85
2026-04-19 19:30:00,1018.97
2026-04-19 19:40:00,1019.0699999999999
2026-04-19 19:50:00,1019.12
2026-04-19 20:00:00,1019.23
2026-04-19 20:10:00,1019.3
2026-04-19 20:20:00,1019.4399999999999
2026-04-19 20:30:00,1019.54
2026-04-19 20:40:00,1019.73
2026-04-19 20:50:00,1019.8299999999999
2026-04-19 21:00:00,1019.9
2026-04-19 21:10:00,1019.9599999999999
2026-04-19 21:20:00,1020.02
2026-04-19 21:30:00,1020.12
2026-04-19 21:40:00,1020.2099999999999
2026-04-19 21:50:00,1020.24
2026-04-19 22:00:00,1020.27
2026-04-19 22:10:00,1020.26
2026-04-19 22:20:00,1020.23
2026-04-19 22:30:00,1020.24
2026-04-19 22:40:00,1020.18
2026-04-19 22:50:00,1020.11
2026-04-19 23:00:00,1020.05
2026-04-19 23:10:00,1020
2026-04-19 23:20:00,1019.9599999999999
2026-04-19 23:30:00,1019.88
2026-04-19 23:40:00,1019.8199999999999
2026-04-19 23:50:00,1019.6999999999999
2026-04-20 00:00:00,1019.55
2026-04-20 00:10:00,1019.48
2026-04-20 00:20:00,1019.39
2026-04-20 00:30:00,1019.2099999999999
2026-04-20 00:40:00,1019.1
2026-04-20 00:50:00,1019.01
2026-04-20 01:00:00,1018.87
2026-04-20 01:10:00,1018.9
2026-04-20 01:20:00,1018.68
2026-04-20 01:30:00,1018.5699999999999
2026-04-20 01:40:00,1018.55
2026-04-20 01:50:00,1018.48
2026-04-20 02:00:00,1018.4599999999999
2026-04-20 02:10:00,1018.3
2026-04-20 02:20:00,1018.18
2026-04-20 02:30:00,1018.16
2026-04-20 02:40:00,1018.17
2026-04-20 02:50:00,1018.13
2026-04-20 03:00:00,1018.1
2026-04-20 03:10:00,1018.14
2026-04-20 03:20:00,1018.15
2026-04-20 03:30:00,1018.05
2026-04-20 03:40:00,1018.0699999999999
2026-04-20 03:50:00,1018.13
2026-04-20 04:00:00,1018.13
2026-04-20 04:10:00,1018.29
2026-04-20 04:20:00,1018.3
2026-04-20 04:30:00,1018.43
2026-04-20 04:40:00,1018.41
2026-04-20 04:50:00,1018.52
2026-04-20 05:00:00,1018.61
2026-04-20 05:10:00,1018.7099999999999
2026-04-20 05:20:00,1018.88
2026-04-20 05:30:00,1018.92
2026-04-20 05:40:00,1019.02
2026-04-20 05:50:00,1019.06
2026-04-20 06:00:00,1019.24
2026-04-20 06:10:00,1019.38
2026-04-20 06:20:00,1019.56
2026-04-20 06:30:00,1019.65
2026-04-20 06:40:00,1019.8
2026-04-20 06:50:00,1019.9499999999999
2026-04-20 07:00:00,1020.06
2026-04-20 07:10:00,1020.13
2026-04-20 07:20:00,1020.35
2026-04-20 07:30:00,1020.4399999999999
2026-04-20 07:40:00,1020.5699999999999
2026-04-20 07:50:00,1020.5
2026-04-20 08:00:00,1020.52
2026-04-20 08:10:00,1020.4599999999999
2026-04-20 08:20:00,1020.4499999999999
2026-04-20 08:30:00,1020.48
2026-04-20 08:40:00,1020.4399999999999
2026-04-20 08:50:00,1020.48
2026-04-20 09:00:00,1020.47
2026-04-20 09:10:00,1020.53
2026-04-20 09:20:00,1020.49
2026-04-20 09:30:00,1020.4499999999999
2026-04-20 09:40:00,1020.4499999999999
2026-04-20 09:50:00,1020.49
2026-04-20 10:00:00,1020.5699999999999
2026-04-20 10:10:00,1020.53
2026-04-20 10:20:00,1020.4399999999999
2026-04-20 10:30:00,1020.39
2026-04-20 10:40:00,1020.34
2026-04-20 10:50:00,1020.31
2026-04-20 11:00:00,1020.14
2026-04-20 11:10:00,1020.16
2026-04-20 11:20:00,1020.05
2026-04-20 11:30:00,1019.93
2026-04-20 11:40:00,1019.84
2026-04-20 11:50:00,1019.75
2026-04-20 12:00:00,1019.62
2026-04-20 12:10:00,1019.53
2026-04-20 12:20:00,1019.36
2026-04-20 12:30:00,1019.12
2026-04-20 12:40:00,1019.0799999999999
2026-04-20 12:50:00,1018.89
2026-04-20 13:00:00,1018.75
2026-04-20 13:10:00,1018.67
2026-04-20 13:20:00,1018.54
2026-04-20 13:30:00,1018.49
2026-04-20 13:40:00,1018.29
2026-04-20 13:50:00,1018.26
2026-04-20 14:00:00,1018.05
2026-04-20 14:10:00,1017.87
2026-04-20 14:20:00,1017.86
2026-04-20 14:30:00,1017.72
2026-04-20 14:40:00,1017.5699999999999
2026-04-20 14:50:00,1017.62
2026-04-20 15:00:00,1017.54
2026-04-20 15:10:00,1017.4599999999999
2026-04-20 15:20:00,1017.3199999999999
2026-04-20 15:30:00,1017.25
2026-04-20 15:40:00,1017.1899999999999
2026-04-20 15:50:00,1017.2099999999999
2026-04-20 16:00:00,1017.34
2026-04-20 16:10:00,1017.35
2026-04-20 16:20:00,1017.38
2026-04-20 16:30:00,1017.3
2026-04-20 16:40:00,1017.47
2026-04-20 16:50:00,1017.54
2026-04-20 17:00:00,1017.6999999999999
2026-04-20 17:10:00,1017.74
2026-04-20 17:20:00,1017.66
2026-04-20 17:30:00,1017.75
2026-04-20 17:40:00,1018.01
2026-04-20 17:50:00,1018.11
2026-04-20 18:00:00,1018.18
2026-04-20 18:10:00,1018.29
2026-04-20 18:20:00,1018.4399999999999
2026-04-20 18:30:00,1018.62
2026-04-20 18:40:00,1018.73
2026-04-20 18:50:00,1018.89
2026-04-20 19:00:00,1019.05
2026-04-20 19:10:00,1019.18
2026-04-20 19:20:00,1019.22
2026-04-20 19:30:00,1019.34
2026-04-20 19:40:00,1019.38
2026-04-20 19:50:00,1019.4
2026-04-20 20:00:00,1019.42
2026-04-20 20:10:00,1019.49
2026-04-20 20:20:00,1019.62
2026-04-20 20:30:00,1019.7099999999999
2026-04-20 20:40:00,1019.75
2026-04-20 20:50:00,1019.86
2026-04-20 21:00:00,1019.9
2026-04-20 21:10:00,1020.03
2026-04-20 21:20:00,1020.0799999999999
2026-04-20 21:30:00,1020.17
2026-04-20 21:40:00,1020.36
2026-04-20 21:50:00,1020.28
2026-04-20 22:00:00,1020.35
2026-04-20 22:10:00,1020.3299999999999
2026-04-20 22:20:00,1020.35
2026-04-20 22:30:00,1020.35
2026-04-20 22:40:00,1020.31
2026-04-20 22:50:00,1020.36
2026-04-20 23:00:00,1020.3299999999999
2026-04-20 23:10:00,1020.35
2026-04-20 23:20:00,1020.36
2026-04-20 23:30:00,1020.31
2026-04-20 23:40:00,1020.18
2026-04-20 23:50:00,1020.2149999999999
2026-04-21 00:00:00,1020.0349999999999
2026-04-21 00:10:00,1019.925
2026-04-21 00:20:00,1019.92
2026-04-21 00:30:00,1019.76
2026-04-21 00:40:00,1019.8
2026-04-21 00:50:00,1019.64
2026-04-21 01:00:00,1019.59
2026-04-21 01:10:00,1019.54
2026-04-21 01:20:00,1019.48
2026-04-21 01:30:00,1019.47
2026-04-21 01:40:00,1019.34
2026-04-21 01:50:00,1019.3199999999999
2026-04-21 02:00:00,1019.26
2026-04-21 02:10:00,1019.23
2026-04-21 02:20:00,1019.14
2026-04-21 02:30:00,1019.05
2026-04-21 02:40:00,1018.99
2026-04-21 02:50:00,1019
2026-04-21 03:00:00,1018.99
2026-04-21 03:10:00,1019
2026-04-21 03:20:00,1019.0699999999999
2026-04-21 03:30:00,1019.11
2026-04-21 03:40:00,1019.1899999999999
2026-04-21 03:50:00,1019.22
2026-04-21 04:00:00,1019.28
2026-04-21 04:10:00,1019.37
2026-04-21 04:20:00,1019.36
2026-04-21 04:30:00,1019.4499999999999
2026-04-21 04:40:00,1019.5
2026-04-21 04:50:00,1019.59
2026-04-21 05:00:00,1019.73
2026-04-21 05:10:00,1019.81
2026-04-21 05:20:00,1019.9
2026-04-21 05:30:00,1019.98
2026-04-21 05:40:00,1020.12
2026-04-21 05:50:00,1020.22
2026-04-21 06:00:00,1020.29
2026-04-21 06:10:00,1020.48
2026-04-21 06:20:00,1020.61
2026-04-21 06:30:00,1020.88
2026-04-21 06:40:00,1021.06
2026-04-21 06:50:00,1021.23
2026-04-21 07:00:00,1021.42
2026-04-21 07:10:00,1021.61
2026-04-21 07:20:00,1021.75
2026-04-21 07:30:00,1021.72
2026-04-21 07:40:00,1021.79
2026-04-21 07:50:00,1021.9
2026-04-21 08:00:00,1021.9499999999999
2026-04-21 08:10:00,1022.0799999999999
2026-04-21 08:20:00,1022.0799999999999
2026-04-21 08:30:00,1022.13
2026-04-21 08:40:00,1022.2099999999999
2026-04-21 08:50:00,1022.14
2026-04-21 09:00:00,1022.1
2026-04-21 09:10:00,1022.09
2026-04-21 09:20:00,1022.05
2026-04-21 09:30:00,1022.11
2026-04-21 09:40:00,1022.0699999999999
2026-04-21 09:50:00,1022
2026-04-21 10:00:00,1021.84
2026-04-21 10:10:00,1021.8
2026-04-21 10:20:00,1021.65
2026-04-21 10:30:00,1021.55
2026-04-21 10:40:00,1021.52
2026-04-21 10:50:00,1021.36
2026-04-21 11:00:00,1021.23
2026-04-21 11:10:00,1021.1
2026-04-21 11:20:00,1020.99
2026-04-21 11:30:00,1020.9499999999999
2026-04-21 11:40:00,1020.78
2026-04-21 11:50:00,1020.6999999999999
2026-04-21 12:00:00,1020.4599999999999
2026-04-21 12:10:00,1020.3
2026-04-21 12:20:00,1020.27
2026-04-21 12:30:00,1020.06
2026-04-21 12:40:00,1019.76
2026-04-21 12:50:00,1019.55
2026-04-21 13:00:00,1019.4499999999999
2026-04-21 13:10:00,1019.35
2026-04-21 13:20:00,1019.18
2026-04-21 13:30:00,1019.04
2026-04-21 13:40:00,1018.97
2026-04-21 13:50:00,1018.81
2026-04-21 14:00:00,1018.68
2026-04-21 14:10:00,1018.6899999999999
2026-04-21 14:20:00,1018.65
2026-04-21 14:30:00,1018.5799999999999
2026-04-21 14:40:00,1018.4399999999999
2026-04-21 14:50:00,1018.43
2026-04-21 15:00:00,1018.4
2026-04-21 15:10:00,1018.1999999999999
2026-04-21 15:20:00,1018.0799999999999
2026-04-21 15:30:00,1017.99
2026-04-21 15:40:00,1017.99
2026-04-21 15:50:00,1018.05
2026-04-21 16:00:00,1018.1
2026-04-21 16:10:00,1018.09
2026-04-21 16:20:00,1018.15
2026-04-21 16:30:00,1018.04
2026-04-21 16:40:00,1018.05
2026-04-21 16:50:00,1018.03
2026-04-21 17:00:00,1018.1
2026-04-21 17:10:00,1018.2099999999999
2026-04-21 17:20:00,1018.2099999999999
2026-04-21 17:30:00,1018.34
2026-04-21 17:40:00,1018.43
2026-04-21 17:50:00,1018.55
2026-04-21 18:00:00,1018.64
2026-04-21 18:10:00,1018.77
2026-04-21 18:20:00,1018.91
2026-04-21 18:30:00,1019.05
2026-04-21 18:40:00,1019.1899999999999
2026-04-21 18:50:00,1019.4
2026-04-21 19:00:00,1019.5699999999999
2026-04-21 19:10:00,1019.6899999999999
2026-04-21 19:20:00,1019.79
2026-04-21 19:30:00,1019.87
2026-04-21 20:20:00,1020.1
2026-04-21 20:30:00,1020.12
2026-04-21 20:40:00,1020.27
2026-04-21 20:50:00,1020.41
2026-04-21 21:00:00,1020.55
2026-04-21 21:10:00,1020.66
2026-04-21 21:20:00,1020.76
2026-04-21 21:30:00,1020.73
2026-04-21 21:40:00,1020.8
2026-04-21 21:50:00,1020.8199999999999
2026-04-21 22:00:00,1020.8299999999999
2026-04-21 22:10:00,1020.84
2026-04-21 22:20:00,1020.73
2026-04-21 22:30:00,1020.7099999999999
2026-04-21 22:40:00,1020.6899999999999
2026-04-21 22:50:00,1020.68
2026-04-21 23:00:00,1020.52
2026-04-21 23:10:00,1020.4499999999999
2026-04-21 23:20:00,1020.3299999999999
2026-04-21 23:30:00,1020.18
2026-04-21 23:40:00,1020.11
2026-04-21 23:50:00,1020.04
2026-04-22 00:00:00,1019.81
2026-04-22 00:10:00,1019.6999999999999
2026-04-22 00:20:00,1019.55
2026-04-22 00:30:00,1019.5699999999999
2026-04-22 00:40:00,1019.47
2026-04-22 00:50:00,1019.38
2026-04-22 01:00:00,1019.22
2026-04-22 01:10:00,1019.06
2026-04-22 01:20:00,1018.9399999999999
2026-04-22 01:30:00,1018.85
2026-04-22 01:40:00,1018.68
2026-04-22 01:50:00,1018.5
2026-04-22 02:00:00,1018.29
2026-04-22 02:10:00,1018.1899999999999
2026-04-22 02:20:00,1018.29
2026-04-22 02:30:00,1018.31
2026-04-22 02:40:00,1018.1899999999999
2026-04-22 02:50:00,1018.16
2026-04-22 03:00:00,1018.15
2026-04-22 03:10:00,1018.15
2026-04-22 03:20:00,1018.2099999999999
2026-04-22 03:30:00,1018.3
2026-04-22 03:40:00,1018.5
2026-04-22 03:50:00,1018.5799999999999
2026-04-22 04:00:00,1018.67
2026-04-22 04:10:00,1018.72
2026-04-22 04:20:00,1018.7099999999999
2026-04-22 04:30:00,1018.81
2026-04-22 04:40:00,1018.88
2026-04-22 04:50:00,1018.91
2026-04-22 05:00:00,1019.12
2026-04-22 05:10:00,1019.24
2026-04-22 05:20:00,1019.35
2026-04-22 05:30:00,1019.42
2026-04-22 05:40:00,1019.52
2026-04-22 05:50:00,1019.56
2026-04-22 06:00:00,1019.64
2026-04-22 06:10:00,1019.79
2026-04-22 06:20:00,1019.89
2026-04-22 06:30:00,1020.12
2026-04-22 06:40:00,1020.36
2026-04-22 06:50:00,1020.67
2026-04-22 07:00:00,1020.79
2026-04-22 07:10:00,1020.88
2026-04-22 07:20:00,1021.03
2026-04-22 07:30:00,1021.22
2026-04-22 07:40:00,1021.39
2026-04-22 07:50:00,1021.49
2026-04-22 08:00:00,1021.5
2026-04-22 08:10:00,1021.56
2026-04-22 08:20:00,1021.5699999999999
2026-04-22 08:30:00,1021.56
2026-04-22 08:40:00,1021.6899999999999
2026-04-22 08:50:00,1021.6999999999999
2026-04-22 09:00:00,1021.75
2026-04-22 09:10:00,1021.75
2026-04-22 09:20:00,1021.77
2026-04-22 09:30:00,1021.74
2026-04-22 09:40:00,1021.78
2026-04-22 09:50:00,1021.88
2026-04-22 10:00:00,1022.03
2026-04-22 10:10:00,1021.88
2026-04-22 10:20:00,1021.91
2026-04-22 10:30:00,1021.86
2026-04-22 10:40:00,1021.6999999999999
2026-04-22 10:50:00,1021.4
2026-04-22 11:00:00,1021.31
2026-04-22 11:10:00,1021.13
2026-04-22 11:20:00,1021.16
2026-04-22 11:30:00,1021.16
2026-04-22 11:40:00,1020.9599999999999
2026-04-22 11:50:00,1020.76
2026-04-22 12:00:00,1020.56
2026-04-22 12:10:00,1020.34
2026-04-22 12:20:00,1020.2099999999999
2026-04-22 12:30:00,1020.0799999999999
2026-04-22 12:40:00,1019.81
2026-04-22 12:50:00,1019.66
2026-04-22 13:00:00,1019.48
2026-04-22 13:10:00,1019.3
2026-04-22 13:20:00,1019.2099999999999
2026-04-22 13:30:00,1018.86
2026-04-22 13:40:00,1018.48
2026-04-22 13:50:00,1018.15
2026-04-22 14:00:00,1018.02
2026-04-22 14:10:00,1017.93
2026-04-22 14:20:00,1017.86
2026-04-22 14:30:00,1018.01
2026-04-22 14:40:00,1018.06
2026-04-22 14:50:00,1018.13
2026-04-22 15:00:00,1018.09
2026-04-22 15:10:00,1017.99
2026-04-22 15:20:00,1017.97
2026-04-22 15:30:00,1018.02
2026-04-22 15:40:00,1018.12
2026-04-22 15:50:00,1017.98
2026-04-22 16:00:00,1017.91
2026-04-22 16:10:00,1017.87
2026-04-22 16:20:00,1017.8199999999999
2026-04-22 16:30:00,1017.8299999999999
2026-04-22 16:40:00,1017.93
2026-04-22 16:50:00,1017.98
2026-04-22 17:00:00,1018.14
2026-04-22 17:10:00,1018.29
2026-04-22 17:20:00,1018.4399999999999
2026-04-22 17:30:00,1018.49
2026-04-22 17:40:00,1018.39
2026-04-22 17:50:00,1018.51
2026-04-22 18:00:00,1018.68
2026-04-22 18:10:00,1018.79
2026-04-22 18:20:00,1019.02
2026-04-22 18:30:00,1019.09
2026-04-22 18:40:00,1019.13
2026-04-22 18:50:00,1019.3
2026-04-22 19:00:00,1019.48
2026-04-22 19:10:00,1019.31
2026-04-22 19:20:00,1019.4599999999999
2026-04-22 19:30:00,1019.52
2026-04-22 19:40:00,1019.59
2026-04-22 19:50:00,1019.86
2026-04-22 20:00:00,1019.89
2026-04-22 20:10:00,1019.9599999999999
2026-04-22 20:20:00,1019.98
2026-04-22 20:30:00,1020.02
2026-04-22 20:40:00,1020.03
2026-04-22 20:50:00,1020.14
2026-04-22 21:00:00,1020.11
2026-04-22 21:10:00,1020.28
2026-04-22 21:20:00,1020.3199999999999
2026-04-22 21:30:00,1020.4399999999999
2026-04-22 21:40:00,1020.4599999999999
2026-04-22 21:50:00,1020.4599999999999
2026-04-22 22:00:00,1020.4399999999999
2026-04-22 22:10:00,1020.35
2026-04-22 22:20:00,1020.29
2026-04-22 22:30:00,1020.12
2026-04-22 22:40:00,1020.01
2026-04-22 22:50:00,1019.9399999999999
2026-04-22 23:00:00,1019.9399999999999
2026-04-22 23:10:00,1019.7099999999999
2026-04-22 23:20:00,1019.52
2026-04-22 23:30:00,1019.4499999999999
2026-04-22 23:40:00,1019.25
2026-04-22 23:50:00,1019.15
2026-04-23 00:00:00,1019.0799999999999
2026-04-23 00:10:00,1019.01
2026-04-23 00:20:00,1018.85
2026-04-23 00:30:00,1018.6999999999999
2026-04-23 00:40:00,1018.52
2026-04-23 00:50:00,1018.31
2026-04-23 01:00:00,1018.1899999999999
2026-04-23 01:10:00,1018.03
2026-04-23 01:20:00,1017.9499999999999
2026-04-23 01:30:00,1017.8
2026-04-23 01:40:00,1017.6
2026-04-23 01:50:00,1017.52
2026-04-23 02:00:00,1017.38
2026-04-23 02:10:00,1017.37
2026-04-23 02:20:00,1017.23
2026-04-23 02:30:00,1017.16
2026-04-23 02:40:00,1017.2099999999999
2026-04-23 02:50:00,1017.1999999999999
2026-04-23 03:00:00,1017.22
2026-04-23 03:10:00,1017.37
2026-04-23 03:20:00,1017.34
2026-04-23 03:30:00,1017.3199999999999
2026-04-23 03:40:00,1017.4499999999999
2026-04-23 03:50:00,1017.4599999999999
2026-04-23 04:00:00,1017.6
2026-04-23 04:10:00,1017.73
2026-04-23 04:20:00,1017.81
2026-04-23 04:30:00,1017.93
2026-04-23 04:40:00,1018.09
2026-04-23 04:50:00,1018.22
2026-04-23 05:00:00,1018.4
2026-04-23 05:10:00,1018.52
2026-04-23 05:20:00,1018.51
2026-04-23 05:30:00,1018.48
2026-04-23 05:40:00,1018.63
2026-04-23 05:50:00,1018.72
2026-04-23 06:00:00,1018.78
2026-04-23 06:10:00,1018.9599999999999
2026-04-23 06:20:00,1019.18
2026-04-23 06:30:00,1019.42
2026-04-23 06:40:00,1019.6
2026-04-23 06:50:00,1019.8
2026-04-23 07:00:00,1019.97
2026-04-23 07:10:00,1020.04
2026-04-23 07:20:00,1020.1
2026-04-23 07:30:00,1020.02
2026-04-23 07:40:00,1020.0799999999999
2026-04-23 07:50:00,1020.1
2026-04-23 08:00:00,1020.18
2026-04-23 08:10:00,1020.28
2026-04-23 08:20:00,1020.23
2026-04-23 08:30:00,1020.3199999999999
2026-04-23 08:40:00,1020.29
2026-04-23 08:50:00,1020.34
2026-04-23 09:00:00,1020.39
2026-04-23 09:10:00,1020.35
2026-04-23 09:20:00,1020.3199999999999
2026-04-23 09:30:00,1020.54
2026-04-23 09:40:00,1020.49
2026-04-23 09:50:00,1020.38
2026-04-23 10:00:00,1020.2099999999999
2026-04-23 10:10:00,1020.15
2026-04-23 10:20:00,1020.04
2026-04-23 10:30:00,1019.91
2026-04-23 10:40:00,1019.85
2026-04-23 10:50:00,1019.78
2026-04-23 11:00:00,1019.72
2026-04-23 11:10:00,1019.61
2026-04-23 11:20:00,1019.4399999999999
2026-04-23 11:30:00,1019.36
2026-04-23 11:40:00,1019.2099999999999
2026-04-23 11:50:00,1018.98
2026-04-23 12:00:00,1018.61
2026-04-23 12:10:00,1018.47
2026-04-23 12:20:00,1018.3199999999999
2026-04-23 12:30:00,1018.2099999999999
2026-04-23 12:40:00,1018.03
2026-04-23 12:50:00,1017.89
2026-04-23 13:00:00,1017.89
2026-04-23 13:10:00,1017.62
2026-04-23 13:20:00,1017.4399999999999
2026-04-23 13:30:00,1017.34
2026-04-23 13:40:00,1017.29
2026-04-23 13:50:00,1017.0799999999999
2026-04-23 14:00:00,1016.99
2026-04-23 14:10:00,1016.8299999999999
2026-04-23 14:20:00,1016.76
2026-04-23 14:30:00,1016.84
2026-04-23 14:40:00,1016.8199999999999
2026-04-23 14:50:00,1016.79
2026-04-23 15:00:00,1016.77
2026-04-23 15:10:00,1016.64
2026-04-23 15:20:00,1016.54
2026-04-23 15:30:00,1016.56
2026-04-23 15:40:00,1016.6899999999999
2026-04-23 15:50:00,1016.64
2026-04-23 16:00:00,1016.64
2026-04-23 16:10:00,1016.66
2026-04-23 16:20:00,1016.63
2026-04-23 16:30:00,1016.64
2026-04-23 16:40:00,1016.68
2026-04-23 16:50:00,1016.75
2026-04-23 17:00:00,1016.89
2026-04-23 17:10:00,1016.99
2026-04-23 17:20:00,1017.05
2026-04-23 17:30:00,1017.2099999999999
2026-04-23 17:40:00,1017.24
2026-04-23 17:50:00,1017.14
2026-04-23 18:00:00,1017.16
2026-04-23 18:10:00,1017.25
2026-04-23 18:20:00,1017.24
2026-04-23 18:30:00,1017.28
2026-04-23 18:40:00,1017.38
2026-04-23 18:50:00,1017.4499999999999
2026-04-23 19:00:00,1017.62
2026-04-23 19:10:00,1017.72
2026-04-23 19:20:00,1017.76
2026-04-23 19:30:00,1017.72
2026-04-23 19:40:00,1017.77
2026-04-23 19:50:00,1017.84
2026-04-23 20:00:00,1018
2026-04-23 20:20:00,1018.16
2026-04-23 20:30:00,1018.22
2026-04-23 20:40:00,1018.15
2026-04-23 20:50:00,1018.17
2026-04-23 21:00:00,1018.37
2026-04-23 21:10:00,1018.5799999999999
2026-04-23 21:20:00,1018.61
2026-04-23 21:30:00,1018.6
2026-04-23 21:40:00,1018.6899999999999
2026-04-23 21:50:00,1018.81
2026-04-23 22:00:00,1018.68
2026-04-23 22:10:00,1018.73
2026-04-23 22:20:00,1018.64
2026-04-23 22:30:00,1018.49
2026-04-23 22:40:00,1018.52
2026-04-23 22:50:00,1018.49
2026-04-23 23:00:00,1018.41
2026-04-23 23:10:00,1018.3
2026-04-23 23:20:00,1018.13
2026-04-23 23:30:00,1018.04
2026-04-23 23:40:00,1017.9
2026-04-23 23:50:00,1017.64
2026-04-24 00:00:00,1017.48
2026-04-24 00:10:00,1017.47
2026-04-24 00:20:00,1017.48
2026-04-24 00:30:00,1017.35
2026-04-24 00:40:00,1017.3199999999999
2026-04-24 00:50:00,1017.17
2026-04-24 01:00:00,1017.11
2026-04-24 01:10:00,1017.05
2026-04-24 01:20:00,1016.97
2026-04-24 01:30:00,1016.99
2026-04-24 01:40:00,1016.93
2026-04-24 01:50:00,1016.8
2026-04-24 02:00:00,1016.6899999999999
2026-04-24 02:10:00,1016.64
2026-04-24 02:20:00,1016.65
2026-04-24 02:30:00,1016.64
2026-04-24 02:40:00,1016.61
2026-04-24 02:50:00,1016.63
2026-04-24 03:00:00,1016.52
2026-04-24 03:10:00,1016.6
2026-04-24 03:20:00,1016.6
2026-04-24 03:30:00,1016.6
2026-04-24 03:40:00,1016.8
2026-04-24 03:50:00,1017.11
2026-04-24 04:00:00,1017.22
2026-04-24 04:10:00,1017.41
2026-04-24 04:20:00,1017.52
2026-04-24 04:30:00,1017.61
2026-04-24 04:40:00,1017.68
2026-04-24 04:50:00,1017.76
2026-04-24 05:00:00,1017.79
2026-04-24 05:10:00,1017.88
2026-04-24 05:20:00,1017.8
2026-04-24 05:30:00,1017.8199999999999
2026-04-24 05:40:00,1017.88
2026-04-24 05:50:00,1017.87
2026-04-24 06:00:00,1017.98
2026-04-24 06:10:00,1018.0699999999999
2026-04-24 06:20:00,1018.06
2026-04-24 06:30:00,1018.18
2026-04-24 06:40:00,1018.25
2026-04-24 06:50:00,1018.5
2026-04-24 07:00:00,1018.64
2026-04-24 07:10:00,1018.99
2026-04-24 07:20:00,1019.15
2026-04-24 07:30:00,1019.27
2026-04-24 07:40:00,1019.37
2026-04-24 07:50:00,1019.53
2026-04-24 08:00:00,1019.3199999999999
2026-04-24 08:10:00,1019.47
2026-04-24 08:20:00,1019.41
2026-04-24 08:30:00,1019.34
2026-04-24 08:40:00,1019.43
2026-04-24 08:50:00,1019.54
2026-04-24 09:00:00,1019.52
2026-04-24 09:10:00,1019.42
2026-04-24 09:20:00,1019.3
2026-04-24 09:30:00,1019.4
2026-04-24 09:40:00,1019.4599999999999
2026-04-24 09:50:00,1019.36
2026-04-24 10:00:00,1019.31
2026-04-24 10:10:00,1019.4499999999999
2026-04-24 10:20:00,1019.41
2026-04-24 10:30:00,1019.39
2026-04-24 10:40:00,1019.3
2026-04-24 10:50:00,1019.2099999999999
2026-04-24 11:00:00,1019.0699999999999
2026-04-24 11:10:00,1018.9399999999999
2026-04-24 11:20:00,1018.8299999999999
2026-04-24 11:30:00,1018.6899999999999
2026-04-24 11:40:00,1018.4
2026-04-24 11:50:00,1018.17
2026-04-24 12:00:00,1017.92
2026-04-24 12:10:00,1017.65
2026-04-24 12:20:00,1017.38
2026-04-24 12:30:00,1017.1899999999999
2026-04-24 12:40:00,1017.05
2026-04-24 12:50:00,1016.9599999999999
2026-04-24 13:00:00,1016.77
2026-04-24 13:10:00,1016.63
2026-04-24 13:20:00,1016.41
2026-04-24 13:30:00,1016.38
2026-04-24 13:40:00,1016.25
2026-04-24 13:50:00,1016.15
2026-04-24 14:00:00,1016.0699999999999
2026-04-24 14:10:00,1015.93
2026-04-24 14:20:00,1015.84
2026-04-24 14:30:00,1015.66
2026-04-24 14:40:00,1015.4399999999999
2026-04-24 14:50:00,1015.3299999999999
2026-04-24 15:00:00,1015.34
2026-04-24 15:10:00,1015.31
2026-04-24 15:20:00,1015.29
2026-04-24 15:30:00,1015.36
2026-04-24 15:40:00,1015.49
2026-04-24 15:50:00,1015.48
2026-04-24 16:00:00,1015.47
2026-04-24 16:10:00,1015.4599999999999
2026-04-24 16:20:00,1015.62
2026-04-24 16:30:00,1015.8
2026-04-24 16:40:00,1015.9
2026-04-24 16:50:00,1015.98
2026-04-24 17:00:00,1016.03
2026-04-24 17:10:00,1016.0799999999999
2026-04-24 17:20:00,1016.18
2026-04-24 17:30:00,1016.28
2026-04-24 17:40:00,1016.43
2026-04-24 17:50:00,1016.39
2026-04-24 18:00:00,1016.63
2026-04-24 18:10:00,1016.75
2026-04-24 18:20:00,1016.9499999999999
2026-04-24 18:30:00,1017.0799999999999
2026-04-24 18:40:00,1017.01
2026-04-24 18:50:00,1017.02
2026-04-24 19:00:00,1016.9499999999999
2026-04-24 19:10:00,1016.89
2026-04-24 19:20:00,1016.86
2026-04-24 19:30:00,1016.8
2026-04-24 19:40:00,1016.67
2026-04-24 19:50:00,1016.74
2026-04-24 20:00:00,1016.75
2026-04-24 20:10:00,1016.72
2026-04-24 20:20:00,1016.8199999999999
2026-04-24 20:30:00,1016.9599999999999
2026-04-24 20:40:00,1016.9599999999999
2026-04-24 20:50:00,1017.11
2026-04-24 21:00:00,1017.3199999999999
2026-04-24 21:10:00,1017.47
2026-04-24 21:20:00,1017.49
2026-04-24 21:30:00,1017.59
2026-04-24 21:40:00,1017.62
2026-04-24 21:50:00,1017.6
2026-04-24 22:00:00,1017.68
2026-04-24 22:10:00,1017.5699999999999
2026-04-24 22:20:00,1017.51
2026-04-24 22:30:00,1017.48
2026-04-24 22:40:00,1017.39
2026-04-24 22:50:00,1017.25
2026-04-24 23:00:00,1017.24
2026-04-24 23:10:00,1017.12
2026-04-24 23:20:00,1017.02
2026-04-24 23:30:00,1016.9
2026-04-24 23:40:00,1016.78
2026-04-24 23:50:00,1016.64
2026-04-25 00:00:00,1016.38
2026-04-25 00:10:00,1016.18
2026-04-25 00:20:00,1016.15
2026-04-25 00:30:00,1016.0699999999999
2026-04-25 00:40:00,1015.88
2026-04-25 00:50:00,1015.79
2026-04-25 01:00:00,1015.6999999999999
2026-04-25 01:10:00,1015.6
2026-04-25 01:20:00,1015.6
2026-04-25 01:30:00,1015.49
2026-04-25 01:40:00,1015.41
2026-04-25 01:50:00,1015.3299999999999
2026-04-25 02:00:00,1015.3299999999999
2026-04-25 02:10:00,1015.35
2026-04-25 02:20:00,1015.22
2026-04-25 02:30:00,1015.22
2026-04-25 02:40:00,1015.2099999999999
2026-04-25 02:50:00,1015.26
2026-04-25 03:00:00,1015.3199999999999
2026-04-25 03:10:00,1015.54
2026-04-25 03:20:00,1015.59
2026-04-25 03:30:00,1015.67
2026-04-25 03:40:00,1015.6999999999999
2026-04-25 03:50:00,1015.85
2026-04-25 04:00:00,1015.91
2026-04-25 04:10:00,1016.0799999999999
2026-04-25 04:20:00,1016.14
2026-04-25 04:30:00,1016.3199999999999
2026-04-25 04:40:00,1016.49
2026-04-25 04:50:00,1016.54
2026-04-25 05:00:00,1016.63
2026-04-25 05:10:00,1016.56
2026-04-25 05:20:00,1016.64
2026-04-25 05:30:00,1016.7099999999999
2026-04-25 05:40:00,1016.85
2026-04-25 05:50:00,1016.9499999999999
2026-04-25 06:00:00,1017.14
2026-04-25 06:10:00,1017.18
2026-04-25 06:20:00,1017.36
2026-04-25 06:30:00,1017.54
2026-04-25 06:40:00,1017.73
2026-04-25 06:50:00,1017.93
2026-04-25 07:00:00,1018.13
2026-04-25 07:10:00,1018.37
2026-04-25 07:20:00,1018.36
2026-04-25 07:30:00,1018.54
2026-04-25 07:40:00,1018.64
2026-04-25 07:50:00,1018.66
2026-04-25 08:00:00,1018.68
2026-04-25 08:10:00,1018.8299999999999
2026-04-25 08:20:00,1018.85
2026-04-25 08:30:00,1018.84
2026-04-25 08:40:00,1018.89
2026-04-25 08:50:00,1018.74
2026-04-25 09:00:00,1018.68
2026-04-25 09:10:00,1018.64
2026-04-25 09:20:00,1018.6
2026-04-25 09:30:00,1018.51
2026-04-25 09:40:00,1018.51
2026-04-25 09:50:00,1018.51
2026-04-25 10:00:00,1018.43
2026-04-25 10:10:00,1018.51
2026-04-25 10:20:00,1018.4499999999999
2026-04-25 10:30:00,1018.47
2026-04-25 10:40:00,1018.39
2026-04-25 10:50:00,1018.38
2026-04-25 11:00:00,1018.3199999999999
2026-04-25 11:10:00,1018.24
2026-04-25 11:20:00,1018.04
2026-04-25 11:30:00,1017.84
2026-04-25 11:40:00,1017.7099999999999
2026-04-25 11:50:00,1017.37
2026-04-25 12:00:00,1017.1999999999999
2026-04-25 12:10:00,1016.97
2026-04-25 12:20:00,1016.79
2026-04-25 12:30:00,1016.62
2026-04-25 12:40:00,1016.43
2026-04-25 12:50:00,1016.3
2026-04-25 13:00:00,1016.18
2026-04-25 13:10:00,1016.01
2026-04-25 13:20:00,1015.9599999999999
2026-04-25 13:30:00,1015.86
2026-04-25 13:40:00,1015.56
2026-04-25 13:50:00,1015.38
2026-04-25 14:00:00,1015.24
2026-04-25 14:10:00,1015.11
2026-04-25 14:20:00,1015.11
2026-04-25 14:30:00,1014.88
2026-04-25 14:40:00,1014.86
2026-04-25 14:50:00,1014.81
2026-04-25 15:00:00,1014.62
2026-04-25 15:10:00,1014.48
2026-04-25 15:20:00,1014.6
2026-04-25 15:30:00,1014.63
2026-04-25 15:40:00,1014.5799999999999
2026-04-25 15:50:00,1014.65
2026-04-25 16:00:00,1014.6999999999999
2026-04-25 16:10:00,1014.74
2026-04-25 16:20:00,1014.73
2026-04-25 16:30:00,1014.74
2026-04-25 16:40:00,1014.88
2026-04-25 16:50:00,1015.0799999999999
2026-04-25 17:00:00,1015.31
2026-04-25 17:10:00,1015.38
2026-04-25 17:20:00,1015.51
2026-04-25 17:30:00,1015.67
2026-04-25 17:40:00,1015.67
2026-04-25 17:50:00,1015.6899999999999
2026-04-25 18:00:00,1015.6
2026-04-25 18:10:00,1015.6899999999999
2026-04-25 18:20:00,1015.6999999999999
2026-04-25 18:30:00,1015.68
2026-04-25 18:40:00,1015.62
2026-04-25 18:50:00,1015.86
2026-04-25 19:00:00,1016.18
2026-04-25 19:10:00,1016.28
2026-04-25 19:20:00,1016.3199999999999
2026-04-25 19:30:00,1016.31
2026-04-25 19:40:00,1016.38
2026-04-25 19:50:00,1016.47
2026-04-25 20:00:00,1016.59
2026-04-25 20:20:00,1016.53
2026-04-25 20:30:00,1016.64
2026-04-25 20:40:00,1016.8199999999999
2026-04-25 20:50:00,1016.8299999999999
2026-04-25 21:00:00,1017.02
2026-04-25 21:10:00,1017.03
2026-04-25 21:20:00,1017.06
2026-04-25 21:30:00,1016.97
2026-04-25 21:40:00,1016.93
2026-04-25 21:50:00,1016.98
2026-04-25 22:00:00,1016.9399999999999
2026-04-25 22:10:00,1017
2026-04-25 22:20:00,1017.03
2026-04-25 22:30:00,1016.98
2026-04-25 22:40:00,1016.9399999999999
2026-04-25 22:50:00,1016.9
2026-04-25 23:00:00,1016.74
2026-04-25 23:50:00,1016.3299999999999
2026-04-26 00:00:00,1016.24
2026-04-26 00:10:00,1016.23
2026-04-26 00:20:00,1016.25
2026-04-26 00:30:00,1016.0699999999999
2026-04-26 00:40:00,1016
2026-04-26 00:50:00,1016
2026-04-26 01:00:00,1015.78
2026-04-26 01:10:00,1015.66
2026-04-26 01:20:00,1015.5699999999999
2026-04-26 01:30:00,1015.43
2026-04-26 01:40:00,1015.3199999999999
2026-04-26 01:50:00,1015.34
2026-04-26 02:00:00,1015.24
2026-04-26 02:10:00,1015.24
2026-04-26 02:20:00,1015.22
2026-04-26 02:30:00,1015.22
2026-04-26 02:40:00,1015.0799999999999
2026-04-26 02:50:00,1015.01
2026-04-26 03:00:00,1015.0799999999999
2026-04-26 03:10:00,1015.12
2026-04-26 03:20:00,1015.22
2026-04-26 03:30:00,1015.24
2026-04-26 03:40:00,1015.35
2026-04-26 03:50:00,1015.4499999999999
2026-04-26 04:00:00,1015.4599999999999
2026-04-26 04:10:00,1015.5799999999999
2026-04-26 04:20:00,1015.67
2026-04-26 04:30:00,1015.79
2026-04-26 04:40:00,1015.88
2026-04-26 04:50:00,1015.9399999999999
2026-04-26 05:00:00,1016.14
2026-04-26 05:10:00,1016.17
2026-04-26 05:20:00,1016.42
2026-04-26 05:30:00,1016.53
2026-04-26 05:40:00,1016.66
2026-04-26 05:50:00,1016.76
2026-04-26 06:00:00,1017.02
2026-04-26 06:10:00,1017.26
2026-04-26 06:20:00,1017.4499999999999
2026-04-26 06:30:00,1017.6899999999999
2026-04-26 06:40:00,1017.9599999999999
2026-04-26 06:50:00,1018.09
2026-04-26 07:00:00,1018.18
2026-04-26 07:10:00,1018.3299999999999
2026-04-26 07:20:00,1018.42
2026-04-26 07:30:00,1018.5699999999999
2026-04-26 07:40:00,1018.66
2026-04-26 07:50:00,1018.81
2026-04-26 08:00:00,1018.91
2026-04-26 08:10:00,1018.87
2026-04-26 08:20:00,1018.99
2026-04-26 08:30:00,1018.92
2026-04-26 08:40:00,1018.75
2026-04-26 08:50:00,1018.79
2026-04-26 09:00:00,1018.75
2026-04-26 09:10:00,1018.8299999999999
2026-04-26 09:20:00,1018.8
2026-04-26 09:30:00,1018.79
2026-04-26 09:40:00,1018.72
2026-04-26 09:50:00,1018.56
2026-04-26 10:00:00,1018.52
2026-04-26 10:10:00,1018.42
2026-04-26 10:20:00,1018.34
2026-04-26 10:30:00,1018.28
2026-04-26 10:40:00,1018.14
2026-04-26 10:50:00,1018.06
2026-04-26 11:00:00,1017.87
2026-04-26 11:10:00,1017.5699999999999
2026-04-26 11:20:00,1017.3
2026-04-26 11:30:00,1017.25
2026-04-26 11:40:00,1017.11
2026-04-26 11:50:00,1016.97
2026-04-26 12:00:00,1016.8299999999999
2026-04-26 12:10:00,1016.6999999999999
2026-04-26 12:20:00,1016.54
2026-04-26 12:30:00,1016.24
2026-04-26 12:40:00,1016.14
2026-04-26 12:50:00,1016.12
2026-04-26 13:00:00,1015.9
2026-04-26 13:10:00,1015.66
2026-04-26 13:20:00,1015.55
2026-04-26 13:30:00,1015.41
2026-04-26 13:40:00,1015.22
2026-04-26 13:50:00,1015.25
2026-04-26 14:00:00,1015.1999999999999
2026-04-26 14:10:00,1015.16
2026-04-26 14:20:00,1015.12
2026-04-26 14:30:00,1014.99
2026-04-26 14:40:00,1014.79
2026-04-26 14:50:00,1014.91
2026-04-26 15:00:00,1014.84
2026-04-26 15:10:00,1014.74
2026-04-26 15:20:00,1014.74
2026-04-26 15:30:00,1014.66
2026-04-26 15:40:00,1014.76
2026-04-26 15:50:00,1014.9
2026-04-26 16:00:00,1014.87
2026-04-26 16:10:00,1014.97
2026-04-26 16:20:00,1015.11
2026-04-26 16:30:00,1015.11
2026-04-26 16:40:00,1015.1899999999999
2026-04-26 16:50:00,1015.09
2026-04-26 17:00:00,1015.23
2026-04-26 17:10:00,1015.25
2026-04-26 17:20:00,1015.36
2026-04-26 17:30:00,1015.39
2026-04-26 17:40:00,1015.67
2026-04-26 17:50:00,1015.8
2026-04-26 18:00:00,1015.92
2026-04-26 18:10:00,1016.01
2026-04-26 18:20:00,1016.09
2026-04-26 18:30:00,1016.18
2026-04-26 18:40:00,1016.3299999999999
2026-04-26 18:50:00,1016.4
2026-04-26 19:00:00,1016.39
2026-04-26 19:10:00,1016.41
2026-04-26 19:20:00,1016.63
2026-04-26 19:30:00,1016.65
2026-04-26 19:40:00,1016.8299999999999
2026-04-26 19:50:00,1016.97
2026-04-26 20:00:00,1017.06
2026-04-26 20:10:00,1017.0699999999999
2026-04-26 20:20:00,1017.06
2026-04-26 20:30:00,1017.15
2026-04-26 20:40:00,1017.3199999999999
2026-04-26 20:50:00,1017.42
2026-04-26 21:00:00,1017.49
2026-04-26 21:10:00,1017.54
2026-04-26 21:20:00,1017.63
2026-04-26 21:30:00,1017.5799999999999
2026-04-26 21:40:00,1017.62
2026-04-26 21:50:00,1017.66
2026-04-26 22:00:00,1017.76
2026-04-26 22:10:00,1017.76
2026-04-26 22:20:00,1017.74
2026-04-26 22:30:00,1017.61
2026-04-26 22:40:00,1017.62
2026-04-26 22:50:00,1017.42
2026-04-26 23:00:00,1017.3
2026-04-26 23:10:00,1017.1899999999999
2026-04-26 23:20:00,1016.99
2026-04-26 23:30:00,1016.89
2026-04-26 23:40:00,1016.85
2026-04-26 23:50:00,1016.91
2026-04-27 00:00:00,1016.9399999999999
2026-04-27 00:10:00,1017.03
2026-04-27 00:20:00,1016.89
2026-04-27 00:30:00,1016.77
2026-04-27 00:40:00,1016.55
2026-04-27 00:50:00,1016.4599999999999
2026-04-27 01:00:00,1016.31
2026-04-27 01:10:00,1016.4399999999999
2026-04-27 01:20:00,1016.16
2026-04-27 01:30:00,1016.1899999999999
2026-04-27 01:40:00,1016.1
2026-04-27 01:50:00,1015.93
2026-04-27 02:00:00,1015.85
2026-04-27 02:10:00,1015.78
2026-04-27 02:20:00,1015.76
2026-04-27 02:30:00,1015.76
2026-04-27 02:40:00,1015.93
2026-04-27 02:50:00,1015.9599999999999
2026-04-27 03:00:00,1015.9599999999999
2026-04-27 03:10:00,1016.0699999999999
2026-04-27 03:20:00,1016.27
2026-04-27 03:30:00,1016.4499999999999
2026-04-27 03:40:00,1016.5799999999999
2026-04-27 03:50:00,1016.63
2026-04-27 04:00:00,1016.75
2026-04-27 04:10:00,1016.9499999999999
2026-04-27 04:20:00,1017
2026-04-27 04:30:00,1017.09
2026-04-27 04:40:00,1017.1899999999999
2026-04-27 04:50:00,1017.27
2026-04-27 05:00:00,1017.31
2026-04-27 05:10:00,1017.53
2026-04-27 05:20:00,1017.56
2026-04-27 05:30:00,1017.66
2026-04-27 05:40:00,1017.59
2026-04-27 05:50:00,1017.67
2026-04-27 06:00:00,1017.85
2026-04-27 06:10:00,1018.12
2026-04-27 06:20:00,1018.22
2026-04-27 06:30:00,1018.36
2026-04-27 06:40:00,1018.62
2026-04-27 06:50:00,1018.8199999999999
2026-04-27 07:00:00,1018.97
2026-04-27 07:10:00,1019.16
2026-04-27 07:20:00,1019.36
2026-04-27 07:30:00,1019.48
2026-04-27 07:40:00,1019.5799999999999
2026-04-27 07:50:00,1019.48
2026-04-27 08:00:00,1019.5
2026-04-27 08:10:00,1019.51
2026-04-27 08:20:00,1019.56
2026-04-27 08:30:00,1019.6
2026-04-27 08:40:00,1019.6999999999999
2026-04-27 08:50:00,1019.67
2026-04-27 09:00:00,1019.62
2026-04-27 09:10:00,1019.75
2026-04-27 09:20:00,1019.5799999999999
2026-04-27 09:30:00,1019.37
2026-04-27 09:40:00,1019.4599999999999
2026-04-27 09:50:00,1019.3199999999999
2026-04-27 10:00:00,1019.3299999999999
2026-04-27 11:00:00,1019.3299999999999
2026-04-27 11:10:00,1019.15
2026-04-27 11:20:00,1019.1
2026-04-27 11:30:00,1018.9
2026-04-27 11:40:00,1018.8199999999999
2026-04-27 11:50:00,1018.73
2026-04-27 12:00:00,1018.77
2026-04-27 12:10:00,1018.41
2026-04-27 13:00:00,1017.59
2026-04-27 13:10:00,1017.22
2026-04-27 13:20:00,1017.1
2026-04-27 13:30:00,1016.98
2026-04-27 13:40:00,1016.8
2026-04-27 13:50:00,1016.6999999999999
2026-04-27 14:00:00,1016.5
2026-04-27 14:10:00,1016.55
2026-04-27 14:20:00,1016.61
2026-04-27 14:30:00,1016.53
2026-04-27 14:40:00,1016.34
2026-04-27 14:50:00,1016.4499999999999
2026-04-27 15:00:00,1016.22
2026-04-27 15:10:00,1016.1999999999999
2026-04-27 15:20:00,1016.27
2026-04-27 15:30:00,1016.34
2026-04-27 15:40:00,1016.25
2026-04-27 15:50:00,1016.24
2026-04-27 16:00:00,1016.16
2026-04-27 16:10:00,1016.38
2026-04-27 16:20:00,1016.4499999999999
2026-04-27 16:30:00,1016.62
2026-04-27 16:40:00,1016.59
2026-04-27 16:50:00,1016.62
2026-04-27 17:00:00,1016.66
2026-04-27 17:10:00,1016.79
2026-04-27 17:20:00,1016.91
2026-04-27 17:30:00,1017.12
2026-04-27 17:40:00,1017.3299999999999
2026-04-27 17:50:00,1017.42
2026-04-27 18:00:00,1017.51
2026-04-27 18:10:00,1017.4599999999999
2026-04-27 18:20:00,1017.56
2026-04-27 18:30:00,1017.72
2026-04-27 18:40:00,1017.87
2026-04-27 18:50:00,1017.91
2026-04-27 19:00:00,1017.93
2026-04-27 19:10:00,1017.98
2026-04-27 19:20:00,1018.15
2026-04-27 19:30:00,1017.97
2026-04-27 19:40:00,1018.16
2026-04-27 19:50:00,1018.2099999999999
2026-04-27 20:00:00,1018.4499999999999
2026-04-27 20:10:00,1018.47
2026-04-27 20:20:00,1018.56
2026-04-27 20:30:00,1018.66
2026-04-27 20:40:00,1018.67
2026-04-27 20:50:00,1018.76
2026-04-27 21:00:00,1018.79
2026-04-27 21:10:00,1018.9499999999999
2026-04-27 21:20:00,1019.01
2026-04-27 21:30:00,1019.1
2026-04-27 21:40:00,1019.25
2026-04-27 21:50:00,1019.31
2026-04-27 22:00:00,1019.4
2026-04-27 22:50:00,1019.23
2026-04-27 23:00:00,1019.15
2026-04-27 23:10:00,1019.01
2026-04-27 23:20:00,1018.97
2026-04-27 23:30:00,1018.78
2026-04-27 23:40:00,1018.74
2026-04-27 23:50:00,1018.74
2026-04-28 00:00:00,1018.67
2026-04-28 00:10:00,1018.54
2026-04-28 00:20:00,1018.56
2026-04-28 00:30:00,1018.48
2026-04-28 00:40:00,1018.36
2026-04-28 00:50:00,1018.2099999999999
2026-04-28 01:00:00,1018.16
2026-04-28 01:10:00,1018.0799999999999
2026-04-28 01:20:00,1017.98
2026-04-28 01:30:00,1017.9
2026-04-28 01:40:00,1017.77
2026-04-28 01:50:00,1017.87
2026-04-28 02:00:00,1017.73
2026-04-28 02:10:00,1017.59
2026-04-28 02:20:00,1017.63
2026-04-28 02:30:00,1017.56
2026-04-28 02:40:00,1017.5699999999999
2026-04-28 02:50:00,1017.5
2026-04-28 03:00:00,1017.4499999999999
2026-04-28 03:10:00,1017.38
2026-04-28 03:20:00,1017.4599999999999
2026-04-28 03:30:00,1017.59
2026-04-28 03:40:00,1017.63
2026-04-28 03:50:00,1017.6899999999999
2026-04-28 04:00:00,1017.8199999999999
2026-04-28 04:10:00,1017.97
2026-04-28 04:20:00,1018.17
2026-04-28 04:30:00,1018.22
2026-04-28 04:40:00,1018.3
2026-04-28 04:50:00,1018.37
2026-04-28 05:00:00,1018.51
2026-04-28 05:10:00,1018.52
2026-04-28 05:20:00,1018.64
2026-04-28 05:30:00,1018.78
2026-04-28 05:40:00,1018.9
2026-04-28 05:50:00,1019.02
2026-04-28 06:00:00,1019.22
2026-04-28 06:10:00,1019.39
2026-04-28 06:20:00,1019.55
2026-04-28 06:30:00,1019.8199999999999
2026-04-28 06:40:00,1019.98
2026-04-28 06:50:00,1019.97
2026-04-28 07:00:00,1020.02
2026-04-28 07:10:00,1020.17
2026-04-28 07:20:00,1020.13
2026-04-28 07:30:00,1020.31
2026-04-28 07:40:00,1020.24
2026-04-28 07:50:00,1020.29
2026-04-28 08:00:00,1020.3
2026-04-28 08:10:00,1020.41
2026-04-28 08:20:00,1020.48
2026-04-28 08:30:00,1020.48
2026-04-28 08:40:00,1020.39
2026-04-28 08:50:00,1020.43
2026-04-28 09:00:00,1020.4499999999999
2026-04-28 09:10:00,1020.34
2026-04-28 09:20:00,1020.3199999999999
2026-04-28 09:30:00,1020.1899999999999
2026-04-28 09:40:00,1020.1
2026-04-28 09:50:00,1020.13
2026-04-28 10:00:00,1020.1
2026-04-28 10:10:00,1020.17
2026-04-28 10:20:00,1020.14
2026-04-28 10:30:00,1020.06
2026-04-28 10:40:00,1020.15
2026-04-28 10:50:00,1019.97
2026-04-28 11:00:00,1019.99
2026-04-28 11:10:00,1019.85
2026-04-28 11:20:00,1019.79
2026-04-28 11:30:00,1019.63
2026-04-28 11:40:00,1019.49
2026-04-28 11:50:00,1019.36
2026-04-28 12:00:00,1019.12
2026-04-28 12:10:00,1019.01
2026-04-28 12:20:00,1018.86
2026-04-28 12:30:00,1018.8
2026-04-28 12:40:00,1018.61
2026-04-28 12:50:00,1018.4599999999999
2026-04-28 13:00:00,1018.25
2026-04-28 13:10:00,1018.12
2026-04-28 13:20:00,1018.0799999999999
2026-04-28 13:30:00,1017.87
2026-04-28 13:40:00,1017.78
2026-04-28 13:50:00,1017.62
2026-04-28 14:00:00,1017.43
2026-04-28 14:10:00,1017.35
2026-04-28 14:20:00,1017.26
2026-04-28 14:30:00,1017.31
2026-04-28 14:40:00,1017.3
2026-04-28 14:50:00,1017.1999999999999
2026-04-28 15:00:00,1017.01
2026-04-28 15:10:00,1016.93
2026-04-28 15:20:00,1016.93
2026-04-28 15:30:00,1016.92
2026-04-28 15:40:00,1016.84
2026-04-28 15:50:00,1016.67
2026-04-28 16:00:00,1016.79
2026-04-28 16:10:00,1017.01
2026-04-28 16:20:00,1017.06
2026-04-28 16:30:00,1017.05
2026-04-28 16:40:00,1017.09
2026-04-28 16:50:00,1017.22
2026-04-28 17:00:00,1017.23
2026-04-28 17:10:00,1017.27
2026-04-28 17:20:00,1017.35
2026-04-28 17:30:00,1017.4399999999999
2026-04-28 17:40:00,1017.51
2026-04-28 17:50:00,1017.56
2026-04-28 18:00:00,1017.73
2026-04-28 18:10:00,1017.88
2026-04-28 18:20:00,1017.98
2026-04-28 18:30:00,1018.18
2026-04-28 18:40:00,1018.15
2026-04-28 18:50:00,1018.02
2026-04-28 19:00:00,1018.23
2026-04-28 19:10:00,1018.4399999999999
2026-04-28 19:20:00,1018.62
2026-04-28 19:30:00,1018.8
2026-04-28 19:40:00,1018.9599999999999
2026-04-28 19:50:00,1018.9
2026-04-28 20:00:00,1018.98
2026-04-28 20:10:00,1019.1999999999999
2026-04-28 20:20:00,1019.18
2026-04-28 20:30:00,1019.3
2026-04-28 20:40:00,1019.35
2026-04-28 20:50:00,1019.4599999999999
2026-04-28 21:00:00,1019.55
2026-04-28 21:10:00,1019.51
2026-04-28 21:20:00,1019.54
2026-04-28 21:30:00,1019.61
2026-04-28 21:40:00,1019.6899999999999
2026-04-28 21:50:00,1019.6899999999999
2026-04-28 22:00:00,1019.75
2026-04-28 22:10:00,1019.62
2026-04-28 22:20:00,1019.6
2026-04-28 22:30:00,1019.55
2026-04-28 22:40:00,1019.4599999999999
2026-04-28 22:50:00,1019.3
2026-04-28 23:00:00,1019.17
2026-04-28 23:10:00,1019.09
2026-04-28 23:20:00,1018.9499999999999
2026-04-28 23:30:00,1018.8
2026-04-28 23:40:00,1018.7099999999999
2026-04-28 23:50:00,1018.5
2026-04-29 00:00:00,1018.38
2026-04-29 00:10:00,1018.29
2026-04-29 00:20:00,1018.11
2026-04-29 00:30:00,1018.02
2026-04-29 00:40:00,1017.86
2026-04-29 00:50:00,1017.6899999999999
2026-04-29 01:00:00,1017.63
2026-04-29 01:10:00,1017.51
2026-04-29 01:20:00,1017.47
2026-04-29 01:30:00,1017.37
2026-04-29 01:40:00,1017.16
2026-04-29 01:50:00,1017.12
2026-04-29 02:00:00,1017.12
2026-04-29 02:10:00,1016.88
2026-04-29 02:20:00,1016.77
2026-04-29 02:30:00,1016.68
2026-04-29 02:40:00,1016.85
2026-04-29 02:50:00,1016.76
2026-04-29 03:00:00,1016.81
2026-04-29 03:10:00,1016.85
2026-04-29 03:20:00,1016.7099999999999
2026-04-29 03:30:00,1016.6999999999999
2026-04-29 03:40:00,1016.7099999999999
2026-04-29 03:50:00,1016.54
2026-04-29 04:00:00,1016.63
2026-04-29 04:10:00,1016.76
2026-04-29 04:20:00,1016.77
2026-04-29 04:30:00,1016.91
2026-04-29 04:40:00,1016.91
2026-04-29 04:50:00,1017.06
2026-04-29 05:00:00,1017.06
2026-04-29 05:10:00,1016.86
2026-04-29 05:20:00,1016.9
2026-04-29 05:30:00,1017.12
2026-04-29 05:40:00,1017.28
2026-04-29 05:50:00,1017.3
2026-04-29 06:00:00,1017.39
2026-04-29 06:10:00,1017.49
2026-04-29 06:20:00,1017.55
2026-04-29 06:30:00,1017.67
2026-04-29 06:40:00,1017.93
2026-04-29 06:50:00,1017.98
2026-04-29 07:00:00,1018.14
2026-04-29 07:10:00,1018.17
2026-04-29 07:20:00,1018.22
2026-04-29 07:30:00,1018.24
2026-04-29 07:40:00,1018.22
2026-04-29 07:50:00,1018.27
2026-04-29 08:00:00,1018.31
2026-04-29 08:10:00,1018.3199999999999
2026-04-29 08:20:00,1018.41
2026-04-29 08:30:00,1018.54
2026-04-29 08:40:00,1018.47
2026-04-29 08:50:00,1018.55
2026-04-29 09:00:00,1018.47
2026-04-29 09:10:00,1018.55
2026-04-29 09:20:00,1018.48
2026-04-29 09:30:00,1018.53
2026-04-29 09:40:00,1018.34
2026-04-29 09:50:00,1018.23
2026-04-29 10:00:00,1018.29
2026-04-29 10:10:00,1018.18
2026-04-29 10:20:00,1018.14
2026-04-29 10:30:00,1017.97
2026-04-29 10:40:00,1017.85
2026-04-29 10:50:00,1017.78
2026-04-29 11:00:00,1017.68
2026-04-29 11:10:00,1017.65
2026-04-29 11:20:00,1017.5
2026-04-29 11:30:00,1017.4499999999999
2026-04-29 11:40:00,1017.3
2026-04-29 11:50:00,1017.18
2026-04-29 12:00:00,1017.14
2026-04-29 12:10:00,1016.9399999999999
2026-04-29 12:20:00,1016.8299999999999
2026-04-29 12:30:00,1016.6
2026-04-29 12:40:00,1016.54
2026-04-29 12:50:00,1016.53
2026-04-29 13:00:00,1016.41
2026-04-29 13:10:00,1016.3
2026-04-29 13:20:00,1016.0699999999999
2026-04-29 13:30:00,1016
2026-04-29 13:40:00,1015.76
2026-04-29 13:50:00,1015.7099999999999
2026-04-29 14:00:00,1015.54
2026-04-29 14:10:00,1015.3
2026-04-29 14:20:00,1015.17
2026-04-29 14:30:00,1015.09
2026-04-29 14:40:00,1015.0699999999999
2026-04-29 14:50:00,1015.02
2026-04-29 15:00:00,1014.91
2026-04-29 15:10:00,1014.78
2026-04-29 15:20:00,1014.72
2026-04-29 15:30:00,1014.6899999999999
2026-04-29 15:40:00,1014.6999999999999
2026-04-29 15:50:00,1014.6999999999999
2026-04-29 16:00:00,1014.55
2026-04-29 16:10:00,1014.54
2026-04-29 16:20:00,1014.59
2026-04-29 16:30:00,1014.5
2026-04-29 16:40:00,1014.53
2026-04-29 16:50:00,1014.63
2026-04-29 17:00:00,1014.78
2026-04-29 17:10:00,1014.92
2026-04-29 17:20:00,1015.09
2026-04-29 17:30:00,1015.29
2026-04-29 17:40:00,1015.24
2026-04-29 17:50:00,1015.34
2026-04-29 18:00:00,1015.48
2026-04-29 18:10:00,1015.66
2026-04-29 18:20:00,1015.84
2026-04-29 18:30:00,1015.92
2026-04-29 18:40:00,1015.97
2026-04-29 18:50:00,1015.97
2026-04-29 19:00:00,1016.13
2026-04-29 19:10:00,1016.4399999999999
2026-04-29 19:20:00,1016.48
2026-04-29 19:30:00,1016.52
2026-04-29 19:40:00,1016.5799999999999
2026-04-29 19:50:00,1016.74
2026-04-29 20:00:00,1016.88
2026-04-29 20:10:00,1016.91
2026-04-29 20:20:00,1017.18
2026-04-29 20:30:00,1017.12
2026-04-29 20:40:00,1017.1899999999999
2026-04-29 20:50:00,1017.43
2026-04-29 21:00:00,1017.54
2026-04-29 21:10:00,1017.51
2026-04-29 21:20:00,1017.47
2026-04-29 21:30:00,1017.42
2026-04-29 21:40:00,1017.43
2026-04-29 22:30:00,1017.15
2026-04-29 22:40:00,1017.11
2026-04-29 22:50:00,1016.91
2026-04-29 23:00:00,1016.97
2026-04-29 23:10:00,1016.9999999999999
2026-04-29 23:20:00,1016.8299999999999
2026-04-29 23:30:00,1016.68
2026-04-29 23:40:00,1016.66
2026-04-29 23:50:00,1016.62
2026-04-30 00:00:00,1016.56
2026-04-30 00:10:00,1016.5799999999999
2026-04-30 00:20:00,1016.55
2026-04-30 00:30:00,1016.5
2026-04-30 00:40:00,1016.4753846153848
2026-04-30 00:50:00,1016.2636363636364
2026-04-30 01:00:00,1016.1053846153847
2026-04-30 01:10:00,1016.15
2026-04-30 01:20:00,1016.15
2026-04-30 01:30:00,1016.01
2026-04-30 01:40:00,1015.91
2026-04-30 01:50:00,1015.65
2026-04-30 02:00:00,1015.52
2026-04-30 02:10:00,1015.4599999999999
2026-04-30 02:20:00,1015.35
2026-04-30 02:30:00,1015.095
2026-04-30 03:30:00,1014.15
2026-04-30 03:40:00,1014.04
2026-04-30 03:50:00,1013.9599999999999
2026-04-30 04:00:00,1014.1
2026-04-30 04:10:00,1014.26
2026-04-30 04:20:00,1014.36
2026-04-30 04:30:00,1014.4399999999999
2026-04-30 04:40:00,1014.64
2026-04-30 04:50:00,1014.8
2026-04-30 05:00:00,1014.92
2026-04-30 05:10:00,1015.11
2026-04-30 05:20:00,1015.13
2026-04-30 05:30:00,1015.1999999999999
2026-04-30 05:40:00,1015.22
2026-04-30 05:50:00,1015.3299999999999
2026-04-30 06:00:00,1015.43
2026-04-30 06:10:00,1015.4599999999999
2026-04-30 06:20:00,1015.61
2026-04-30 06:30:00,1015.8
2026-04-30 06:40:00,1015.84
2026-04-30 06:50:00,1015.9499999999999
2026-04-30 07:00:00,1015.93
2026-04-30 07:10:00,1016.15
2026-04-30 07:20:00,1016.23
2026-04-30 07:30:00,1016.3299999999999
2026-04-30 07:40:00,1016.39
2026-04-30 07:50:00,1016.56
2026-04-30 08:00:00,1016.6999999999999
2026-04-30 08:10:00,1016.8
2026-04-30 08:20:00,1016.92
2026-04-30 08:30:00,1017.06
2026-04-30 08:40:00,1017.24
2026-04-30 08:50:00,1017.37
2026-04-30 09:00:00,1017.53
2026-04-30 09:10:00,1017.5699999999999
2026-04-30 09:20:00,1017.49
2026-04-30 09:30:00,1017.52
2026-04-30 09:40:00,1017.53
2026-04-30 09:50:00,1017.52
2026-04-30 10:00:00,1017.52
2026-04-30 10:10:00,1017.55
2026-04-30 10:20:00,1017.31
2026-04-30 10:30:00,1017.2099999999999
2026-04-30 10:40:00,1017.1899999999999
2026-04-30 10:50:00,1017.06
2026-04-30 11:00:00,1016.9399999999999
2026-04-30 11:10:00,1016.8299999999999
2026-04-30 11:20:00,1016.68
2026-04-30 11:30:00,1016.65
2026-04-30 11:40:00,1016.47
2026-04-30 11:50:00,1016.3199999999999
2026-04-30 12:00:00,1016.02
2026-04-30 12:10:00,1015.8199999999999
2026-04-30 12:20:00,1015.5
2026-04-30 12:30:00,1015.34
2026-04-30 12:40:00,1015.11
2026-04-30 12:50:00,1015.0799999999999
2026-04-30 13:00:00,1014.98
2026-04-30 13:10:00,1014.79
2026-04-30 13:20:00,1014.62
2026-04-30 13:30:00,1014.5699999999999
2026-04-30 13:40:00,1014.5799999999999
2026-04-30 13:50:00,1014.42
2026-04-30 14:00:00,1014.43
2026-04-30 14:10:00,1014.4
2026-04-30 14:20:00,1014.24
2026-04-30 14:30:00,1014.14
2026-04-30 14:40:00,1014.02
2026-04-30 14:50:00,1013.88
2026-04-30 15:00:00,1013.8299999999999
2026-04-30 15:10:00,1013.79
2026-04-30 15:20:00,1013.6999999999999
2026-04-30 15:30:00,1013.81
2026-04-30 15:40:00,1013.59
2026-04-30 15:50:00,1013.54
2026-04-30 16:00:00,1013.52
2026-04-30 16:10:00,1013.63
2026-04-30 16:20:00,1013.72
2026-04-30 16:30:00,1013.73
2026-04-30 16:40:00,1014.03
2026-04-30 16:50:00,1014.16
2026-04-30 17:00:00,1014.2099999999999
2026-04-30 17:10:00,1014.09
2026-04-30 17:20:00,1014.17
2026-04-30 17:30:00,1014.37
2026-04-30 17:40:00,1014.7099999999999
2026-04-30 17:50:00,1014.84
2026-04-30 18:00:00,1014.99
2026-04-30 18:10:00,1015.1
2026-04-30 18:20:00,1015.14
2026-04-30 18:30:00,1015.1899999999999
2026-04-30 18:40:00,1015.1899999999999
2026-04-30 18:50:00,1015.47
2026-04-30 19:00:00,1015.5699999999999
2026-04-30 19:10:00,1015.56
2026-04-30 19:20:00,1015.63
2026-04-30 19:30:00,1015.92
2026-04-30 19:40:00,1016.11
2026-04-30 19:50:00,1016.23
2026-04-30 20:00:00,1016.26
2026-04-30 20:10:00,1016.38
2026-04-30 20:20:00,1016.41
2026-04-30 20:30:00,1016.92
2026-04-30 20:40:00,1017.18
2026-04-30 20:50:00,1017.29
2026-04-30 21:00:00,1017.68
2026-04-30 21:10:00,1017.98
2026-04-30 21:20:00,1017.97
2026-04-30 21:30:00,1018.04
2026-04-30 21:40:00,1017.85
2026-04-30 21:50:00,1017.66
2026-04-30 22:00:00,1017.78
2026-04-30 22:10:00,1017.89
2026-04-30 22:20:00,1017.8299999999999
2026-04-30 22:30:00,1017.54
2026-04-30 22:40:00,1017.54
2026-04-30 22:50:00,1017.3299999999999
2026-04-30 23:00:00,1017.12
2026-04-30 23:10:00,1017.02
2026-04-30 23:20:00,1016.67
2026-04-30 23:30:00,1016.53
2026-04-30 23:40:00,1016.47
2026-04-30 23:50:00,1016.34
2026-05-01 00:00:00,1016.1899999999999
2026-05-01 00:10:00,1016.09
2026-05-01 00:20:00,1016.02
2026-05-01 00:30:00,1016.13
2026-05-01 00:40:00,1016.05
2026-05-01 00:50:00,1015.89
2026-05-01 01:00:00,1015.72
2026-05-01 01:10:00,1015.64
2026-05-01 01:20:00,1015.49
2026-05-01 01:30:00,1015.18
2026-05-01 01:40:00,1014.9599999999999
2026-05-01 01:50:00,1015.03
2026-05-01 02:00:00,1014.66
2026-05-01 02:10:00,1014.52
2026-05-01 02:20:00,1014.3299999999999
2026-05-01 02:30:00,1014.14
2026-05-01 02:40:00,1014.02
2026-05-01 02:50:00,1014.05
2026-05-01 03:00:00,1014.13
2026-05-01 03:10:00,1014.22
2026-05-01 03:20:00,1014.13
2026-05-01 03:30:00,1014.05
2026-05-01 03:40:00,1013.9499999999999
2026-05-01 03:50:00,1014.11
2026-05-01 04:00:00,1014.3199999999999
2026-05-01 04:10:00,1014.5699999999999
2026-05-01 04:20:00,1014.51
2026-05-01 04:30:00,1014.62
2026-05-01 04:40:00,1014.76
2026-05-01 04:50:00,1014.91
2026-05-01 05:00:00,1015.04
2026-05-01 05:10:00,1015.12
2026-05-01 05:20:00,1015.23
2026-05-01 05:30:00,1015.3299999999999
2026-05-01 05:40:00,1015.37
2026-05-01 05:50:00,1015.77
2026-05-01 06:00:00,1015.86
2026-05-01 06:10:00,1015.89
2026-05-01 06:20:00,1016.0766666666665
2026-05-01 06:30:00,1016.2475000000001
2026-05-01 06:40:00,1016.4725000000001
2026-05-01 06:50:00,1016.6025
2026-05-01 07:00:00,1016.79
2026-05-01 07:10:00,1017.0699999999999
2026-05-01 07:20:00,1017.4
2026-05-01 07:30:00,1017.62
2026-05-01 07:40:00,1017.67
2026-05-01 07:50:00,1017.53
2026-05-01 08:00:00,1017.5
2026-05-01 08:10:00,1017.47
2026-05-01 08:20:00,1017.54
2026-05-01 08:30:00,1017.64
2026-05-01 08:40:00,1017.7099999999999
2026-05-01 08:50:00,1017.8
2026-05-01 09:00:00,1017.74
2026-05-01 09:10:00,1017.76
2026-05-01 09:20:00,1017.69
2026-05-01 09:30:00,1017.4399999999999
2026-05-01 09:40:00,1017.14
2026-05-01 09:50:00,1017.1999999999999
2026-05-01 10:00:00,1017.0799999999999
2026-05-01 10:10:00,1017.02
2026-05-01 10:20:00,1017.13
2026-05-01 10:30:00,1017.3199999999999
2026-05-01 10:40:00,1017.49
2026-05-01 10:50:00,1017.4399999999999
2026-05-01 11:00:00,1017.48
2026-05-01 11:10:00,1017.5
2026-05-01 11:20:00,1017.35
2026-05-01 11:30:00,1017.31
2026-05-01 11:40:00,1017.1899999999999
2026-05-01 11:50:00,1016.81
2026-05-01 12:00:00,1016.81
2026-05-01 12:10:00,1016.86
2026-05-01 12:20:00,1016.6999999999999
2026-05-01 12:30:00,1016.49
2026-05-01 12:40:00,1016.29
2026-05-01 12:50:00,1016.16
2026-05-01 13:00:00,1015.9
2026-05-01 13:10:00,1015.5799999999999
2026-05-01 13:20:00,1015.4599999999999
2026-05-01 13:30:00,1015.35
2026-05-01 13:40:00,1015.22
2026-05-01 13:50:00,1014.8
2026-05-01 14:00:00,1014.6899999999999
2026-05-01 14:10:00,1014.6899999999999
2026-05-01 14:20:00,1014.75
2026-05-01 14:30:00,1014.66
2026-05-01 14:40:00,1014.56
2026-05-01 14:50:00,1014.28
2026-05-01 15:00:00,1014.0799999999999
2026-05-01 15:10:00,1013.81
2026-05-01 15:20:00,1013.89
2026-05-01 15:30:00,1013.97
2026-05-01 15:40:00,1014.02
2026-05-01 15:50:00,1014.0799999999999
2026-05-01 16:00:00,1014.0799999999999
2026-05-01 16:10:00,1013.99
2026-05-01 16:20:00,1014.04
2026-05-01 16:30:00,1014.1
2026-05-01 16:40:00,1014.0699999999999
2026-05-01 16:50:00,1014.22
2026-05-01 17:00:00,1014.3199999999999
2026-05-01 17:10:00,1014.47
2026-05-01 17:20:00,1014.6
2026-05-01 17:30:00,1014.87
2026-05-01 17:40:00,1014.89
2026-05-01 17:50:00,1015.1
2026-05-01 18:00:00,1015.2099999999999
2026-05-01 18:10:00,1015.54
2026-05-01 18:20:00,1015.5
2026-05-01 18:30:00,1015.73
2026-05-01 18:40:00,1015.89
2026-05-01 18:50:00,1016.01
2026-05-01 19:00:00,1016
2026-05-01 19:10:00,1015.8199999999999
2026-05-01 19:20:00,1015.84
2026-05-01 19:30:00,1016.11
2026-05-01 19:40:00,1016.16
2026-05-01 19:50:00,1016.11
2026-05-01 20:00:00,1016.26
2026-05-01 20:10:00,1016.4
2026-05-01 20:20:00,1016.55
2026-05-01 20:30:00,1016.85
2026-05-01 20:40:00,1017.15
2026-05-01 20:50:00,1017.3
2026-05-01 21:00:00,1017.42
2026-05-01 21:10:00,1017.56
2026-05-01 21:20:00,1017.66
2026-05-01 21:30:00,1017.76
2026-05-01 21:40:00,1017.68
2026-05-01 21:50:00,1017.81
2026-05-01 22:00:00,1017.59
2026-05-01 22:10:00,1017.37
2026-05-01 22:20:00,1017.52
2026-05-01 22:30:00,1017.48
2026-05-01 22:40:00,1017.23
2026-05-01 22:50:00,1017.0799999999999
2026-05-01 23:00:00,1016.81
2026-05-01 23:10:00,1016.49
2026-05-01 23:20:00,1016.14
2026-05-01 23:30:00,1015.87
2026-05-01 23:40:00,1015.63
2026-05-01 23:50:00,1015.41
2026-05-02 00:00:00,1015.0699999999999
2026-05-02 00:10:00,1015.03
2026-05-02 00:20:00,1015.03
2026-05-02 00:30:00,1015.3299999999999
2026-05-02 00:40:00,1015.6
2026-05-02 00:50:00,1015.64
2026-05-02 01:00:00,1015.86
2026-05-02 01:10:00,1015.9499999999999
2026-05-02 01:20:00,1016.04
2026-05-02 01:30:00,1015.89
2026-05-02 01:40:00,1015.9399999999999
2026-05-02 01:50:00,1016.03
2026-05-02 02:00:00,1016.05
2026-05-02 02:10:00,1016.01
2026-05-02 02:20:00,1015.86
2026-05-02 02:30:00,1015.76
2026-05-02 02:40:00,1015.5699999999999
2026-05-02 02:50:00,1015.35
2026-05-02 03:00:00,1015.3299999999999
2026-05-02 03:10:00,1015.37
2026-05-02 03:30:00,1015.34
2026-05-02 03:40:00,1015.24
2026-05-02 03:50:00,1015.49
2026-05-02 04:00:00,1015.62
2026-05-02 04:10:00,1015.73
2026-05-02 04:20:00,1015.9399999999999
2026-05-02 04:30:00,1016.03
2026-05-02 04:40:00,1016.1899999999999
2026-05-02 04:50:00,1016.47
2026-05-02 05:00:00,1016.56
2026-05-02 05:10:00,1016.6
2026-05-02 05:20:00,1016.64
2026-05-02 05:30:00,1016.73
2026-05-02 05:40:00,1016.9599999999999
2026-05-02 05:50:00,1017.16
2026-05-02 06:00:00,1017.12
2026-05-02 06:10:00,1016.86
2026-05-02 06:20:00,1016.84
2026-05-02 06:30:00,1016.78
2026-05-02 06:40:00,1017.04
2026-05-02 06:50:00,1017.16
2026-05-02 07:00:00,1017.49
2026-05-02 07:10:00,1017.54
2026-05-02 07:20:00,1017.8
2026-05-02 07:30:00,1017.65
2026-05-02 07:40:00,1017.76
2026-05-02 07:50:00,1018.05
2026-05-02 08:00:00,1018.17
2026-05-02 08:10:00,1018.1899999999999
2026-05-02 08:20:00,1018.17
2026-05-02 08:30:00,1018.09
2026-05-02 08:40:00,1018.34
2026-05-02 08:50:00,1018.43
2026-05-02 09:00:00,1018.66
2026-05-02 09:10:00,1018.72
2026-05-02 09:20:00,1019.02
2026-05-02 09:30:00,1019.1999999999999
2026-05-02 09:40:00,1019.14
2026-05-02 09:50:00,1019.05
2026-05-02 10:00:00,1019.13
2026-05-02 10:10:00,1019.36
2026-05-02 10:20:00,1019.4499999999999
2026-05-02 10:30:00,1019.49
2026-05-02 10:40:00,1019.3299999999999
2026-05-02 10:50:00,1019.12
2026-05-02 11:00:00,1018.9499999999999
2026-05-02 11:10:00,1018.53
2026-05-02 11:20:00,1018.39
2026-05-02 11:30:00,1018.41
2026-05-02 11:40:00,1018.34
2026-05-02 11:50:00,1018.35
2026-05-02 12:00:00,1018.3299999999999
2026-05-02 12:10:00,1018.38
2026-05-02 12:20:00,1018.0799999999999
2026-05-02 12:30:00,1017.76
2026-05-02 12:40:00,1017.88
2026-05-02 12:50:00,1017.86
2026-05-02 13:00:00,1017.54
2026-05-02 13:10:00,1017.48
2026-05-02 13:20:00,1017.1999999999999
2026-05-02 13:30:00,1017.05
2026-05-02 13:40:00,1017.3
2026-05-02 13:50:00,1017.25
2026-05-02 14:00:00,1016.84
2026-05-02 14:10:00,1017.0699999999999
2026-05-02 14:20:00,1016.9
2026-05-02 14:30:00,1016.74
2026-05-02 14:40:00,1016.67
2026-05-02 14:50:00,1016.53
2026-05-02 15:00:00,1016.66
2026-05-02 15:10:00,1016.62
2026-05-02 15:20:00,1016.66
2026-05-02 15:30:00,1016.68
2026-05-02 15:40:00,1016.81
2026-05-02 15:50:00,1016.8299999999999
2026-05-02 16:00:00,1017
2026-05-02 16:10:00,1017.05
2026-05-02 16:20:00,1017.11
2026-05-02 16:30:00,1017.22
2026-05-02 16:40:00,1017.25
2026-05-02 16:50:00,1017.25
2026-05-02 17:00:00,1017.42
2026-05-02 17:10:00,1017.49
2026-05-02 17:20:00,1017.67
2026-05-02 17:30:00,1017.75
2026-05-02 17:40:00,1017.85
2026-05-02 17:50:00,1017.9
2026-05-02 18:00:00,1017.9499999999999
2026-05-02 18:10:00,1017.99
2026-05-02 18:20:00,1018.09
2026-05-02 18:30:00,1018.01
2026-05-02 18:40:00,1018.01
2026-05-02 18:50:00,1018.1
2026-05-02 19:00:00,1018.11
2026-05-02 19:10:00,1018.18
2026-05-02 19:20:00,1018.12
2026-05-02 19:30:00,1018.16
2026-05-02 19:40:00,1018.16
2026-05-02 19:50:00,1018.2099999999999
2026-05-02 20:00:00,1018.14
2026-05-02 20:10:00,1018.13
2026-05-02 20:20:00,1018.03
2026-05-02 20:30:00,1017.93
2026-05-02 20:40:00,1018.06
2026-05-02 20:50:00,1018.3199999999999
2026-05-02 21:00:00,1018.36
2026-05-02 21:10:00,1018.3199999999999
2026-05-02 21:20:00,1018.39
2026-05-02 21:30:00,1018.48
2026-05-02 21:40:00,1018.49
2026-05-02 21:50:00,1018.43
2026-05-02 22:00:00,1018.4399999999999
2026-05-02 22:10:00,1018.37
2026-05-02 22:20:00,1018.1999999999999
2026-05-02 22:30:00,1018.09
2026-05-02 22:40:00,1017.9499999999999
2026-05-02 22:50:00,1017.84
2026-05-02 23:00:00,1017.63
2026-05-02 23:10:00,1017.48
2026-05-02 23:20:00,1017.56
2026-05-02 23:30:00,1017.54
2026-05-02 23:40:00,1017.5
2026-05-02 23:50:00,1017.48
2026-05-03 00:00:00,1017.37
2026-05-03 00:10:00,1017.25
2026-05-03 00:20:00,1017.0699999999999
2026-05-03 00:30:00,1016.93
2026-05-03 00:40:00,1016.9399999999999
2026-05-03 00:50:00,1016.9
2026-05-03 01:00:00,1016.8299999999999
2026-05-03 01:10:00,1016.8299999999999
2026-05-03 01:20:00,1016.81
2026-05-03 01:30:00,1016.75
2026-05-03 01:40:00,1016.7099999999999
2026-05-03 01:50:00,1016.67
2026-05-03 02:00:00,1016.6999999999999
2026-05-03 02:10:00,1016.64
2026-05-03 02:20:00,1016.68
2026-05-03 02:30:00,1016.65
2026-05-03 02:40:00,1016.76
2026-05-03 02:50:00,1016.86
2026-05-03 03:00:00,1016.9499999999999
2026-05-03 03:10:00,1016.99
2026-05-03 03:20:00,1017.18
2026-05-03 03:30:00,1017.2099999999999
2026-05-03 03:40:00,1017.28
2026-05-03 03:50:00,1017.28
2026-05-03 04:00:00,1017.34
2026-05-03 04:10:00,1017.41
2026-05-03 04:20:00,1017.59
2026-05-03 04:30:00,1017.64
2026-05-03 04:40:00,1017.6999999999999
2026-05-03 04:50:00,1017.76
2026-05-03 05:00:00,1017.67
2026-05-03 05:10:00,1017.72
2026-05-03 05:20:00,1017.75
2026-05-03 05:30:00,1017.7099999999999
2026-05-03 05:40:00,1017.8
2026-05-03 05:50:00,1017.85
2026-05-03 06:00:00,1018.05
2026-05-03 06:10:00,1018.34
2026-05-03 06:20:00,1018.38
2026-05-03 06:30:00,1018.53
2026-05-03 06:40:00,1018.77
2026-05-03 06:50:00,1018.75
2026-05-03 07:00:00,1019.0699999999999
2026-05-03 07:10:00,1019.2099999999999
2026-05-03 07:20:00,1019.4
2026-05-03 07:30:00,1019.49
2026-05-03 07:40:00,1019.47
2026-05-03 07:50:00,1019.4499999999999
2026-05-03 08:00:00,1019.54
2026-05-03 08:10:00,1019.53
2026-05-03 08:20:00,1019.66
2026-05-03 08:30:00,1019.67
2026-05-03 08:40:00,1019.6899999999999
2026-05-03 08:50:00,1019.79
2026-05-03 09:00:00,1019.64
2026-05-03 09:10:00,1019.66
2026-05-03 09:20:00,1019.66
2026-05-03 09:30:00,1019.7099999999999
2026-05-03 09:40:00,1019.77
2026-05-03 09:50:00,1019.8
2026-05-03 10:00:00,1019.78
2026-05-03 10:10:00,1019.37
2026-05-03 10:20:00,1019.3199999999999
2026-05-03 10:30:00,1019.27
2026-05-03 10:40:00,1019.34
2026-05-03 10:50:00,1019.27
2026-05-03 11:00:00,1019.16
2026-05-03 11:10:00,1019.14
2026-05-03 11:20:00,1019.16
2026-05-03 11:30:00,1019.25
2026-05-03 11:40:00,1018.93
2026-05-03 11:50:00,1018.62
2026-05-03 12:00:00,1018.5
2026-05-03 12:10:00,1018.73
2026-05-03 12:20:00,1018.77
2026-05-03 12:30:00,1018.3199999999999
2026-05-03 12:40:00,1018
2026-05-03 12:50:00,1018.16
2026-05-03 13:00:00,1017.9599999999999
2026-05-03 13:10:00,1017.73
2026-05-03 13:20:00,1017.73
2026-05-03 13:30:00,1017.56
2026-05-03 13:40:00,1017.65
2026-05-03 13:50:00,1017.63
2026-05-03 14:00:00,1017.38
2026-05-03 14:10:00,1017.4399999999999
2026-05-03 14:20:00,1017.34
2026-05-03 14:30:00,1017.04
2026-05-03 14:40:00,1017.17
2026-05-03 14:50:00,1016.99
2026-05-03 15:00:00,1016.9399999999999
2026-05-03 15:10:00,1016.91
2026-05-03 15:20:00,1017.1
2026-05-03 15:30:00,1017.22
2026-05-03 15:40:00,1017.2099999999999
2026-05-03 15:50:00,1017.15
2026-05-03 16:00:00,1017.02
2026-05-03 16:10:00,1016.92
2026-05-03 16:20:00,1017
2026-05-03 16:30:00,1017.09
2026-05-03 16:40:00,1017.15
2026-05-03 16:50:00,1017.25
2026-05-03 17:00:00,1017.3199999999999
2026-05-03 17:10:00,1017.38
2026-05-03 17:20:00,1017.4599999999999
2026-05-03 17:30:00,1017.62
2026-05-03 17:40:00,1017.6899999999999
2026-05-03 17:50:00,1017.8
2026-05-03 18:00:00,1017.93
2026-05-03 18:10:00,1017.99
2026-05-03 18:20:00,1018.17
2026-05-03 18:30:00,1018.23
2026-05-03 18:40:00,1018.38
2026-05-03 18:50:00,1018.5699999999999
2026-05-03 19:00:00,1018.67
2026-05-03 19:10:00,1018.84
2026-05-03 19:20:00,1018.9599999999999
2026-05-03 19:30:00,1019.17
2026-05-03 19:40:00,1019.29
2026-05-03 19:50:00,1019.38
2026-05-03 20:00:00,1019.3299999999999
2026-05-03 20:10:00,1019.39
2026-05-03 20:20:00,1019.38
2026-05-03 20:30:00,1019.41
2026-05-03 21:20:00,1020.27
2026-05-03 21:30:00,1020.27
2026-05-03 21:40:00,1020.56
2026-05-03 21:50:00,1020.52
2026-05-03 22:00:00,1020.4
2026-05-03 22:10:00,1020.38
2026-05-03 22:20:00,1020.37
2026-05-03 22:30:00,1020.4
2026-05-03 22:40:00,1020.3299999999999
2026-05-03 22:50:00,1020.2099999999999
2026-05-03 23:00:00,1020.1899999999999
2026-05-03 23:10:00,1020.03
2026-05-03 23:20:00,1019.91
2026-05-03 23:30:00,1019.77
2026-05-03 23:40:00,1019.49
2026-05-03 23:50:00,1019.2099999999999
2026-05-04 00:00:00,1018.91
2026-05-04 00:10:00,1018.64
2026-05-04 00:20:00,1018.43
2026-05-04 00:30:00,1018.3299999999999
2026-05-04 00:40:00,1018.0799999999999
2026-05-04 00:50:00,1017.93
2026-05-04 01:00:00,1017.63
2026-05-04 01:10:00,1017.56
2026-05-04 01:20:00,1017.42
2026-05-04 01:30:00,1017.25
2026-05-04 01:40:00,1017.14
2026-05-04 01:50:00,1017.16
2026-05-04 02:00:00,1017.04
2026-05-04 02:10:00,1016.91
2026-05-04 02:20:00,1016.6999999999999
2026-05-04 02:30:00,1016.56
2026-05-04 02:40:00,1016.42
2026-05-04 02:50:00,1016.47
2026-05-04 03:00:00,1016.53
2026-05-04 03:10:00,1016.63
2026-05-04 03:20:00,1016.54
2026-05-04 03:30:00,1016.54
2026-05-04 03:40:00,1016.63
2026-05-04 03:50:00,1016.77
2026-05-04 04:00:00,1016.78
2026-05-04 04:10:00,1016.73
2026-05-04 04:20:00,1016.74
2026-05-04 04:30:00,1016.78
2026-05-04 04:40:00,1016.8
2026-05-04 04:50:00,1016.78
2026-05-04 05:00:00,1016.77
2026-05-04 05:10:00,1016.8199999999999
2026-05-04 05:20:00,1016.91
2026-05-04 05:30:00,1016.97
2026-05-04 05:40:00,1017.13
2026-05-04 05:50:00,1017.1899999999999
2026-05-04 06:00:00,1017.25
2026-05-04 06:10:00,1017.39
2026-05-04 06:20:00,1017.53
2026-05-04 06:30:00,1017.67
2026-05-04 06:40:00,1017.68
2026-05-04 06:50:00,1017.92
2026-05-04 07:00:00,1017.99
2026-05-04 07:10:00,1018.12
2026-05-04 07:20:00,1018.24
2026-05-04 07:30:00,1018.37
2026-05-04 07:40:00,1018.47
2026-05-04 07:50:00,1018.5
2026-05-04 08:00:00,1018.48
2026-05-04 08:10:00,1018.49
2026-05-04 08:20:00,1018.5699999999999
2026-05-04 08:30:00,1018.6
2026-05-04 08:40:00,1018.5799999999999
2026-05-04 08:50:00,1018.59
2026-05-04 09:00:00,1018.61
2026-05-04 09:10:00,1018.7099999999999
2026-05-04 09:20:00,1018.66
2026-05-04 09:30:00,1018.6
2026-05-04 09:40:00,1018.4399999999999
2026-05-04 09:50:00,1018.3199999999999
2026-05-04 10:00:00,1018.37
2026-05-04 10:10:00,1018.31
2026-05-04 10:20:00,1018.3199999999999
2026-05-04 10:30:00,1018.31
2026-05-04 10:40:00,1018.36
2026-05-04 10:50:00,1018.4599999999999
2026-05-04 11:00:00,1018.34
2026-05-04 11:10:00,1018.1899999999999
2026-05-04 11:20:00,1018.06
2026-05-04 11:30:00,1017.9
2026-05-04 11:40:00,1017.8199999999999
2026-05-04 11:50:00,1017.77
2026-05-04 12:00:00,1017.53
2026-05-04 12:10:00,1017.3199999999999
2026-05-04 12:20:00,1017.0699999999999
2026-05-04 12:30:00,1016.98
2026-05-04 12:40:00,1016.9499999999999
2026-05-04 12:50:00,1016.8
2026-05-04 13:00:00,1016.74
2026-05-04 13:10:00,1016.65
2026-05-04 13:20:00,1016.56
2026-05-04 13:30:00,1016.48
2026-05-04 13:40:00,1016.25
2026-05-04 13:50:00,1016.1899999999999
2026-05-04 14:00:00,1016.06
2026-05-04 14:10:00,1016.05
2026-05-04 14:20:00,1016.0799999999999
2026-05-04 14:30:00,1016.03
2026-05-04 14:40:00,1016.02
2026-05-04 14:50:00,1016.14
2026-05-04 15:00:00,1016.16
2026-05-04 15:10:00,1016.1
2026-05-04 15:20:00,1016.14
2026-05-04 15:30:00,1016.14
2026-05-04 15:40:00,1015.9599999999999
2026-05-04 15:50:00,1015.99
2026-05-04 16:00:00,1016.09
2026-05-04 16:10:00,1016.0699999999999
2026-05-04 16:20:00,1016.29
2026-05-04 16:30:00,1016.4
2026-05-04 16:40:00,1016.35
2026-05-04 16:50:00,1016.6
2026-05-04 17:00:00,1016.78
2026-05-04 17:10:00,1016.79
2026-05-04 17:20:00,1016.87
2026-05-04 17:30:00,1016.93
2026-05-04 17:40:00,1017.29
2026-05-04 17:50:00,1017.36
2026-05-04 18:00:00,1017.49
2026-05-04 18:10:00,1017.54
2026-05-04 18:20:00,1017.38
2026-05-04 18:30:00,1017.56
2026-05-04 18:40:00,1017.75
2026-05-04 18:50:00,1017.52
2026-05-04 19:00:00,1017.77
2026-05-04 19:10:00,1018.12
2026-05-04 19:20:00,1018.21
2026-05-04 19:30:00,1018.3966666666666
2026-05-04 19:40:00,1018.385
2026-05-04 19:50:00,1018.55
2026-05-04 20:00:00,1018.6999999999999
2026-05-04 20:10:00,1019.01
2026-05-04 20:20:00,1019.28
2026-05-04 20:30:00,1019.405
2026-05-04 20:40:00,1019.48
2026-05-04 20:50:00,1019.55
2026-05-04 21:00:00,1019.56
2026-05-04 21:10:00,1019.49
2026-05-04 21:20:00,1019.48
2026-05-04 21:30:00,1019.51
2026-05-04 21:40:00,1019.5
2026-05-04 21:50:00,1019.4
2026-05-04 22:00:00,1019.31
2026-05-04 22:10:00,1019.36
2026-05-04 22:20:00,1019.36
2026-05-04 22:30:00,1019.24
2026-05-04 22:40:00,1019.26
2026-05-04 22:50:00,1019.13
2026-05-04 23:00:00,1019.04
2026-05-04 23:10:00,1019.05
2026-05-04 23:20:00,1018.93
2026-05-04 23:30:00,1018.89
2026-05-04 23:40:00,1018.78
2026-05-04 23:50:00,1018.6899999999999
2026-05-05 00:00:00,1018.54
2026-05-05 00:10:00,1018.36
2026-05-05 00:20:00,1018.26
2026-05-05 00:30:00,1018.05
2026-05-05 00:40:00,1017.77
2026-05-05 00:50:00,1017.4
2026-05-05 01:00:00,1017.2099999999999
2026-05-05 01:10:00,1017.0699999999999
2026-05-05 01:20:00,1016.77
2026-05-05 01:30:00,1016.68
2026-05-05 01:40:00,1016.62
2026-05-05 01:50:00,1016.4499999999999
2026-05-05 02:00:00,1016.3299999999999
2026-05-05 02:10:00,1016.24
2026-05-05 02:20:00,1016.18
2026-05-05 02:30:00,1016.16
2026-05-05 02:40:00,1016.06
2026-05-05 02:50:00,1016.0699999999999
2026-05-05 03:00:00,1016.05
2026-05-05 03:10:00,1016.12
2026-05-05 03:20:00,1016.13
2026-05-05 03:30:00,1016.1999999999999
2026-05-05 03:40:00,1016.3199999999999
2026-05-05 03:50:00,1016.41
2026-05-05 04:00:00,1016.56
2026-05-05 04:10:00,1016.72
2026-05-05 04:20:00,1016.8
2026-05-05 04:30:00,1016.89
2026-05-05 04:40:00,1016.88
2026-05-05 04:50:00,1016.99
2026-05-05 05:00:00,1017
2026-05-05 05:10:00,1017.11
2026-05-05 05:20:00,1017.22
2026-05-05 05:30:00,1017.38
2026-05-05 05:40:00,1017.47
2026-05-05 05:50:00,1017.5
2026-05-05 06:00:00,1017.64
2026-05-05 06:10:00,1017.73
2026-05-05 06:20:00,1017.63
2026-05-05 06:30:00,1017.81
2026-05-05 06:40:00,1018.0699999999999
2026-05-05 06:50:00,1018.18
2026-05-05 07:00:00,1018.29
2026-05-05 07:10:00,1018.35
2026-05-05 07:20:00,1018.35
2026-05-05 07:30:00,1018.4599999999999
2026-05-05 07:40:00,1018.47
2026-05-05 07:50:00,1018.4399999999999
2026-05-05 08:00:00,1018.43
2026-05-05 08:10:00,1018.6999999999999
2026-05-05 08:20:00,1018.7099999999999
2026-05-05 08:30:00,1018.47
2026-05-05 08:40:00,1018.5799999999999
2026-05-05 08:50:00,1018.64
2026-05-05 09:00:00,1018.62
2026-05-05 09:10:00,1018.68
2026-05-05 09:20:00,1018.9
2026-05-05 09:30:00,1018.99
2026-05-05 09:40:00,1019.18
2026-05-05 09:50:00,1019.26
2026-05-05 10:00:00,1019.4499999999999
2026-05-05 10:10:00,1019.39
2026-05-05 10:20:00,1019.34
2026-05-05 10:30:00,1019.22
2026-05-05 10:40:00,1018.93
2026-05-05 10:50:00,1018.76
2026-05-05 11:00:00,1018.64
2026-05-05 11:10:00,1018.6899999999999
2026-05-05 11:20:00,1018.7099999999999
2026-05-05 11:30:00,1018.74
2026-05-05 11:40:00,1018.65
2026-05-05 11:50:00,1018.42
2026-05-05 12:00:00,1018.25
2026-05-05 12:10:00,1018.13
2026-05-05 12:20:00,1017.9
2026-05-05 12:30:00,1017.81
2026-05-05 12:40:00,1017.64
2026-05-05 12:50:00,1017.52
2026-05-05 13:00:00,1017.31
2026-05-05 13:10:00,1017.3199999999999
2026-05-05 13:20:00,1017.28
2026-05-05 13:30:00,1017.1899999999999
2026-05-05 13:40:00,1017.0799999999999
2026-05-05 13:50:00,1017.09
2026-05-05 14:00:00,1016.89
2026-05-05 14:10:00,1016.67
2026-05-05 14:20:00,1016.76
2026-05-05 14:30:00,1016.9
2026-05-05 14:40:00,1016.7099999999999
2026-05-05 14:50:00,1016.66
2026-05-05 15:00:00,1016.75
2026-05-05 15:10:00,1016.4399999999999
2026-05-05 15:20:00,1016.38
2026-05-05 15:30:00,1016.5699999999999
2026-05-05 15:40:00,1016.6999999999999
2026-05-05 15:50:00,1016.6999999999999
2026-05-05 16:00:00,1016.78
2026-05-05 16:10:00,1016.65
2026-05-05 16:20:00,1016.84
2026-05-05 16:30:00,1016.98
2026-05-05 16:40:00,1017.04
2026-05-05 16:50:00,1017.11
2026-05-05 17:00:00,1017.24
2026-05-05 17:10:00,1017.3299999999999
2026-05-05 17:20:00,1017.35
2026-05-05 17:30:00,1017.42
2026-05-05 17:40:00,1017.4599999999999
2026-05-05 17:50:00,1017.59
2026-05-05 18:00:00,1017.86
2026-05-05 18:10:00,1017.88
2026-05-05 18:20:00,1017.86
2026-05-05 18:30:00,1017.97
2026-05-05 18:40:00,1018.04
2026-05-05 18:50:00,1018.02
2026-05-05 19:00:00,1018.13
2026-05-05 19:10:00,1018.17
2026-05-05 19:20:00,1018.26
2026-05-05 19:30:00,1018.42
2026-05-05 19:40:00,1018.55
2026-05-05 19:50:00,1018.75
2026-05-05 20:00:00,1018.84
2026-05-05 20:10:00,1019
2026-05-05 20:20:00,1019.04
2026-05-05 20:30:00,1019.17
2026-05-05 20:40:00,1019.15
2026-05-05 20:50:00,1019.15
2026-05-05 21:00:00,1019.27
2026-05-05 21:10:00,1019.27
2026-05-05 21:20:00,1019.3299999999999
2026-05-05 21:30:00,1019.39
2026-05-05 21:40:00,1019.42
2026-05-05 21:50:00,1019.3199999999999
2026-05-05 22:00:00,1019.36
2026-05-05 22:10:00,1019.3199999999999
2026-05-05 22:20:00,1019.24
2026-05-05 22:30:00,1019.29
2026-05-05 22:40:00,1019.22
2026-05-05 22:50:00,1019.14
2026-05-05 23:00:00,1018.9499999999999
2026-05-05 23:10:00,1018.79
2026-05-05 23:20:00,1018.75
2026-05-05 23:30:00,1018.63
2026-05-05 23:40:00,1018.48
2026-05-05 23:50:00,1018.51
2026-05-06 00:00:00,1018.4399999999999
2026-05-06 00:10:00,1018.3199999999999
2026-05-06 00:20:00,1018.2099999999999
2026-05-06 00:30:00,1018.15
2026-05-06 00:40:00,1018.05
2026-05-06 00:50:00,1018.1
2026-05-06 01:00:00,1017.99
2026-05-06 01:10:00,1018.05
2026-05-06 01:20:00,1017.9399999999999
2026-05-06 01:30:00,1017.85
2026-05-06 01:40:00,1017.86
2026-05-06 01:50:00,1017.91
2026-05-06 02:00:00,1017.8
2026-05-06 02:10:00,1017.5799999999999
2026-05-06 02:20:00,1017.49
2026-05-06 02:30:00,1017.28
2026-05-06 02:40:00,1017.22
2026-05-06 02:50:00,1017.04
2026-05-06 03:00:00,1017.06
2026-05-06 03:10:00,1017.14
2026-05-06 03:20:00,1017.1999999999999
2026-05-06 03:30:00,1017.25
2026-05-06 03:40:00,1017.36
2026-05-06 03:50:00,1017.4399999999999
2026-05-06 04:00:00,1017.52
2026-05-06 04:10:00,1017.48
2026-05-06 04:20:00,1017.52
2026-05-06 04:30:00,1017.66
2026-05-06 04:40:00,1017.67
2026-05-06 04:50:00,1017.73
2026-05-06 05:00:00,1017.72
2026-05-06 05:10:00,1017.85
2026-05-06 05:20:00,1017.92
2026-05-06 05:30:00,1017.99
2026-05-06 05:40:00,1018.11
2026-05-06 05:50:00,1018.1999999999999
2026-05-06 06:00:00,1018.26
2026-05-06 06:10:00,1018.31
2026-05-06 06:20:00,1018.4499999999999
2026-05-06 06:30:00,1018.62
2026-05-06 06:40:00,1018.68
2026-05-06 06:50:00,1018.89
2026-05-06 07:00:00,1019
2026-05-06 07:10:00,1019.09
2026-05-06 07:20:00,1019.26
2026-05-06 07:30:00,1019.28
2026-05-06 07:40:00,1019.25
2026-05-06 07:50:00,1019.48
2026-05-06 08:00:00,1019.76
2026-05-06 08:10:00,1019.78
2026-05-06 08:20:00,1019.75
2026-05-06 08:30:00,1019.8
2026-05-06 08:40:00,1019.63
2026-05-06 08:50:00,1019.55
2026-05-06 09:00:00,1019.55
2026-05-06 09:10:00,1019.76
2026-05-06 09:20:00,1019.84
2026-05-06 09:30:00,1019.73
2026-05-06 09:40:00,1019.64
2026-05-06 09:50:00,1019.3299999999999
2026-05-06 10:00:00,1019.64
2026-05-06 10:10:00,1019.62
2026-05-06 10:20:00,1019.59
2026-05-06 10:30:00,1019.51
2026-05-06 10:40:00,1019.51
2026-05-06 10:50:00,1019.49
2026-05-06 11:00:00,1019.4399999999999
2026-05-06 11:10:00,1019.53
2026-05-06 11:20:00,1019.4599999999999
2026-05-06 11:30:00,1019.4
2026-05-06 11:40:00,1019.24
2026-05-06 11:50:00,1018.97
2026-05-06 12:00:00,1018.91
2026-05-06 12:10:00,1018.93
2026-05-06 13:00:00,1018.3
2026-05-06 13:10:00,1018.13
2026-05-06 13:20:00,1018.2099999999999
2026-05-06 13:30:00,1017.85
2026-05-06 13:40:00,1017.86
2026-05-06 13:50:00,1017.66
2026-05-06 14:00:00,1017.6
2026-05-06 14:10:00,1017.42
2026-05-06 14:20:00,1017.42
2026-05-06 14:30:00,1017.3
2026-05-06 14:40:00,1017.16
2026-05-06 14:50:00,1017.05
2026-05-06 15:00:00,1016.97
2026-05-06 15:10:00,1017.03
2026-05-06 15:20:00,1017.16
2026-05-06 15:30:00,1017.28
2026-05-06 15:40:00,1017.41
2026-05-06 15:50:00,1017.38
2026-05-06 16:00:00,1017.28
2026-05-06 16:10:00,1017.22
2026-05-06 16:20:00,1017.3199999999999
2026-05-06 16:30:00,1017.41
2026-05-06 16:40:00,1017.39
2026-05-06 16:50:00,1017.48
2026-05-06 17:00:00,1017.54
2026-05-06 17:10:00,1017.56
2026-05-06 17:20:00,1017.5699999999999
2026-05-06 17:30:00,1017.59
2026-05-06 17:40:00,1017.68
2026-05-06 17:50:00,1017.75
2026-05-06 18:00:00,1017.64
2026-05-06 18:10:00,1017.92
2026-05-06 18:20:00,1018.14
2026-05-06 18:30:00,1018.28
2026-05-06 18:40:00,1018.1899999999999
2026-05-06 18:50:00,1018.23
2026-05-06 19:00:00,1018.2099999999999
2026-05-06 19:10:00,1018.36
2026-05-06 19:20:00,1018.4399999999999
2026-05-06 19:30:00,1018.4599999999999
2026-05-06 19:40:00,1018.68
2026-05-06 19:50:00,1018.67
2026-05-06 20:00:00,1018.8
2026-05-06 20:10:00,1018.84
2026-05-06 20:20:00,1018.9399999999999
2026-05-06 20:30:00,1018.98
2026-05-06 20:40:00,1019
2026-05-06 20:50:00,1019.01
2026-05-06 21:00:00,1019.04
2026-05-06 21:10:00,1019.18
2026-05-06 21:20:00,1019.27
2026-05-06 21:30:00,1019.3299999999999
2026-05-06 21:40:00,1019.31
2026-05-06 21:50:00,1019.42
2026-05-06 22:00:00,1019.4599999999999
2026-05-06 22:10:00,1019.6
2026-05-06 22:20:00,1019.65
2026-05-06 22:30:00,1019.74
2026-05-06 22:40:00,1019.7033333333333
2026-05-06 22:50:00,1019.64
2026-05-06 23:00:00,1019.5333333333334
2026-05-06 23:10:00,1019.37
2026-05-06 23:20:00,1019.1899999999999
2026-05-06 23:30:00,1019.03
2026-05-06 23:40:00,1019
2026-05-06 23:50:00,1018.86
2026-05-07 00:00:00,1018.6999999999999
2026-05-07 00:10:00,1018.4399999999999
2026-05-07 00:20:00,1018.37
2026-05-07 00:30:00,1018.25
2026-05-07 00:40:00,1018.17
2026-05-07 00:50:00,1018
2026-05-07 01:00:00,1017.89
2026-05-07 01:10:00,1017.9
2026-05-07 01:20:00,1017.8
2026-05-07 01:30:00,1017.52
2026-05-07 01:40:00,1017.3199999999999
2026-05-07 01:50:00,1017.22
2026-05-07 02:00:00,1017.1
2026-05-07 02:10:00,1017.16
2026-05-07 02:20:00,1017.12
2026-05-07 02:30:00,1017.09
2026-05-07 02:40:00,1016.97
2026-05-07 02:50:00,1016.88
2026-05-07 03:00:00,1016.87
2026-05-07 03:10:00,1016.89
2026-05-07 03:20:00,1016.77
2026-05-07 03:30:00,1016.6899999999999
2026-05-07 03:40:00,1016.6899999999999
2026-05-07 03:50:00,1016.4599999999999
2026-05-07 04:00:00,1016.55
2026-05-07 04:10:00,1016.31
2026-05-07 04:20:00,1016.8199999999999
2026-05-07 04:30:00,1017.14
2026-05-07 04:40:00,1017.18
2026-05-07 04:50:00,1017.36
2026-05-07 05:00:00,1017.1899999999999
2026-05-07 05:10:00,1017.4399999999999
2026-05-07 05:20:00,1017.76
2026-05-07 05:30:00,1017.4599999999999
2026-05-07 05:40:00,1017.9399999999999
2026-05-07 05:50:00,1018.11
2026-05-07 06:00:00,1018.13
2026-05-07 06:10:00,1018.295
2026-05-07 06:20:00,1018.3
2026-05-07 06:30:00,1018.38
2026-05-07 06:40:00,1018.4499999999999
2026-05-07 06:50:00,1018.6899999999999
2026-05-07 07:00:00,1018.99
2026-05-07 07:10:00,1019.11
2026-05-07 07:20:00,1019.14
2026-05-07 07:30:00,1019.17
2026-05-07 07:40:00,1019.3199999999999
2026-05-07 07:50:00,1019.35
2026-05-07 08:00:00,1019.48
2026-05-07 08:10:00,1019.53
2026-05-07 08:20:00,1019.68
2026-05-07 08:30:00,1019.6999999999999
2026-05-07 08:40:00,1019.7249999999999
2026-05-07 08:50:00,1019.64
2026-05-07 09:00:00,1019.5799999999999
2026-05-07 09:10:00,1019.66
2026-05-07 09:20:00,1019.63
2026-05-07 09:30:00,1019.62
2026-05-07 09:40:00,1019.65
2026-05-07 09:50:00,1019.61
2026-05-07 10:00:00,1019.88
2026-05-07 10:10:00,1019.92
2026-05-07 10:20:00,1019.8299999999999
2026-05-07 10:30:00,1019.9
2026-05-07 10:40:00,1019.98
2026-05-07 10:50:00,1019.79
2026-05-07 11:00:00,1019.56
2026-05-07 11:10:00,1019.42
2026-05-07 11:20:00,1019.3299999999999
2026-05-07 11:30:00,1019.1999999999999
2026-05-07 11:40:00,1019.02
2026-05-07 11:50:00,1018.93
2026-05-07 12:00:00,1018.77
2026-05-07 12:10:00,1018.67
2026-05-07 12:20:00,1018.52
2026-05-07 12:30:00,1018.3199999999999
2026-05-07 12:40:00,1018.13
2026-05-07 12:50:00,1018.09
2026-05-07 13:00:00,1017.92
2026-05-07 13:10:00,1017.8199999999999
2026-05-07 13:20:00,1017.86
2026-05-07 13:30:00,1017.72
2026-05-07 13:40:00,1017.6
2026-05-07 13:50:00,1017.5
2026-05-07 14:00:00,1017.29
2026-05-07 14:10:00,1017.24
2026-05-07 14:20:00,1017.05
2026-05-07 14:30:00,1016.87
2026-05-07 14:40:00,1016.77
2026-05-07 14:50:00,1016.74
2026-05-07 15:00:00,1016.79
2026-05-07 15:10:00,1016.74
2026-05-07 15:20:00,1016.85
2026-05-07 15:30:00,1016.81
2026-05-07 15:40:00,1016.76
2026-05-07 15:50:00,1016.72
2026-05-07 16:00:00,1016.76
2026-05-07 16:10:00,1016.84
2026-05-07 16:20:00,1016.91
2026-05-07 16:30:00,1017.01
2026-05-07 16:40:00,1016.93
2026-05-07 16:50:00,1016.88
2026-05-07 17:00:00,1016.84
2026-05-07 17:10:00,1017.04
2026-05-07 17:20:00,1017.04
2026-05-07 17:30:00,1017.15
2026-05-07 17:40:00,1017.34
2026-05-07 17:50:00,1017.34
2026-05-07 18:00:00,1017.3299999999999
2026-05-07 18:10:00,1017.52
2026-05-07 18:20:00,1017.5699999999999
2026-05-07 18:30:00,1017.67
2026-05-07 18:40:00,1017.72
2026-05-07 18:50:00,1017.75
2026-05-07 19:00:00,1017.79
2026-05-07 19:10:00,1017.9499999999999
2026-05-07 19:20:00,1017.9499999999999
2026-05-07 19:30:00,1017.9399999999999
2026-05-07 19:40:00,1018.03
2026-05-07 19:50:00,1018.18
2026-05-07 20:00:00,1018.34
2026-05-07 20:10:00,1018.4599999999999
2026-05-07 20:20:00,1018.6999999999999
2026-05-07 20:30:00,1018.6999999999999
2026-05-07 20:40:00,1018.8199999999999
2026-05-07 20:50:00,1018.8299999999999
2026-05-07 21:00:00,1018.88
2026-05-07 21:10:00,1018.9399999999999
2026-05-07 21:20:00,1019
2026-05-07 21:30:00,1019.12
2026-05-07 21:40:00,1019.1899999999999
2026-05-07 21:50:00,1019.14
2026-05-07 22:00:00,1019.3
2026-05-07 22:10:00,1019.36
2026-05-07 22:20:00,1019.4
2026-05-07 22:30:00,1019.31
2026-05-07 22:40:00,1019.28
2026-05-07 22:50:00,1019.1899999999999
2026-05-07 23:00:00,1019.14
2026-05-07 23:10:00,1018.98
2026-05-07 23:20:00,1018.84
2026-05-07 23:30:00,1018.6899999999999
2026-05-07 23:40:00,1018.66
2026-05-07 23:50:00,1018.48
2026-05-08 00:00:00,1018.43
2026-05-08 00:10:00,1018.35
2026-05-08 00:20:00,1018.15
2026-05-08 00:30:00,1018.02
2026-05-08 00:40:00,1017.89
2026-05-08 00:50:00,1017.65
2026-05-08 01:00:00,1017.47
2026-05-08 01:10:00,1017.36
2026-05-08 01:20:00,1017.11
2026-05-08 01:30:00,1016.9399999999999
2026-05-08 01:40:00,1016.93
2026-05-08 01:50:00,1016.8199999999999
2026-05-08 02:00:00,1016.7099999999999
2026-05-08 02:10:00,1016.5799999999999
2026-05-08 02:20:00,1016.51
2026-05-08 02:30:00,1016.4
2026-05-08 02:40:00,1016.34
2026-05-08 02:50:00,1016.27
2026-05-08 03:00:00,1016.16
2026-05-08 03:10:00,1016.27
2026-05-08 03:20:00,1016.3
2026-05-08 03:30:00,1016.25
2026-05-08 03:40:00,1016.31
2026-05-08 03:50:00,1016.35
2026-05-08 04:00:00,1016.39
2026-05-08 04:10:00,1016.4499999999999
2026-05-08 04:20:00,1016.5699999999999
2026-05-08 04:30:00,1016.67
2026-05-08 04:40:00,1016.6899999999999
2026-05-08 04:50:00,1016.78
2026-05-08 05:00:00,1016.97
2026-05-08 05:10:00,1017.11
2026-05-08 05:20:00,1017.2099999999999
2026-05-08 05:30:00,1017.3199999999999
2026-05-08 05:40:00,1017.52
2026-05-08 05:50:00,1017.65
2026-05-08 06:00:00,1017.74
2026-05-08 06:10:00,1017.81
2026-05-08 06:20:00,1017.89
2026-05-08 06:30:00,1018.11
2026-05-08 06:40:00,1018.35
2026-05-08 06:50:00,1018.5
2026-05-08 07:00:00,1018.6999999999999
2026-05-08 07:10:00,1018.77
2026-05-08 07:20:00,1018.88
2026-05-08 07:30:00,1018.98
2026-05-08 07:40:00,1019.0799999999999
2026-05-08 07:50:00,1019.11
2026-05-08 08:00:00,1019.06
2026-05-08 08:10:00,1019
2026-05-08 08:20:00,1018.98
2026-05-08 08:30:00,1018.9399999999999
2026-05-08 08:40:00,1018.88
2026-05-08 08:50:00,1018.84
2026-05-08 09:00:00,1018.89
2026-05-08 09:10:00,1018.8199999999999
2026-05-08 09:20:00,1018.72
2026-05-08 09:30:00,1018.65
2026-05-08 09:40:00,1018.68
2026-05-08 09:50:00,1018.65
2026-05-08 10:00:00,1018.61
2026-05-08 10:10:00,1018.5699999999999
2026-05-08 10:20:00,1018.53
2026-05-08 10:30:00,1018.39
2026-05-08 10:40:00,1018.26
2026-05-08 10:50:00,1018.1899999999999
2026-05-08 11:00:00,1018.1
2026-05-08 11:10:00,1018.04
2026-05-08 11:20:00,1017.8299999999999
2026-05-08 11:30:00,1017.81
2026-05-08 11:40:00,1017.61
2026-05-08 11:50:00,1017.34
2026-05-08 12:00:00,1017.15
2026-05-08 12:10:00,1017.14
2026-05-08 12:20:00,1016.99
2026-05-08 12:30:00,1016.88
2026-05-08 12:40:00,1016.74
2026-05-08 12:50:00,1016.61
2026-05-08 13:00:00,1016.37
2026-05-08 13:10:00,1016.37
2026-05-08 13:20:00,1016.23
2026-05-08 13:30:00,1015.9599999999999
2026-05-08 13:40:00,1015.88
2026-05-08 13:50:00,1015.87
2026-05-08 14:00:00,1015.81
2026-05-08 14:10:00,1015.73
2026-05-08 14:20:00,1015.64
2026-05-08 14:30:00,1015.66
2026-05-08 14:40:00,1015.61
2026-05-08 14:50:00,1015.52
2026-05-08 15:00:00,1015.4499999999999
2026-05-08 15:10:00,1015.4599999999999
2026-05-08 15:20:00,1015.49
2026-05-08 15:30:00,1015.38
2026-05-08 15:40:00,1015.47
2026-05-08 15:50:00,1015.3299999999999
2026-05-08 16:00:00,1015.3199999999999
2026-05-08 16:10:00,1015.27
2026-05-08 16:20:00,1015.25
2026-05-08 16:30:00,1015.1999999999999
2026-05-08 16:40:00,1015.24
2026-05-08 16:50:00,1015.37
2026-05-08 17:00:00,1015.4399999999999
2026-05-08 17:10:00,1015.61
2026-05-08 17:20:00,1015.6899999999999
2026-05-08 17:30:00,1015.63
2026-05-08 17:40:00,1015.65
2026-05-08 17:50:00,1015.6899999999999
2026-05-08 18:00:00,1015.9
2026-05-08 18:10:00,1015.9399999999999
2026-05-08 18:20:00,1015.98
2026-05-08 18:30:00,1016.06
2026-05-08 18:40:00,1016.13
2026-05-08 18:50:00,1016.11
2026-05-08 19:00:00,1016.24
2026-05-08 19:10:00,1016.22
2026-05-08 19:20:00,1016.29
2026-05-08 19:30:00,1016.34
2026-05-08 19:40:00,1016.39
2026-05-08 19:50:00,1016.5
2026-05-08 20:00:00,1016.62
2026-05-08 20:10:00,1016.72
2026-05-08 20:20:00,1016.66
2026-05-08 20:30:00,1016.66
2026-05-08 20:40:00,1016.63
2026-05-08 20:50:00,1016.73
2026-05-08 21:00:00,1016.88
2026-05-08 21:10:00,1016.86
2026-05-08 21:20:00,1016.9499999999999
2026-05-08 21:30:00,1017.06
2026-05-08 21:40:00,1017.18
2026-05-08 21:50:00,1017.1
2026-05-08 22:00:00,1017.1
2026-05-08 22:10:00,1017.1899999999999
2026-05-08 22:20:00,1017.11
2026-05-08 22:30:00,1017.0699999999999
2026-05-08 22:40:00,1017.02
2026-05-08 22:50:00,1016.87
2026-05-08 23:00:00,1016.8199999999999
2026-05-08 23:10:00,1016.78
2026-05-08 23:20:00,1016.67
2026-05-08 23:30:00,1016.63
2026-05-08 23:40:00,1016.5
2026-05-08 23:50:00,1016.36
2026-05-09 00:00:00,1016.29
2026-05-09 00:10:00,1016.23
2026-05-09 00:20:00,1016.09
2026-05-09 00:30:00,1015.9
2026-05-09 00:40:00,1015.73
2026-05-09 00:50:00,1015.75
2026-05-09 01:00:00,1015.61
2026-05-09 01:10:00,1015.4399999999999
2026-05-09 01:20:00,1015.4599999999999
2026-05-09 01:30:00,1015.27
2026-05-09 01:40:00,1015.18
2026-05-09 01:50:00,1015.23
2026-05-09 02:00:00,1015.04
2026-05-09 02:10:00,1015
2026-05-09 02:20:00,1014.84
2026-05-09 02:30:00,1014.79
2026-05-09 02:40:00,1014.9
2026-05-09 02:50:00,1014.89
2026-05-09 03:00:00,1014.84
2026-05-09 03:10:00,1014.75
2026-05-09 03:20:00,1014.75
2026-05-09 03:30:00,1014.74
2026-05-09 03:40:00,1014.77
2026-05-09 03:50:00,1014.79
2026-05-09 04:00:00,1014.88
2026-05-09 04:10:00,1015.0799999999999
2026-05-09 04:20:00,1015.1899999999999
2026-05-09 04:30:00,1015.18
2026-05-09 04:40:00,1015.22
2026-05-09 04:50:00,1015.42
2026-05-09 05:00:00,1015.43
2026-05-09 05:10:00,1015.39
2026-05-09 05:20:00,1015.77
2026-05-09 05:30:00,1015.78
2026-05-09 05:40:00,1016
2026-05-09 05:50:00,1016.13
2026-05-09 06:00:00,1016.16
2026-05-09 06:10:00,1016.5
2026-05-09 06:20:00,1016.64
2026-05-09 06:30:00,1016.77
2026-05-09 06:40:00,1016.93
2026-05-09 06:50:00,1017.1
2026-05-09 07:00:00,1017.14
2026-05-09 07:10:00,1017.18
2026-05-09 07:20:00,1017.34
2026-05-09 07:30:00,1017.41
2026-05-09 07:40:00,1017.77
2026-05-09 07:50:00,1017.76
2026-05-09 08:00:00,1017.8199999999999
2026-05-09 08:10:00,1017.88
2026-05-09 08:20:00,1017.9
2026-05-09 08:30:00,1017.91
2026-05-09 08:40:00,1017.78
2026-05-09 08:50:00,1017.8199999999999
2026-05-09 09:00:00,1017.92
2026-05-09 09:10:00,1017.81
2026-05-09 09:20:00,1017.67
2026-05-09 09:30:00,1017.59
2026-05-09 09:40:00,1017.53
2026-05-09 09:50:00,1017.31
2026-05-09 10:00:00,1017.1999999999999
2026-05-09 10:10:00,1017.22
2026-05-09 10:20:00,1017.05
2026-05-09 10:30:00,1016.9399999999999
2026-05-09 10:40:00,1016.87
2026-05-09 10:50:00,1016.8299999999999
2026-05-09 11:00:00,1016.75
2026-05-09 11:10:00,1016.5699999999999
2026-05-09 11:20:00,1016.52
2026-05-09 11:30:00,1016.4499999999999
2026-05-09 11:40:00,1016.42
2026-05-09 11:50:00,1016.42
2026-05-09 12:00:00,1016.22
2026-05-09 12:10:00,1016.17
2026-05-09 12:20:00,1015.9599999999999
2026-05-09 12:30:00,1015.87
2026-05-09 12:40:00,1015.64
2026-05-09 12:50:00,1015.49
2026-05-09 13:00:00,1015.34
2026-05-09 13:10:00,1015.28
2026-05-09 13:20:00,1015.2099999999999
2026-05-09 13:30:00,1015.04
2026-05-09 13:40:00,1015.03
2026-05-09 13:50:00,1015.01
2026-05-09 14:00:00,1014.79
2026-05-09 14:10:00,1014.67
2026-05-09 14:20:00,1014.5
2026-05-09 14:30:00,1014.4599999999999
2026-05-09 14:40:00,1014.54
2026-05-09 14:50:00,1014.54
2026-05-09 15:00:00,1014.5799999999999
2026-05-09 15:10:00,1014.49
2026-05-09 15:20:00,1014.4
2026-05-09 15:30:00,1014.4399999999999
2026-05-09 15:40:00,1014.47
2026-05-09 15:50:00,1014.5
2026-05-09 16:00:00,1014.43
2026-05-09 16:10:00,1014.5799999999999
2026-05-09 16:20:00,1014.7099999999999
2026-05-09 16:30:00,1014.6899999999999
2026-05-09 16:40:00,1014.6899999999999
2026-05-09 16:50:00,1014.8199999999999
2026-05-09 17:00:00,1014.75
2026-05-09 17:10:00,1014.86
2026-05-09 17:20:00,1015.06
2026-05-09 17:30:00,1015.12
2026-05-09 17:40:00,1015.36
2026-05-09 17:50:00,1015.3299999999999
2026-05-09 18:00:00,1015.4499999999999
2026-05-09 18:10:00,1015.55
2026-05-09 18:20:00,1015.6899999999999
2026-05-09 18:30:00,1015.8299999999999
2026-05-09 18:40:00,1015.9
2026-05-09 18:50:00,1016.01
2026-05-09 19:00:00,1016.17
2026-05-09 19:10:00,1016.1999999999999
2026-05-09 19:20:00,1016.39
2026-05-09 19:30:00,1016.4499999999999
2026-05-09 19:40:00,1016.54
2026-05-09 19:50:00,1016.64
2026-05-09 20:00:00,1016.7099999999999
2026-05-09 20:10:00,1016.78
2026-05-09 20:20:00,1016.9399999999999
2026-05-09 20:30:00,1016.99
2026-05-09 20:40:00,1017
2026-05-09 20:50:00,1017.11
2026-05-09 21:00:00,1017.01
2026-05-09 21:10:00,1017.18
2026-05-09 21:20:00,1017.29
2026-05-09 21:30:00,1017.26
2026-05-09 21:40:00,1017.38
2026-05-09 21:50:00,1017.28
2026-05-09 22:00:00,1017.31
2026-05-09 22:10:00,1017.39
2026-05-09 22:20:00,1017.25
2026-05-09 22:30:00,1017.14
2026-05-09 22:40:00,1016.99
2026-05-09 22:50:00,1017
2026-05-09 23:00:00,1016.92
2026-05-09 23:10:00,1016.81
2026-05-09 23:20:00,1016.8
2026-05-09 23:30:00,1016.7099999999999
2026-05-09 23:40:00,1016.6899999999999
2026-05-09 23:50:00,1016.62
2026-05-10 00:00:00,1016.61
2026-05-10 00:10:00,1016.55
2026-05-10 00:20:00,1016.36
2026-05-10 00:30:00,1016.4
2026-05-10 00:40:00,1016.35
2026-05-10 00:50:00,1016.27
2026-05-10 01:00:00,1016.1899999999999
2026-05-10 01:10:00,1016.18
2026-05-10 01:20:00,1016.03
2026-05-10 01:30:00,1016.09
2026-05-10 01:40:00,1016.02
2026-05-10 01:50:00,1016.0799999999999
2026-05-10 02:00:00,1016.0799999999999
2026-05-10 02:10:00,1016.06
2026-05-10 02:20:00,1015.8299999999999
2026-05-10 02:30:00,1015.9399999999999
2026-05-10 02:40:00,1015.9
2026-05-10 02:50:00,1015.9599999999999
2026-05-10 03:00:00,1016.06
2026-05-10 03:10:00,1016.18
2026-05-10 03:20:00,1016.39
2026-05-10 03:30:00,1016.38
2026-05-10 03:40:00,1016.52
2026-05-10 03:50:00,1016.5
2026-05-10 04:00:00,1016.51
2026-05-10 04:10:00,1016.5799999999999
2026-05-10 04:20:00,1016.67
2026-05-10 04:30:00,1016.73
2026-05-10 04:40:00,1016.75
2026-05-10 04:50:00,1017.03
2026-05-10 05:00:00,1017.0699999999999
2026-05-10 05:10:00,1017.14
2026-05-10 05:20:00,1017.39
2026-05-10 05:30:00,1017.62
2026-05-10 05:40:00,1017.6999999999999
2026-05-10 05:50:00,1017.6899999999999
2026-05-10 06:00:00,1017.77
2026-05-10 06:10:00,1017.6899999999999
2026-05-10 06:20:00,1017.77
2026-05-10 06:30:00,1017.9599999999999
2026-05-10 06:40:00,1017.98
2026-05-10 06:50:00,1018.17
2026-05-10 07:00:00,1018.29
2026-05-10 07:10:00,1018.35
2026-05-10 07:20:00,1018.5
2026-05-10 07:30:00,1018.77
2026-05-10 07:40:00,1018.89
2026-05-10 07:50:00,1019.12
2026-05-10 08:00:00,1019.1899999999999
2026-05-10 08:10:00,1019.31
2026-05-10 08:20:00,1019.49
2026-05-10 08:30:00,1019.52
2026-05-10 08:40:00,1019.4
2026-05-10 08:50:00,1019.424
2026-05-10 09:00:00,1019.6299999999999
2026-05-10 09:10:00,1019.8889285714286
2026-05-10 09:20:00,1019.575
2026-05-10 09:30:00,1019.25
2026-05-10 09:40:00,1019.3199999999999
2026-05-10 09:50:00,1019.3
2026-05-10 10:00:00,1019.3299999999999
2026-05-10 10:10:00,1019.15
2026-05-10 10:20:00,1019.03
2026-05-10 10:30:00,1018.9499999999999
2026-05-10 10:40:00,1018.87
2026-05-10 10:50:00,1018.78
2026-05-10 11:00:00,1018.73
2026-05-10 11:10:00,1018.61
2026-05-10 11:20:00,1018.4
2026-05-10 11:30:00,1018.37
2026-05-10 11:40:00,1018.23
2026-05-10 11:50:00,1018.23
2026-05-10 12:00:00,1018.17
2026-05-10 12:10:00,1018.14
2026-05-10 12:20:00,1017.93
2026-05-10 12:30:00,1017.75
2026-05-10 12:40:00,1017.74
2026-05-10 12:50:00,1017.72
2026-05-10 13:00:00,1017.51
2026-05-10 13:10:00,1017.4399999999999
2026-05-10 13:20:00,1017.28
2026-05-10 13:30:00,1017.34
2026-05-10 13:40:00,1017.13
2026-05-10 13:50:00,1017.05
2026-05-10 14:00:00,1017.05
2026-05-10 14:10:00,1017.02
2026-05-10 14:20:00,1016.86
2026-05-10 14:30:00,1016.92
2026-05-10 14:40:00,1016.93
2026-05-10 14:50:00,1016.8299999999999
2026-05-10 15:00:00,1016.89
2026-05-10 15:10:00,1016.88
2026-05-10 15:20:00,1016.8
2026-05-10 15:30:00,1016.81
2026-05-10 15:40:00,1016.85
2026-05-10 15:50:00,1016.9
2026-05-10 16:00:00,1016.88
2026-05-10 16:10:00,1016.9399999999999
2026-05-10 16:20:00,1017.01
2026-05-10 16:30:00,1017.16
2026-05-10 16:40:00,1017.25
2026-05-10 16:50:00,1017.38
2026-05-10 17:00:00,1017.4499999999999
2026-05-10 17:10:00,1017.52
2026-05-10 17:20:00,1017.52
2026-05-10 17:30:00,1017.55
2026-05-10 17:40:00,1017.6
2026-05-10 17:50:00,1017.74
2026-05-10 18:00:00,1017.85
2026-05-10 18:10:00,1017.98
2026-05-10 18:20:00,1018.04
2026-05-10 18:30:00,1018.1
2026-05-10 18:40:00,1018.0799999999999
2026-05-10 18:50:00,1018.14
2026-05-10 19:00:00,1018.31
2026-05-10 19:10:00,1018.4399999999999
2026-05-10 19:20:00,1018.4399999999999
2026-05-10 19:30:00,1018.61
2026-05-10 19:40:00,1018.72
2026-05-10 19:50:00,1018.77
2026-05-10 20:00:00,1018.89
2026-05-10 20:10:00,1019
2026-05-10 20:20:00,1019.0699999999999
2026-05-10 20:30:00,1019.22
2026-05-10 20:40:00,1019.41
2026-05-10 20:50:00,1019.4499999999999
2026-05-10 21:00:00,1019.4399999999999
2026-05-10 21:10:00,1019.41
2026-05-10 21:20:00,1019.43
2026-05-10 21:30:00,1019.54
2026-05-10 21:40:00,1019.68
2026-05-10 21:50:00,1019.7099999999999
2026-05-10 22:00:00,1019.8
2026-05-10 22:10:00,1019.77
2026-05-10 22:20:00,1019.75
2026-05-10 22:30:00,1019.6999999999999
2026-05-10 22:40:00,1019.48
2026-05-10 22:50:00,1019.42
2026-05-10 23:00:00,1019.27
2026-05-10 23:10:00,1019.11
2026-05-10 23:20:00,1019.23
2026-05-10 23:30:00,1019.13
2026-05-10 23:40:00,1018.97
2026-05-10 23:50:00,1018.78
2026-05-11 00:00:00,1018.66
2026-05-11 00:10:00,1018.42
2026-05-11 00:20:00,1018.3299999999999
2026-05-11 00:30:00,1018.25
2026-05-11 00:40:00,1018.23
2026-05-11 00:50:00,1018.26
2026-05-11 01:00:00,1018.17
2026-05-11 01:10:00,1018.11
2026-05-11 01:20:00,1018.03
2026-05-11 01:30:00,1017.86
2026-05-11 01:40:00,1017.74
2026-05-11 01:50:00,1017.67
2026-05-11 02:00:00,1017.63
2026-05-11 02:10:00,1017.7099999999999
2026-05-11 02:20:00,1017.75
2026-05-11 02:30:00,1017.91
2026-05-11 02:40:00,1017.89
2026-05-11 02:50:00,1017.9233333333333
2026-05-11 03:00:00,1017.9959999999999
2026-05-11 03:10:00,1017.86
2026-05-11 03:20:00,1018
2026-05-11 03:30:00,1017.97
2026-05-11 03:40:00,1018.03
2026-05-11 03:50:00,1018.13
2026-05-11 04:00:00,1018.22
2026-05-11 04:10:00,1018.28
2026-05-11 04:20:00,1018.2099999999999
2026-05-11 04:30:00,1018.29
2026-05-11 04:40:00,1018.37
2026-05-11 04:50:00,1018.35
2026-05-11 05:00:00,1018.4499999999999
2026-05-11 05:10:00,1018.4
2026-05-11 05:20:00,1018.4499999999999
2026-05-11 05:30:00,1018.54
2026-05-11 05:40:00,1018.4399999999999
2026-05-11 05:50:00,1018.6
2026-05-11 06:00:00,1018.63
2026-05-11 06:10:00,1018.84
2026-05-11 06:20:00,1019.1
2026-05-11 06:30:00,1019.3299999999999
2026-05-11 06:40:00,1019.6
2026-05-11 06:50:00,1019.81
2026-05-11 07:00:00,1020.06
2026-05-11 07:10:00,1020.22
2026-05-11 07:20:00,1020.17
2026-05-11 07:30:00,1020.26
2026-05-11 07:40:00,1020.3
2026-05-11 07:50:00,1020.22
2026-05-11 08:00:00,1020.1999999999999
2026-05-11 08:10:00,1020.31
2026-05-11 08:20:00,1020.3199999999999
2026-05-11 08:30:00,1020.25
2026-05-11 08:40:00,1020.3
2026-05-11 08:50:00,1020.1999999999999
2026-05-11 09:00:00,1020.1999999999999
2026-05-11 09:10:00,1020.16
2026-05-11 09:20:00,1020.0799999999999
2026-05-11 09:30:00,1020.16
2026-05-11 09:40:00,1020.1899999999999
2026-05-11 09:50:00,1020.31
2026-05-11 10:00:00,1020.39
2026-05-11 10:10:00,1020.36
2026-05-11 10:20:00,1020.26
2026-05-11 10:30:00,1020.2099999999999
2026-05-11 10:40:00,1020.12
2026-05-11 10:50:00,1019.99
2026-05-11 11:00:00,1019.89
2026-05-11 11:10:00,1019.81
2026-05-11 11:20:00,1019.73
2026-05-11 11:30:00,1019.5699999999999
2026-05-11 11:40:00,1019.5699999999999
2026-05-11 11:50:00,1019.4399999999999
2026-05-11 12:00:00,1019.49
2026-05-11 12:10:00,1019.22
2026-05-11 12:20:00,1018.92
2026-05-11 12:30:00,1018.87
2026-05-11 12:40:00,1018.86
2026-05-11 12:50:00,1018.72
2026-05-11 13:00:00,1018.64
2026-05-11 13:10:00,1018.43
2026-05-11 13:20:00,1018.16
2026-05-11 13:30:00,1017.92
2026-05-11 13:40:00,1017.76
2026-05-11 13:50:00,1017.6899999999999
2026-05-11 14:00:00,1017.59
2026-05-11 14:10:00,1017.61
2026-05-11 14:20:00,1017.54
2026-05-11 14:30:00,1017.38
2026-05-11 14:40:00,1017.18
2026-05-11 14:50:00,1017.14
2026-05-11 15:00:00,1017.0799999999999
2026-05-11 15:10:00,1017.0699999999999
2026-05-11 15:20:00,1017.1
2026-05-11 15:30:00,1016.98
2026-05-11 15:40:00,1017.04
2026-05-11 15:50:00,1017.14
2026-05-11 16:00:00,1017.35
2026-05-11 16:10:00,1017.31
2026-05-11 16:20:00,1017.29
2026-05-11 16:30:00,1017.43
2026-05-11 16:40:00,1017.4499999999999
2026-05-11 16:50:00,1017.43
2026-05-11 17:00:00,1017.48
2026-05-11 17:10:00,1017.68
2026-05-11 17:20:00,1017.63
2026-05-11 17:30:00,1017.6999999999999
2026-05-11 17:40:00,1017.6999999999999
2026-05-11 17:50:00,1017.75
2026-05-11 18:00:00,1017.8199999999999
2026-05-11 18:10:00,1017.89
2026-05-11 18:20:00,1017.97
2026-05-11 18:30:00,1018.02
2026-05-11 18:40:00,1018.11
2026-05-11 18:50:00,1018.25
2026-05-11 19:00:00,1018.296923076923
2026-05-11 19:10:00,1018.14
2026-05-11 19:20:00,1018.39
2026-05-11 19:30:00,1018.51
2026-05-11 19:40:00,1018.67
2026-05-11 19:50:00,1018.76
2026-05-11 20:00:00,1018.8299999999999
2026-05-11 20:10:00,1018.9599999999999
2026-05-11 20:20:00,1019.0699999999999
2026-05-11 20:30:00,1019.05
2026-05-11 20:40:00,1019.15
2026-05-11 20:50:00,1019.22
2026-05-11 21:00:00,1019.3
2026-05-11 21:10:00,1019.36
2026-05-11 21:20:00,1019.36
2026-05-11 21:30:00,1019.27
2026-05-11 21:40:00,1019.36
2026-05-11 21:50:00,1019.41
2026-05-11 22:00:00,1019.52
2026-05-11 22:10:00,1019.35
2026-05-11 22:20:00,1019.4
2026-05-11 22:30:00,1019.43
2026-05-11 22:40:00,1019.43
2026-05-11 22:50:00,1019.39
2026-05-11 23:00:00,1019.39
2026-05-11 23:10:00,1019.34
2026-05-11 23:20:00,1019.22
2026-05-11 23:30:00,1019.0699999999999
2026-05-11 23:40:00,1018.9499999999999
2026-05-11 23:50:00,1018.68
2026-05-12 00:00:00,1018.6
2026-05-12 00:10:00,1018.5799999999999
2026-05-12 00:20:00,1018.43
2026-05-12 00:30:00,1018.43
2026-05-12 00:40:00,1018.36
2026-05-12 00:50:00,1018.3
2026-05-12 01:00:00,1018.12
2026-05-12 01:10:00,1017.98
2026-05-12 01:20:00,1017.85
2026-05-12 01:30:00,1017.91
2026-05-12 01:40:00,1017.79
2026-05-12 01:50:00,1017.66
2026-05-12 02:00:00,1017.5799999999999
2026-05-12 02:10:00,1017.6999999999999
2026-05-12 02:20:00,1017.64
2026-05-12 02:30:00,1017.65
2026-05-12 02:40:00,1017.61
2026-05-12 02:50:00,1017.6899999999999
2026-05-12 03:00:00,1017.59
2026-05-12 03:10:00,1017.59
2026-05-12 03:20:00,1017.5699999999999
2026-05-12 03:30:00,1017.5699999999999
2026-05-12 03:40:00,1017.68
2026-05-12 03:50:00,1017.78
2026-05-12 04:00:00,1017.8299999999999
2026-05-12 04:10:00,1017.84
2026-05-12 04:20:00,1017.94
2026-05-12 04:30:00,1018.165
2026-05-12 04:40:00,1018.2425
2026-05-12 04:50:00,1018.3299999999999
2026-05-12 05:00:00,1018.605
2026-05-12 05:10:00,1018.76
2026-05-12 05:20:00,1018.85
2026-05-12 05:30:00,1019.05
2026-05-12 05:40:00,1018.99
2026-05-12 05:50:00,1019.06
2026-05-12 06:00:00,1019.3
2026-05-12 06:10:00,1019.53
2026-05-12 06:20:00,1019.5699999999999
2026-05-12 06:30:00,1019.7549999999999
2026-05-12 06:40:00,1020.02
2026-05-12 06:50:00,1020.04
2026-05-12 07:00:00,1020.24
2026-05-12 07:10:00,1020.29
2026-05-12 07:20:00,1020.5
2026-05-12 07:30:00,1020.9
2026-05-12 07:40:00,1020.84
2026-05-12 07:50:00,1020.73
2026-05-12 08:00:00,1020.77
2026-05-12 08:10:00,1020.8
2026-05-12 08:20:00,1020.86
2026-05-12 08:30:00,1021.01
2026-05-12 08:40:00,1021.03
2026-05-12 08:50:00,1020.9499999999999
2026-05-12 09:00:00,1020.9499999999999
2026-05-12 09:10:00,1020.8199999999999
2026-05-12 09:20:00,1020.75
2026-05-12 09:30:00,1020.74
2026-05-12 09:40:00,1020.75
2026-05-12 09:50:00,1020.6999999999999
2026-05-12 10:00:00,1020.76
2026-05-12 10:10:00,1020.6999999999999
2026-05-12 10:20:00,1020.68
2026-05-12 10:30:00,1020.65
2026-05-12 10:40:00,1020.66
2026-05-12 10:50:00,1020.55
2026-05-12 11:00:00,1020.5699999999999
2026-05-12 11:10:00,1020.4399999999999
2026-05-12 11:20:00,1020.3299999999999
2026-05-12 11:30:00,1020.17
2026-05-12 12:30:00,1019.29
2026-05-12 12:40:00,1019
2026-05-12 12:50:00,1018.86
2026-05-12 13:00:00,1018.75
2026-05-12 13:10:00,1018.63
2026-05-12 13:20:00,1018.51
2026-05-12 13:30:00,1018.1899999999999
2026-05-12 13:40:00,1018.05
2026-05-12 13:50:00,1017.98
2026-05-12 14:00:00,1017.85
2026-05-12 14:10:00,1017.79
2026-05-12 14:20:00,1017.53
2026-05-12 14:30:00,1017.4599999999999
2026-05-12 14:40:00,1017.4499999999999
2026-05-12 14:50:00,1017.43
2026-05-12 15:00:00,1017.3299999999999
2026-05-12 15:10:00,1017.29
2026-05-12 15:20:00,1017.3299999999999
2026-05-12 15:30:00,1017.42
2026-05-12 15:40:00,1017.37
2026-05-12 15:50:00,1017.47
2026-05-12 16:00:00,1017.55
2026-05-12 16:10:00,1017.62
2026-05-12 16:20:00,1017.6
2026-05-12 16:30:00,1017.68
2026-05-12 16:40:00,1017.72
2026-05-12 16:50:00,1017.6899999999999
2026-05-12 17:00:00,1017.81
2026-05-12 17:10:00,1017.9399999999999
2026-05-12 17:20:00,1017.97
2026-05-12 17:30:00,1017.98
2026-05-12 17:40:00,1018.1
2026-05-12 17:50:00,1018.295
2026-05-12 18:00:00,1018.47
2026-05-12 18:10:00,1018.54
2026-05-12 18:20:00,1018.5799999999999
2026-05-12 18:30:00,1018.66
2026-05-12 18:40:00,1018.8199999999999
2026-05-12 18:50:00,1018.93
2026-05-12 19:00:00,1018.89
2026-05-12 19:10:00,1018.9599999999999
2026-05-12 19:20:00,1018.99
2026-05-12 19:30:00,1018.92
2026-05-12 19:40:00,1019.02
2026-05-12 19:50:00,1018.98
2026-05-12 20:00:00,1019.01
2026-05-12 20:10:00,1019.16
2026-05-12 20:20:00,1019.26
2026-05-12 20:30:00,1019.27
2026-05-12 20:40:00,1019.34
2026-05-12 20:50:00,1019.5
2026-05-12 21:00:00,1019.54
2026-05-12 21:10:00,1019.62
2026-05-12 21:20:00,1019.65
2026-05-12 21:30:00,1019.75
2026-05-12 21:40:00,1019.6999999999999
2026-05-12 21:50:00,1019.68
2026-05-12 22:00:00,1019.49
2026-05-12 22:10:00,1019.37
2026-05-12 22:20:00,1019.23
2026-05-12 22:30:00,1019.17
2026-05-12 22:40:00,1019.0799999999999
2026-05-12 22:50:00,1019.14
2026-05-12 23:00:00,1018.8199999999999
2026-05-12 23:10:00,1018.65
2026-05-12 23:20:00,1018.73
2026-05-12 23:30:00,1018.9399999999999
2026-05-12 23:40:00,1019.04
2026-05-12 23:50:00,1018.77
2026-05-13 00:00:00,1018.6999999999999
2026-05-13 00:10:00,1018.38
2026-05-13 00:20:00,1018.38
2026-05-13 00:30:00,1018.38
2026-05-13 00:40:00,1018.38
2026-05-13 00:50:00,1018.54
2026-05-13 01:00:00,1018.84
2026-05-13 01:10:00,1018.56
2026-05-13 01:20:00,1018.42
2026-05-13 01:30:00,1018.43
2026-05-13 01:40:00,1018.62
2026-05-13 01:50:00,1018.74
2026-05-13 02:00:00,1018.67
2026-05-13 02:10:00,1018.6
2026-05-13 02:20:00,1018.6999999999999
2026-05-13 02:30:00,1018.81
2026-05-13 02:40:00,1018.88
2026-05-13 02:50:00,1018.96
2026-05-13 03:00:00,1018.985
2026-05-13 03:10:00,1019.0514285714283
2026-05-13 03:20:00,1019.07
2026-05-13 03:30:00,1019.18
2026-05-13 03:40:00,1019.18
2026-05-13 03:50:00,1019.115
2026-05-13 04:00:00,1019.1
2026-05-13 04:10:00,1019.04
2026-05-13 04:20:00,1019.1
2026-05-13 04:30:00,1019.265
2026-05-13 04:40:00,1019.385
2026-05-13 04:50:00,1019.42
2026-05-13 05:00:00,1019.54
2026-05-13 05:10:00,1019.61
2026-05-13 05:20:00,1019.65
2026-05-13 05:30:00,1019.535
2026-05-13 05:40:00,1019.42
2026-05-13 05:50:00,1019.53
2026-05-13 06:00:00,1019.61
2026-05-13 06:10:00,1019.59
2026-05-13 06:20:00,1019.51
2026-05-13 06:30:00,1019.5799999999999
2026-05-13 06:40:00,1019.74
2026-05-13 06:50:00,1019.93
2026-05-13 07:00:00,1020.1999999999999
2026-05-13 07:10:00,1020.6899999999999
2026-05-13 07:20:00,1020.91
2026-05-13 07:30:00,1021.01
2026-05-13 07:40:00,1021.11
2026-05-13 07:50:00,1021.27
2026-05-13 08:00:00,1021.47
2026-05-13 08:10:00,1021.55
2026-05-13 08:20:00,1021.4499999999999
2026-05-13 08:30:00,1021.4399999999999
2026-05-13 08:40:00,1021.29
2026-05-13 08:50:00,1021.16
2026-05-13 09:00:00,1020.99
2026-05-13 09:10:00,1020.87
2026-05-13 09:20:00,1020.9499999999999
2026-05-13 09:30:00,1020.9399999999999
2026-05-13 09:40:00,1020.6899999999999
2026-05-13 09:50:00,1020.76
2026-05-13 10:00:00,1020.68
2026-05-13 10:10:00,1020.54
2026-05-13 10:20:00,1020.4599999999999
2026-05-13 10:30:00,1020.4
2026-05-13 10:40:00,1020.13
2026-05-13 10:50:00,1020.12
2026-05-13 11:00:00,1020.01
2026-05-13 11:10:00,1019.97
2026-05-13 11:20:00,1019.92
2026-05-13 11:30:00,1019.97
2026-05-13 11:40:00,1019.86
2026-05-13 11:50:00,1019.6999999999999
2026-05-13 12:00:00,1019.55
2026-05-13 12:10:00,1019.39
2026-05-13 12:20:00,1019.24
2026-05-13 12:30:00,1019.04
2026-05-13 12:40:00,1018.79
2026-05-13 12:50:00,1018.55
2026-05-13 13:00:00,1018.3
2026-05-13 13:10:00,1018.13
2026-05-13 13:20:00,1017.9399999999999
2026-05-13 13:30:00,1017.7099999999999
2026-05-13 13:40:00,1017.56
2026-05-13 13:50:00,1017.4499999999999
2026-05-13 14:00:00,1017.42
2026-05-13 14:10:00,1017.26
2026-05-13 14:20:00,1017.22
2026-05-13 14:30:00,1017.18
2026-05-13 14:40:00,1017.1899999999999
2026-05-13 14:50:00,1017.29
2026-05-13 15:00:00,1017.34
2026-05-13 15:10:00,1017.23
2026-05-13 15:20:00,1017.24
2026-05-13 15:30:00,1017.34
2026-05-13 15:40:00,1017.34
2026-05-13 15:50:00,1017.35
2026-05-13 16:00:00,1017.14
2026-05-13 16:10:00,1017.22
2026-05-13 16:20:00,1017.3199999999999
2026-05-13 16:30:00,1017.31
2026-05-13 16:40:00,1017.43
2026-05-13 16:50:00,1017.54
2026-05-13 17:00:00,1017.61
2026-05-13 17:10:00,1017.6899999999999
2026-05-13 17:20:00,1017.72
2026-05-13 17:30:00,1017.7099999999999
2026-05-13 17:40:00,1017.68
2026-05-13 17:50:00,1017.6
2026-05-13 18:00:00,1017.61
2026-05-13 18:10:00,1017.6
2026-05-13 18:20:00,1017.61
2026-05-13 18:30:00,1017.72
2026-05-13 18:40:00,1017.86
2026-05-13 18:50:00,1017.97
2026-05-13 19:00:00,1018.15
2026-05-13 19:10:00,1018.22
2026-05-13 19:20:00,1018.4
2026-05-13 19:30:00,1018.59
2026-05-13 19:40:00,1018.65
2026-05-13 19:50:00,1018.77
2026-05-13 20:00:00,1018.84
2026-05-13 20:10:00,1018.9399999999999
2026-05-13 20:20:00,1019.01
2026-05-13 20:30:00,1019
2026-05-13 20:40:00,1019.04
2026-05-13 20:50:00,1019.16
2026-05-13 21:00:00,1019.15
2026-05-13 21:10:00,1019.1
2026-05-13 21:20:00,1019.12
2026-05-13 21:30:00,1019.13
2026-05-13 21:40:00,1019.13
2026-05-13 21:50:00,1019.11
2026-05-13 22:00:00,1019.05
2026-05-13 22:10:00,1019.03
2026-05-13 22:20:00,1018.86
2026-05-13 22:30:00,1018.68
2026-05-13 22:40:00,1018.59
2026-05-13 22:50:00,1018.4
2026-05-13 23:00:00,1018.5
2026-05-13 23:10:00,1018.42
2026-05-13 23:20:00,1018.3
2026-05-13 23:30:00,1018.1999999999999
2026-05-13 23:40:00,1018.12
2026-05-13 23:50:00,1018.0699999999999
2026-05-14 00:00:00,1018.02
2026-05-14 00:10:00,1017.97
2026-05-14 00:20:00,1018.04
2026-05-14 00:30:00,1017.89
2026-05-14 00:40:00,1017.73
2026-05-14 00:50:00,1017.73
2026-05-14 01:00:00,1017.61
2026-05-14 01:10:00,1017.5
2026-05-14 01:20:00,1017.38
2026-05-14 01:30:00,1017.23
2026-05-14 01:40:00,1017.13
2026-05-14 01:50:00,1017.0799999999999
2026-05-14 02:00:00,1017.03
2026-05-14 02:10:00,1016.89
2026-05-14 02:20:00,1016.9
2026-05-14 02:30:00,1016.8
2026-05-14 02:40:00,1016.87
2026-05-14 02:50:00,1016.88
2026-05-14 03:00:00,1016.93
2026-05-14 03:10:00,1016.8299999999999
2026-05-14 03:20:00,1016.86
2026-05-14 03:30:00,1016.85
2026-05-14 03:40:00,1016.9599999999999
2026-05-14 03:50:00,1017.15
2026-05-14 04:00:00,1017.13
2026-05-14 04:10:00,1017.04
2026-05-14 04:20:00,1017.0799999999999
2026-05-14 04:30:00,1017.03
2026-05-14 04:40:00,1017.11
2026-05-14 04:50:00,1017.27
2026-05-14 05:00:00,1017.35
2026-05-14 05:10:00,1017.43
2026-05-14 05:20:00,1017.54
2026-05-14 05:30:00,1017.72
2026-05-14 05:40:00,1017.8199999999999
2026-05-14 05:50:00,1017.88
2026-05-14 06:00:00,1018.12
2026-05-14 06:10:00,1018.3199999999999
2026-05-14 06:20:00,1018.43
2026-05-14 06:30:00,1018.35
2026-05-14 06:40:00,1018.54
2026-05-14 06:50:00,1018.65
2026-05-14 07:00:00,1018.93
2026-05-14 07:10:00,1019.1899999999999
2026-05-14 07:20:00,1019.3199999999999
2026-05-14 07:30:00,1019.4499999999999
2026-05-14 07:40:00,1019.61
2026-05-14 07:50:00,1019.5699999999999
2026-05-14 08:00:00,1019.5799999999999
2026-05-14 08:10:00,1019.7099999999999
2026-05-14 08:20:00,1019.74
2026-05-14 08:30:00,1019.89
2026-05-14 08:40:00,1019.9399999999999
2026-05-14 08:50:00,1020
2026-05-14 09:00:00,1020.13
2026-05-14 09:10:00,1020.15
2026-05-14 09:20:00,1020.06
2026-05-14 09:30:00,1020.01
2026-05-14 09:40:00,1020.01
2026-05-14 09:50:00,1020.0699999999999
2026-05-14 10:00:00,1020.1
2026-05-14 10:10:00,1020.26
2026-05-14 10:20:00,1020
2026-05-14 10:30:00,1019.98
2026-05-14 10:40:00,1019.9
2026-05-14 10:50:00,1019.75
2026-05-14 11:00:00,1019.76
2026-05-14 11:10:00,1019.65
2026-05-14 11:20:00,1019.51
2026-05-14 11:30:00,1019.47
2026-05-14 11:40:00,1019.42
2026-05-14 11:50:00,1019.39
2026-05-14 12:00:00,1019.22
2026-05-14 12:10:00,1019.11
2026-05-14 12:20:00,1018.91
2026-05-14 12:30:00,1018.59
2026-05-14 12:40:00,1018.39
2026-05-14 12:50:00,1018.17
2026-05-14 13:00:00,1018.01
2026-05-14 13:10:00,1017.78
2026-05-14 13:20:00,1017.76
2026-05-14 13:30:00,1017.68
2026-05-14 13:40:00,1017.5
2026-05-14 13:50:00,1017.4599999999999
2026-05-14 14:00:00,1017.43
2026-05-14 14:10:00,1017.29
2026-05-14 14:20:00,1017.14
2026-05-14 14:30:00,1017.18
2026-05-14 14:40:00,1017.17
2026-05-14 14:50:00,1016.9499999999999
2026-05-14 15:00:00,1016.9499999999999
2026-05-14 15:10:00,1016.81
2026-05-14 15:20:00,1016.88
2026-05-14 15:30:00,1016.98
2026-05-14 15:40:00,1017
2026-05-14 15:50:00,1017.14
2026-05-14 16:00:00,1017.17
2026-05-14 16:10:00,1017.3299999999999
2026-05-14 16:20:00,1017.4
2026-05-14 16:30:00,1017.47
2026-05-14 16:40:00,1017.39
2026-05-14 16:50:00,1017.5
2026-05-14 17:00:00,1017.48
2026-05-14 17:10:00,1017.3
2026-05-14 17:20:00,1017.29
2026-05-14 17:30:00,1017.43
2026-05-14 17:40:00,1017.5699999999999
2026-05-14 17:50:00,1017.67
2026-05-14 18:00:00,1017.65
2026-05-14 18:10:00,1017.72
2026-05-14 18:20:00,1017.65
2026-05-14 18:30:00,1017.7099999999999
2026-05-14 18:40:00,1017.8299999999999
2026-05-14 18:50:00,1017.88
2026-05-14 19:00:00,1018.02
2026-05-14 19:10:00,1018.1
2026-05-14 19:20:00,1018.22
2026-05-14 19:30:00,1018.25
2026-05-14 19:40:00,1018.35
2026-05-14 19:50:00,1018.38
2026-05-14 20:00:00,1018.5
2026-05-14 20:10:00,1018.7099999999999
2026-05-14 20:20:00,1018.85
2026-05-14 20:30:00,1019
2026-05-14 20:40:00,1019.02
2026-05-14 20:50:00,1019.1899999999999
2026-05-14 21:00:00,1019.35
2026-05-14 21:10:00,1019.42
2026-05-14 21:20:00,1019.51
2026-05-14 21:30:00,1019.7099999999999
2026-05-14 21:40:00,1019.81
2026-05-14 21:50:00,1019.8299999999999
2026-05-14 22:00:00,1019.8199999999999
2026-05-14 22:10:00,1019.86
2026-05-14 22:20:00,1019.8299999999999
2026-05-14 22:30:00,1019.79
2026-05-14 22:40:00,1019.65
2026-05-14 22:50:00,1019.4599999999999
2026-05-14 23:00:00,1019.4499999999999
2026-05-14 23:10:00,1019.3299999999999
2026-05-14 23:20:00,1019.2099999999999
2026-05-14 23:30:00,1019.1899999999999
2026-05-14 23:40:00,1019.04
2026-05-14 23:50:00,1019.01
2026-05-15 00:00:00,1018.8
2026-05-15 00:10:00,1018.75
2026-05-15 00:20:00,1018.65
2026-05-15 00:30:00,1018.75
2026-05-15 00:40:00,1018.68
2026-05-15 00:50:00,1018.48
2026-05-15 01:00:00,1018.42
2026-05-15 01:10:00,1018.26
2026-05-15 01:20:00,1018.14
2026-05-15 01:30:00,1018.04
2026-05-15 01:40:00,1017.9499999999999
2026-05-15 01:50:00,1017.79
2026-05-15 02:00:00,1017.66
2026-05-15 02:10:00,1017.52
2026-05-15 02:20:00,1017.4499999999999
2026-05-15 02:30:00,1017.3
2026-05-15 02:40:00,1017.24
2026-05-15 02:50:00,1017.17
2026-05-15 03:00:00,1017.24
2026-05-15 03:10:00,1017.2099999999999
2026-05-15 03:20:00,1017.34
2026-05-15 03:30:00,1017.35
2026-05-15 03:40:00,1017.41
2026-05-15 03:50:00,1017.49
2026-05-15 04:00:00,1017.43
2026-05-15 04:10:00,1017.4399999999999
2026-05-15 04:20:00,1017.52
2026-05-15 04:30:00,1017.53
2026-05-15 04:40:00,1017.59
2026-05-15 04:50:00,1017.6
2026-05-15 05:00:00,1017.52
2026-05-15 05:20:00,1017.53
2026-05-15 05:30:00,1017.52
2026-05-15 05:40:00,1017.54
2026-05-15 05:50:00,1017.64
2026-05-15 06:00:00,1017.91
2026-05-15 06:10:00,1018.11
2026-05-15 06:20:00,1018.26
2026-05-15 06:30:00,1018.38
2026-05-15 06:40:00,1018.5
2026-05-15 06:50:00,1018.49
2026-05-15 07:00:00,1018.5799999999999
2026-05-15 07:10:00,1018.6899999999999
2026-05-15 07:20:00,1018.68
2026-05-15 07:30:00,1018.85
2026-05-15 07:40:00,1018.9399999999999
2026-05-15 07:50:00,1019.14
2026-05-15 08:00:00,1019.37
2026-05-15 08:10:00,1019.48
2026-05-15 08:20:00,1019.47
2026-05-15 08:30:00,1019.35
2026-05-15 08:40:00,1019.51
2026-05-15 08:50:00,1019.61
2026-05-15 09:00:00,1019.78
2026-05-15 09:10:00,1019.91
2026-05-15 09:20:00,1019.97
2026-05-15 09:30:00,1020.16
2026-05-15 09:40:00,1020.36
2026-05-15 09:50:00,1020.4399999999999
2026-05-15 10:00:00,1020.4
2026-05-15 10:10:00,1020.51
2026-05-15 10:20:00,1020.4
2026-05-15 10:30:00,1020.37
2026-05-15 10:40:00,1020.29
2026-05-15 10:50:00,1020.1899999999999
2026-05-15 11:00:00,1020.27
2026-05-15 11:10:00,1020.1899999999999
2026-05-15 11:20:00,1020.13
2026-05-15 11:30:00,1020.1899999999999
2026-05-15 11:40:00,1020.11
2026-05-15 11:50:00,1020.14
2026-05-15 12:00:00,1020.185
2026-05-15 12:10:00,1020.058
2026-05-15 12:20:00,1019.97
2026-05-15 12:50:00,1018.87
2026-05-15 13:00:00,1018.59
2026-05-15 13:10:00,1018.415
2026-05-15 13:20:00,1018.3233333333333
2026-05-15 13:30:00,1018.0899999999999
2026-05-15 13:40:00,1017.87
2026-05-15 13:50:00,1017.6899999999999
2026-05-15 14:00:00,1017.55
2026-05-15 14:10:00,1017.4
2026-05-15 14:20:00,1017.49
2026-05-15 14:30:00,1017.4599999999999
2026-05-15 14:40:00,1017.43
2026-05-15 14:50:00,1017.4399999999999
2026-05-15 15:00:00,1017.39
2026-05-15 15:10:00,1017.3299999999999
2026-05-15 15:20:00,1017.29
2026-05-15 15:30:00,1017.31
2026-05-15 15:40:00,1017.38
2026-05-15 15:50:00,1017.29
2026-05-15 16:00:00,1017.37
2026-05-15 16:10:00,1017.38
2026-05-15 16:20:00,1017.24
2026-05-15 16:30:00,1017.15
2026-05-15 16:40:00,1017.11
2026-05-15 16:50:00,1017.17
2026-05-15 17:00:00,1017.36
2026-05-15 17:10:00,1017.3299999999999
2026-05-15 17:20:00,1017.25
2026-05-15 17:30:00,1017.26
2026-05-15 17:40:00,1017.24
2026-05-15 17:50:00,1017.31
2026-05-15 18:00:00,1017.42
2026-05-15 18:10:00,1017.48
2026-05-15 18:20:00,1017.74
2026-05-15 18:30:00,1017.77
2026-05-15 18:40:00,1017.9399999999999
2026-05-15 18:50:00,1018.16
2026-05-15 19:00:00,1018.28
2026-05-15 19:10:00,1018.47
2026-05-15 19:20:00,1018.6
2026-05-15 19:30:00,1018.52
2026-05-15 19:40:00,1018.54
2026-05-15 19:50:00,1018.54
2026-05-15 20:00:00,1018.67
2026-05-15 20:10:00,1018.81
2026-05-15 20:20:00,1018.8199999999999
2026-05-15 20:30:00,1018.89
2026-05-15 20:40:00,1019.01
2026-05-15 20:50:00,1019.05
2026-05-15 21:00:00,1019.34
2026-05-15 21:10:00,1019.0699999999999
2026-05-15 21:20:00,1019.17
2026-05-15 21:30:00,1019.23
2026-05-15 21:40:00,1019.29
2026-05-15 21:50:00,1019.29
2026-05-15 22:00:00,1019.28
2026-05-15 22:10:00,1019.25
2026-05-15 22:20:00,1019.3
2026-05-15 22:30:00,1019.3299999999999
2026-05-15 22:40:00,1019.23
2026-05-15 22:50:00,1019.13
2026-05-15 23:00:00,1018.98
2026-05-15 23:10:00,1018.91
2026-05-15 23:20:00,1018.91
2026-05-15 23:30:00,1018.73
2026-05-15 23:40:00,1018.86
2026-05-15 23:50:00,1018.77
2026-05-16 00:00:00,1018.55
2026-05-16 00:10:00,1018.41
2026-05-16 00:20:00,1018.22
2026-05-16 00:30:00,1018.06
2026-05-16 00:40:00,1017.97
2026-05-16 00:50:00,1017.86
2026-05-16 01:00:00,1017.76
2026-05-16 01:10:00,1017.65
2026-05-16 01:20:00,1017.6
2026-05-16 01:30:00,1017.54
2026-05-16 01:40:00,1017.4
2026-05-16 01:50:00,1017.1899999999999
2026-05-16 02:00:00,1017.06
2026-05-16 02:10:00,1016.92
2026-05-16 02:20:00,1016.81
2026-05-16 02:30:00,1016.78
2026-05-16 02:40:00,1016.77
2026-05-16 02:50:00,1016.73
2026-05-16 03:00:00,1016.6999999999999
2026-05-16 03:10:00,1016.78
2026-05-16 03:20:00,1016.88
2026-05-16 03:30:00,1016.85
2026-05-16 03:40:00,1016.8299999999999
2026-05-16 03:50:00,1016.6899999999999
2026-05-16 04:00:00,1016.5699999999999
2026-05-16 04:10:00,1016.4399999999999
2026-05-16 04:20:00,1016.54
2026-05-16 04:30:00,1016.5
2026-05-16 04:40:00,1016.47
2026-05-16 04:50:00,1016.5
2026-05-16 05:00:00,1016.8199999999999
2026-05-16 05:10:00,1016.9599999999999
2026-05-16 05:20:00,1017
2026-05-16 05:30:00,1017.12
2026-05-16 05:40:00,1017.1899999999999
2026-05-16 05:50:00,1017.22
2026-05-16 06:00:00,1017.52
2026-05-16 06:10:00,1017.99
2026-05-16 06:20:00,1018.14
2026-05-16 06:30:00,1018.1899999999999
2026-05-16 06:40:00,1018.31
2026-05-16 06:50:00,1018.3299999999999
2026-05-16 07:00:00,1018.29
2026-05-16 07:10:00,1018.47
2026-05-16 07:20:00,1018.56
2026-05-16 07:30:00,1018.47
2026-05-16 07:40:00,1018.64
2026-05-16 07:50:00,1018.72
2026-05-16 08:00:00,1018.9
2026-05-16 08:10:00,1018.91
2026-05-16 08:20:00,1018.9
2026-05-16 08:30:00,1018.9399999999999
2026-05-16 08:40:00,1018.89
2026-05-16 08:50:00,1019.2099999999999
2026-05-16 09:00:00,1019.39
2026-05-16 09:10:00,1019.3
2026-05-16 09:20:00,1019.62
2026-05-16 09:30:00,1019.81
2026-05-16 09:40:00,1019.68
2026-05-16 09:50:00,1019.54
2026-05-16 10:00:00,1019.6999999999999
2026-05-16 10:10:00,1019.8
2026-05-16 10:20:00,1019.8299999999999
2026-05-16 10:30:00,1020.02
2026-05-16 10:40:00,1019.91
2026-05-16 10:50:00,1019.77
2026-05-16 11:00:00,1019.4449999999999
2026-05-16 11:10:00,1019.12
2026-05-16 11:20:00,1018.9399999999999
2026-05-16 11:30:00,1018.79
2026-05-16 11:40:00,1018.8199999999999
2026-05-16 11:50:00,1018.81
2026-05-16 12:00:00,1018.61
2026-05-16 12:10:00,1018.42
2026-05-16 12:20:00,1018.2099999999999
2026-05-16 12:30:00,1018.15
2026-05-16 12:40:00,1018.02
2026-05-16 12:50:00,1017.75
2026-05-16 13:00:00,1017.39
2026-05-16 13:10:00,1017.0699999999999
2026-05-16 13:20:00,1017.0699999999999
2026-05-16 13:30:00,1017.01
2026-05-16 13:40:00,1017.1
2026-05-16 13:50:00,1016.98
2026-05-16 14:00:00,1016.59
2026-05-16 14:10:00,1016.67
2026-05-16 14:20:00,1016.63
2026-05-16 14:30:00,1016.4
2026-05-16 14:40:00,1016.4599999999999
2026-05-16 14:50:00,1016.29
2026-05-16 15:00:00,1016.23
2026-05-16 15:10:00,1016.16
2026-05-16 15:20:00,1016.0699999999999
2026-05-16 15:30:00,1015.9399999999999
2026-05-16 15:40:00,1016.06
2026-05-16 15:50:00,1016.12
2026-05-16 16:00:00,1016.16
2026-05-16 16:10:00,1016.38
2026-05-16 16:20:00,1016.37
2026-05-16 16:30:00,1016.31
2026-05-16 16:40:00,1016.37
2026-05-16 16:50:00,1016.36
2026-05-16 17:00:00,1016.1
2026-05-16 17:10:00,1016.01
2026-05-16 17:20:00,1016.09
2026-05-16 17:30:00,1016.13
2026-05-16 17:40:00,1016.17
2026-05-16 17:50:00,1016.29
2026-05-16 18:00:00,1016.4
2026-05-16 18:10:00,1016.49
2026-05-16 18:20:00,1016.5799999999999
2026-05-16 18:30:00,1016.54
2026-05-16 18:40:00,1016.68
2026-05-16 18:50:00,1016.84
2026-05-16 19:00:00,1016.93
2026-05-16 19:10:00,1017.14
2026-05-16 19:20:00,1017.13
2026-05-16 19:30:00,1016.93
2026-05-16 19:40:00,1017.22
2026-05-16 19:50:00,1017.29
2026-05-16 20:00:00,1017.29
2026-05-16 20:10:00,1017.31
2026-05-16 20:20:00,1017.4
2026-05-16 20:30:00,1017.49
2026-05-16 20:40:00,1017.84
2026-05-16 20:50:00,1018.11
2026-05-16 21:00:00,1018.41
2026-05-16 21:10:00,1018.51
2026-05-16 21:20:00,1018.66
2026-05-16 21:30:00,1018.66
2026-05-16 21:40:00,1018.6
2026-05-16 21:50:00,1018.76
2026-05-16 22:00:00,1018.73
2026-05-16 22:10:00,1018.8299999999999
2026-05-16 22:20:00,1018.74
2026-05-16 22:30:00,1018.65
2026-05-16 22:40:00,1018.68
2026-05-16 22:50:00,1018.5799999999999
2026-05-16 23:00:00,1018.6999999999999
2026-05-16 23:10:00,1018.48
2026-05-16 23:20:00,1018.35
2026-05-16 23:30:00,1018.395
2026-05-16 23:40:00,1018.3087500000001
2026-05-16 23:50:00,1018.3
2026-05-17 00:00:00,1018.14
2026-05-17 00:10:00,1018.25
2026-05-17 00:20:00,1018.09
2026-05-17 00:30:00,1018.01
2026-05-17 00:40:00,1018
2026-05-17 00:50:00,1017.65
2026-05-17 01:00:00,1017.64
2026-05-17 01:10:00,1017.3
2026-05-17 01:20:00,1017.2099999999999
2026-05-17 01:30:00,1016.9499999999999
2026-05-17 02:30:00,1016.53
2026-05-17 02:40:00,1016.34
2026-05-17 02:50:00,1016.39
2026-05-17 03:00:00,1016.3
2026-05-17 03:10:00,1016.3
2026-05-17 03:20:00,1016.4399999999999
2026-05-17 03:30:00,1016.55
2026-05-17 03:40:00,1016.28
2026-05-17 03:50:00,1016.4599999999999
2026-05-17 04:00:00,1016.62
2026-05-17 04:10:00,1016.4399999999999
2026-05-17 04:20:00,1016.42
2026-05-17 04:30:00,1016.4599999999999
2026-05-17 04:40:00,1016.5799999999999
2026-05-17 04:50:00,1016.63
2026-05-17 05:00:00,1016.625
2026-05-17 05:10:00,1016.43
2026-05-17 05:20:00,1016.36
2026-05-17 05:30:00,1016.41
2026-05-17 05:40:00,1016.53
2026-05-17 05:50:00,1016.74
2026-05-17 06:00:00,1017.04
2026-05-17 06:10:00,1017.48
2026-05-17 06:20:00,1017.6899999999999
2026-05-17 06:30:00,1018.165
2026-05-17 06:40:00,1017.9333333333333
2026-05-17 06:50:00,1017.76
2026-05-17 07:00:00,1017.8
2026-05-17 07:10:00,1017.85
2026-05-17 07:20:00,1018.11
2026-05-17 07:30:00,1018.2099999999999
2026-05-17 07:40:00,1018.505
2026-05-17 07:50:00,1018.4699999999999
2026-05-17 08:00:00,1018.525
2026-05-17 08:10:00,1018.68
2026-05-17 08:20:00,1018.63
2026-05-17 08:30:00,1018.8199999999999
2026-05-17 08:40:00,1018.99
2026-05-17 08:50:00,1019.0099999999999
2026-05-17 09:00:00,1019.0799999999999
2026-05-17 09:10:00,1019.25375
2026-05-17 09:20:00,1019.1299999999999
2026-05-17 09:30:00,1019.1
2026-05-17 09:40:00,1019.22
2026-05-17 09:50:00,1019.17
2026-05-17 10:00:00,1019.1899999999999
2026-05-17 10:10:00,1019.3299999999999
2026-05-17 10:20:00,1019.28
2026-05-17 10:30:00,1019.17
2026-05-17 10:40:00,1019.2924999999999
2026-05-17 10:50:00,1019.26
2026-05-17 11:00:00,1019.26
2026-05-17 11:10:00,1019.09
2026-05-17 11:20:00,1019.1
2026-05-17 11:30:00,1018.97
2026-05-17 11:40:00,1018.64
2026-05-17 11:50:00,1018.49
2026-05-17 12:00:00,1018.6999999999999
2026-05-17 12:10:00,1018.5
2026-05-17 12:20:00,1018.37
2026-05-17 12:30:00,1017.93
2026-05-17 12:40:00,1017.79
2026-05-17 12:50:00,1017.865
2026-05-17 13:00:00,1017.76
2026-05-17 13:10:00,1017.56
2026-05-17 13:20:00,1017.47
2026-05-17 13:30:00,1017.8299999999999
2026-05-17 13:40:00,1017.42
2026-05-17 13:50:00,1017.16
2026-05-17 14:00:00,1017.23
2026-05-17 14:10:00,1017.05
2026-05-17 14:20:00,1016.9399999999999
2026-05-17 14:30:00,1016.78
2026-05-17 14:40:00,1016.89
2026-05-17 14:50:00,1016.8
2026-05-17 15:00:00,1016.6899999999999
2026-05-17 15:10:00,1016.61
2026-05-17 15:20:00,1016.6999999999999
2026-05-17 15:30:00,1016.86
2026-05-17 15:40:00,1016.77
2026-05-17 15:50:00,1016.76
2026-05-17 16:00:00,1016.65
2026-05-17 16:10:00,1016.61
2026-05-17 16:20:00,1016.65
2026-05-17 16:30:00,1016.62
2026-05-17 16:40:00,1016.51
2026-05-17 16:50:00,1016.48
2026-05-17 17:00:00,1016.48
2026-05-17 17:10:00,1016.55
2026-05-17 17:20:00,1016.6
2026-05-17 17:30:00,1016.66
2026-05-17 17:40:00,1016.84
2026-05-17 17:50:00,1016.9
2026-05-17 18:00:00,1017.11
2026-05-17 18:10:00,1017.0799999999999
2026-05-17 18:20:00,1017.17
2026-05-17 18:30:00,1017.15
2026-05-17 18:40:00,1017.36
2026-05-17 18:50:00,1017.68
2026-05-17 19:00:00,1017.85
2026-05-17 19:10:00,1017.98
2026-05-17 19:20:00,1018.09
2026-05-17 19:30:00,1018.12
2026-05-17 19:40:00,1018.25
2026-05-17 19:50:00,1018.3199999999999
2026-05-17 20:00:00,1018.27
2026-05-17 20:10:00,1018.25
2026-05-17 20:20:00,1018.4
2026-05-17 20:30:00,1018.54
2026-05-17 20:40:00,1018.66
2026-05-17 20:50:00,1018.84
2026-05-17 21:00:00,1018.9599999999999
2026-05-17 21:10:00,1019.12
2026-05-17 21:20:00,1019.28
2026-05-17 21:30:00,1019.29
2026-05-17 21:40:00,1019.42
2026-05-17 21:50:00,1019.51
2026-05-17 22:00:00,1019.5
2026-05-17 22:10:00,1019.59
2026-05-17 22:20:00,1019.54
2026-05-17 22:30:00,1019.52
2026-05-17 22:40:00,1019.55
2026-05-17 22:50:00,1019.4399999999999
2026-05-17 23:00:00,1019.36
2026-05-17 23:10:00,1019.28
2026-05-17 23:20:00,1019.29
2026-05-17 23:30:00,1019.22
2026-05-17 23:40:00,1019.0699999999999
2026-05-17 23:50:00,1018.81
2026-05-18 00:00:00,1018.63
2026-05-18 00:10:00,1018.42
2026-05-18 00:20:00,1018.3299999999999
2026-05-18 00:30:00,1018.13
2026-05-18 00:40:00,1018
2026-05-18 00:50:00,1017.91
2026-05-18 01:00:00,1017.55
2026-05-18 01:10:00,1017.5699999999999
2026-05-18 01:20:00,1017.47
2026-05-18 01:30:00,1017.39
2026-05-18 01:40:00,1017.18
2026-05-18 01:50:00,1017.12
2026-05-18 02:00:00,1016.98
2026-05-18 02:10:00,1016.92
2026-05-18 02:20:00,1016.9599999999999
2026-05-18 02:30:00,1016.8
2026-05-18 02:40:00,1016.75
2026-05-18 02:50:00,1016.8199999999999
2026-05-18 03:00:00,1016.87
2026-05-18 03:10:00,1016.88
2026-05-18 03:20:00,1016.65
2026-05-18 03:30:00,1016.59
2026-05-18 03:40:00,1016.43
2026-05-18 03:50:00,1016.3
2026-05-18 04:00:00,1016.48
2026-05-18 04:10:00,1016.4399999999999
2026-05-18 04:20:00,1016.52
2026-05-18 04:30:00,1016.51
2026-05-18 04:40:00,1016.63
2026-05-18 04:50:00,1016.79
2026-05-18 05:00:00,1016.51
2026-05-18 05:10:00,1016.63
2026-05-18 05:20:00,1016.93
2026-05-18 05:30:00,1016.98
2026-05-18 05:40:00,1017.05
2026-05-18 05:50:00,1017.38
2026-05-18 06:00:00,1017.42
2026-05-18 06:10:00,1017.345
2026-05-18 06:20:00,1017.42
2026-05-18 06:30:00,1017.61
2026-05-18 06:40:00,1017.85
2026-05-18 06:50:00,1018.06
2026-05-18 07:00:00,1018.25
2026-05-18 07:10:00,1018.38
2026-05-18 07:20:00,1018.4
2026-05-18 07:30:00,1018.51
2026-05-18 07:40:00,1018.59
2026-05-18 07:50:00,1018.78
2026-05-18 08:00:00,1018.85
2026-05-18 08:10:00,1018.98
2026-05-18 08:20:00,1019.09
2026-05-18 08:30:00,1019.16
2026-05-18 08:40:00,1019.0699999999999
2026-05-18 08:50:00,1019.0799999999999
2026-05-18 09:00:00,1019.23
2026-05-18 09:10:00,1019.05
2026-05-18 09:20:00,1019.14
2026-05-18 09:30:00,1019.1999999999999
2026-05-18 09:40:00,1019.2099999999999
2026-05-18 09:50:00,1019.0699999999999
2026-05-18 10:00:00,1018.9599999999999
2026-05-18 10:10:00,1018.89
2026-05-18 10:20:00,1018.97
2026-05-18 10:30:00,1018.87
2026-05-18 10:40:00,1018.76
2026-05-18 10:50:00,1018.75
2026-05-18 11:00:00,1018.75
2026-05-18 11:10:00,1018.75
2026-05-18 11:20:00,1018.68
2026-05-18 11:30:00,1018.65
2026-05-18 11:40:00,1018.63
2026-05-18 11:50:00,1018.52
2026-05-18 12:00:00,1018.29
2026-05-18 12:10:00,1018.23
2026-05-18 12:20:00,1018.0699999999999
2026-05-18 12:30:00,1017.98
2026-05-18 12:40:00,1018.01
2026-05-18 12:50:00,1017.87
2026-05-18 13:00:00,1017.5699999999999
2026-05-18 13:10:00,1017.42
2026-05-18 13:20:00,1017.1999999999999
2026-05-18 13:30:00,1016.87
2026-05-18 13:40:00,1016.64
2026-05-18 13:50:00,1016.3
2026-05-18 14:00:00,1016.24
2026-05-18 14:10:00,1016.34
2026-05-18 14:20:00,1016.39
2026-05-18 14:30:00,1016.72
2026-05-18 14:40:00,1016.76
2026-05-18 14:50:00,1016.8199999999999
2026-05-18 15:00:00,1016.66
2026-05-18 15:10:00,1016.47
2026-05-18 15:20:00,1016.4333333333333
2026-05-18 15:30:00,1016.512
2026-05-18 15:40:00,1016.41
2026-05-18 15:50:00,1016.35
2026-05-18 16:00:00,1016.5
2026-05-18 16:10:00,1016.48
2026-05-18 16:20:00,1016.5799999999999
2026-05-18 16:30:00,1016.6
2026-05-18 16:40:00,1016.48
2026-05-18 16:50:00,1016.64
2026-05-18 17:00:00,1016.88
2026-05-18 17:10:00,1016.84
2026-05-18 17:20:00,1016.77
2026-05-18 17:30:00,1016.84
2026-05-18 17:40:00,1016.77
2026-05-18 17:50:00,1016.76
2026-05-18 18:00:00,1016.9399999999999
2026-05-18 18:10:00,1016.97
2026-05-18 18:20:00,1017.02
2026-05-18 18:30:00,1016.9399999999999
2026-05-18 18:40:00,1017.1
2026-05-18 18:50:00,1017.16
2026-05-18 19:00:00,1017.26
2026-05-18 19:10:00,1017.53
2026-05-18 19:20:00,1017.61
2026-05-18 19:30:00,1017.76
2026-05-18 19:40:00,1017.7099999999999
2026-05-18 19:50:00,1017.81
2026-05-18 20:00:00,1017.79
2026-05-18 20:10:00,1017.86
2026-05-18 20:20:00,1017.93
2026-05-18 20:30:00,1017.88
2026-05-18 20:40:00,1017.99
2026-05-18 20:50:00,1018.0699999999999
2026-05-18 21:00:00,1018.11
2026-05-18 21:10:00,1018.11
2026-05-18 21:20:00,1018.22
2026-05-18 21:30:00,1018.285
2026-05-18 21:40:00,1018.31
2026-05-18 21:50:00,1018.335
2026-05-18 22:00:00,1018.3
2026-05-18 22:10:00,1018.39
2026-05-18 22:20:00,1018.2099999999999
2026-05-18 22:30:00,1018.29
2026-05-18 22:40:00,1018.48
2026-05-18 22:50:00,1018.38
2026-05-18 23:00:00,1018.24
2026-05-18 23:10:00,1018.4399999999999
2026-05-18 23:20:00,1018.68
2026-05-18 23:30:00,1018.6
2026-05-18 23:40:00,1018.25
2026-05-18 23:50:00,1018.54
2026-05-19 00:00:00,1018.27
2026-05-19 00:10:00,1018.22
2026-05-19 00:20:00,1017.9599999999999
2026-05-19 00:30:00,1017.72
2026-05-19 00:40:00,1017.38
2026-05-19 00:50:00,1017.35
2026-05-19 01:00:00,1017.29
2026-05-19 01:10:00,1017.23
2026-05-19 01:20:00,1017.06
2026-05-19 01:30:00,1017.0699999999999
2026-05-19 01:40:00,1017.0699999999999
2026-05-19 01:50:00,1016.97
2026-05-19 02:00:00,1016.67
2026-05-19 02:10:00,1016.73
2026-05-19 02:30:00,1016.585
2026-05-19 02:40:00,1016.48
2026-05-19 02:50:00,1016.38
2026-05-19 03:00:00,1016.16
2026-05-19 03:10:00,1016.23
2026-05-19 03:20:00,1016.34
2026-05-19 03:30:00,1016.16
2026-05-19 03:40:00,1016.41
2026-05-19 03:50:00,1016.31
2026-05-19 04:00:00,1016.56
2026-05-19 04:10:00,1016.994
2026-05-19 04:20:00,1017.2825000000001
2026-05-19 04:30:00,1017.6016666666668
2026-05-19 04:40:00,1017.8075
2026-05-19 04:50:00,1017.9566666666666
2026-05-19 05:00:00,1017.8977777777777
2026-05-19 05:10:00,1017.61
2026-05-19 05:20:00,1017.6999999999999
2026-05-19 05:30:00,1018.0799999999999
2026-05-19 05:40:00,1018.0799999999999
2026-05-19 05:50:00,1018
2026-05-19 06:00:00,1018.155
2026-05-19 06:10:00,1018.42
2026-05-19 06:20:00,1018.4
2026-05-19 06:30:00,1018.4599999999999
2026-05-19 06:40:00,1018.68
2026-05-19 06:50:00,1018.7249999999999
2026-05-19 07:00:00,1018.72
2026-05-19 07:10:00,1018.5699999999999
2026-05-19 07:20:00,1018.73
2026-05-19 07:30:00,1018.51
2026-05-19 07:40:00,1018.38
2026-05-19 07:50:00,1018.36
2026-05-19 08:00:00,1018.4499999999999
2026-05-19 08:10:00,1018.54
2026-05-19 08:20:00,1018.66
2026-05-19 08:30:00,1018.8299999999999
2026-05-19 08:40:00,1018.9499999999999
2026-05-19 08:50:00,1019.03
2026-05-19 09:00:00,1019.0699999999999
2026-05-19 09:10:00,1019.14
2026-05-19 09:20:00,1019.1999999999999
2026-05-19 09:30:00,1019.27
2026-05-19 09:40:00,1019.52
2026-05-19 09:50:00,1019.59
2026-05-19 10:00:00,1019.66
2026-05-19 10:10:00,1019.84
2026-05-19 10:20:00,1019.9142857142857
2026-05-19 10:30:00,1019.6513333333331
2026-05-19 10:40:00,1019.408
2026-05-19 10:50:00,1018.9599999999999
2026-05-19 11:00:00,1018.8199999999999
2026-05-19 11:10:00,1018.4399999999999
2026-05-19 11:20:00,1018.23
2026-05-19 11:30:00,1018.14
2026-05-19 11:40:00,1018.01
2026-05-19 11:50:00,1017.87
2026-05-19 12:00:00,1017.76
2026-05-19 12:10:00,1017.66
2026-05-19 12:20:00,1017.6
2026-05-19 12:30:00,1017.5699999999999
2026-05-19 12:40:00,1017.3
2026-05-19 12:50:00,1017.16
2026-05-19 13:00:00,1016.98
2026-05-19 13:10:00,1016.78
2026-05-19 13:20:00,1016.75
2026-05-19 13:30:00,1016.62
2026-05-19 13:40:00,1016.55
2026-05-19 13:50:00,1016.38
2026-05-19 14:00:00,1016.23
2026-05-19 14:10:00,1016.1
2026-05-19 14:20:00,1015.9599999999999
2026-05-19 14:30:00,1015.73
2026-05-19 14:40:00,1015.4499999999999
2026-05-19 14:50:00,1015.28
2026-05-19 15:00:00,1015.12
2026-05-19 15:10:00,1015.1899999999999
2026-05-19 15:20:00,1015.22
2026-05-19 15:30:00,1015.23
2026-05-19 15:40:00,1015.36
2026-05-19 15:50:00,1015.42
2026-05-19 16:00:00,1015.48
2026-05-19 16:10:00,1015.56
2026-05-19 16:20:00,1015.52
2026-05-19 16:30:00,1015.65
2026-05-19 16:40:00,1015.86
2026-05-19 16:50:00,1015.76
2026-05-19 17:00:00,1015.99
2026-05-19 17:10:00,1016.0799999999999
2026-05-19 17:20:00,1016.14
2026-05-19 17:30:00,1016.28
2026-05-19 17:40:00,1016.47
2026-05-19 17:50:00,1016.55
2026-05-19 18:00:00,1016.65
2026-05-19 18:10:00,1016.6899999999999
2026-05-19 18:20:00,1016.78
2026-05-19 18:30:00,1016.86
2026-05-19 18:40:00,1016.9499999999999
2026-05-19 18:50:00,1017.09
2026-05-19 19:00:00,1017.06
2026-05-19 19:10:00,1017.185
2026-05-19 19:20:00,1017.2099999999999
2026-05-19 19:30:00,1017.3
2026-05-19 19:40:00,1017.15
2026-05-19 19:50:00,1017.22
2026-05-19 20:00:00,1017.22
2026-05-19 20:10:00,1017.24
2026-05-19 20:20:00,1017.3199999999999
2026-05-19 20:30:00,1017.51
2026-05-19 20:40:00,1017.54
2026-05-19 20:50:00,1017.72
2026-05-19 21:00:00,1017.9
2026-05-19 21:10:00,1017.8525000000001
2026-05-19 21:20:00,1017.81
2026-05-19 21:30:00,1017.88
2026-05-19 21:40:00,1018.0799999999999
2026-05-19 21:50:00,1018.2177777777777
2026-05-19 22:00:00,1018.1470000000002
2026-05-19 22:10:00,1018.1574999999999
2026-05-19 22:20:00,1018.1824999999999
2026-05-19 23:00:00,1017.9117647058823
2026-05-19 23:10:00,1018.0420930232559
2026-05-19 23:20:00,1017.6983333333334
2026-05-19 23:30:00,1017.5236363636363
2026-05-19 23:40:00,1017.5233333333334
2026-05-19 23:50:00,1017.3869230769232
2026-05-20 00:00:00,1017.0283333333333
2026-05-20 00:10:00,1017.1200000000001
2026-05-20 00:20:00,1017.1454545454545
2026-05-20 00:30:00,1017.19
2026-05-20 00:40:00,1017.075
2026-05-20 00:50:00,1017.0685714285713
2026-05-20 01:00:00,1017.18
2026-05-20 01:10:00,1017.0450000000001
2026-05-20 01:20:00,1017.3
2026-05-20 01:30:00,1017
2026-05-20 01:40:00,1016.6899999999999
2026-05-20 01:50:00,1016.4399999999999
2026-05-20 02:00:00,1016.54
2026-05-20 02:10:00,1016.29
2026-05-20 02:20:00,1016.31
2026-05-20 02:30:00,1016.37
2026-05-20 02:40:00,1016.09
2026-05-20 02:50:00,1015.98
2026-05-20 03:00:00,1016.04
2026-05-20 03:10:00,1015.9399999999999
2026-05-20 03:20:00,1015.9763636363637
2026-05-20 03:30:00,1015.8499999999999
2026-05-20 03:40:00,1015.92
2026-05-20 03:50:00,1015.7833333333333
2026-05-20 04:00:00,1015.89
2026-05-20 04:10:00,1016.0699999999999
2026-05-20 04:20:00,1015.97
2026-05-20 04:30:00,1016.03
2026-05-20 04:40:00,1015.9499999999999
2026-05-20 04:50:00,1016
2026-05-20 05:00:00,1015.97
2026-05-20 05:10:00,1016.02
2026-05-20 05:20:00,1016.14
2026-05-20 05:30:00,1016.4
2026-05-20 05:40:00,1016.5799999999999
2026-05-20 05:50:00,1016.7099999999999
2026-05-20 06:00:00,1016.9599999999999
2026-05-20 06:10:00,1016.99
2026-05-20 06:20:00,1017.12
2026-05-20 06:30:00,1017.1899999999999
2026-05-20 06:40:00,1017.28
2026-05-20 06:50:00,1017.47
2026-05-20 07:00:00,1017.63
2026-05-20 07:10:00,1017.5799999999999
2026-05-20 07:20:00,1017.6999999999999
2026-05-20 07:30:00,1017.87
2026-05-20 07:40:00,1017.88
2026-05-20 07:50:00,1017.91
2026-05-20 08:00:00,1018.0799999999999
2026-05-20 08:10:00,1018.17
2026-05-20 08:20:00,1018.23
2026-05-20 08:30:00,1018.24
2026-05-20 08:40:00,1018.29
2026-05-20 08:50:00,1018.43
2026-05-20 09:00:00,1018.65
2026-05-20 09:10:00,1018.6999999999999
2026-05-20 09:20:00,1018.5699999999999
2026-05-20 09:30:00,1018.65
2026-05-20 09:40:00,1018.59
2026-05-20 09:50:00,1018.6999999999999
2026-05-20 10:00:00,1018.67
2026-05-20 10:10:00,1018.53
2026-05-20 10:20:00,1018.49
2026-05-20 10:30:00,1018.37
2026-05-20 10:40:00,1018.4599999999999
2026-05-20 10:50:00,1018.31
2026-05-20 11:00:00,1018.29
2026-05-20 11:10:00,1018.16
2026-05-20 11:20:00,1018.17
2026-05-20 11:30:00,1018.1899999999999
2026-05-20 11:40:00,1018.24
2026-05-20 11:50:00,1018.14
2026-05-20 12:00:00,1018
2026-05-20 12:10:00,1017.65
2026-05-20 12:20:00,1017.34
2026-05-20 12:30:00,1017.1899999999999
2026-05-20 12:40:00,1017.12
2026-05-20 12:50:00,1017.16
2026-05-20 13:00:00,1017.1
2026-05-20 13:10:00,1017.02
2026-05-20 13:20:00,1016.9
2026-05-20 13:30:00,1016.87
2026-05-20 13:40:00,1016.61
2026-05-20 13:50:00,1016.59
2026-05-20 14:00:00,1016.6
2026-05-20 14:10:00,1016.65
2026-05-20 14:20:00,1016.7099999999999
2026-05-20 14:30:00,1016.6899999999999
2026-05-20 14:40:00,1016.68
2026-05-20 14:50:00,1016.6999999999999
2026-05-20 15:00:00,1016.6899999999999
2026-05-20 15:10:00,1016.6899999999999
2026-05-20 15:20:00,1016.68
2026-05-20 15:30:00,1016.76
2026-05-20 15:40:00,1016.86
2026-05-20 15:50:00,1016.88
2026-05-20 16:00:00,1016.73
2026-05-20 16:10:00,1016.81
2026-05-20 16:20:00,1016.9
2026-05-20 16:30:00,1016.8199999999999
2026-05-20 16:40:00,1016.88
2026-05-20 16:50:00,1016.86
2026-05-20 17:00:00,1016.97
2026-05-20 17:10:00,1016.91
2026-05-20 17:20:00,1016.91
2026-05-20 17:30:00,1017.06
2026-05-20 17:40:00,1017.17
2026-05-20 17:50:00,1017.22
2026-05-20 18:00:00,1017.2025000000001
2026-05-20 18:10:00,1017.36
2026-05-20 18:20:00,1017.3299999999999
2026-05-20 18:30:00,1017.3199999999999
2026-05-20 18:40:00,1017.34
2026-05-20 18:50:00,1017.3299999999999
2026-05-20 19:00:00,1017.28
2026-05-20 19:10:00,1017.12
2026-05-20 19:20:00,1017.27
2026-05-20 19:30:00,1017.38
2026-05-20 19:40:00,1017.49
2026-05-20 19:50:00,1017.53
2026-05-20 20:00:00,1017.5799999999999
2026-05-20 20:10:00,1017.4
2026-05-20 20:20:00,1017.3
2026-05-20 20:30:00,1017.4
2026-05-20 20:40:00,1017.53
2026-05-20 20:50:00,1017.66
2026-05-20 21:00:00,1017.79
2026-05-20 21:10:00,1017.9599999999999
2026-05-20 21:20:00,1017.9499999999999
2026-05-20 21:30:00,1018.11
2026-05-20 21:40:00,1018.2099999999999
2026-05-20 21:50:00,1018.22
2026-05-20 22:00:00,1018.3199999999999
2026-05-20 22:10:00,1018.36
2026-05-20 22:20:00,1018.4
2026-05-20 22:30:00,1018.39
2026-05-20 22:40:00,1018.23
2026-05-20 22:50:00,1018.0799999999999
2026-05-20 23:00:00,1018.04
2026-05-20 23:10:00,1018.1
2026-05-20 23:20:00,1018.05
2026-05-20 23:30:00,1018.05
2026-05-20 23:40:00,1017.91
2026-05-20 23:50:00,1017.89
2026-05-21 00:00:00,1017.78
2026-05-21 00:10:00,1017.64
2026-05-21 00:20:00,1017.75
2026-05-21 00:30:00,1017.52
2026-05-21 00:40:00,1017.37
2026-05-21 00:50:00,1017.36
2026-05-21 01:00:00,1017.17
2026-05-21 01:10:00,1016.99
2026-05-21 01:20:00,1016.73
2026-05-21 01:30:00,1016.74
2026-05-21 01:40:00,1017
2026-05-21 01:50:00,1016.84
2026-05-21 02:00:00,1016.84
2026-05-21 02:10:00,1016.72
2026-05-21 02:20:00,1016.68
2026-05-21 02:30:00,1016.64
2026-05-21 02:40:00,1016.52
2026-05-21 02:50:00,1016.63
2026-05-21 03:00:00,1016.6
2026-05-21 03:10:00,1016.55
2026-05-21 03:20:00,1016.52
2026-05-21 03:30:00,1016.59
2026-05-21 03:40:00,1016.42
2026-05-21 03:50:00,1016.37
2026-05-21 04:00:00,1016.5699999999999
2026-05-21 04:10:00,1016.64
2026-05-21 04:20:00,1016.68
2026-05-21 04:30:00,1016.66
2026-05-21 04:40:00,1016.85
2026-05-21 04:50:00,1016.9
2026-05-21 05:00:00,1017.05
2026-05-21 05:10:00,1017.28
2026-05-21 05:20:00,1017.4
2026-05-21 05:30:00,1017.6899999999999
2026-05-21 05:40:00,1017.6899999999999
2026-05-21 05:50:00,1017.5799999999999
2026-05-21 06:00:00,1017.63
2026-05-21 06:10:00,1017.77
2026-05-21 06:20:00,1017.76
2026-05-21 06:30:00,1017.79
2026-05-21 06:40:00,1017.92
2026-05-21 06:50:00,1018.0699999999999
2026-05-21 07:00:00,1018.25
2026-05-21 07:10:00,1018.42
2026-05-21 07:20:00,1018.5699999999999
2026-05-21 07:30:00,1018.76
2026-05-21 07:40:00,1019.02
2026-05-21 07:50:00,1019.24
2026-05-21 08:00:00,1019.18
2026-05-21 08:10:00,1019.16
2026-05-21 08:20:00,1019.0799999999999
2026-05-21 08:30:00,1018.9
2026-05-21 08:40:00,1018.9499999999999
2026-05-21 08:50:00,1018.86
2026-05-21 09:00:00,1018.85
2026-05-21 09:10:00,1018.6899999999999
2026-05-21 09:20:00,1018.89
2026-05-21 09:30:00,1018.79
2026-05-21 09:40:00,1018.63
2026-05-21 09:50:00,1018.61
2026-05-21 10:00:00,1018.61
2026-05-21 10:10:00,1018.53
2026-05-21 10:20:00,1018.52
2026-05-21 10:30:00,1018.28
2026-05-21 10:40:00,1018.12
2026-05-21 10:50:00,1018
2026-05-21 11:00:00,1017.88
2026-05-21 11:10:00,1017.74
2026-05-21 11:20:00,1017.67
2026-05-21 11:30:00,1017.6899999999999
2026-05-21 11:40:00,1017.8199999999999
2026-05-21 11:50:00,1017.87
2026-05-21 12:00:00,1017.89
2026-05-21 12:10:00,1017.84
2026-05-21 12:20:00,1017.76
2026-05-21 12:30:00,1017.64
2026-05-21 12:40:00,1017.54
2026-05-21 12:50:00,1017.53
2026-05-21 13:00:00,1017.23
2026-05-21 13:10:00,1017.09
2026-05-21 13:20:00,1017.04
2026-05-21 13:30:00,1016.92
2026-05-21 13:40:00,1016.74
2026-05-21 13:50:00,1016.61
2026-05-21 14:00:00,1016.35
2026-05-21 14:10:00,1016.3
2026-05-21 14:20:00,1016.24
2026-05-21 14:30:00,1016.35
2026-05-21 14:40:00,1016.37
2026-05-21 14:50:00,1016.38
2026-05-21 15:00:00,1016.34
2026-05-21 15:10:00,1016.25
2026-05-21 15:20:00,1016.42
2026-05-21 15:30:00,1016.38
2026-05-21 15:40:00,1016.54
2026-05-21 15:50:00,1016.4599999999999
2026-05-21 16:00:00,1016.47
2026-05-21 16:10:00,1016.25
2026-05-21 16:20:00,1016.38
2026-05-21 16:30:00,1016.4599999999999
2026-05-21 16:40:00,1016.64
2026-05-21 16:50:00,1016.76
2026-05-21 17:00:00,1016.98
2026-05-21 17:10:00,1016.93
2026-05-21 17:20:00,1017.0799999999999
2026-05-21 17:30:00,1017.1
2026-05-21 17:40:00,1017.11
2026-05-21 17:50:00,1017.13
2026-05-21 18:00:00,1017.15
2026-05-21 18:10:00,1017.0799999999999
2026-05-21 18:20:00,1017.1
2026-05-21 18:30:00,1017.15
2026-05-21 18:40:00,1017.3199999999999
2026-05-21 18:50:00,1017.3299999999999
2026-05-21 19:00:00,1017.3
2026-05-21 19:10:00,1017.38
2026-05-21 19:20:00,1017.5
2026-05-21 19:30:00,1017.56
2026-05-21 19:40:00,1017.59
2026-05-21 19:50:00,1017.5799999999999
2026-05-21 20:00:00,1017.61
2026-05-21 20:10:00,1017.6899999999999
2026-05-21 20:20:00,1017.85
2026-05-21 20:30:00,1017.9499999999999
2026-05-21 20:40:00,1017.99
2026-05-21 20:50:00,1018.11
2026-05-21 21:00:00,1018.11
2026-05-21 21:10:00,1018.23
2026-05-21 21:20:00,1018.1
2026-05-21 21:30:00,1018.1999999999999
2026-05-21 21:40:00,1018.24
2026-05-21 21:50:00,1018.3299999999999
2026-05-21 22:00:00,1018.34
2026-05-21 22:10:00,1018.3985714285716
2026-05-21 22:20:00,1018.5440000000001
2026-05-21 22:30:00,1018.4837499999999
2026-05-21 22:40:00,1018.3471428571429
2026-05-21 22:50:00,1018.3079999999998
2026-05-21 23:00:00,1018.27
2026-05-21 23:10:00,1018.06
2026-05-21 23:20:00,1018
2026-05-21 23:30:00,1017.79
2026-05-21 23:40:00,1017.655
2026-05-21 23:50:00,1017.66
2026-05-22 00:00:00,1017.595
2026-05-22 00:10:00,1017.56
2026-05-22 00:20:00,1017.36
2026-05-22 00:30:00,1017.3299999999999
2026-05-22 00:40:00,1017.28
2026-05-22 00:50:00,1017.13
2026-05-22 01:00:00,1017.01
2026-05-22 01:10:00,1017.0699999999999
2026-05-22 01:20:00,1017.18
2026-05-22 01:30:00,1017.314
2026-05-22 01:40:00,1017.1220000000001
2026-05-22 01:50:00,1016.9649999999999
2026-05-22 02:00:00,1016.87
2026-05-22 02:10:00,1016.91
2026-05-22 02:20:00,1016.81
2026-05-22 02:30:00,1016.75
2026-05-22 02:40:00,1016.73
2026-05-22 02:50:00,1016.53
2026-05-22 03:00:00,1016.61
2026-05-22 03:10:00,1016.62
2026-05-22 03:20:00,1016.51
2026-05-22 03:30:00,1016.5699999999999
2026-05-22 03:40:00,1016.77
2026-05-22 03:50:00,1016.75
2026-05-22 04:00:00,1016.9
2026-05-22 04:10:00,1017.05
2026-05-22 04:20:00,1017.14
2026-05-22 04:30:00,1017.1674999999999
2026-05-22 04:40:00,1017.1574999999999
2026-05-22 04:50:00,1017.2099999999999
2026-05-22 05:00:00,1017.345
2026-05-22 05:10:00,1017.6
2026-05-22 05:20:00,1017.635
2026-05-22 05:30:00,1017.8499999999999
2026-05-22 05:40:00,1017.97
2026-05-22 05:50:00,1018.03
2026-05-22 06:00:00,1018.15
2026-05-22 06:10:00,1018.4499999999999
2026-05-22 06:20:00,1018.41
2026-05-22 06:30:00,1018.43
2026-05-22 06:40:00,1018.37
2026-05-22 06:50:00,1018.56
2026-05-22 07:00:00,1018.61
2026-05-22 07:10:00,1018.73
2026-05-22 07:20:00,1018.99
2026-05-22 07:30:00,1018.87
2026-05-22 07:40:00,1018.9
2026-05-22 07:50:00,1019.01
2026-05-22 08:00:00,1019.05
2026-05-22 08:10:00,1019.06
2026-05-22 08:20:00,1019.15
2026-05-22 08:30:00,1019.27
2026-05-22 08:40:00,1019.1899999999999
2026-05-22 08:50:00,1019.15
2026-05-22 09:00:00,1018.8199999999999
2026-05-22 09:10:00,1018.65
2026-05-22 09:20:00,1018.36
2026-05-22 09:30:00,1018.02
2026-05-22 09:40:00,1017.93
2026-05-22 09:50:00,1017.72
2026-05-22 10:00:00,1017.39
2026-05-22 10:10:00,1017.2099999999999
2026-05-22 10:20:00,1016.9499999999999
2026-05-22 10:30:00,1016.87
2026-05-22 10:40:00,1016.91
2026-05-22 10:50:00,1017.04
2026-05-22 11:00:00,1017.1999999999999
2026-05-22 11:10:00,1017.26
2026-05-22 11:20:00,1017.1999999999999
2026-05-22 11:30:00,1017.1899999999999
2026-05-22 11:40:00,1017.0699999999999
2026-05-22 11:50:00,1017.1899999999999
2026-05-22 12:00:00,1017.0799999999999
2026-05-22 12:10:00,1017.11
2026-05-22 12:20:00,1017.12
2026-05-22 12:30:00,1017.12
2026-05-22 12:40:00,1017.06
2026-05-22 12:50:00,1017.04
2026-05-22 13:00:00,1016.87
2026-05-22 13:10:00,1016.8299999999999
2026-05-22 13:20:00,1016.56
2026-05-22 13:30:00,1016.47
2026-05-22 13:40:00,1016.3299999999999
2026-05-22 13:50:00,1016.25
2026-05-22 14:00:00,1016.16
2026-05-22 14:10:00,1016.11
2026-05-22 14:20:00,1016.06
2026-05-22 14:30:00,1016.06
2026-05-22 14:40:00,1015.99
2026-05-22 14:50:00,1015.91
2026-05-22 15:00:00,1015.99
2026-05-22 15:10:00,1016.06
2026-05-22 15:20:00,1016.22
2026-05-22 15:30:00,1016.1899999999999
2026-05-22 15:40:00,1016.1899999999999
2026-05-22 15:50:00,1016.09
2026-05-22 16:00:00,1016.17
2026-05-22 16:10:00,1016.11
2026-05-22 16:20:00,1016.11
2026-05-22 16:30:00,1016.18
2026-05-22 16:40:00,1016.27
2026-05-22 16:50:00,1016.38
2026-05-22 17:00:00,1016.35
2026-05-22 17:10:00,1016.42
2026-05-22 17:20:00,1016.47
2026-05-22 17:30:00,1016.65
2026-05-22 17:40:00,1016.6999999999999
2026-05-22 17:50:00,1016.88
2026-05-22 18:00:00,1017.0699999999999
2026-05-22 18:10:00,1017.15
2026-05-22 18:20:00,1017.28
2026-05-22 18:30:00,1017.42
2026-05-22 18:40:00,1017.5
2026-05-22 18:50:00,1017.6
2026-05-22 19:00:00,1017.79
2026-05-22 19:10:00,1017.84
2026-05-22 19:20:00,1018.0699999999999
2026-05-22 19:30:00,1018.0699999999999
2026-05-22 19:40:00,1018.11
2026-05-22 19:50:00,1018.1
2026-05-22 20:00:00,1018.11
2026-05-22 20:10:00,1018.06
2026-05-22 20:20:00,1018.1899999999999
2026-05-22 20:30:00,1018.28
2026-05-22 20:40:00,1018.41
2026-05-22 20:50:00,1018.55
2026-05-22 21:00:00,1018.61
2026-05-22 21:10:00,1018.59
2026-05-22 21:20:00,1018.4399999999999
2026-05-22 21:30:00,1018.15
2026-05-22 21:40:00,1018.04
2026-05-22 21:50:00,1018.15
2026-05-22 22:00:00,1018.13
2026-05-22 22:10:00,1018.0799999999999
2026-05-22 22:20:00,1018.09
2026-05-22 22:30:00,1018.06
2026-05-22 22:40:00,1018.09
2026-05-22 22:50:00,1018.18
2026-05-22 23:00:00,1018.22
2026-05-22 23:10:00,1018.27
2026-05-22 23:20:00,1018.34
2026-05-22 23:30:00,1018.27
2026-05-22 23:40:00,1018.27
2026-05-22 23:50:00,1018.3299999999999
2026-05-23 00:00:00,1018.25
2026-05-23 00:10:00,1018.1899999999999
2026-05-23 00:20:00,1018.22
2026-05-23 00:30:00,1018.13
2026-05-23 00:40:00,1018.04
2026-05-23 00:50:00,1017.92
2026-05-23 01:00:00,1017.78
2026-05-23 01:10:00,1017.78
2026-05-23 01:20:00,1017.6999999999999
2026-05-23 01:30:00,1017.5799999999999
2026-05-23 01:40:00,1017.49
2026-05-23 01:50:00,1017.37
2026-05-23 02:00:00,1017.36
2026-05-23 02:10:00,1017.2099999999999
2026-05-23 02:20:00,1017.01
2026-05-23 02:30:00,1016.9599999999999
2026-05-23 02:40:00,1016.8
2026-05-23 02:50:00,1016.64
2026-05-23 03:00:00,1016.75
2026-05-23 03:10:00,1016.81
2026-05-23 03:20:00,1016.73
2026-05-23 03:30:00,1016.6999999999999
2026-05-23 03:40:00,1016.8
2026-05-23 03:50:00,1017.03
2026-05-23 04:00:00,1017.03
2026-05-23 04:10:00,1017.14
2026-05-23 04:20:00,1017.2099999999999
2026-05-23 04:30:00,1017.34
2026-05-23 04:40:00,1017.4499999999999
2026-05-23 04:50:00,1017.59
2026-05-23 05:00:00,1017.64
2026-05-23 05:10:00,1017.59
2026-05-23 05:20:00,1017.68
2026-05-23 05:30:00,1017.6999999999999
2026-05-23 05:40:00,1017.8299999999999
2026-05-23 05:50:00,1017.85
2026-05-23 06:00:00,1017.8199999999999
2026-05-23 06:10:00,1018.01
2026-05-23 06:20:00,1018.03
2026-05-23 06:30:00,1017.9599999999999
2026-05-23 06:40:00,1017.98
2026-05-23 06:50:00,1018.1
2026-05-23 07:00:00,1018.02
2026-05-23 07:10:00,1018.11
2026-05-23 07:20:00,1018.12
2026-05-23 07:30:00,1018.37
2026-05-23 07:40:00,1018.48
2026-05-23 07:50:00,1018.63
2026-05-23 08:00:00,1018.75
2026-05-23 08:10:00,1019
2026-05-23 08:20:00,1019.2099999999999
2026-05-23 08:30:00,1019.22
2026-05-23 08:40:00,1019.25
2026-05-23 08:50:00,1019.3299999999999
2026-05-23 09:00:00,1019.36
2026-05-23 09:10:00,1019.43
2026-05-23 09:20:00,1019.2099999999999
2026-05-23 09:30:00,1019.31
2026-05-23 09:40:00,1019.35
2026-05-23 09:50:00,1019.31
2026-05-23 10:00:00,1019.4399999999999
2026-05-23 10:10:00,1019.47
2026-05-23 10:20:00,1019.38
2026-05-23 10:30:00,1019.1899999999999
2026-05-23 10:40:00,1019.18
2026-05-23 10:50:00,1019.22
2026-05-23 11:00:00,1019.03
2026-05-23 11:10:00,1018.87
2026-05-23 11:20:00,1018.84
2026-05-23 11:30:00,1018.77
2026-05-23 11:40:00,1018.5799999999999
2026-05-23 11:50:00,1018.36
2026-05-23 12:00:00,1018.23
2026-05-23 12:10:00,1018.02
2026-05-23 12:20:00,1017.9499999999999
2026-05-23 12:30:00,1017.9599999999999
2026-05-23 12:40:00,1017.89
2026-05-23 12:50:00,1017.73
2026-05-23 13:00:00,1017.64
2026-05-23 13:10:00,1017.5699999999999
2026-05-23 13:20:00,1017.38
2026-05-23 13:30:00,1017.3
2026-05-23 13:40:00,1017.14
2026-05-23 13:50:00,1017.03
2026-05-23 14:00:00,1016.9499999999999
2026-05-23 14:10:00,1016.98
2026-05-23 14:20:00,1017.11
2026-05-23 14:30:00,1016.93
2026-05-23 14:40:00,1016.91
2026-05-23 14:50:00,1016.7099999999999
2026-05-23 15:00:00,1016.63
2026-05-23 15:10:00,1016.5799999999999
2026-05-23 15:20:00,1016.77
2026-05-23 15:30:00,1016.87
2026-05-23 15:40:00,1016.88
2026-05-23 15:50:00,1016.79
2026-05-23 16:00:00,1016.84
2026-05-23 16:10:00,1016.93
2026-05-23 16:20:00,1017
2026-05-23 16:30:00,1016.9599999999999
2026-05-23 16:40:00,1016.9599999999999
2026-05-23 16:50:00,1017.28
2026-05-23 17:00:00,1017.56
2026-05-23 17:10:00,1017.5799999999999
2026-05-23 17:20:00,1017.52
2026-05-23 17:30:00,1017.63
2026-05-23 17:40:00,1017.75
2026-05-23 17:50:00,1017.81
2026-05-23 18:00:00,1017.78
2026-05-23 18:10:00,1017.77
2026-05-23 18:20:00,1017.6
2026-05-23 18:30:00,1017.5
2026-05-23 18:40:00,1017.56
2026-05-23 18:50:00,1017.75
2026-05-23 19:00:00,1017.8
2026-05-23 19:10:00,1018
2026-05-23 19:20:00,1017.9599999999999
2026-05-23 19:30:00,1017.92
2026-05-23 19:40:00,1017.87
2026-05-23 19:50:00,1017.86
2026-05-23 20:00:00,1018.05
2026-05-23 20:10:00,1018.17
2026-05-23 20:20:00,1018.24
2026-05-23 20:30:00,1018.36
2026-05-23 20:40:00,1018.49
2026-05-23 20:50:00,1018.5
2026-05-23 21:00:00,1018.63
2026-05-23 21:10:00,1018.65
2026-05-23 21:20:00,1018.56
2026-05-23 21:30:00,1018.48
2026-05-23 21:40:00,1018.22
2026-05-23 21:50:00,1018.22
2026-05-23 22:00:00,1018.3199999999999
2026-05-23 22:10:00,1018.43
2026-05-23 22:20:00,1018.4499999999999
2026-05-23 22:30:00,1018.55
2026-05-23 22:40:00,1018.38
2026-05-23 22:50:00,1018.36
2026-05-23 23:10:00,1018.5
2026-05-23 23:20:00,1018.38
2026-05-23 23:30:00,1018.4
2026-05-23 23:40:00,1018.42
2026-05-23 23:50:00,1018.29
2026-05-24 00:00:00,1018.22
2026-05-24 00:10:00,1018.0799999999999
2026-05-24 00:20:00,1017.93
2026-05-24 00:30:00,1017.67
2026-05-24 00:40:00,1017.56
2026-05-24 00:50:00,1017.4399999999999
2026-05-24 01:00:00,1017.28
2026-05-24 01:10:00,1017.16
2026-05-24 01:20:00,1017.15
2026-05-24 01:30:00,1017.06
2026-05-24 01:40:00,1016.9599999999999
2026-05-24 01:50:00,1016.8
2026-05-24 02:00:00,1016.92
2026-05-24 02:10:00,1016.87
2026-05-24 02:20:00,1016.76
2026-05-24 02:30:00,1016.66
2026-05-24 02:40:00,1016.64
2026-05-24 02:50:00,1016.48
2026-05-24 03:00:00,1016.5699999999999
2026-05-24 03:10:00,1016.67
2026-05-24 03:20:00,1016.7099999999999
2026-05-24 03:30:00,1016.79
2026-05-24 03:40:00,1016.9
2026-05-24 03:50:00,1016.9599999999999
2026-05-24 04:00:00,1016.97
2026-05-24 04:10:00,1017
2026-05-24 04:20:00,1016.97
2026-05-24 04:30:00,1016.875
2026-05-24 04:40:00,1017.03
2026-05-24 04:50:00,1017
2026-05-24 05:00:00,1017.13
2026-05-24 05:10:00,1017.16
2026-05-24 05:20:00,1017.11
2026-05-24 05:30:00,1017.24
2026-05-24 05:40:00,1017.1999999999999
2026-05-24 05:50:00,1017.2099999999999
2026-05-24 06:00:00,1017.24
2026-05-24 06:10:00,1017.36
2026-05-24 06:20:00,1017.0699999999999
2026-05-24 06:30:00,1017.42
2026-05-24 06:40:00,1017.48
2026-05-24 06:50:00,1017.51
2026-05-24 07:00:00,1017.7099999999999
2026-05-24 07:10:00,1017.49
2026-05-24 07:20:00,1017.8199999999999
2026-05-24 07:30:00,1017.8
2026-05-24 07:40:00,1017.78
2026-05-24 07:50:00,1017.79
2026-05-24 08:00:00,1017.81
2026-05-24 08:10:00,1017.97
2026-05-24 08:20:00,1018.11
2026-05-24 08:30:00,1018.25
2026-05-24 08:40:00,1018.21
2026-05-24 08:50:00,1018.23
2026-05-24 09:00:00,1018.115
2026-05-24 09:10:00,1017.9599999999999
2026-05-24 09:20:00,1018.0666666666666
2026-05-24 09:30:00,1017.92
2026-05-24 09:40:00,1018.14
2026-05-24 09:50:00,1017.9599999999999
2026-05-24 10:00:00,1017.91
2026-05-24 10:10:00,1017.8199999999999
2026-05-24 10:20:00,1017.75
2026-05-24 10:30:00,1017.84
2026-05-24 10:40:00,1017.75
2026-05-24 10:50:00,1017.66
2026-05-24 11:00:00,1017.62
2026-05-24 11:10:00,1017.53
2026-05-24 11:20:00,1017.34
2026-05-24 11:30:00,1017.06
2026-05-24 11:40:00,1017.15
2026-05-24 11:50:00,1016.98
2026-05-24 12:00:00,1016.78
2026-05-24 12:10:00,1016.59
2026-05-24 12:20:00,1016.48
2026-05-24 12:30:00,1016.29
2026-05-24 12:40:00,1016.16
2026-05-24 12:50:00,1016.02
2026-05-24 13:00:00,1015.84
2026-05-24 13:10:00,1015.73
2026-05-24 13:20:00,1015.41
2026-05-24 13:30:00,1015.31
2026-05-24 13:40:00,1015.5
2026-05-24 13:50:00,1015.4039999999999
2026-05-24 14:00:00,1015.63
2026-05-24 14:10:00,1015.4828571428571
2026-05-24 14:20:00,1015.3725
2026-05-24 14:30:00,1015.3216666666667
2026-05-24 14:40:00,1015.2766666666666
2026-05-24 14:50:00,1015.27
2026-05-24 15:00:00,1015.34
2026-05-24 15:10:00,1015.255
2026-05-24 15:20:00,1015.09
2026-05-24 15:30:00,1014.98
2026-05-24 15:40:00,1015.0699999999999
2026-05-24 15:50:00,1015.0075
2026-05-24 16:00:00,1014.9399999999999
2026-05-24 16:10:00,1014.9399999999999
2026-05-24 16:20:00,1015.0924999999999
2026-05-24 16:30:00,1015.0649999999999
2026-05-24 16:40:00,1015.14
2026-05-24 16:50:00,1015.09
2026-05-24 17:00:00,1015.12
2026-05-24 17:10:00,1015.26
2026-05-24 17:20:00,1015.53
2026-05-24 17:30:00,1015.62
2026-05-24 17:40:00,1015.72
2026-05-24 17:50:00,1015.92
2026-05-24 18:00:00,1016.0699999999999
2026-05-24 18:10:00,1016.03
2026-05-24 18:20:00,1015.9399999999999
2026-05-24 18:30:00,1016.26
2026-05-24 18:40:00,1016.38
2026-05-24 18:50:00,1016.55
2026-05-24 19:00:00,1016.8199999999999
2026-05-24 19:10:00,1016.9
2026-05-24 19:20:00,1017.1899999999999
2026-05-24 19:30:00,1017.24
2026-05-24 19:40:00,1017.49
2026-05-24 19:50:00,1017.47
2026-05-24 20:00:00,1017.73
2026-05-24 20:10:00,1017.6999999999999
2026-05-24 20:20:00,1017.72
2026-05-24 20:30:00,1017.76
2026-05-24 20:40:00,1017.68
2026-05-24 20:50:00,1017.7099999999999
2026-05-24 21:00:00,1017.6949999999999
2026-05-24 21:10:00,1017.6999999999999
2026-05-24 21:20:00,1017.68
2026-05-24 21:30:00,1017.6999999999999
2026-05-24 21:40:00,1017.75
2026-05-24 21:50:00,1017.66
2026-05-24 22:00:00,1017.81
2026-05-24 22:10:00,1017.75
2026-05-24 22:20:00,1017.7033333333333
2026-05-24 22:30:00,1017.6259999999999
2026-05-24 22:40:00,1017.7777777777776
2026-05-24 22:50:00,1017.5749999999999
2026-05-24 23:00:00,1017.5
2026-05-24 23:10:00,1017.4499999999999
2026-05-24 23:20:00,1017.37
2026-05-24 23:30:00,1017.17
2026-05-24 23:40:00,1017.0799999999999
2026-05-24 23:50:00,1016.88
2026-05-25 00:00:00,1016.66
2026-05-25 00:10:00,1016.5699999999999
2026-05-25 00:20:00,1016.49
2026-05-25 00:30:00,1016.5439999999999
2026-05-25 00:40:00,1016.5766666666667
2026-05-25 00:50:00,1016.5699999999999
2026-05-25 01:00:00,1016.4612500000001
2026-05-25 01:10:00,1016.29
2026-05-25 01:20:00,1016.22
2026-05-25 01:30:00,1016.1899999999999
2026-05-25 01:40:00,1016.18
2026-05-25 01:50:00,1016.04
2026-05-25 02:00:00,1016.01
2026-05-25 02:10:00,1015.87
2026-05-25 02:20:00,1015.76
2026-05-25 02:30:00,1015.6
2026-05-25 02:40:00,1015.62
2026-05-25 02:50:00,1015.73
2026-05-25 03:00:00,1015.8299999999999
2026-05-25 03:10:00,1015.88
2026-05-25 03:20:00,1015.86
2026-05-25 03:30:00,1015.85
2026-05-25 03:40:00,1015.6999999999999
2026-05-25 03:50:00,1015.7099999999999
2026-05-25 04:00:00,1015.74
2026-05-25 04:10:00,1015.68
2026-05-25 04:20:00,1015.6999999999999
2026-05-25 04:30:00,1015.73
2026-05-25 04:40:00,1015.7099999999999
2026-05-25 04:50:00,1015.74
2026-05-25 05:00:00,1015.84
2026-05-25 05:10:00,1015.93
2026-05-25 05:20:00,1015.98
2026-05-25 05:30:00,1015.9399999999999
2026-05-25 05:40:00,1016.06
2026-05-25 05:50:00,1016.0799999999999
2026-05-25 06:00:00,1016.11
2026-05-25 06:10:00,1016.25
2026-05-25 06:20:00,1016.3
2026-05-25 06:30:00,1016.42
2026-05-25 06:40:00,1016.4
2026-05-25 06:50:00,1016.59
2026-05-25 07:00:00,1016.74
2026-05-25 07:10:00,1016.76
2026-05-25 07:20:00,1016.78
2026-05-25 07:30:00,1016.86
2026-05-25 07:40:00,1016.9499999999999
2026-05-25 07:50:00,1017.09
2026-05-25 08:00:00,1017.18
2026-05-25 08:10:00,1017.29
2026-05-25 08:20:00,1017.4
2026-05-25 08:30:00,1017.36
2026-05-25 08:40:00,1017.4499999999999
2026-05-25 08:50:00,1017.62
2026-05-25 09:00:00,1017.72
2026-05-25 09:10:00,1017.5
2026-05-25 09:20:00,1017.42
2026-05-25 09:30:00,1017.48
2026-05-25 09:40:00,1017.55
2026-05-25 09:50:00,1017.48
2026-05-25 10:00:00,1017.34
2026-05-25 10:10:00,1017.29
2026-05-25 10:20:00,1017.3
2026-05-25 10:30:00,1017.23
2026-05-25 10:40:00,1017.15
2026-05-25 10:50:00,1017.16
2026-05-25 11:00:00,1017.13
2026-05-25 11:10:00,1017.1
2026-05-25 11:20:00,1017.18
2026-05-25 11:30:00,1017.17
2026-05-25 11:40:00,1017.04
2026-05-25 11:50:00,1016.85
2026-05-25 12:00:00,1016.84
2026-05-25 12:10:00,1016.74
2026-05-25 12:20:00,1016.65
2026-05-25 12:30:00,1016.37
2026-05-25 12:40:00,1016.41
2026-05-25 12:50:00,1016.23
2026-05-25 13:00:00,1016.01
2026-05-25 13:10:00,1015.9599999999999
2026-05-25 13:20:00,1015.85
2026-05-25 13:30:00,1015.75
2026-05-25 13:40:00,1015.68
2026-05-25 13:50:00,1015.61
2026-05-25 14:00:00,1015.5
2026-05-25 14:10:00,1015.25
2026-05-25 14:20:00,1015.15
2026-05-25 14:30:00,1015.16
2026-05-25 14:40:00,1014.97
2026-05-25 14:50:00,1014.81
2026-05-25 15:00:00,1014.76
2026-05-25 15:10:00,1014.73
2026-05-25 15:20:00,1014.63
2026-05-25 15:30:00,1014.53
2026-05-25 15:40:00,1014.62
2026-05-25 15:50:00,1014.5799999999999
2026-05-25 16:00:00,1014.67
2026-05-25 16:10:00,1014.74
2026-05-25 16:20:00,1014.6999999999999
2026-05-25 16:30:00,1014.77
2026-05-25 16:40:00,1014.92
2026-05-25 16:50:00,1014.9399999999999
2026-05-25 17:00:00,1014.97
2026-05-25 17:10:00,1015
2026-05-25 17:20:00,1014.77
2026-05-25 17:30:00,1014.79
2026-05-25 17:40:00,1015.0699999999999
2026-05-25 17:50:00,1015.04
2026-05-25 18:00:00,1015.17
2026-05-25 18:10:00,1015.36
2026-05-25 18:20:00,1015.22
2026-05-25 18:30:00,1015.36
2026-05-25 18:40:00,1015.4
2026-05-25 18:50:00,1015.65
2026-05-25 19:00:00,1015.5
2026-05-25 19:10:00,1015.61
2026-05-25 19:20:00,1015.88
2026-05-25 19:30:00,1015.8
2026-05-25 19:40:00,1016.02
2026-05-25 19:50:00,1016.0699999999999
2026-05-25 20:00:00,1016.17
2026-05-25 20:10:00,1016.1
2026-05-25 20:20:00,1016.17
2026-05-25 20:30:00,1016.5600000000001
2026-05-25 20:40:00,1016.4599999999999
2026-05-25 20:50:00,1016.5
2026-05-25 21:00:00,1016.63
2026-05-25 21:10:00,1016.75
2026-05-25 21:20:00,1016.7099999999999
2026-05-25 21:30:00,1016.52
2026-05-25 21:40:00,1016.67
2026-05-25 21:50:00,1016.52
2026-05-25 22:00:00,1016.6
2026-05-25 22:10:00,1016.56
2026-05-25 22:20:00,1016.4399999999999
2026-05-25 22:30:00,1016.4499999999999
2026-05-25 22:40:00,1016.26
2026-05-25 22:50:00,1016.2099999999999
2026-05-25 23:10:00,1016.18
2026-05-25 23:20:00,1016.16
2026-05-25 23:30:00,1016.24
2026-05-25 23:40:00,1016.05
2026-05-25 23:50:00,1015.91
2026-05-26 00:00:00,1015.85
2026-05-26 00:10:00,1015.75
2026-05-26 00:20:00,1015.47
2026-05-26 00:30:00,1015.34
2026-05-26 00:40:00,1015.26
2026-05-26 00:50:00,1015.1999999999999
2026-05-26 01:00:00,1015.17
2026-05-26 01:10:00,1015.0799999999999
2026-05-26 01:20:00,1014.91
2026-05-26 01:30:00,1014.77
2026-05-26 01:40:00,1014.66
2026-05-26 01:50:00,1014.6999999999999
2026-05-26 02:00:00,1014.6899999999999
2026-05-26 02:10:00,1014.55
2026-05-26 02:20:00,1014.47
2026-05-26 02:30:00,1014.5699999999999
2026-05-26 02:40:00,1014.61
2026-05-26 02:50:00,1014.6
2026-05-26 03:00:00,1014.51
2026-05-26 03:10:00,1014.6999999999999
2026-05-26 03:20:00,1014.88
2026-05-26 03:30:00,1014.75
2026-05-26 03:40:00,1014.76
2026-05-26 03:50:00,1014.87
2026-05-26 04:00:00,1014.98
2026-05-26 04:10:00,1014.88
2026-05-26 04:20:00,1014.88
2026-05-26 04:30:00,1015.0799999999999
2026-05-26 04:40:00,1014.99
2026-05-26 04:50:00,1014.9599999999999
2026-05-26 05:00:00,1014.9399999999999
2026-05-26 05:10:00,1015.0799999999999
2026-05-26 05:20:00,1015.17
2026-05-26 05:30:00,1015.15
2026-05-26 05:40:00,1015.02
2026-05-26 05:50:00,1015.15
2026-05-26 06:00:00,1015.29
2026-05-26 06:10:00,1015.4399999999999
2026-05-26 06:20:00,1015.48
2026-05-26 06:30:00,1015.4499999999999
2026-05-26 06:40:00,1015.4499999999999
2026-05-26 06:50:00,1015.64
2026-05-26 07:00:00,1016.06
2026-05-26 07:10:00,1016.26
2026-05-26 07:20:00,1016.22
2026-05-26 07:30:00,1016.29
2026-05-26 07:40:00,1016.13
2026-05-26 07:50:00,1016.37
2026-05-26 08:00:00,1016.5799999999999
2026-05-26 08:10:00,1016.8
2026-05-26 08:20:00,1016.85
2026-05-26 08:30:00,1016.9399999999999
2026-05-26 08:40:00,1016.98
2026-05-26 08:50:00,1016.98
2026-05-26 09:00:00,1016.9399999999999
2026-05-26 09:10:00,1017.15
2026-05-26 09:20:00,1017.34
2026-05-26 09:30:00,1017.47
2026-05-26 09:40:00,1017.53
2026-05-26 09:50:00,1017.52
2026-05-26 10:00:00,1017.6899999999999
2026-05-26 10:10:00,1017.42
2026-05-26 10:20:00,1017.24
2026-05-26 10:30:00,1016.88
2026-05-26 10:40:00,1016.62
2026-05-26 10:50:00,1016.54
2026-05-26 11:00:00,1016.23
2026-05-26 11:10:00,1016.05
2026-05-26 11:20:00,1015.87
2026-05-26 11:30:00,1015.79
2026-05-26 11:40:00,1015.6
2026-05-26 11:50:00,1015.43
2026-05-26 12:00:00,1015.29
2026-05-26 12:10:00,1015.15
2026-05-26 12:20:00,1015.0699999999999
2026-05-26 12:30:00,1014.9599999999999
2026-05-26 12:40:00,1014.73
2026-05-26 12:50:00,1014.4599999999999
2026-05-26 13:00:00,1014.24
2026-05-26 13:10:00,1014.24
2026-05-26 13:20:00,1014.3199999999999
2026-05-26 13:30:00,1014.39
2026-05-26 13:40:00,1014.4
2026-05-26 13:50:00,1014.37
2026-05-26 14:00:00,1014.22
2026-05-26 14:10:00,1014.24
2026-05-26 14:20:00,1014.1899999999999
2026-05-26 14:30:00,1014.3
2026-05-26 14:40:00,1014.43
2026-05-26 14:50:00,1014.38
2026-05-26 15:00:00,1014.25
2026-05-26 15:10:00,1014.12
2026-05-26 15:20:00,1014.14
2026-05-26 15:30:00,1014.06
2026-05-26 15:40:00,1014.01
2026-05-26 15:50:00,1013.86
2026-05-26 16:00:00,1013.8199999999999
2026-05-26 16:10:00,1013.9599999999999
2026-05-26 16:20:00,1014.04
2026-05-26 16:30:00,1014.13
2026-05-26 16:40:00,1014.1899999999999
2026-05-26 16:50:00,1014.29
2026-05-26 17:00:00,1014.38
2026-05-26 17:10:00,1014.52
2026-05-26 17:20:00,1014.6
2026-05-26 17:30:00,1014.86
2026-05-26 17:40:00,1014.97
2026-05-26 17:50:00,1015.15
2026-05-26 18:00:00,1015.17
2026-05-26 18:10:00,1015.16
2026-05-26 18:20:00,1015.22
2026-05-26 18:30:00,1015.38
2026-05-26 18:40:00,1015.4499999999999
2026-05-26 18:50:00,1015.55
2026-05-26 19:00:00,1015.76
2026-05-26 19:10:00,1015.78
2026-05-26 19:20:00,1015.75
2026-05-26 19:30:00,1015.65
2026-05-26 19:40:00,1015.61
2026-05-26 19:50:00,1015.59
2026-05-26 20:00:00,1015.72
2026-05-26 20:10:00,1015.8
2026-05-26 20:20:00,1015.84
2026-05-26 20:30:00,1015.85
2026-05-26 20:40:00,1015.9399999999999
2026-05-26 20:50:00,1015.9599999999999
2026-05-26 21:00:00,1016.09
2026-05-26 21:10:00,1016.1
2026-05-26 21:20:00,1016.16
2026-05-26 21:30:00,1016.26
2026-05-26 21:40:00,1016.3199999999999
2026-05-26 21:50:00,1016.4
2026-05-26 22:00:00,1016.38
2026-05-26 22:10:00,1016.35
2026-05-26 22:20:00,1016.34
2026-05-26 22:30:00,1016.3
2026-05-26 22:40:00,1016.1899999999999
2026-05-26 22:50:00,1016.09
2026-05-26 23:00:00,1016.11
2026-05-26 23:10:00,1016.12
2026-05-26 23:20:00,1015.9599999999999
2026-05-26 23:30:00,1015.9399999999999
2026-05-26 23:40:00,1015.98
2026-05-26 23:50:00,1015.87
2026-05-27 00:00:00,1015.77
2026-05-27 00:10:00,1015.67
2026-05-27 00:20:00,1015.61
2026-05-27 00:30:00,1015.4399999999999
2026-05-27 00:40:00,1015.34
2026-05-27 00:50:00,1015.3299999999999
2026-05-27 01:00:00,1015.3299999999999
2026-05-27 01:10:00,1015.28
2026-05-27 01:20:00,1015.16
2026-05-27 01:30:00,1015.03
2026-05-27 01:40:00,1014.9
2026-05-27 01:50:00,1014.7099999999999
2026-05-27 02:00:00,1014.5
2026-05-27 02:10:00,1014.29
2026-05-27 02:20:00,1014.09
2026-05-27 02:30:00,1013.9599999999999
2026-05-27 02:40:00,1013.84
2026-05-27 02:50:00,1013.8
2026-05-27 03:00:00,1013.88
2026-05-27 03:10:00,1013.9
2026-05-27 03:20:00,1014.0799999999999
2026-05-27 03:30:00,1014.0699999999999
2026-05-27 03:40:00,1014.03
2026-05-27 03:50:00,1014.26
2026-05-27 04:00:00,1014.3
2026-05-27 04:10:00,1014.42
2026-05-27 04:20:00,1014.64
2026-05-27 04:30:00,1014.6999999999999
2026-05-27 04:40:00,1014.75
2026-05-27 04:50:00,1014.93
2026-05-27 05:00:00,1014.9499999999999
2026-05-27 05:10:00,1015.14
2026-05-27 05:20:00,1015.35
2026-05-27 05:30:00,1015.4599999999999
2026-05-27 05:40:00,1015.5699999999999
2026-05-27 05:50:00,1015.6899999999999
2026-05-27 06:00:00,1015.6899999999999
2026-05-27 06:10:00,1015.79
2026-05-27 06:20:00,1016.05
2026-05-27 06:30:00,1016.1899999999999
2026-05-27 06:40:00,1016.37
2026-05-27 06:50:00,1016.4399999999999
2026-05-27 07:00:00,1016.55
2026-05-27 07:10:00,1016.65
2026-05-27 07:20:00,1016.76
2026-05-27 07:30:00,1016.91
2026-05-27 07:40:00,1017.02
2026-05-27 07:50:00,1017.14
2026-05-27 08:00:00,1017.1
2026-05-27 08:10:00,1016.9599999999999
2026-05-27 08:20:00,1016.97
2026-05-27 08:30:00,1017.03
2026-05-27 08:40:00,1016.98
2026-05-27 08:50:00,1017
2026-05-27 09:00:00,1017.18
2026-05-27 09:10:00,1017.31
2026-05-27 09:20:00,1017.22
2026-05-27 09:30:00,1017.06
2026-05-27 09:40:00,1017.0699999999999
2026-05-27 09:50:00,1016.98
2026-05-27 10:00:00,1017.03
2026-05-27 10:10:00,1017
2026-05-27 10:20:00,1016.87
2026-05-27 10:30:00,1016.84
2026-05-27 10:40:00,1016.6
2026-05-27 10:50:00,1016.54
2026-05-27 11:00:00,1016.48
2026-05-27 11:10:00,1016.42
2026-05-27 11:20:00,1016.2099999999999
2026-05-27 11:30:00,1016.04
2026-05-27 11:40:00,1015.8199999999999
2026-05-27 11:50:00,1015.75
2026-05-27 12:00:00,1015.6899999999999
2026-05-27 12:10:00,1015.63
2026-05-27 12:20:00,1015.5
2026-05-27 12:30:00,1015.49
2026-05-27 12:40:00,1015.49
2026-05-27 12:50:00,1015.3299999999999
2026-05-27 13:00:00,1015.14
2026-05-27 13:10:00,1014.9499999999999
2026-05-27 13:20:00,1014.85
2026-05-27 13:30:00,1014.76
2026-05-27 13:40:00,1014.8
2026-05-27 13:50:00,1014.63
2026-05-27 14:00:00,1014.61
2026-05-27 14:10:00,1014.4599999999999
2026-05-27 14:20:00,1014.16
2026-05-27 14:30:00,1014.2099999999999
2026-05-27 14:40:00,1014.11
2026-05-27 14:50:00,1014.09
2026-05-27 15:00:00,1013.91
2026-05-27 15:10:00,1013.7099999999999
2026-05-27 15:20:00,1013.75
2026-05-27 15:30:00,1014
2026-05-27 15:40:00,1014.1
2026-05-27 15:50:00,1014.16
2026-05-27 16:00:00,1014.09
2026-05-27 16:10:00,1014.1899999999999
2026-05-27 16:20:00,1013.98
2026-05-27 16:30:00,1014.12
2026-05-27 16:40:00,1014.26
2026-05-27 16:50:00,1014.38
2026-05-27 17:40:00,1015.0799999999999
2026-05-27 17:50:00,1015.01
2026-05-27 18:00:00,1014.9
2026-05-27 18:10:00,1014.89
2026-05-27 18:20:00,1014.99
2026-05-27 18:30:00,1015.12
2026-05-27 18:40:00,1015.43
2026-05-27 18:50:00,1015.47
2026-05-27 19:00:00,1015.59
2026-05-27 19:10:00,1015.48
2026-05-27 19:20:00,1015.54
2026-05-27 19:30:00,1015.76
2026-05-27 19:40:00,1015.9399999999999
2026-05-27 19:50:00,1016.12
2026-05-27 20:00:00,1016.0699999999999
2026-05-27 20:10:00,1016.03
2026-05-27 20:20:00,1016.11
2026-05-27 20:30:00,1016.17
2026-05-27 20:40:00,1016.42
2026-05-27 20:50:00,1016.72
2026-05-27 21:00:00,1016.9125
2026-05-27 21:10:00,1017.13
2026-05-27 21:20:00,1016.98
2026-05-27 21:30:00,1016.9
2026-05-27 21:40:00,1017.14
2026-05-27 21:50:00,1017.23
2026-05-27 22:00:00,1017.3299999999999
2026-05-27 22:10:00,1017.39
2026-05-27 22:20:00,1017.47
2026-05-27 22:30:00,1017.41
2026-05-27 22:40:00,1017.53
2026-05-27 22:50:00,1017.73
2026-05-27 23:00:00,1017.76
2026-05-27 23:10:00,1017.64
2026-05-27 23:20:00,1017.85
2026-05-27 23:30:00,1017.6999999999999
2026-05-27 23:40:00,1017.55
2026-05-27 23:50:00,1017.01
2026-05-28 00:00:00,1016.88
2026-05-28 00:10:00,1016.66
2026-05-28 00:20:00,1016.43
2026-05-28 00:30:00,1016.4499999999999
2026-05-28 00:40:00,1016.28
2026-05-28 00:50:00,1016.38
2026-05-28 01:00:00,1016.3199999999999
2026-05-28 01:10:00,1016.27
2026-05-28 01:20:00,1016.02
2026-05-28 01:30:00,1016.02
2026-05-28 01:40:00,1016.04
2026-05-28 01:50:00,1016.24
2026-05-28 02:00:00,1015.8299999999999
2026-05-28 02:10:00,1015.84
2026-05-28 02:20:00,1016.05
2026-05-28 02:30:00,1015.9499999999999
2026-05-28 02:40:00,1015.81
2026-05-28 02:50:00,1015.5799999999999
2026-05-28 03:00:00,1015.4599999999999
2026-05-28 03:10:00,1015.56
2026-05-28 03:20:00,1015.54
2026-05-28 03:30:00,1015.35
2026-05-28 03:40:00,1015.34
2026-05-28 03:50:00,1015.5699999999999
2026-05-28 04:00:00,1015.8
2026-05-28 04:10:00,1015.87
2026-05-28 04:20:00,1015.8199999999999
2026-05-28 04:30:00,1015.74
2026-05-28 04:40:00,1015.74
2026-05-28 04:50:00,1015.92
2026-05-28 05:00:00,1016.05
2026-05-28 05:10:00,1015.97
2026-05-28 05:20:00,1016.02
2026-05-28 05:30:00,1016.12
2026-05-28 05:40:00,1016.0799999999999
2026-05-28 05:50:00,1016.18
2026-05-28 06:00:00,1016.23
2026-05-28 06:10:00,1016.37
2026-05-28 06:20:00,1016.49
2026-05-28 06:30:00,1016.62
2026-05-28 06:40:00,1016.77
2026-05-28 06:50:00,1016.73
2026-05-28 07:00:00,1016.73
2026-05-28 07:10:00,1016.86
2026-05-28 07:20:00,1017
2026-05-28 07:30:00,1016.97
2026-05-28 07:40:00,1017.01
2026-05-28 07:50:00,1017.04
2026-05-28 08:00:00,1016.9
2026-05-28 08:10:00,1016.8299999999999
2026-05-28 08:20:00,1017.0699999999999
2026-05-28 08:30:00,1017.0699999999999
2026-05-28 08:40:00,1017.1899999999999
2026-05-28 08:50:00,1017.29
2026-05-28 09:00:00,1017.4
2026-05-28 09:10:00,1017.51
2026-05-28 09:20:00,1017.26
2026-05-28 09:30:00,1017.03
2026-05-28 09:40:00,1016.9499999999999
2026-05-28 09:50:00,1016.9499999999999
2026-05-28 10:00:00,1016.91
2026-05-28 10:10:00,1016.74
2026-05-28 10:20:00,1016.85
2026-05-28 10:30:00,1016.7099999999999
2026-05-28 10:40:00,1016.47
2026-05-28 10:50:00,1016.42
2026-05-28 11:00:00,1016.29
2026-05-28 11:10:00,1016.18
2026-05-28 11:20:00,1016.0799999999999
2026-05-28 11:30:00,1015.9599999999999
2026-05-28 11:40:00,1015.86
2026-05-28 11:50:00,1015.75
2026-05-28 12:00:00,1015.6899999999999
2026-05-28 12:10:00,1015.63
2026-05-28 12:20:00,1015.6899999999999
2026-05-28 12:30:00,1015.61
2026-05-28 12:40:00,1015.61
2026-05-28 12:50:00,1015.51
2026-05-28 13:00:00,1015.53
2026-05-28 13:10:00,1015.5799999999999
2026-05-28 13:20:00,1015.48
2026-05-28 13:30:00,1015.36
2026-05-28 13:40:00,1015.12
2026-05-28 13:50:00,1014.85
2026-05-28 14:00:00,1014.7099999999999
2026-05-28 14:10:00,1014.8299999999999
2026-05-28 14:20:00,1014.79
2026-05-28 14:30:00,1014.42
2026-05-28 14:40:00,1014.2099999999999
2026-05-28 14:50:00,1014.43
2026-05-28 15:00:00,1014.67
2026-05-28 15:10:00,1014.49
2026-05-28 15:20:00,1014.84
2026-05-28 15:30:00,1014.86
2026-05-28 15:40:00,1015.13
2026-05-28 15:50:00,1014.74
2026-05-28 16:00:00,1014.5
2026-05-28 16:10:00,1014.61
2026-05-28 16:20:00,1014.85
2026-05-28 16:30:00,1014.9499999999999
2026-05-28 16:40:00,1014.72
2026-05-28 16:50:00,1014.51
2026-05-28 17:00:00,1014.1899999999999
2026-05-28 17:10:00,1014.3199999999999
2026-05-28 17:20:00,1014.16
2026-05-28 17:30:00,1014.37
2026-05-28 17:40:00,1014.65
2026-05-28 17:50:00,1014.76
2026-05-28 18:00:00,1014.97
2026-05-28 18:10:00,1015.14
2026-05-28 18:20:00,1015.3199999999999
2026-05-28 18:30:00,1015.39
2026-05-28 18:40:00,1015.38
2026-05-28 18:50:00,1015.35
2026-05-28 19:00:00,1015.67
2026-05-28 19:10:00,1016.0699999999999
2026-05-28 19:20:00,1016.14
2026-05-28 19:30:00,1016.01
2026-05-28 19:40:00,1016.16
2026-05-28 19:50:00,1016.3299999999999
2026-05-28 20:00:00,1016.72
2026-05-28 20:10:00,1016.72
2026-05-28 20:20:00,1016.64
2026-05-28 20:30:00,1016.4399999999999
2026-05-28 20:40:00,1016.36
2026-05-28 20:50:00,1016.41
2026-05-28 21:00:00,1016.61
2026-05-28 21:10:00,1016.74
2026-05-28 21:20:00,1016.59
2026-05-28 21:30:00,1016.52
2026-05-28 21:40:00,1016.38
2026-05-28 21:50:00,1016.34
2026-05-28 22:00:00,1016.4
2026-05-28 22:10:00,1016.48
2026-05-28 22:20:00,1016.5699999999999
2026-05-28 22:30:00,1016.8
2026-05-28 22:40:00,1016.89
2026-05-28 22:50:00,1016.9499999999999
2026-05-28 23:00:00,1017.06
2026-05-28 23:10:00,1017
2026-05-28 23:20:00,1017.09
2026-05-28 23:30:00,1017.04
2026-05-28 23:40:00,1017
2026-05-28 23:50:00,1016.6899999999999
2026-05-29 00:00:00,1016.29
2026-05-29 00:10:00,1016.36
2026-05-29 00:20:00,1016.28
2026-05-29 00:30:00,1016.11
2026-05-29 00:40:00,1016.12
2026-05-29 00:50:00,1016.27
2026-05-29 01:00:00,1016.1999999999999
2026-05-29 01:10:00,1016.11
2026-05-29 01:20:00,1016.06
2026-05-29 01:30:00,1016.23
2026-05-29 01:40:00,1016.36
2026-05-29 01:50:00,1016.25
2026-05-29 02:00:00,1016.1999999999999
2026-05-29 02:10:00,1016.22
2026-05-29 02:20:00,1015.88
2026-05-29 02:30:00,1015.64
2026-05-29 02:40:00,1015.5699999999999
2026-05-29 02:50:00,1015.4599999999999
2026-05-29 03:00:00,1015.5
2026-05-29 03:10:00,1015.85
2026-05-29 03:20:00,1015.98
2026-05-29 03:30:00,1016.02
2026-05-29 03:40:00,1016.04
2026-05-29 03:50:00,1015.93
2026-05-29 04:00:00,1016.03
2026-05-29 04:10:00,1016.01
2026-05-29 04:20:00,1015.81
2026-05-29 04:30:00,1015.9599999999999
2026-05-29 04:40:00,1016.1999999999999
2026-05-29 04:50:00,1016.4
2026-05-29 05:00:00,1016.5
2026-05-29 05:10:00,1016.34
2026-05-29 05:20:00,1016.39
2026-05-29 05:30:00,1016.3199999999999
2026-05-29 05:40:00,1016.31
2026-05-29 05:50:00,1016.6
2026-05-29 06:00:00,1016.74
2026-05-29 06:10:00,1016.77
2026-05-29 06:20:00,1016.74
2026-05-29 06:30:00,1016.9
2026-05-29 06:40:00,1016.97
2026-05-29 06:50:00,1017.2099999999999
2026-05-29 07:00:00,1017.17
2026-05-29 07:10:00,1017.3199999999999
2026-05-29 07:20:00,1017.56
2026-05-29 07:30:00,1017.74
2026-05-29 07:40:00,1018.03
2026-05-29 07:50:00,1018.15
2026-05-29 08:00:00,1018.18
2026-05-29 08:10:00,1018.3299999999999
2026-05-29 08:20:00,1018.47
2026-05-29 08:30:00,1018.4499999999999
2026-05-29 08:40:00,1018.55
2026-05-29 08:50:00,1018.5
2026-05-29 09:00:00,1018.49
2026-05-29 09:10:00,1018.5
2026-05-29 09:20:00,1018.6999999999999
2026-05-29 09:30:00,1018.88
2026-05-29 09:40:00,1018.74
2026-05-29 09:50:00,1018.61
2026-05-29 10:00:00,1018.4499999999999
2026-05-29 10:10:00,1018.48
2026-05-29 10:20:00,1018.48
2026-05-29 10:30:00,1018.22
2026-05-29 10:40:00,1018.28
2026-05-29 10:50:00,1018.34
2026-05-29 11:00:00,1018.0699999999999
2026-05-29 11:10:00,1017.92
2026-05-29 11:20:00,1018
2026-05-29 11:30:00,1017.99
2026-05-29 11:40:00,1017.86
2026-05-29 11:50:00,1017.89
2026-05-29 12:00:00,1018.0799999999999
2026-05-29 12:10:00,1018.02
2026-05-29 12:20:00,1017.88
2026-05-29 12:30:00,1017.61
2026-05-29 12:40:00,1017.48
2026-05-29 12:50:00,1017.6
2026-05-29 13:00:00,1017.51
2026-05-29 13:10:00,1017.55
2026-05-29 13:20:00,1017.42
2026-05-29 13:30:00,1017.4266666666666
2026-05-29 13:40:00,1017.345
2026-05-29 13:50:00,1017.37125
2026-05-29 14:00:00,1017.3971428571429
2026-05-29 14:10:00,1017.4166666666666
2026-05-29 14:20:00,1017.45
2026-05-29 14:30:00,1017.466
2026-05-29 14:40:00,1017.5150000000001
2026-05-29 14:50:00,1017.51
2026-05-29 15:00:00,1017.4533333333334
2026-05-29 15:10:00,1017.285
2026-05-29 15:20:00,1017.05
2026-05-29 15:30:00,1016.92
2026-05-29 15:40:00,1016.99
2026-05-29 15:50:00,1017.05
2026-05-29 16:00:00,1017.22
2026-05-29 16:10:00,1017.27
2026-05-29 16:20:00,1017.27
2026-05-29 16:30:00,1017.34
2026-05-29 16:40:00,1017.43
2026-05-29 16:50:00,1017.4599999999999
2026-05-29 17:00:00,1017.5799999999999
2026-05-29 17:10:00,1017.52
2026-05-29 17:20:00,1017.52
2026-05-29 17:30:00,1017.4499999999999
2026-05-29 17:40:00,1017.6
2026-05-29 17:50:00,1017.79
2026-05-29 18:00:00,1017.89
2026-05-29 18:10:00,1017.8
2026-05-29 18:20:00,1017.8199999999999
2026-05-29 18:30:00,1017.81
2026-05-29 18:40:00,1017.85
2026-05-29 18:50:00,1017.91
2026-05-29 19:00:00,1017.86
2026-05-29 19:10:00,1017.79
2026-05-29 19:20:00,1017.7099999999999
2026-05-29 19:30:00,1017.66
2026-05-29 19:40:00,1017.61
2026-05-29 19:50:00,1017.47
2026-05-29 20:00:00,1017.41
2026-05-29 20:10:00,1017.24
2026-05-29 20:20:00,1017.34
2026-05-29 20:30:00,1017.22
2026-05-29 20:40:00,1017.11
2026-05-29 20:50:00,1017.09
2026-05-29 21:00:00,1017.1
2026-05-29 21:10:00,1017.1999999999999
2026-05-29 21:20:00,1017.13
2026-05-29 21:30:00,1017
2026-05-29 21:40:00,1016.97
2026-05-29 21:50:00,1017.04
2026-05-29 22:00:00,1017.0699999999999
2026-05-29 22:10:00,1017.06
2026-05-29 22:20:00,1017.1
2026-05-29 22:30:00,1017.04
2026-05-29 22:40:00,1017.15
2026-05-29 22:50:00,1017.24
2026-05-29 23:00:00,1017.25
2026-05-29 23:10:00,1017.18
2026-05-29 23:20:00,1017.11
2026-05-29 23:30:00,1017.09
2026-05-29 23:40:00,1016.9399999999999
2026-05-29 23:50:00,1016.98
2026-05-30 00:00:00,1016.8299999999999
2026-05-30 00:10:00,1016.78
2026-05-30 00:20:00,1016.74
2026-05-30 00:30:00,1016.63
2026-05-30 00:40:00,1016.56
2026-05-30 00:50:00,1016.49
2026-05-30 01:00:00,1016.55
2026-05-30 01:10:00,1016.4499999999999
2026-05-30 01:20:00,1016.5
2026-05-30 01:30:00,1016.42
2026-05-30 01:40:00,1016.43
2026-05-30 01:50:00,1016.39
2026-05-30 02:00:00,1016.27
2026-05-30 02:10:00,1016.14
2026-05-30 02:20:00,1016.01
2026-05-30 02:30:00,1016.09
2026-05-30 02:40:00,1015.99
2026-05-30 02:50:00,1015.93
2026-05-30 03:00:00,1015.9
2026-05-30 03:10:00,1015.9599999999999
2026-05-30 03:20:00,1016.01
2026-05-30 03:30:00,1015.98
2026-05-30 03:40:00,1015.93
2026-05-30 03:50:00,1016.01
2026-05-30 04:00:00,1016.01
2026-05-30 04:10:00,1016.1
2026-05-30 04:20:00,1016.04
2026-05-30 04:30:00,1016.11
2026-05-30 04:40:00,1016.18
2026-05-30 04:50:00,1016.13
2026-05-30 05:00:00,1016.17
2026-05-30 05:10:00,1016.27
2026-05-30 05:20:00,1016.27
2026-05-30 05:30:00,1016.28
2026-05-30 05:40:00,1016.31
2026-05-30 05:50:00,1016.4599999999999
2026-05-30 06:00:00,1016.54
2026-05-30 06:10:00,1016.8199999999999
2026-05-30 06:20:00,1017.12
2026-05-30 06:30:00,1017.31
2026-05-30 06:40:00,1017.42
2026-05-30 06:50:00,1017.4399999999999
2026-05-30 07:00:00,1017.5
2026-05-30 07:10:00,1017.54
2026-05-30 07:20:00,1017.8299999999999
2026-05-30 07:30:00,1017.89
2026-05-30 07:40:00,1017.99
2026-05-30 07:50:00,1018.0699999999999
2026-05-30 08:00:00,1018.0699999999999
2026-05-30 08:10:00,1017.9499999999999
2026-05-30 08:20:00,1018.17
2026-05-30 08:30:00,1018.3
2026-05-30 08:40:00,1018.41
2026-05-30 08:50:00,1018.51
2026-05-30 09:00:00,1018.6
2026-05-30 09:10:00,1018.63
2026-05-30 09:20:00,1018.6
2026-05-30 09:30:00,1018.53
2026-05-30 09:40:00,1018.31
2026-05-30 09:50:00,1018.34
2026-05-30 10:00:00,1018.22
2026-05-30 10:10:00,1018.22
2026-05-30 10:20:00,1018.18
2026-05-30 10:30:00,1018.04
2026-05-30 10:40:00,1018
2026-05-30 10:50:00,1017.9
2026-05-30 11:00:00,1017.75
2026-05-30 11:10:00,1017.5699999999999
2026-05-30 11:20:00,1017.5699999999999
2026-05-30 11:30:00,1017.56
2026-05-30 11:40:00,1017.36
2026-05-30 11:50:00,1017.24
2026-05-30 12:00:00,1017.24
2026-05-30 12:10:00,1017.23
2026-05-30 12:20:00,1017.12
2026-05-30 12:30:00,1017.22
2026-05-30 12:40:00,1017.1
2026-05-30 12:50:00,1016.92
2026-05-30 13:00:00,1016.77
2026-05-30 13:10:00,1016.66
2026-05-30 13:20:00,1016.5
2026-05-30 13:30:00,1016.28
2026-05-30 13:40:00,1016.1899999999999
2026-05-30 13:50:00,1015.93
2026-05-30 14:00:00,1015.61
2026-05-30 14:10:00,1015.55
2026-05-30 14:20:00,1015.3
2026-05-30 14:30:00,1015.0699999999999
2026-05-30 14:40:00,1015.18
2026-05-30 14:50:00,1015.22
2026-05-30 15:00:00,1015.26
2026-05-30 15:10:00,1015.34
2026-05-30 15:20:00,1015.1999999999999
2026-05-30 15:30:00,1015.22
2026-05-30 15:40:00,1015.26
2026-05-30 15:50:00,1015.49
2026-05-30 16:00:00,1015.8199999999999
2026-05-30 16:10:00,1015.99
2026-05-30 16:20:00,1016.01
2026-05-30 16:30:00,1016.16
2026-05-30 16:40:00,1016.29
2026-05-30 16:50:00,1016.1999999999999
2026-05-30 17:00:00,1016.47
2026-05-30 17:10:00,1016.62
2026-05-30 17:20:00,1016.86
2026-05-30 17:30:00,1016.85
2026-05-30 17:40:00,1016.78
2026-05-30 17:50:00,1016.62
2026-05-30 18:00:00,1016.59
2026-05-30 18:10:00,1016.53
2026-05-30 18:20:00,1016.5699999999999
2026-05-30 18:30:00,1016.86
2026-05-30 18:40:00,1017
2026-05-30 18:50:00,1017.14
2026-05-30 19:00:00,1017.05
2026-05-30 19:10:00,1017.23
2026-05-30 19:20:00,1017.41
2026-05-30 19:30:00,1017.5
2026-05-30 19:40:00,1017.81
2026-05-30 19:50:00,1017.93
2026-05-30 20:00:00,1018.01
2026-05-30 20:10:00,1017.97
2026-05-30 20:20:00,1017.87
2026-06-02 14:00:00,1015.6899999999999
2026-06-02 14:10:00,1015.5799999999999
2026-06-02 14:20:00,1015.4
2026-06-02 14:30:00,1015.36
2026-06-02 14:40:00,1015.24
2026-06-02 14:50:00,1015.0799999999999
2026-06-02 15:00:00,1014.9399999999999
2026-06-02 15:50:00,1014.8299999999999
2026-06-19 11:30:00,1019.7242857142857
2026-06-19 11:40:00,1019.61
2026-06-19 11:50:00,1019.43
2026-06-19 12:00:00,1019.36
2026-06-19 12:10:00,1019.29
2026-06-19 12:20:00,1019.16
2026-06-19 12:30:00,1019.2099999999999
2026-06-19 12:40:00,1019.1999999999999
2026-06-19 12:50:00,1019.12
2026-06-19 13:00:00,1019.11
2026-06-19 13:10:00,1018.9599999999999
2026-06-19 13:20:00,1018.73
2026-06-19 13:30:00,1018.68
2026-06-19 13:40:00,1018.64
2026-06-19 13:50:00,1018.56
2026-06-19 14:00:00,1018
2026-06-19 14:10:00,1017.64
2026-06-19 14:20:00,1017.72
2026-06-19 14:30:00,1017.6999999999999
2026-06-19 14:40:00,1017.8199999999999
2026-06-19 14:50:00,1017.79
2026-06-19 15:00:00,1017.7099999999999
2026-06-19 15:10:00,1017.64
2026-06-19 15:20:00,1017.5699999999999
2026-06-19 15:30:00,1017.52
2026-06-19 15:40:00,1017.62
2026-06-19 15:50:00,1017.75
2026-06-19 16:00:00,1017.88
2026-06-19 16:10:00,1017.78
2026-06-19 16:20:00,1017.76
2026-06-19 16:30:00,1017.85
2026-06-19 16:40:00,1017.8199999999999
2026-06-19 16:50:00,1017.79
2026-06-19 17:00:00,1018.01
2026-06-19 17:10:00,1017.99
2026-06-19 17:20:00,1017.98
2026-06-19 17:30:00,1018.17
2026-06-19 17:40:00,1018.24
2026-06-19 17:50:00,1018.1
2026-06-19 18:00:00,1018.04
2026-06-19 18:10:00,1017.9499999999999
2026-06-19 18:20:00,1017.9499999999999
2026-06-19 18:30:00,1017.98
2026-06-19 18:40:00,1018.0699999999999
2026-06-19 18:50:00,1018.1
2026-06-19 19:00:00,1017.91
2026-06-19 19:10:00,1017.97
2026-06-19 19:20:00,1017.98
2026-06-19 19:30:00,1018
2026-06-19 19:40:00,1018.22
2026-06-19 19:50:00,1018.4499999999999
2026-06-19 20:00:00,1018.47
2026-06-19 20:10:00,1018.48
2026-06-19 20:20:00,1018.68
2026-06-19 20:30:00,1018.91
2026-06-19 20:40:00,1019.0699999999999
2026-06-19 20:50:00,1019.15
2026-06-19 21:00:00,1019.3199999999999
2026-06-19 21:10:00,1019.31
2026-06-19 21:20:00,1019.36
2026-06-19 21:30:00,1019.3199999999999
2026-06-19 21:40:00,1019.3
2026-06-19 21:50:00,1019.29
2026-06-19 22:00:00,1019.03
2026-06-19 22:10:00,1019.12
2026-06-19 22:20:00,1019.15
2026-06-19 22:30:00,1019.15
2026-06-19 22:40:00,1019.11
2026-06-19 22:50:00,1019.1899999999999
2026-06-19 23:00:00,1019.14
2026-06-19 23:10:00,1019.12
2026-06-19 23:20:00,1019.14
2026-06-19 23:30:00,1018.9599999999999
2026-06-19 23:40:00,1018.77
2026-06-19 23:50:00,1018.5799999999999
2026-06-20 00:00:00,1018.54
2026-06-20 00:10:00,1018.4599999999999
2026-06-20 00:20:00,1018.56
2026-06-20 00:30:00,1018.39
2026-06-20 00:40:00,1018.43
2026-06-20 00:50:00,1018.42
2026-06-20 01:00:00,1018.1899999999999
2026-06-20 01:10:00,1018.27
2026-06-20 01:20:00,1018.05
2026-06-20 01:30:00,1017.85
2026-06-20 01:40:00,1017.92
2026-06-20 01:50:00,1017.88
2026-06-20 02:00:00,1017.92
2026-06-20 02:10:00,1017.8
2026-06-20 02:20:00,1017.75
2026-06-20 02:30:00,1017.72
2026-06-20 02:40:00,1017.6899999999999
2026-06-20 02:50:00,1017.64
2026-06-20 03:00:00,1017.53
2026-06-20 03:10:00,1017.47
2026-06-20 03:20:00,1017.4599999999999
2026-06-20 03:30:00,1017.61
2026-06-20 03:40:00,1017.54
2026-06-20 03:50:00,1017.13
2026-06-20 04:00:00,1017.01
2026-06-20 04:10:00,1016.85
2026-06-20 04:20:00,1016.8
2026-06-20 04:30:00,1016.9399999999999
2026-06-20 04:40:00,1016.99
2026-06-20 04:50:00,1016.98
2026-06-20 05:00:00,1017.27
2026-06-20 05:10:00,1017.3199999999999
2026-06-20 05:20:00,1017.3
2026-06-20 05:30:00,1017.4399999999999
2026-06-20 05:40:00,1017.6
2026-06-20 05:50:00,1017.5699999999999
2026-06-20 06:00:00,1017.72
2026-06-20 06:10:00,1018.0799999999999
2026-06-20 06:20:00,1018.3199999999999
2026-06-20 06:30:00,1018.4
2026-06-20 06:40:00,1018.6999999999999
2026-06-20 06:50:00,1019.02
2026-06-20 07:00:00,1019.22
2026-06-20 07:10:00,1019.47
2026-06-20 07:20:00,1019.59
2026-06-20 07:30:00,1019.54
2026-06-20 07:40:00,1019
2026-06-20 07:50:00,1018.8
2026-06-20 08:00:00,1018.84
2026-06-20 08:10:00,1018.84
2026-06-20 08:20:00,1018.8299999999999
2026-06-20 08:30:00,1018.97
2026-06-20 08:40:00,1018.98
2026-06-20 08:50:00,1019.18
2026-06-20 09:00:00,1019.1999999999999
2026-06-20 09:10:00,1019.24
2026-06-20 09:20:00,1019.35
2026-06-20 09:30:00,1019.1899999999999
2026-06-20 09:40:00,1019.12
2026-06-20 09:50:00,1019.0799999999999
2026-06-20 10:00:00,1018.99
2026-06-20 10:10:00,1018.64
2026-06-20 10:20:00,1018.31
2026-06-20 10:30:00,1018.12
2026-06-20 10:50:00,1017.9599999999999
2026-06-20 11:00:00,1017.84
2026-06-20 11:10:00,1017.64
2026-06-20 11:20:00,1017.4399999999999
2026-06-20 11:30:00,1017.3
2026-06-20 11:40:00,1017.0799999999999
2026-06-20 11:50:00,1016.98
2026-06-20 12:00:00,1016.78
2026-06-20 12:10:00,1016.75
2026-06-20 12:20:00,1016.9
2026-06-20 12:30:00,1016.8299999999999
2026-06-20 12:40:00,1016.76
2026-06-20 12:50:00,1016.64
2026-06-20 13:00:00,1016.6
2026-06-20 13:10:00,1016.5
2026-06-20 13:20:00,1016.6
2026-06-20 13:30:00,1016.47
2026-06-20 13:40:00,1016.34
2026-06-20 13:50:00,1016.24
2026-06-20 14:00:00,1016.13
2026-06-20 14:10:00,1016.0699999999999
2026-06-20 14:20:00,1016.03
2026-06-20 14:30:00,1015.92
2026-06-20 14:40:00,1015.7099999999999
2026-06-20 14:50:00,1015.79
2026-06-20 15:00:00,1015.75
2026-06-20 15:10:00,1015.56
2026-06-20 15:20:00,1015.42
2026-06-20 15:30:00,1015.59
2026-06-20 15:40:00,1015.61
2026-06-20 15:50:00,1015.6
2026-06-20 16:00:00,1015.64
2026-06-20 16:10:00,1015.5699999999999
2026-06-20 16:20:00,1015.6
2026-06-20 16:30:00,1015.4599999999999
2026-06-20 16:40:00,1015.42
2026-06-20 16:50:00,1015.62
2026-06-20 17:00:00,1015.61
2026-06-20 17:10:00,1015.73
2026-06-20 17:20:00,1015.91
2026-06-20 17:30:00,1015.97
2026-06-20 17:40:00,1016.06
2026-06-20 17:50:00,1016.1
2026-06-20 18:00:00,1016.0699999999999
2026-06-20 18:10:00,1016.14
2026-06-20 18:20:00,1016
2026-06-20 18:30:00,1015.98
2026-06-20 18:40:00,1016.13
2026-06-20 18:50:00,1016.42
2026-06-20 19:00:00,1016.5
2026-06-20 19:10:00,1016.56
2026-06-20 19:20:00,1016.5
2026-06-20 19:30:00,1016.54
2026-06-20 19:40:00,1016.4499999999999
2026-06-20 19:50:00,1016.49
2026-06-20 20:00:00,1016.59
2026-06-20 20:10:00,1016.59
2026-06-20 20:20:00,1016.72
2026-06-20 20:30:00,1016.85
2026-06-20 20:40:00,1016.98
2026-06-20 20:50:00,1016.98
2026-06-20 21:00:00,1016.97
2026-06-20 21:10:00,1017.11
2026-06-20 21:20:00,1017.09
2026-06-20 21:30:00,1017.05
2026-06-20 21:40:00,1016.98
2026-06-20 21:50:00,1017.05
2026-06-20 22:00:00,1016.93
2026-06-20 22:10:00,1016.86
2026-06-20 22:20:00,1016.79
2026-06-20 22:30:00,1016.88
2026-06-20 22:40:00,1016.9399999999999
2026-06-20 22:50:00,1017.0699999999999
2026-06-20 23:00:00,1017.03
2026-06-20 23:10:00,1017.13
2026-06-20 23:20:00,1017.14
2026-06-20 23:30:00,1016.9599999999999
2026-06-20 23:40:00,1016.67
2026-06-20 23:50:00,1016.78
2026-06-21 00:00:00,1016.8
2026-06-21 00:10:00,1016.76
2026-06-21 00:20:00,1016.56
2026-06-21 00:30:00,1016.42
2026-06-21 00:40:00,1016.1899999999999
2026-06-21 00:50:00,1016.01
2026-06-21 01:00:00,1015.9399999999999
2026-06-21 01:10:00,1015.9399999999999
2026-06-21 01:20:00,1016.01
2026-06-21 01:30:00,1016.02
2026-06-21 01:40:00,1016.05
2026-06-21 01:50:00,1015.81
2026-06-21 02:00:00,1015.89
2026-06-21 02:10:00,1015.8299999999999
2026-06-21 02:20:00,1015.85
2026-06-21 02:30:00,1015.86
2026-06-21 02:40:00,1015.74
2026-06-21 02:50:00,1015.85
2026-06-21 03:00:00,1015.6999999999999
2026-06-21 03:10:00,1015.56
2026-06-21 03:20:00,1015.34
2026-06-21 03:30:00,1015.24
2026-06-21 03:40:00,1015.3199999999999
2026-06-21 03:50:00,1015.2099999999999
2026-06-21 04:00:00,1015.36
2026-06-21 04:10:00,1015.61
2026-06-21 04:20:00,1015.61
2026-06-21 04:30:00,1015.87
2026-06-21 04:40:00,1015.97
2026-06-21 04:50:00,1015.9499999999999
2026-06-21 05:00:00,1015.9599999999999
2026-06-21 05:10:00,1016.11
2026-06-21 05:20:00,1016.28
2026-06-21 05:30:00,1016.0799999999999
2026-06-21 05:40:00,1016.28
2026-06-21 05:50:00,1016.2099999999999
2026-06-21 06:00:00,1016.3
2026-06-21 06:10:00,1016.29
2026-06-21 06:20:00,1016.25
2026-06-21 06:30:00,1016.24
2026-06-21 06:40:00,1016.25
2026-06-21 06:50:00,1016.38
2026-06-21 07:00:00,1016.4
2026-06-21 07:10:00,1016.5799999999999
2026-06-21 07:20:00,1016.74
2026-06-21 07:30:00,1016.86
2026-06-21 07:40:00,1016.98
2026-06-21 07:50:00,1016.9499999999999
2026-06-21 08:00:00,1017.06
2026-06-21 08:10:00,1017.16
2026-06-21 08:20:00,1017.14
2026-06-21 08:30:00,1017.0799999999999
2026-06-21 08:40:00,1017.1899999999999
2026-06-21 08:50:00,1017.16
2026-06-21 09:00:00,1017.13
2026-06-21 09:10:00,1017.18
2026-06-21 09:20:00,1017.17
2026-06-21 09:30:00,1017.03
2026-06-21 09:40:00,1016.92
2026-06-21 09:50:00,1016.76
2026-06-21 10:00:00,1016.73
2026-06-21 10:10:00,1016.99
2026-06-21 10:20:00,1016.8299999999999
2026-06-21 10:30:00,1016.67
2026-06-21 10:40:00,1016.88
2026-06-21 10:50:00,1016.99
2026-06-21 11:00:00,1017.09
2026-06-21 11:10:00,1017.14
2026-06-21 11:20:00,1017
2026-06-21 11:30:00,1017.02
2026-06-21 11:40:00,1017.09
2026-06-21 11:50:00,1016.93
2026-06-21 12:00:00,1016.9399999999999
2026-06-21 12:10:00,1016.81
2026-06-21 12:20:00,1016.68
2026-06-21 12:30:00,1016.59
2026-06-21 12:40:00,1016.77
2026-06-21 12:50:00,1016.56
2026-06-21 13:00:00,1016.65
2026-06-21 13:10:00,1016.59
2026-06-21 13:20:00,1016.43
2026-06-21 13:30:00,1016.48
2026-06-21 13:40:00,1016.3299999999999
2026-06-21 13:50:00,1016.1
2026-06-21 14:00:00,1016.06
2026-06-21 14:10:00,1015.73
2026-06-21 14:20:00,1015.85
2026-06-21 14:30:00,1015.62
2026-06-21 14:40:00,1015.4399999999999
2026-06-21 14:50:00,1015.17
2026-06-21 15:00:00,1014.98
2026-06-21 15:10:00,1014.8199999999999
2026-06-21 15:20:00,1014.6899999999999
2026-06-21 15:30:00,1014.5799999999999
2026-06-21 15:40:00,1014.42
2026-06-21 15:50:00,1014.35
2026-06-21 16:00:00,1014.15
2026-06-21 16:10:00,1014.1
2026-06-21 16:20:00,1014.04
2026-06-21 16:30:00,1014.14
2026-06-21 16:40:00,1014.17
2026-06-21 16:50:00,1014.22
2026-06-21 17:00:00,1014.41
2026-06-21 17:10:00,1014.61
2026-06-21 17:20:00,1014.9499999999999
2026-06-21 17:30:00,1015.1
2026-06-21 17:40:00,1015.43
2026-06-21 17:50:00,1015.63
2026-06-21 18:00:00,1015.85
2026-06-21 18:10:00,1016.18
2026-06-21 18:20:00,1016.51
2026-06-21 18:30:00,1016.73
2026-06-21 18:40:00,1016.92
2026-06-21 18:50:00,1017.18
2026-06-21 19:00:00,1017.51
2026-06-21 19:10:00,1017.63
2026-06-21 19:20:00,1017.72
2026-06-21 19:30:00,1017.6999999999999
2026-06-21 19:40:00,1017.5799999999999
2026-06-21 19:50:00,1017.55
2026-06-21 20:00:00,1017.5699999999999
2026-06-21 20:10:00,1017.77
2026-06-21 20:20:00,1017.76
2026-06-21 20:30:00,1017.9
2026-06-21 20:40:00,1017.8299999999999
2026-06-21 20:50:00,1018
2026-06-21 21:00:00,1018.1999999999999
2026-06-21 21:10:00,1018.16
2026-06-21 21:20:00,1018.3
2026-06-21 21:30:00,1018.2099999999999
2026-06-21 21:40:00,1018.36
2026-06-21 21:50:00,1018.12
2026-06-21 22:00:00,1017.9399999999999
2026-06-21 22:10:00,1018.28
2026-06-21 22:20:00,1018.29
2026-06-21 22:30:00,1018.1899999999999
2026-06-21 22:40:00,1018.22
2026-06-21 22:50:00,1017.99
2026-06-21 23:00:00,1017.7850000000001
2026-06-21 23:10:00,1017.7779999999999
2026-06-21 23:20:00,1017.84
2026-06-21 23:30:00,1017.87
2026-06-21 23:40:00,1017.73
2026-06-21 23:50:00,1017.63
2026-06-22 00:00:00,1017.47
2026-06-22 00:10:00,1017.55
2026-06-22 00:20:00,1017.37
2026-06-22 00:30:00,1017.34
2026-06-22 00:40:00,1017.1728571428572
2026-06-22 00:50:00,1016.92
2026-06-22 01:00:00,1016.76
2026-06-22 01:10:00,1016.63
2026-06-22 01:20:00,1016.34
2026-06-22 01:30:00,1016.38
2026-06-22 01:40:00,1016.3199999999999
2026-06-22 01:50:00,1016.1999999999999
2026-06-22 02:00:00,1016.2099999999999
2026-06-22 02:10:00,1016.27
2026-06-22 02:20:00,1016.22
2026-06-22 02:30:00,1016.3299999999999
2026-06-22 02:40:00,1016.4599999999999
2026-06-22 02:50:00,1016.25
2026-06-22 03:00:00,1016.25
2026-06-22 03:10:00,1016.52
2026-06-22 03:20:00,1016.51
2026-06-22 03:30:00,1016.88
2026-06-22 03:40:00,1016.76
2026-06-22 03:50:00,1016.93
2026-06-22 04:00:00,1017.04
2026-06-22 04:10:00,1017.115
2026-06-22 04:20:00,1017.284
2026-06-22 04:30:00,1017.41
2026-06-22 04:40:00,1017.505
2026-06-22 04:50:00,1017.76
2026-06-22 05:00:00,1017.6999999999999
2026-06-22 05:10:00,1017.61
2026-06-22 05:20:00,1017.99
2026-06-22 05:30:00,1018.05
2026-06-22 05:40:00,1017.74
2026-06-22 05:50:00,1017.6
2026-06-22 06:00:00,1017.8299999999999
2026-06-22 06:10:00,1018.325
2026-06-22 06:20:00,1018.555
2026-06-22 06:30:00,1018.625
2026-06-22 06:40:00,1018.78
2026-06-22 06:50:00,1018.87
2026-06-22 07:00:00,1019.16
2026-06-22 07:10:00,1019.3199999999999
2026-06-22 07:20:00,1019.48
2026-06-22 07:30:00,1019.4499999999999
2026-06-22 07:40:00,1019.7099999999999
2026-06-22 07:50:00,1019.9
2026-06-22 08:00:00,1020.13
2026-06-22 08:10:00,1020.47
2026-06-22 08:20:00,1020.43
2026-06-22 08:30:00,1020.38
2026-06-22 08:40:00,1020.1
2026-06-22 08:50:00,1019.92
2026-06-22 09:00:00,1019.86
2026-06-22 09:10:00,1019.8299999999999
2026-06-22 09:20:00,1019.74
2026-06-22 09:30:00,1019.55
2026-06-22 09:40:00,1019.4549999999999
2026-06-22 09:50:00,1019.23
2026-06-22 10:00:00,1019.16
2026-06-22 10:10:00,1019.25
2026-06-22 10:20:00,1019.18
2026-06-22 10:30:00,1019.23
2026-06-22 10:40:00,1019.28
2026-06-22 10:50:00,1019.31
2026-06-22 11:00:00,1019.39
2026-06-22 11:10:00,1019.48
2026-06-22 11:20:00,1019.59
2026-06-22 11:30:00,1019.5799999999999
2026-06-22 11:40:00,1019.5
2026-06-22 11:50:00,1019.3199999999999
2026-06-22 12:00:00,1019.25
2026-06-22 12:10:00,1019.05
2026-06-22 12:20:00,1019.04
2026-06-22 12:30:00,1019.05
2026-06-22 12:40:00,1018.97
2026-06-22 12:50:00,1019.02
2026-06-22 13:00:00,1018.85
2026-06-22 13:10:00,1018.75
2026-06-22 13:20:00,1018.62
2026-06-22 13:30:00,1018.5799999999999
2026-06-22 13:40:00,1018.35
2026-06-22 13:50:00,1018.09
2026-06-22 14:00:00,1017.92
2026-06-22 14:10:00,1017.98
2026-06-22 14:20:00,1017.98
2026-06-22 14:30:00,1017.78
2026-06-22 14:40:00,1017.64
2026-06-22 14:50:00,1017.54
2026-06-22 15:00:00,1017.4599999999999
2026-06-22 15:10:00,1017.55
2026-06-22 15:20:00,1017.5699999999999
2026-06-22 15:30:00,1017.5799999999999
2026-06-22 15:40:00,1017.63
2026-06-22 15:50:00,1017.5799999999999
2026-06-22 16:00:00,1017.63
2026-06-22 16:10:00,1017.73
2026-06-22 16:20:00,1017.91
2026-06-22 16:30:00,1017.99
2026-06-22 16:40:00,1017.86
2026-06-22 16:50:00,1017.84
2026-06-22 17:00:00,1018.01
2026-06-22 17:10:00,1018.05
2026-06-22 17:20:00,1018.13
2026-06-22 17:30:00,1018.11
2026-06-22 17:40:00,1018.25
2026-06-22 17:50:00,1018.36
2026-06-22 18:00:00,1018.54
2026-06-22 18:10:00,1018.6999999999999
2026-06-22 18:20:00,1018.68
2026-06-22 18:30:00,1018.84
2026-06-22 18:40:00,1019.18
2026-06-22 18:50:00,1019.25
2026-06-22 19:00:00,1019.37
2026-06-22 19:10:00,1019.62
2026-06-22 19:20:00,1019.78
2026-06-22 19:30:00,1019.86
2026-06-22 19:40:00,1019.9599999999999
2026-06-22 19:50:00,1019.87
2026-06-22 20:00:00,1019.79
2026-06-22 20:10:00,1019.98
2026-06-22 20:20:00,1019.89
2026-06-22 20:30:00,1019.99
2026-06-22 20:40:00,1020.09
2026-06-22 20:50:00,1020.17
2026-06-22 21:00:00,1020.23
2026-06-22 21:10:00,1020.24
2026-06-22 21:20:00,1020.16
2026-06-22 21:30:00,1020.12
2026-06-22 21:40:00,1020.09
2026-06-22 21:50:00,1019.9399999999999
2026-06-22 22:00:00,1019.9399999999999
2026-06-22 22:10:00,1020
2026-06-22 22:20:00,1019.89
2026-06-22 22:30:00,1019.98
2026-06-22 22:40:00,1019.98
2026-06-22 22:50:00,1019.92
2026-06-22 23:00:00,1019.85
2026-06-22 23:10:00,1019.61
2026-06-22 23:20:00,1019.51
2026-06-22 23:30:00,1019.49
2026-06-22 23:40:00,1019.52
2026-06-22 23:50:00,1019.4399999999999
2026-06-23 00:00:00,1019.37
2026-06-23 00:10:00,1019.35
2026-06-23 00:20:00,1019.3299999999999
2026-06-23 00:30:00,1019.23
2026-06-23 00:40:00,1018.93
2026-06-23 00:50:00,1018.77
2026-06-23 01:00:00,1018.47
2026-06-23 01:10:00,1018.51
2026-06-23 01:20:00,1018.38
2026-06-23 01:30:00,1018.12
2026-06-23 01:40:00,1017.88
2026-06-23 01:50:00,1017.64
2026-06-23 02:00:00,1017.43
2026-06-23 02:10:00,1017.5799999999999
2026-06-23 02:20:00,1017.63
2026-06-23 02:30:00,1017.54
2026-06-23 02:40:00,1017.7099999999999
2026-06-23 02:50:00,1017.54
2026-06-23 03:00:00,1017.54
2026-06-23 03:10:00,1017.54
2026-06-23 03:20:00,1017.6999999999999
2026-06-23 03:30:00,1017.49
2026-06-23 03:40:00,1017.53
2026-06-23 03:50:00,1017.4499999999999
2026-06-23 04:00:00,1017.67
2026-06-23 04:10:00,1017.54
2026-06-23 04:20:00,1017.59
2026-06-23 04:30:00,1017.47
2026-06-23 04:40:00,1017.4399999999999
2026-06-23 04:50:00,1017.81
2026-06-23 05:00:00,1018.1899999999999
2026-06-23 05:10:00,1018.88
2026-06-23 05:20:00,1019.02
2026-06-23 05:30:00,1019.17
2026-06-23 05:40:00,1019.6199999999999
2026-06-23 05:50:00,1019.7333333333332
2026-06-23 06:00:00,1020.18
2026-06-23 06:10:00,1020.27
2026-06-23 06:20:00,1020.3966666666666
2026-06-23 06:30:00,1020.93
2026-06-23 06:40:00,1021.185
2026-06-23 06:50:00,1021.12
2026-06-23 07:00:00,1020.795
2026-06-23 07:10:00,1020.7149999999999
2026-06-23 07:20:00,1020.7099999999999
2026-06-23 07:30:00,1020.76
2026-06-23 07:40:00,1020.6299999999999
2026-06-23 07:50:00,1020.55
2026-06-23 08:00:00,1021
2026-06-23 08:10:00,1021.09
2026-06-23 08:20:00,1021.3199999999999
2026-06-23 08:30:00,1021.24
2026-06-23 08:40:00,1021.1999999999999
2026-06-23 08:50:00,1021.17
2026-06-23 09:00:00,1021.12
2026-06-23 09:10:00,1020.91
2026-06-23 09:20:00,1020.72
2026-06-23 09:30:00,1020.56
2026-06-23 09:40:00,1020.47
2026-06-23 09:50:00,1020.4399999999999
2026-06-23 10:00:00,1020.27
2026-06-23 10:10:00,1020.01
2026-06-23 10:20:00,1019.73
2026-06-23 10:30:00,1019.5799999999999
2026-06-23 10:40:00,1019.5
2026-06-23 10:50:00,1019.43
2026-06-23 11:00:00,1019.13
2026-06-23 11:10:00,1019.0699999999999
2026-06-23 11:20:00,1019.0799999999999
2026-06-23 11:30:00,1019.03
2026-06-23 11:40:00,1018.9499999999999
2026-06-23 11:50:00,1018.9399999999999
2026-06-23 12:00:00,1018.89
2026-06-23 12:10:00,1019.05
2026-06-23 12:20:00,1019.1899999999999
2026-06-23 12:30:00,1019.29
2026-06-23 12:40:00,1019.3299999999999
2026-06-23 12:50:00,1019.22
2026-06-23 13:00:00,1019.04
2026-06-23 13:10:00,1018.87
2026-06-23 13:20:00,1018.85
2026-06-23 13:30:00,1018.81
2026-06-23 13:40:00,1018.6999999999999
2026-06-23 13:50:00,1018.68
2026-06-23 14:00:00,1018.6899999999999
2026-06-23 14:10:00,1018.5
2026-06-23 14:20:00,1018.52
2026-06-23 14:30:00,1018.6
2026-06-23 14:40:00,1018.8199999999999
2026-06-23 14:50:00,1018.93
2026-06-23 15:00:00,1018.92
2026-06-23 15:10:00,1018.91
2026-06-23 15:20:00,1018.8199999999999
2026-06-23 15:30:00,1018.5699999999999
2026-06-23 15:40:00,1018.5699999999999
2026-06-23 15:50:00,1018.37
2026-06-23 16:00:00,1018.25
2026-06-23 16:10:00,1018.1899999999999
2026-06-23 16:20:00,1018.06
2026-06-23 16:30:00,1017.9599999999999
2026-06-23 16:40:00,1017.86
2026-06-23 16:50:00,1017.79
2026-06-23 17:00:00,1017.35
2026-06-23 17:10:00,1016.8199999999999
2026-06-23 17:20:00,1016.66
2026-06-23 17:30:00,1016.81
2026-06-23 17:40:00,1016.73
2026-06-23 17:50:00,1016.62
2026-06-23 18:00:00,1016.91
2026-06-23 18:10:00,1016.81
2026-06-23 18:20:00,1016.92
2026-06-23 18:30:00,1017.1
2026-06-23 18:40:00,1017.37
2026-06-23 18:50:00,1017.39
2026-06-23 19:00:00,1017.62
2026-06-23 19:10:00,1017.81
2026-06-23 19:20:00,1018.17
2026-06-23 19:30:00,1018.35
2026-06-23 19:40:00,1018.41
2026-06-23 19:50:00,1018.48
2026-06-23 20:00:00,1018.66
2026-06-23 20:10:00,1018.6899999999999
2026-06-23 20:20:00,1018.78
2026-06-23 20:30:00,1018.93
2026-06-23 20:40:00,1019.01
2026-06-23 20:50:00,1019.02
2026-06-23 21:00:00,1018.99
2026-06-23 21:10:00,1019.17
2026-06-23 21:20:00,1019.28
2026-06-23 21:30:00,1019.43
2026-06-23 21:40:00,1019.56
2026-06-23 21:50:00,1019.73
2026-06-23 22:00:00,1019.84
2026-06-23 22:10:00,1019.84
2026-06-23 22:20:00,1019.8299999999999
2026-06-23 22:30:00,1019.9399999999999
2026-06-23 22:40:00,1020.05
2026-06-23 22:50:00,1019.9499999999999
2026-06-23 23:00:00,1019.85
2026-06-23 23:10:00,1019.76
2026-06-23 23:20:00,1019.81
2026-06-23 23:30:00,1019.66
2026-06-23 23:40:00,1019.6
2026-06-23 23:50:00,1019.67
2026-06-24 00:00:00,1019.5799999999999
2026-06-24 00:10:00,1019.54
2026-06-24 00:20:00,1019.43
2026-06-24 00:30:00,1019.23
2026-06-24 00:40:00,1019.13
2026-06-24 00:50:00,1018.92
2026-06-24 01:00:00,1018.8
2026-06-24 01:10:00,1018.8299999999999
2026-06-24 01:20:00,1018.8
2026-06-24 01:30:00,1018.78
2026-06-24 01:40:00,1018.59
2026-06-24 01:50:00,1018.35
2026-06-24 02:00:00,1018.29
2026-06-24 02:10:00,1018.0699999999999
2026-06-24 02:20:00,1017.9599999999999
2026-06-24 02:30:00,1017.92
2026-06-24 02:40:00,1017.88
2026-06-24 02:50:00,1017.8199999999999
2026-06-24 03:00:00,1017.87
2026-06-24 03:10:00,1017.63
2026-06-24 03:20:00,1017.77
2026-06-24 03:30:00,1017.8299999999999
2026-06-24 03:40:00,1017.9599999999999
2026-06-24 03:50:00,1017.84
2026-06-24 04:00:00,1017.97
2026-06-24 04:10:00,1018.17
2026-06-24 04:20:00,1018.18
2026-06-24 04:30:00,1018.38
2026-06-24 04:40:00,1018.4399999999999
2026-06-24 04:50:00,1018.66
2026-06-24 05:00:00,1018.85
2026-06-24 05:10:00,1018.81
2026-06-24 05:20:00,1018.9599999999999
2026-06-24 05:30:00,1018.9599999999999
2026-06-24 05:40:00,1019.13
2026-06-24 05:50:00,1019.24
2026-06-24 06:00:00,1019.41
2026-06-24 06:10:00,1019.52
2026-06-24 06:20:00,1019.6949999999999
2026-06-24 06:30:00,1019.75
2026-06-24 06:40:00,1019.81
2026-06-24 06:50:00,1019.86
2026-06-24 07:00:00,1019.6899999999999
2026-06-24 07:10:00,1019.78
2026-06-24 07:20:00,1019.9499999999999
2026-06-24 07:30:00,1020.27
2026-06-24 07:40:00,1020.4992857142857
2026-06-24 07:50:00,1020.2054545454546
2026-06-24 08:00:00,1020.4
2026-06-24 08:10:00,1020.34
2026-06-24 08:20:00,1020.56
2026-06-24 08:30:00,1020.47
2026-06-24 08:40:00,1020.6
2026-06-24 08:50:00,1020.62
2026-06-24 09:00:00,1020.72
2026-06-24 09:10:00,1020.65
2026-06-24 09:20:00,1020.42
2026-06-24 09:30:00,1020.34
2026-06-24 09:40:00,1020.53
2026-06-24 09:50:00,1020.4
2026-06-24 10:00:00,1020.3199999999999
2026-06-24 10:10:00,1020.2099999999999
2026-06-24 10:20:00,1020.18
2026-06-24 10:30:00,1020.04
2026-06-24 10:40:00,1019.78
2026-06-24 10:50:00,1019.72
2026-06-24 11:00:00,1019.55
2026-06-24 11:10:00,1019.48
2026-06-24 11:20:00,1019.3
2026-06-24 11:30:00,1019.09
2026-06-24 11:40:00,1019.23
2026-06-24 11:50:00,1019.0799999999999
2026-06-24 12:00:00,1018.99
2026-06-24 12:10:00,1018.91
2026-06-24 12:20:00,1018.76
2026-06-24 12:30:00,1018.59
2026-06-24 12:40:00,1018.36
2026-06-24 12:50:00,1018.25
2026-06-24 13:00:00,1018.1
2026-06-24 13:10:00,1018.05
2026-06-24 13:20:00,1017.91
2026-06-24 13:30:00,1017.75
2026-06-24 13:40:00,1017.5799999999999
2026-06-24 13:50:00,1017.37
2026-06-24 14:00:00,1017.35
2026-06-24 14:10:00,1017.15
2026-06-24 14:20:00,1017.03
2026-06-24 14:30:00,1016.85
2026-06-24 14:40:00,1016.7099999999999
2026-06-24 14:50:00,1016.8199999999999
2026-06-24 15:00:00,1016.75
2026-06-24 15:10:00,1016.8199999999999
2026-06-24 15:20:00,1016.79
2026-06-24 15:30:00,1016.7099999999999
2026-06-24 15:40:00,1016.61
2026-06-24 15:50:00,1016.6899999999999
2026-06-24 16:00:00,1016.78
2026-06-24 16:10:00,1016.86
2026-06-24 16:20:00,1016.9399999999999
2026-06-24 16:30:00,1016.98
2026-06-24 16:40:00,1017.0699999999999
2026-06-24 16:50:00,1016.98
2026-06-24 17:00:00,1017.11
2026-06-24 17:10:00,1017.0799999999999
2026-06-24 17:20:00,1017.06
2026-06-24 17:30:00,1017.0799999999999
2026-06-24 17:40:00,1017.03
2026-06-24 17:50:00,1017.18
2026-06-24 18:00:00,1017.3
2026-06-24 18:10:00,1017.4399999999999
2026-06-24 18:20:00,1017.64
2026-06-24 18:30:00,1017.77
2026-06-24 18:40:00,1017.79
2026-06-24 18:50:00,1017.84
2026-06-24 19:00:00,1017.9499999999999
2026-06-24 19:10:00,1017.99
2026-06-24 19:20:00,1018.09
2026-06-24 19:30:00,1018.09
2026-06-24 19:40:00,1018.1899999999999
2026-06-24 19:50:00,1018.27
2026-06-24 20:00:00,1018.26
2026-06-24 20:10:00,1018.3199999999999
2026-06-24 20:20:00,1018.37
2026-06-24 20:30:00,1018.27
2026-06-24 20:40:00,1018.26
2026-06-24 20:50:00,1018.3199999999999
2026-06-24 21:00:00,1018.41
2026-06-24 21:10:00,1018.6
2026-06-24 21:20:00,1018.78
2026-06-24 21:30:00,1018.8199999999999
2026-06-24 21:40:00,1018.9399999999999
2026-06-24 21:50:00,1018.8
2026-06-24 22:00:00,1018.8
2026-06-24 22:10:00,1018.66
2026-06-24 22:20:00,1018.75
2026-06-24 22:30:00,1018.7099999999999
2026-06-24 22:40:00,1018.62
2026-06-24 22:50:00,1018.61
2026-06-24 23:00:00,1018.4499999999999
2026-06-24 23:10:00,1018.24
2026-06-24 23:20:00,1018.17
2026-06-24 23:30:00,1018.1999999999999
2026-06-24 23:40:00,1018.1999999999999
2026-06-24 23:50:00,1018.14
2026-06-25 00:00:00,1018.04
2026-06-25 00:10:00,1017.9599999999999
2026-06-25 00:20:00,1017.87
2026-06-25 00:30:00,1017.72
2026-06-25 00:40:00,1017.65
2026-06-25 00:50:00,1017.5
2026-06-25 01:00:00,1017.4399999999999
2026-06-25 01:10:00,1017.1899999999999
2026-06-25 01:20:00,1017.03
2026-06-25 01:30:00,1017.06
2026-06-25 01:40:00,1016.93
2026-06-25 01:50:00,1016.75
2026-06-25 02:00:00,1016.9
2026-06-25 02:10:00,1016.822222222222
2026-06-25 02:20:00,1016.658
2026-06-25 02:30:00,1016.64
2026-06-25 02:40:00,1016.6
2026-06-25 02:50:00,1016.75
2026-06-25 03:00:00,1016.66
2026-06-25 03:10:00,1016.61
2026-06-25 03:20:00,1016.65
2026-06-25 03:30:00,1016.68
2026-06-25 03:40:00,1016.81
2026-06-25 03:50:00,1016.7099999999999
2026-06-25 04:00:00,1016.65
2026-06-25 04:10:00,1016.6899999999999
2026-06-25 04:20:00,1016.68
2026-06-25 04:30:00,1016.84
2026-06-25 04:40:00,1016.8299999999999
2026-06-25 04:50:00,1016.6899999999999
2026-06-25 05:00:00,1016.68
2026-06-25 05:10:00,1016.81
2026-06-25 05:20:00,1016.74
2026-06-25 05:30:00,1017.01
2026-06-25 05:40:00,1017.1
2026-06-25 05:50:00,1017.13
2026-06-25 06:00:00,1017.3199999999999
2026-06-25 06:10:00,1017.61
2026-06-25 06:20:00,1017.61
2026-06-25 06:30:00,1017.8
2026-06-25 06:40:00,1017.85
2026-06-25 06:50:00,1017.88
2026-06-25 07:00:00,1017.9
2026-06-25 07:10:00,1017.98
2026-06-25 07:20:00,1017.9399999999999
2026-06-25 07:30:00,1017.86
2026-06-25 07:40:00,1017.91
2026-06-25 07:50:00,1018.1
2026-06-25 08:00:00,1018.12
2026-06-25 08:10:00,1018.1899999999999
2026-06-25 08:20:00,1018.22
2026-06-25 08:30:00,1018.24
2026-06-25 08:40:00,1018.3199999999999
2026-06-25 08:50:00,1018.23
2026-06-25 09:00:00,1018.1899999999999
2026-06-25 09:10:00,1018.22
2026-06-25 09:20:00,1018.3
2026-06-25 09:30:00,1018.31
2026-06-25 09:40:00,1018.23
2026-06-25 09:50:00,1018.3199999999999
2026-06-25 10:00:00,1018.42
2026-06-25 10:10:00,1018.29
2026-06-25 10:20:00,1018.14
2026-06-25 10:30:00,1018.13
2026-06-25 10:40:00,1017.98
2026-06-25 10:50:00,1017.84
2026-06-25 11:00:00,1017.85
2026-06-25 11:10:00,1017.6999999999999
2026-06-25 11:20:00,1017.6999999999999
2026-06-25 11:30:00,1017.52
2026-06-25 11:40:00,1017.2099999999999
2026-06-25 11:50:00,1016.9599999999999
2026-06-25 12:00:00,1016.85
2026-06-25 12:10:00,1016.56
2026-06-25 12:20:00,1016.48
2026-06-25 12:30:00,1016.34
2026-06-25 12:40:00,1016.26
2026-06-25 12:50:00,1015.9399999999999
2026-06-25 13:00:00,1015.8299999999999
2026-06-25 13:10:00,1015.5799999999999
2026-06-25 13:20:00,1015.4499999999999
2026-06-25 13:30:00,1015.1999999999999
2026-06-25 13:40:00,1015.03
2026-06-25 13:50:00,1014.9599999999999
2026-06-25 14:00:00,1014.92
2026-06-25 14:10:00,1014.99
2026-06-25 14:20:00,1014.8199999999999
2026-06-25 14:30:00,1014.78
2026-06-25 14:40:00,1014.78
2026-06-25 14:50:00,1014.75
2026-06-25 15:00:00,1014.61
2026-06-25 15:10:00,1014.7099999999999
2026-06-25 15:20:00,1014.91
2026-06-25 15:30:00,1014.85
2026-06-25 15:40:00,1014.72
2026-06-25 15:50:00,1014.66
2026-06-25 16:00:00,1014.76
2026-06-25 16:10:00,1014.85
2026-06-25 16:20:00,1014.99
2026-06-25 16:30:00,1015.3
2026-06-25 16:40:00,1015.41
2026-06-25 16:50:00,1015.39
2026-06-25 17:00:00,1015.51
2026-06-25 17:10:00,1015.65
2026-06-25 17:20:00,1015.7099999999999
2026-06-25 17:30:00,1015.81
2026-06-25 17:40:00,1015.93
2026-06-25 17:50:00,1016.09
2026-06-25 18:00:00,1016.34
2026-06-25 18:10:00,1016.6
2026-06-25 18:20:00,1016.6899999999999
2026-06-25 18:30:00,1016.9599999999999
2026-06-25 18:40:00,1017.16
2026-06-25 18:50:00,1017.23
2026-06-25 19:00:00,1017.3299999999999
2026-06-25 19:10:00,1017.4599999999999
2026-06-25 19:20:00,1017.55
2026-06-25 19:30:00,1017.48
2026-06-25 19:40:00,1017.31
2026-06-25 19:50:00,1017
2026-06-25 20:00:00,1016.97
2026-06-25 20:10:00,1016.92
2026-06-25 20:20:00,1017.05
2026-06-25 20:30:00,1017.1999999999999
2026-06-25 20:40:00,1017.29
2026-06-25 20:50:00,1017.38
2026-06-25 21:00:00,1017.4219999999999
2026-06-25 21:10:00,1017.6233333333333
2026-06-25 21:20:00,1017.7577777777777
2026-06-25 21:30:00,1017.9550000000002
2026-06-25 21:40:00,1018.3238461538463
2026-06-25 21:50:00,1018.4722222222222
2026-06-25 22:00:00,1018.68
2026-06-25 22:10:00,1018.7199999999999
2026-06-25 22:20:00,1018.92
2026-06-25 22:30:00,1019.14
2026-06-25 22:40:00,1019.16
2026-06-25 22:50:00,1018.9599999999999
2026-06-25 23:00:00,1018.79
2026-06-25 23:10:00,1018.51
2026-06-25 23:20:00,1018.15
2026-06-25 23:30:00,1017.52
2026-06-25 23:40:00,1017.51
2026-06-25 23:50:00,1017.3
2026-06-26 00:00:00,1017.1899999999999
2026-06-26 00:10:00,1017.35
2026-06-26 00:20:00,1017.22
2026-06-26 00:30:00,1016.89
2026-06-26 00:40:00,1017.14
2026-06-26 00:50:00,1016.8199999999999
2026-06-26 01:00:00,1016.41
2026-06-26 01:10:00,1016.29
2026-06-26 01:20:00,1016.15
2026-06-26 01:30:00,1015.97
2026-06-26 01:40:00,1015.78
2026-06-26 01:50:00,1015.6
2026-06-26 02:00:00,1015.81
2026-06-26 02:10:00,1015.8
2026-06-26 02:20:00,1015.75
2026-06-26 02:30:00,1016.11
2026-06-26 02:40:00,1016.14
2026-06-26 02:50:00,1016.41
2026-06-26 03:00:00,1016.5699999999999
2026-06-26 03:10:00,1016.5799999999999
2026-06-26 03:20:00,1016.65
2026-06-26 03:30:00,1016.605
2026-06-26 03:40:00,1016.31
2026-06-26 03:50:00,1015.89
2026-06-26 04:00:00,1016.06
2026-06-26 04:10:00,1016.36
2026-06-26 04:20:00,1016.37
2026-06-26 04:30:00,1016.38
2026-06-26 04:40:00,1016.4399999999999
2026-06-26 04:50:00,1016.59
2026-06-26 05:00:00,1016.64
2026-06-26 05:10:00,1016.6999999999999
2026-06-26 05:20:00,1016.63
2026-06-26 05:30:00,1016.78
2026-06-26 05:40:00,1016.9599999999999
2026-06-26 05:50:00,1016.9399999999999
2026-06-26 06:00:00,1016.8299999999999
2026-06-26 06:10:00,1017.06
2026-06-26 06:20:00,1016.78
2026-06-26 06:30:00,1016.3299999999999
2026-06-26 06:40:00,1017.03
2026-06-26 06:50:00,1017.61
2026-06-26 07:00:00,1017.5
2026-06-26 07:10:00,1017.55
2026-06-26 07:20:00,1017.89
2026-06-26 07:30:00,1018.14
2026-06-26 07:40:00,1017.98
2026-06-26 07:50:00,1017.87
2026-06-26 08:00:00,1018.22
2026-06-26 08:10:00,1018.18
2026-06-26 08:20:00,1018.36
2026-06-26 08:30:00,1018.77
2026-06-26 08:40:00,1018.87
2026-06-26 08:50:00,1019.01
2026-06-26 09:00:00,1019.2099999999999
2026-06-26 09:10:00,1019.35
2026-06-26 09:20:00,1019.43
2026-06-26 09:30:00,1019.59
2026-06-26 09:40:00,1019.59
2026-06-26 09:50:00,1019.55
2026-06-26 10:00:00,1019.52
2026-06-26 10:10:00,1019.42
2026-06-26 10:20:00,1019.22
2026-06-26 10:30:00,1018.95
2026-06-26 10:40:00,1018.64
2026-06-26 10:50:00,1018.4599999999999
2026-06-26 11:00:00,1018.25
2026-06-26 11:10:00,1018.15
2026-06-26 11:20:00,1018.3
2026-06-26 11:30:00,1018.4599999999999
2026-06-26 11:40:00,1018.41
2026-06-26 11:50:00,1018.34
2026-06-26 12:00:00,1018.04
2026-06-26 12:10:00,1018.03
2026-06-26 12:20:00,1018.01
2026-06-26 12:30:00,1017.7099999999999
2026-06-26 12:40:00,1017.54
2026-06-26 12:50:00,1017.22
2026-06-26 13:00:00,1017.28
2026-06-26 13:10:00,1017.04
2026-06-26 13:20:00,1016.72
2026-06-26 13:30:00,1016.5699999999999
2026-06-26 13:40:00,1016.53
2026-06-26 13:50:00,1016.55
2026-06-26 14:00:00,1016.51
2026-06-26 14:10:00,1016.37
2026-06-26 14:20:00,1016.38
2026-06-26 14:30:00,1016.13
2026-06-26 14:40:00,1016.13
2026-06-26 14:50:00,1015.9
2026-06-26 15:00:00,1015.74
2026-06-26 15:10:00,1015.9599999999999
2026-06-26 15:20:00,1016.05
2026-06-26 15:30:00,1016.01
2026-06-26 15:40:00,1015.85
2026-06-26 15:50:00,1015.92
2026-06-26 16:00:00,1015.9599999999999
2026-06-26 16:10:00,1015.97
2026-06-26 16:20:00,1015.86
2026-06-26 16:30:00,1015.84
2026-06-26 16:40:00,1016.05
2026-06-26 16:50:00,1016.09
2026-06-26 17:00:00,1015.9399999999999
2026-06-26 17:10:00,1016.01
2026-06-26 17:20:00,1016.0699999999999
2026-06-26 17:30:00,1016.3199999999999
2026-06-26 17:40:00,1016.42
2026-06-26 17:50:00,1016.56
2026-06-26 18:00:00,1016.51
2026-06-26 18:10:00,1016.66
2026-06-26 18:20:00,1016.8299999999999
2026-06-26 18:30:00,1017.0699999999999
2026-06-26 18:40:00,1017.02
2026-06-26 18:50:00,1017.25
2026-06-26 19:00:00,1017.38
2026-06-26 19:10:00,1017.37
2026-06-26 19:20:00,1017.6
2026-06-26 19:30:00,1017.72
2026-06-26 19:40:00,1017.8299999999999
2026-06-26 19:50:00,1018.16
2026-06-26 20:00:00,1018.2099999999999
2026-06-26 20:10:00,1018.29
2026-06-26 20:20:00,1018.38
2026-06-26 20:30:00,1018.3199999999999
2026-06-26 20:40:00,1018.31
2026-06-26 20:50:00,1018.3
2026-06-26 21:00:00,1018.24
2026-06-26 21:10:00,1018.0799999999999
2026-06-26 21:20:00,1018.1999999999999
2026-06-26 21:30:00,1018.27
2026-06-26 21:40:00,1018.24
2026-06-26 21:50:00,1018.04
2026-06-26 22:00:00,1018
2026-06-26 22:10:00,1018.17
2026-06-26 22:20:00,1018.4399999999999
2026-06-26 22:30:00,1018.4
2026-06-26 22:40:00,1018.21
2026-06-26 22:50:00,1017.935
2026-06-26 23:00:00,1017.92
2026-06-26 23:10:00,1017.59
2026-06-26 23:20:00,1017.88
2026-06-26 23:30:00,1017.89
2026-06-26 23:40:00,1017.86
2026-06-26 23:50:00,1017.936111111111
2026-06-27 00:00:00,1017.6608333333332
2026-06-27 00:10:00,1017.6938095238091
2026-06-27 00:20:00,1017.5385185185185
2026-06-27 00:30:00,1017.3233333333333
2026-06-27 00:40:00,1017.17
2026-06-27 00:50:00,1017.1999999999999
2026-06-27 01:00:00,1017.2266666666666
2026-06-27 01:10:00,1016.99
2026-06-27 01:20:00,1016.87
2026-06-27 01:30:00,1016.55
2026-06-27 01:40:00,1016.34
2026-06-27 01:50:00,1016.16
2026-06-27 02:00:00,1016.15
2026-06-27 02:10:00,1015.93
2026-06-27 02:20:00,1015.8299999999999
2026-06-27 02:30:00,1015.77
2026-06-27 02:40:00,1015.74
2026-06-27 02:50:00,1015.9399999999999
2026-06-27 03:00:00,1016
2026-06-27 03:10:00,1016.01
2026-06-27 03:20:00,1016.17
2026-06-27 03:30:00,1016.29
2026-06-27 03:40:00,1016.23
2026-06-27 03:50:00,1016.18
2026-06-27 04:00:00,1016.2099999999999
2026-06-27 04:10:00,1016.2099999999999
2026-06-27 04:20:00,1016.3
2026-06-27 04:30:00,1016.25
2026-06-27 04:40:00,1016.3199999999999
2026-06-27 04:50:00,1016.7449999999999
2026-06-27 05:00:00,1016.8016666666666
2026-06-27 05:10:00,1016.805
2026-06-27 05:20:00,1016.845
2026-06-27 05:30:00,1017.1133333333332
2026-06-27 05:40:00,1017.2125
2026-06-27 05:50:00,1017.22
2026-06-27 06:00:00,1017.18
2026-06-27 06:10:00,1017.29
2026-06-27 06:20:00,1017.43
2026-06-27 06:30:00,1017.6099999999999
2026-06-27 06:40:00,1017.6899999999999
2026-06-27 06:50:00,1017.81
2026-06-27 07:00:00,1017.6899999999999
2026-06-27 07:10:00,1017.91
2026-06-27 07:20:00,1017.89
2026-06-27 07:30:00,1018.04
2026-06-27 07:40:00,1018.22
2026-06-27 07:50:00,1018.28
2026-06-27 08:00:00,1018.13
2026-06-27 08:10:00,1018.0799999999999
2026-06-27 08:20:00,1018.1999999999999
2026-06-27 08:30:00,1018.0699999999999
2026-06-27 08:40:00,1018.09
2026-06-27 08:50:00,1017.98
2026-06-27 09:00:00,1017.99
2026-06-27 09:10:00,1018.15
2026-06-27 09:20:00,1018.17
2026-06-27 09:30:00,1018.13
2026-06-27 09:40:00,1018.22
2026-06-27 09:50:00,1018.0799999999999
2026-06-27 10:00:00,1018.1999999999999
2026-06-27 10:10:00,1018.0699999999999
2026-06-27 10:20:00,1018.3299999999999
2026-06-27 10:30:00,1018.56
2026-06-27 10:40:00,1018.55
2026-06-27 10:50:00,1018.66
2026-06-27 11:00:00,1018.38
2026-06-27 11:10:00,1018.23
2026-06-27 11:20:00,1018.41
2026-06-27 11:30:00,1018.42
2026-06-27 11:40:00,1018.36
2026-06-27 11:50:00,1018.37
2026-06-27 12:00:00,1018.2099999999999
2026-06-27 12:10:00,1018.1
2026-06-27 12:20:00,1018.0699999999999
2026-06-27 12:30:00,1018.0699999999999
2026-06-27 12:40:00,1018.01
2026-06-27 12:50:00,1017.92
2026-06-27 13:00:00,1017.8299999999999
2026-06-27 13:10:00,1017.73
2026-06-27 13:20:00,1017.5799999999999
2026-06-27 13:30:00,1017.34
2026-06-27 13:40:00,1017.15
2026-06-27 13:50:00,1017.09
2026-06-27 14:00:00,1017.06
2026-06-27 14:10:00,1016.9499999999999
2026-06-27 14:20:00,1016.8
2026-06-27 14:30:00,1016.86
2026-06-27 14:40:00,1016.81
2026-06-27 14:50:00,1016.7099999999999
2026-06-27 15:00:00,1016.54
2026-06-27 15:10:00,1016.37
2026-06-27 15:20:00,1016.3699999999999
2026-06-27 15:30:00,1016.4316666666667
2026-06-27 15:40:00,1016.37
2026-06-27 15:50:00,1016.4399999999999
2026-06-27 16:00:00,1016.34
2026-06-27 16:10:00,1016.67
2026-06-27 16:20:00,1016.64
2026-06-27 16:30:00,1016.7099999999999
2026-06-27 16:40:00,1016.65
2026-06-27 16:50:00,1016.7099999999999
2026-06-27 17:00:00,1016.79
2026-06-27 17:10:00,1016.8199999999999
2026-06-27 17:20:00,1016.9599999999999
2026-06-27 17:30:00,1017.04
2026-06-27 17:40:00,1017.125
2026-06-27 17:50:00,1017.16
2026-06-27 18:00:00,1017.25
2026-06-27 18:10:00,1017.27
2026-06-27 18:20:00,1017.3299999999999
2026-06-27 18:30:00,1017.5
2026-06-27 18:40:00,1017.6899999999999
2026-06-27 18:50:00,1017.88
2026-06-27 19:00:00,1017.89
2026-06-27 19:10:00,1018
2026-06-27 19:20:00,1018.09
2026-06-27 19:30:00,1018.1999999999999
2026-06-27 19:40:00,1018.26
2026-06-27 19:50:00,1018.3199999999999
2026-06-27 20:00:00,1018.36
2026-06-27 20:10:00,1018.26
2026-06-27 20:20:00,1018.39
2026-06-27 20:30:00,1018.47
2026-06-27 20:40:00,1018.52
2026-06-27 20:50:00,1018.5
2026-06-27 21:00:00,1018.5699999999999
2026-06-27 21:10:00,1018.4399999999999
2026-06-27 21:20:00,1018.4599999999999
2026-06-27 21:30:00,1018.53
2026-06-27 21:40:00,1018.6
2026-06-27 21:50:00,1018.5699999999999
2026-06-27 22:00:00,1018.5799999999999
2026-06-27 22:10:00,1018.49
2026-06-27 22:20:00,1018.53
2026-06-27 22:30:00,1018.4399999999999
2026-06-27 22:40:00,1018.34
2026-06-27 22:50:00,1018.22
2026-06-27 23:00:00,1018.27
2026-06-27 23:10:00,1018.17
2026-06-27 23:20:00,1018.0799999999999
2026-06-27 23:30:00,1018.1899999999999
2026-06-27 23:40:00,1017.98
2026-06-27 23:50:00,1017.9
2026-06-28 00:00:00,1017.8
2026-06-28 00:10:00,1017.77
2026-06-28 00:20:00,1017.6899999999999
2026-06-28 00:30:00,1017.75
2026-06-28 00:40:00,1017.62
2026-06-28 00:50:00,1017.5
2026-06-28 01:00:00,1017.4599999999999
2026-06-28 01:10:00,1017.4499999999999
2026-06-28 01:20:00,1017.37
2026-06-28 01:30:00,1017.22
2026-06-28 01:40:00,1017.16
2026-06-28 01:50:00,1017.14
2026-06-28 02:00:00,1017.01
2026-06-28 02:10:00,1017
2026-06-28 02:20:00,1016.99
2026-06-28 02:30:00,1016.9
2026-06-28 02:40:00,1016.8199999999999
2026-06-28 02:50:00,1016.8299999999999
2026-06-28 03:00:00,1016.85
2026-06-28 03:10:00,1016.9499999999999
2026-06-28 03:20:00,1016.9599999999999
2026-06-28 03:30:00,1017.02
2026-06-28 03:40:00,1017.13
2026-06-28 03:50:00,1017.23
2026-06-28 04:00:00,1017.2099999999999
2026-06-28 04:10:00,1017.1999999999999
2026-06-28 04:20:00,1017.17
2026-06-28 04:30:00,1017.2099999999999
2026-06-28 04:40:00,1017.23
2026-06-28 04:50:00,1017.22
2026-06-28 05:00:00,1017.17
2026-06-28 05:10:00,1017.15
2026-06-28 05:20:00,1017.28
2026-06-28 05:30:00,1017.5
2026-06-28 05:40:00,1017.6999999999999
2026-06-28 05:50:00,1017.81
2026-06-28 06:00:00,1017.89
2026-06-28 06:10:00,1017.99
2026-06-28 06:20:00,1018.17
2026-06-28 06:30:00,1018.425
2026-06-28 06:40:00,1018.63
2026-06-28 06:50:00,1018.66
2026-06-28 07:00:00,1018.59
2026-06-28 07:10:00,1018.65
2026-06-28 07:20:00,1018.6
2026-06-28 07:30:00,1018.79
2026-06-28 07:40:00,1018.9499999999999
2026-06-28 07:50:00,1019.01
2026-06-28 08:00:00,1019.03
2026-06-28 08:10:00,1018.9599999999999
2026-06-28 08:20:00,1019.03
2026-06-28 08:30:00,1019.04
2026-06-28 08:40:00,1019.1
2026-06-28 08:50:00,1019.26
2026-06-28 09:00:00,1019.35
2026-06-28 09:10:00,1019.3
2026-06-28 09:20:00,1019.06
2026-06-28 09:30:00,1019.0799999999999
2026-06-28 09:40:00,1018.89
2026-06-28 09:50:00,1019.04
2026-06-28 10:00:00,1019.03
2026-06-28 10:10:00,1018.91
2026-06-28 10:20:00,1018.9399999999999
2026-06-28 10:30:00,1018.76
2026-06-28 10:40:00,1018.79
2026-06-28 10:50:00,1018.74
2026-06-28 11:00:00,1018.63
2026-06-28 11:10:00,1018.4599999999999
2026-06-28 11:20:00,1018.3199999999999
2026-06-28 11:30:00,1018.24
2026-06-28 11:40:00,1018.0799999999999
2026-06-28 11:50:00,1017.81
2026-06-28 12:00:00,1017.7099999999999
2026-06-28 12:10:00,1017.56
2026-06-28 12:20:00,1017.38
2026-06-28 12:30:00,1017.3199999999999
2026-06-28 12:40:00,1017.25
2026-06-28 12:50:00,1017.17
2026-06-28 13:00:00,1017.1
2026-06-28 13:10:00,1017.05
2026-06-28 13:20:00,1016.9599999999999
2026-06-28 13:30:00,1016.8299999999999
2026-06-28 13:40:00,1016.8299999999999
2026-06-28 13:50:00,1016.79
2026-06-28 14:00:00,1016.74
2026-06-28 14:10:00,1016.78
2026-06-28 14:20:00,1016.64
2026-06-28 14:30:00,1016.4599999999999
2026-06-28 14:40:00,1016.4599999999999
2026-06-28 14:50:00,1016.35
2026-06-28 15:00:00,1016.2099999999999
2026-06-28 15:10:00,1016.16
2026-06-28 15:20:00,1016.17
2026-06-28 15:30:00,1016.1999999999999
2026-06-28 15:40:00,1016.25
2026-06-28 15:50:00,1016.2099999999999
2026-06-28 16:00:00,1016.22
2026-06-28 16:10:00,1016.29
2026-06-28 16:20:00,1016.3199999999999
2026-06-28 16:30:00,1016.4599999999999
2026-06-28 16:40:00,1016.47
2026-06-28 16:50:00,1016.4599999999999
2026-06-28 17:00:00,1016.38
2026-06-28 17:10:00,1016.51
2026-06-28 17:20:00,1016.6
2026-06-28 17:30:00,1016.7099999999999
2026-06-28 17:40:00,1016.87
2026-06-28 17:50:00,1016.9399999999999
2026-06-28 18:00:00,1016.93
2026-06-28 18:10:00,1016.97
2026-06-28 18:20:00,1017.0699999999999
2026-06-28 18:30:00,1017.1999999999999
2026-06-28 18:40:00,1017.3199999999999
2026-06-28 18:50:00,1017.4
2026-06-28 19:00:00,1017.51
2026-06-28 19:10:00,1017.56
2026-06-28 19:20:00,1017.5699999999999
2026-06-28 19:30:00,1017.61
2026-06-28 19:40:00,1017.67
2026-06-28 19:50:00,1017.5699999999999
2026-06-28 20:00:00,1017.56
2026-06-28 20:10:00,1017.5799999999999
2026-06-28 20:20:00,1017.75
2026-06-28 20:30:00,1017.85
2026-06-28 20:40:00,1018.04
2026-06-28 20:50:00,1018.03
2026-06-28 21:00:00,1017.9499999999999
2026-06-28 21:10:00,1018.01
2026-06-28 21:20:00,1017.9599999999999
2026-06-28 21:30:00,1017.9399999999999
2026-06-28 21:40:00,1017.9399999999999
2026-06-28 21:50:00,1017.89
2026-06-28 22:00:00,1017.9499999999999
2026-06-28 22:10:00,1018.0799999999999
2026-06-28 22:20:00,1018.0799999999999
2026-06-28 22:30:00,1018.06
2026-06-28 22:40:00,1017.8199999999999
2026-06-28 22:50:00,1017.86
2026-06-28 23:00:00,1017.93
2026-06-28 23:10:00,1017.99
2026-06-28 23:20:00,1017.91
2026-06-28 23:30:00,1017.92
2026-06-28 23:40:00,1017.78
2026-06-28 23:50:00,1017.78
2026-06-29 00:00:00,1017.78
2026-06-29 00:10:00,1017.73
2026-06-29 00:20:00,1017.78
2026-06-29 00:30:00,1017.67
2026-06-29 00:40:00,1017.6
2026-06-29 00:50:00,1017.67
2026-06-29 01:00:00,1017.64
2026-06-29 01:10:00,1017.545
2026-06-29 01:20:00,1017.525
2026-06-29 01:30:00,1017.39
2026-06-29 01:40:00,1017.18
2026-06-29 01:50:00,1017.0699999999999
2026-06-29 02:00:00,1017.09
2026-06-29 02:10:00,1017.06
2026-06-29 02:20:00,1017.12
2026-06-29 02:30:00,1017.0799999999999
2026-06-29 02:40:00,1017.01
2026-06-29 02:50:00,1016.97
2026-06-29 03:00:00,1016.8
2026-06-29 03:10:00,1016.59
2026-06-29 03:20:00,1016.76
2026-06-29 03:30:00,1016.79
2026-06-29 03:40:00,1016.74
2026-06-29 03:50:00,1016.86
2026-06-29 04:00:00,1016.86
2026-06-29 04:10:00,1016.87
2026-06-29 04:20:00,1016.85
2026-06-29 04:30:00,1016.8199999999999
2026-06-29 04:40:00,1016.76
2026-06-29 04:50:00,1016.7099999999999
2026-06-29 05:00:00,1016.79
2026-06-29 05:10:00,1016.7099999999999
2026-06-29 05:20:00,1016.75
2026-06-29 05:30:00,1016.84
2026-06-29 05:40:00,1017.02
2026-06-29 05:50:00,1016.98
2026-06-29 06:00:00,1017.17
2026-06-29 06:10:00,1017.3
2026-06-29 06:20:00,1017.54
2026-06-29 06:30:00,1017.74
2026-06-29 06:40:00,1017.8199999999999
2026-06-29 06:50:00,1017.9
2026-06-29 07:00:00,1018.0699999999999
2026-06-29 07:10:00,1018.05
2026-06-29 07:20:00,1018.09
2026-06-29 07:30:00,1018.12
2026-06-29 07:40:00,1018.13
2026-06-29 07:50:00,1018.36
2026-06-29 08:00:00,1018.4
2026-06-29 08:10:00,1018.5
2026-06-29 08:20:00,1018.56
2026-06-29 08:30:00,1018.64
2026-06-29 08:40:00,1018.72
2026-06-29 08:50:00,1018.74
2026-06-29 09:00:00,1018.8
2026-06-29 09:10:00,1018.79
2026-06-29 09:20:00,1018.6999999999999
2026-06-29 09:30:00,1018.75
2026-06-29 09:40:00,1018.5699999999999
2026-06-29 09:50:00,1018.5799999999999
2026-06-29 10:00:00,1018.5699999999999
2026-06-29 10:10:00,1018.56
2026-06-29 10:20:00,1018.5699999999999
2026-06-29 10:30:00,1018.5699999999999
2026-06-29 10:40:00,1018.5699999999999
2026-06-29 10:50:00,1018.4499999999999
2026-06-29 11:00:00,1018.49
2026-06-29 11:10:00,1018.53
2026-06-29 11:20:00,1018.48
2026-06-29 11:40:00,1018.24
2026-06-29 11:50:00,1018.2099999999999
2026-06-29 12:00:00,1018.01
2026-06-29 12:10:00,1018.01
2026-06-29 12:20:00,1017.89
2026-06-29 12:30:00,1017.75
2026-06-29 12:40:00,1017.65
2026-06-29 12:50:00,1017.55
2026-06-29 13:00:00,1017.5799999999999
2026-06-29 13:10:00,1017.36
2026-06-29 13:20:00,1017.1999999999999
2026-06-29 13:30:00,1017.02
2026-06-29 13:40:00,1016.84
2026-06-29 13:50:00,1016.87
2026-06-29 14:00:00,1016.8199999999999
2026-06-29 14:10:00,1016.52
2026-06-29 14:20:00,1016.52
2026-06-29 14:30:00,1016.5699999999999
2026-06-29 14:40:00,1016.31
2026-06-29 14:50:00,1016.24
2026-06-29 15:00:00,1016.3
2026-06-29 15:10:00,1016.27
2026-06-29 15:20:00,1016.23
2026-06-29 15:30:00,1016.1999999999999
2026-06-29 15:40:00,1016.15
2026-06-29 15:50:00,1016.23
2026-06-29 16:00:00,1016.12
2026-06-29 16:10:00,1016.18
2026-06-29 16:20:00,1016.0799999999999
2026-06-29 16:30:00,1016.17
2026-06-29 16:40:00,1016.14
2026-06-29 16:50:00,1016.26
2026-06-29 17:00:00,1016.29
2026-06-29 17:10:00,1016.3299999999999
2026-06-29 17:20:00,1016.4599999999999
2026-06-29 17:30:00,1016.5799999999999
2026-06-29 17:40:00,1016.65
2026-06-29 17:50:00,1016.6999999999999
2026-06-29 18:00:00,1016.78
2026-06-29 18:10:00,1016.89
2026-06-29 18:20:00,1016.93
2026-06-29 18:30:00,1017.02
2026-06-29 18:40:00,1017.02
2026-06-29 18:50:00,1017.06
2026-06-29 19:00:00,1017.1
2026-06-29 19:10:00,1017.16
2026-06-29 19:20:00,1017.31
2026-06-29 19:30:00,1017.4499999999999
2026-06-29 19:40:00,1017.63
2026-06-29 19:50:00,1017.6
2026-06-29 20:00:00,1017.72
2026-06-29 20:10:00,1017.8199999999999
2026-06-29 20:20:00,1017.92
2026-06-29 20:30:00,1017.97
2026-06-29 20:40:00,1018.01
2026-06-29 20:50:00,1018.12
2026-06-29 21:00:00,1018.22
2026-06-29 21:10:00,1018.23
2026-06-29 21:20:00,1018.27
2026-06-29 21:30:00,1018.34
2026-06-29 21:40:00,1018.2099999999999
2026-06-29 21:50:00,1018.18
2026-06-29 22:00:00,1018.0799999999999
2026-06-29 22:10:00,1018.03
2026-06-29 22:20:00,1017.99
2026-06-29 22:30:00,1017.99
2026-06-29 22:40:00,1017.93
2026-06-29 22:50:00,1017.85
2026-06-29 23:00:00,1017.76
2026-06-29 23:10:00,1017.68
2026-06-29 23:20:00,1017.6
2026-06-29 23:30:00,1017.54
2026-06-29 23:40:00,1017.37
2026-06-29 23:50:00,1017.3299999999999
2026-06-30 00:00:00,1017.35
2026-06-30 00:10:00,1017.17
2026-06-30 00:20:00,1017
2026-06-30 00:30:00,1016.85
2026-06-30 00:40:00,1016.8
2026-06-30 00:50:00,1016.6
2026-06-30 01:00:00,1016.62
2026-06-30 01:10:00,1016.68
2026-06-30 01:20:00,1016.52
2026-06-30 01:30:00,1016.43
2026-06-30 01:40:00,1016.53
2026-06-30 01:50:00,1016.3299999999999
2026-06-30 02:00:00,1016.23
2026-06-30 02:10:00,1016.11
2026-06-30 02:20:00,1016.09
2026-06-30 02:30:00,1015.93
2026-06-30 02:40:00,1015.99
2026-06-30 02:50:00,1015.92
2026-06-30 03:00:00,1015.9399999999999
2026-06-30 03:10:00,1015.92
2026-06-30 03:20:00,1015.87
2026-06-30 03:30:00,1015.8299999999999
2026-06-30 03:40:00,1015.88
2026-06-30 03:50:00,1016.09
2026-06-30 04:00:00,1016.01
2026-06-30 04:10:00,1016.03
2026-06-30 04:20:00,1016.0699999999999
2026-06-30 04:30:00,1016.04
2026-06-30 04:40:00,1016.1
2026-06-30 04:50:00,1016.14
2026-06-30 05:00:00,1016.1899999999999
2026-06-30 05:10:00,1016.22
2026-06-30 05:20:00,1016.29
2026-06-30 05:30:00,1016.34
2026-06-30 05:40:00,1016.41
2026-06-30 05:50:00,1016.4399999999999
2026-06-30 06:00:00,1016.68
2026-06-30 06:10:00,1016.75
2026-06-30 06:20:00,1016.74
2026-06-30 06:30:00,1016.91
2026-06-30 06:40:00,1017.03
2026-06-30 06:50:00,1017.0799999999999
2026-06-30 07:00:00,1017.06
2026-06-30 07:10:00,1017.15
2026-06-30 07:20:00,1017.1899999999999
2026-06-30 07:30:00,1017.23
2026-06-30 07:40:00,1017.37
2026-06-30 07:50:00,1017.43
2026-06-30 08:00:00,1017.55
2026-06-30 08:10:00,1017.59
2026-06-30 08:20:00,1017.62
2026-06-30 08:30:00,1017.64
2026-06-30 08:40:00,1017.72
2026-06-30 08:50:00,1017.76
2026-06-30 09:00:00,1017.72
2026-06-30 09:10:00,1017.7099999999999
2026-06-30 09:20:00,1017.79
2026-06-30 09:30:00,1017.77
2026-06-30 09:40:00,1017.62
2026-06-30 09:50:00,1017.55
2026-06-30 10:00:00,1017.49
2026-06-30 10:10:00,1017.4499999999999
2026-06-30 10:20:00,1017.36
2026-06-30 10:30:00,1017.29
2026-06-30 10:40:00,1017.16
2026-06-30 10:50:00,1017.13
2026-06-30 11:00:00,1017.05
2026-06-30 11:10:00,1016.89
2026-06-30 11:20:00,1016.76
2026-06-30 11:30:00,1016.77
2026-06-30 11:40:00,1016.66
2026-06-30 11:50:00,1016.5699999999999
2026-06-30 12:00:00,1016.59
2026-06-30 12:10:00,1016.38
2026-06-30 12:20:00,1016.4
2026-06-30 12:30:00,1016.38
2026-06-30 12:40:00,1016.39
2026-06-30 12:50:00,1016.25
2026-06-30 13:00:00,1016.24
2026-06-30 13:10:00,1016.1
2026-06-30 13:20:00,1015.98
2026-06-30 13:30:00,1015.84
2026-06-30 13:40:00,1015.79
2026-06-30 13:50:00,1015.7099999999999
2026-06-30 14:00:00,1015.6899999999999
2026-06-30 14:10:00,1015.65
2026-06-30 14:20:00,1015.6
2026-06-30 14:30:00,1015.51
2026-06-30 14:40:00,1015.43
2026-06-30 14:50:00,1015.41
2026-06-30 15:00:00,1015.47
2026-06-30 15:10:00,1015.35
2026-06-30 15:20:00,1015.3
2026-06-30 15:30:00,1015.29
2026-06-30 15:40:00,1015.18
2026-06-30 15:50:00,1015.21
2026-06-30 16:00:00,1015.1
2026-06-30 16:10:00,1015.06
2026-06-30 16:20:00,1015.12
2026-06-30 16:30:00,1015.17
2026-06-30 16:40:00,1015.23
2026-06-30 16:50:00,1015.22
2026-06-30 17:00:00,1015.31
2026-06-30 17:10:00,1015.4
2026-06-30 17:20:00,1015.49
2026-06-30 17:30:00,1015.67
2026-06-30 17:40:00,1015.78
2026-06-30 17:50:00,1015.86
2026-06-30 18:00:00,1015.81
2026-06-30 18:10:00,1015.92
2026-06-30 18:20:00,1016.0799999999999
2026-06-30 18:30:00,1016.13
2026-06-30 18:40:00,1016.28
2026-06-30 18:50:00,1016.38
2026-06-30 19:00:00,1016.54
2026-06-30 19:10:00,1016.6999999999999
2026-06-30 19:20:00,1016.7099999999999
2026-06-30 19:30:00,1016.81
2026-06-30 19:40:00,1016.88
2026-06-30 19:50:00,1016.9499999999999
2026-06-30 20:00:00,1016.9499999999999
2026-06-30 20:10:00,1017.06
2026-06-30 20:20:00,1017.0699999999999
2026-06-30 20:30:00,1017.0799999999999
2026-06-30 20:40:00,1017.14
2026-06-30 20:50:00,1017.1899999999999
2026-06-30 21:00:00,1017.31
2026-06-30 21:10:00,1017.36
2026-06-30 21:20:00,1017.42
2026-06-30 21:30:00,1017.49
2026-06-30 21:40:00,1017.49
2026-06-30 21:50:00,1017.4499999999999
2026-06-30 22:00:00,1017.48
2026-06-30 22:10:00,1017.49
2026-06-30 22:20:00,1017.4399999999999
2026-06-30 22:30:00,1017.42
2026-06-30 22:40:00,1017.29
2026-06-30 22:50:00,1017.22
2026-06-30 23:00:00,1017.1999999999999
2026-06-30 23:10:00,1017.03
2026-06-30 23:20:00,1016.9599999999999
2026-06-30 23:30:00,1016.85
2026-06-30 23:40:00,1016.68
2026-06-30 23:50:00,1016.67
2026-07-01 00:00:00,1016.77
2026-07-01 00:10:00,1016.81
2026-07-01 00:20:00,1016.77
2026-07-01 00:30:00,1016.66
2026-07-01 00:40:00,1016.53
2026-07-01 00:50:00,1016.55
2026-07-01 01:00:00,1016.38
2026-07-01 01:10:00,1016.17
2026-07-01 01:20:00,1016.0799999999999
2026-07-01 01:30:00,1015.99
2026-07-01 01:40:00,1015.9
2026-07-01 01:50:00,1015.93
2026-07-01 02:00:00,1015.9399999999999
2026-07-01 02:10:00,1015.88
2026-07-01 02:20:00,1015.5533333333333
2026-07-01 02:30:00,1015.3633333333333
2026-07-01 02:40:00,1015.325
2026-07-01 02:50:00,1015.38
2026-07-01 03:00:00,1015.34
2026-07-01 03:10:00,1015.26
2026-07-01 03:20:00,1015.35
2026-07-01 03:30:00,1015.41
2026-07-01 03:40:00,1015.5
2026-07-01 03:50:00,1015.4399999999999
2026-07-01 04:00:00,1015.48
2026-07-01 04:10:00,1015.7099999999999
2026-07-01 04:20:00,1015.4499999999999
2026-07-01 04:30:00,1015.59
2026-07-01 04:40:00,1015.41
2026-07-01 04:50:00,1015.25
2026-07-01 05:00:00,1015.22
2026-07-01 05:10:00,1015.2099999999999
2026-07-01 05:20:00,1015.37
2026-07-01 05:30:00,1015.4
2026-07-01 05:40:00,1015.42
2026-07-01 05:50:00,1015.6
2026-07-01 06:00:00,1015.655
2026-07-01 06:10:00,1015.91
2026-07-01 06:20:00,1016
2026-07-01 06:30:00,1016.09
2026-07-01 06:40:00,1016.1999999999999
2026-07-01 06:50:00,1016.24
2026-07-01 07:00:00,1016.4499999999999
2026-07-01 07:10:00,1016.36
2026-07-01 07:20:00,1016.63
2026-07-01 07:30:00,1016.68
2026-07-01 07:40:00,1016.7999999999998
2026-07-01 07:50:00,1016.91
2026-07-01 08:00:00,1016.87
2026-07-01 08:10:00,1017.09
2026-07-01 08:20:00,1017.13
2026-07-01 08:30:00,1017.0799999999999
2026-07-01 08:40:00,1017.05
2026-07-01 08:50:00,1017.09
2026-07-01 09:00:00,1017.025
2026-07-01 09:10:00,1017.09
2026-07-01 11:20:00,1016.75
2026-07-01 11:30:00,1016.66
2026-07-01 11:40:00,1016.62
2026-07-01 11:50:00,1016.51
2026-07-01 12:00:00,1016.5
2026-07-01 12:10:00,1016.38
2026-07-01 12:20:00,1016.2099999999999
2026-07-01 12:30:00,1016.13
2026-07-01 12:40:00,1016.06
2026-07-01 12:50:00,1016.02
2026-07-01 13:00:00,1015.9
2026-07-01 13:10:00,1015.87
2026-07-01 13:20:00,1015.7099999999999
2026-07-01 13:30:00,1015.65
2026-07-01 13:40:00,1015.68
2026-07-01 13:50:00,1015.85
2026-07-01 14:00:00,1015.91
2026-07-01 14:10:00,1015.98
2026-07-01 14:20:00,1015.6899999999999
2026-07-01 14:30:00,1015.38
2026-07-01 14:40:00,1015.14
2026-07-01 14:50:00,1014.97
2026-07-01 15:00:00,1014.9399999999999
2026-07-01 15:10:00,1015.0699999999999
2026-07-01 15:20:00,1014.9499999999999
2026-07-01 15:30:00,1014.68
2026-07-01 15:40:00,1014.6999999999999
2026-07-01 15:50:00,1015.06
2026-07-01 16:00:00,1015.22
2026-07-01 16:10:00,1015.23
2026-07-01 16:20:00,1015.16
2026-07-01 16:30:00,1015.18
2026-07-01 16:40:00,1015.1
2026-07-01 16:50:00,1015.16
2026-07-01 17:00:00,1015.28
2026-07-01 17:10:00,1015.5
2026-07-01 17:20:00,1015.3299999999999
2026-07-01 17:30:00,1015.53
2026-07-01 17:40:00,1015.63
2026-07-01 17:50:00,1015.72
2026-07-01 18:00:00,1015.79
2026-07-01 18:10:00,1015.8
2026-07-01 18:20:00,1016.0799999999999
2026-07-01 18:30:00,1016.15
2026-07-01 18:40:00,1016.31
2026-07-01 18:50:00,1016.2733333333332
2026-07-01 19:00:00,1015.9979999999999
2026-07-01 19:10:00,1016.2425000000001
2026-07-01 19:20:00,1016.4399999999999
2026-07-01 19:30:00,1016.708
2026-07-01 19:40:00,1016.5799999999999
2026-07-01 19:50:00,1016.6899999999999
2026-07-01 20:00:00,1016.78
2026-07-01 20:10:00,1016.63
2026-07-01 20:20:00,1016.8
2026-07-01 20:30:00,1016.9
2026-07-01 20:40:00,1017
2026-07-01 20:50:00,1017.06
2026-07-01 21:00:00,1017.09
2026-07-01 21:10:00,1017.1
2026-07-01 21:20:00,1017.12
2026-07-01 21:30:00,1017.2099999999999
2026-07-01 21:40:00,1017.0799999999999
2026-07-01 21:50:00,1017.0799999999999
2026-07-01 22:00:00,1017.0699999999999
2026-07-01 22:10:00,1017.02
2026-07-01 22:20:00,1017.14
2026-07-01 22:30:00,1017.09
2026-07-01 22:40:00,1016.9499999999999
2026-07-01 22:50:00,1016.87
2026-07-01 23:00:00,1016.6
2026-07-01 23:10:00,1016.43
2026-07-01 23:20:00,1016.4
2026-07-01 23:30:00,1016.28
2026-07-01 23:40:00,1016.22
2026-07-01 23:50:00,1016.29
2026-07-02 00:00:00,1016.17
2026-07-02 00:10:00,1016.11
2026-07-02 00:20:00,1016.0699999999999
2026-07-02 00:30:00,1015.9766666666665
2026-07-02 00:40:00,1015.7149999999999
2026-07-02 00:50:00,1015.67
2026-07-02 01:00:00,1015.7299999999999
2026-07-02 01:10:00,1015.825
2026-07-02 01:20:00,1015.55
2026-07-02 01:30:00,1015.26
2026-07-02 01:40:00,1015.1
2026-07-02 01:50:00,1014.74
2026-07-02 02:00:00,1014.85
2026-07-02 02:10:00,1014.66
2026-07-02 02:20:00,1014.51
2026-07-02 02:30:00,1014.51
2026-07-02 02:40:00,1014.52
2026-07-02 02:50:00,1014.43
2026-07-02 03:00:00,1014.35
2026-07-02 03:10:00,1014.14
2026-07-02 03:20:00,1014.06
2026-07-02 03:30:00,1014.155
2026-07-02 03:40:00,1014.11
2026-07-02 03:50:00,1014.06
2026-07-02 04:00:00,1014.1899999999999
2026-07-02 04:10:00,1014.14
2026-07-02 04:20:00,1014.1899999999999
2026-07-02 04:30:00,1014.18
2026-07-02 04:40:00,1014.22
2026-07-02 04:50:00,1014.27
2026-07-02 05:00:00,1014.37
2026-07-02 05:10:00,1014.26
2026-07-02 05:20:00,1014.3299999999999
2026-07-02 05:30:00,1014.4
2026-07-02 05:40:00,1014.66
2026-07-02 05:50:00,1014.78
2026-07-02 06:00:00,1014.84
2026-07-02 06:10:00,1015.01
2026-07-02 06:20:00,1015.05
2026-07-02 06:30:00,1015.09
2026-07-02 06:40:00,1015.09
2026-07-02 06:50:00,1015.16
2026-07-02 07:00:00,1015.22
2026-07-02 07:10:00,1015.2099999999999
2026-07-02 07:20:00,1015.1999999999999
2026-07-02 07:30:00,1015.5
2026-07-02 07:40:00,1015.78
2026-07-02 07:50:00,1015.8854545454545
2026-07-02 08:00:00,1015.7288888888888
2026-07-02 08:10:00,1015.984
2026-07-02 08:20:00,1015.9449999999999
2026-07-02 08:30:00,1015.81
2026-07-02 08:40:00,1016
2026-07-02 08:50:00,1016.02
2026-07-02 09:00:00,1016.16
2026-07-02 09:10:00,1016.24
2026-07-02 09:20:00,1016.4499999999999
2026-07-02 09:30:00,1016.5699999999999
2026-07-02 09:40:00,1016.65
2026-07-02 09:50:00,1016.6
2026-07-02 10:00:00,1016.67
2026-07-02 10:10:00,1016.6999999999999
2026-07-02 10:20:00,1016.65
2026-07-02 10:30:00,1016.6628571428572
2026-07-02 10:40:00,1016.64
2026-07-02 10:50:00,1016.55
2026-07-02 11:00:00,1016.5799999999999
2026-07-02 11:10:00,1016.4849999999999
2026-07-02 11:20:00,1016.6238888888888
2026-07-02 11:30:00,1016.4575
2026-07-02 11:40:00,1016.66
2026-07-02 11:50:00,1016.6
2026-07-02 12:00:00,1016.74
2026-07-02 12:10:00,1016.65
2026-07-02 12:20:00,1016.54
2026-07-02 12:30:00,1016.16
2026-07-02 12:40:00,1016.34
2026-07-02 12:50:00,1016.2099999999999
2026-07-02 13:00:00,1016.12
2026-07-02 13:10:00,1015.92
2026-07-02 13:20:00,1015.8299999999999
2026-07-02 13:30:00,1015.6899999999999
2026-07-02 13:40:00,1015.59
2026-07-02 13:50:00,1015.62
2026-07-02 14:00:00,1015.55
2026-07-02 14:10:00,1015.9453333333333
2026-07-02 14:20:00,1015.683
2026-07-02 14:30:00,1015.65
2026-07-02 14:40:00,1015.63
2026-07-02 14:50:00,1015.54
2026-07-02 15:00:00,1015.63
2026-07-02 15:10:00,1015.4749999999999
2026-07-02 15:20:00,1015.4
2026-07-02 15:30:00,1015.34
2026-07-02 15:40:00,1015.13
2026-07-02 15:50:00,1015.31
2026-07-02 16:00:00,1015.64
2026-07-02 16:10:00,1015.4599999999999
2026-07-02 16:20:00,1015.5799999999999
2026-07-02 16:30:00,1015.49
2026-07-02 16:40:00,1015.52
2026-07-02 16:50:00,1015.4499999999999
2026-07-02 17:00:00,1015.59
2026-07-02 17:10:00,1015.87
2026-07-02 17:20:00,1015.78
2026-07-02 17:30:00,1016.01
2026-07-02 17:40:00,1016.27625
2026-07-02 17:50:00,1016.2616666666668
2026-07-02 18:00:00,1016.3199999999999
2026-07-02 18:10:00,1016.5799999999999
2026-07-02 18:20:00,1016.8825
2026-07-02 18:30:00,1016.81
2026-07-02 18:40:00,1016.84
2026-07-02 18:50:00,1016.81
2026-07-02 19:00:00,1016.8299999999999
2026-07-02 19:10:00,1016.78
2026-07-02 19:20:00,1016.81
2026-07-02 19:30:00,1016.91
2026-07-02 19:40:00,1017.06
2026-07-02 19:50:00,1016.99
2026-07-02 20:00:00,1017.24
2026-07-02 20:10:00,1017.4
2026-07-02 20:20:00,1017.37
2026-07-02 20:30:00,1017.17
2026-07-02 20:40:00,1017.185
2026-07-02 20:50:00,1017.4416666666666
2026-07-02 21:00:00,1017.5723076923076
2026-07-02 21:10:00,1017.6121311475409
2026-07-02 21:20:00,1017.5396551724136
2026-07-02 21:30:00,1017.756753246753
2026-07-02 21:40:00,1018.1825396825399
2026-07-02 21:50:00,1018.4911999999998
2026-07-02 22:00:00,1018.3740624999998
2026-07-02 22:10:00,1018.38
2026-07-02 22:40:00,1018.0766666666667
2026-07-02 22:50:00,1018.1266666666667
2026-07-02 23:00:00,1018.16
2026-07-02 23:10:00,1018.31
2026-07-02 23:20:00,1018.49
2026-07-02 23:30:00,1018.415
2026-07-02 23:40:00,1018.43
2026-07-02 23:50:00,1018.4649999999999
2026-07-03 00:00:00,1018.235
2026-07-03 00:10:00,1018.0955555555556
2026-07-03 00:20:00,1018.1
2026-07-03 00:30:00,1018.1933333333333
2026-07-03 00:40:00,1018.2071428571427
2026-07-03 00:50:00,1017.92
2026-07-03 01:00:00,1017.9599999999999
2026-07-03 01:10:00,1017.81
2026-07-03 01:20:00,1017.87
2026-07-03 01:30:00,1017.85
2026-07-03 01:40:00,1017.89
2026-07-03 01:50:00,1017.9599999999999
2026-07-03 02:00:00,1017.8199999999999
2026-07-03 02:10:00,1017.74
2026-07-03 02:20:00,1017.78
2026-07-03 02:30:00,1017.72
2026-07-03 02:40:00,1017.7099999999999
2026-07-03 02:50:00,1017.59
2026-07-03 03:00:00,1017.36
2026-07-03 03:10:00,1017.3
2026-07-03 03:20:00,1017.22
2026-07-03 03:30:00,1017.18
2026-07-03 03:40:00,1017.3000000000001
2026-07-03 03:50:00,1017.1716666666666
2026-07-03 04:00:00,1017.05
2026-07-03 04:10:00,1017.0699999999999
2026-07-03 04:20:00,1016.9749999999999
2026-07-03 04:30:00,1016.93
2026-07-03 04:40:00,1016.87
2026-07-03 04:50:00,1017.0699999999999
2026-07-03 05:00:00,1017.36
2026-07-03 05:10:00,1017.5519999999999
2026-07-03 05:20:00,1017.5333333333333
2026-07-03 05:30:00,1017.495
2026-07-03 05:40:00,1017.56
2026-07-03 05:50:00,1017.61
2026-07-03 06:00:00,1017.7099999999999
2026-07-03 06:10:00,1017.8299999999999
2026-07-03 06:20:00,1018.14
2026-07-03 06:30:00,1018.1538461538462
2026-07-03 06:40:00,1018.085
2026-07-03 06:50:00,1018.2578947368422
2026-07-03 07:00:00,1018.2344444444443
2026-07-03 07:10:00,1018.24
2026-07-03 07:20:00,1018.51
2026-07-03 07:30:00,1018.56
2026-07-03 07:40:00,1018.6899999999999
2026-07-03 07:50:00,1018.84
2026-07-03 08:00:00,1018.78
2026-07-03 08:10:00,1018.91
2026-07-03 08:20:00,1018.885
2026-07-03 08:30:00,1018.93
2026-07-03 08:40:00,1018.91
2026-07-03 08:50:00,1018.86
2026-07-03 09:00:00,1018.73
2026-07-03 09:10:00,1018.67
2026-07-03 09:20:00,1018.61
2026-07-03 09:30:00,1018.64
2026-07-03 09:40:00,1018.72
2026-07-03 09:50:00,1018.67
2026-07-03 10:00:00,1018.64
2026-07-03 10:10:00,1018.62
2026-07-03 10:20:00,1018.6524999999999
2026-07-03 10:30:00,1018.73125
2026-07-03 10:40:00,1018.87
2026-07-03 10:50:00,1018.7040000000001
2026-07-03 11:00:00,1018.4399999999999
2026-07-03 11:10:00,1018.56
2026-07-03 11:20:00,1018.8699999999999
2026-07-03 11:30:00,1018.88
2026-07-03 11:40:00,1018.68
2026-07-03 11:50:00,1018.52
2026-07-03 12:00:00,1018.52
2026-07-03 12:10:00,1018.5999999999999
2026-07-03 12:20:00,1018.4733333333334
2026-07-03 12:30:00,1018.1812500000001
2026-07-03 12:40:00,1018.0459999999999
2026-07-03 12:50:00,1018.19
2026-07-03 13:00:00,1018.375
2026-07-03 13:10:00,1018.22
2026-07-03 13:20:00,1018.17
2026-07-03 13:30:00,1017.93
2026-07-03 13:40:00,1017.92
2026-07-03 13:50:00,1017.91
2026-07-03 14:00:00,1017.6033333333334
2026-07-03 14:10:00,1017.49
2026-07-03 14:20:00,1017.5799999999999
2026-07-03 14:30:00,1017.9333333333334
2026-07-03 14:40:00,1017.9399999999999
2026-07-03 14:50:00,1017.9762499999999
2026-07-03 15:00:00,1017.982
2026-07-03 15:30:00,1017.8649999999999
2026-07-03 15:40:00,1017.6936363636363
2026-07-03 15:50:00,1017.814
2026-07-03 16:00:00,1017.6075
2026-07-03 16:10:00,1017.64
2026-07-03 16:20:00,1017.8033333333333
2026-07-03 16:30:00,1017.75
2026-07-03 16:40:00,1017.6999999999999
2026-07-03 16:50:00,1017.8299999999999
2026-07-03 17:00:00,1017.89
2026-07-03 17:10:00,1017.84
2026-07-03 17:20:00,1017.98
2026-07-03 17:30:00,1018.14
2026-07-03 17:40:00,1018.18
2026-07-03 17:50:00,1018.3
2026-07-03 18:00:00,1018.31
2026-07-03 18:10:00,1018.35
2026-07-03 18:20:00,1018.4599999999999
2026-07-03 18:30:00,1018.55
2026-07-03 18:40:00,1018.62
2026-07-03 18:50:00,1018.8299999999999
2026-07-03 19:00:00,1019.01
2026-07-03 19:10:00,1019.1999999999999
2026-07-03 19:20:00,1019.4499999999999
2026-07-03 19:30:00,1019.6899999999999
2026-07-03 19:40:00,1019.8
2026-07-03 19:50:00,1019.87
2026-07-03 20:00:00,1019.7479999999999
2026-07-03 20:10:00,1019.3285714285714
2026-07-03 20:20:00,1019.06
2026-07-03 20:30:00,1019.53
2026-07-03 20:40:00,1019.36
2026-07-03 20:50:00,1019.15
2026-07-03 21:00:00,1019.14
2026-07-03 21:10:00,1018.85
2026-07-03 21:50:00,1018.42
2026-07-03 22:00:00,1018.9
2026-07-03 22:10:00,1019.51
2026-07-03 22:20:00,1019.88
2026-07-03 22:30:00,1020
2026-07-03 22:40:00,1019.93
2026-07-03 22:50:00,1019.72
2026-07-03 23:00:00,1019.66
2026-07-03 23:10:00,1019.42
2026-07-03 23:20:00,1019.17
2026-07-03 23:30:00,1019
2026-07-03 23:40:00,1018.91
2026-07-03 23:50:00,1018.74
2026-07-04 00:00:00,1018.68
2026-07-04 00:10:00,1018.68
2026-07-04 00:20:00,1018.47
2026-07-04 00:30:00,1018.42
2026-07-04 00:40:00,1018
2026-07-04 00:50:00,1018.05
2026-07-04 01:00:00,1018.48
2026-07-04 01:10:00,1018.17
2026-07-04 01:20:00,1018.4499999999999
2026-07-04 01:30:00,1018.18
2026-07-04 01:40:00,1018.04
2026-07-04 01:50:00,1017.8
2026-07-04 02:00:00,1018.25
2026-07-04 02:10:00,1018.38
2026-07-04 02:20:00,1018.37
2026-07-04 02:30:00,1018.2099999999999
2026-07-04 02:40:00,1018.26
2026-07-04 02:50:00,1018.38
2026-07-04 03:00:00,1018.39
2026-07-04 03:10:00,1018.39
2026-07-04 03:20:00,1018.24
2026-07-04 03:30:00,1018.14
2026-07-04 03:40:00,1018.18
2026-07-04 03:50:00,1018.3333333333334
2026-07-04 04:00:00,1018.53
2026-07-04 04:10:00,1018.5649999999999
2026-07-04 04:20:00,1018.6166666666667
2026-07-04 04:30:00,1018.7125
2026-07-04 04:40:00,1018.75
2026-07-04 04:50:00,1018.7666666666668
2026-07-04 05:00:00,1018.7733333333334
2026-07-04 05:10:00,1018.7266666666668
2026-07-04 05:20:00,1018.74
2026-07-04 05:30:00,1018.8866666666667
2026-07-04 05:40:00,1018.9633333333333
2026-07-04 05:50:00,1018.8566666666667
2026-07-04 06:00:00,1018.92
2026-07-04 06:10:00,1018.98
2026-07-04 06:20:00,1019.0649999999999
2026-07-04 06:30:00,1019.01
2026-07-04 06:40:00,1019.03
2026-07-04 06:50:00,1018.91
2026-07-04 07:00:00,1018.85
2026-07-04 07:10:00,1018.77
2026-07-04 07:20:00,1018.79
2026-07-04 07:30:00,1018.87
2026-07-04 07:40:00,1019
2026-07-04 07:50:00,1019.25
2026-07-04 08:00:00,1019.49
2026-07-04 08:10:00,1019.56
2026-07-04 08:20:00,1019.65
2026-07-04 08:30:00,1019.79
2026-07-04 08:40:00,1019.91
2026-07-04 08:50:00,1020.17
2026-07-04 09:00:00,1020.47
2026-07-04 09:10:00,1020.47
2026-07-04 09:20:00,1020.4599999999999
2026-07-04 09:30:00,1020.4
2026-07-04 09:40:00,1020.26
2026-07-04 09:50:00,1020.0799999999999
2026-07-04 10:00:00,1019.87
2026-07-04 10:10:00,1019.79
2026-07-04 10:20:00,1019.88
2026-07-04 10:30:00,1019.9499999999999
2026-07-04 10:40:00,1020.01
2026-07-04 10:50:00,1019.9499999999999
2026-07-04 11:00:00,1019.8299999999999
2026-07-04 11:10:00,1019.99
2026-07-04 11:20:00,1020.04
2026-07-04 11:30:00,1020.01
2026-07-04 11:40:00,1020.03
2026-07-04 11:50:00,1019.97
2026-07-04 12:00:00,1019.93
2026-07-04 12:10:00,1019.8199999999999
2026-07-04 12:20:00,1019.74
2026-07-04 12:30:00,1019.61
2026-07-04 12:40:00,1019.43
2026-07-04 12:50:00,1019.34
2026-07-04 13:00:00,1019.22
2026-07-04 13:10:00,1019.06
2026-07-04 13:20:00,1018.8199999999999
2026-07-04 13:30:00,1018.9
2026-07-04 13:40:00,1019.11
2026-07-04 13:50:00,1019.49
2026-07-04 14:00:00,1019.77
2026-07-04 14:10:00,1019.85
2026-07-04 14:20:00,1019.68
2026-07-04 14:30:00,1019.47
2026-07-04 14:40:00,1019.35
2026-07-04 14:50:00,1019.1999999999999
2026-07-04 15:00:00,1019.1
2026-07-04 15:10:00,1019.05
2026-07-04 15:20:00,1019.15
2026-07-04 15:30:00,1018.97
2026-07-04 15:40:00,1018.5049999999999
2026-07-04 15:50:00,1017.49
2026-07-04 16:00:00,1017.72
2026-07-04 16:10:00,1017.54
2026-07-04 16:20:00,1018.04
2026-07-04 16:30:00,1017.9599999999999
2026-07-04 16:40:00,1018.22
2026-07-04 16:50:00,1018.24
2026-07-04 17:00:00,1018.35
2026-07-04 17:10:00,1018.47
2026-07-04 17:20:00,1018.5799999999999
2026-07-04 17:30:00,1018.75
2026-07-04 17:40:00,1018.8299999999999
2026-07-04 17:50:00,1019.03
2026-07-04 18:00:00,1019.18
2026-07-04 18:10:00,1019.23
2026-07-04 18:20:00,1019.1999999999999
2026-07-04 18:30:00,1019.2099999999999
2026-07-04 18:40:00,1019.24
2026-07-04 18:50:00,1019.11
2026-07-04 19:00:00,1019
2026-07-04 19:10:00,1018.77
2026-07-04 19:20:00,1018.8
2026-07-04 19:30:00,1018.72
2026-07-04 19:40:00,1018.64
2026-07-04 19:50:00,1018.6899999999999
2026-07-04 20:00:00,1018.5699999999999
2026-07-04 20:10:00,1018.56
2026-07-04 20:20:00,1018.5799999999999
2026-07-04 20:30:00,1018.5699999999999
2026-07-04 20:40:00,1018.54
2026-07-04 20:50:00,1018.43
2026-07-04 21:00:00,1018.35
2026-07-04 21:10:00,1018.4599999999999
2026-07-04 21:20:00,1018.39
2026-07-04 21:30:00,1018.43
2026-07-04 21:40:00,1018.4599999999999
2026-07-04 21:50:00,1018.67
2026-07-04 22:00:00,1018.81
2026-07-04 22:10:00,1018.8
2026-07-04 22:20:00,1018.67
2026-07-04 22:30:00,1018.66
2026-07-04 22:40:00,1018.5699999999999
2026-07-04 22:50:00,1018.54
2026-07-04 23:00:00,1018.56
2026-07-04 23:10:00,1018.59
2026-07-04 23:20:00,1018.53
2026-07-04 23:30:00,1018.51
2026-07-04 23:40:00,1018.47
2026-07-04 23:50:00,1018.52
2026-07-05 00:00:00,1018.64
2026-07-05 00:10:00,1018.67
2026-07-05 00:20:00,1018.73
2026-07-05 00:30:00,1018.64
2026-07-05 00:40:00,1018.67
2026-07-05 00:50:00,1018.74
2026-07-05 01:00:00,1018.77
2026-07-05 01:10:00,1018.86
2026-07-05 01:20:00,1018.97
2026-07-05 01:30:00,1019.02
2026-07-05 01:40:00,1019.0699999999999
2026-07-05 01:50:00,1019.1
2026-07-05 02:00:00,1019.03
2026-07-05 02:10:00,1018.99
2026-07-05 02:20:00,1019.03
2026-07-05 02:30:00,1019.01
2026-07-05 02:40:00,1019
2026-07-05 02:50:00,1018.9
2026-07-05 03:00:00,1018.88
2026-07-05 03:10:00,1018.8199999999999
2026-07-05 03:20:00,1018.8
2026-07-05 03:30:00,1018.81
2026-07-05 03:40:00,1018.99
2026-07-05 03:50:00,1019.11
2026-07-05 04:00:00,1019.11
2026-07-05 04:10:00,1019.1
2026-07-05 04:20:00,1019.11
2026-07-05 04:30:00,1019.06
2026-07-05 04:40:00,1019.01
2026-07-05 04:50:00,1018.99
2026-07-05 05:00:00,1018.9599999999999
2026-07-05 05:10:00,1019.04
2026-07-05 05:20:00,1019.12
2026-07-05 05:30:00,1019
2026-07-05 05:40:00,1019
2026-07-05 05:50:00,1018.91
2026-07-05 06:00:00,1019.04
2026-07-05 06:10:00,1018.9
2026-07-05 06:20:00,1018.84
2026-07-05 06:30:00,1018.8
2026-07-05 06:40:00,1018.64
2026-07-05 06:50:00,1018.63
2026-07-05 07:00:00,1018.52
2026-07-05 07:10:00,1018.47
2026-07-05 07:20:00,1018.52
2026-07-05 07:30:00,1018.5699999999999
2026-07-05 07:40:00,1018.8
2026-07-05 07:50:00,1019.01
2026-07-05 08:00:00,1019.13
2026-07-05 08:10:00,1019.35
2026-07-05 08:20:00,1019.38
2026-07-05 08:30:00,1019.3299999999999
2026-07-05 08:40:00,1019.4499999999999
2026-07-05 08:50:00,1019.43
2026-07-05 09:00:00,1019.4
2026-07-05 09:10:00,1019.51
2026-07-05 09:20:00,1019.61
2026-07-05 09:30:00,1019.53
2026-07-05 09:40:00,1019.5699999999999
2026-07-05 09:50:00,1019.61
2026-07-05 10:00:00,1019.74
2026-07-05 10:10:00,1019.65
2026-07-05 10:20:00,1019.54
2026-07-05 10:30:00,1019.51
2026-07-05 10:40:00,1019.41
2026-07-05 10:50:00,1019.34
2026-07-05 11:00:00,1019.1999999999999
2026-07-05 11:10:00,1019.01
2026-07-05 11:20:00,1018.8299999999999
2026-07-05 11:30:00,1018.56
2026-07-05 11:40:00,1018.4499999999999
2026-07-05 11:50:00,1018.4
2026-07-05 12:00:00,1018.14
2026-07-05 12:10:00,1018.18
2026-07-05 12:20:00,1018.15
2026-07-05 12:30:00,1017.89
2026-07-05 12:40:00,1017.74
2026-07-05 12:50:00,1017.75
2026-07-05 13:00:00,1017.77
2026-07-05 13:10:00,1017.76
2026-07-05 13:20:00,1017.65
2026-07-05 13:30:00,1017.51
2026-07-05 13:40:00,1017.4599999999999
2026-07-05 13:50:00,1017.29
2026-07-05 14:00:00,1017.35
2026-07-05 14:10:00,1017.29
2026-07-05 14:20:00,1017.3
2026-07-05 14:30:00,1017.1999999999999
2026-07-05 14:40:00,1017.16
2026-07-05 14:50:00,1017.12
2026-07-05 15:00:00,1016.98
2026-07-05 15:10:00,1016.97
2026-07-05 15:20:00,1017.06
2026-07-05 15:30:00,1017.0799999999999
2026-07-05 15:40:00,1017.1999999999999
2026-07-05 15:50:00,1017.1899999999999
2026-07-05 16:00:00,1017.1899999999999
2026-07-05 16:10:00,1017.25
2026-07-05 16:20:00,1017.22
2026-07-05 16:30:00,1017.28
2026-07-05 16:40:00,1017.34
2026-07-05 16:50:00,1017.4599999999999
2026-07-05 17:00:00,1017.5799999999999
2026-07-05 17:10:00,1017.66
2026-07-05 17:20:00,1017.6899999999999
2026-07-05 17:30:00,1017.61
2026-07-05 17:40:00,1017.79
2026-07-05 17:50:00,1017.76
2026-07-05 18:00:00,1017.77
2026-07-05 18:10:00,1017.84
2026-07-05 18:20:00,1017.85
2026-07-05 18:30:00,1017.84
2026-07-05 18:40:00,1017.88
2026-07-05 18:50:00,1018.02
2026-07-05 19:00:00,1018.03
2026-07-05 19:10:00,1017.9499999999999
2026-07-05 19:20:00,1018.01
2026-07-05 19:30:00,1018.05
2026-07-05 19:40:00,1018.06
2026-07-05 19:50:00,1018.11
2026-07-05 20:10:00,1018.2099999999999
2026-07-05 20:20:00,1018.29
2026-07-05 20:30:00,1018.41
2026-07-05 20:40:00,1018.63
2026-07-05 20:50:00,1018.6999999999999
2026-07-05 21:00:00,1018.78
2026-07-05 21:10:00,1018.87
2026-07-05 21:20:00,1018.9
2026-07-05 21:30:00,1018.9499999999999
2026-07-05 21:40:00,1019.13
2026-07-05 21:50:00,1019.11
2026-07-05 22:00:00,1018.92
2026-07-05 22:10:00,1019.06
2026-07-05 22:20:00,1019.01
2026-07-05 22:30:00,1019.04
2026-07-05 22:40:00,1018.86
2026-07-05 22:50:00,1018.72
2026-07-05 23:00:00,1018.78
2026-07-05 23:10:00,1018.74
2026-07-05 23:20:00,1018.9
2026-07-05 23:30:00,1018.76
2026-07-05 23:40:00,1018.6999999999999
2026-07-05 23:50:00,1018.66
2026-07-06 00:00:00,1018.61
2026-07-06 00:10:00,1018.5799999999999
2026-07-06 00:20:00,1018.43
2026-07-06 00:30:00,1018.49
2026-07-06 00:40:00,1018.3299999999999
2026-07-06 00:50:00,1018.31
2026-07-06 01:00:00,1018.18
2026-07-06 01:10:00,1017.97
2026-07-06 01:20:00,1017.76
2026-07-06 01:30:00,1017.62
2026-07-06 01:40:00,1017.53
2026-07-06 01:50:00,1017.64
2026-07-06 02:00:00,1017.75
2026-07-06 02:10:00,1017.67
2026-07-06 02:20:00,1017.41
2026-07-06 02:30:00,1017.42
2026-07-06 02:40:00,1017.37
2026-07-06 02:50:00,1017.27
2026-07-06 03:00:00,1017.28
2026-07-06 03:10:00,1017.54
2026-07-06 03:20:00,1017.81
2026-07-06 03:30:00,1017.81
2026-07-06 03:40:00,1017.8
2026-07-06 03:50:00,1017.92
2026-07-06 04:00:00,1017.9
2026-07-06 04:10:00,1018
2026-07-06 04:20:00,1017.79
2026-07-06 04:30:00,1018.06
2026-07-06 04:40:00,1018.26
2026-07-06 04:50:00,1018.27
2026-07-06 05:00:00,1018.1999999999999
2026-07-06 05:10:00,1018.15
2026-07-06 05:20:00,1018.1
2026-07-06 05:30:00,1018.05
2026-07-06 05:40:00,1018.18
2026-07-06 05:50:00,1018.41
2026-07-06 06:00:00,1018.785
2026-07-06 06:10:00,1018.7963636363637
2026-07-06 06:20:00,1018.9106666666668
2026-07-06 06:30:00,1018.9449999999998
2026-07-06 06:40:00,1018.81
2026-07-06 06:50:00,1019.14
2026-07-06 07:00:00,1019.25
2026-07-06 07:10:00,1019.24
2026-07-06 07:20:00,1019.29
2026-07-06 07:30:00,1019.3299999999999
2026-07-06 07:40:00,1019.43
2026-07-06 07:50:00,1019.68
2026-07-06 08:00:00,1019.72
2026-07-06 08:10:00,1019.78
2026-07-06 08:20:00,1019.97
2026-07-06 08:30:00,1020.05
2026-07-06 08:40:00,1019.98
2026-07-06 08:50:00,1019.88
2026-07-06 09:00:00,1019.84
2026-07-06 09:10:00,1019.77
2026-07-06 09:20:00,1019.79
2026-07-06 09:30:00,1019.68
2026-07-06 09:40:00,1019.53
2026-07-06 09:50:00,1019.52
2026-07-06 10:00:00,1019.37
2026-07-06 10:10:00,1019.51
2026-07-06 10:20:00,1019.49
2026-07-06 10:30:00,1019.41
2026-07-06 10:40:00,1019.3299999999999
2026-07-06 10:50:00,1019.39
2026-07-06 11:00:00,1019.35
2026-07-06 11:10:00,1019.27
2026-07-06 11:20:00,1019.16
2026-07-06 11:30:00,1019.01
2026-07-06 11:40:00,1018.97
2026-07-06 11:50:00,1019.01
2026-07-06 12:00:00,1018.91
2026-07-06 12:10:00,1018.73
2026-07-06 12:20:00,1018.48
2026-07-06 12:30:00,1018.42
2026-07-06 12:40:00,1018.54
2026-07-06 12:50:00,1018.52
2026-07-06 13:00:00,1018.48
2026-07-06 13:10:00,1018.43
2026-07-06 13:20:00,1018.3
2026-07-06 13:30:00,1018.22
2026-07-06 13:40:00,1017.99
2026-07-06 13:50:00,1017.8199999999999
2026-07-06 14:00:00,1017.59
2026-07-06 14:10:00,1017.41
2026-07-06 14:20:00,1017.26
2026-07-06 14:30:00,1017.0799999999999
2026-07-06 14:40:00,1016.99
2026-07-06 14:50:00,1016.93
2026-07-06 15:00:00,1017.03
2026-07-06 15:10:00,1017.04
2026-07-06 15:20:00,1017.11
2026-07-06 15:30:00,1017.14
2026-07-06 15:40:00,1017.1899999999999
2026-07-06 15:50:00,1017.18
2026-07-06 16:00:00,1017.17
2026-07-06 16:10:00,1017.18
2026-07-06 16:20:00,1017.24
2026-07-06 16:30:00,1017.3299999999999
2026-07-06 16:40:00,1017.37
2026-07-06 16:50:00,1017.4499999999999
2026-07-06 17:00:00,1017.59
2026-07-06 17:10:00,1017.6
2026-07-06 17:20:00,1017.62
2026-07-06 17:30:00,1017.68
2026-07-06 17:40:00,1017.8299999999999
2026-07-06 17:50:00,1017.88
2026-07-06 18:00:00,1017.89
2026-07-06 18:10:00,1017.93
2026-07-06 18:20:00,1017.9499999999999
2026-07-06 18:30:00,1018.03
2026-07-06 18:40:00,1018.0799999999999
2026-07-06 18:50:00,1018.13
2026-07-06 19:00:00,1018.13
2026-07-06 19:10:00,1018.15
2026-07-06 19:20:00,1018.295
2026-07-06 19:30:00,1018.49
2026-07-06 19:40:00,1018.6458333333334
2026-07-06 19:50:00,1018.62
2026-07-06 20:00:00,1018.75
2026-07-06 20:10:00,1018.9
2026-07-06 20:20:00,1018.9
2026-07-06 20:30:00,1019
2026-07-06 20:40:00,1018.98
2026-07-06 20:50:00,1019.02
2026-07-06 21:00:00,1018.98
2026-07-06 21:10:00,1018.9599999999999
2026-07-06 21:20:00,1019.03
2026-07-06 21:30:00,1018.99
2026-07-06 21:40:00,1019.09
2026-07-06 21:50:00,1019.13
2026-07-06 22:00:00,1019.1
2026-07-06 22:10:00,1019.13
2026-07-06 22:20:00,1019.03
2026-07-06 22:30:00,1018.98
2026-07-06 22:40:00,1018.99
2026-07-06 22:50:00,1018.9
2026-07-06 23:00:00,1018.62
2026-07-06 23:10:00,1018.59
2026-07-06 23:20:00,1018.61
2026-07-06 23:30:00,1018.34
2026-07-06 23:40:00,1018.3
2026-07-06 23:50:00,1018.22
2026-07-07 00:00:00,1018.13
2026-07-07 00:10:00,1018.06
2026-07-07 00:20:00,1018.13
2026-07-07 00:30:00,1017.9649999999999
2026-07-07 00:40:00,1017.81
2026-07-07 00:50:00,1017.72
2026-07-07 01:00:00,1017.68
2026-07-07 01:10:00,1017.65
2026-07-07 01:20:00,1017.875
2026-07-07 01:30:00,1017.87
2026-07-07 01:40:00,1017.9533333333334
2026-07-07 01:50:00,1017.815
2026-07-07 02:00:00,1017.86
2026-07-07 02:10:00,1017.9233333333333
2026-07-07 02:20:00,1017.9524999999999
2026-07-07 02:30:00,1017.8000000000001
2026-07-07 02:40:00,1017.7533333333334
2026-07-07 02:50:00,1017.6899999999999
2026-07-07 03:00:00,1017.64
2026-07-07 03:10:00,1017.43
2026-07-07 03:20:00,1017.47
2026-07-07 03:30:00,1017.51
2026-07-07 03:40:00,1017.49
2026-07-07 03:50:00,1017.3299999999999
2026-07-07 04:00:00,1017.26
2026-07-07 04:10:00,1017.14
2026-07-07 04:20:00,1017.17
2026-07-07 04:30:00,1017.1
2026-07-07 04:40:00,1016.97
2026-07-07 04:50:00,1016.91
2026-07-07 05:00:00,1016.98
2026-07-07 05:10:00,1016.99
2026-07-07 05:20:00,1017.06
2026-07-07 05:30:00,1017.0699999999999
2026-07-07 05:40:00,1017.09
2026-07-07 05:50:00,1017.2099999999999
2026-07-07 06:00:00,1017.37
2026-07-07 06:10:00,1017.5
2026-07-07 06:20:00,1017.55
2026-07-07 06:30:00,1017.65
2026-07-07 06:40:00,1017.92
2026-07-07 06:50:00,1018.02
2026-07-07 07:00:00,1018.14
2026-07-07 07:10:00,1018.22
2026-07-07 07:20:00,1018.26
2026-07-07 07:30:00,1018.4599999999999
2026-07-07 07:40:00,1018.54
2026-07-07 07:50:00,1018.6899999999999
2026-07-07 08:00:00,1018.5
2026-07-07 08:10:00,1018.72
2026-07-07 08:20:00,1018.75
2026-07-07 08:30:00,1018.75
2026-07-07 08:40:00,1018.74
2026-07-07 08:50:00,1018.79
2026-07-07 09:00:00,1018.74
2026-07-07 09:10:00,1018.7099999999999
2026-07-07 09:20:00,1018.64
2026-07-07 09:30:00,1018.61
2026-07-07 09:40:00,1018.56
2026-07-07 09:50:00,1018.52
2026-07-07 10:00:00,1018.5799999999999
2026-07-07 10:10:00,1018.5699999999999
2026-07-07 10:20:00,1018.54
2026-07-07 10:30:00,1018.34
2026-07-07 10:40:00,1018.28
2026-07-07 10:50:00,1018.09
2026-07-07 11:00:00,1018.02
2026-07-07 11:10:00,1017.86
2026-07-07 11:20:00,1017.87
2026-07-07 11:30:00,1017.78
2026-07-07 11:40:00,1017.68
2026-07-07 11:50:00,1017.56
2026-07-07 12:00:00,1017.48
2026-07-07 12:10:00,1017.37
2026-07-07 12:20:00,1017.14
2026-07-07 12:30:00,1016.89
2026-07-07 12:40:00,1016.78
2026-07-07 12:50:00,1016.66
2026-07-07 13:00:00,1016.53
2026-07-07 13:10:00,1016.51
2026-07-07 13:20:00,1016.42
2026-07-07 13:30:00,1016.34
2026-07-07 13:40:00,1016.3
2026-07-07 13:50:00,1016.27
2026-07-07 14:00:00,1016.23
2026-07-07 14:10:00,1016.11
2026-07-07 14:20:00,1016.09
2026-07-07 14:30:00,1016.03
2026-07-07 14:40:00,1016
2026-07-07 14:50:00,1015.93
2026-07-07 15:00:00,1015.9499999999999
2026-07-07 15:10:00,1015.8199999999999
2026-07-07 15:20:00,1015.91
2026-07-07 15:30:00,1015.8199999999999
2026-07-07 15:40:00,1015.87
2026-07-07 15:50:00,1015.93
2026-07-07 16:00:00,1016.03
2026-07-07 16:10:00,1016.11
2026-07-07 16:20:00,1016.14
2026-07-07 16:30:00,1016.09
2026-07-07 16:40:00,1016.18
2026-07-07 16:50:00,1016.3299999999999
2026-07-07 17:00:00,1016.37
2026-07-07 17:10:00,1016.4599999999999
2026-07-07 17:20:00,1016.56
2026-07-07 17:30:00,1016.6
2026-07-07 17:40:00,1016.67
2026-07-07 17:50:00,1016.86
2026-07-07 18:00:00,1016.98
2026-07-07 18:10:00,1017.0799999999999
2026-07-07 18:20:00,1017.17
2026-07-07 18:30:00,1017.3
2026-07-07 18:40:00,1017.35
2026-07-07 18:50:00,1017.31
2026-07-07 19:00:00,1017.49
2026-07-07 19:10:00,1017.5799999999999
2026-07-07 19:20:00,1017.65
2026-07-07 19:30:00,1017.78
2026-07-07 19:40:00,1017.78
2026-07-07 19:50:00,1017.89
2026-07-07 20:00:00,1018.02
2026-07-07 20:10:00,1018.0799999999999
2026-07-07 20:20:00,1018.0699999999999
2026-07-07 20:30:00,1018.1899999999999
2026-07-07 20:40:00,1018.14
2026-07-07 20:50:00,1018.11
2026-07-07 21:00:00,1018.25
2026-07-07 21:10:00,1018.26
2026-07-07 21:20:00,1018.23
2026-07-07 21:30:00,1018.25
2026-07-07 21:40:00,1018.26
2026-07-07 22:00:00,1018.13
2026-07-07 22:10:00,1018.12
2026-07-07 22:20:00,1018.11
2026-07-07 22:30:00,1018.0799999999999
2026-07-07 22:40:00,1017.9499999999999
2026-07-07 22:50:00,1018
2026-07-07 23:00:00,1017.92
2026-07-07 23:10:00,1018.0699999999999
2026-07-07 23:20:00,1017.9599999999999
2026-07-07 23:30:00,1018.02
2026-07-07 23:40:00,1018.01
2026-07-07 23:50:00,1018.065
2026-07-08 00:00:00,1017.9399999999999
2026-07-08 00:10:00,1017.85
2026-07-08 00:20:00,1017.795
2026-07-08 00:30:00,1017.65
2026-07-08 00:40:00,1017.54
2026-07-08 00:50:00,1017.22
2026-07-08 01:00:00,1017.27
2026-07-08 01:10:00,1017.15
2026-07-08 01:20:00,1017.06
2026-07-08 01:30:00,1016.86
2026-07-08 01:40:00,1016.75
2026-07-08 01:50:00,1016.76
2026-07-08 02:00:00,1016.8299999999999
2026-07-08 02:10:00,1017.0633333333334
2026-07-08 02:20:00,1017.02
2026-07-08 02:30:00,1016.9399999999999
2026-07-08 02:40:00,1016.8
2026-07-08 02:50:00,1016.65
2026-07-08 03:00:00,1016.59
2026-07-08 03:10:00,1016.6166666666667
2026-07-08 03:20:00,1016.4499999999999
2026-07-08 03:30:00,1016.63
2026-07-08 03:40:00,1016.61
2026-07-08 03:50:00,1016.63
2026-07-08 04:00:00,1016.6899999999999
2026-07-08 04:10:00,1016.67
2026-07-08 04:20:00,1016.59
2026-07-08 04:30:00,1016.64
2026-07-08 04:40:00,1016.6899999999999
2026-07-08 04:50:00,1016.7099999999999
2026-07-08 05:00:00,1016.73
2026-07-08 05:10:00,1016.72
2026-07-08 05:20:00,1016.79
2026-07-08 05:30:00,1016.87
2026-07-08 05:40:00,1016.99
2026-07-08 05:50:00,1017.14
2026-07-08 06:00:00,1017.24
2026-07-08 06:10:00,1017.27
2026-07-08 06:20:00,1017.34
2026-07-08 06:30:00,1017.34
2026-07-08 06:40:00,1017.51
2026-07-08 06:50:00,1017.59
2026-07-08 07:00:00,1017.7099999999999
2026-07-08 07:10:00,1017.89
2026-07-08 07:20:00,1017.81
2026-07-08 07:30:00,1017.88
2026-07-08 07:40:00,1018.0425
2026-07-08 07:50:00,1018.1
2026-07-08 08:00:00,1018.17
2026-07-08 08:10:00,1018.17
2026-07-08 08:20:00,1018.16
2026-07-08 08:30:00,1018.27
2026-07-08 08:40:00,1018.41
2026-07-08 08:50:00,1018.37
2026-07-08 09:00:00,1018.5
2026-07-08 09:10:00,1018.49
2026-07-08 09:20:00,1018.55
2026-07-08 09:30:00,1018.52
2026-07-08 09:40:00,1018.5799999999999
2026-07-08 09:50:00,1018.5799999999999
2026-07-08 10:00:00,1018.53
2026-07-08 10:10:00,1018.5
2026-07-08 10:20:00,1018.49
2026-07-08 10:30:00,1018.31
2026-07-08 10:40:00,1018.22
2026-07-08 10:50:00,1018.18
2026-07-08 11:00:00,1018.03
2026-07-08 11:10:00,1018.1
2026-07-08 11:20:00,1017.93
2026-07-08 11:30:00,1017.87
2026-07-08 11:40:00,1017.77
2026-07-08 11:50:00,1017.6
2026-07-08 12:00:00,1017.4399999999999
2026-07-08 12:10:00,1017.1999999999999
2026-07-08 12:20:00,1016.9399999999999
2026-07-08 12:30:00,1016.8299999999999
2026-07-08 12:40:00,1016.9499999999999
2026-07-08 12:50:00,1016.89
2026-07-08 13:00:00,1016.8
2026-07-08 13:10:00,1016.66
2026-07-08 13:20:00,1016.5
2026-07-08 13:30:00,1016.5
2026-07-08 13:40:00,1016.29
2026-07-08 13:50:00,1016.16
2026-07-08 14:00:00,1015.99
2026-07-08 14:10:00,1015.89
2026-07-08 14:20:00,1015.79
2026-07-08 14:30:00,1015.6899999999999
2026-07-08 14:40:00,1015.6
2026-07-08 14:50:00,1015.55
2026-07-08 15:00:00,1015.54
2026-07-08 15:10:00,1015.63
2026-07-08 15:20:00,1015.54
2026-07-08 15:30:00,1015.64
2026-07-08 15:40:00,1015.68
2026-07-08 15:50:00,1015.76
2026-07-08 16:00:00,1015.79
2026-07-08 16:10:00,1015.9599999999999
2026-07-08 16:20:00,1015.9599999999999
2026-07-08 16:30:00,1016.06
2026-07-08 16:40:00,1016.17
2026-07-08 16:50:00,1016.15
2026-07-08 17:00:00,1016.3
2026-07-08 17:10:00,1016.39
2026-07-08 17:20:00,1016.4499999999999
2026-07-08 17:30:00,1016.59
2026-07-08 17:40:00,1016.62
2026-07-08 17:50:00,1016.63
2026-07-08 18:00:00,1016.79
2026-07-08 18:10:00,1016.78
2026-07-08 18:20:00,1016.79
2026-07-08 18:30:00,1016.74
2026-07-08 18:40:00,1016.92
2026-07-08 18:50:00,1017.0699999999999
2026-07-08 19:00:00,1017.28
2026-07-08 19:10:00,1017.3199999999999
2026-07-08 19:20:00,1017.37
2026-07-08 19:30:00,1017.47
2026-07-08 19:40:00,1017.48
2026-07-08 19:50:00,1017.68
2026-07-08 20:00:00,1017.67
2026-07-08 20:10:00,1017.64
2026-07-08 20:20:00,1017.77
2026-07-08 20:30:00,1017.78
2026-07-08 20:40:00,1017.84
2026-07-08 20:50:00,1017.9599999999999
2026-07-08 21:00:00,1017.98
2026-07-08 21:10:00,1017.88
2026-07-08 21:20:00,1017.84
2026-07-08 21:30:00,1017.77
2026-07-08 21:40:00,1017.91
2026-07-08 21:50:00,1017.84
2026-07-08 22:00:00,1017.87
2026-07-08 22:10:00,1017.85
2026-07-08 22:20:00,1017.76
2026-07-08 22:30:00,1017.64
2026-07-08 22:40:00,1017.48
2026-07-08 22:50:00,1017.49
2026-07-08 23:00:00,1017.35
2026-07-08 23:10:00,1017.24
2026-07-08 23:20:00,1017.12
2026-07-08 23:30:00,1017.05
2026-07-08 23:40:00,1017.1
2026-07-08 23:50:00,1017
2026-07-09 00:00:00,1016.86
2026-07-09 00:10:00,1016.89
2026-07-09 00:20:00,1016.66
2026-07-09 00:30:00,1016.4499999999999
2026-07-09 00:40:00,1016.48
2026-07-09 00:50:00,1016.3
2026-07-09 01:00:00,1016.06
2026-07-09 01:10:00,1015.9
2026-07-09 01:20:00,1015.91
2026-07-09 01:30:00,1015.85
2026-07-09 01:40:00,1015.74
2026-07-09 01:50:00,1015.6999999999999
2026-07-09 02:00:00,1015.59
2026-07-09 02:10:00,1015.5
2026-07-09 02:20:00,1015.3299999999999
2026-07-09 02:30:00,1015.17
2026-07-09 02:40:00,1015.15
2026-07-09 02:50:00,1015.18
2026-07-09 03:00:00,1015.0799999999999
2026-07-09 03:10:00,1015.11
2026-07-09 03:20:00,1015.0699999999999
2026-07-09 03:30:00,1015.2099999999999
2026-07-09 03:40:00,1015.14
2026-07-09 03:50:00,1015
2026-07-09 04:00:00,1015.09
2026-07-09 04:10:00,1015.3299999999999
2026-07-09 04:20:00,1015.18
2026-07-09 04:30:00,1015.1999999999999
2026-07-09 04:40:00,1015.3199999999999
2026-07-09 04:50:00,1015.22
2026-07-09 05:00:00,1015.31
2026-07-09 05:10:00,1015.324
2026-07-09 05:20:00,1015.3299999999999
2026-07-09 05:30:00,1015.5699999999999
2026-07-09 05:40:00,1015.5799999999999
2026-07-09 05:50:00,1015.61
2026-07-09 06:00:00,1015.89
2026-07-09 06:10:00,1016.0699999999999
2026-07-09 06:20:00,1016.13
2026-07-09 06:30:00,1016.27
2026-07-09 06:40:00,1016.4599999999999
2026-07-09 06:50:00,1016.3199999999999
2026-07-09 07:00:00,1016.36
2026-07-09 07:10:00,1016.4599999999999
2026-07-09 07:20:00,1016.5799999999999
2026-07-09 07:30:00,1016.59
2026-07-09 07:40:00,1016.61
2026-07-09 07:50:00,1016.81
2026-07-09 08:00:00,1016.87
2026-07-09 08:10:00,1017.04
2026-07-09 08:20:00,1017.25
2026-07-09 08:30:00,1017.48
2026-07-09 08:40:00,1017.72
2026-07-09 08:50:00,1017.67
2026-07-09 09:00:00,1017.63
2026-07-09 09:10:00,1017.65
2026-07-09 09:20:00,1017.67
2026-07-09 09:30:00,1017.55
2026-07-09 09:40:00,1017.74
2026-07-09 09:50:00,1017.63
2026-07-09 10:00:00,1017.63
2026-07-09 10:10:00,1017.53
2026-07-09 10:20:00,1017.56
2026-07-09 10:30:00,1017.63
2026-07-09 10:40:00,1017.61
2026-07-09 10:50:00,1017.53
2026-07-09 11:00:00,1017.47
2026-07-09 11:10:00,1017.5699999999999
2026-07-09 11:20:00,1017.5183333333333
2026-07-09 11:30:00,1017.3299999999999
2026-07-09 11:40:00,1017.31
2026-07-09 11:50:00,1017.27
2026-07-09 12:00:00,1017.01
2026-07-09 12:10:00,1016.91
2026-07-09 12:20:00,1016.6899999999999
2026-07-09 12:30:00,1016.24
2026-07-09 12:40:00,1016.0699999999999
2026-07-09 12:50:00,1016
2026-07-09 13:00:00,1015.8299999999999
2026-07-09 13:10:00,1015.79
2026-07-09 13:20:00,1015.49
2026-07-09 13:30:00,1015.23
2026-07-09 13:40:00,1015.0799999999999
2026-07-09 13:50:00,1015.04
2026-07-09 14:00:00,1014.93
2026-07-09 14:10:00,1014.97
2026-07-09 14:20:00,1014.97
2026-07-09 14:30:00,1014.84
2026-07-09 14:40:00,1014.89
2026-07-09 14:50:00,1014.89
2026-07-09 15:00:00,1014.92
2026-07-09 15:10:00,1014.85
2026-07-09 15:20:00,1014.88
2026-07-09 15:30:00,1015.0699999999999
2026-07-09 15:40:00,1015.16
2026-07-09 15:50:00,1015.3199999999999
2026-07-09 16:00:00,1015.3199999999999
2026-07-09 16:10:00,1015.25
2026-07-09 16:20:00,1015.27
2026-07-09 16:30:00,1015.42
2026-07-09 16:40:00,1015.51
2026-07-09 16:50:00,1015.5699999999999
2026-07-09 17:00:00,1015.77
2026-07-09 17:10:00,1015.8299999999999
2026-07-09 17:20:00,1015.78
2026-07-09 17:30:00,1015.85
2026-07-09 17:40:00,1015.87
2026-07-09 17:50:00,1015.89
2026-07-09 18:00:00,1015.97
2026-07-09 18:10:00,1016.06
2026-07-09 18:20:00,1016.0699999999999
2026-07-09 18:30:00,1016
2026-07-09 18:40:00,1015.85
2026-07-09 18:50:00,1015.98
2026-07-09 19:00:00,1016.14
2026-07-09 19:10:00,1016.34
2026-07-09 19:20:00,1016.28
2026-07-09 19:30:00,1016.23
2026-07-09 19:40:00,1016.35
2026-07-09 19:50:00,1016.51
2026-07-09 20:00:00,1016.62
2026-07-09 20:10:00,1016.66
2026-07-09 20:20:00,1016.74
2026-07-09 20:30:00,1016.86
2026-07-09 20:40:00,1016.88
2026-07-09 20:50:00,1017
2026-07-09 21:00:00,1016.87
2026-07-09 21:10:00,1016.91
2026-07-09 21:20:00,1016.99
2026-07-09 21:30:00,1017.11
2026-07-09 21:40:00,1017.1999999999999
2026-07-09 22:00:00,1017.22
2026-07-09 22:10:00,1017.27
2026-07-09 22:20:00,1017.25
2026-07-09 22:30:00,1017.11
2026-07-09 22:40:00,1016.9399999999999
2026-07-09 22:50:00,1016.79
2026-07-09 23:00:00,1016.77
2026-07-09 23:10:00,1016.86
2026-07-09 23:20:00,1016.6999999999999
2026-07-09 23:30:00,1016.61
2026-07-09 23:40:00,1016.42
2026-07-09 23:50:00,1016.25
2026-07-10 00:00:00,1016.02
2026-07-10 00:10:00,1015.87
2026-07-10 00:20:00,1015.64
2026-07-10 00:30:00,1015.54
2026-07-10 00:40:00,1015.55
2026-07-10 00:50:00,1015.53
2026-07-10 01:00:00,1015.42
2026-07-10 01:10:00,1015.31
2026-07-10 01:20:00,1015.27
2026-07-10 01:30:00,1015.13
2026-07-10 01:40:00,1014.93
2026-07-10 01:50:00,1014.9599999999999
2026-07-10 02:00:00,1014.9599999999999
2026-07-10 02:10:00,1014.92
2026-07-10 02:20:00,1014.86
2026-07-10 02:30:00,1014.76
2026-07-10 02:40:00,1014.64
2026-07-10 02:50:00,1014.5799999999999
2026-07-10 03:00:00,1014.6
2026-07-10 03:10:00,1014.59
2026-07-10 03:20:00,1014.81
2026-07-10 03:30:00,1015.01
2026-07-10 03:40:00,1015.005
2026-07-10 03:50:00,1014.8199999999999
2026-07-10 04:00:00,1014.7385714285714
2026-07-10 04:10:00,1014.53
2026-07-10 04:20:00,1014.64
2026-07-10 04:30:00,1014.36
2026-07-10 04:40:00,1014.3199999999999
2026-07-10 04:50:00,1014.36
2026-07-10 05:00:00,1014.37
2026-07-10 05:10:00,1014.56
2026-07-10 05:20:00,1014.51
2026-07-10 05:30:00,1014.5799999999999
2026-07-10 05:40:00,1014.81
2026-07-10 05:50:00,1015.04
2026-07-10 06:00:00,1015.22
2026-07-10 06:10:00,1015.25
2026-07-10 06:20:00,1015.4
2026-07-10 06:30:00,1015.49
2026-07-10 06:40:00,1015.4599999999999
2026-07-10 06:50:00,1015.8299999999999
2026-07-10 07:00:00,1015.66
2026-07-10 07:10:00,1015.5
2026-07-10 07:20:00,1015.53
2026-07-10 07:30:00,1015.9499999999999
2026-07-10 07:40:00,1016.35
2026-07-10 07:50:00,1016.38
2026-07-10 08:00:00,1016.87
2026-07-10 08:10:00,1016.76
2026-07-10 08:20:00,1016.61
2026-07-10 08:30:00,1016.81
2026-07-10 08:40:00,1016.88
2026-07-10 08:50:00,1016.6999999999999
2026-07-10 09:00:00,1016.34
2026-07-10 09:10:00,1016.3
2026-07-10 09:20:00,1016.36
2026-07-10 09:30:00,1016.42
2026-07-10 09:40:00,1016.64
2026-07-10 09:50:00,1016.6899999999999
2026-07-10 10:00:00,1016.8199999999999
2026-07-10 10:10:00,1016.91
2026-07-10 10:20:00,1016.9399999999999
2026-07-10 10:30:00,1016.9499999999999
2026-07-10 10:40:00,1016.98
2026-07-10 10:50:00,1017.14
2026-07-10 11:00:00,1017
2026-07-10 11:10:00,1017.1
2026-07-10 11:20:00,1016.98
2026-07-10 11:30:00,1016.93
2026-07-10 11:40:00,1016.64
2026-07-10 11:50:00,1016.52
2026-07-10 12:00:00,1016.18
2026-07-10 12:10:00,1016.23
2026-07-10 12:20:00,1016.14
2026-07-10 12:30:00,1016.11
2026-07-10 12:40:00,1016.28
2026-07-10 12:50:00,1016.3149999999999
2026-07-10 13:00:00,1016.28
2026-07-10 13:10:00,1016.02
2026-07-10 13:20:00,1015.9499999999999
2026-07-10 13:30:00,1015.9599999999999
2026-07-10 13:40:00,1015.87
2026-07-10 13:50:00,1015.65
2026-07-10 14:00:00,1015.5
2026-07-10 14:10:00,1015.38
2026-07-10 14:20:00,1015.0799999999999
2026-07-10 14:30:00,1014.9
2026-07-10 14:40:00,1014.8
2026-07-10 14:50:00,1014.76
2026-07-10 15:00:00,1014.68
2026-07-10 15:10:00,1014.64
2026-07-10 15:20:00,1014.54
2026-07-10 15:30:00,1014.7099999999999
2026-07-10 15:40:00,1014.86
2026-07-10 15:50:00,1014.91
2026-07-10 16:00:00,1014.99
2026-07-10 16:10:00,1015.11
2026-07-10 16:20:00,1015.17
2026-07-10 16:30:00,1015.22
2026-07-10 16:40:00,1015.36
2026-07-10 16:50:00,1015.37
2026-07-10 17:00:00,1015.5
2026-07-10 17:10:00,1015.66
2026-07-10 17:20:00,1015.7099999999999
2026-07-10 17:30:00,1015.79
2026-07-10 17:40:00,1015.76
2026-07-10 17:50:00,1015.8
2026-07-10 18:00:00,1015.76
2026-07-10 18:10:00,1015.74
2026-07-10 18:20:00,1015.8199999999999
2026-07-10 18:30:00,1015.9399999999999
2026-07-10 18:40:00,1016.1
2026-07-10 18:50:00,1016.4599999999999
2026-07-10 19:00:00,1016.5799999999999
2026-07-10 19:10:00,1016.74
2026-07-10 19:20:00,1016.79
2026-07-10 19:30:00,1016.89
2026-07-10 19:40:00,1016.88
2026-07-10 19:50:00,1016.88
2026-07-10 20:00:00,1016.84
2026-07-10 20:10:00,1016.81
2026-07-10 20:20:00,1016.73
2026-07-10 20:30:00,1016.88
2026-07-10 20:40:00,1016.9599999999999
2026-07-10 20:50:00,1017.0799999999999
2026-07-10 21:00:00,1017.06
2026-07-10 21:10:00,1016.99
2026-07-10 21:20:00,1017.13
2026-07-10 21:30:00,1017.1899999999999
2026-07-10 21:40:00,1017.47
2026-07-10 21:50:00,1017.53
2026-07-10 22:00:00,1017.52
2026-07-10 22:10:00,1017.38
2026-07-10 22:20:00,1017.52
2026-07-10 22:30:00,1017.9399999999999
2026-07-10 22:40:00,1017.81
2026-07-10 22:50:00,1017.6
2026-07-10 23:00:00,1017.4599999999999
2026-07-10 23:10:00,1017.29
2026-07-10 23:20:00,1017.1999999999999
2026-07-10 23:30:00,1016.9599999999999
2026-07-10 23:40:00,1016.98
2026-07-10 23:50:00,1016.9599999999999
2026-07-11 00:00:00,1016.8
2026-07-11 00:10:00,1016.8
2026-07-11 00:20:00,1016.62
2026-07-11 00:30:00,1016.53
2026-07-11 00:40:00,1016.56
2026-07-11 00:50:00,1016.54
2026-07-11 01:00:00,1016.5
2026-07-11 01:10:00,1016.4499999999999
2026-07-11 01:20:00,1016.3299999999999
2026-07-11 01:30:00,1016.35
2026-07-11 01:40:00,1016.28
2026-07-11 01:50:00,1016.11
2026-07-11 02:00:00,1016.1999999999999
2026-07-11 02:10:00,1016.12
2026-07-11 02:20:00,1015.8199999999999
2026-07-11 02:30:00,1015.62
2026-07-11 02:40:00,1015.6
2026-07-11 02:50:00,1015.52
2026-07-11 03:00:00,1015.56
2026-07-11 03:10:00,1015.55
2026-07-11 03:20:00,1015.5799999999999
2026-07-11 03:30:00,1015.64
2026-07-11 03:40:00,1015.93
2026-07-11 03:50:00,1016.06
2026-07-11 04:00:00,1015.9
2026-07-11 04:10:00,1015.74
2026-07-11 04:20:00,1015.64
2026-07-11 04:30:00,1015.76
2026-07-11 04:40:00,1015.9599999999999
2026-07-11 04:50:00,1015.97
2026-07-11 05:00:00,1016.26
2026-07-11 05:10:00,1016.53
2026-07-11 05:20:00,1016.5699999999999
2026-07-11 05:30:00,1016.5799999999999
2026-07-11 05:40:00,1016.62
2026-08-04 12:40:00,1016.1660465116278
2026-08-04 12:50:00,1016.1133333333333
2026-08-04 13:20:00,1015.7207692307691
2026-08-04 13:30:00,1015.64
2026-08-04 13:40:00,1015.78
2026-08-04 13:50:00,1015.7942857142856
2026-08-04 14:00:00,1015.865
2026-08-04 14:10:00,1016.03
2026-08-04 14:20:00,1016.0799999999999
2026-08-04 14:30:00,1016.04
2026-08-04 14:40:00,1015.98
2026-08-04 14:50:00,1015.88
2026-08-04 15:00:00,1015.795
2026-08-04 15:10:00,1015.645
2026-08-04 15:20:00,1015.39
2026-08-04 15:30:00,1015.11
2026-08-04 15:40:00,1015.13
2026-08-04 15:50:00,1015.18
2026-08-04 16:00:00,1015.02
2026-08-04 16:10:00,1015.15
2026-08-04 16:20:00,1015.3
2026-08-04 16:30:00,1015.425
2026-08-04 16:40:00,1015.46
2026-08-04 16:50:00,1015.15
2026-08-04 17:00:00,1015.1199999999999
2026-08-04 17:10:00,1015.19
2026-08-04 17:20:00,1015.18
2026-08-04 17:30:00,1015.385
2026-08-04 17:40:00,1015.605
2026-08-04 17:50:00,1015.72
2026-08-04 18:00:00,1015.74
2026-08-04 18:10:00,1015.81
2026-08-04 18:20:00,1015.86
2026-08-04 18:30:00,1015.9549999999999
2026-08-04 18:40:00,1015.9
2026-08-04 18:50:00,1016.06
2026-08-04 19:00:00,1016.1700000000001
2026-08-04 19:10:00,1016.3299999999999
2026-08-04 19:20:00,1016.47
2026-08-04 19:30:00,1016.515
2026-08-04 19:40:00,1016.745
2026-08-04 19:50:00,1016.68
2026-08-04 20:00:00,1016.73
2026-08-04 20:10:00,1016.755
2026-08-04 20:20:00,1016.89
2026-08-04 20:30:00,1017.005
2026-08-04 20:40:00,1016.8199999999999
2026-08-04 20:50:00,1016.68
2026-08-04 21:00:00,1016.885
2026-08-04 21:10:00,1017.1066666666667
2026-08-04 21:20:00,1017.5457142857142
2026-08-04 21:30:00,1017.8279999999999
2026-08-04 21:40:00,1017.845
2026-08-04 21:50:00,1017.8133333333334
2026-08-04 22:00:00,1017.705
2026-08-04 22:10:00,1017.6999999999999
2026-08-04 22:20:00,1017.905
2026-08-04 22:30:00,1017.9733333333334
2026-08-04 22:40:00,1017.7125000000001
2026-08-04 22:50:00,1017.635
2026-08-04 23:00:00,1017.555
2026-08-04 23:10:00,1017.43
2026-08-04 23:20:00,1017.5106666666669
2026-08-04 23:30:00,1017.4466666666667
2026-08-04 23:40:00,1017.8331249999999
2026-08-04 23:50:00,1018.1050000000001
2026-08-05 00:00:00,1017.9929268292684
2026-08-05 00:10:00,1017.4935714285713
2026-08-05 00:20:00,1016.675
2026-08-05 00:30:00,1016.2099999999999
2026-08-05 00:40:00,1015.95
2026-08-05 00:50:00,1015.74
2026-08-05 01:00:00,1015.8
2026-08-05 01:10:00,1015.9549999999999
2026-08-05 01:20:00,1016.0899999999999
2026-08-05 01:30:00,1015.86
2026-08-05 01:40:00,1015.8199999999999
2026-08-05 01:50:00,1015.7049999999999
2026-08-05 02:00:00,1015.61
2026-08-05 02:10:00,1015.5999999999999
2026-08-05 02:20:00,1015.615
2026-08-05 02:30:00,1015.54
2026-08-05 02:40:00,1015.285
2026-08-05 02:50:00,1015.0799999999999
2026-08-05 03:00:00,1014.98
2026-08-05 03:10:00,1015
2026-08-05 03:20:00,1015.3149999999999
2026-08-05 03:30:00,1015.36
2026-08-05 03:40:00,1015.54
2026-08-05 03:50:00,1015.7449999999999
2026-08-05 04:00:00,1015.74
2026-08-05 04:10:00,1016.045
2026-08-05 04:20:00,1016.295
2026-08-05 04:30:00,1016.3299999999999
2026-08-05 04:40:00,1016.21
2026-08-05 04:50:00,1016.27
2026-08-05 05:00:00,1016.17
2026-08-05 05:10:00,1016.0450000000001
2026-08-05 05:20:00,1015.9749999999999
2026-08-05 05:30:00,1015.97
2026-08-05 05:40:00,1015.785
2026-08-05 05:50:00,1015.63
2026-08-05 06:00:00,1015.62
2026-08-05 06:10:00,1015.63
2026-08-05 06:20:00,1015.74
2026-08-05 06:30:00,1015.8199999999999
2026-08-05 06:40:00,1016.03
2026-08-05 06:50:00,1016.2950000000001
2026-08-05 07:00:00,1016.35
2026-08-05 07:10:00,1016.64
2026-08-05 07:20:00,1017.005
2026-08-05 07:30:00,1017.1999999999999
2026-08-05 07:40:00,1017.3499999999999
2026-08-05 07:50:00,1017.56
2026-08-05 08:00:00,1017.66
2026-08-05 08:10:00,1017.6299999999999
2026-08-05 08:20:00,1017.74
2026-08-05 08:30:00,1017.75
2026-08-05 08:40:00,1017.595
2026-08-05 08:50:00,1017.62
2026-08-05 09:00:00,1017.52
2026-08-05 09:10:00,1017.56
2026-08-05 09:20:00,1017.55
2026-08-05 09:50:00,1016.5
2026-08-05 10:00:00,1016.62
2026-08-05 10:10:00,1016.5799999999999
2026-08-05 10:40:00,1016.15
2026-08-05 10:50:00,1016.29
2026-08-05 11:00:00,1016.295
2026-08-05 11:10:00,1016.735
2026-08-05 11:20:00,1016.8
2026-08-05 11:30:00,1016.775
2026-08-05 11:40:00,1016.5799999999999
2026-08-05 14:40:00,1015.76
2026-08-05 14:50:00,1015.87
2026-08-05 15:00:00,1015.8899999999999
2026-08-05 15:10:00,1015.79
2026-08-05 15:20:00,1015.46
2026-08-05 15:30:00,1015.2950000000001
2026-08-05 15:40:00,1015.43
2026-08-05 15:50:00,1015.335
2026-08-05 16:00:00,1015.135
2026-08-05 16:10:00,1014.9499999999999
2026-08-05 16:20:00,1014.73
2026-08-05 16:30:00,1014.935
2026-08-05 16:40:00,1015.17
2026-08-05 16:50:00,1015.47
2026-08-05 17:00:00,1015.71
2026-08-05 17:10:00,1015.84
2026-08-05 17:20:00,1016.035
2026-08-05 17:30:00,1016.565
2026-08-05 17:40:00,1016.8199999999999
2026-08-05 17:50:00,1016.835
2026-08-05 18:00:00,1016.79
2026-08-05 18:10:00,1016.55
2026-08-05 18:20:00,1016.435
2026-08-05 18:30:00,1016.555
2026-08-05 18:40:00,1016.66
2026-08-05 18:50:00,1016.8699999999999
2026-08-05 19:00:00,1017.155
2026-08-05 19:10:00,1017.36
2026-08-05 19:20:00,1017.535
2026-08-05 19:30:00,1017.5999999999999
2026-08-05 19:40:00,1017.62
2026-08-05 19:50:00,1017.7099999999999
2026-08-05 20:00:00,1017.815
2026-08-05 20:10:00,1017.85
2026-08-05 20:20:00,1017.865
2026-08-05 20:30:00,1017.92
2026-08-05 20:40:00,1017.99
2026-08-05 20:50:00,1018.04
2026-08-05 21:00:00,1018.0699999999999
2026-08-05 21:10:00,1018.06
2026-08-05 21:20:00,1018.105
2026-08-05 21:30:00,1018.17
2026-08-05 21:40:00,1018.09
2026-08-05 21:50:00,1017.9749999999999
2026-08-05 22:00:00,1017.7249999999999
2026-08-05 22:10:00,1017.81
2026-08-05 22:20:00,1017.97
2026-08-05 22:30:00,1018.075
2026-08-05 22:40:00,1017.9749999999999
2026-08-05 22:50:00,1017.7049999999999
2026-08-05 23:00:00,1017.62
2026-08-05 23:10:00,1017.5699999999999
2026-08-05 23:20:00,1017.4
2026-08-05 23:30:00,1017.54
2026-08-05 23:40:00,1017.86
2026-08-05 23:50:00,1018.275
2026-08-06 00:00:00,1018.49
2026-08-06 00:10:00,1018.3266666666667
2026-08-06 00:20:00,1018.1
2026-08-06 00:30:00,1018.2800000000001
2026-08-06 00:40:00,1018.125
2026-08-06 00:50:00,1018.1999999999999
2026-08-06 01:00:00,1018.2025000000001
2026-08-06 01:10:00,1018.395
2026-08-06 01:20:00,1018.585
2026-08-06 01:30:00,1018.6779999999999
2026-08-06 01:40:00,1018.695
2026-08-06 01:50:00,1019.2186363636363
2026-08-06 02:00:00,1018.9396774193548
2026-08-06 02:10:00,1018.7849999999999
2026-08-06 02:20:00,1018.515
2026-08-06 02:30:00,1018.4499999999999
2026-08-06 02:40:00,1018.3333333333334
2026-08-06 02:50:00,1018.27
2026-08-06 03:00:00,1018.15
2026-08-06 03:10:00,1018.1233333333333
2026-08-06 03:20:00,1018.1033333333334
2026-08-06 03:30:00,1017.905
2026-08-06 03:40:00,1017.755
2026-08-06 03:50:00,1017.775
2026-08-06 04:00:00,1017.99
2026-08-06 04:10:00,1018.16
2026-08-06 04:20:00,1018.365
2026-08-06 04:30:00,1018.5233333333332
2026-08-06 04:40:00,1018.5799999999999
2026-08-06 04:50:00,1018.575
2026-08-06 05:00:00,1018.525
2026-08-06 05:10:00,1018.4
2026-08-06 05:20:00,1018.395
2026-08-06 05:30:00,1018.375
2026-08-06 05:40:00,1018.335
2026-08-06 05:50:00,1018.37
2026-08-06 06:00:00,1018.505
2026-08-06 06:10:00,1018.4449999999999
2026-08-06 06:20:00,1018.31
2026-08-06 06:30:00,1018.165
2026-08-06 06:40:00,1018.02
2026-08-06 06:50:00,1018.02
2026-08-06 07:00:00,1018.0799999999999
2026-08-06 07:10:00,1018.025
2026-08-06 07:20:00,1017.99
2026-08-06 07:30:00,1018.11
2026-08-06 07:40:00,1018.24
2026-08-06 07:50:00,1018.25
2026-08-06 08:00:00,1018.375
2026-08-06 08:10:00,1018.42
2026-08-06 08:20:00,1018.4399999999999
2026-08-06 08:30:00,1018.48
2026-08-06 08:40:00,1018.4849999999999
2026-08-06 08:50:00,1018.49
2026-08-06 09:00:00,1018.66
2026-08-06 09:10:00,1018.65
2026-08-06 09:20:00,1018.62
2026-08-06 09:30:00,1018.605
2026-08-06 09:40:00,1018.6999999999999
2026-08-06 10:30:00,1019.43
2026-08-06 10:40:00,1019.49
2026-08-06 10:50:00,1019.55
2026-08-06 11:00:00,1019.53
2026-08-06 11:10:00,1019.615
2026-08-06 11:20:00,1019.56
2026-08-06 11:30:00,1019.745
2026-08-06 11:40:00,1019.5699999999999
2026-08-06 11:50:00,1019.42
2026-08-06 12:20:00,1019.4
2026-08-06 12:30:00,1019.355
2026-08-06 12:40:00,1019.31
2026-08-06 12:50:00,1019.175
2026-08-06 13:00:00,1019.05
2026-08-06 13:10:00,1018.98
2026-08-06 13:20:00,1018.89
2026-08-06 13:30:00,1018.7349999999999
2026-08-06 13:40:00,1018.63
2026-08-06 13:50:00,1018.51
2026-08-06 14:00:00,1018.345
2026-08-06 14:10:00,1018.23
2026-08-06 14:20:00,1018.145
2026-08-06 14:30:00,1018.185
2026-08-06 14:40:00,1018.24
2026-08-06 14:50:00,1018.1999999999999
2026-08-06 15:00:00,1018.075
2026-08-06 15:10:00,1018.0699999999999
2026-08-06 15:20:00,1018.22
2026-08-06 15:30:00,1018.2349999999999
2026-08-06 15:40:00,1018.18
2026-08-06 15:50:00,1018.225
2026-08-06 16:00:00,1018.12
2026-08-06 16:10:00,1018.04
2026-08-06 16:20:00,1018.025
2026-08-06 16:30:00,1017.9549999999999
2026-08-06 16:40:00,1017.9499999999999
2026-08-06 16:50:00,1017.935
2026-08-06 17:00:00,1018
2026-08-06 17:10:00,1018.1
2026-08-06 17:20:00,1018.2
2026-08-06 17:30:00,1018.365
2026-08-06 17:40:00,1018.51
2026-08-06 17:50:00,1018.645
2026-08-06 18:00:00,1018.6299999999999
2026-08-06 18:10:00,1018.6999999999999
2026-08-06 18:20:00,1018.755
2026-08-06 18:30:00,1018.775
2026-08-06 18:40:00,1018.9
2026-08-06 18:50:00,1018.96
2026-08-06 19:00:00,1018.81
2026-08-06 19:10:00,1018.99
2026-08-06 19:20:00,1019.1800000000001
2026-08-06 19:30:00,1019.3199999999999
2026-08-06 19:40:00,1019.3199999999999
2026-08-06 19:50:00,1019.285
2026-08-06 20:00:00,1019.3
2026-08-06 20:10:00,1019.42
2026-08-06 20:20:00,1019.5450000000001
2026-08-06 20:30:00,1019.62
2026-08-06 20:40:00,1019.6
2026-08-06 20:50:00,1019.635
2026-08-06 21:00:00,1019.5450000000001
2026-08-06 21:10:00,1019.51
2026-08-06 21:20:00,1019.775
2026-08-06 21:30:00,1019.9
2026-08-06 21:40:00,1019.8299999999999
2026-08-06 21:50:00,1019.805
2026-08-06 22:00:00,1019.76
2026-08-06 22:10:00,1019.73
2026-08-06 22:20:00,1019.6899999999999
2026-08-06 22:30:00,1019.735
2026-08-06 22:40:00,1019.7099999999999
2026-08-06 22:50:00,1019.61
2026-08-06 23:00:00,1019.45
2026-08-06 23:10:00,1019.36
2026-08-06 23:20:00,1019.14
2026-08-06 23:30:00,1018.855
2026-08-06 23:40:00,1018.63
2026-08-06 23:50:00,1018.585
2026-08-07 00:00:00,1018.605
2026-08-07 00:10:00,1018.65
2026-08-07 00:20:00,1018.5149999999999
2026-08-07 00:30:00,1018.3699999999999
2026-08-07 00:40:00,1018.29
2026-08-07 00:50:00,1018.22
2026-08-07 01:00:00,1018.0699999999999
2026-08-07 01:10:00,1018.06
2026-08-07 01:20:00,1018.135
2026-08-07 01:30:00,1018.085
2026-08-07 01:40:00,1017.9399999999999
2026-08-07 01:50:00,1017.9449999999999
2026-08-07 02:00:00,1018.065
2026-08-07 02:10:00,1018.2099999999999
2026-08-07 02:20:00,1018.275
2026-08-07 02:30:00,1018.29
2026-08-07 02:40:00,1018.34
2026-08-07 02:50:00,1018.42
2026-08-07 03:00:00,1018.435
2026-08-07 03:10:00,1018.36
2026-08-07 03:20:00,1018.28
2026-08-07 03:30:00,1018.415
2026-08-07 03:40:00,1018.4499999999999
2026-08-07 03:50:00,1018.505
2026-08-07 04:00:00,1018.355
2026-08-07 04:10:00,1018.3299999999999
2026-08-07 04:20:00,1018.27
2026-08-07 04:30:00,1018.14
2026-08-07 04:40:00,1018.1999999999999
2026-08-07 04:50:00,1018.285
2026-08-07 05:00:00,1018.2149999999999
2026-08-07 05:10:00,1018.16
2026-08-07 05:20:00,1018.1949999999999
2026-08-07 05:30:00,1018.26
2026-08-07 05:40:00,1018.26
2026-08-07 05:50:00,1018.385
2026-08-07 06:00:00,1018.685
2026-08-07 06:10:00,1018.7099999999999
2026-08-07 06:20:00,1018.935
2026-08-07 06:30:00,1019.385
2026-08-07 06:40:00,1019.62
2026-08-07 06:50:00,1019.7049999999999
2026-08-07 07:00:00,1020.0120000000001
2026-08-07 07:10:00,1020.0799999999999
2026-08-07 07:20:00,1020.0966666666667
2026-08-07 07:30:00,1020.16
2026-08-07 07:40:00,1020.065
2026-08-07 07:50:00,1019.975
2026-08-07 08:00:00,1020.2533333333334
2026-08-07 08:10:00,1020.355
2026-08-07 08:20:00,1020.585
2026-08-07 08:30:00,1020.615
2026-08-07 08:40:00,1020.5766666666667
2026-08-07 08:50:00,1020.61
2026-08-07 09:00:00,1020.62
2026-08-07 09:10:00,1020.7049999999999
2026-08-07 09:20:00,1020.76
2026-08-07 09:30:00,1020.665
2026-08-07 09:40:00,1020.5899999999999
2026-08-07 09:50:00,1020.49
2026-08-07 10:00:00,1020.4
2026-08-07 10:10:00,1020.37
2026-08-07 10:20:00,1020.31
2026-08-07 10:30:00,1020.0899999999999
2026-08-07 10:40:00,1019.925
2026-08-07 10:50:00,1019.92
2026-08-07 11:00:00,1019.8699999999999
2026-08-07 11:10:00,1019.565
2026-08-07 11:20:00,1019.35
2026-08-07 11:30:00,1019.17
2026-08-07 11:40:00,1019.01
2026-08-07 11:50:00,1018.89
2026-08-07 12:00:00,1018.72
2026-08-07 12:10:00,1018.4200000000001
2026-08-07 12:20:00,1018.23
2026-08-07 12:30:00,1018.025
2026-08-07 12:40:00,1017.75
2026-08-07 12:50:00,1017.63
2026-08-07 13:00:00,1017.49
2026-08-07 13:10:00,1017.3499999999999
2026-08-07 13:20:00,1017.3199999999999
2026-08-07 13:30:00,1017.265
2026-08-07 13:40:00,1017.23
2026-08-07 13:50:00,1017.23
2026-08-07 14:00:00,1017.245
2026-08-07 14:10:00,1017.345
2026-08-07 14:20:00,1017.39
2026-08-07 14:30:00,1017.425
2026-08-07 14:40:00,1017.275
2026-08-07 14:50:00,1017.0799999999999
2026-08-07 15:00:00,1016.9100000000001
2026-08-07 15:10:00,1016.745
2026-08-07 15:20:00,1016.6
2026-08-07 15:30:00,1016.535
2026-08-07 15:40:00,1016.4549999999999
2026-08-07 15:50:00,1016.42
2026-08-07 16:00:00,1016.405
2026-08-07 16:10:00,1016.275
2026-08-07 16:20:00,1016.31
2026-08-07 16:30:00,1016.3399999999999
2026-08-07 16:40:00,1016.51
2026-08-07 16:50:00,1016.5699999999999
2026-08-07 17:00:00,1016.615
2026-08-07 17:10:00,1016.8399999999999
2026-08-07 17:20:00,1016.9499999999999
2026-08-07 17:30:00,1016.995
2026-08-07 17:40:00,1017.13
2026-08-07 17:50:00,1017.03
2026-08-07 18:00:00,1016.99
2026-08-07 18:10:00,1017.0799999999999
2026-08-07 18:20:00,1017.11
2026-08-07 18:30:00,1017.0799999999999
2026-08-07 18:40:00,1017.16
2026-08-07 18:50:00,1017.28
2026-08-07 19:00:00,1017.405
2026-08-07 19:10:00,1017.525
2026-08-07 19:20:00,1017.75
2026-08-07 19:30:00,1017.895
2026-08-07 19:40:00,1018.16
2026-08-07 19:50:00,1018.34
2026-08-07 20:00:00,1018.52
2026-08-07 20:10:00,1018.655
2026-08-07 20:20:00,1018.67
2026-08-07 20:30:00,1018.645
2026-08-07 20:40:00,1018.7349999999999
2026-08-07 20:50:00,1018.6899999999999
2026-08-07 21:00:00,1018.555
2026-08-07 21:10:00,1018.545
2026-08-07 21:20:00,1018.66
2026-08-07 21:30:00,1018.6999999999999
2026-08-07 21:40:00,1019.05
2026-08-07 21:50:00,1019.09
2026-08-07 22:00:00,1019.12
2026-08-07 22:10:00,1019.2249999999999
2026-08-07 22:20:00,1019.12
2026-08-07 22:30:00,1019.0450000000001
2026-08-07 22:40:00,1019.02
2026-08-07 22:50:00,1018.99
2026-08-07 23:00:00,1018.775
2026-08-07 23:10:00,1018.7099999999999
2026-08-09 16:50:00,1017.01
2026-08-09 17:00:00,1017.035
2026-08-09 17:10:00,1017.13
2026-08-09 17:20:00,1017.1999999999999
2026-08-09 17:30:00,1017.155
2026-08-09 17:40:00,1017.0899999999999
2026-08-09 17:50:00,1017.0799999999999
2026-08-09 18:00:00,1017.245
2026-08-09 18:10:00,1017.55
2026-08-09 18:20:00,1017.62
2026-08-09 18:30:00,1017.655
2026-08-09 18:40:00,1017.95
2026-08-09 18:50:00,1018.03
2026-08-09 19:00:00,1018.115
2026-08-09 19:10:00,1018.155
2026-08-09 19:20:00,1018.7175
2026-08-09 19:30:00,1018.8535714285714
2026-08-09 19:40:00,1019.015
2026-08-09 19:50:00,1019.09
2026-08-09 20:00:00,1018.9549999999999
2026-08-09 20:10:00,1018.85
2026-08-09 20:20:00,1018.8299999999999
2026-08-09 20:30:00,1018.7149999999999
2026-08-09 20:40:00,1018.835
2026-08-09 20:50:00,1019.1
2026-08-09 21:00:00,1019.2249999999999
2026-08-09 21:10:00,1019.3599999999999
2026-08-09 21:20:00,1019.6
2026-08-09 21:30:00,1019.62
2026-08-09 21:40:00,1019.27
2026-08-09 21:50:00,1018.99
2026-08-09 22:00:00,1019.25
2026-08-09 22:10:00,1019.25
2026-08-09 22:20:00,1019.22
2026-08-09 22:30:00,1018.94
2026-08-09 22:40:00,1018.86
2026-08-09 22:50:00,1019.025
2026-08-09 23:00:00,1018.9849999999999
2026-08-09 23:10:00,1018.7349999999999
2026-08-09 23:20:00,1018.61
2026-08-09 23:30:00,1018.5749999999999
2026-08-09 23:40:00,1018.495
2026-08-09 23:50:00,1018.3299999999999
2026-08-10 00:00:00,1018.125
2026-08-10 00:10:00,1017.8699999999999
2026-08-10 00:20:00,1017.78
2026-08-10 00:30:00,1017.845
2026-08-10 00:40:00,1017.685
2026-08-10 00:50:00,1017.56
2026-08-10 01:00:00,1017.3399999999999
2026-08-10 01:10:00,1016.86
2026-08-10 01:20:00,1016.61
2026-08-10 01:30:00,1016.66
2026-08-10 01:40:00,1016.605
2026-08-10 01:50:00,1016.4499999999999
2026-08-10 02:00:00,1016.5
2026-08-10 02:10:00,1016.68
2026-08-10 02:20:00,1016.74
2026-08-10 02:30:00,1016.76
2026-08-10 02:40:00,1016.96
2026-08-10 02:50:00,1016.87
2026-08-10 03:00:00,1016.885
2026-08-10 03:10:00,1016.73
2026-08-10 03:20:00,1016.79
2026-08-10 03:30:00,1016.845
2026-08-10 03:40:00,1016.845
2026-08-10 03:50:00,1016.92
2026-08-10 04:00:00,1016.9499999999999
2026-08-10 04:10:00,1016.87
2026-08-10 04:20:00,1016.85
2026-08-10 04:30:00,1016.865
2026-08-10 04:40:00,1016.99
2026-08-10 04:50:00,1017.02
2026-08-10 05:00:00,1017.145
2026-08-10 05:10:00,1017.425
2026-08-10 05:20:00,1017.4399999999999
2026-08-10 05:30:00,1017.425
2026-08-10 05:40:00,1017.4649999999999
2026-08-10 05:50:00,1017.5699999999999
2026-08-10 06:00:00,1017.895
2026-08-10 06:10:00,1018.0799999999999
2026-08-10 06:20:00,1018.2099999999999
2026-08-10 06:30:00,1018.335
2026-08-10 06:40:00,1018.425
2026-08-10 06:50:00,1018.65
2026-08-10 07:00:00,1018.855
2026-08-10 07:10:00,1018.9449999999999
2026-08-10 07:20:00,1018.89
2026-08-10 07:30:00,1019.075
2026-08-10 07:40:00,1019.3199999999999
2026-08-10 07:50:00,1019.505
2026-08-10 08:00:00,1019.875
2026-08-10 08:10:00,1019.73
2026-08-10 08:20:00,1019.8699999999999
2026-08-10 08:30:00,1020.51
2026-08-10 08:40:00,1020.8874999999999
2026-08-10 08:50:00,1021.0699999999999
2026-08-10 09:00:00,1020.852857142857
2026-08-10 09:10:00,1020.6424999999999
2026-08-10 09:20:00,1020.545
2026-08-10 09:30:00,1020.415
2026-08-10 09:40:00,1020.4599999999999
2026-08-10 09:50:00,1020.5
2026-08-10 10:00:00,1020.395
2026-08-10 10:10:00,1020.3
2026-08-10 10:20:00,1020.16
2026-08-10 10:30:00,1020.275
2026-08-10 10:40:00,1020.3899999999999
2026-08-10 10:50:00,1020.64
2026-08-10 11:00:00,1020.615
2026-08-10 11:10:00,1020.39
2026-08-10 11:20:00,1020.1
2026-08-10 11:30:00,1019.7549999999999
2026-08-10 11:40:00,1019.76
2026-08-10 11:50:00,1019.6899999999999
2026-08-10 12:00:00,1019.7249999999999
2026-08-10 12:10:00,1019.575
2026-08-10 12:20:00,1019.65
2026-08-10 12:30:00,1019.4849999999999
2026-08-10 12:40:00,1019.29
2026-08-10 12:50:00,1019.12
2026-08-10 13:00:00,1018.93
2026-08-10 13:10:00,1018.6800000000001
2026-08-10 13:20:00,1018.56
2026-08-10 13:30:00,1018.375
2026-08-10 13:40:00,1018.165
2026-08-10 13:50:00,1017.97
2026-08-10 14:00:00,1017.86
2026-08-10 14:10:00,1017.8
2026-08-10 14:20:00,1017.75
2026-08-10 14:30:00,1017.5999999999999
2026-08-10 14:40:00,1017.355
2026-08-10 14:50:00,1017.1899999999999
2026-08-10 15:00:00,1017.11
2026-08-10 15:10:00,1017.1949999999999
2026-08-10 15:20:00,1017.22
2026-08-10 15:30:00,1017.28
2026-08-10 15:40:00,1017.275
2026-08-10 15:50:00,1017.18
2026-08-10 16:00:00,1017.135
2026-08-10 16:10:00,1017.13
2026-08-10 16:20:00,1017.13
2026-08-10 16:30:00,1017.24
2026-08-10 16:40:00,1017.325
2026-08-10 16:50:00,1017.39
2026-08-10 17:00:00,1017.525
2026-08-10 17:10:00,1017.685
2026-08-10 17:20:00,1017.74
2026-08-10 17:30:00,1017.8299999999999
2026-08-10 17:40:00,1017.9399999999999
2026-08-10 17:50:00,1017.99
2026-08-10 18:00:00,1018.15
2026-08-10 18:10:00,1018.305
2026-08-10 18:20:00,1018.4
2026-08-10 18:30:00,1018.4549999999999
2026-08-10 18:40:00,1018.46
2026-08-10 18:50:00,1018.56
2026-08-10 19:00:00,1018.6700000000001
2026-08-10 19:10:00,1018.865
2026-08-10 19:20:00,1018.91
2026-08-10 19:30:00,1019
2026-08-10 19:40:00,1018.9849999999999
2026-08-10 19:50:00,1018.97
2026-08-10 20:00:00,1019.0450000000001
2026-08-10 20:10:00,1019.2
2026-08-10 20:20:00,1019.34
2026-08-10 20:30:00,1019.4949999999999
2026-08-10 20:40:00,1019.54
2026-08-10 20:50:00,1019.53
2026-08-10 21:00:00,1019.605
2026-08-10 21:10:00,1019.7
2026-08-10 21:20:00,1019.8199999999999
2026-08-10 21:30:00,1019.8399999999999
2026-08-10 21:40:00,1019.765
2026-08-10 21:50:00,1019.6899999999999
2026-08-10 22:00:00,1019.6899999999999
2026-08-10 22:10:00,1019.65
2026-08-10 22:20:00,1019.47
2026-08-10 22:30:00,1019.3699999999999
2026-08-10 22:40:00,1019.27
2026-08-10 22:50:00,1019.1999999999999
2026-08-10 23:00:00,1019.105
2026-08-10 23:10:00,1018.9849999999999
2026-08-10 23:20:00,1018.87
2026-08-10 23:30:00,1018.67
2026-08-10 23:40:00,1018.53
2026-08-10 23:50:00,1018.3299999999999
2026-08-11 00:00:00,1018.4
2026-08-11 00:10:00,1018.25
2026-08-11 00:20:00,1018.04
2026-08-11 00:30:00,1017.935
2026-08-11 00:40:00,1017.835
2026-08-11 00:50:00,1017.72
2026-08-11 01:00:00,1017.685
2026-08-11 01:10:00,1017.595
2026-08-11 01:20:00,1017.7099999999999
2026-08-11 01:30:00,1017.925
2026-08-11 01:40:00,1017.75
2026-08-11 01:50:00,1017.6
2026-08-11 02:00:00,1017.7049999999999
2026-08-11 02:10:00,1017.77
2026-08-11 02:20:00,1017.525
2026-08-11 02:30:00,1017.5
2026-08-11 02:40:00,1017.495
2026-08-11 02:50:00,1017.535
2026-08-11 03:00:00,1017.47
2026-08-11 03:10:00,1017.425
2026-08-11 03:20:00,1017.355
2026-08-11 03:30:00,1017.415
2026-08-11 03:40:00,1017.4499999999999
2026-08-11 04:20:00,1017.51
2026-08-11 04:30:00,1017.5
2026-08-11 04:40:00,1017.635
2026-08-11 04:50:00,1017.4949999999999
2026-08-11 05:00:00,1017.53
2026-08-11 05:10:00,1017.4
2026-08-11 05:20:00,1017.375
2026-08-11 05:30:00,1017.37
2026-08-11 05:40:00,1017.415
2026-08-11 05:50:00,1017.51
2026-08-11 06:00:00,1017.64
2026-08-11 06:10:00,1017.62
2026-08-11 06:20:00,1017.795
2026-08-11 06:30:00,1017.9499999999999
2026-08-11 06:40:00,1018.0550000000001
2026-08-11 06:50:00,1018.0749999999999
2026-08-11 07:00:00,1018.03
2026-08-11 07:10:00,1018.065
2026-08-11 07:20:00,1018.0799999999999
2026-08-11 07:30:00,1018.1
2026-08-11 07:40:00,1018.17
2026-08-11 07:50:00,1018.135
2026-08-11 08:00:00,1018.17
2026-08-11 08:10:00,1018.265
2026-08-11 08:20:00,1018.3399999999999
2026-08-11 08:30:00,1018.3299999999999
2026-08-11 14:00:00,1016
2026-08-11 14:10:00,1016.03
2026-08-11 14:20:00,1015.91
2026-08-11 15:10:00,1015.5699999999999
2026-08-11 15:20:00,1015.48
2026-08-11 15:30:00,1015.4549999999999
2026-08-11 15:40:00,1015.425
2026-08-11 15:50:00,1015.56
2026-08-11 16:00:00,1015.605
2026-08-11 16:10:00,1015.675
2026-08-11 16:20:00,1015.7099999999999
2026-08-11 16:30:00,1015.9
2026-08-11 16:40:00,1016.085
2026-08-11 16:50:00,1016
2026-08-11 17:00:00,1016.0799999999999
2026-08-11 17:10:00,1016.22
2026-08-11 17:20:00,1016.3
2026-08-11 17:30:00,1016.41
2026-08-11 17:40:00,1016.6
2026-08-11 17:50:00,1016.66
2026-08-11 18:00:00,1016.71
2026-08-11 18:10:00,1016.77
2026-08-11 18:20:00,1016.8199999999999
2026-08-11 18:30:00,1016.9399999999999
2026-08-11 18:40:00,1017.02
2026-08-11 18:50:00,1017.2
2026-08-11 19:00:00,1017.4200000000001
2026-08-11 19:10:00,1017.48
2026-08-11 19:20:00,1017.665
2026-08-11 19:30:00,1017.8199999999999
2026-08-11 19:40:00,1017.88
2026-08-11 19:50:00,1017.9399999999999
2026-08-11 20:00:00,1018.035
2026-08-11 20:10:00,1018.02
2026-08-11 20:20:00,1018.035
2026-08-11 20:30:00,1018
2026-08-11 20:40:00,1017.99
2026-08-11 20:50:00,1018.1199999999999
2026-08-11 21:00:00,1018.2149999999999
2026-08-11 21:10:00,1018.34
2026-08-11 21:20:00,1018.49
2026-08-11 21:30:00,1018.475
2026-08-11 21:40:00,1018.56
2026-08-11 21:50:00,1018.585
2026-08-11 22:00:00,1018.48
2026-08-11 22:10:00,1018.4599999999999
2026-08-11 22:20:00,1018.48
2026-08-11 22:30:00,1018.405
2026-08-11 22:40:00,1018.28
2026-08-11 22:50:00,1018.22
2026-08-11 23:00:00,1018.17
2026-08-11 23:10:00,1017.9399999999999
2026-08-11 23:20:00,1017.775
2026-08-11 23:30:00,1017.6899999999999
2026-08-11 23:40:00,1017.6899999999999
2026-08-11 23:50:00,1017.635
2026-08-12 00:00:00,1017.555
2026-08-12 00:10:00,1017.49
2026-08-12 00:20:00,1017.4866666666667
2026-08-12 00:30:00,1017.3299999999999
2026-08-12 00:40:00,1017.155
2026-08-12 00:50:00,1017.0699999999999
2026-08-12 01:00:00,1017.1116666666667
2026-08-12 01:10:00,1017.0799999999999
2026-08-12 01:20:00,1016.9
2026-08-12 01:30:00,1016.85
2026-08-12 01:40:00,1016.82
2026-08-12 01:50:00,1016.855
2026-08-12 02:00:00,1016.655
2026-08-12 02:10:00,1016.5425
2026-08-12 02:20:00,1016.375
2026-08-12 02:30:00,1016.3399999999999
2026-08-12 02:40:00,1016.2950000000001
2026-08-12 02:50:00,1016.28
2026-08-12 03:00:00,1016.39
2026-08-12 03:10:00,1016.2639999999999
2026-08-12 03:20:00,1016.2672727272728
2026-08-12 03:30:00,1016.15
2026-08-12 03:40:00,1016.3
2026-08-12 03:50:00,1016.23
2026-08-12 04:00:00,1016.46
2026-08-12 04:10:00,1016.49
2026-08-12 04:20:00,1016.355
2026-08-12 04:30:00,1016.3466666666667
2026-08-12 04:40:00,1016.4649999999999
2026-08-12 04:50:00,1016.55
2026-08-12 05:00:00,1016.84
2026-08-12 05:10:00,1016.9566666666666
2026-08-12 05:20:00,1016.95
2026-08-12 05:30:00,1017.0266666666666
2026-08-12 05:40:00,1017.0799999999999
2026-08-12 05:50:00,1017.185
2026-08-12 06:00:00,1017.2566666666667
2026-08-12 06:10:00,1017.38
2026-08-12 06:20:00,1017.425
2026-08-12 06:30:00,1017.5375
2026-08-12 06:40:00,1017.515
2026-08-12 06:50:00,1017.5699999999999
2026-08-12 07:00:00,1017.55
2026-08-12 07:10:00,1017.841818181818
2026-08-12 07:20:00,1017.6099999999999
2026-08-12 07:30:00,1017.81
2026-08-12 07:40:00,1017.9599999999999
2026-08-12 07:50:00,1018.15
2026-08-12 08:00:00,1018.2099999999998
2026-08-12 08:10:00,1018.4466666666667
2026-08-12 08:20:00,1018.49
2026-08-12 08:30:00,1018.535
2026-08-12 08:40:00,1018.5899999999999
2026-08-12 08:50:00,1018.56
2026-08-12 09:00:00,1018.645
2026-08-12 09:10:00,1018.63
2026-08-12 09:20:00,1018.7249999999999
2026-08-12 09:30:00,1018.605
2026-08-12 09:40:00,1018.56
2026-08-12 09:50:00,1018.625
2026-08-12 10:00:00,1018.73
2026-08-12 10:10:00,1018.72
2026-08-12 10:20:00,1018.685
2026-08-12 10:30:00,1018.73
2026-08-12 10:40:00,1018.8299999999999
2026-08-12 10:50:00,1018.785
2026-08-12 11:00:00,1018.77
2026-08-12 11:10:00,1018.685
2026-08-12 11:20:00,1018.635
2026-08-12 11:30:00,1018.62
2026-08-12 11:40:00,1018.4649999999999
2026-08-12 11:50:00,1018.4649999999999
2026-08-12 12:00:00,1018.41
2026-08-12 12:10:00,1018.0799999999999
2026-08-12 12:20:00,1017.6999999999999
2026-08-12 12:30:00,1017.53
2026-08-12 12:40:00,1017.4949999999999
2026-08-12 12:50:00,1017.655
2026-08-12 13:00:00,1017.4499999999999
2026-08-12 13:10:00,1017.3
2026-08-12 13:20:00,1017.145
2026-08-12 13:30:00,1016.9499999999999
2026-08-12 13:40:00,1016.99
2026-08-12 13:50:00,1016.875
2026-08-12 14:00:00,1016.5799999999999
2026-08-12 14:10:00,1016.785
2026-08-12 14:20:00,1016.8399999999999
2026-08-12 14:30:00,1016.81
2026-08-12 14:40:00,1016.515
2026-08-12 14:50:00,1016.515
2026-08-12 15:00:00,1016.3299999999999
2026-08-12 15:10:00,1016.1999999999999
2026-08-12 15:20:00,1016.3199999999999
2026-08-12 15:30:00,1016.4599999999999
2026-08-12 15:40:00,1016.385
2026-08-12 15:50:00,1016.2349999999999
2026-08-12 16:00:00,1016.2099999999999
2026-08-12 16:10:00,1016.175
2026-08-12 16:20:00,1016.23
2026-08-12 16:30:00,1016.35
2026-08-12 16:40:00,1016.3699999999999
2026-08-12 16:50:00,1016.49
2026-08-12 17:00:00,1016.5
2026-08-12 17:10:00,1016.545
2026-08-12 17:20:00,1016.6949999999999
2026-08-12 17:30:00,1016.89
2026-08-12 17:40:00,1016.865
2026-08-12 17:50:00,1016.99
2026-08-12 18:00:00,1017.05
2026-08-12 18:10:00,1017.0749999999999
2026-08-12 18:20:00,1017.23
2026-08-12 18:30:00,1017.4399999999999
2026-08-12 18:40:00,1017.8249999999999
2026-08-12 18:50:00,1017.6725
2026-08-12 19:00:00,1017.7099999999999
2026-08-12 19:10:00,1017.73
2026-08-12 19:20:00,1017.885
2026-08-12 19:30:00,1017.89
2026-08-12 19:40:00,1018
2026-08-12 19:50:00,1018.015
2026-08-12 20:00:00,1018.0699999999999
2026-08-12 20:10:00,1018.105
2026-08-12 20:20:00,1018.125
2026-08-12 20:30:00,1018.38
2026-08-12 20:40:00,1018.66
2026-08-12 20:50:00,1018.91
2026-08-12 21:00:00,1019
2026-08-12 21:10:00,1019.06
2026-08-12 21:20:00,1019.04
2026-08-12 21:30:00,1018.9
2026-08-12 21:40:00,1018.785
2026-08-12 21:50:00,1018.8199999999999
2026-08-12 22:00:00,1018.93
2026-08-12 22:10:00,1018.9549999999999
2026-08-12 22:20:00,1018.93
2026-08-12 22:30:00,1018.975
2026-08-12 22:40:00,1018.97
2026-08-12 22:50:00,1018.86
2026-08-12 23:00:00,1018.7249999999999
2026-08-12 23:10:00,1018.5699999999999
2026-08-12 23:20:00,1018.42
2026-08-12 23:30:00,1018.355
2026-08-12 23:40:00,1018.185
2026-08-12 23:50:00,1018.02
2026-08-13 00:00:00,1017.85
2026-08-13 00:10:00,1017.66
2026-08-13 00:20:00,1017.5999999999999
2026-08-13 00:30:00,1017.5
2026-08-13 00:40:00,1017.25
2026-08-13 00:50:00,1017.23
2026-08-13 01:00:00,1017.2149999999999
2026-08-13 01:10:00,1017.29
2026-08-13 01:20:00,1017.245
2026-08-13 01:30:00,1017.3199999999999
2026-08-13 01:40:00,1017.23
2026-08-13 01:50:00,1017.27
2026-08-13 02:00:00,1017.365
2026-08-13 02:10:00,1017.35
2026-08-13 02:20:00,1017.3
2026-08-13 02:30:00,1017.2049999999999
2026-08-13 02:40:00,1017.11
2026-08-13 02:50:00,1017.1
2026-08-13 03:00:00,1016.98
2026-08-13 03:10:00,1016.98
2026-08-13 03:20:00,1016.97
2026-08-13 03:30:00,1017.03
2026-08-13 03:40:00,1016.92
2026-08-13 03:50:00,1017.06
2026-08-13 04:00:00,1017.165
2026-08-13 04:10:00,1017.13
2026-08-13 04:20:00,1017.01
2026-08-13 04:30:00,1017.05
2026-08-13 04:40:00,1017.165
2026-08-13 04:50:00,1017.1999999999999
2026-08-13 05:00:00,1017.285
2026-08-13 05:10:00,1017.1899999999999
2026-08-13 05:20:00,1017.09
2026-08-13 05:30:00,1017.2166666666666
2026-08-13 05:40:00,1017.52
2026-08-13 05:50:00,1017.2149999999999
2026-08-13 06:00:00,1017.375
2026-08-13 06:10:00,1017.42
2026-08-13 06:20:00,1017.6733333333333
2026-08-13 06:30:00,1017.79
2026-08-13 06:40:00,1017.805
2026-08-13 06:50:00,1017.895
2026-08-13 07:00:00,1018.035
2026-08-13 07:10:00,1018.23
2026-08-13 07:20:00,1018.3157142857143
2026-08-13 07:30:00,1018.3199999999999
2026-08-13 07:40:00,1018.7114285714283
2026-08-13 07:50:00,1018.6481249999999
2026-08-13 08:00:00,1018.7742857142857
2026-08-13 08:10:00,1018.702
2026-08-13 08:20:00,1019.1788888888888
2026-08-13 08:30:00,1019.1
2026-08-13 08:40:00,1019.085
2026-08-13 08:50:00,1019.155
2026-08-13 09:00:00,1018.8366666666667
2026-08-13 09:10:00,1018.72
2026-08-13 09:20:00,1018.8225
2026-08-13 09:30:00,1019.2249999999999
2026-08-13 09:40:00,1019.3666666666666
2026-08-13 09:50:00,1019.5549999999997
2026-08-13 10:00:00,1019.5587499999999
2026-08-13 10:10:00,1019.0733333333333
2026-08-13 10:20:00,1019.6783333333333
2026-08-13 10:30:00,1020.2300000000001
2026-08-13 10:40:00,1019.6466666666665
2026-08-13 10:50:00,1020.17
2026-08-13 11:00:00,1019.6924999999999
2026-08-13 11:10:00,1019.39
2026-08-13 11:20:00,1019.5699999999999
2026-08-13 11:30:00,1018.9649999999999
2026-08-13 11:40:00,1018.9749999999999
2026-08-13 11:50:00,1018.84
2026-08-13 12:00:00,1018.6949999999999
2026-08-13 12:10:00,1018.315
2026-08-13 12:20:00,1018.3199999999999
2026-08-13 12:30:00,1018.4
2026-08-13 12:40:00,1018.41
2026-08-13 12:50:00,1018.3199999999999
2026-08-13 13:00:00,1018.2149999999999
2026-08-13 13:10:00,1018.245
2026-08-13 13:20:00,1018.0699999999999
2026-08-13 13:30:00,1018.075
2026-08-13 13:40:00,1017.92
2026-08-13 13:50:00,1017.88
2026-08-13 14:00:00,1017.845
2026-08-13 14:10:00,1017.8050000000001
2026-08-13 14:20:00,1017.5799999999999
2026-08-13 14:30:00,1017.55
2026-08-13 14:40:00,1017.4200000000001
2026-08-13 14:50:00,1017.3
2026-08-13 15:00:00,1017.3399999999999
2026-08-13 15:10:00,1017.3
2026-08-13 15:20:00,1017.18
2026-08-13 15:30:00,1017.085
2026-08-13 15:40:00,1016.985
2026-08-13 15:50:00,1016.98
2026-08-13 16:00:00,1016.9649999999999
2026-08-13 16:10:00,1017.015
2026-08-13 16:20:00,1017.15
2026-08-13 16:30:00,1017.0699999999999
2026-08-13 16:40:00,1017
2026-08-13 16:50:00,1017.03
2026-08-13 17:00:00,1017.0649999999999
2026-08-13 17:10:00,1017.145
2026-08-13 17:20:00,1017.16
2026-08-13 17:30:00,1017.31
2026-08-13 17:40:00,1017.44
2026-08-13 17:50:00,1017.63
2026-08-13 18:00:00,1017.775
2026-08-13 18:10:00,1018
2026-08-13 18:20:00,1018.03
2026-08-13 18:30:00,1018.0550000000001
2026-08-13 18:40:00,1018.235
2026-08-13 18:50:00,1018.36
2026-08-13 19:00:00,1018.41
2026-08-13 19:10:00,1018.26
2026-08-13 19:20:00,1018.2099999999999
2026-08-13 19:30:00,1018.405
2026-08-13 19:40:00,1018.675
2026-08-13 19:50:00,1018.86
2026-08-13 20:00:00,1018.8399999999999
2026-08-13 20:10:00,1018.76
2026-08-13 20:20:00,1018.78
2026-08-13 20:30:00,1018.78
2026-08-13 20:40:00,1018.94
2026-08-13 20:50:00,1018.9599999999999
2026-08-13 21:00:00,1019.015
2026-08-13 21:10:00,1019.25
2026-08-13 21:20:00,1019.4
2026-08-13 21:30:00,1019.325
2026-08-13 21:40:00,1019.19
2026-08-13 21:50:00,1019.34
2026-08-13 22:00:00,1019.385
2026-08-13 22:10:00,1019.13
2026-08-13 22:20:00,1019.1999999999999
2026-08-13 22:30:00,1019.305
2026-08-13 22:40:00,1019.28
2026-08-13 22:50:00,1019.14
2026-08-13 23:00:00,1019.2449999999999
2026-08-13 23:10:00,1019.1999999999999
2026-08-13 23:20:00,1019.26
2026-08-13 23:30:00,1019.175
2026-08-13 23:40:00,1019.06
2026-08-13 23:50:00,1018.97
2026-08-14 00:00:00,1018.8050000000001
2026-08-14 00:10:00,1018.4949999999999
2026-08-14 00:20:00,1018.22
2026-08-14 00:30:00,1018.135
2026-08-14 00:40:00,1017.9499999999999
2026-08-14 00:50:00,1017.53
2026-08-14 01:00:00,1017.47
2026-08-14 01:10:00,1017.5699999999999
2026-08-14 01:20:00,1017.6899999999999
2026-08-14 01:30:00,1017.6299999999999
2026-08-14 01:40:00,1017.3599999999999
2026-08-14 01:50:00,1017.1899999999999
2026-08-14 02:00:00,1017.3499999999999
2026-08-14 02:10:00,1017.355
2026-08-14 02:20:00,1017.26
2026-08-14 02:30:00,1017.2049999999999
2026-08-14 02:40:00,1017.1949999999999
2026-08-14 02:50:00,1017.06
2026-08-14 03:00:00,1017.17
2026-08-14 03:10:00,1016.91
2026-08-14 03:20:00,1017.1899999999999
2026-08-14 03:30:00,1017.17
2026-08-14 03:40:00,1017.26
2026-08-14 03:50:00,1017.3399999999999
2026-08-14 04:00:00,1017.5699999999999
2026-08-14 04:10:00,1017.53
2026-08-14 04:20:00,1017.53
2026-08-14 04:30:00,1017.4833333333332
2026-08-14 04:40:00,1017.66
2026-08-14 04:50:00,1017.77
2026-08-14 05:00:00,1017.755
2026-08-14 05:10:00,1017.775
2026-08-14 05:20:00,1017.775
2026-08-14 05:30:00,1017.625
2026-08-14 05:40:00,1017.54
2026-08-14 05:50:00,1017.5799999999999
2026-08-14 06:00:00,1017.67
2026-08-14 06:10:00,1017.8050000000001
2026-08-14 06:20:00,1018.0699999999999
2026-08-14 06:30:00,1018.185
2026-08-14 06:40:00,1018.3299999999999
2026-08-14 06:50:00,1018.4399999999999
2026-08-14 07:00:00,1018.53
2026-08-14 07:10:00,1018.685
2026-08-14 07:20:00,1018.68
2026-08-14 07:30:00,1018.885
2026-08-14 07:40:00,1019.3419999999999
2026-08-14 07:50:00,1019.539090909091
2026-08-14 08:00:00,1019.6463157894734
2026-08-14 08:10:00,1019.7703125000002
2026-08-14 08:20:00,1019.5799999999999
2026-08-14 08:30:00,1019.545
2026-08-14 08:40:00,1019.73
2026-08-14 08:50:00,1019.78
2026-08-14 09:00:00,1019.8299999999999
2026-08-14 09:10:00,1019.8299999999999
2026-08-14 09:20:00,1019.79
2026-08-14 09:30:00,1019.88
2026-08-14 09:40:00,1019.85
2026-08-14 09:50:00,1019.6600000000001
2026-08-14 10:00:00,1019.5799999999999
2026-08-14 10:10:00,1019.4399999999999
2026-08-14 10:20:00,1019.555
2026-08-14 10:30:00,1019.345
2026-08-14 10:40:00,1019.29
2026-08-14 10:50:00,1018.97
2026-08-14 11:00:00,1018.915
2026-08-14 14:10:00,1017.0699999999999
2026-08-14 14:20:00,1016.925
2026-08-14 14:30:00,1016.7099999999999
2026-08-14 14:40:00,1016.65
2026-08-14 15:00:00,1016.97
2026-08-14 15:10:00,1016.9949999999999
2026-08-14 15:20:00,1016.99
2026-08-14 15:30:00,1016.75
2026-08-14 15:40:00,1016.635
2026-08-14 15:50:00,1016.6
2026-08-14 16:00:00,1016.585
2026-08-14 16:10:00,1016.675
2026-08-14 16:20:00,1016.59
2026-08-14 16:30:00,1016.655
2026-08-14 16:40:00,1016.6949999999999
2026-08-14 16:50:00,1016.8
2026-08-14 17:00:00,1016.915
2026-08-14 17:10:00,1016.9449999999999
2026-08-14 17:20:00,1017.02
2026-08-14 17:30:00,1017.025
2026-08-14 17:40:00,1016.97
2026-08-14 17:50:00,1016.93
2026-08-14 18:00:00,1017.025
2026-08-14 18:10:00,1017.135
2026-08-14 18:20:00,1017.26
2026-08-14 18:30:00,1017.11
2026-08-14 18:40:00,1017.28
2026-08-14 18:50:00,1017.6585000000001
2026-08-14 19:00:00,1017.4
2026-08-14 19:10:00,1017.34
2026-08-14 19:20:00,1017.595
2026-08-14 19:30:00,1017.62
2026-08-14 19:40:00,1017.74
2026-08-14 19:50:00,1017.9749999999999
2026-08-14 20:00:00,1018.145
2026-08-14 20:10:00,1018.47
2026-08-14 20:20:00,1018.5899999999999
2026-08-14 20:30:00,1018.52
2026-08-14 20:40:00,1018.5799999999999
2026-08-14 20:50:00,1018.72
2026-08-14 21:00:00,1018.7049999999999
2026-08-14 21:10:00,1018.78
2026-08-14 21:20:00,1018.8050000000001
2026-08-14 22:10:00,1018.5899999999999
2026-08-14 22:20:00,1018.405
2026-08-14 22:30:00,1018.4499999999999
2026-08-14 22:40:00,1018.38
2026-08-14 22:50:00,1017.9849999999999
2026-08-14 23:00:00,1017.87
2026-08-14 23:10:00,1017.835
2026-08-14 23:20:00,1017.675
2026-08-14 23:30:00,1018.3655555555555
2026-08-14 23:40:00,1018.3333333333331
2026-08-14 23:50:00,1017.9649999999999
2026-08-15 00:00:00,1017.655
2026-08-15 00:10:00,1017.5049999999999
2026-08-15 00:20:00,1017.36
2026-08-15 00:30:00,1017.61
2026-08-15 00:40:00,1017.4849999999999
2026-08-15 00:50:00,1017.4599999999999
2026-08-15 01:00:00,1017.515
2026-08-15 01:10:00,1017.015
2026-08-15 01:20:00,1016.98
2026-08-15 01:30:00,1017.19
2026-08-15 01:40:00,1016.8050000000001
2026-08-15 01:50:00,1016.91
2026-08-15 02:00:00,1016.9966666666666
2026-08-15 02:10:00,1016.8
2026-08-15 02:20:00,1016.545
2026-08-15 02:30:00,1016.49
2026-08-15 02:40:00,1016.5699999999999
2026-08-15 02:50:00,1016.365
2026-08-15 03:00:00,1016.2049999999999
2026-08-15 03:10:00,1015.99
2026-08-15 03:20:00,1015.96
2026-08-15 03:30:00,1015.9599999999999
2026-08-15 03:40:00,1016.1700000000001
2026-08-15 03:50:00,1016.1379999999999
2026-08-15 04:00:00,1015.98
2026-08-15 04:10:00,1015.79
2026-08-15 04:20:00,1015.96
2026-08-15 04:30:00,1016.0366666666667
2026-08-15 04:40:00,1016.2149999999999
2026-08-15 04:50:00,1016.345
2026-08-15 05:00:00,1016.3199999999999
2026-08-15 05:10:00,1016.34
2026-08-15 05:20:00,1016.335
2026-08-15 05:30:00,1016.6272727272725
2026-08-15 05:40:00,1017.02
2026-08-15 05:50:00,1017.125
2026-08-15 06:00:00,1016.99
2026-08-15 06:10:00,1017.1
2026-08-15 06:20:00,1017.2033333333334
2026-08-15 06:30:00,1017.18
2026-08-15 06:40:00,1017.4300000000001
2026-08-15 06:50:00,1017.54
2026-08-15 07:00:00,1017.545
2026-08-15 07:10:00,1017.5699999999999
2026-08-15 07:20:00,1017.6314285714286
2026-08-15 07:30:00,1017.5033333333334
2026-08-15 07:40:00,1017.63
2026-08-15 07:50:00,1017.7466666666666
2026-08-15 08:00:00,1017.7149999999999
2026-08-15 08:10:00,1017.62
2026-08-15 08:20:00,1017.49
2026-08-15 08:30:00,1017.595
2026-08-15 08:40:00,1017.51
2026-08-15 08:50:00,1017.535
2026-08-15 09:00:00,1017.585
2026-08-15 09:10:00,1017.5799999999999
2026-08-15 09:20:00,1017.64
2026-08-15 09:30:00,1017.845
2026-08-15 09:40:00,1017.91
2026-08-15 09:50:00,1018.16
2026-08-15 10:00:00,1018.3199999999999
2026-08-15 10:10:00,1018.3199999999999
2026-08-15 10:20:00,1018.1199999999999
2026-08-15 10:30:00,1017.7866666666667
2026-08-15 10:40:00,1017.7099999999999
2026-08-15 10:50:00,1017.75
2026-08-15 11:00:00,1017.63
2026-08-15 11:10:00,1017.36
2026-08-15 11:20:00,1017.6949999999999
2026-08-15 11:30:00,1017.865
2026-08-15 11:40:00,1017.88
2026-08-15 11:50:00,1017.8799999999999
2026-08-15 12:00:00,1018.025
2026-08-15 12:10:00,1017.88
2026-08-15 12:20:00,1017.9900000000001
2026-08-15 12:30:00,1017.9499999999999
2026-08-15 12:40:00,1017.995
2026-08-15 12:50:00,1018.01
2026-08-15 13:00:00,1017.86
2026-08-15 13:10:00,1017.765
2026-08-15 13:20:00,1017.875
2026-08-15 13:30:00,1017.7449999999999
2026-08-15 13:40:00,1017.6700000000001
2026-08-15 13:50:00,1017.425
2026-08-15 14:00:00,1017.31
2026-08-15 14:10:00,1017.255
2026-08-15 14:20:00,1017
2026-08-15 14:30:00,1017.01
2026-08-15 14:40:00,1017.04
2026-08-15 14:50:00,1016.9949999999999
2026-08-15 15:00:00,1017.1824999999999
2026-08-15 15:10:00,1017.2066666666666
2026-08-15 15:20:00,1017.0133333333333
2026-08-15 15:30:00,1016.9899999999999
2026-08-15 15:40:00,1017.0539999999999
2026-08-15 15:50:00,1016.9499999999999
2026-08-15 16:00:00,1017.03
2026-08-15 16:10:00,1016.98
2026-08-15 16:20:00,1016.96
2026-08-15 16:30:00,1016.86
2026-08-15 16:40:00,1016.97
2026-08-15 16:50:00,1017.1299999999999
2026-08-15 17:00:00,1017.1399999999999
2026-08-15 17:10:00,1017.1899999999999
2026-08-15 17:20:00,1017.2
2026-08-15 17:30:00,1017.0799999999999
2026-08-15 17:40:00,1017.185
2026-08-15 17:50:00,1017.275
2026-08-15 18:00:00,1017.36
2026-08-15 18:10:00,1017.185
2026-08-15 18:20:00,1017.1433333333333
2026-08-15 18:30:00,1017.2049999999999
2026-08-15 18:40:00,1017.22
2026-08-15 18:50:00,1017.3299999999999
2026-08-15 19:00:00,1017.4749999999999
2026-08-15 19:10:00,1017.5699999999999
2026-08-15 19:20:00,1017.545
2026-08-15 19:30:00,1017.53
2026-08-15 19:40:00,1017.7266666666666
2026-08-15 19:50:00,1017.8199999999999
2026-08-15 20:00:00,1017.8199999999999
2026-08-15 20:10:00,1017.9300000000001
2026-08-15 20:20:00,1018.1414285714285
2026-08-15 20:30:00,1018.3433333333332
2026-08-15 20:40:00,1018.4033333333333
2026-08-15 20:50:00,1018.77
2026-08-15 21:00:00,1018.88
2026-08-15 21:10:00,1018.91
2026-08-15 21:20:00,1018.895
2026-08-15 21:30:00,1018.7866666666665
2026-08-15 21:40:00,1018.76
2026-08-15 21:50:00,1018.8199999999999
2026-08-15 22:00:00,1018.76
2026-08-15 22:10:00,1018.66
2026-08-15 22:20:00,1018.63
2026-08-15 22:30:00,1018.7049999999999
2026-08-15 22:40:00,1018.7266666666668
2026-08-15 22:50:00,1018.45
2026-08-15 23:00:00,1018.17
2026-08-15 23:10:00,1018.4250000000001
2026-08-15 23:20:00,1018.0619999999999
2026-08-15 23:30:00,1017.7033333333333
2026-08-15 23:40:00,1017.6399999999999
2026-08-15 23:50:00,1017.68
2026-08-16 00:00:00,1017.5649999999999
