time,value_lux
2026-04-29 09:40:00,35.86666666666667
2026-04-29 09:50:00,7919.95
2026-04-29 10:00:00,12251.375
2026-04-29 10:10:00,16000.05
2026-04-29 10:20:00,16203.266666666668
2026-04-29 10:30:00,16293.6
2026-04-29 10:40:00,16479.233333333334
2026-04-29 10:50:00,16610.75
2026-04-29 11:00:00,16684.233333333334
2026-04-29 11:10:00,16754.85
2026-04-29 11:20:00,16850.533333333333
2026-04-29 11:30:00,16817.2
2026-04-29 11:40:00,16837.633333333335
2026-04-29 11:50:00,16788.2
2026-04-29 12:00:00,16796.8
2026-04-29 12:10:00,16803.25
2026-04-29 12:20:00,16765.933333333334
2026-04-29 12:30:00,16892.45
2026-04-29 12:40:00,16320.833333333334
2026-04-29 12:50:00,16101.1
2026-04-29 13:00:00,16028.333333333334
2026-04-29 13:10:00,15809.7
2026-04-29 13:20:00,15774.6
2026-04-29 13:30:00,15494.7
2026-04-29 13:40:00,15253.5
2026-04-29 13:50:00,15674.3
2026-04-29 14:00:00,15353.133333333331
2026-04-29 14:10:00,14958.2
2026-04-29 14:20:00,11980.6
2026-04-29 14:30:00,13876.55
2026-04-29 14:40:00,13456.5
2026-04-29 14:50:00,12448.7
2026-04-29 15:00:00,12394.9
2026-04-29 15:10:00,12430.4
2026-04-29 15:20:00,11492.433333333334
2026-04-29 15:30:00,8785.45
2026-04-29 15:40:00,10118.7
2026-04-29 15:50:00,9689.666666666666
2026-04-29 16:00:00,8913.4
2026-04-29 16:10:00,8896.2
2026-04-29 16:20:00,8672.55
2026-04-29 16:30:00,6601.733333333334
2026-04-29 16:40:00,4714.75
2026-04-29 16:50:00,3014.8666666666663
2026-04-29 17:00:00,2532.1
2026-04-29 17:10:00,2414.2
2026-04-29 17:20:00,1903.1000000000001
2026-04-29 17:30:00,1073.0333333333335
2026-04-29 17:40:00,616.0999999999999
2026-04-29 17:50:00,310.36666666666673
2026-04-29 18:00:00,92.45
2026-04-29 18:10:00,15.066666666666668
2026-04-29 18:20:00,5.4
2026-04-29 18:30:00,4.3
2026-04-29 18:40:00,4.3
2026-04-29 18:50:00,4.3
2026-04-29 19:00:00,4.3
2026-04-29 19:10:00,4.3
2026-04-29 19:20:00,4.3
2026-04-29 19:30:00,4.3
2026-04-29 19:40:00,4.3
2026-04-29 19:50:00,4.3
2026-04-29 20:00:00,4.3
2026-04-29 20:10:00,4.3
2026-04-29 20:20:00,4.3
2026-04-29 20:30:00,4.3
2026-04-29 20:40:00,4.3
2026-04-29 20:50:00,4.3
2026-04-29 21:00:00,4.3
2026-04-29 21:10:00,4.3
2026-04-29 21:20:00,4.3
2026-04-29 21:30:00,4.3
2026-04-29 21:40:00,4.3
2026-04-29 21:50:00,4.3
2026-04-29 22:00:00,4.3
2026-04-29 22:10:00,4.3
2026-04-29 22:20:00,4.3
2026-04-29 22:30:00,4.3
2026-04-29 22:40:00,4.3
2026-04-29 22:50:00,4.3
2026-04-29 23:00:00,4.3
2026-04-29 23:10:00,4.3
2026-04-29 23:20:00,4.3
2026-04-29 23:30:00,4.3
2026-04-29 23:40:00,4.3
2026-04-29 23:50:00,4.3
2026-04-30 00:00:00,4.3
2026-04-30 00:10:00,4.3
2026-04-30 00:20:00,4.3
2026-04-30 00:30:00,4.3
2026-04-30 00:40:00,4.3
2026-04-30 00:50:00,4.3
2026-04-30 01:00:00,4.3
2026-04-30 01:10:00,4.3
2026-04-30 01:20:00,4.3
2026-04-30 01:30:00,4.3
2026-04-30 01:40:00,4.3
2026-04-30 01:50:00,4.3
2026-04-30 02:00:00,4.3
2026-04-30 02:10:00,4.3
2026-04-30 02:20:00,4.3
2026-04-30 02:30:00,4.3
2026-04-30 02:40:00,4.3
2026-04-30 02:50:00,4.3
2026-04-30 03:00:00,4.3
2026-04-30 03:10:00,4.3
2026-04-30 03:20:00,4.3
2026-04-30 03:30:00,4.3
2026-04-30 03:40:00,4.3
2026-04-30 03:50:00,4.3
2026-04-30 04:00:00,4.3
2026-04-30 04:10:00,4.3
2026-04-30 04:20:00,4.3
2026-04-30 04:30:00,4.3
2026-04-30 04:40:00,4.3
2026-04-30 04:50:00,4.3
2026-04-30 05:00:00,4.3
2026-04-30 05:10:00,9.7
2026-04-30 05:20:00,63.800000000000004
2026-04-30 05:30:00,197.8
2026-04-30 05:40:00,422.90000000000003
2026-04-30 05:50:00,692.45
2026-04-30 06:00:00,1414.2333333333333
2026-04-30 06:10:00,3240.6499999999996
2026-04-30 06:20:00,3901.533333333333
2026-04-30 06:30:00,5869.55
2026-04-30 06:40:00,6741.5
2026-04-30 06:50:00,6675.9
2026-04-30 07:00:00,5460.566666666667
2026-04-30 07:10:00,6671.6
2026-04-30 07:20:00,8797.3
2026-04-30 07:30:00,9451.05
2026-04-30 07:40:00,9209.466666666667
2026-04-30 07:50:00,10942.3
2026-04-30 08:00:00,11635.1
2026-04-30 08:10:00,12104.599999999999
2026-04-30 08:20:00,12568.366666666667
2026-04-30 08:30:00,12976.55
2026-04-30 08:40:00,14099.433333333334
2026-04-30 08:50:00,12311
2026-04-30 09:00:00,11048
2026-04-30 09:10:00,11163.8
2026-04-30 09:20:00,8081.900000000001
2026-04-30 09:30:00,8776.849999999999
2026-04-30 09:40:00,8867.566666666668
2026-04-30 09:50:00,7618.85
2026-04-30 10:00:00,7938.566666666666
2026-04-30 10:10:00,6867.3
2026-04-30 10:20:00,7595.233333333334
2026-04-30 10:30:00,5998.55
2026-04-30 10:40:00,5854.866666666666
2026-04-30 10:50:00,6472.7
2026-04-30 11:00:00,7585.166666666667
2026-04-30 11:10:00,7882.3
2026-04-30 11:20:00,9622.300000000001
2026-04-30 11:30:00,8379.05
2026-04-30 11:40:00,7411.7
2026-04-30 11:50:00,9706.900000000001
2026-04-30 12:00:00,9904.733333333332
2026-04-30 12:10:00,10209.05
2026-04-30 12:20:00,9330.6
2026-04-30 12:30:00,9453.15
2026-04-30 12:40:00,8096.966666666667
2026-04-30 12:50:00,8280.1
2026-04-30 13:00:00,5850.533333333333
2026-04-30 13:10:00,7037.200000000001
2026-04-30 13:20:00,6482.033333333333
2026-04-30 13:30:00,7348.950000000001
2026-04-30 13:40:00,7061.2
2026-04-30 13:50:00,10822.95
2026-04-30 14:00:00,14027.800000000001
2026-04-30 14:10:00,13155.1
2026-04-30 14:20:00,11601.4
2026-04-30 14:30:00,14278.650000000001
2026-04-30 14:40:00,6651.2
2026-04-30 14:50:00,5355.6
2026-04-30 15:00:00,4178.233333333334
2026-04-30 15:10:00,4092.2
2026-04-30 15:20:00,2341.766666666667
2026-04-30 15:30:00,1875.15
2026-04-30 15:40:00,4092.933333333333
2026-04-30 15:50:00,3683.633333333333
2026-04-30 16:00:00,2037.5
2026-04-30 16:10:00,2312.4
2026-04-30 16:20:00,1908.5
2026-04-30 16:30:00,887.4
2026-04-30 16:40:00,665.55
2026-04-30 16:50:00,1007.1
2026-04-30 17:00:00,1548.3000000000002
2026-04-30 17:10:00,1650.8
2026-04-30 17:20:00,1897.7
2026-04-30 17:30:00,924.6666666666666
2026-04-30 17:40:00,203.2
2026-04-30 17:50:00,53.800000000000004
2026-04-30 18:00:00,10.8
2026-04-30 18:10:00,5.033333333333334
2026-04-30 18:20:00,4.3
2026-04-30 18:30:00,4.3
2026-04-30 18:40:00,4.3
2026-04-30 18:50:00,4.3
2026-04-30 19:00:00,4.3
2026-04-30 19:10:00,4.3
2026-04-30 19:20:00,4.3
2026-04-30 19:30:00,4.3
2026-04-30 19:40:00,4.3
2026-04-30 19:50:00,4.3
2026-04-30 20:00:00,4.3
2026-04-30 20:10:00,4.3
2026-04-30 20:20:00,4.3
2026-04-30 20:30:00,4.3
2026-04-30 20:40:00,4.3
2026-04-30 20:50:00,4.3
2026-04-30 21:00:00,4.3
2026-04-30 21:10:00,4.3
2026-04-30 21:20:00,4.3
2026-04-30 21:30:00,4.3
2026-04-30 21:40:00,4.3
2026-04-30 21:50:00,4.3
2026-04-30 22:00:00,4.3
2026-04-30 22:10:00,4.3
2026-04-30 22:20:00,4.3
2026-04-30 22:30:00,4.3
2026-04-30 22:40:00,4.3
2026-04-30 22:50:00,4.3
2026-04-30 23:00:00,4.3
2026-04-30 23:10:00,4.3
2026-04-30 23:20:00,4.3
2026-04-30 23:30:00,4.3
2026-04-30 23:40:00,4.3
2026-04-30 23:50:00,4.3
2026-05-01 00:00:00,4.3
2026-05-01 00:10:00,4.3
2026-05-01 00:20:00,4.3
2026-05-01 00:30:00,4.3
2026-05-01 00:40:00,4.3
2026-05-01 00:50:00,4.3
2026-05-01 01:00:00,4.3
2026-05-01 01:10:00,4.3
2026-05-01 01:20:00,4.3
2026-05-01 01:30:00,4.3
2026-05-01 01:40:00,4.3
2026-05-01 01:50:00,4.3
2026-05-01 02:00:00,4.3
2026-05-01 02:10:00,4.3
2026-05-01 02:20:00,4.3
2026-05-01 02:30:00,4.3
2026-05-01 02:40:00,4.3
2026-05-01 02:50:00,4.3
2026-05-01 03:00:00,4.3
2026-05-01 03:10:00,4.3
2026-05-01 03:20:00,4.3
2026-05-01 03:30:00,4.3
2026-05-01 03:40:00,4.3
2026-05-01 03:50:00,4.3
2026-05-01 04:00:00,4.3
2026-05-01 04:10:00,4.3
2026-05-01 04:20:00,4.3
2026-05-01 04:30:00,4.3
2026-05-01 04:40:00,4.3
2026-05-01 04:50:00,4.3
2026-05-01 05:00:00,5.033333333333333
2026-05-01 05:10:00,14
2026-05-01 05:20:00,74.53333333333333
2026-05-01 05:30:00,246.2
2026-05-01 05:40:00,518.9666666666667
2026-05-01 05:50:00,636.55
2026-05-01 06:00:00,843.6999999999999
2026-05-01 06:10:00,1513.9
2026-05-01 06:20:00,2565.4333333333334
2026-05-01 06:30:00,2548.2
2026-05-01 06:40:00,3148.9
2026-05-01 06:50:00,4458.9
2026-05-01 07:00:00,6305.666666666667
2026-05-01 07:10:00,7890.9
2026-05-01 07:20:00,8404.466666666667
2026-05-01 07:30:00,8952.150000000001
2026-05-01 07:40:00,8690.85
2026-05-01 07:50:00,6968.733333333333
2026-05-01 08:00:00,10535.85
2026-05-01 08:10:00,9851.666666666666
2026-05-01 08:20:00,10733.7
2026-05-01 08:30:00,13166.166666666666
2026-05-01 08:40:00,13560.45
2026-05-01 08:50:00,14931.666666666666
2026-05-01 09:00:00,9127.35
2026-05-01 09:10:00,12193.466666666667
2026-05-01 09:20:00,13011
2026-05-01 09:30:00,14209.133333333331
2026-05-01 09:40:00,7200.6
2026-05-01 09:50:00,4911.5
2026-05-01 10:00:00,5089.966666666666
2026-05-01 10:10:00,5231.95
2026-05-01 10:20:00,5311.500000000001
2026-05-01 10:30:00,3472.9
2026-05-01 10:40:00,3422.7000000000003
2026-05-01 10:50:00,4563.15
2026-05-01 11:00:00,5134.433333333333
2026-05-01 11:10:00,6671.6
2026-05-01 11:20:00,8226.699999999999
2026-05-01 11:30:00,6514.6
2026-05-01 11:40:00,5726.5
2026-05-01 11:50:00,3982.55
2026-05-01 12:00:00,5234.066666666667
2026-05-01 12:10:00,9538.1
2026-05-01 12:20:00,14981.133333333333
2026-05-01 12:30:00,14980.75
2026-05-01 12:40:00,6869.833333333333
2026-05-01 12:50:00,6098.5
2026-05-01 13:00:00,6717.866666666666
2026-05-01 13:10:00,5749.1
2026-05-01 13:20:00,5246.266666666666
2026-05-01 13:30:00,4257.799999999999
2026-05-01 13:40:00,4666.366666666667
2026-05-01 13:50:00,5465.25
2026-05-01 14:00:00,5270.633333333332
2026-05-01 14:10:00,3961
2026-05-01 14:20:00,5084.966666666666
2026-05-01 14:30:00,3538.45
2026-05-01 14:40:00,2408.4666666666667
2026-05-01 14:50:00,1674.1
2026-05-01 15:00:00,1537.5333333333335
2026-05-01 15:10:00,1741.85
2026-05-01 15:20:00,2827.7666666666664
2026-05-01 15:30:00,2489.05
2026-05-01 15:40:00,2068
2026-05-01 15:50:00,1996.65
2026-05-01 16:00:00,2055.066666666666
2026-05-01 16:10:00,1847.15
2026-05-01 16:20:00,1941.1000000000001
2026-05-01 16:30:00,1912.8000000000002
2026-05-01 16:40:00,1639.65
2026-05-01 16:50:00,1412.8
2026-05-01 17:00:00,1295.6
2026-05-01 17:10:00,981.2999999999998
2026-05-01 17:20:00,641.9000000000001
2026-05-01 17:30:00,319.7
2026-05-01 17:40:00,122.55
2026-05-01 17:50:00,49.46666666666666
2026-05-01 18:00:00,19.4
2026-05-01 18:10:00,5.033333333333334
2026-05-01 18:20:00,4.3
2026-05-01 18:30:00,4.3
2026-05-01 18:40:00,4.3
2026-05-01 18:50:00,4.3
2026-05-01 19:00:00,4.3
2026-05-01 19:10:00,4.3
2026-05-01 19:20:00,4.3
2026-05-01 19:30:00,4.3
2026-05-01 19:40:00,4.3
2026-05-01 19:50:00,4.3
2026-05-01 20:00:00,4.3
2026-05-01 20:10:00,4.3
2026-05-01 20:20:00,4.3
2026-05-01 20:30:00,4.3
2026-05-01 20:40:00,4.3
2026-05-01 20:50:00,4.3
2026-05-01 21:00:00,4.3
2026-05-01 21:10:00,4.3
2026-05-01 21:20:00,4.3
2026-05-01 21:30:00,4.3
2026-05-01 21:40:00,4.3
2026-05-01 21:50:00,4.3
2026-05-01 22:00:00,4.3
2026-05-01 22:10:00,4.3
2026-05-01 22:20:00,4.3
2026-05-01 22:30:00,4.3
2026-05-01 22:40:00,4.3
2026-05-01 22:50:00,4.3
2026-05-01 23:00:00,4.3
2026-05-01 23:10:00,4.3
2026-05-01 23:20:00,4.3
2026-05-01 23:30:00,4.3
2026-05-01 23:40:00,4.3
2026-05-01 23:50:00,4.3
2026-05-02 00:00:00,4.3
2026-05-02 00:10:00,4.3
2026-05-02 00:20:00,4.3
2026-05-02 00:30:00,4.3
2026-05-02 00:40:00,4.3
2026-05-02 00:50:00,4.3
2026-05-02 01:00:00,4.3
2026-05-02 01:10:00,4.3
2026-05-02 01:20:00,4.3
2026-05-02 01:30:00,4.3
2026-05-02 01:40:00,4.3
2026-05-02 01:50:00,4.3
2026-05-02 02:00:00,4.3
2026-05-02 02:10:00,4.3
2026-05-02 02:20:00,4.3
2026-05-02 02:30:00,4.3
2026-05-02 02:40:00,4.3
2026-05-02 02:50:00,4.3
2026-05-02 03:00:00,4.3
2026-05-02 03:10:00,4.3
2026-05-02 03:20:00,4.3
2026-05-02 03:30:00,4.3
2026-05-02 03:40:00,4.3
2026-05-02 03:50:00,4.3
2026-05-02 04:00:00,4.3
2026-05-02 04:10:00,4.3
2026-05-02 04:20:00,4.3
2026-05-02 04:30:00,4.3
2026-05-02 04:40:00,4.3
2026-05-02 04:50:00,4.3
2026-05-02 05:00:00,4.3
2026-05-02 05:10:00,7.55
2026-05-02 05:20:00,24.366666666666664
2026-05-02 05:30:00,103.19999999999999
2026-05-02 05:40:00,337.59999999999997
2026-05-02 05:50:00,1131.1
2026-05-02 06:00:00,2442.133333333333
2026-05-02 06:10:00,3533.1
2026-05-02 06:20:00,4727.3
2026-05-02 06:30:00,5251.299999999999
2026-05-02 06:40:00,5753.033333333333
2026-05-02 06:50:00,6149.1
2026-05-02 07:00:00,7808.099999999999
2026-05-02 07:10:00,8534.95
2026-05-02 07:20:00,9234.533333333333
2026-05-02 07:30:00,9916.55
2026-05-02 07:40:00,10155.6
2026-05-02 07:50:00,10811.150000000001
2026-05-02 08:00:00,11306.799999999997
2026-05-02 08:10:00,12112.1
2026-05-02 08:20:00,12149.766666666668
2026-05-02 08:30:00,12946.45
2026-05-02 08:40:00,13176.933333333334
2026-05-02 08:50:00,13499.099999999999
2026-05-02 09:00:00,12519.6
2026-05-02 09:10:00,11145.5
2026-05-02 09:20:00,14523.1
2026-05-02 09:30:00,14487.25
2026-05-02 09:40:00,15100.800000000001
2026-05-02 09:50:00,14953.9
2026-05-02 10:00:00,16116.533333333333
2026-05-02 10:10:00,14744.25
2026-05-02 10:20:00,13369.766666666668
2026-05-02 10:30:00,8156.450000000001
2026-05-02 10:40:00,7201
2026-05-02 10:50:00,9891.85
2026-05-02 11:00:00,12041.533333333333
2026-05-02 11:10:00,15869.949999999999
2026-05-02 11:20:00,14930.933333333334
2026-05-02 11:30:00,8226.4
2026-05-02 11:40:00,14657.133333333333
2026-05-02 11:50:00,9323.05
2026-05-02 12:00:00,13060.1
2026-05-02 12:10:00,14522.75
2026-05-02 12:20:00,10254.533333333333
2026-05-02 12:30:00,6750.1
2026-05-02 12:40:00,8090.533333333333
2026-05-02 12:50:00,8651.05
2026-05-02 13:00:00,5904.45
2026-05-02 13:10:00,5058.35
2026-05-02 13:20:00,4722.7
2026-05-02 13:30:00,3698.7000000000003
2026-05-02 13:40:00,3806.2333333333336
2026-05-02 13:50:00,3719.5
2026-05-02 14:00:00,3063.6333333333337
2026-05-02 14:10:00,2820.25
2026-05-02 14:20:00,2570.4666666666667
2026-05-02 14:30:00,1760.1
2026-05-02 14:40:00,1450.1000000000001
2026-05-02 14:50:00,1583.8
2026-05-02 15:00:00,1427.8666666666668
2026-05-02 15:10:00,1959
2026-05-02 15:20:00,2035
2026-05-02 15:30:00,1971.9
2026-05-02 15:40:00,1644.3333333333333
2026-05-02 15:50:00,1474.1
2026-05-02 16:00:00,1207.1
2026-05-02 16:10:00,971.95
2026-05-02 16:20:00,821.4666666666667
2026-05-02 16:30:00,665.55
2026-05-02 16:40:00,518.9666666666666
2026-05-02 16:50:00,401.05
2026-05-02 17:00:00,297.5
2026-05-02 17:10:00,216.10000000000002
2026-05-02 17:20:00,141.23333333333332
2026-05-02 17:30:00,93.55
2026-05-02 17:40:00,53.800000000000004
2026-05-02 17:50:00,20.099999999999998
2026-05-02 18:00:00,6.466666666666666
2026-05-02 18:10:00,4.3
2026-05-02 18:20:00,4.3
2026-05-02 18:30:00,4.3
2026-05-02 18:40:00,4.3
2026-05-02 18:50:00,4.3
2026-05-02 19:00:00,4.3
2026-05-02 19:10:00,4.3
2026-05-02 19:20:00,4.3
2026-05-02 19:30:00,4.3
2026-05-02 19:40:00,4.3
2026-05-02 19:50:00,4.3
2026-05-02 20:00:00,4.3
2026-05-02 20:10:00,4.3
2026-05-02 20:20:00,4.3
2026-05-02 20:30:00,4.3
2026-05-02 20:40:00,4.3
2026-05-02 20:50:00,4.3
2026-05-02 21:00:00,4.3
2026-05-02 21:10:00,4.3
2026-05-02 21:20:00,4.3
2026-05-02 21:30:00,4.3
2026-05-02 21:40:00,4.3
2026-05-02 21:50:00,4.3
2026-05-02 22:00:00,4.3
2026-05-02 22:10:00,4.3
2026-05-02 22:20:00,4.3
2026-05-02 22:30:00,4.3
2026-05-02 22:40:00,4.3
2026-05-02 22:50:00,4.3
2026-05-02 23:00:00,4.3
2026-05-02 23:10:00,4.3
2026-05-02 23:20:00,4.3
2026-05-02 23:30:00,4.3
2026-05-02 23:40:00,4.3
2026-05-02 23:50:00,4.3
2026-05-03 00:00:00,4.3
2026-05-03 00:10:00,4.3
2026-05-03 00:20:00,4.3
2026-05-03 00:30:00,4.3
2026-05-03 00:40:00,4.3
2026-05-03 00:50:00,4.3
2026-05-03 01:00:00,4.3
2026-05-03 01:10:00,4.3
2026-05-03 01:20:00,4.3
2026-05-03 01:30:00,4.3
2026-05-03 01:40:00,4.3
2026-05-03 01:50:00,4.3
2026-05-03 02:00:00,4.3
2026-05-03 02:10:00,4.3
2026-05-03 02:20:00,4.3
2026-05-03 02:30:00,4.3
2026-05-03 02:40:00,4.3
2026-05-03 02:50:00,4.3
2026-05-03 03:00:00,4.3
2026-05-03 03:10:00,4.3
2026-05-03 03:20:00,4.3
2026-05-03 03:30:00,4.3
2026-05-03 03:40:00,4.3
2026-05-03 03:50:00,4.3
2026-05-03 04:00:00,4.3
2026-05-03 04:10:00,4.3
2026-05-03 04:20:00,4.3
2026-05-03 04:30:00,4.3
2026-05-03 04:40:00,4.3
2026-05-03 04:50:00,4.3
2026-05-03 05:00:00,4.3
2026-05-03 05:10:00,14
2026-05-03 05:20:00,81.03333333333333
2026-05-03 05:30:00,217.2
2026-05-03 05:40:00,551.2
2026-05-03 05:50:00,1012.85
2026-05-03 06:00:00,1635.0333333333335
2026-05-03 06:10:00,2366.5
2026-05-03 06:20:00,3733.1000000000004
2026-05-03 06:30:00,3757.8
2026-05-03 06:40:00,4193.266666666666
2026-05-03 06:50:00,4693.25
2026-05-03 07:00:00,5131.566666666667
2026-05-03 07:10:00,5122.25
2026-05-03 07:20:00,5333.733333333334
2026-05-03 07:30:00,5871.65
2026-05-03 07:40:00,5864.866666666666
2026-05-03 07:50:00,6058.75
2026-05-03 08:00:00,6625.400000000001
2026-05-03 08:10:00,6835.05
2026-05-03 08:20:00,6284.2
2026-05-03 08:30:00,6631.85
2026-05-03 08:40:00,8014.566666666667
2026-05-03 08:50:00,9348.85
2026-05-03 09:00:00,12597.766666666668
2026-05-03 09:10:00,12981.95
2026-05-03 09:20:00,7730.7
2026-05-03 09:30:00,11553.05
2026-05-03 09:40:00,14750.299999999997
2026-05-03 09:50:00,15551.7
2026-05-03 10:00:00,14000.566666666666
2026-05-03 10:10:00,18590.25
2026-05-03 10:20:00,15762.433333333334
2026-05-03 10:30:00,14796.9
2026-05-03 10:40:00,9962.800000000001
2026-05-03 10:50:00,10445.6
2026-05-03 11:00:00,14176.166666666666
2026-05-03 11:10:00,16265.650000000001
2026-05-03 11:20:00,17126.5
2026-05-03 11:30:00,18267.65
2026-05-03 11:40:00,15367.466666666667
2026-05-03 11:50:00,17656.95
2026-05-03 12:00:00,7840.333333333333
2026-05-03 12:10:00,5660.950000000001
2026-05-03 12:20:00,5386.033333333334
2026-05-03 12:30:00,5091.05
2026-05-03 12:40:00,4900.733333333333
2026-05-03 12:50:00,6733.599999999999
2026-05-03 13:00:00,7278.049999999999
2026-05-03 13:10:00,7047.566666666667
2026-05-03 13:20:00,10606.849999999999
2026-05-03 13:30:00,9801.533333333335
2026-05-03 13:40:00,7753.3
2026-05-03 13:50:00,8972.9
2026-05-03 14:00:00,9966
2026-05-03 14:10:00,10349.166666666666
2026-05-03 14:20:00,9914.4
2026-05-03 14:30:00,5501.466666666666
2026-05-03 14:40:00,3466.45
2026-05-03 14:50:00,5435.5
2026-05-03 15:00:00,6793.1
2026-05-03 15:10:00,4501.533333333334
2026-05-03 15:20:00,4236.25
2026-05-03 15:30:00,4878.533333333334
2026-05-03 15:40:00,3219.15
2026-05-03 15:50:00,1954
2026-05-03 16:00:00,1392.4
2026-05-03 16:10:00,785.6
2026-05-03 16:20:00,613.95
2026-05-03 16:30:00,487.28000000000003
2026-05-03 16:40:00,431.17499999999995
2026-05-03 16:50:00,313.65714285714284
2026-05-03 17:00:00,154.27499999999998
2026-05-03 17:10:00,78.85000000000001
2026-05-03 17:20:00,95.175
2026-05-03 17:30:00,61.85000000000001
2026-05-03 17:40:00,40.166666666666664
2026-05-03 17:50:00,20.8
2026-05-03 18:00:00,6.466666666666666
2026-05-03 18:10:00,4.3
2026-05-03 18:20:00,4.3
2026-05-03 18:30:00,4.3
2026-05-03 18:40:00,4.3
2026-05-03 18:50:00,4.3
2026-05-03 19:00:00,4.3
2026-05-03 19:10:00,4.3
2026-05-03 19:20:00,4.3
2026-05-03 19:30:00,4.3
2026-05-03 19:40:00,4.3
2026-05-03 19:50:00,4.3
2026-05-03 20:00:00,4.3
2026-05-03 20:10:00,4.3
2026-05-03 20:20:00,4.3
2026-05-03 20:30:00,4.3
2026-05-03 20:40:00,4.3
2026-05-03 20:50:00,4.3
2026-05-03 21:00:00,4.3
2026-05-03 21:10:00,4.3
2026-05-03 21:20:00,4.3
2026-05-03 21:30:00,4.3
2026-05-03 21:40:00,4.3
2026-05-03 21:50:00,4.3
2026-05-03 22:00:00,4.3
2026-05-03 22:10:00,4.3
2026-05-03 22:20:00,4.3
2026-05-03 22:30:00,4.3
2026-05-03 22:40:00,4.3
2026-05-03 22:50:00,4.3
2026-05-03 23:00:00,4.3
2026-05-03 23:10:00,4.3
2026-05-03 23:20:00,4.3
2026-05-03 23:30:00,4.3
2026-05-03 23:40:00,4.3
2026-05-03 23:50:00,4.3
2026-05-04 00:00:00,4.3
2026-05-04 00:10:00,4.3
2026-05-04 00:20:00,4.3
2026-05-04 00:30:00,4.3
2026-05-04 00:40:00,4.3
2026-05-04 00:50:00,4.3
2026-05-04 01:00:00,4.3
2026-05-04 01:10:00,4.3
2026-05-04 01:20:00,4.3
2026-05-04 01:30:00,4.3
2026-05-04 01:40:00,4.3
2026-05-04 01:50:00,4.3
2026-05-04 02:00:00,4.3
2026-05-04 02:10:00,4.3
2026-05-04 02:20:00,4.3
2026-05-04 02:30:00,4.3
2026-05-04 02:40:00,4.3
2026-05-04 02:50:00,4.3
2026-05-04 03:00:00,4.3
2026-05-04 03:10:00,4.3
2026-05-04 03:20:00,4.3
2026-05-04 03:30:00,4.3
2026-05-04 03:40:00,4.3
2026-05-04 03:50:00,4.3
2026-05-04 04:00:00,4.3
2026-05-04 04:10:00,4.3
2026-05-04 04:20:00,4.3
2026-05-04 04:30:00,4.3
2026-05-04 04:40:00,4.3
2026-05-04 04:50:00,4.3
2026-05-04 05:00:00,4.3
2026-05-04 05:10:00,14.366666666666667
2026-05-04 05:20:00,75.25
2026-05-04 05:30:00,225.79999999999998
2026-05-04 05:40:00,438.70000000000005
2026-05-04 05:50:00,734.0333333333333
2026-05-04 06:00:00,949.4000000000001
2026-05-04 06:10:00,1430.0333333333335
2026-05-04 06:20:00,3991.1499999999996
2026-05-04 06:30:00,5082.1
2026-05-04 06:40:00,5988.85
2026-05-04 06:50:00,6865.533333333333
2026-05-04 07:00:00,7617.75
2026-05-04 07:10:00,8381.566666666668
2026-05-04 07:20:00,8976.85
2026-05-04 07:30:00,9631.633333333333
2026-05-04 07:40:00,10223
2026-05-04 07:50:00,10162.8
2026-05-04 08:00:00,11429.400000000001
2026-05-04 08:10:00,11997.066666666666
2026-05-04 08:20:00,12435.75
2026-05-04 08:30:00,12840.766666666668
2026-05-04 08:40:00,13295.900000000001
2026-05-04 08:50:00,13730.300000000001
2026-05-04 09:00:00,14105.55
2026-05-04 09:10:00,14442.800000000001
2026-05-04 09:20:00,14821.6
2026-05-04 09:30:00,15100.1
2026-05-04 09:40:00,15323.75
2026-05-04 09:50:00,15513.699999999999
2026-05-04 10:00:00,15749.5
2026-05-04 10:10:00,15993.966666666665
2026-05-04 10:20:00,16147.35
2026-05-04 10:30:00,16297.866666666667
2026-05-04 10:40:00,16560.199999999997
2026-05-04 10:50:00,16905.733333333334
2026-05-04 11:00:00,16707.5
2026-05-04 11:10:00,17000.333333333332
2026-05-04 11:20:00,17464.5
2026-05-04 11:30:00,14276.5
2026-05-04 11:40:00,13068
2026-05-04 11:50:00,18003.166666666668
2026-05-04 12:00:00,13960.4
2026-05-04 12:10:00,11038
2026-05-04 12:20:00,6349.05
2026-05-04 12:30:00,4264.966666666666
2026-05-04 12:40:00,4744.85
2026-05-04 12:50:00,4229.133333333334
2026-05-04 13:00:00,4088.9500000000003
2026-05-04 13:10:00,5295.733333333334
2026-05-04 13:20:00,7939.266666666666
2026-05-04 13:30:00,10750.95
2026-05-04 13:40:00,14259.300000000001
2026-05-04 13:50:00,11764.85
2026-05-04 14:00:00,4718.000000000001
2026-05-04 14:10:00,4864.2
2026-05-04 14:20:00,4156.033333333333
2026-05-04 14:30:00,2448.2
2026-05-04 14:40:00,1423.5666666666666
2026-05-04 14:50:00,1341.1333333333334
2026-05-04 15:00:00,1383.775
2026-05-04 15:10:00,971.2666666666668
2026-05-04 15:20:00,1100.7
2026-05-04 15:30:00,1631.177777777778
2026-05-04 15:40:00,1196.9199999999998
2026-05-04 15:50:00,416.04117647058825
2026-05-04 16:00:00,450.5578947368421
2026-05-04 16:10:00,552.125
2026-05-04 16:50:00,244.05
2026-05-04 17:00:00,181.7
2026-05-04 17:10:00,137.63333333333333
2026-05-04 17:20:00,83.89999999999999
2026-05-04 17:30:00,60.93333333333333
2026-05-04 17:40:00,16.5
2026-05-04 17:50:00,8.6
2026-05-04 18:00:00,5.033333333333334
2026-05-04 18:10:00,4.3
2026-05-04 18:20:00,4.3
2026-05-04 18:30:00,4.3
2026-05-04 18:40:00,4.3
2026-05-04 18:50:00,4.3
2026-05-04 19:00:00,4.3
2026-05-04 19:10:00,4.3
2026-05-04 19:20:00,4.3
2026-05-04 19:30:00,4.3
2026-05-04 19:40:00,4.3
2026-05-04 19:50:00,4.3
2026-05-04 20:00:00,4.3
2026-05-04 20:10:00,4.3
2026-05-04 20:20:00,4.3
2026-05-04 20:30:00,4.3
2026-05-04 20:40:00,4.3
2026-05-04 20:50:00,4.3
2026-05-04 21:00:00,4.3
2026-05-04 21:10:00,4.3
2026-05-04 21:20:00,4.3
2026-05-04 21:30:00,4.3
2026-05-04 21:40:00,4.3
2026-05-04 21:50:00,4.3
2026-05-04 22:00:00,4.3
2026-05-04 22:10:00,4.3
2026-05-04 22:20:00,4.3
2026-05-04 22:30:00,4.3
2026-05-04 22:40:00,4.3
2026-05-04 22:50:00,4.3
2026-05-04 23:00:00,4.3
2026-05-04 23:10:00,4.3
2026-05-04 23:20:00,4.3
2026-05-04 23:30:00,4.3
2026-05-04 23:40:00,4.3
2026-05-04 23:50:00,4.3
2026-05-05 00:00:00,4.3
2026-05-05 00:10:00,4.3
2026-05-05 00:20:00,4.3
2026-05-05 00:30:00,4.3
2026-05-05 00:40:00,4.3
2026-05-05 00:50:00,4.3
2026-05-05 01:00:00,4.3
2026-05-05 01:10:00,4.3
2026-05-05 01:20:00,4.3
2026-05-05 01:30:00,4.3
2026-05-05 01:40:00,4.3
2026-05-05 01:50:00,4.3
2026-05-05 02:00:00,4.3
2026-05-05 02:10:00,4.3
2026-05-05 02:20:00,4.3
2026-05-05 02:30:00,4.3
2026-05-05 02:40:00,4.3
2026-05-05 02:50:00,4.3
2026-05-05 03:00:00,4.3
2026-05-05 03:10:00,4.3
2026-05-05 03:20:00,4.3
2026-05-05 03:30:00,4.3
2026-05-05 03:40:00,4.3
2026-05-05 03:50:00,4.3
2026-05-05 04:00:00,4.3
2026-05-05 04:10:00,4.3
2026-05-05 04:20:00,4.3
2026-05-05 04:30:00,4.3
2026-05-05 04:40:00,4.3
2026-05-05 04:50:00,4.3
2026-05-05 05:00:00,4.3
2026-05-05 05:10:00,9.333333333333334
2026-05-05 05:20:00,54.85
2026-05-05 05:30:00,200.73333333333335
2026-05-05 05:40:00,582.75
2026-05-05 05:50:00,576.3333333333334
2026-05-05 06:00:00,421.45
2026-05-05 06:10:00,599.9666666666666
2026-05-05 06:20:00,484.9
2026-05-05 06:30:00,830.7666666666668
2026-05-05 06:40:00,956.95
2026-05-05 06:50:00,709.6333333333332
2026-05-05 07:00:00,1289.2
2026-05-05 07:10:00,1992
2026-05-05 07:20:00,3384.7
2026-05-05 07:30:00,4879.966666666666
2026-05-05 07:40:00,4812.6
2026-05-05 07:50:00,4631.966666666667
2026-05-05 08:00:00,4316.950000000001
2026-05-05 08:10:00,3837.066666666667
2026-05-05 08:20:00,4469.6
2026-05-05 08:30:00,4998.966666666667
2026-05-05 08:40:00,5403.95
2026-05-05 08:50:00,5508.600000000001
2026-05-05 09:00:00,6096.4
2026-05-05 09:10:00,7487.7
2026-05-05 09:20:00,7522.1
2026-05-05 09:30:00,10612.233333333334
2026-05-05 09:40:00,10575.7
2026-05-05 09:50:00,11112.566666666666
2026-05-05 10:00:00,10819.75
2026-05-05 10:10:00,10498.966666666667
2026-05-05 10:20:00,10755.25
2026-05-05 10:30:00,8987.233333333334
2026-05-05 10:40:00,8896.25
2026-05-05 10:50:00,8377.233333333332
2026-05-05 11:00:00,11753
2026-05-05 11:10:00,18011.733333333334
2026-05-05 11:20:00,13969
2026-05-05 11:30:00,12230.033333333333
2026-05-05 11:40:00,13375.5
2026-05-05 11:50:00,9605.1
2026-05-05 12:00:00,9248.849999999999
2026-05-05 12:10:00,8795.133333333333
2026-05-05 12:20:00,11358.4
2026-05-05 12:30:00,10156.333333333332
2026-05-05 12:40:00,7128.6
2026-05-05 12:50:00,6371.633333333334
2026-05-05 13:00:00,7199.55
2026-05-05 13:10:00,8970.733333333332
2026-05-05 13:20:00,8857.5
2026-05-05 13:30:00,9370.733333333334
2026-05-05 13:40:00,9512.3
2026-05-05 13:50:00,7810.966666666667
2026-05-05 14:00:00,10746.599999999999
2026-05-05 14:10:00,8443.9
2026-05-05 14:20:00,13485.15
2026-05-05 14:30:00,10900.366666666667
2026-05-05 14:40:00,7288.799999999999
2026-05-05 14:50:00,7183.033333333333
2026-05-05 15:00:00,6439.35
2026-05-05 15:10:00,6268.400000000001
2026-05-05 15:20:00,5350.2
2026-05-05 15:30:00,4295.066666666667
2026-05-05 15:40:00,1526.8000000000002
2026-05-05 15:50:00,1252.9666666666665
2026-05-05 16:00:00,653.75
2026-05-05 16:10:00,261.6
2026-05-05 16:20:00,248.70000000000002
2026-05-05 16:30:00,290.35
2026-05-05 16:40:00,277.43333333333334
2026-05-05 16:50:00,279.56666666666666
2026-05-05 17:00:00,274.2
2026-05-05 17:10:00,240.8
2026-05-05 17:20:00,196.75
2026-05-05 17:30:00,149.45
2026-05-05 17:40:00,57
2026-05-05 17:50:00,32.300000000000004
2026-05-05 18:00:00,17.2
2026-05-05 18:10:00,5.033333333333334
2026-05-05 18:20:00,4.3
2026-05-05 18:30:00,4.3
2026-05-05 18:40:00,4.3
2026-05-05 18:50:00,4.3
2026-05-05 19:00:00,4.3
2026-05-05 19:10:00,4.3
2026-05-05 19:20:00,4.3
2026-05-05 19:30:00,4.3
2026-05-05 19:40:00,4.3
2026-05-05 19:50:00,4.3
2026-05-05 20:00:00,4.3
2026-05-05 20:10:00,4.3
2026-05-05 20:20:00,4.3
2026-05-05 20:30:00,4.3
2026-05-05 20:40:00,4.3
2026-05-05 20:50:00,4.3
2026-05-05 21:00:00,4.3
2026-05-05 21:10:00,4.3
2026-05-05 21:20:00,4.3
2026-05-05 21:30:00,4.3
2026-05-05 21:40:00,4.3
2026-05-05 21:50:00,4.3
2026-05-05 22:00:00,4.3
2026-05-05 22:10:00,4.3
2026-05-05 22:20:00,4.3
2026-05-05 22:30:00,4.3
2026-05-05 22:40:00,4.3
2026-05-05 22:50:00,4.3
2026-05-05 23:00:00,4.3
2026-05-05 23:10:00,4.3
2026-05-05 23:20:00,4.3
2026-05-05 23:30:00,4.3
2026-05-05 23:40:00,4.3
2026-05-05 23:50:00,4.3
2026-05-06 00:00:00,4.3
2026-05-06 00:10:00,4.3
2026-05-06 00:20:00,4.3
2026-05-06 00:30:00,4.3
2026-05-06 00:40:00,4.3
2026-05-06 00:50:00,4.3
2026-05-06 01:00:00,4.3
2026-05-06 01:10:00,4.3
2026-05-06 01:20:00,4.3
2026-05-06 01:30:00,4.3
2026-05-06 01:40:00,4.3
2026-05-06 01:50:00,4.3
2026-05-06 02:00:00,4.3
2026-05-06 02:10:00,4.3
2026-05-06 02:20:00,4.3
2026-05-06 02:30:00,4.3
2026-05-06 02:40:00,4.3
2026-05-06 02:50:00,4.3
2026-05-06 03:00:00,4.3
2026-05-06 03:10:00,4.3
2026-05-06 03:20:00,4.3
2026-05-06 03:30:00,4.3
2026-05-06 03:40:00,4.3
2026-05-06 03:50:00,4.3
2026-05-06 04:00:00,4.3
2026-05-06 04:10:00,4.3
2026-05-06 04:20:00,4.3
2026-05-06 04:30:00,4.3
2026-05-06 04:40:00,4.3
2026-05-06 04:50:00,4.3
2026-05-06 05:00:00,5.733333333333333
2026-05-06 05:10:00,27.950000000000003
2026-05-06 05:20:00,131.86666666666667
2026-05-06 05:30:00,322.54999999999995
2026-05-06 05:40:00,826.4666666666666
2026-05-06 05:50:00,1485.9499999999998
2026-05-06 06:00:00,2627.0666666666666
2026-05-06 06:10:00,2998.7
2026-05-06 06:20:00,4466.366666666667
2026-05-06 06:30:00,5186.75
2026-05-06 06:40:00,6074.133333333332
2026-05-06 06:50:00,5628.65
2026-05-06 07:00:00,8278.333333333334
2026-05-06 07:10:00,8890.85
2026-05-06 07:20:00,8084.8
2026-05-06 07:30:00,5329.75
2026-05-06 07:40:00,5784.566666666666
2026-05-06 07:50:00,8122.049999999999
2026-05-06 08:00:00,5796.766666666666
2026-05-06 08:10:00,6024.35
2026-05-06 08:20:00,5806.766666666666
2026-05-06 08:30:00,6699.55
2026-05-06 08:40:00,6389.533333333333
2026-05-06 08:50:00,4578.200000000001
2026-05-06 09:00:00,5167.433333333333
2026-05-06 09:10:00,4752.4
2026-05-06 09:20:00,5605.366666666666
2026-05-06 09:30:00,5307.2
2026-05-06 09:40:00,5749.433333333334
2026-05-06 09:50:00,6603.85
2026-05-06 10:00:00,6742.6
2026-05-06 10:10:00,7086.3
2026-05-06 10:20:00,9147.8
2026-05-06 10:30:00,7877.633333333334
2026-05-06 10:40:00,8118.849999999999
2026-05-06 10:50:00,12227.166666666666
2026-05-06 11:00:00,9019.85
2026-05-06 11:10:00,8998.7
2026-05-06 11:20:00,15897.9
2026-05-06 11:30:00,10870.966666666667
2026-05-06 11:40:00,7598.450000000001
2026-05-06 11:50:00,17723.600000000002
2026-05-06 12:00:00,17556.95
2026-05-06 12:10:00,14796.933333333334
2026-05-06 12:20:00,8426.35
2026-05-06 12:30:00,12231.466666666667
2026-05-06 12:40:00,17305.35
2026-05-06 12:50:00,16909.3
2026-05-06 13:00:00,15921.55
2026-05-06 13:10:00,15307.933333333334
2026-05-06 13:20:00,16751.6
2026-05-06 13:30:00,15606.9
2026-05-06 13:40:00,13005.6
2026-05-06 13:50:00,9223.800000000001
2026-05-06 14:00:00,4627.65
2026-05-06 14:10:00,3859.2666666666664
2026-05-06 14:20:00,4136.299999999999
2026-05-06 14:30:00,4007.6333333333337
2026-05-06 14:40:00,3895.45
2026-05-06 14:50:00,2910.9
2026-05-06 15:00:00,2908.4
2026-05-06 15:10:00,3298.7000000000003
2026-05-06 15:20:00,3840.6
2026-05-06 15:30:00,3249.2666666666664
2026-05-06 15:40:00,2921.3500000000004
2026-05-06 15:50:00,2686.6
2026-05-06 16:00:00,2451.45
2026-05-06 16:10:00,1258.7
2026-05-06 16:20:00,696.75
2026-05-06 16:30:00,439.40000000000003
2026-05-06 16:40:00,379.55
2026-05-06 16:50:00,447.26666666666665
2026-05-06 17:00:00,340.85
2026-05-06 17:10:00,432.23333333333335
2026-05-06 17:20:00,401.05
2026-05-06 17:30:00,227.9333333333333
2026-05-06 17:40:00,169.85
2026-05-06 17:50:00,86.03333333333335
2026-05-06 18:00:00,19.35
2026-05-06 18:10:00,5.033333333333334
2026-05-06 18:20:00,4.3
2026-05-06 18:30:00,4.3
2026-05-06 18:40:00,4.3
2026-05-06 18:50:00,4.3
2026-05-06 19:00:00,4.3
2026-05-06 19:10:00,4.3
2026-05-06 19:20:00,4.3
2026-05-06 19:30:00,4.3
2026-05-06 19:40:00,4.3
2026-05-06 19:50:00,4.3
2026-05-06 20:00:00,4.3
2026-05-06 20:10:00,4.3
2026-05-06 20:20:00,4.3
2026-05-06 20:30:00,4.3
2026-05-06 20:40:00,4.3
2026-05-06 20:50:00,4.3
2026-05-06 21:00:00,4.3
2026-05-06 21:10:00,4.3
2026-05-06 21:20:00,4.3
2026-05-06 21:30:00,4.3
2026-05-06 21:40:00,4.3
2026-05-06 21:50:00,4.3
2026-05-06 22:00:00,4.3
2026-05-06 22:10:00,4.3
2026-05-06 22:20:00,4.3
2026-05-06 22:30:00,4.3
2026-05-06 22:40:00,4.3
2026-05-06 22:50:00,4.3
2026-05-06 23:00:00,4.3
2026-05-06 23:10:00,4.3
2026-05-06 23:20:00,4.3
2026-05-06 23:30:00,4.3
2026-05-06 23:40:00,4.3
2026-05-06 23:50:00,4.3
2026-05-07 00:00:00,4.3
2026-05-07 00:10:00,4.3
2026-05-07 00:20:00,4.3
2026-05-07 00:30:00,4.3
2026-05-07 00:40:00,4.3
2026-05-07 00:50:00,4.3
2026-05-07 01:00:00,4.3
2026-05-07 01:10:00,4.3
2026-05-07 01:20:00,4.3
2026-05-07 01:30:00,4.3
2026-05-07 01:40:00,4.3
2026-05-07 01:50:00,4.3
2026-05-07 02:00:00,4.3
2026-05-07 02:10:00,4.3
2026-05-07 02:20:00,4.3
2026-05-07 02:30:00,4.3
2026-05-07 02:40:00,4.3
2026-05-07 02:50:00,4.3
2026-05-07 03:00:00,4.3
2026-05-07 03:10:00,4.3
2026-05-07 03:20:00,4.3
2026-05-07 03:30:00,4.3
2026-05-07 03:40:00,4.3
2026-05-07 03:50:00,4.3
2026-05-07 04:00:00,4.3
2026-05-07 04:10:00,4.3
2026-05-07 04:20:00,4.3
2026-05-07 04:30:00,4.3
2026-05-07 04:40:00,4.3
2026-05-07 04:50:00,4.3
2026-05-07 05:00:00,5.033333333333333
2026-05-07 05:10:00,17.25
2026-05-07 05:20:00,85.33333333333333
2026-05-07 05:30:00,295.65
2026-05-07 05:40:00,615
2026-05-07 05:50:00,1062.3
2026-05-07 06:00:00,1543.2666666666667
2026-05-07 06:10:00,2707.3500000000004
2026-05-07 06:20:00,2995.5
2026-05-07 06:30:00,3989
2026-05-07 06:40:00,4010.4666666666667
2026-05-07 06:50:00,6414.65
2026-05-07 07:00:00,6125.766666666666
2026-05-07 07:10:00,7011.4
2026-05-07 07:20:00,8194.1
2026-05-07 07:30:00,8763.633333333333
2026-05-07 07:40:00,4867.450000000001
2026-05-07 07:50:00,4063.5333333333333
2026-05-07 08:00:00,2880.45
2026-05-07 08:10:00,4301.533333333334
2026-05-07 08:20:00,6116.8
2026-05-07 08:30:00,6500.633333333334
2026-05-07 08:40:00,11281
2026-05-07 08:50:00,7810.266666666666
2026-05-07 09:00:00,6952.25
2026-05-07 09:10:00,7661.166666666667
2026-05-07 09:20:00,10455.25
2026-05-07 09:30:00,12091.666666666666
2026-05-07 09:40:00,13893.7
2026-05-07 09:50:00,10302.566666666668
2026-05-07 10:00:00,15195.8
2026-05-07 10:10:00,13479.4
2026-05-07 10:20:00,13080.9
2026-05-07 10:30:00,11354.833333333334
2026-05-07 10:40:00,10297.2
2026-05-07 10:50:00,15930.166666666666
2026-05-07 11:00:00,11418.65
2026-05-07 11:10:00,13923.833333333334
2026-05-07 11:20:00,17526.85
2026-05-07 11:30:00,11845.133333333331
2026-05-07 11:40:00,9528.4
2026-05-07 11:50:00,12942.533333333333
2026-05-07 12:00:00,17086
2026-05-07 12:10:00,17351.566666666666
2026-05-07 12:20:00,17198.9
2026-05-07 12:30:00,15478.533333333335
2026-05-07 12:40:00,14967.849999999999
2026-05-07 12:50:00,13400.533333333333
2026-05-07 13:00:00,14751.7
2026-05-07 13:10:00,14688.633333333333
2026-05-07 13:20:00,12799.150000000001
2026-05-07 13:30:00,7212.466666666667
2026-05-07 13:40:00,6772.700000000001
2026-05-07 13:50:00,6936.5
2026-05-07 14:00:00,9876.8
2026-05-07 14:10:00,10754.866666666667
2026-05-07 14:20:00,11102.5
2026-05-07 14:30:00,10501.866666666667
2026-05-07 14:40:00,6188.85
2026-05-07 14:50:00,4368.2
2026-05-07 15:00:00,3407.35
2026-05-07 15:10:00,3191.1666666666665
2026-05-07 15:20:00,4265.35
2026-05-07 15:30:00,4737.333333333334
2026-05-07 15:40:00,3640.6
2026-05-07 15:50:00,2530.3333333333335
2026-05-07 16:00:00,3142.85
2026-05-07 16:10:00,3865.6666666666665
2026-05-07 16:20:00,3493.3
2026-05-07 16:30:00,3231.3333333333335
2026-05-07 16:40:00,2618.1
2026-05-07 16:50:00,1079.5
2026-05-07 17:00:00,629
2026-05-07 17:10:00,577.0333333333333
2026-05-07 17:20:00,633.3
2026-05-07 17:30:00,540.4666666666667
2026-05-07 17:40:00,243
2026-05-07 17:50:00,51.633333333333326
2026-05-07 18:00:00,11.85
2026-05-07 18:10:00,5.033333333333334
2026-05-07 18:20:00,4.3
2026-05-07 18:30:00,4.3
2026-05-07 18:40:00,4.3
2026-05-07 18:50:00,4.3
2026-05-07 19:00:00,4.3
2026-05-07 19:10:00,4.3
2026-05-07 19:20:00,4.3
2026-05-07 19:30:00,4.3
2026-05-07 19:40:00,4.3
2026-05-07 19:50:00,4.3
2026-05-07 20:00:00,4.3
2026-05-07 20:10:00,4.3
2026-05-07 20:20:00,4.3
2026-05-07 20:30:00,4.3
2026-05-07 20:40:00,4.3
2026-05-07 20:50:00,4.3
2026-05-07 21:00:00,4.3
2026-05-07 21:10:00,4.3
2026-05-07 21:20:00,4.3
2026-05-07 21:30:00,4.3
2026-05-07 21:40:00,4.3
2026-05-07 21:50:00,4.3
2026-05-07 22:00:00,4.3
2026-05-07 22:10:00,4.3
2026-05-07 22:20:00,4.3
2026-05-07 22:30:00,4.3
2026-05-07 22:40:00,4.3
2026-05-07 22:50:00,4.3
2026-05-07 23:00:00,4.3
2026-05-07 23:10:00,4.3
2026-05-07 23:20:00,4.3
2026-05-07 23:30:00,4.3
2026-05-07 23:40:00,4.3
2026-05-07 23:50:00,4.3
2026-05-08 00:00:00,4.3
2026-05-08 00:10:00,4.3
2026-05-08 00:20:00,4.3
2026-05-08 00:30:00,4.3
2026-05-08 00:40:00,4.3
2026-05-08 00:50:00,4.3
2026-05-08 01:00:00,4.3
2026-05-08 01:10:00,4.3
2026-05-08 01:20:00,4.3
2026-05-08 01:30:00,4.3
2026-05-08 01:40:00,4.3
2026-05-08 01:50:00,4.3
2026-05-08 02:00:00,4.3
2026-05-08 02:10:00,4.3
2026-05-08 02:20:00,4.3
2026-05-08 02:30:00,4.3
2026-05-08 02:40:00,4.3
2026-05-08 02:50:00,4.3
2026-05-08 03:00:00,4.3
2026-05-08 03:10:00,4.3
2026-05-08 03:20:00,4.3
2026-05-08 03:30:00,4.3
2026-05-08 03:40:00,4.3
2026-05-08 03:50:00,4.3
2026-05-08 04:00:00,4.3
2026-05-08 04:10:00,4.3
2026-05-08 04:20:00,4.3
2026-05-08 04:30:00,4.3
2026-05-08 04:40:00,4.3
2026-05-08 04:50:00,4.3
2026-05-08 05:00:00,7.2
2026-05-08 05:10:00,52.7
2026-05-08 05:20:00,227.9333333333333
2026-05-08 05:30:00,562.3
2026-05-08 05:40:00,974.8666666666667
2026-05-08 05:50:00,2000.95
2026-05-08 06:00:00,2803.366666666667
2026-05-08 06:10:00,3414.85
2026-05-08 06:20:00,4561
2026-05-08 06:30:00,5327.6
2026-05-08 06:40:00,5807.15
2026-05-08 06:50:00,6631.833333333333
2026-05-08 07:00:00,7556.5
2026-05-08 07:10:00,8253.933333333334
2026-05-08 07:20:00,8088.700000000001
2026-05-08 07:30:00,9490.433333333332
2026-05-08 07:40:00,10406.849999999999
2026-05-08 07:50:00,9873.933333333332
2026-05-08 08:00:00,11453
2026-05-08 08:10:00,12650.1
2026-05-08 08:20:00,7951.1
2026-05-08 08:30:00,10494.666666666666
2026-05-08 08:40:00,7068.4
2026-05-08 08:50:00,12227.9
2026-05-08 09:00:00,13853.95
2026-05-08 09:10:00,14478.633333333333
2026-05-08 09:20:00,13565.8
2026-05-08 09:30:00,14966.066666666666
2026-05-08 09:40:00,15283.95
2026-05-08 09:50:00,16133
2026-05-08 10:00:00,14919.5
2026-05-08 10:10:00,16086.4
2026-05-08 10:20:00,16125.849999999999
2026-05-08 10:30:00,16352.366666666667
2026-05-08 10:40:00,16661.3
2026-05-08 10:50:00,16397.5
2026-05-08 11:00:00,16892.449999999997
2026-05-08 11:10:00,17419.666666666668
2026-05-08 11:20:00,9461.75
2026-05-08 11:30:00,13586.233333333335
2026-05-08 11:40:00,16901.1
2026-05-08 11:50:00,16588.899999999998
2026-05-08 12:00:00,16786
2026-05-08 12:10:00,16681.366666666665
2026-05-08 12:20:00,16419.35
2026-05-08 12:30:00,16011.166666666666
2026-05-08 12:40:00,15323.75
2026-05-08 12:50:00,15893.633333333333
2026-05-08 13:00:00,15767.8
2026-05-08 13:10:00,15657.800000000001
2026-05-08 13:20:00,15136.7
2026-05-08 13:30:00,14942.433333333334
2026-05-08 13:40:00,14725.900000000001
2026-05-08 13:50:00,14434.933333333332
2026-05-08 14:00:00,14216.3
2026-05-08 14:10:00,13942.466666666667
2026-05-08 14:20:00,13576.55
2026-05-08 14:30:00,13203.433333333334
2026-05-08 14:40:00,13237.85
2026-05-08 14:50:00,12101
2026-05-08 15:00:00,11619.65
2026-05-08 15:10:00,11134.033333333333
2026-05-08 15:20:00,10663.85
2026-05-08 15:30:00,10036.633333333333
2026-05-08 15:40:00,9560.7
2026-05-08 15:50:00,8858.2
2026-05-08 16:00:00,8117.8
2026-05-08 16:10:00,7313.5
2026-05-08 16:20:00,6616.8
2026-05-08 16:30:00,5887.8
2026-05-08 16:40:00,5113.65
2026-05-08 16:50:00,3041.7
2026-05-08 17:00:00,1718.1999999999998
2026-05-08 17:10:00,1465.8333333333333
2026-05-08 17:20:00,1207.4499999999998
2026-05-08 17:30:00,1014.9666666666666
2026-05-08 17:40:00,562.3
2026-05-08 17:50:00,243
2026-05-08 18:00:00,59.150000000000006
2026-05-08 18:10:00,11.5
2026-05-08 18:20:00,4.3
2026-05-08 18:30:00,4.3
2026-05-08 18:40:00,4.3
2026-05-08 18:50:00,4.3
2026-05-08 19:00:00,4.3
2026-05-08 19:10:00,4.3
2026-05-08 19:20:00,4.3
2026-05-08 19:30:00,4.3
2026-05-08 19:40:00,4.3
2026-05-08 19:50:00,4.3
2026-05-08 20:00:00,4.3
2026-05-08 20:10:00,4.3
2026-05-08 20:20:00,4.3
2026-05-08 20:30:00,4.3
2026-05-08 20:40:00,4.3
2026-05-08 20:50:00,4.3
2026-05-08 21:00:00,4.3
2026-05-08 21:10:00,4.3
2026-05-08 21:20:00,4.3
2026-05-08 21:30:00,4.3
2026-05-08 21:40:00,4.3
2026-05-08 21:50:00,4.3
2026-05-08 22:00:00,4.3
2026-05-08 22:10:00,4.3
2026-05-08 22:20:00,4.3
2026-05-08 22:30:00,4.3
2026-05-08 22:40:00,4.3
2026-05-08 22:50:00,4.3
2026-05-08 23:00:00,4.3
2026-05-08 23:10:00,4.3
2026-05-08 23:20:00,4.3
2026-05-08 23:30:00,4.3
2026-05-08 23:40:00,4.3
2026-05-08 23:50:00,4.3
2026-05-09 00:00:00,4.3
2026-05-09 00:10:00,4.3
2026-05-09 00:20:00,4.3
2026-05-09 00:30:00,4.3
2026-05-09 00:40:00,4.3
2026-05-09 00:50:00,4.3
2026-05-09 01:00:00,4.3
2026-05-09 01:10:00,4.3
2026-05-09 01:20:00,4.3
2026-05-09 01:30:00,4.3
2026-05-09 01:40:00,4.3
2026-05-09 01:50:00,4.3
2026-05-09 02:00:00,4.3
2026-05-09 02:10:00,4.3
2026-05-09 02:20:00,4.3
2026-05-09 02:30:00,4.3
2026-05-09 02:40:00,4.3
2026-05-09 02:50:00,4.3
2026-05-09 03:00:00,4.3
2026-05-09 03:10:00,4.3
2026-05-09 03:20:00,4.3
2026-05-09 03:30:00,4.3
2026-05-09 03:40:00,4.3
2026-05-09 03:50:00,4.3
2026-05-09 04:00:00,4.3
2026-05-09 04:10:00,4.3
2026-05-09 04:20:00,4.3
2026-05-09 04:30:00,4.3
2026-05-09 04:40:00,4.3
2026-05-09 04:50:00,4.3
2026-05-09 05:00:00,7.2
2026-05-09 05:10:00,34.4
2026-05-09 05:20:00,157.66666666666666
2026-05-09 05:30:00,389.25
2026-05-09 05:40:00,677.4
2026-05-09 05:50:00,1665.5
2026-05-09 06:00:00,2525.3
2026-05-09 06:10:00,3465.3500000000004
2026-05-09 06:20:00,4359.566666666667
2026-05-09 06:30:00,5178.15
2026-05-09 06:40:00,6079.166666666667
2026-05-09 06:50:00,6907.1
2026-05-09 07:00:00,7509.2
2026-05-09 07:10:00,8178.666666666667
2026-05-09 07:20:00,8808.05
2026-05-09 07:30:00,9419.499999999998
2026-05-09 07:40:00,9985.400000000001
2026-05-09 07:50:00,9489.7
2026-05-09 08:00:00,11224
2026-05-09 08:10:00,11731.866666666667
2026-05-09 08:20:00,12198.1
2026-05-09 08:30:00,12716.033333333333
2026-05-09 08:40:00,13106.650000000001
2026-05-09 08:50:00,13548.966666666665
2026-05-09 09:00:00,13884.05
2026-05-09 09:10:00,14186.9
2026-05-09 09:20:00,14563.55
2026-05-09 09:30:00,15624.1
2026-05-09 09:40:00,15137.75
2026-05-09 09:50:00,15476.433333333334
2026-05-09 10:00:00,15982.85
2026-05-09 10:10:00,16154.5
2026-05-09 10:20:00,16094.65
2026-05-09 10:30:00,16565.933333333334
2026-05-09 10:40:00,16276.4
2026-05-09 10:50:00,16439.06666666667
2026-05-09 11:00:00,16369.9
2026-05-09 11:10:00,16620.433333333334
2026-05-09 11:20:00,16568.85
2026-05-09 11:30:00,16796.766666666666
2026-05-09 11:40:00,16480.65
2026-05-09 11:50:00,15462.799999999997
2026-05-09 12:00:00,12274.5
2026-05-09 12:10:00,17082.100000000002
2026-05-09 12:20:00,16688.2
2026-05-09 12:30:00,16621.13333333333
2026-05-09 12:40:00,15550.6
2026-05-09 12:50:00,12647.233333333332
2026-05-09 13:00:00,15828
2026-05-09 13:10:00,16155.966666666665
2026-05-09 13:20:00,11842.25
2026-05-09 13:30:00,15512.966666666667
2026-05-09 13:40:00,13558.3
2026-05-09 13:50:00,14573.966666666665
2026-05-09 14:00:00,14317.35
2026-05-09 14:10:00,14181.866666666667
2026-05-09 14:20:00,14432.400000000001
2026-05-09 14:30:00,12993.4
2026-05-09 14:40:00,12592.75
2026-05-09 14:50:00,12015.699999999999
2026-05-09 15:00:00,11703.55
2026-05-09 15:10:00,11210.766666666668
2026-05-09 15:20:00,10833.7
2026-05-09 15:30:00,10706.833333333334
2026-05-09 15:40:00,5507.15
2026-05-09 15:50:00,9108.366666666667
2026-05-09 16:00:00,5664.150000000001
2026-05-09 16:10:00,6941.5
2026-05-09 16:20:00,6463.05
2026-05-09 16:30:00,5579.600000000001
2026-05-09 16:40:00,4900.75
2026-05-09 16:50:00,3383.3000000000006
2026-05-09 17:00:00,1694.5
2026-05-09 17:10:00,1545.4333333333334
2026-05-09 17:20:00,1350.45
2026-05-09 17:30:00,916.8000000000001
2026-05-09 17:40:00,468.8
2026-05-09 17:50:00,176.33333333333334
2026-05-09 18:00:00,37.65
2026-05-09 18:10:00,8.6
2026-05-09 18:20:00,4.3
2026-05-09 18:30:00,4.3
2026-05-09 18:40:00,4.3
2026-05-09 18:50:00,4.3
2026-05-09 19:00:00,4.3
2026-05-09 19:10:00,4.3
2026-05-09 19:20:00,4.3
2026-05-09 19:30:00,4.3
2026-05-09 19:40:00,4.3
2026-05-09 19:50:00,4.3
2026-05-09 20:00:00,4.3
2026-05-09 20:10:00,4.3
2026-05-09 20:20:00,4.3
2026-05-09 20:30:00,4.3
2026-05-09 20:40:00,4.3
2026-05-09 20:50:00,4.3
2026-05-09 21:00:00,4.3
2026-05-09 21:10:00,4.3
2026-05-09 21:20:00,4.3
2026-05-09 21:30:00,4.3
2026-05-09 21:40:00,4.3
2026-05-09 21:50:00,4.3
2026-05-09 22:00:00,4.3
2026-05-09 22:10:00,4.3
2026-05-09 22:20:00,4.3
2026-05-09 22:30:00,4.3
2026-05-09 22:40:00,4.3
2026-05-09 22:50:00,4.3
2026-05-09 23:00:00,4.3
2026-05-09 23:10:00,4.3
2026-05-09 23:20:00,4.3
2026-05-09 23:30:00,4.3
2026-05-09 23:40:00,4.3
2026-05-09 23:50:00,4.3
2026-05-10 00:00:00,4.3
2026-05-10 00:10:00,4.3
2026-05-10 00:20:00,4.3
2026-05-10 00:30:00,4.3
2026-05-10 00:40:00,4.3
2026-05-10 00:50:00,4.3
2026-05-10 01:00:00,4.3
2026-05-10 01:10:00,4.3
2026-05-10 01:20:00,4.3
2026-05-10 01:30:00,4.3
2026-05-10 01:40:00,4.3
2026-05-10 01:50:00,4.3
2026-05-10 02:00:00,4.3
2026-05-10 02:10:00,4.3
2026-05-10 02:20:00,4.3
2026-05-10 02:30:00,4.3
2026-05-10 02:40:00,4.3
2026-05-10 02:50:00,4.3
2026-05-10 03:00:00,4.3
2026-05-10 03:10:00,4.3
2026-05-10 03:20:00,4.3
2026-05-10 03:30:00,4.3
2026-05-10 03:40:00,4.3
2026-05-10 03:50:00,4.3
2026-05-10 04:00:00,4.3
2026-05-10 04:10:00,4.3
2026-05-10 04:20:00,4.3
2026-05-10 04:30:00,4.3
2026-05-10 04:40:00,4.3
2026-05-10 04:50:00,4.3
2026-05-10 05:00:00,7.2
2026-05-10 05:10:00,32.25
2026-05-10 05:20:00,134.76666666666665
2026-05-10 05:30:00,403.20000000000005
2026-05-10 05:40:00,781.3333333333334
2026-05-10 05:50:00,1406.35
2026-05-10 06:00:00,2575.433333333333
2026-05-10 06:10:00,3352.5
2026-05-10 06:20:00,4372.466666666666
2026-05-10 06:30:00,5194.3
2026-05-10 06:40:00,6122.900000000001
2026-05-10 06:50:00,6992.049999999999
2026-05-10 07:00:00,8269.35
2026-05-10 07:10:00,9156.400000000001
2026-05-10 07:20:00,9449.95
2026-05-10 07:30:00,9845.233333333332
2026-05-10 07:40:00,7324.25
2026-05-10 07:50:00,9605.1
2026-05-10 08:00:00,9196.15
2026-05-10 08:10:00,10154.199999999999
2026-05-10 08:20:00,11377.75
2026-05-10 08:30:00,12622.866666666669
2026-05-10 08:40:00,11718.6
2026-05-10 08:50:00,12097.433333333334
2026-05-10 09:00:00,15092.6
2026-05-10 09:10:00,15476.433333333334
2026-05-10 09:20:00,12156.2
2026-05-10 09:30:00,13755.4
2026-05-10 09:40:00,11993.85
2026-05-10 09:50:00,16241.266666666668
2026-05-10 10:00:00,16636.6
2026-05-10 10:10:00,14255
2026-05-10 10:20:00,8257.55
2026-05-10 10:30:00,12363.4
2026-05-10 10:40:00,16918.25
2026-05-10 10:50:00,14032.800000000001
2026-05-10 11:00:00,13708.800000000001
2026-05-10 11:10:00,17170.933333333334
2026-05-10 11:20:00,16382.849999999999
2026-05-10 11:30:00,16543
2026-05-10 11:40:00,16748.35
2026-05-10 11:50:00,16643.399999999998
2026-05-10 12:00:00,16944.05
2026-05-10 12:10:00,12695.933333333334
2026-05-10 12:20:00,13155.1
2026-05-10 12:30:00,12300.300000000001
2026-05-10 12:40:00,8687.65
2026-05-10 12:50:00,9268.933333333332
2026-05-10 13:00:00,8500.55
2026-05-10 13:10:00,14259.299999999997
2026-05-10 13:20:00,11158.4
2026-05-10 13:30:00,7938.566666666667
2026-05-10 13:40:00,7872.6
2026-05-10 13:50:00,10884.633333333333
2026-05-10 14:00:00,11592.8
2026-05-10 14:10:00,14780.366666666669
2026-05-10 14:20:00,10495.05
2026-05-10 14:30:00,14408.4
2026-05-10 14:40:00,7345.75
2026-05-10 14:50:00,13288.066666666666
2026-05-10 15:00:00,11873.45
2026-05-10 15:10:00,11486.733333333332
2026-05-10 15:20:00,11121.9
2026-05-10 15:30:00,5871.333333333333
2026-05-10 15:40:00,7438.25
2026-05-10 15:50:00,6335.066666666666
2026-05-10 16:00:00,3569.65
2026-05-10 16:10:00,3905.8333333333335
2026-05-10 16:20:00,6606
2026-05-10 16:30:00,3948.133333333333
2026-05-10 16:40:00,1477.3
2026-05-10 16:50:00,1028.95
2026-05-10 17:00:00,1496.7
2026-05-10 17:10:00,1647.2333333333333
2026-05-10 17:20:00,1425.6999999999998
2026-05-10 17:30:00,1088.1333333333332
2026-05-10 17:40:00,633.3
2026-05-10 17:50:00,265.90000000000003
2026-05-10 18:00:00,66.7
2026-05-10 18:10:00,12.200000000000001
2026-05-10 18:20:00,4.3
2026-05-10 18:30:00,4.3
2026-05-10 18:40:00,4.3
2026-05-10 18:50:00,4.3
2026-05-10 19:00:00,4.3
2026-05-10 19:10:00,4.3
2026-05-10 19:20:00,4.3
2026-05-10 19:30:00,4.3
2026-05-10 19:40:00,4.3
2026-05-10 19:50:00,4.3
2026-05-10 20:00:00,4.3
2026-05-10 20:10:00,4.3
2026-05-10 20:20:00,4.3
2026-05-10 20:30:00,4.3
2026-05-10 20:40:00,4.3
2026-05-10 20:50:00,4.3
2026-05-10 21:00:00,4.3
2026-05-10 21:10:00,4.3
2026-05-10 21:20:00,4.3
2026-05-10 21:30:00,4.3
2026-05-10 21:40:00,4.3
2026-05-10 21:50:00,4.3
2026-05-10 22:00:00,4.3
2026-05-10 22:10:00,4.3
2026-05-10 22:20:00,4.3
2026-05-10 22:30:00,4.3
2026-05-10 22:40:00,4.3
2026-05-10 22:50:00,4.3
2026-05-10 23:00:00,4.3
2026-05-10 23:10:00,4.3
2026-05-10 23:20:00,4.3
2026-05-10 23:30:00,4.3
2026-05-10 23:40:00,4.3
2026-05-10 23:50:00,4.3
2026-05-11 00:00:00,4.3
2026-05-11 00:10:00,4.3
2026-05-11 00:20:00,4.3
2026-05-11 00:30:00,4.3
2026-05-11 00:40:00,4.3
2026-05-11 00:50:00,4.3
2026-05-11 01:00:00,4.3
2026-05-11 01:10:00,4.3
2026-05-11 01:20:00,4.3
2026-05-11 01:30:00,4.3
2026-05-11 01:40:00,4.3
2026-05-11 01:50:00,4.3
2026-05-11 02:00:00,4.3
2026-05-11 02:10:00,4.3
2026-05-11 02:20:00,4.3
2026-05-11 02:30:00,4.3
2026-05-11 02:40:00,4.3
2026-05-11 02:50:00,4.3
2026-05-11 03:00:00,4.3
2026-05-11 03:10:00,4.3
2026-05-11 03:20:00,4.3
2026-05-11 03:30:00,4.3
2026-05-11 03:40:00,4.3
2026-05-11 03:50:00,4.3
2026-05-11 04:00:00,4.3
2026-05-11 04:10:00,4.3
2026-05-11 04:20:00,4.3
2026-05-11 04:30:00,4.3
2026-05-11 04:40:00,4.3
2026-05-11 04:50:00,4.3
2026-05-11 05:00:00,7.2
2026-05-11 05:10:00,34.4
2026-05-11 05:20:00,154.79999999999998
2026-05-11 05:30:00,390.3
2026-05-11 05:40:00,843
2026-05-11 05:50:00,1936.4499999999998
2026-05-11 06:00:00,2880.8333333333335
2026-05-11 06:10:00,2520.3
2026-05-11 06:20:00,2413.4666666666667
2026-05-11 06:30:00,3055.7
2026-05-11 06:40:00,7026.450000000001
2026-05-11 06:50:00,6988.100000000001
2026-05-11 07:00:00,7613.5
2026-05-11 07:10:00,7152.966666666666
2026-05-11 07:20:00,6612.45
2026-05-11 07:30:00,9635.966666666665
2026-05-11 07:40:00,10092.9
2026-05-11 07:50:00,9046
2026-05-11 08:00:00,5643.75
2026-05-11 08:10:00,6842.566666666667
2026-05-11 08:20:00,12902.400000000001
2026-05-11 08:30:00,12736.133333333331
2026-05-11 08:40:00,13164.75
2026-05-11 08:50:00,13512.4
2026-05-11 09:00:00,13961.5
2026-05-11 09:10:00,14370.4
2026-05-11 09:20:00,14787.2
2026-05-11 09:30:00,15044.933333333334
2026-05-11 09:40:00,15259.25
2026-05-11 09:50:00,15666.366666666667
2026-05-11 10:00:00,16617.2
2026-05-11 10:10:00,16012.6
2026-05-11 10:20:00,16107.55
2026-05-11 10:30:00,16448.4
2026-05-11 10:40:00,16816.1
2026-05-11 10:50:00,15382.533333333335
2026-05-11 11:00:00,17175.25
2026-05-11 11:10:00,13801.233333333332
2026-05-11 11:20:00,17098.9
2026-05-11 11:30:00,17042.666666666668
2026-05-11 11:40:00,16704.300000000003
2026-05-11 11:50:00,16611.133333333335
2026-05-11 12:00:00,8079.099999999999
2026-05-11 12:10:00,11562.699999999999
2026-05-11 12:20:00,14055
2026-05-11 12:30:00,13862.9
2026-05-11 12:40:00,16493.55
2026-05-11 12:50:00,13496.633333333333
2026-05-11 13:00:00,16528
2026-05-11 13:10:00,15732.333333333334
2026-05-11 13:20:00,15564.599999999999
2026-05-11 13:30:00,16302.9
2026-05-11 13:40:00,10650.9
2026-05-11 13:50:00,12759.066666666666
2026-05-11 14:00:00,13353.95
2026-05-11 14:10:00,13026.4
2026-05-11 14:20:00,10698.25
2026-05-11 14:30:00,9138.466666666665
2026-05-11 14:40:00,11199.3
2026-05-11 14:50:00,11822.199999999999
2026-05-11 15:00:00,10238.05
2026-05-11 15:10:00,6949.366666666666
2026-05-11 15:20:00,7333.950000000001
2026-05-11 15:30:00,5467.733333333334
2026-05-11 15:40:00,3516.95
2026-05-11 15:50:00,4376.099999999999
2026-05-11 16:00:00,2264.4
2026-05-11 16:10:00,1736.8
2026-05-11 16:20:00,2322.45
2026-05-11 16:30:00,3598.3333333333335
2026-05-11 16:40:00,3438.5
2026-05-11 16:50:00,2443.566666666666
2026-05-11 17:00:00,1412.85
2026-05-11 17:10:00,878.8000000000001
2026-05-11 17:20:00,292.45
2026-05-11 17:30:00,159.86666666666665
2026-05-11 17:40:00,150.55
2026-05-11 17:50:00,55.93333333333333
2026-05-11 18:00:00,25.849999999999998
2026-05-11 18:10:00,6.466666666666666
2026-05-11 18:20:00,4.3
2026-05-11 18:30:00,4.3
2026-05-11 18:40:00,4.3
2026-05-11 18:50:00,4.3
2026-05-11 19:00:00,4.3
2026-05-11 19:10:00,4.3
2026-05-11 19:20:00,4.3
2026-05-11 19:30:00,4.3
2026-05-11 19:40:00,4.3
2026-05-11 19:50:00,4.3
2026-05-11 20:00:00,4.3
2026-05-11 20:10:00,4.3
2026-05-11 20:20:00,4.3
2026-05-11 20:30:00,4.3
2026-05-11 20:40:00,4.3
2026-05-11 20:50:00,4.3
2026-05-11 21:00:00,4.3
2026-05-11 21:10:00,4.3
2026-05-11 21:20:00,4.3
2026-05-11 21:30:00,4.3
2026-05-11 21:40:00,4.3
2026-05-11 21:50:00,4.3
2026-05-11 22:00:00,4.3
2026-05-11 22:10:00,4.3
2026-05-11 22:20:00,4.3
2026-05-11 22:30:00,4.3
2026-05-11 22:40:00,4.3
2026-05-11 22:50:00,4.3
2026-05-11 23:00:00,4.3
2026-05-11 23:10:00,4.3
2026-05-11 23:20:00,4.3
2026-05-11 23:30:00,4.3
2026-05-11 23:40:00,4.3
2026-05-11 23:50:00,4.3
2026-05-12 00:00:00,4.3
2026-05-12 00:10:00,4.3
2026-05-12 00:20:00,4.3
2026-05-12 00:30:00,4.3
2026-05-12 00:40:00,4.3
2026-05-12 00:50:00,4.3
2026-05-12 01:00:00,4.3
2026-05-12 01:10:00,4.3
2026-05-12 01:20:00,4.3
2026-05-12 01:30:00,4.3
2026-05-12 01:40:00,4.3
2026-05-12 01:50:00,4.3
2026-05-12 02:00:00,4.3
2026-05-12 02:10:00,4.3
2026-05-12 02:20:00,4.3
2026-05-12 02:30:00,4.3
2026-05-12 02:40:00,4.3
2026-05-12 02:50:00,4.3
2026-05-12 03:00:00,4.3
2026-05-12 03:10:00,4.3
2026-05-12 03:20:00,4.3
2026-05-12 03:30:00,4.3
2026-05-12 03:40:00,4.3
2026-05-12 03:50:00,4.3
2026-05-12 04:00:00,4.3
2026-05-12 04:10:00,4.3
2026-05-12 04:20:00,4.3
2026-05-12 04:30:00,4.3
2026-05-12 04:40:00,4.3
2026-05-12 04:50:00,4.3
2026-05-12 05:00:00,5.733333333333333
2026-05-12 05:10:00,37.65
2026-05-12 05:20:00,164.86666666666667
2026-05-12 05:30:00,466.65
2026-05-12 05:40:00,855.8666666666667
2026-05-12 05:50:00,1271.95
2026-05-12 06:00:00,1380.5333333333335
2026-05-12 06:10:00,1936.4499999999998
2026-05-12 06:20:00,4934.433333333333
2026-05-12 06:30:00,4943.75
2026-05-12 06:40:00,4636.966666666666
2026-05-12 06:50:00,3405.15
2026-05-12 07:00:00,2904.1
2026-05-12 07:10:00,3123.1
2026-05-12 07:20:00,7927.450000000001
2026-05-12 07:30:00,9757.766666666668
2026-05-12 07:40:00,8832.75
2026-05-12 07:50:00,6853.333333333333
2026-05-12 08:00:00,7367.25
2026-05-12 08:10:00,5750.166666666667
2026-05-12 08:20:00,5467.4
2026-05-12 08:30:00,9295.466666666667
2026-05-12 08:40:00,7341.45
2026-05-12 08:50:00,6333.633333333334
2026-05-12 09:00:00,5150.2
2026-05-12 09:10:00,4609.733333333333
2026-05-12 09:20:00,3562.15
2026-05-12 09:30:00,5915.766666666667
2026-05-12 09:40:00,9584.35
2026-05-12 09:50:00,7665.466666666667
2026-05-12 10:00:00,6418.950000000001
2026-05-12 10:10:00,3996.1666666666665
2026-05-12 10:20:00,3990.0499999999997
2026-05-12 10:30:00,5785.3
2026-05-12 10:40:00,4050.25
2026-05-12 10:50:00,3695.1
2026-05-12 11:00:00,4419.1
2026-05-12 11:10:00,5839.766666666667
2026-05-12 11:20:00,6025.450000000001
2026-05-12 11:30:00,5304.3
2026-05-12 11:40:00,4399.75
2026-05-12 11:50:00,4316.6
2026-05-12 12:00:00,6203.9
2026-05-12 12:10:00,5345.933333333333
2026-05-12 12:20:00,4372.85
2026-05-12 12:30:00,4657.766666666666
2026-05-12 12:40:00,4988.95
2026-05-12 12:50:00,5434.066666666667
2026-05-12 13:00:00,6598.5
2026-05-12 13:10:00,6239.733333333334
2026-05-12 13:20:00,8064
2026-05-12 13:30:00,9416.6
2026-05-12 13:40:00,14098
2026-05-12 13:50:00,13420.633333333331
2026-05-12 14:00:00,12084.2
2026-05-12 14:10:00,11613.6
2026-05-12 14:20:00,6712.5
2026-05-12 14:30:00,5466.3
2026-05-12 14:40:00,5223.35
2026-05-12 14:50:00,3531.7000000000003
2026-05-12 15:00:00,2961.1000000000004
2026-05-12 15:10:00,4390.400000000001
2026-05-12 15:20:00,4726.6
2026-05-12 15:30:00,3394.066666666667
2026-05-12 15:40:00,2854.6499999999996
2026-05-12 15:50:00,2327.4666666666667
2026-05-12 16:00:00,1588.1
2026-05-12 16:10:00,940.4333333333334
2026-05-12 16:20:00,613.95
2026-05-12 16:30:00,623.6
2026-05-12 16:40:00,604.3
2026-05-12 16:50:00,558.05
2026-05-12 17:00:00,527.9
2026-05-12 17:10:00,397.1000000000001
2026-05-12 17:20:00,362.35
2026-05-12 17:30:00,225.80000000000004
2026-05-12 17:40:00,91.4
2026-05-12 17:50:00,40.166666666666664
2026-05-12 18:00:00,17.2
2026-05-12 18:10:00,6.466666666666666
2026-05-12 18:20:00,4.3
2026-05-12 18:30:00,4.3
2026-05-12 18:40:00,4.3
2026-05-12 18:50:00,4.3
2026-05-12 19:00:00,4.3
2026-05-12 19:10:00,4.3
2026-05-12 19:20:00,4.3
2026-05-12 19:30:00,4.3
2026-05-12 19:40:00,4.3
2026-05-12 19:50:00,4.3
2026-05-12 20:00:00,4.3
2026-05-12 20:10:00,4.3
2026-05-12 20:20:00,4.3
2026-05-12 20:30:00,4.3
2026-05-12 20:40:00,4.3
2026-05-12 20:50:00,4.3
2026-05-12 21:00:00,4.3
2026-05-12 21:10:00,4.3
2026-05-12 21:20:00,4.3
2026-05-12 21:30:00,4.3
2026-05-12 21:40:00,4.3
2026-05-12 21:50:00,4.3
2026-05-12 22:00:00,4.3
2026-05-12 22:10:00,4.3
2026-05-12 22:20:00,4.3
2026-05-12 22:30:00,4.3
2026-05-12 22:40:00,4.3
2026-05-12 22:50:00,4.3
2026-05-12 23:00:00,4.3
2026-05-12 23:10:00,4.3
2026-05-12 23:20:00,4.3
2026-05-12 23:30:00,4.3
2026-05-12 23:40:00,4.3
2026-05-12 23:50:00,4.3
2026-05-13 00:00:00,4.3
2026-05-13 00:10:00,4.3
2026-05-13 00:20:00,4.3
2026-05-13 00:30:00,4.3
2026-05-13 00:40:00,4.3
2026-05-13 00:50:00,4.3
2026-05-13 01:00:00,4.3
2026-05-13 01:10:00,4.3
2026-05-13 01:20:00,4.3
2026-05-13 01:30:00,4.3
2026-05-13 01:40:00,4.3
2026-05-13 01:50:00,4.3
2026-05-13 02:00:00,4.3
2026-05-13 02:10:00,4.3
2026-05-13 02:20:00,4.3
2026-05-13 02:30:00,4.3
2026-05-13 02:40:00,4.3
2026-05-13 02:50:00,4.3
2026-05-13 03:00:00,4.3
2026-05-13 03:10:00,4.3
2026-05-13 03:20:00,4.3
2026-05-13 03:30:00,4.3
2026-05-13 03:40:00,4.3
2026-05-13 03:50:00,4.3
2026-05-13 04:00:00,4.3
2026-05-13 04:10:00,4.3
2026-05-13 04:20:00,4.3
2026-05-13 04:30:00,4.3
2026-05-13 04:40:00,4.3
2026-05-13 04:50:00,4.3
2026-05-13 05:00:00,5.033333333333333
2026-05-13 05:10:00,19.35
2026-05-13 05:20:00,86.03333333333335
2026-05-13 05:30:00,250.55
2026-05-13 05:40:00,502.4666666666667
2026-05-13 05:50:00,775.2
2026-05-13 06:00:00,983.8
2026-05-13 06:10:00,1367.6666666666667
2026-05-13 06:20:00,1798.8
2026-05-13 06:30:00,2323.133333333333
2026-05-13 06:40:00,3084.75
2026-05-13 06:50:00,3827.7333333333336
2026-05-13 07:00:00,4349.15
2026-05-13 07:10:00,5189.633333333333
2026-05-13 07:20:00,6536.1
2026-05-13 07:30:00,8255.4
2026-05-13 07:40:00,9845.6
2026-05-13 07:50:00,9888.233333333334
2026-05-13 08:00:00,12271.25
2026-05-13 08:10:00,11683.866666666667
2026-05-13 08:20:00,12877.65
2026-05-13 08:30:00,12941.800000000001
2026-05-13 08:40:00,13393.75
2026-05-13 08:50:00,13428.5
2026-05-13 09:00:00,15149.55
2026-05-13 09:10:00,14938.800000000001
2026-05-13 09:20:00,15351.7
2026-05-13 09:30:00,12809.933333333334
2026-05-13 09:40:00,12719.650000000001
2026-05-13 09:50:00,9859.6
2026-05-13 10:00:00,8613.45
2026-05-13 10:10:00,10362.766666666665
2026-05-13 10:20:00,6097.450000000001
2026-05-13 10:30:00,5044.833333333333
2026-05-13 10:40:00,4721.2
2026-05-13 10:50:00,4307.233333333334
2026-05-13 11:00:00,6423.25
2026-05-13 11:10:00,7656.833333333333
2026-05-13 11:20:00,9022
2026-05-13 11:30:00,9067.5
2026-05-13 11:40:00,8969.3
2026-05-13 11:50:00,8229.566666666666
2026-05-13 12:00:00,9367.1
2026-05-13 12:10:00,7582.3
2026-05-13 12:20:00,7860.799999999999
2026-05-13 12:30:00,8126.366666666668
2026-05-13 12:40:00,10388.6
2026-05-13 12:50:00,11698.199999999999
2026-05-13 13:00:00,10842.3
2026-05-13 13:10:00,10748.4
2026-05-13 13:20:00,13132.5
2026-05-13 13:30:00,10601.466666666667
2026-05-13 13:40:00,10155.25
2026-05-13 13:50:00,7783
2026-05-13 14:00:00,6454.4
2026-05-13 14:10:00,8775.066666666666
2026-05-13 14:20:00,9527.3
2026-05-13 14:30:00,7378
2026-05-13 14:40:00,10442.35
2026-05-13 14:50:00,11367.733333333332
2026-05-13 15:00:00,8316.65
2026-05-13 15:10:00,8628.133333333333
2026-05-13 15:20:00,7486.6
2026-05-13 15:30:00,7756.5
2026-05-13 15:40:00,6943.65
2026-05-13 15:50:00,4593.266666666666
2026-05-13 16:00:00,4387.9
2026-05-13 16:10:00,3844.2000000000003
2026-05-13 16:20:00,3033.15
2026-05-13 16:30:00,2796.933333333333
2026-05-13 16:40:00,1955.75
2026-05-13 16:50:00,1364.7666666666667
2026-05-13 17:00:00,1173.0500000000002
2026-05-13 17:10:00,623.5999999999999
2026-05-13 17:20:00,319.35
2026-05-13 17:30:00,222.20000000000002
2026-05-13 17:40:00,83.9
2026-05-13 17:50:00,43
2026-05-13 18:00:00,20.099999999999998
2026-05-13 18:10:00,6.449999999999999
2026-05-13 18:20:00,4.3
2026-05-13 18:30:00,4.3
2026-05-13 18:40:00,4.3
2026-05-13 18:50:00,4.3
2026-05-13 19:00:00,4.3
2026-05-13 19:10:00,4.3
2026-05-13 19:20:00,4.3
2026-05-13 19:30:00,4.3
2026-05-13 19:40:00,4.3
2026-05-13 19:50:00,4.3
2026-05-13 20:00:00,4.3
2026-05-13 20:10:00,4.3
2026-05-13 20:20:00,4.3
2026-05-13 20:30:00,4.3
2026-05-13 20:40:00,4.3
2026-05-13 20:50:00,4.3
2026-05-13 21:00:00,4.3
2026-05-13 21:10:00,4.3
2026-05-13 21:20:00,4.3
2026-05-13 21:30:00,4.3
2026-05-13 21:40:00,4.3
2026-05-13 21:50:00,4.3
2026-05-13 22:00:00,4.3
2026-05-13 22:10:00,4.3
2026-05-13 22:20:00,4.3
2026-05-13 22:30:00,4.3
2026-05-13 22:40:00,4.3
2026-05-13 22:50:00,4.3
2026-05-13 23:00:00,4.3
2026-05-13 23:10:00,4.3
2026-05-13 23:20:00,4.3
2026-05-13 23:30:00,4.3
2026-05-14 00:10:00,4.3
2026-05-14 00:20:00,4.3
2026-05-14 00:30:00,4.3
2026-05-14 00:40:00,4.3
2026-05-14 00:50:00,4.3
2026-05-14 01:00:00,4.3
2026-05-14 01:10:00,4.3
2026-05-14 01:20:00,4.3
2026-05-14 01:30:00,4.3
2026-05-14 01:40:00,4.3
2026-05-14 01:50:00,4.3
2026-05-14 02:00:00,4.3
2026-05-14 02:10:00,4.3
2026-05-14 02:20:00,4.3
2026-05-14 02:30:00,4.3
2026-05-14 02:40:00,4.3
2026-05-14 02:50:00,4.3
2026-05-14 03:00:00,4.3
2026-05-14 03:10:00,4.3
2026-05-14 03:20:00,4.3
2026-05-14 03:30:00,4.3
2026-05-14 03:40:00,4.3
2026-05-14 03:50:00,4.3
2026-05-14 04:00:00,4.3
2026-05-14 04:10:00,4.3
2026-05-14 04:20:00,4.3
2026-05-14 04:30:00,4.3
2026-05-14 04:40:00,4.3
2026-05-14 04:50:00,4.3
2026-05-14 05:00:00,5.4
2026-05-14 05:10:00,30.100000000000005
2026-05-14 05:20:00,107.5
2026-05-14 05:30:00,329.73333333333335
2026-05-14 05:40:00,719.3
2026-05-14 05:50:00,1435.7666666666667
2026-05-14 06:00:00,2463.3
2026-05-14 06:10:00,3429.9
2026-05-14 06:20:00,4268.549999999999
2026-05-14 06:30:00,5155.233333333333
2026-05-14 06:40:00,6028.65
2026-05-14 06:50:00,6259.133333333334
2026-05-14 07:00:00,9745.6
2026-05-14 07:10:00,9937.699999999999
2026-05-14 07:20:00,6896.3
2026-05-14 07:30:00,8397.300000000001
2026-05-14 07:40:00,8474.7
2026-05-14 07:50:00,5734.400000000001
2026-05-14 08:00:00,6294.2
2026-05-14 08:10:00,8628.133333333333
2026-05-14 08:20:00,11270.25
2026-05-14 08:30:00,7762.233333333334
2026-05-14 08:40:00,9465
2026-05-14 08:50:00,9884.666666666666
2026-05-14 09:00:00,14550.650000000001
2026-05-14 09:10:00,14713.733333333332
2026-05-14 09:20:00,15033.45
2026-05-14 09:30:00,14774.666666666666
2026-05-14 09:40:00,14098
2026-05-14 09:50:00,13114.566666666666
2026-05-14 10:00:00,10488.6
2026-05-14 10:10:00,11291.766666666668
2026-05-14 10:20:00,9153.15
2026-05-14 10:30:00,13535.333333333334
2026-05-14 10:40:00,13036.8
2026-05-14 10:50:00,12436.466666666667
2026-05-14 11:00:00,11536.900000000001
2026-05-14 11:10:00,11483.833333333334
2026-05-14 11:20:00,11401.400000000001
2026-05-14 11:30:00,7026.8
2026-05-14 11:40:00,8879
2026-05-14 11:50:00,11002.166666666666
2026-05-14 12:00:00,15615.1
2026-05-14 12:10:00,15712.233333333332
2026-05-14 12:20:00,18146.15
2026-05-14 12:30:00,10500.433333333332
2026-05-14 12:40:00,12385.2
2026-05-14 12:50:00,9519.1
2026-05-14 13:00:00,9524.1
2026-05-14 13:10:00,9897.566666666668
2026-05-14 13:20:00,6314.65
2026-05-14 13:30:00,5270.633333333332
2026-05-14 13:40:00,3291.2
2026-05-14 13:50:00,2962.5333333333333
2026-05-14 14:00:00,3136.35
2026-05-14 14:10:00,3434.183333333334
2026-05-14 14:20:00,4892.377777777778
2026-05-14 14:30:00,4792.780000000001
2026-05-14 14:40:00,3377.2
2026-05-14 14:50:00,2491.6
2026-05-14 15:00:00,2130.3333333333335
2026-05-14 15:10:00,1456.9
2026-05-14 15:20:00,1174.1000000000001
2026-05-14 15:30:00,972
2026-05-14 15:40:00,511.06666666666666
2026-05-14 15:50:00,458
2026-05-14 16:00:00,615.7
2026-05-14 16:10:00,1022.5
2026-05-14 16:20:00,706.7333333333332
2026-05-14 16:30:00,427.9
2026-05-14 16:40:00,773.4333333333334
2026-05-14 16:50:00,1141.85
2026-05-14 17:00:00,833.6333333333333
2026-05-14 17:10:00,656.95
2026-05-14 17:20:00,474.5
2026-05-14 17:30:00,369.9
2026-05-14 17:40:00,349.8
2026-05-14 17:50:00,213.95
2026-05-14 18:00:00,57.36666666666667
2026-05-14 18:10:00,8.65
2026-05-14 18:20:00,4.3
2026-05-14 18:30:00,4.3
2026-05-14 18:40:00,4.3
2026-05-14 18:50:00,4.3
2026-05-14 19:00:00,4.3
2026-05-14 19:10:00,4.3
2026-05-14 19:20:00,4.3
2026-05-14 19:30:00,4.3
2026-05-14 19:40:00,4.3
2026-05-14 19:50:00,4.3
2026-05-14 20:00:00,4.3
2026-05-14 20:10:00,4.3
2026-05-14 20:20:00,4.3
2026-05-14 20:30:00,4.3
2026-05-14 20:40:00,4.3
2026-05-14 20:50:00,4.3
2026-05-14 21:00:00,4.3
2026-05-14 21:10:00,4.3
2026-05-14 21:20:00,4.3
2026-05-14 21:30:00,4.3
2026-05-14 21:40:00,4.3
2026-05-14 21:50:00,4.3
2026-05-14 22:00:00,4.3
2026-05-14 22:10:00,4.3
2026-05-14 22:20:00,4.3
2026-05-14 22:30:00,4.3
2026-05-14 22:40:00,4.3
2026-05-14 22:50:00,4.3
2026-05-14 23:00:00,4.3
2026-05-14 23:10:00,4.3
2026-05-14 23:20:00,4.3
2026-05-14 23:30:00,4.3
2026-05-14 23:40:00,4.3
2026-05-14 23:50:00,4.3
2026-05-15 00:00:00,4.3
2026-05-15 00:10:00,4.3
2026-05-15 00:20:00,4.3
2026-05-15 00:30:00,4.3
2026-05-15 00:40:00,4.3
2026-05-15 00:50:00,4.3
2026-05-15 01:00:00,4.3
2026-05-15 01:10:00,4.3
2026-05-15 01:20:00,4.3
2026-05-15 01:30:00,4.3
2026-05-15 01:40:00,4.3
2026-05-15 01:50:00,4.3
2026-05-15 02:00:00,4.3
2026-05-15 02:10:00,4.3
2026-05-15 02:20:00,4.3
2026-05-15 02:30:00,4.3
2026-05-15 02:40:00,4.3
2026-05-15 02:50:00,4.3
2026-05-15 03:00:00,4.3
2026-05-15 03:10:00,4.3
2026-05-15 03:20:00,4.3
2026-05-15 03:30:00,4.3
2026-05-15 03:40:00,4.3
2026-05-15 03:50:00,4.3
2026-05-15 04:00:00,4.3
2026-05-15 04:10:00,4.3
2026-05-15 04:20:00,4.3
2026-05-15 04:30:00,4.3
2026-05-15 04:40:00,4.3
2026-05-15 04:50:00,4.3
2026-05-15 05:00:00,5.4
2026-05-15 05:10:00,26.53333333333333
2026-05-15 05:20:00,103.25
2026-05-15 05:30:00,351.23333333333335
2026-05-15 05:40:00,698.85
2026-05-15 05:50:00,1225.7333333333333
2026-05-15 06:00:00,1906.35
2026-05-15 06:10:00,2402
2026-05-15 06:20:00,3433.15
2026-05-15 06:30:00,4960.966666666667
2026-05-15 06:40:00,6282.4
2026-05-15 06:50:00,6902.766666666666
2026-05-15 07:00:00,5195.35
2026-05-15 07:10:00,7096.333333333333
2026-05-15 07:20:00,7392
2026-05-15 07:30:00,10068.866666666667
2026-05-15 07:40:00,10268.2
2026-05-15 07:50:00,8304.833333333334
2026-05-15 08:00:00,12048.7
2026-05-15 08:10:00,7171.566666666667
2026-05-15 08:20:00,9325.2
2026-05-15 08:30:00,7693.399999999999
2026-05-15 08:40:00,14578.650000000001
2026-05-15 08:50:00,12830.699999999999
2026-05-15 09:00:00,12859.400000000001
2026-05-15 09:10:00,10140.533333333333
2026-05-15 09:20:00,8215.6
2026-05-15 09:30:00,7350.8
2026-05-15 09:40:00,5044.85
2026-05-15 09:50:00,5104.3
2026-05-15 10:00:00,6317.85
2026-05-15 10:10:00,8044.666666666667
2026-05-15 10:20:00,7069.450000000001
2026-05-15 10:30:00,6962.3
2026-05-15 10:40:00,6831.799999999999
2026-05-15 10:50:00,7479.099999999999
2026-05-15 11:00:00,9891.8
2026-05-15 11:10:00,7991.95
2026-05-15 11:20:00,7012.433333333333
2026-05-15 11:30:00,9372.5
2026-05-15 11:40:00,13808.433333333334
2026-05-15 11:50:00,11270.2
2026-05-15 12:00:00,10119.766666666665
2026-05-15 12:10:00,8165.099999999999
2026-05-15 12:20:00,9542.033333333333
2026-05-15 12:30:00,10838
2026-05-15 12:40:00,9658.166666666666
2026-05-15 12:50:00,8730.6
2026-05-15 13:00:00,5862.733333333334
2026-05-15 13:10:00,4822.3
2026-05-15 13:20:00,3248.5333333333333
2026-05-15 13:30:00,3636.3
2026-05-15 13:40:00,5744.433333333333
2026-05-15 13:50:00,10549.85
2026-05-15 14:00:00,5705.733333333334
2026-05-15 14:10:00,7025.35
2026-05-15 14:20:00,9720.533333333333
2026-05-15 14:30:00,9606.9
2026-05-15 14:40:00,5454.866666666667
2026-05-15 14:50:00,3799.75
2026-05-15 15:00:00,5137.3
2026-05-15 15:10:00,1909.6
2026-05-15 15:20:00,845.8333333333334
2026-05-15 15:30:00,446.2
2026-05-15 15:40:00,471.6333333333334
2026-05-15 15:50:00,577.4
2026-05-15 16:00:00,702.4666666666666
2026-05-15 16:10:00,1448.3
2026-05-15 16:20:00,2364.7000000000003
2026-05-15 16:30:00,2520.25
2026-05-15 16:40:00,2244.266666666667
2026-05-15 16:50:00,1076.3
2026-05-15 17:00:00,637.2333333333333
2026-05-15 17:10:00,483.85
2026-05-15 17:20:00,437.9666666666667
2026-05-15 17:30:00,509.65
2026-05-15 17:40:00,391.3999999999999
2026-05-15 17:50:00,221.5
2026-05-15 18:00:00,55.199999999999996
2026-05-15 18:10:00,10.75
2026-05-15 18:20:00,4.3
2026-05-15 18:30:00,4.3
2026-05-15 18:40:00,4.3
2026-05-15 18:50:00,4.3
2026-05-15 19:00:00,4.3
2026-05-15 19:10:00,4.3
2026-05-15 19:20:00,4.3
2026-05-15 19:30:00,4.3
2026-05-15 19:40:00,4.3
2026-05-15 19:50:00,4.3
2026-05-15 20:00:00,4.3
2026-05-15 20:10:00,4.3
2026-05-15 20:20:00,4.3
2026-05-15 20:30:00,4.3
2026-05-15 20:40:00,4.3
2026-05-15 20:50:00,4.3
2026-05-15 21:00:00,4.3
2026-05-15 21:10:00,4.3
2026-05-15 21:20:00,4.3
2026-05-15 21:30:00,4.3
2026-05-15 21:40:00,4.3
2026-05-15 21:50:00,4.3
2026-05-15 22:00:00,4.3
2026-05-15 22:10:00,4.3
2026-05-15 22:20:00,4.3
2026-05-15 22:30:00,4.3
2026-05-15 22:40:00,4.3
2026-05-15 22:50:00,4.3
2026-05-15 23:00:00,4.3
2026-05-15 23:10:00,4.3
2026-05-15 23:20:00,4.3
2026-05-15 23:30:00,4.3
2026-05-15 23:40:00,4.3
2026-05-15 23:50:00,4.3
2026-05-16 00:00:00,4.3
2026-05-16 00:10:00,4.3
2026-05-16 00:20:00,4.3
2026-05-16 00:30:00,4.3
2026-05-16 00:40:00,4.3
2026-05-16 00:50:00,4.3
2026-05-16 01:00:00,4.3
2026-05-16 01:10:00,4.3
2026-05-16 01:20:00,4.3
2026-05-16 01:30:00,4.3
2026-05-16 01:40:00,4.3
2026-05-16 01:50:00,4.3
2026-05-16 02:00:00,4.3
2026-05-16 02:10:00,4.3
2026-05-16 02:20:00,4.3
2026-05-16 02:30:00,4.3
2026-05-16 02:40:00,4.3
2026-05-16 02:50:00,4.3
2026-05-16 03:00:00,4.3
2026-05-16 03:10:00,4.3
2026-05-16 03:20:00,4.3
2026-05-16 03:30:00,4.3
2026-05-16 03:40:00,4.3
2026-05-16 03:50:00,4.3
2026-05-16 04:00:00,4.3
2026-05-16 04:10:00,4.3
2026-05-16 04:20:00,4.3
2026-05-16 04:30:00,4.3
2026-05-16 04:40:00,4.3
2026-05-16 04:50:00,4.3
2026-05-16 05:00:00,5.4
2026-05-16 05:10:00,23.666666666666668
2026-05-16 05:20:00,86
2026-05-16 05:30:00,268.06666666666666
2026-05-16 05:40:00,527.95
2026-05-16 05:50:00,890.2666666666668
2026-05-16 06:00:00,1504.2
2026-05-16 06:10:00,1862.2333333333336
2026-05-16 06:20:00,3406.2
2026-05-16 06:30:00,4681.4
2026-05-16 06:40:00,5446.95
2026-05-16 06:50:00,7109.233333333334
2026-05-16 07:00:00,8587.650000000001
2026-05-16 07:10:00,8395.166666666666
2026-05-16 07:20:00,9480.05
2026-05-16 07:30:00,7866.166666666667
2026-05-16 07:40:00,10303.650000000001
2026-05-16 07:50:00,8998.7
2026-05-16 08:00:00,8419.9
2026-05-16 08:10:00,4506.5
2026-05-16 08:20:00,8384.45
2026-05-16 08:30:00,11769.133333333333
2026-05-16 08:40:00,8047.9
2026-05-16 08:50:00,8336.4
2026-05-16 09:00:00,9220.9
2026-05-16 09:10:00,10235.9
2026-05-16 09:20:00,8234.95
2026-05-16 09:30:00,9622.333333333334
2026-05-16 09:40:00,14019.55
2026-05-16 09:50:00,12367.666666666666
2026-05-16 10:00:00,9422
2026-05-16 10:10:00,7182.333333333333
2026-05-16 10:20:00,6439.4
2026-05-16 10:30:00,7203.833333333333
2026-05-16 10:40:00,13830.3
2026-05-16 10:50:00,14032.033333333333
2026-05-16 11:00:00,15476.45
2026-05-16 11:10:00,10976.366666666667
2026-05-16 11:20:00,11794.95
2026-05-16 11:30:00,12541.833333333334
2026-05-16 11:40:00,7397.35
2026-05-16 11:50:00,6249.8
2026-05-16 12:00:00,3951.3500000000004
2026-05-16 12:10:00,5783.833333333333
2026-05-16 12:20:00,5178.9
2026-05-16 12:30:00,5052.4
2026-05-16 12:40:00,7107.766666666666
2026-05-16 12:50:00,10909
2026-05-16 13:00:00,13103.833333333334
2026-05-16 13:10:00,12523.95
2026-05-16 13:20:00,10349.133333333333
2026-05-16 13:30:00,11872.35
2026-05-16 13:40:00,6851.900000000001
2026-05-16 13:50:00,4834.1
2026-05-16 14:00:00,2241.6
2026-05-16 14:10:00,2443.1124999999997
2026-05-16 14:20:00,2890.98
2026-05-16 14:30:00,5085.7
2026-05-16 14:40:00,7129.65
2026-05-16 14:50:00,7928.533333333333
2026-05-16 15:00:00,6993.100000000001
2026-05-16 15:10:00,4416.9
2026-05-16 15:20:00,3174.6999999999994
2026-05-16 15:30:00,2168.7
2026-05-16 15:40:00,2374.066666666667
2026-05-16 15:50:00,2354.7
2026-05-16 16:00:00,2151.133333333333
2026-05-16 16:10:00,1480.55
2026-05-16 16:20:00,855.8666666666668
2026-05-16 16:30:00,983.8
2026-05-16 16:40:00,980.5666666666666
2026-05-16 16:50:00,748.35
2026-05-16 17:00:00,619.3333333333334
2026-05-16 17:10:00,981.7
2026-05-16 17:20:00,1607.8
2026-05-16 17:30:00,1470.85
2026-05-16 17:40:00,901.7333333333335
2026-05-16 17:50:00,297.8
2026-05-16 18:00:00,114.7
2026-05-16 18:10:00,14
2026-05-16 18:20:00,4.3
2026-05-16 18:30:00,4.3
2026-05-16 18:40:00,4.3
2026-05-16 18:50:00,4.3
2026-05-16 19:00:00,4.3
2026-05-16 19:10:00,4.3
2026-05-16 19:20:00,4.3
2026-05-16 19:30:00,4.3
2026-05-16 19:40:00,4.3
2026-05-16 19:50:00,4.3
2026-05-16 20:00:00,4.3
2026-05-16 20:10:00,4.3
2026-05-16 20:20:00,4.3
2026-05-16 20:30:00,4.3
2026-05-16 20:40:00,4.3
2026-05-16 20:50:00,4.3
2026-05-16 21:00:00,4.3
2026-05-16 21:10:00,4.3
2026-05-16 21:20:00,4.3
2026-05-16 21:30:00,4.3
2026-05-16 21:40:00,4.3
2026-05-16 21:50:00,4.3
2026-05-16 22:00:00,4.3
2026-05-16 22:10:00,4.3
2026-05-16 22:20:00,4.3
2026-05-16 22:30:00,4.3
2026-05-16 22:40:00,4.3
2026-05-16 22:50:00,4.3
2026-05-16 23:00:00,4.3
2026-05-16 23:10:00,4.3
2026-05-16 23:20:00,4.3
2026-05-16 23:30:00,4.3
2026-05-16 23:40:00,4.3
2026-05-16 23:50:00,4.3
2026-05-17 00:00:00,4.3
2026-05-17 00:10:00,4.3
2026-05-17 00:20:00,4.3
2026-05-17 00:30:00,4.3
2026-05-17 00:40:00,4.3
2026-05-17 00:50:00,4.3
2026-05-17 01:00:00,4.3
2026-05-17 01:10:00,4.3
2026-05-17 01:20:00,4.3
2026-05-17 01:30:00,4.3
2026-05-17 01:40:00,4.3
2026-05-17 01:50:00,4.3
2026-05-17 02:00:00,4.3
2026-05-17 02:10:00,4.3
2026-05-17 02:20:00,4.3
2026-05-17 02:30:00,4.3
2026-05-17 02:40:00,4.3
2026-05-17 02:50:00,4.3
2026-05-17 03:00:00,4.3
2026-05-17 03:10:00,4.3
2026-05-17 03:20:00,4.3
2026-05-17 03:30:00,4.3
2026-05-17 03:40:00,4.3
2026-05-17 03:50:00,4.3
2026-05-17 04:00:00,4.3
2026-05-17 04:10:00,4.3
2026-05-17 04:20:00,4.3
2026-05-17 04:30:00,4.3
2026-05-17 04:40:00,4.3
2026-05-17 04:50:00,4.3
2026-05-17 05:00:00,7.166666666666667
2026-05-17 05:10:00,33.35
2026-05-17 05:20:00,125.43333333333332
2026-05-17 05:30:00,332.25
2026-05-17 05:40:00,565.5666666666667
2026-05-17 05:50:00,691.35
2026-05-17 06:00:00,1585.5666666666666
2026-05-17 06:10:00,1843.95
2026-05-17 06:20:00,2683.7000000000003
2026-05-17 06:30:00,2527.8
2026-05-17 06:40:00,2643.566666666667
2026-05-17 06:50:00,3823.45
2026-05-17 07:00:00,4734.433333333333
2026-05-17 07:10:00,4265.299999999999
2026-05-17 07:20:00,8224.2
2026-05-17 07:30:00,5562.366666666666
2026-05-17 07:40:00,5023.35
2026-05-17 07:50:00,5696.433333333333
2026-05-17 08:00:00,5137.3
2026-05-17 08:10:00,5835.466666666667
2026-05-17 08:20:00,5866.3
2026-05-17 08:30:00,4827.65
2026-05-17 08:40:00,4171.066666666667
2026-05-17 08:50:00,5327.6
2026-05-17 09:00:00,8337.833333333334
2026-05-17 09:10:00,13362.599999999999
2026-05-17 09:20:00,6848.333333333333
2026-05-17 09:30:00,4611.5
2026-05-17 09:40:00,4133.8
2026-05-17 09:50:00,4020.15
2026-05-17 10:00:00,5483.5
2026-05-17 10:10:00,5478.15
2026-05-17 10:20:00,6456.6
2026-05-17 10:30:00,9235.233333333334
2026-05-17 10:40:00,8233.849999999999
2026-05-17 10:50:00,6440.433333333333
2026-05-17 11:00:00,4492.200000000001
2026-05-17 11:10:00,4900.766666666666
2026-05-17 11:20:00,3412.7
2026-05-17 11:30:00,4261.549999999999
2026-05-17 11:40:00,7514.575
2026-05-17 11:50:00,8927.400000000001
2026-05-17 12:00:00,8314.900000000001
2026-05-17 12:10:00,5669.5
2026-05-17 12:20:00,5770.933333333333
2026-05-17 12:30:00,5612.55
2026-05-17 12:40:00,6205.333333333333
2026-05-17 12:50:00,5534.049999999999
2026-05-17 13:00:00,3451.4
2026-05-17 13:10:00,3993.3
2026-05-17 13:20:00,3979.6666666666665
2026-05-17 13:30:00,3157.85
2026-05-17 13:40:00,2938.8666666666663
2026-05-17 13:50:00,2934.6
2026-05-17 14:00:00,4776.05
2026-05-17 14:10:00,6625.366666666666
2026-05-17 14:20:00,8171.5
2026-05-17 14:30:00,6824.666666666667
2026-05-17 14:40:00,7009.2
2026-05-17 14:50:00,7141.466666666667
2026-05-17 15:00:00,4433.05
2026-05-17 15:10:00,5003.266666666666
2026-05-17 15:20:00,6094.25
2026-05-17 15:30:00,5609.666666666667
2026-05-17 15:40:00,3686.8500000000004
2026-05-17 15:50:00,3575.05
2026-05-17 16:00:00,4107.966666666667
2026-05-17 16:10:00,4052.45
2026-05-17 16:20:00,4147.433333333333
2026-05-17 16:30:00,3099.8
2026-05-17 16:40:00,1995.6000000000001
2026-05-17 16:50:00,1705.25
2026-05-17 17:00:00,1398.5
2026-05-17 17:10:00,755.85
2026-05-17 17:20:00,685.2666666666668
2026-05-17 17:30:00,566.65
2026-05-17 17:40:00,336.1666666666667
2026-05-17 17:50:00,97.85
2026-05-17 18:00:00,33.7
2026-05-17 18:10:00,6.449999999999999
2026-05-17 18:20:00,4.3
2026-05-17 18:30:00,4.3
2026-05-17 18:40:00,4.3
2026-05-17 18:50:00,4.3
2026-05-17 19:00:00,4.3
2026-05-17 19:10:00,4.3
2026-05-17 19:20:00,4.3
2026-05-17 19:30:00,4.3
2026-05-17 19:40:00,4.3
2026-05-17 19:50:00,4.3
2026-05-17 20:00:00,4.3
2026-05-17 20:10:00,4.3
2026-05-17 20:20:00,4.3
2026-05-17 20:30:00,4.3
2026-05-17 20:40:00,4.3
2026-05-17 20:50:00,4.3
2026-05-17 21:00:00,4.3
2026-05-17 21:10:00,4.3
2026-05-17 21:20:00,4.3
2026-05-17 21:30:00,4.3
2026-05-17 21:40:00,4.3
2026-05-17 21:50:00,4.3
2026-05-17 22:00:00,4.3
2026-05-17 22:10:00,4.3
2026-05-17 22:20:00,4.3
2026-05-17 22:30:00,4.3
2026-05-17 22:40:00,4.3
2026-05-17 22:50:00,4.3
2026-05-17 23:00:00,4.3
2026-05-17 23:10:00,4.3
2026-05-17 23:20:00,4.3
2026-05-17 23:30:00,4.3
2026-05-17 23:40:00,4.3
2026-05-17 23:50:00,4.3
2026-05-18 00:00:00,4.3
2026-05-18 00:10:00,4.3
2026-05-18 00:20:00,4.3
2026-05-18 00:30:00,4.3
2026-05-18 00:40:00,4.3
2026-05-18 00:50:00,4.3
2026-05-18 01:00:00,4.3
2026-05-18 01:10:00,4.3
2026-05-18 01:20:00,4.3
2026-05-18 01:30:00,4.3
2026-05-18 01:40:00,4.3
2026-05-18 01:50:00,4.3
2026-05-18 02:00:00,4.3
2026-05-18 02:10:00,4.3
2026-05-18 02:20:00,4.3
2026-05-18 02:30:00,4.3
2026-05-18 02:40:00,4.3
2026-05-18 02:50:00,4.3
2026-05-18 03:00:00,4.3
2026-05-18 03:10:00,4.3
2026-05-18 03:20:00,4.3
2026-05-18 03:30:00,4.3
2026-05-18 03:40:00,4.3
2026-05-18 03:50:00,4.3
2026-05-18 04:00:00,4.3
2026-05-18 04:10:00,4.3
2026-05-18 04:20:00,4.3
2026-05-18 04:30:00,4.3
2026-05-18 04:40:00,4.3
2026-05-18 04:50:00,4.3
2026-05-18 05:00:00,5.4
2026-05-18 05:10:00,43.03333333333333
2026-05-18 05:20:00,119.35
2026-05-18 05:30:00,298.90000000000003
2026-05-18 05:40:00,633.3
2026-05-18 05:50:00,1035.7666666666667
2026-05-18 06:00:00,1507.4
2026-05-18 06:10:00,2014.1999999999998
2026-05-18 06:20:00,2552.55
2026-05-18 06:30:00,3148.1666666666665
2026-05-18 06:40:00,3576.1
2026-05-18 06:50:00,4383.233333333334
2026-05-18 07:00:00,5506.1
2026-05-18 07:10:00,5667
2026-05-18 07:20:00,6827.5
2026-05-18 07:30:00,8339.233333333332
2026-05-18 07:40:00,8199.45
2026-05-18 07:50:00,8800.166666666666
2026-05-18 08:00:00,11001.45
2026-05-18 08:10:00,11587.766666666668
2026-05-18 08:20:00,11477.75
2026-05-18 08:30:00,10876.033333333333
2026-05-18 08:40:00,10301.5
2026-05-18 08:50:00,9432.366666666667
2026-05-18 09:00:00,12185.25
2026-05-18 09:10:00,12409.966666666667
2026-05-18 09:20:00,14411.95
2026-05-18 09:30:00,13070.866666666667
2026-05-18 09:40:00,11532.6
2026-05-18 09:50:00,13145.366666666667
2026-05-18 10:00:00,13538.9
2026-05-18 10:10:00,13490.866666666667
2026-05-18 10:20:00,8586.5
2026-05-18 10:30:00,12561.200000000003
2026-05-18 10:40:00,11370.25
2026-05-18 10:50:00,9551.333333333334
2026-05-18 11:00:00,9204.8
2026-05-18 11:10:00,7876.166666666667
2026-05-18 11:20:00,8358.6
2026-05-18 11:30:00,6570.166666666667
2026-05-18 11:40:00,6598.5
2026-05-18 11:50:00,9870.333333333334
2026-05-18 12:00:00,8148.95
2026-05-18 12:10:00,7188.099999999999
2026-05-18 12:20:00,5802.85
2026-05-18 12:30:00,4534.5
2026-05-18 12:40:00,6337.200000000001
2026-05-18 12:50:00,9034.95
2026-05-18 13:00:00,6719.266666666667
2026-05-18 13:10:00,5596.450000000001
2026-05-18 13:20:00,8856.800000000001
2026-05-18 13:30:00,8779.05
2026-05-18 13:40:00,8705.5
2026-05-18 13:50:00,10618.65
2026-05-18 14:00:00,11332.633333333333
2026-05-18 14:10:00,8207
2026-05-18 14:20:00,7091.3
2026-05-18 14:30:00,8100.55
2026-05-18 14:40:00,9568.566666666666
2026-05-18 14:50:00,9716.6
2026-05-18 15:00:00,8276.866666666667
2026-05-18 15:10:00,8726.3
2026-05-18 15:20:00,11821.466666666667
2026-05-18 15:30:00,10739.05
2026-05-18 15:40:00,8253.966666666667
2026-05-18 15:50:00,4488.950000000001
2026-05-18 16:00:00,3095.866666666667
2026-05-18 16:10:00,2250.4
2026-05-18 16:20:00,1529.6333333333332
2026-05-18 16:30:00,1491.3000000000002
2026-05-18 16:40:00,1300.3
2026-05-18 16:50:00,1189.2
2026-05-18 17:00:00,1546.1333333333332
2026-05-18 17:10:00,1444
2026-05-18 17:20:00,923.2333333333332
2026-05-18 17:30:00,306.45
2026-05-18 17:40:00,277.43333333333334
2026-05-18 17:50:00,141.95
2026-05-18 18:00:00,49.46666666666667
2026-05-18 18:10:00,11.85
2026-05-18 18:20:00,4.3
2026-05-18 18:30:00,4.3
2026-05-18 18:40:00,4.3
2026-05-18 18:50:00,4.3
2026-05-18 19:00:00,4.3
2026-05-18 19:10:00,4.3
2026-05-18 19:20:00,4.3
2026-05-18 19:30:00,4.3
2026-05-18 19:40:00,4.3
2026-05-18 19:50:00,4.3
2026-05-18 20:00:00,4.3
2026-05-18 20:10:00,4.3
2026-05-18 20:20:00,4.3
2026-05-18 20:30:00,4.3
2026-05-18 20:40:00,4.3
2026-05-18 20:50:00,4.3
2026-05-18 21:00:00,4.3
2026-05-18 21:10:00,4.3
2026-05-18 21:20:00,4.3
2026-05-18 21:30:00,4.3
2026-05-18 21:40:00,4.3
2026-05-18 21:50:00,4.3
2026-05-18 22:00:00,4.3
2026-05-18 22:10:00,4.3
2026-05-18 22:20:00,4.3
2026-05-18 22:30:00,4.3
2026-05-18 22:40:00,4.3
2026-05-18 22:50:00,4.3
2026-05-18 23:00:00,4.3
2026-05-18 23:10:00,4.3
2026-05-18 23:20:00,4.3
2026-05-18 23:30:00,4.3
2026-05-18 23:40:00,4.3
2026-05-18 23:50:00,4.3
2026-05-19 00:00:00,4.3
2026-05-19 00:10:00,4.3
2026-05-19 00:20:00,4.3
2026-05-19 00:30:00,4.3
2026-05-19 00:40:00,4.3
2026-05-19 00:50:00,4.3
2026-05-19 01:00:00,4.3
2026-05-19 01:10:00,4.3
2026-05-19 01:20:00,4.3
2026-05-19 01:30:00,4.3
2026-05-19 01:40:00,4.3
2026-05-19 01:50:00,4.3
2026-05-19 02:00:00,4.3
2026-05-19 02:10:00,4.3
2026-05-19 02:20:00,4.3
2026-05-19 02:30:00,4.3
2026-05-19 02:40:00,4.3
2026-05-19 02:50:00,4.3
2026-05-19 03:00:00,4.3
2026-05-19 03:10:00,4.3
2026-05-19 03:20:00,4.3
2026-05-19 03:30:00,4.3
2026-05-19 03:40:00,4.3
2026-05-19 03:50:00,4.3
2026-05-19 04:00:00,4.3
2026-05-19 04:10:00,4.3
2026-05-19 04:20:00,4.3
2026-05-19 04:30:00,4.3
2026-05-19 04:40:00,4.3
2026-05-19 04:50:00,4.3
2026-05-19 05:00:00,4.3
2026-05-19 05:10:00,18.633333333333333
2026-05-19 05:50:00,470.9
2026-05-19 06:00:00,464.45000000000005
2026-05-19 06:10:00,415.0333333333333
2026-05-19 06:20:00,321.5
2026-05-19 06:30:00,268.06666666666666
2026-05-19 06:40:00,343
2026-05-19 06:50:00,389.9333333333334
2026-05-19 07:00:00,269.85
2026-05-19 07:10:00,340.49999999999994
2026-05-19 07:20:00,323.65
2026-05-19 07:30:00,418.59999999999997
2026-05-19 07:40:00,598.9000000000001
2026-05-19 07:50:00,1071.6333333333334
2026-05-19 08:00:00,1981.6
2026-05-19 08:10:00,2477.9999999999995
2026-05-19 08:20:00,2786.95
2026-05-19 08:30:00,4024.8333333333335
2026-05-19 08:40:00,5112.55
2026-05-19 08:50:00,5034.833333333333
2026-05-19 09:00:00,2190.2
2026-05-19 09:10:00,3437.7666666666664
2026-05-19 09:20:00,6109.299999999999
2026-05-19 09:30:00,8107
2026-05-19 09:40:00,9243.5
2026-05-19 09:50:00,10228
2026-05-19 10:00:00,10033.75
2026-05-19 10:10:00,10351.266666666666
2026-05-19 10:20:00,11462.7
2026-05-19 10:30:00,14174.699999999999
2026-05-19 10:40:00,13447.5
2026-05-19 10:50:00,12539.699999999999
2026-05-19 11:00:00,11027.25
2026-05-19 11:10:00,11754.066666666666
2026-05-19 11:20:00,11960.55
2026-05-19 11:30:00,7588.766666666666
2026-05-19 11:40:00,7950.05
2026-05-19 11:50:00,8773.633333333333
2026-05-19 12:00:00,8830.6
2026-05-19 12:10:00,10378.9
2026-05-19 12:20:00,11181.366666666669
2026-05-19 12:30:00,10366
2026-05-19 12:40:00,16124.4
2026-05-19 12:50:00,16972.050000000003
2026-05-19 13:00:00,16426.899999999998
2026-05-19 13:10:00,17298.9
2026-05-19 13:20:00,13901.6
2026-05-19 13:30:00,11340.099999999999
2026-05-19 13:40:00,8810.9
2026-05-19 13:50:00,4057.8
2026-05-19 14:00:00,3685.7666666666664
2026-05-19 14:10:00,3494.4
2026-05-19 14:20:00,3695.1333333333337
2026-05-19 14:30:00,3442.8
2026-05-19 14:40:00,5523.666666666667
2026-05-19 14:50:00,6958.7
2026-05-19 15:00:00,6675.566666666667
2026-05-19 15:10:00,4224.45
2026-05-19 15:20:00,6069.133333333334
2026-05-19 15:30:00,6773.75
2026-05-19 15:40:00,8649.633333333333
2026-05-19 15:50:00,10399.35
2026-05-19 16:00:00,8529.2
2026-05-19 16:10:00,8934.900000000001
2026-05-19 16:20:00,5280.666666666667
2026-05-19 16:30:00,4811.5
2026-05-19 16:40:00,3770.366666666667
2026-05-19 16:50:00,3996.5
2026-05-19 17:00:00,3032.7666666666664
2026-05-19 17:10:00,2482.6499999999996
2026-05-19 17:20:00,2233.5666666666666
2026-05-19 17:30:00,1294.5500000000002
2026-05-19 17:40:00,706.7666666666668
2026-05-19 17:50:00,278.5
2026-05-19 18:00:00,86.03333333333332
2026-05-19 18:10:00,16.15
2026-05-19 18:20:00,5.033333333333334
2026-05-19 18:30:00,4.3
2026-05-19 18:40:00,4.3
2026-05-19 18:50:00,4.3
2026-05-19 19:00:00,4.3
2026-05-19 19:10:00,4.3
2026-05-19 19:20:00,4.3
2026-05-19 19:30:00,4.3
2026-05-19 19:40:00,4.3
2026-05-19 19:50:00,4.3
2026-05-19 20:00:00,4.3
2026-05-19 20:10:00,4.3
2026-05-19 20:20:00,4.3
2026-05-19 20:30:00,4.3
2026-05-19 20:40:00,4.3
2026-05-19 20:50:00,4.3
2026-05-19 21:00:00,4.3
2026-05-19 21:10:00,4.3
2026-05-19 21:20:00,4.3
2026-05-19 21:30:00,4.3
2026-05-19 21:40:00,4.3
2026-05-19 21:50:00,4.3
2026-05-19 22:00:00,4.3
2026-05-19 22:10:00,4.3
2026-05-19 22:20:00,4.3
2026-05-19 22:30:00,4.3
2026-05-19 22:40:00,4.3
2026-05-19 22:50:00,4.3
2026-05-19 23:00:00,4.3
2026-05-19 23:10:00,4.3
2026-05-19 23:20:00,4.3
2026-05-19 23:30:00,4.3
2026-05-19 23:40:00,4.3
2026-05-19 23:50:00,4.3
2026-05-20 00:00:00,4.3
2026-05-20 00:10:00,4.3
2026-05-20 00:20:00,4.3
2026-05-20 00:30:00,4.3
2026-05-20 00:40:00,4.3
2026-05-20 00:50:00,4.3
2026-05-20 01:00:00,4.3
2026-05-20 01:10:00,4.3
2026-05-20 01:20:00,4.3
2026-05-20 01:30:00,4.3
2026-05-20 01:40:00,4.3
2026-05-20 01:50:00,4.3
2026-05-20 02:00:00,4.3
2026-05-20 02:10:00,4.3
2026-05-20 02:20:00,4.3
2026-05-20 02:30:00,4.3
2026-05-20 02:40:00,4.3
2026-05-20 02:50:00,4.3
2026-05-20 03:00:00,4.3
2026-05-20 03:10:00,4.3
2026-05-20 03:20:00,4.3
2026-05-20 03:30:00,4.3
2026-05-20 03:40:00,4.3
2026-05-20 03:50:00,4.3
2026-05-20 04:00:00,4.3
2026-05-20 04:10:00,4.3
2026-05-20 04:20:00,4.3
2026-05-20 04:30:00,4.3
2026-05-20 04:40:00,4.3
2026-05-20 04:50:00,4.3
2026-05-20 05:00:00,5.4
2026-05-20 05:10:00,20.8
2026-05-20 05:20:00,45.150000000000006
2026-05-20 05:30:00,123.26666666666667
2026-05-20 05:40:00,260.2
2026-05-20 05:50:00,516.0666666666666
2026-05-20 06:00:00,668.75
2026-05-20 06:10:00,978.4333333333334
2026-05-20 06:20:00,1316.05
2026-05-20 06:30:00,1457.9666666666665
2026-05-20 06:40:00,1369.8
2026-05-20 06:50:00,1855.0999999999997
2026-05-20 07:00:00,2684.75
2026-05-20 07:10:00,2958.933333333333
2026-05-20 07:20:00,2584.8
2026-05-20 07:30:00,2180.5
2026-05-20 07:40:00,1141.9
2026-05-20 07:50:00,1845.0333333333335
2026-05-20 08:00:00,3646
2026-05-20 08:10:00,3546.7000000000003
2026-05-20 08:20:00,3749.2
2026-05-20 08:30:00,4583.966666666667
2026-05-20 08:40:00,4129.85
2026-05-20 08:50:00,3409.1
2026-05-20 09:00:00,4437.35
2026-05-20 09:10:00,4011.933333333333
2026-05-20 09:20:00,2414.9
2026-05-20 09:30:00,3617.7000000000003
2026-05-20 09:40:00,4493.8
2026-05-20 09:50:00,6445.466666666667
2026-05-20 10:00:00,3965.3500000000004
2026-05-20 10:10:00,5275.633333333333
2026-05-20 10:20:00,4065.3500000000004
2026-05-20 10:30:00,2574.733333333333
2026-05-20 10:40:00,2539.6
2026-05-20 10:50:00,1695.9333333333334
2026-05-20 11:00:00,1531.8
2026-05-20 11:10:00,1876.02
2026-05-20 11:20:00,1872.3
2026-05-20 11:30:00,4279.333333333333
2026-05-20 11:40:00,5419.05
2026-05-20 11:50:00,4923.7
2026-05-20 12:00:00,1661.2
2026-05-20 12:10:00,2033.1999999999998
2026-05-20 12:20:00,3316.633333333333
2026-05-20 12:30:00,3602.95
2026-05-20 12:40:00,4289.333333333333
2026-05-20 12:50:00,6375.95
2026-05-20 13:00:00,7495.566666666667
2026-05-20 13:10:00,7150.066666666667
2026-05-20 13:20:00,4876.4
2026-05-20 13:30:00,4032
2026-05-20 13:40:00,3976.7999999999997
2026-05-20 13:50:00,2463.3
2026-05-20 14:00:00,2355.4
2026-05-20 14:10:00,2698.75
2026-05-20 14:20:00,2709.5333333333333
2026-05-20 14:30:00,4118.05
2026-05-20 14:40:00,4521.6
2026-05-20 14:50:00,3523.45
2026-05-20 15:00:00,2875.7999999999997
2026-05-20 15:10:00,5886.7
2026-05-20 15:20:00,4766
2026-05-20 15:30:00,2486.95
2026-05-20 15:40:00,2870.066666666667
2026-05-20 15:50:00,3469.65
2026-05-20 16:00:00,2452.2000000000003
2026-05-20 16:10:00,3292.25
2026-05-20 16:20:00,7602.399999999999
2026-05-20 16:30:00,8456.45
2026-05-20 16:40:00,6522.899999999999
2026-05-20 16:50:00,2276.2
2026-05-20 17:00:00,1531.8
2026-05-20 17:10:00,1254.75
2026-05-20 17:20:00,996.3666666666668
2026-05-20 17:30:00,545.1
2026-05-20 17:40:00,471.6666666666667
2026-05-20 17:50:00,182.8
2026-05-20 18:00:00,23.666666666666668
2026-05-20 18:10:00,6.449999999999999
2026-05-20 18:20:00,4.3
2026-05-20 18:30:00,4.3
2026-05-20 18:40:00,4.3
2026-05-20 18:50:00,4.3
2026-05-20 19:00:00,4.3
2026-05-20 19:10:00,4.3
2026-05-20 19:20:00,4.3
2026-05-20 19:30:00,4.3
2026-05-20 19:40:00,4.3
2026-05-20 19:50:00,4.3
2026-05-20 20:00:00,4.3
2026-05-20 20:10:00,4.3
2026-05-20 20:20:00,4.3
2026-05-20 20:30:00,4.3
2026-05-20 20:40:00,4.3
2026-05-20 20:50:00,4.3
2026-05-20 21:00:00,4.3
2026-05-20 21:10:00,4.3
2026-05-20 21:20:00,4.3
2026-05-20 21:30:00,4.3
2026-05-20 21:40:00,4.3
2026-05-20 21:50:00,4.3
2026-05-20 22:00:00,4.3
2026-05-20 22:10:00,4.3
2026-05-20 22:20:00,4.3
2026-05-20 22:30:00,4.3
2026-05-20 22:40:00,4.3
2026-05-20 22:50:00,4.3
2026-05-20 23:00:00,4.3
2026-05-20 23:10:00,4.3
2026-05-20 23:20:00,4.3
2026-05-20 23:30:00,4.3
2026-05-20 23:40:00,4.3
2026-05-20 23:50:00,4.3
2026-05-21 00:00:00,4.3
2026-05-21 00:10:00,4.3
2026-05-21 00:20:00,4.3
2026-05-21 00:30:00,4.3
2026-05-21 00:40:00,4.3
2026-05-21 00:50:00,4.3
2026-05-21 01:00:00,4.3
2026-05-21 01:10:00,4.3
2026-05-21 01:20:00,4.3
2026-05-21 01:30:00,4.3
2026-05-21 01:40:00,4.3
2026-05-21 01:50:00,4.3
2026-05-21 02:00:00,4.3
2026-05-21 02:10:00,4.3
2026-05-21 02:20:00,4.3
2026-05-21 02:30:00,4.3
2026-05-21 02:40:00,4.3
2026-05-21 02:50:00,4.3
2026-05-21 03:00:00,4.3
2026-05-21 03:10:00,4.3
2026-05-21 03:20:00,4.3
2026-05-21 03:30:00,4.3
2026-05-21 03:40:00,4.3
2026-05-21 03:50:00,4.3
2026-05-21 04:00:00,4.3
2026-05-21 04:10:00,4.3
2026-05-21 04:20:00,4.3
2026-05-21 04:30:00,4.3
2026-05-21 04:40:00,4.3
2026-05-21 04:50:00,4.3
2026-05-21 05:00:00,6.449999999999999
2026-05-21 05:10:00,42.3
2026-05-21 05:20:00,161.3
2026-05-21 05:30:00,385.6666666666667
2026-05-21 05:40:00,754.8
2026-05-21 05:50:00,1640.0333333333335
2026-05-21 06:00:00,2877.2
2026-05-21 06:10:00,4110.866666666666
2026-05-21 06:20:00,4443.8
2026-05-21 06:30:00,5247.7
2026-05-21 06:40:00,6052.299999999999
2026-05-21 06:50:00,6893.466666666667
2026-05-21 07:00:00,7711.35
2026-05-21 07:10:00,8398.766666666668
2026-05-21 07:20:00,5596.450000000001
2026-05-21 07:30:00,4544.533333333334
2026-05-21 07:40:00,10869.2
2026-05-21 07:50:00,8853.9
2026-05-21 08:00:00,10983.2
2026-05-21 08:10:00,10357.766666666665
2026-05-21 08:20:00,12592.75
2026-05-21 08:30:00,13417.033333333333
2026-05-21 08:40:00,13656.150000000001
2026-05-21 08:50:00,10116.199999999999
2026-05-21 09:00:00,15172.15
2026-05-21 09:10:00,14737.4
2026-05-21 09:20:00,12708.9
2026-05-21 09:30:00,11250.9
2026-05-21 09:40:00,7996.3
2026-05-21 09:50:00,14199.800000000001
2026-05-21 10:00:00,16929.05
2026-05-21 10:10:00,11885.266666666665
2026-05-21 10:20:00,16318.3
2026-05-21 10:30:00,13132.5
2026-05-21 10:40:00,16617.2
2026-05-21 10:50:00,15826.233333333335
2026-05-21 11:00:00,14577.550000000001
2026-05-21 11:10:00,16363.1
2026-05-21 11:20:00,15999
2026-05-21 11:30:00,16150.6
2026-05-21 11:40:00,14165.400000000001
2026-05-21 11:50:00,12040.1
2026-05-21 12:00:00,13402.033333333333
2026-05-21 12:10:00,15466.75
2026-05-21 12:20:00,15398.266666666668
2026-05-21 12:30:00,16547.3
2026-05-21 12:40:00,15555.300000000001
2026-05-21 12:50:00,15604.4
2026-05-21 13:00:00,16246.266666666668
2026-05-21 13:10:00,14274.349999999999
2026-05-21 13:20:00,14525.966666666667
2026-05-21 13:30:00,14216.3
2026-05-21 13:40:00,13425.699999999999
2026-05-21 13:50:00,15551.7
2026-05-21 14:00:00,8324.199999999999
2026-05-21 14:10:00,5253.4
2026-05-21 14:20:00,3951.7000000000003
2026-05-21 14:30:00,2239.65
2026-05-21 14:40:00,1415.7
2026-05-21 14:50:00,1348.3
2026-05-21 15:00:00,1828.5666666666668
2026-05-21 15:10:00,2482.6000000000004
2026-05-21 15:20:00,2442.166666666667
2026-05-21 15:30:00,2034.3000000000002
2026-05-21 15:40:00,2177.633333333333
2026-05-21 15:50:00,1945.05
2026-05-21 16:00:00,2547.5333333333333
2026-05-21 16:10:00,2595.55
2026-05-21 16:20:00,2333.2000000000003
2026-05-21 16:30:00,2619.2
2026-05-21 16:40:00,2332.4666666666667
2026-05-21 16:50:00,2521.35
2026-05-21 17:00:00,1638.6000000000001
2026-05-21 17:10:00,1410.65
2026-05-21 17:20:00,906.7333333333332
2026-05-21 17:30:00,564.5
2026-05-21 17:40:00,433.6666666666667
2026-05-21 17:50:00,164.5
2026-05-21 18:00:00,33
2026-05-21 18:10:00,8.65
2026-05-21 18:20:00,4.3
2026-05-21 18:30:00,4.3
2026-05-21 18:40:00,4.3
2026-05-21 18:50:00,4.3
2026-05-21 19:00:00,4.3
2026-05-21 19:10:00,4.3
2026-05-21 19:20:00,4.3
2026-05-21 19:30:00,4.3
2026-05-21 19:40:00,4.3
2026-05-21 19:50:00,4.3
2026-05-21 20:00:00,4.3
2026-05-21 20:10:00,4.3
2026-05-21 20:20:00,4.3
2026-05-21 20:30:00,4.3
2026-05-21 20:40:00,4.3
2026-05-21 20:50:00,4.3
2026-05-21 21:00:00,4.3
2026-05-21 21:10:00,4.3
2026-05-21 21:20:00,4.3
2026-05-21 21:30:00,4.3
2026-05-21 21:40:00,4.3
2026-05-21 21:50:00,4.3
2026-05-21 22:00:00,4.3
2026-05-21 22:10:00,4.3
2026-05-21 22:20:00,4.3
2026-05-21 22:30:00,4.3
2026-05-21 22:40:00,4.3
2026-05-21 22:50:00,4.3
2026-05-21 23:00:00,4.3
2026-05-21 23:10:00,4.3
2026-05-21 23:20:00,4.3
2026-05-21 23:30:00,4.3
2026-05-21 23:40:00,4.3
2026-05-21 23:50:00,4.3
2026-05-22 00:00:00,4.3
2026-05-22 00:10:00,4.3
2026-05-22 00:20:00,4.3
2026-05-22 00:30:00,4.3
2026-05-22 00:40:00,4.3
2026-05-22 00:50:00,4.3
2026-05-22 01:00:00,4.3
2026-05-22 01:10:00,4.3
2026-05-22 01:20:00,4.3
2026-05-22 01:30:00,4.3
2026-05-22 01:40:00,4.3
2026-05-22 01:50:00,4.3
2026-05-22 02:00:00,4.3
2026-05-22 02:10:00,4.3
2026-05-22 02:20:00,4.3
2026-05-22 02:30:00,4.3
2026-05-22 02:40:00,4.3
2026-05-22 02:50:00,4.3
2026-05-22 03:00:00,4.3
2026-05-22 03:10:00,4.3
2026-05-22 03:20:00,4.3
2026-05-22 03:30:00,4.3
2026-05-22 03:40:00,4.3
2026-05-22 03:50:00,4.3
2026-05-22 04:00:00,4.3
2026-05-22 04:10:00,4.3
2026-05-22 04:20:00,4.3
2026-05-22 04:30:00,4.3
2026-05-22 04:40:00,4.3
2026-05-22 04:50:00,4.3
2026-05-22 05:00:00,5.4
2026-05-22 05:10:00,17.933333333333334
2026-05-22 05:20:00,83.85
2026-05-22 05:30:00,330.43333333333334
2026-05-22 05:40:00,781.7
2026-05-22 05:50:00,1284.4666666666665
2026-05-22 06:00:00,1835.4
2026-05-22 06:10:00,3385.4666666666667
2026-05-22 06:20:00,2453.6000000000004
2026-05-22 06:30:00,2140.366666666667
2026-05-22 06:40:00,3201.95
2026-05-22 06:50:00,5568.833333333333
2026-05-22 07:00:00,7666.15
2026-05-22 07:10:00,6913.566666666666
2026-05-22 07:20:00,6806.049999999999
2026-05-22 07:30:00,7009.599999999999
2026-05-22 07:40:00,3447.05
2026-05-22 07:50:00,4735.900000000001
2026-05-22 08:00:00,4193.3
2026-05-22 08:10:00,3152.5
2026-05-22 08:20:00,2452.5
2026-05-22 08:30:00,5346.599999999999
2026-05-22 08:40:00,5916.8
2026-05-22 08:50:00,5768.066666666667
2026-05-22 09:00:00,4733.05
2026-05-22 09:10:00,2570.4
2026-05-22 09:20:00,2575.15
2026-05-22 09:30:00,4287.2
2026-05-22 09:40:00,4008.3500000000004
2026-05-22 09:50:00,6226.133333333332
2026-05-22 10:00:00,10076.8
2026-05-22 10:10:00,9005.9
2026-05-22 10:20:00,7610.25
2026-05-22 10:30:00,7318.849999999999
2026-05-22 10:40:00,5826.166666666667
2026-05-22 10:50:00,3735.25
2026-05-22 11:00:00,5410.400000000001
2026-05-22 11:10:00,6487.75
2026-05-22 11:20:00,7729.933333333333
2026-05-22 11:30:00,7958.599999999999
2026-05-22 11:40:00,7994.466666666667
2026-05-22 11:50:00,10244.5
2026-05-22 12:00:00,11146.933333333334
2026-05-22 12:10:00,13591.6
2026-05-22 12:20:00,13895.166666666666
2026-05-22 12:30:00,13151.8
2026-05-22 12:40:00,10724.066666666668
2026-05-22 12:50:00,8352.150000000001
2026-05-22 13:00:00,7371.600000000001
2026-05-22 13:10:00,6978.05
2026-05-22 13:20:00,5922.899999999999
2026-05-22 13:30:00,6300.7
2026-05-22 13:40:00,9925.533333333333
2026-05-22 13:50:00,9153.2
2026-05-22 14:00:00,8896.2
2026-05-22 14:10:00,13673.3
2026-05-22 14:20:00,11870.933333333334
2026-05-22 14:30:00,11941.15
2026-05-22 14:40:00,11210.733333333332
2026-05-22 14:50:00,12447.599999999999
2026-05-22 15:00:00,11301.766666666668
2026-05-22 15:10:00,5844.799999999999
2026-05-22 15:20:00,4210.5
2026-05-22 15:30:00,3876.1000000000004
2026-05-22 15:40:00,4248.466666666666
2026-05-22 15:50:00,5038.4
2026-05-22 16:00:00,5197.5
2026-05-22 16:10:00,4893.2
2026-05-22 16:20:00,3770.3666666666663
2026-05-22 16:30:00,2128.9
2026-05-22 16:40:00,1825.7
2026-05-22 16:50:00,1294.55
2026-05-22 17:00:00,1334.6666666666667
2026-05-22 17:10:00,1525.75
2026-05-22 17:20:00,868.7666666666668
2026-05-22 17:30:00,560.2
2026-05-22 17:40:00,344.76666666666665
2026-05-22 17:50:00,104.30000000000001
2026-05-22 18:00:00,17.933333333333334
2026-05-22 18:10:00,5.4
2026-05-22 18:20:00,4.3
2026-05-22 18:30:00,4.3
2026-05-22 18:40:00,4.3
2026-05-22 18:50:00,4.3
2026-05-22 19:00:00,4.3
2026-05-22 19:10:00,4.3
2026-05-22 19:20:00,4.3
2026-05-22 19:30:00,4.3
2026-05-22 19:40:00,4.3
2026-05-22 19:50:00,4.3
2026-05-22 20:00:00,4.3
2026-05-22 20:10:00,4.3
2026-05-22 20:20:00,4.3
2026-05-22 20:30:00,4.3
2026-05-22 20:40:00,4.3
2026-05-22 20:50:00,4.3
2026-05-22 21:00:00,4.3
2026-05-22 21:10:00,4.3
2026-05-22 21:20:00,4.3
2026-05-22 21:30:00,4.3
2026-05-22 21:40:00,4.3
2026-05-22 21:50:00,4.3
2026-05-22 22:00:00,4.3
2026-05-22 22:10:00,4.3
2026-05-22 22:20:00,4.3
2026-05-22 22:30:00,4.3
2026-05-22 22:40:00,4.3
2026-05-22 22:50:00,4.3
2026-05-22 23:00:00,4.3
2026-05-22 23:10:00,4.3
2026-05-22 23:20:00,4.3
2026-05-22 23:30:00,4.3
2026-05-22 23:40:00,4.3
2026-05-22 23:50:00,4.3
2026-05-23 00:00:00,4.3
2026-05-23 00:10:00,4.3
2026-05-23 00:20:00,4.3
2026-05-23 00:30:00,4.3
2026-05-23 00:40:00,4.3
2026-05-23 00:50:00,4.3
2026-05-23 01:00:00,4.3
2026-05-23 01:10:00,4.3
2026-05-23 01:20:00,4.3
2026-05-23 01:30:00,4.3
2026-05-23 01:40:00,4.3
2026-05-23 01:50:00,4.3
2026-05-23 02:00:00,4.3
2026-05-23 02:10:00,4.3
2026-05-23 02:20:00,4.3
2026-05-23 02:30:00,4.3
2026-05-23 02:40:00,4.3
2026-05-23 02:50:00,4.3
2026-05-23 03:00:00,4.3
2026-05-23 03:10:00,4.3
2026-05-23 03:20:00,4.3
2026-05-23 03:30:00,4.3
2026-05-23 03:40:00,4.3
2026-05-23 03:50:00,4.3
2026-05-23 04:00:00,4.3
2026-05-23 04:10:00,4.3
2026-05-23 04:20:00,4.3
2026-05-23 04:30:00,4.3
2026-05-23 04:40:00,4.3
2026-05-23 04:50:00,4.3
2026-05-23 05:00:00,5.4
2026-05-23 05:10:00,32.300000000000004
2026-05-23 05:20:00,112.9
2026-05-23 05:30:00,350.5
2026-05-23 05:40:00,797.8
2026-05-23 05:50:00,1440.75
2026-05-23 06:00:00,974.1
2026-05-23 06:10:00,1420.7
2026-05-23 06:20:00,2690.15
2026-05-23 06:30:00,3023.4666666666667
2026-05-23 06:40:00,4756.7
2026-05-23 06:50:00,7089.866666666666
2026-05-23 07:00:00,7721.05
2026-05-23 07:10:00,8671.833333333334
2026-05-23 07:20:00,9262.85
2026-05-23 07:30:00,9847.366666666667
2026-05-23 07:40:00,10902.55
2026-05-23 07:50:00,5682.766666666667
2026-05-23 08:00:00,10769.2
2026-05-23 08:10:00,8978.6
2026-05-23 08:20:00,6260.9
2026-05-23 08:30:00,5453.400000000001
2026-05-23 08:40:00,4992.15
2026-05-23 08:50:00,9061.066666666668
2026-05-23 09:00:00,10685.3
2026-05-23 09:10:00,8417.366666666667
2026-05-23 09:20:00,6510.35
2026-05-23 09:30:00,8536.366666666667
2026-05-23 09:40:00,7026.45
2026-05-23 09:50:00,12498.1
2026-05-23 10:00:00,6873.75
2026-05-23 10:10:00,7917.766666666666
2026-05-23 10:20:00,8923.1
2026-05-23 10:30:00,8202.7
2026-05-23 10:40:00,8015.966666666667
2026-05-23 10:50:00,7884.4
2026-05-23 11:00:00,6540.8
2026-05-23 11:10:00,7735
2026-05-23 11:20:00,9230.966666666667
2026-05-23 11:30:00,14045.3
2026-05-23 11:40:00,17012.5
2026-05-23 11:50:00,16853.75
2026-05-23 12:00:00,17426.100000000002
2026-05-23 12:10:00,17435.449999999997
2026-05-23 12:20:00,17276.266666666666
2026-05-23 12:30:00,13903.4
2026-05-23 12:40:00,15023.4
2026-05-23 12:50:00,7529.65
2026-05-23 13:00:00,5657
2026-05-23 13:10:00,9387.55
2026-05-23 13:20:00,7537.133333333334
2026-05-23 13:30:00,8012.4
2026-05-23 13:40:00,5505.033333333333
2026-05-23 13:50:00,6277
2026-05-23 14:00:00,4890
2026-05-23 14:10:00,3109.5
2026-05-23 14:20:00,3343.866666666667
2026-05-23 14:30:00,1665.5
2026-05-23 14:40:00,1298.8666666666666
2026-05-23 14:50:00,1473.05
2026-05-23 15:00:00,1501
2026-05-23 15:10:00,1689.1
2026-05-23 15:20:00,1644.3333333333333
2026-05-23 15:30:00,1184.85
2026-05-23 15:40:00,957.6333333333333
2026-05-23 15:50:00,699.6
2026-05-23 16:00:00,495.29999999999995
2026-05-23 16:10:00,421.45000000000005
2026-05-23 16:20:00,356.9666666666667
2026-05-23 16:30:00,271.7
2026-05-23 16:40:00,212.86666666666665
2026-05-23 16:50:00,200
2026-05-23 17:00:00,202.13333333333335
2026-05-23 17:10:00,187.10000000000002
2026-05-23 17:20:00,148.4
2026-05-23 17:30:00,97.85
2026-05-23 17:40:00,28
2026-05-23 17:50:00,11.850000000000001
2026-05-23 18:00:00,7.166666666666667
2026-05-23 18:10:00,4.3
2026-05-23 18:20:00,4.3
2026-05-23 18:30:00,4.3
2026-05-23 18:40:00,4.3
2026-05-23 18:50:00,4.3
2026-05-23 19:00:00,4.3
2026-05-23 19:10:00,4.3
2026-05-23 19:20:00,4.3
2026-05-23 19:30:00,4.3
2026-05-23 19:40:00,4.3
2026-05-23 19:50:00,4.3
2026-05-23 20:00:00,4.3
2026-05-23 20:10:00,4.3
2026-05-23 20:20:00,4.3
2026-05-23 20:30:00,4.3
2026-05-23 20:40:00,4.3
2026-05-23 20:50:00,4.3
2026-05-23 21:00:00,4.3
2026-05-23 21:10:00,4.3
2026-05-23 21:20:00,4.3
2026-05-23 21:30:00,4.3
2026-05-23 21:40:00,4.3
2026-05-23 21:50:00,4.3
2026-05-23 22:00:00,4.3
2026-05-23 22:10:00,4.3
2026-05-23 22:20:00,4.3
2026-05-23 22:30:00,4.3
2026-05-23 22:40:00,4.3
2026-05-23 22:50:00,4.3
2026-05-23 23:00:00,4.3
2026-05-23 23:10:00,4.3
2026-05-23 23:20:00,4.3
2026-05-23 23:30:00,4.3
2026-05-23 23:40:00,4.3
2026-05-23 23:50:00,4.3
2026-05-24 00:00:00,4.3
2026-05-24 00:10:00,4.3
2026-05-24 00:20:00,4.3
2026-05-24 00:30:00,4.3
2026-05-24 00:40:00,4.3
2026-05-24 00:50:00,4.3
2026-05-24 01:00:00,4.3
2026-05-24 01:10:00,4.3
2026-05-24 01:20:00,4.3
2026-05-24 01:30:00,4.3
2026-05-24 01:40:00,4.3
2026-05-24 01:50:00,4.3
2026-05-24 02:00:00,4.3
2026-05-24 02:10:00,4.3
2026-05-24 02:20:00,4.3
2026-05-24 02:30:00,4.3
2026-05-24 02:40:00,4.3
2026-05-24 02:50:00,4.3
2026-05-24 03:00:00,4.3
2026-05-24 03:10:00,4.3
2026-05-24 03:20:00,4.3
2026-05-24 03:30:00,4.3
2026-05-24 03:40:00,4.3
2026-05-24 03:50:00,4.3
2026-05-24 04:00:00,4.3
2026-05-24 04:10:00,4.3
2026-05-24 04:20:00,4.3
2026-05-24 04:30:00,4.3
2026-05-24 04:40:00,4.3
2026-05-24 04:50:00,4.3
2026-05-24 05:00:00,6.449999999999999
2026-05-24 05:10:00,38
2026-05-24 05:20:00,147.3
2026-05-24 05:30:00,374.90000000000003
2026-05-24 05:40:00,651.6
2026-05-24 05:50:00,1251.5333333333335
2026-05-24 06:00:00,2682.65
2026-05-24 06:10:00,3548.2000000000003
2026-05-24 06:20:00,4648.05
2026-05-24 06:30:00,5454.866666666666
2026-05-24 06:40:00,6181.299999999999
2026-05-24 06:50:00,6917.133333333334
2026-05-24 07:00:00,7795.2
2026-05-24 07:10:00,5746.566666666667
2026-05-24 07:20:00,10432.650000000001
2026-05-24 07:30:00,10744.833333333334
2026-05-24 07:40:00,10876.7
2026-05-24 07:50:00,8429.566666666668
2026-05-24 08:00:00,9626.25
2026-05-24 08:10:00,10155.633333333333
2026-05-24 08:20:00,7875.849999999999
2026-05-24 08:30:00,10205.1
2026-05-24 08:40:00,11526.1
2026-05-24 08:50:00,11132.633333333331
2026-05-24 09:00:00,13853.95
2026-05-24 09:10:00,10405.766666666666
2026-05-24 09:20:00,15637.7
2026-05-24 09:30:00,14201.233333333332
2026-05-24 09:40:00,15678.6
2026-05-24 09:50:00,13829.233333333332
2026-05-24 10:00:00,16284.949999999999
2026-05-24 10:10:00,15809.733333333332
2026-05-24 10:20:00,14484
2026-05-24 10:30:00,12621.400000000001
2026-05-24 10:40:00,16006.5
2026-05-24 10:50:00,10625.15
2026-05-24 11:00:00,8360.033333333333
2026-05-24 11:10:00,6046.9
2026-05-24 11:20:00,6710.666666666667
2026-05-24 11:30:00,6384.5
2026-05-24 11:40:00,6270.566666666667
2026-05-24 11:50:00,8296.25
2026-05-24 12:00:00,6776.633333333334
2026-05-24 12:10:00,6389.9
2026-05-24 12:20:00,6315
2026-05-24 12:30:00,10715.45
2026-05-24 12:40:00,6383.8
2026-05-24 12:50:00,5995.35
2026-05-24 13:00:00,4978.2
2026-05-24 13:10:00,4716.9
2026-05-24 13:20:00,3940.2666666666664
2026-05-24 13:30:00,6663.366666666666
2026-05-24 13:40:00,7506
2026-05-24 13:50:00,12338.300000000001
2026-05-24 14:00:00,16744.1
2026-05-24 14:10:00,14141.033333333333
2026-05-24 14:20:00,14328.1
2026-05-24 14:30:00,4786.066666666667
2026-05-24 14:40:00,3542.8
2026-05-24 14:50:00,3272.9
2026-05-24 15:00:00,1892.35
2026-05-24 15:10:00,1948.2666666666667
2026-05-24 15:20:00,1919.25
2026-05-24 15:30:00,1452.9333333333334
2026-05-24 15:40:00,1108.5
2026-05-24 15:50:00,1279.5
2026-05-24 16:00:00,1224.65
2026-05-24 16:10:00,1157.6333333333332
2026-05-24 16:20:00,973.05
2026-05-24 16:30:00,1849.3333333333333
2026-05-24 16:40:00,2247.15
2026-05-24 16:50:00,1977.6333333333332
2026-05-24 17:00:00,1846.1
2026-05-24 17:10:00,1614.9666666666665
2026-05-24 17:20:00,1112.8
2026-05-24 17:30:00,765.5333333333333
2026-05-24 17:40:00,535.45
2026-05-24 17:50:00,289.59999999999997
2026-05-24 18:00:00,65.6
2026-05-24 18:10:00,12.933333333333332
2026-05-24 18:20:00,4.3
2026-05-24 18:30:00,4.3
2026-05-24 18:40:00,4.3
2026-05-24 18:50:00,4.3
2026-05-24 19:00:00,4.3
2026-05-24 19:10:00,4.3
2026-05-24 19:20:00,4.3
2026-05-24 19:30:00,4.3
2026-05-24 19:40:00,4.3
2026-05-24 19:50:00,4.3
2026-05-24 20:00:00,4.3
2026-05-24 20:10:00,4.3
2026-05-24 20:20:00,4.3
2026-05-24 20:30:00,4.3
2026-05-24 20:40:00,4.3
2026-05-24 20:50:00,4.3
2026-05-24 21:00:00,4.3
2026-05-24 21:10:00,4.3
2026-05-24 21:20:00,4.3
2026-05-24 21:30:00,4.3
2026-05-24 21:40:00,4.3
2026-05-24 21:50:00,4.3
2026-05-24 22:00:00,4.3
2026-05-24 22:10:00,4.3
2026-05-24 22:20:00,4.3
2026-05-24 22:30:00,4.3
2026-05-24 22:40:00,4.3
2026-05-24 22:50:00,4.3
2026-05-24 23:00:00,4.3
2026-05-24 23:10:00,4.3
2026-05-24 23:20:00,4.3
2026-05-24 23:30:00,4.3
2026-05-24 23:40:00,4.3
2026-05-24 23:50:00,4.3
2026-05-25 00:00:00,4.3
2026-05-25 00:10:00,4.3
2026-05-25 00:20:00,4.3
2026-05-25 00:30:00,4.3
2026-05-25 00:40:00,4.3
2026-05-25 00:50:00,4.3
2026-05-25 01:00:00,4.3
2026-05-25 01:10:00,4.3
2026-05-25 01:20:00,4.3
2026-05-25 01:30:00,4.3
2026-05-25 01:40:00,4.3
2026-05-25 01:50:00,4.3
2026-05-25 02:00:00,4.3
2026-05-25 02:10:00,4.3
2026-05-25 02:20:00,4.3
2026-05-25 02:30:00,4.3
2026-05-25 02:40:00,4.3
2026-05-25 02:50:00,4.3
2026-05-25 03:00:00,4.3
2026-05-25 03:10:00,4.3
2026-05-25 03:20:00,4.3
2026-05-25 03:30:00,4.3
2026-05-25 03:40:00,4.3
2026-05-25 03:50:00,4.3
2026-05-25 04:00:00,4.3
2026-05-25 04:10:00,4.3
2026-05-25 04:20:00,4.3
2026-05-25 04:30:00,4.3
2026-05-25 04:40:00,4.3
2026-05-25 04:50:00,4.3
2026-05-25 05:00:00,6.466666666666666
2026-05-25 05:10:00,40.9
2026-05-25 05:20:00,121.83333333333333
2026-05-25 05:30:00,396.75
2026-05-25 05:40:00,804.9666666666666
2026-05-25 05:50:00,1320.35
2026-05-25 06:00:00,1813.9
2026-05-25 06:10:00,2320.266666666667
2026-05-25 06:20:00,2924.55
2026-05-25 06:30:00,3452.7999999999997
2026-05-25 06:40:00,3890.05
2026-05-25 06:50:00,4376.766666666666
2026-05-25 07:00:00,4906.15
2026-05-25 07:10:00,5753.033333333333
2026-05-25 07:20:00,6655.45
2026-05-25 07:30:00,7862.599999999999
2026-05-25 07:40:00,8976.85
2026-05-25 07:50:00,8836.699999999999
2026-05-25 08:00:00,9415.55
2026-05-25 08:10:00,8829.533333333333
2026-05-25 08:20:00,9861.75
2026-05-25 08:30:00,9739.166666666668
2026-05-25 08:40:00,10499.35
2026-05-25 08:50:00,11857.300000000001
2026-05-25 09:00:00,12744.35
2026-05-25 09:10:00,13088.033333333333
2026-05-25 09:20:00,12919.6
2026-05-25 09:30:00,13008.5
2026-05-25 09:40:00,12436.8
2026-05-25 09:50:00,12764.066666666666
2026-05-25 10:00:00,13227.1
2026-05-25 10:10:00,14013.05
2026-05-25 10:20:00,14749.6
2026-05-25 10:30:00,14684
2026-05-25 10:40:00,15026.266666666668
2026-05-25 10:50:00,14741
2026-05-25 11:00:00,12989.133333333333
2026-05-25 11:10:00,12522.85
2026-05-25 11:20:00,13470.1
2026-05-25 11:30:00,14516.25
2026-05-25 11:40:00,9959.933333333334
2026-05-25 11:50:00,11047.7
2026-05-25 12:00:00,12940.4
2026-05-25 12:10:00,14784
2026-05-25 12:20:00,13596.266666666668
2026-05-25 12:30:00,14664.65
2026-05-25 12:40:00,13194.866666666669
2026-05-25 12:50:00,7978
2026-05-25 13:00:00,7128.566666666667
2026-05-25 13:10:00,7400.6
2026-05-25 13:20:00,8458.966666666667
2026-05-25 13:30:00,8432.8
2026-05-25 13:40:00,8931.3
2026-05-25 13:50:00,12176.65
2026-05-25 14:00:00,12145.433333333332
2026-05-25 14:10:00,11693.9
2026-05-25 14:20:00,9105.533333333333
2026-05-25 14:30:00,10809
2026-05-25 14:40:00,11939.033333333333
2026-05-25 14:50:00,11963.75
2026-05-25 15:00:00,11434.4
2026-05-25 15:10:00,10135.9
2026-05-25 15:20:00,6184.533333333333
2026-05-25 15:30:00,4276.049999999999
2026-05-25 15:40:00,5026.2
2026-05-25 15:50:00,5040.55
2026-05-25 16:00:00,5497.166666666667
2026-05-25 16:10:00,4614.75
2026-05-25 16:20:00,3177.566666666667
2026-05-25 16:30:00,1939.6499999999999
2026-05-25 16:40:00,1761.1666666666667
2026-05-25 16:50:00,2078.35
2026-05-25 17:00:00,1728.2
2026-05-25 17:10:00,1311.75
2026-05-25 17:20:00,907.4666666666666
2026-05-25 17:30:00,522.55
2026-05-25 17:40:00,363.40000000000003
2026-05-25 17:50:00,93.55
2026-05-25 18:00:00,34.4
2026-05-25 18:10:00,8.65
2026-05-25 18:20:00,4.3
2026-05-25 18:30:00,4.3
2026-05-25 18:40:00,4.3
2026-05-25 18:50:00,4.3
2026-05-25 19:00:00,4.3
2026-05-25 19:10:00,4.3
2026-05-25 19:20:00,4.3
2026-05-25 19:30:00,4.3
2026-05-25 19:40:00,4.3
2026-05-25 19:50:00,4.3
2026-05-25 20:00:00,4.3
2026-05-25 20:10:00,4.3
2026-05-25 20:20:00,4.3
2026-05-25 20:30:00,4.3
2026-05-25 20:40:00,4.3
2026-05-25 20:50:00,4.3
2026-05-25 21:00:00,4.3
2026-05-25 21:10:00,4.3
2026-05-25 21:20:00,4.3
2026-05-25 21:30:00,4.3
2026-05-25 21:40:00,4.3
2026-05-25 21:50:00,4.3
2026-05-25 22:00:00,4.3
2026-05-25 22:10:00,4.3
2026-05-25 22:20:00,4.3
2026-05-25 22:30:00,4.3
2026-05-25 22:40:00,4.3
2026-05-25 22:50:00,4.3
2026-05-25 23:00:00,4.3
2026-05-25 23:10:00,4.3
2026-05-25 23:20:00,4.3
2026-05-25 23:30:00,4.3
2026-05-25 23:40:00,4.3
2026-05-25 23:50:00,4.3
2026-05-26 00:00:00,4.3
2026-05-26 00:10:00,4.3
2026-05-26 00:20:00,4.3
2026-05-26 00:30:00,4.3
2026-05-26 00:40:00,4.3
2026-05-26 00:50:00,4.3
2026-05-26 01:00:00,4.3
2026-05-26 01:10:00,4.3
2026-05-26 01:20:00,4.3
2026-05-26 01:30:00,4.3
2026-05-26 01:40:00,4.3
2026-05-26 01:50:00,4.3
2026-05-26 02:00:00,4.3
2026-05-26 02:10:00,4.3
2026-05-26 02:20:00,4.3
2026-05-26 02:30:00,4.3
2026-05-26 02:40:00,4.3
2026-05-26 02:50:00,4.3
2026-05-26 03:00:00,4.3
2026-05-26 03:10:00,4.3
2026-05-26 03:20:00,4.3
2026-05-26 03:30:00,4.3
2026-05-26 03:40:00,4.3
2026-05-26 03:50:00,4.3
2026-05-26 04:00:00,4.3
2026-05-26 04:10:00,4.3
2026-05-26 04:20:00,4.3
2026-05-26 04:30:00,4.3
2026-05-26 04:40:00,4.3
2026-05-26 04:50:00,4.3
2026-05-26 05:00:00,5.4
2026-05-26 05:10:00,34.43333333333333
2026-05-26 05:20:00,284.9
2026-05-26 05:30:00,1523.1999999999998
2026-05-26 05:40:00,1855.8
2026-05-26 05:50:00,1796.3
2026-05-26 06:00:00,3213.8
2026-05-26 06:10:00,3153.2000000000003
2026-05-26 06:20:00,3325.6
2026-05-26 06:30:00,2577.6
2026-05-26 06:40:00,1912.75
2026-05-26 06:50:00,1192.0333333333333
2026-05-26 07:00:00,844.05
2026-05-26 07:10:00,645.1333333333333
2026-05-26 07:20:00,412.9
2026-05-26 07:30:00,387.06666666666666
2026-05-26 07:40:00,786
2026-05-26 07:50:00,1178.4333333333334
2026-05-26 08:00:00,1603.15
2026-05-26 08:10:00,1796.3
2026-05-26 08:20:00,1294.5500000000002
2026-05-26 08:30:00,1310.9999999999998
2026-05-26 08:40:00,1609.6
2026-05-26 08:50:00,1703.1333333333334
2026-05-26 09:00:00,1749.35
2026-05-26 09:10:00,2027.0999999999997
2026-05-26 09:20:00,2821.35
2026-05-26 09:30:00,3054.2666666666664
2026-05-26 09:40:00,2744.95
2026-05-26 09:50:00,2682.233333333333
2026-05-26 10:00:00,3060
2026-05-26 10:10:00,3589.05
2026-05-26 10:20:00,3783.9666666666667
2026-05-26 10:30:00,3461.1
2026-05-26 10:40:00,3611.2333333333336
2026-05-26 10:50:00,3769.65
2026-05-26 11:00:00,4128.066666666667
2026-05-26 11:10:00,4113.75
2026-05-26 11:20:00,3368.933333333333
2026-05-26 11:30:00,2246.1
2026-05-26 11:40:00,2492.3333333333335
2026-05-26 11:50:00,4691.1
2026-05-26 12:00:00,5721.5
2026-05-26 12:10:00,6155.549999999999
2026-05-26 12:20:00,7908.466666666667
2026-05-26 12:30:00,8351.05
2026-05-26 12:40:00,8486.9
2026-05-26 12:50:00,7888.75
2026-05-26 13:00:00,7672.633333333334
2026-05-26 13:10:00,7952.200000000001
2026-05-26 13:20:00,7395.933333333333
2026-05-26 13:30:00,7557.6
2026-05-26 13:40:00,8084.766666666667
2026-05-26 13:50:00,7715.6
2026-05-26 14:00:00,6193.866666666666
2026-05-26 14:10:00,5540.5
2026-05-26 14:20:00,5969.5
2026-05-26 14:30:00,6940.45
2026-05-26 14:40:00,7365.133333333334
2026-05-26 14:50:00,7089.85
2026-05-26 15:00:00,6695.600000000001
2026-05-26 15:10:00,5891
2026-05-26 15:20:00,5437.633333333334
2026-05-26 15:30:00,5072.8
2026-05-26 15:40:00,4950.2
2026-05-26 15:50:00,4798.65
2026-05-26 16:00:00,4337.366666666667
2026-05-26 16:10:00,3548.15
2026-05-26 16:20:00,2630.6666666666665
2026-05-26 16:30:00,2318.1
2026-05-26 16:40:00,2041.4666666666665
2026-05-26 16:50:00,1670.85
2026-05-26 17:00:00,1120.3666666666666
2026-05-26 17:10:00,596.75
2026-05-26 17:20:00,612.1333333333333
2026-05-26 17:30:00,465.55
2026-05-26 17:40:00,245.13333333333333
2026-05-26 17:50:00,94.65
2026-05-26 18:00:00,33
2026-05-26 18:10:00,8.65
2026-05-26 18:20:00,4.3
2026-05-26 18:30:00,4.3
2026-05-26 18:40:00,4.3
2026-05-26 18:50:00,4.3
2026-05-26 19:00:00,4.3
2026-05-26 19:10:00,4.3
2026-05-26 19:20:00,4.3
2026-05-26 19:30:00,4.3
2026-05-26 19:40:00,4.3
2026-05-26 19:50:00,4.3
2026-05-26 20:00:00,4.3
2026-05-26 20:10:00,4.3
2026-05-26 20:20:00,4.3
2026-05-26 20:30:00,4.3
2026-05-26 20:40:00,4.3
2026-05-26 20:50:00,4.3
2026-05-26 21:00:00,4.3
2026-05-26 21:10:00,4.3
2026-05-26 21:20:00,4.3
2026-05-26 21:30:00,4.3
2026-05-26 21:40:00,4.3
2026-05-26 21:50:00,4.3
2026-05-26 22:00:00,4.3
2026-05-26 22:10:00,4.3
2026-05-26 22:20:00,4.3
2026-05-26 22:30:00,4.3
2026-05-26 22:40:00,4.3
2026-05-26 22:50:00,4.3
2026-05-26 23:00:00,4.3
2026-05-26 23:10:00,4.3
2026-05-26 23:20:00,4.3
2026-05-26 23:30:00,4.3
2026-05-26 23:40:00,4.3
2026-05-26 23:50:00,4.3
2026-05-27 00:00:00,4.3
2026-05-27 00:10:00,4.3
2026-05-27 00:20:00,4.3
2026-05-27 00:30:00,4.3
2026-05-27 00:40:00,4.3
2026-05-27 00:50:00,4.3
2026-05-27 01:00:00,4.3
2026-05-27 01:10:00,4.3
2026-05-27 01:20:00,4.3
2026-05-27 01:30:00,4.3
2026-05-27 01:40:00,4.3
2026-05-27 01:50:00,4.3
2026-05-27 02:00:00,4.3
2026-05-27 02:10:00,4.3
2026-05-27 02:20:00,4.3
2026-05-27 02:30:00,4.3
2026-05-27 02:40:00,4.3
2026-05-27 02:50:00,4.3
2026-05-27 03:00:00,4.3
2026-05-27 03:10:00,4.3
2026-05-27 03:20:00,4.3
2026-05-27 03:30:00,4.3
2026-05-27 03:40:00,4.3
2026-05-27 03:50:00,4.3
2026-05-27 04:00:00,4.3
2026-05-27 04:10:00,4.3
2026-05-27 04:20:00,4.3
2026-05-27 04:30:00,4.3
2026-05-27 04:40:00,4.3
2026-05-27 04:50:00,4.3
2026-05-27 05:00:00,4.3
2026-05-27 05:10:00,14.366666666666665
2026-05-27 05:20:00,50.55
2026-05-27 05:30:00,98.93333333333334
2026-05-27 05:40:00,155.9
2026-05-27 05:50:00,248
2026-05-27 06:00:00,397.85
2026-05-27 06:10:00,798.5
2026-05-27 06:20:00,1149.4
2026-05-27 06:30:00,1585.5666666666666
2026-05-27 06:40:00,1894.5
2026-05-27 06:50:00,1759.7333333333336
2026-05-27 07:00:00,1673
2026-05-27 07:10:00,2001.3
2026-05-27 07:20:00,2124.6
2026-05-27 07:30:00,3295.866666666667
2026-05-27 07:40:00,5397.5
2026-05-27 07:50:00,6309.3
2026-05-27 08:00:00,7064.049999999999
2026-05-27 08:10:00,7136.466666666667
2026-05-27 08:20:00,7240.4
2026-05-27 08:30:00,7589.466666666667
2026-05-27 08:40:00,8186.55
2026-05-27 08:50:00,7302.733333333333
2026-05-27 09:00:00,8101.6
2026-05-27 09:10:00,10421.9
2026-05-27 09:20:00,11799.233333333332
2026-05-27 09:30:00,10955.2
2026-05-27 09:40:00,12711
2026-05-27 09:50:00,11006.8
2026-05-27 10:00:00,13232.133333333333
2026-05-27 10:10:00,13800.2
2026-05-27 10:20:00,15132.366666666667
2026-05-27 10:30:00,14819.45
2026-05-27 10:40:00,12487.366666666667
2026-05-27 10:50:00,13688.349999999999
2026-05-27 11:00:00,14987.566666666666
2026-05-27 11:10:00,16026.9
2026-05-27 11:20:00,17736.466666666664
2026-05-27 11:30:00,16371
2026-05-27 11:40:00,16993.899999999998
2026-05-27 11:50:00,16978.5
2026-05-27 12:00:00,13801.266666666668
2026-05-27 12:10:00,11815.35
2026-05-27 12:20:00,15176.1
2026-05-27 12:30:00,13342.15
2026-05-27 12:40:00,13494.466666666667
2026-05-27 12:50:00,12314.3
2026-05-27 13:00:00,12954
2026-05-27 13:10:00,13438.900000000001
2026-05-27 13:20:00,11912.466666666665
2026-05-27 13:30:00,14059.3
2026-05-27 13:40:00,12503.866666666667
2026-05-27 13:50:00,14016.3
2026-05-27 14:00:00,13238.6
2026-05-27 14:10:00,15480.75
2026-05-27 14:20:00,14801.199999999999
2026-05-27 14:30:00,15617.3
2026-05-27 14:40:00,7908.466666666667
2026-05-27 14:50:00,5291.049999999999
2026-05-27 15:00:00,7284.866666666666
2026-05-27 15:10:00,6283.5
2026-05-27 15:20:00,2972.566666666667
2026-05-27 15:30:00,1125.75
2026-05-27 15:40:00,1870.1333333333332
2026-05-27 15:50:00,1575.15
2026-05-27 16:00:00,898.8666666666667
2026-05-27 16:10:00,589.2
2026-05-27 16:20:00,351.09999999999997
2026-05-27 16:30:00,218.88275862068963
2026-05-27 16:40:00,215.74666666666664
2026-05-27 16:50:00,178.4666666666667
2026-05-27 17:00:00,121.5
2026-05-27 17:10:00,84.60000000000001
2026-05-27 17:20:00,40.9
2026-05-27 17:30:00,25.825000000000003
2026-05-27 17:40:00,15.799999999999999
2026-05-27 17:50:00,7.55
2026-05-27 18:00:00,5.033333333333334
2026-05-27 18:10:00,4.3
2026-05-27 18:20:00,4.3
2026-05-27 18:30:00,4.3
2026-05-27 18:40:00,4.3
2026-05-27 18:50:00,4.3
2026-05-27 19:00:00,4.3
2026-05-27 19:10:00,4.3
2026-05-27 19:20:00,4.3
2026-05-27 19:30:00,4.3
2026-05-27 19:40:00,4.3
2026-05-27 19:50:00,4.3
2026-05-27 20:00:00,4.3
2026-05-27 20:10:00,4.3
2026-05-27 20:20:00,4.3
2026-05-27 20:30:00,4.3
2026-05-27 20:40:00,4.3
2026-05-27 20:50:00,4.3
2026-05-27 21:00:00,4.3
2026-05-27 21:10:00,4.3
2026-05-27 21:20:00,4.3
2026-05-27 21:30:00,4.3
2026-05-27 21:40:00,4.3
2026-05-27 21:50:00,4.3
2026-05-27 22:00:00,4.3
2026-05-27 22:10:00,4.3
2026-05-27 22:20:00,4.3
2026-05-27 22:30:00,4.3
2026-05-27 22:40:00,4.3
2026-05-27 22:50:00,4.3
2026-05-27 23:00:00,4.3
2026-05-27 23:10:00,4.3
2026-05-27 23:20:00,4.3
2026-05-27 23:30:00,4.3
2026-05-27 23:40:00,4.3
2026-05-27 23:50:00,4.3
2026-05-28 00:00:00,4.3
2026-05-28 00:10:00,4.3
2026-05-28 00:20:00,4.3
2026-05-28 00:30:00,4.3
2026-05-28 00:40:00,4.3
2026-05-28 00:50:00,4.3
2026-05-28 01:00:00,4.3
2026-05-28 01:10:00,4.3
2026-05-28 01:20:00,4.3
2026-05-28 01:30:00,4.3
2026-05-28 01:40:00,4.3
2026-05-28 01:50:00,4.3
2026-05-28 02:00:00,4.3
2026-05-28 02:10:00,4.3
2026-05-28 02:20:00,4.3
2026-05-28 02:30:00,4.3
2026-05-28 02:40:00,4.3
2026-05-28 02:50:00,4.3
2026-05-28 03:00:00,4.3
2026-05-28 03:10:00,4.3
2026-05-28 03:20:00,4.3
2026-05-28 03:30:00,4.3
2026-05-28 03:40:00,4.3
2026-05-28 03:50:00,4.3
2026-05-28 04:00:00,4.3
2026-05-28 04:10:00,4.3
2026-05-28 04:20:00,4.3
2026-05-28 04:30:00,4.3
2026-05-28 04:40:00,4.3
2026-05-28 04:50:00,4.3
2026-05-28 05:00:00,5.033333333333333
2026-05-28 05:10:00,18.3
2026-05-28 05:20:00,99.66666666666667
2026-05-28 05:30:00,277.4
2026-05-28 05:40:00,564.8333333333334
2026-05-28 05:50:00,888.0999999999999
2026-05-28 06:00:00,1158.3666666666668
2026-05-28 06:10:00,972
2026-05-28 06:20:00,1240.7666666666667
2026-05-28 06:30:00,2043.9499999999998
2026-05-28 06:40:00,3148.933333333333
2026-05-28 06:50:00,3679.3500000000004
2026-05-28 07:00:00,4810.466666666666
2026-05-28 07:10:00,4977.1
2026-05-28 07:20:00,7466.900000000001
2026-05-28 07:30:00,8953.15
2026-05-28 07:40:00,10857.366666666667
2026-05-28 07:50:00,11547.650000000001
2026-05-28 08:00:00,8000.2
2026-05-28 08:10:00,6974.8
2026-05-28 08:20:00,8881.866666666667
2026-05-28 08:30:00,5615.8
2026-05-28 09:10:00,5339.4
2026-05-28 09:20:00,8105.566666666667
2026-05-28 09:30:00,12692.75
2026-05-28 09:40:00,12314.666666666666
2026-05-28 09:50:00,11032.6
2026-05-28 10:00:00,9939.166666666666
2026-05-28 10:10:00,11215.4
2026-05-28 10:20:00,12436.466666666667
2026-05-28 10:30:00,10710.05
2026-05-28 10:40:00,11649.4
2026-05-28 10:50:00,18726.75
2026-05-28 11:00:00,12574.833333333334
2026-05-28 11:10:00,14268.95
2026-05-28 11:20:00,10478.9
2026-05-28 11:30:00,9366.05
2026-05-28 11:40:00,8410.199999999999
2026-05-28 11:50:00,6820
2026-05-28 12:00:00,7065.5
2026-05-28 12:10:00,7082.3
2026-05-28 12:20:00,9099.066666666666
2026-05-28 12:30:00,9785.35
2026-05-28 12:40:00,9595.1
2026-05-28 12:50:00,9882.533333333333
2026-05-28 13:00:00,9216.599999999999
2026-05-28 13:10:00,8592.266666666668
2026-05-28 13:20:00,12793.8
2026-05-28 13:30:00,10652.366666666667
2026-05-28 13:40:00,8604.8
2026-05-28 13:50:00,6051.966666666667
2026-05-28 14:00:00,5597.450000000001
2026-05-28 14:10:00,7752.933333333334
2026-05-28 14:20:00,8791.9
2026-05-28 14:30:00,7869.766666666667
2026-05-28 14:40:00,5348.05
2026-05-28 14:50:00,7638.2
2026-05-28 15:00:00,4276.1
2026-05-28 15:10:00,983.4666666666667
2026-05-28 15:20:00,527.9000000000001
2026-05-28 15:30:00,291.76666666666665
2026-05-28 15:40:00,237.6
2026-05-28 15:50:00,276.73333333333335
2026-05-28 16:00:00,276.35
2026-05-28 16:10:00,249.46666666666667
2026-05-28 16:20:00,350.5
2026-05-28 16:30:00,456.59999999999997
2026-05-28 16:40:00,397.85
2026-05-28 16:50:00,286
2026-05-28 17:00:00,284.9
2026-05-28 17:10:00,190.66666666666666
2026-05-28 17:20:00,216.46666666666667
2026-05-28 17:30:00,245.15
2026-05-28 17:40:00,141.20000000000002
2026-05-28 17:50:00,51.65
2026-05-28 18:00:00,11.5
2026-05-28 18:10:00,5.4
2026-05-28 18:20:00,4.3
2026-05-28 18:30:00,4.3
2026-05-28 18:40:00,4.3
2026-05-28 18:50:00,4.3
2026-05-28 19:00:00,4.3
2026-05-28 19:10:00,4.3
2026-05-28 19:20:00,4.3
2026-05-28 19:30:00,4.3
2026-05-28 19:40:00,4.3
2026-05-28 19:50:00,4.3
2026-05-28 20:00:00,4.3
2026-05-28 20:10:00,4.3
2026-05-28 20:20:00,4.3
2026-05-28 20:30:00,4.3
2026-05-28 20:40:00,4.3
2026-05-28 20:50:00,4.3
2026-05-28 21:00:00,4.3
2026-05-28 21:10:00,4.3
2026-05-28 21:20:00,4.3
2026-05-28 21:30:00,4.3
2026-05-28 21:40:00,4.3
2026-05-28 21:50:00,4.3
2026-05-28 22:00:00,4.3
2026-05-28 22:10:00,4.3
2026-05-28 22:20:00,4.3
2026-05-28 22:30:00,4.3
2026-05-28 22:40:00,4.3
2026-05-28 22:50:00,4.3
2026-05-28 23:00:00,4.3
2026-05-28 23:10:00,4.3
2026-05-28 23:20:00,4.3
2026-05-28 23:30:00,4.3
2026-05-28 23:40:00,4.3
2026-05-28 23:50:00,4.3
2026-05-29 00:00:00,4.3
2026-05-29 00:10:00,4.3
2026-05-29 00:20:00,4.3
2026-05-29 00:30:00,4.3
2026-05-29 00:40:00,4.3
2026-05-29 00:50:00,4.3
2026-05-29 01:00:00,4.3
2026-05-29 01:10:00,4.3
2026-05-29 01:20:00,4.3
2026-05-29 01:30:00,4.3
2026-05-29 01:40:00,4.3
2026-05-29 01:50:00,4.3
2026-05-29 02:00:00,4.3
2026-05-29 02:10:00,4.3
2026-05-29 02:20:00,4.3
2026-05-29 02:30:00,4.3
2026-05-29 02:40:00,4.3
2026-05-29 02:50:00,4.3
2026-05-29 03:00:00,4.3
2026-05-29 03:10:00,4.3
2026-05-29 03:20:00,4.3
2026-05-29 03:30:00,4.3
2026-05-29 03:40:00,4.3
2026-05-29 03:50:00,4.3
2026-05-29 04:00:00,4.3
2026-05-29 04:10:00,4.3
2026-05-29 04:20:00,4.3
2026-05-29 04:30:00,4.3
2026-05-29 04:40:00,4.3
2026-05-29 04:50:00,4.3
2026-05-29 05:00:00,4.3
2026-05-29 05:10:00,20.066666666666666
2026-05-29 05:20:00,78.5
2026-05-29 05:30:00,230.0666666666667
2026-05-29 05:40:00,380.6
2026-05-29 05:50:00,529.6999999999999
2026-05-29 06:00:00,716.05
2026-05-29 06:10:00,974.8333333333334
2026-05-29 06:20:00,1336.45
2026-05-29 06:30:00,1988.4000000000003
2026-05-29 06:40:00,2867.55
2026-05-29 06:50:00,4168.900000000001
2026-05-29 07:00:00,5378.15
2026-05-29 07:10:00,5936.533333333333
2026-05-29 07:20:00,6484.55
2026-05-29 07:30:00,7871.900000000001
2026-05-29 07:40:00,8580.1
2026-05-29 07:50:00,9166.466666666667
2026-05-29 08:00:00,8551.1
2026-05-29 08:10:00,8754.266666666668
2026-05-29 08:20:00,7445.799999999999
2026-05-29 08:30:00,7641.766666666666
2026-05-29 08:40:00,7797.35
2026-05-29 08:50:00,7936.399999999999
2026-05-29 09:00:00,10525.1
2026-05-29 09:10:00,11548.366666666667
2026-05-29 09:20:00,12784.15
2026-05-29 09:30:00,10548.4
2026-05-29 09:40:00,8086.6
2026-05-29 09:50:00,8559.300000000001
2026-05-29 10:00:00,15605.45
2026-05-29 10:10:00,17163.033333333336
2026-05-29 10:20:00,17231.15
2026-05-29 10:30:00,12926.766666666665
2026-05-29 10:40:00,14078.650000000001
2026-05-29 10:50:00,16125.833333333334
2026-05-29 11:00:00,15505.45
2026-05-29 11:10:00,10921.166666666666
2026-05-29 11:20:00,12406.7
2026-05-29 11:30:00,12183.433333333334
2026-05-29 11:40:00,10914.349999999999
2026-05-29 11:50:00,8888.333333333334
2026-05-29 12:00:00,7848.95
2026-05-29 12:10:00,3616.45
2026-05-29 12:20:00,1903.9882352941179
2026-05-29 12:30:00,1374.3749999999998
2026-05-29 12:40:00,1488.1681818181821
2026-05-29 12:50:00,2205.775
2026-05-29 13:00:00,2329.1
2026-05-29 13:10:00,3044.25
2026-05-29 13:20:00,3568.9
2026-05-29 13:30:00,5415.433333333333
2026-05-29 13:40:00,7476.9
2026-05-29 13:50:00,10279.633333333333
2026-05-29 14:00:00,10109
2026-05-29 14:10:00,13756.833333333334
2026-05-29 14:20:00,12404.55
2026-05-29 14:30:00,10859.533333333333
2026-05-29 14:40:00,9351.05
2026-05-29 14:50:00,8836
2026-05-29 15:00:00,7655.45
2026-05-29 15:10:00,5578.133333333334
2026-05-29 15:20:00,4136.3
2026-05-29 15:30:00,3971.066666666667
2026-05-29 15:40:00,3981.45
2026-05-29 15:50:00,3996.1666666666665
2026-05-29 16:00:00,2838.55
2026-05-29 16:10:00,1598.4666666666665
2026-05-29 16:20:00,1354.75
2026-05-29 16:30:00,860.8666666666667
2026-05-29 16:40:00,1046.2
2026-05-29 16:50:00,1219.9666666666667
2026-05-29 17:00:00,1112.8000000000002
2026-05-29 17:10:00,698.1666666666666
2026-05-29 17:20:00,441.9
2026-05-29 17:30:00,291
2026-05-29 17:40:00,172
2026-05-29 17:50:00,79.56666666666666
2026-05-29 18:00:00,26.9
2026-05-29 18:10:00,7.8999999999999995
2026-05-29 18:20:00,4.3
2026-05-29 18:30:00,4.3
2026-05-29 18:40:00,4.3
2026-05-29 18:50:00,4.3
2026-05-29 19:00:00,4.3
2026-05-29 19:10:00,4.3
2026-05-29 19:20:00,4.3
2026-05-29 19:30:00,4.3
2026-05-29 19:40:00,4.3
2026-05-29 19:50:00,4.3
2026-05-29 20:00:00,4.3
2026-05-29 20:10:00,4.3
2026-05-29 20:20:00,4.3
2026-05-29 20:30:00,4.3
2026-05-29 20:40:00,4.3
2026-05-29 20:50:00,4.3
2026-05-29 21:00:00,4.3
2026-05-29 21:10:00,4.3
2026-05-29 21:20:00,4.3
2026-05-29 21:30:00,4.3
2026-05-29 21:40:00,4.3
2026-05-29 21:50:00,4.3
2026-05-29 22:00:00,4.3
2026-05-29 22:10:00,4.3
2026-05-29 22:20:00,4.3
2026-05-29 22:30:00,4.3
2026-05-29 22:40:00,4.3
2026-05-29 22:50:00,4.3
2026-05-29 23:00:00,4.3
2026-05-29 23:10:00,4.3
2026-05-29 23:20:00,4.3
2026-05-29 23:30:00,4.3
2026-05-29 23:40:00,4.3
2026-05-29 23:50:00,4.3
2026-05-30 00:00:00,4.3
2026-05-30 00:10:00,4.3
2026-05-30 00:20:00,4.3
2026-05-30 00:30:00,4.3
2026-05-30 00:40:00,4.3
2026-05-30 00:50:00,4.3
2026-05-30 01:00:00,4.3
2026-05-30 01:10:00,4.3
2026-05-30 01:20:00,4.3
2026-05-30 01:30:00,4.3
2026-05-30 01:40:00,4.3
2026-05-30 01:50:00,4.3
2026-05-30 02:00:00,4.3
2026-05-30 02:10:00,4.3
2026-05-30 02:20:00,4.3
2026-05-30 02:30:00,4.3
2026-05-30 02:40:00,4.3
2026-05-30 02:50:00,4.3
2026-05-30 03:00:00,4.3
2026-05-30 03:10:00,4.3
2026-05-30 03:20:00,4.3
2026-05-30 03:30:00,4.3
2026-05-30 03:40:00,4.3
2026-05-30 03:50:00,4.3
2026-05-30 04:00:00,4.3
2026-05-30 04:10:00,4.3
2026-05-30 04:20:00,4.3
2026-05-30 04:30:00,4.3
2026-05-30 04:40:00,4.3
2026-05-30 04:50:00,4.3
2026-05-30 05:00:00,7.2
2026-05-30 05:10:00,35.5
2026-05-30 05:20:00,162.70000000000002
2026-05-30 05:30:00,408.6
2026-05-30 05:40:00,663.0666666666667
2026-05-30 05:50:00,1821.4
2026-05-30 06:00:00,2586.2333333333336
2026-05-30 06:10:00,3283.7
2026-05-30 06:50:00,6842.55
2026-05-30 07:00:00,7737.133333333334
2026-05-30 07:10:00,8401.599999999999
2026-05-30 07:20:00,9013.033333333333
2026-05-30 07:30:00,8434.95
2026-05-30 07:40:00,9418.766666666666
2026-05-30 07:50:00,9167.15
2026-05-30 08:00:00,7866.166666666667
2026-05-30 08:10:00,10577.85
2026-05-30 08:20:00,10529.066666666668
2026-05-30 08:30:00,8090.9
2026-05-30 08:40:00,12635.033333333333
2026-05-30 08:50:00,14104.5
2026-05-30 09:00:00,11539.733333333332
2026-05-30 09:10:00,13364.75
2026-05-30 09:20:00,14119.533333333333
2026-05-30 09:30:00,12255.1
2026-05-30 09:40:00,12918.9
2026-05-30 09:50:00,13742.099999999999
2026-05-30 10:00:00,9094
2026-05-30 10:10:00,10473.5
2026-05-30 10:20:00,9146.7
2026-05-30 10:30:00,14502.300000000001
2026-05-30 10:40:00,13992.650000000001
2026-05-30 10:50:00,12061.6
2026-05-30 11:00:00,9584.35
2026-05-30 11:10:00,14464.300000000001
2026-05-30 11:20:00,12712.1
2026-05-30 11:30:00,11336.933333333334
2026-05-30 11:40:00,10323
2026-05-30 11:50:00,9930.566666666666
2026-05-30 12:00:00,11535.8
2026-05-30 12:10:00,11338.333333333334
2026-05-30 12:20:00,12888.400000000001
2026-05-30 12:30:00,11389.233333333332
2026-05-30 12:40:00,10526.2
2026-05-30 12:50:00,13180.5
2026-05-30 13:00:00,13720.599999999999
2026-05-30 13:10:00,7548.633333333334
2026-05-30 13:20:00,5822.2
2026-05-30 13:30:00,2686.5666666666666
2026-05-30 13:40:00,2273
2026-05-30 13:50:00,3963.2000000000003
2026-05-30 14:00:00,6373.8
2026-05-30 14:10:00,6849.033333333333
2026-05-30 14:20:00,3757.8500000000004
2026-05-30 14:30:00,2762.533333333333
2026-05-30 14:40:00,3443.85
2026-05-30 14:50:00,1905.2666666666664
2026-05-30 15:00:00,1695.6
2026-05-30 15:10:00,1900.2333333333333
2026-05-30 15:20:00,1145.1
2026-05-30 15:30:00,2166.1666666666665
2026-05-30 15:40:00,3515.8999999999996
2026-05-30 15:50:00,3089.4
2026-05-30 16:00:00,2966.45
2026-05-30 16:10:00,1299.5666666666666
2026-05-30 16:20:00,970.9
2026-05-30 16:30:00,346.93333333333334
2026-05-30 16:40:00,314
2026-05-30 16:50:00,228.66666666666666
2026-05-30 17:00:00,258.04999999999995
2026-05-30 17:10:00,377.0333333333333
2026-05-30 17:20:00,239.75
2026-05-30 17:30:00,116.13333333333333
2026-05-30 17:40:00,22.6
2026-05-30 17:50:00,12.933333333333332
2026-05-30 18:00:00,7.8999999999999995
2026-05-30 18:10:00,4.3
2026-05-30 18:20:00,4.3
2026-05-30 18:30:00,4.3
2026-05-30 18:40:00,4.3
2026-05-30 18:50:00,5.033333333333334
2026-05-30 19:00:00,4.3
2026-05-30 19:10:00,4.3
2026-05-30 19:20:00,4.3
2026-05-30 19:30:00,4.3
2026-05-30 19:40:00,4.3
2026-05-30 19:50:00,4.3
2026-05-30 20:00:00,4.3
2026-05-30 20:10:00,4.3
2026-05-30 20:20:00,4.3
2026-06-01 08:30:00,12491.666666666666
2026-06-01 08:40:00,10120.85
2026-06-01 08:50:00,9079
2026-06-01 09:00:00,8613.4
2026-06-01 09:10:00,6310.7
2026-06-01 09:20:00,7453.3
2026-06-01 09:30:00,8867.533333333335
2026-06-01 09:40:00,9917.65
2026-06-01 09:50:00,10007.966666666667
2026-06-01 10:00:00,14671.1
2026-06-01 10:10:00,13791.200000000003
2026-06-01 10:20:00,15117.3
2026-06-01 10:30:00,10421.533333333333
2026-06-01 10:40:00,9147.8
2026-06-01 11:20:00,11762.650000000001
2026-06-01 11:30:00,11786.35
2026-06-01 11:40:00,12134.733333333332
2026-06-01 11:50:00,10974.55
2026-06-01 12:00:00,6826.099999999999
2026-06-01 12:10:00,8212.35
2026-06-01 12:20:00,9450.300000000001
2026-06-01 12:30:00,8980.1
2026-06-01 12:40:00,6834.666666666667
2026-06-01 12:50:00,5044.85
2026-06-01 13:00:00,4459.933333333333
2026-06-01 13:10:00,5671.65
2026-06-01 13:20:00,6127.2
2026-06-01 13:30:00,5780.25
2026-06-01 13:40:00,5855.533333333333
2026-06-01 13:50:00,5797.5
2026-06-01 14:00:00,6792.400000000001
2026-06-01 14:10:00,7009.2
2026-06-01 14:20:00,7388.033333333333
2026-06-01 14:30:00,6569.5
2026-06-01 14:40:00,8025.3
2026-06-01 14:50:00,10989.65
2026-06-01 15:00:00,10936.900000000001
2026-06-01 15:10:00,10731.55
2026-06-01 15:20:00,8563.6
2026-06-01 15:30:00,5343.75
2026-06-01 15:40:00,3250.6666666666665
2026-06-01 15:50:00,4421.2
2026-06-01 16:00:00,4877.099999999999
2026-06-01 16:10:00,4248.1
2026-06-01 16:20:00,6060.566666666667
2026-06-01 16:30:00,6145.85
2026-06-01 16:40:00,5506.466666666666
2026-06-01 16:50:00,2896.6000000000004
2026-06-01 17:00:00,2189.1
2026-06-01 17:10:00,1808.5
2026-06-01 17:20:00,1631.4666666666665
2026-06-01 17:30:00,1264.4499999999998
2026-06-01 17:40:00,879.5
2026-06-01 17:50:00,374.15
2026-06-01 18:00:00,110.40000000000002
2026-06-01 18:10:00,20.45
2026-06-01 18:20:00,5.033333333333334
2026-06-01 18:30:00,4.3
2026-06-01 18:40:00,4.3
2026-06-01 18:50:00,4.3
2026-06-01 19:00:00,4.3
2026-06-01 19:10:00,4.3
2026-06-01 19:20:00,4.3
2026-06-01 19:30:00,4.3
2026-06-01 19:40:00,4.3
2026-06-01 19:50:00,4.3
2026-06-01 20:00:00,4.3
2026-06-01 20:10:00,4.3
2026-06-01 20:20:00,4.3
2026-06-01 20:30:00,4.3
2026-06-01 20:40:00,4.3
2026-06-01 20:50:00,4.3
2026-06-01 21:00:00,4.3
2026-06-01 21:10:00,4.3
2026-06-01 21:20:00,4.3
2026-06-01 21:30:00,4.3
2026-06-01 21:40:00,4.3
2026-06-01 21:50:00,4.3
2026-06-01 22:00:00,4.3
2026-06-01 22:10:00,4.3
2026-06-01 22:20:00,4.3
2026-06-01 22:30:00,4.3
2026-06-01 22:40:00,4.3
2026-06-01 22:50:00,4.3
2026-06-01 23:00:00,4.3
2026-06-01 23:10:00,4.3
2026-06-01 23:20:00,4.3
2026-06-01 23:30:00,4.3
2026-06-01 23:40:00,4.3
2026-06-01 23:50:00,4.3
2026-06-02 00:00:00,4.3
2026-06-02 00:10:00,4.3
2026-06-02 00:20:00,4.3
2026-06-02 00:30:00,4.3
2026-06-02 00:40:00,4.3
2026-06-02 00:50:00,4.3
2026-06-02 01:00:00,4.3
2026-06-02 01:10:00,4.3
2026-06-02 01:20:00,4.3
2026-06-02 01:30:00,4.3
2026-06-02 01:40:00,4.3
2026-06-02 01:50:00,4.3
2026-06-02 02:00:00,4.3
2026-06-02 02:10:00,4.3
2026-06-02 02:20:00,4.3
2026-06-02 02:30:00,4.3
2026-06-02 02:40:00,4.3
2026-06-02 02:50:00,4.3
2026-06-02 03:00:00,4.3
2026-06-02 03:10:00,4.3
2026-06-02 03:20:00,4.3
2026-06-02 03:30:00,4.3
2026-06-02 03:40:00,4.3
2026-06-02 03:50:00,4.3
2026-06-02 04:00:00,4.3
2026-06-02 04:10:00,4.3
2026-06-02 04:20:00,4.3
2026-06-02 04:30:00,4.3
2026-06-02 04:40:00,4.3
2026-06-02 04:50:00,4.3
2026-06-02 05:00:00,6.449999999999999
2026-06-02 05:10:00,30.133333333333336
2026-06-02 05:20:00,110.75
2026-06-02 05:30:00,354.8333333333333
2026-06-02 05:40:00,733.3
2026-06-02 05:50:00,1203.5
2026-06-02 06:00:00,1730
2026-06-02 06:10:00,2280.866666666667
2026-06-02 06:20:00,2858.95
2026-06-02 06:30:00,3313.75
2026-06-02 06:40:00,3811.933333333333
2026-06-02 06:50:00,4757.8
2026-06-02 07:00:00,5699.3
2026-06-02 07:10:00,6926.45
2026-06-02 07:20:00,7362.966666666667
2026-06-02 07:30:00,7565.1
2026-06-02 07:40:00,8412.4
2026-06-02 07:50:00,8693
2026-06-02 08:00:00,7438.233333333334
2026-06-02 08:10:00,8344.65
2026-06-02 08:20:00,7352.900000000001
2026-06-02 08:30:00,6820
2026-06-02 08:40:00,8339.966666666667
2026-06-02 08:50:00,10424.05
2026-06-02 09:00:00,12789.133333333333
2026-06-02 09:10:00,12140.099999999999
2026-06-02 09:20:00,11519.699999999999
2026-06-02 09:30:00,6685.6
2026-06-02 09:40:00,5185.333333333333
2026-06-02 09:50:00,5907.15
2026-06-02 10:00:00,4318.733333333334
2026-06-02 10:10:00,5234.05
2026-06-02 10:20:00,5224.733333333334
2026-06-02 10:30:00,4734.15
2026-06-02 10:40:00,5865.599999999999
2026-06-02 10:50:00,7064.05
2026-06-02 11:00:00,5773.133333333334
2026-06-02 11:10:00,5200.75
2026-06-02 11:20:00,8372.199999999999
2026-06-02 11:30:00,9484.349999999999
2026-06-02 11:40:00,8379.4
2026-06-02 11:50:00,8023.15
2026-06-02 12:00:00,7956.466666666667
2026-06-02 12:10:00,13429.25
2026-06-02 12:20:00,10723.333333333334
2026-06-02 12:30:00,8729.55
2026-06-02 12:40:00,7205.266666666666
2026-06-02 12:50:00,6921.05
2026-06-02 13:00:00,9714.800000000001
2026-06-02 13:10:00,9454.25
2026-06-02 13:20:00,7561.533333333334
2026-06-02 13:30:00,8125.3
2026-06-02 13:40:00,7589.466666666667
2026-06-02 13:50:00,7003.85
2026-06-02 14:00:00,5441.900000000001
2026-06-02 14:10:00,7163
2026-06-02 14:20:00,7401.666666666667
2026-06-02 14:30:00,9391.85
2026-06-02 14:40:00,11584.933333333332
2026-06-02 14:50:00,8643.55
2026-06-02 15:00:00,8288.333333333334
2026-06-02 15:10:00,6537.2
2026-06-02 15:20:00,7542.900000000001
2026-06-02 15:30:00,6415.700000000001
2026-06-02 15:40:00,3704.433333333333
2026-06-02 15:50:00,2469.7
2026-06-02 16:00:00,2879.4
2026-06-02 16:10:00,3704.05
2026-06-02 16:20:00,4150.966666666666
2026-06-02 16:30:00,3224.55
2026-06-02 16:40:00,2813.433333333333
2026-06-02 16:50:00,2576.1499999999996
2026-06-02 17:00:00,2209.9
2026-06-02 17:10:00,1602.0500000000002
2026-06-02 17:20:00,1326.0666666666666
2026-06-02 17:30:00,937.55
2026-06-02 17:40:00,540.4666666666667
2026-06-02 17:50:00,160.2
2026-06-02 18:00:00,30.100000000000005
2026-06-02 18:10:00,7.55
2026-06-02 18:20:00,4.3
2026-06-02 18:30:00,4.3
2026-06-02 18:40:00,4.3
2026-06-02 18:50:00,4.3
2026-06-02 19:00:00,4.3
2026-06-02 19:10:00,4.3
2026-06-02 19:20:00,4.3
2026-06-02 19:30:00,4.3
2026-06-02 19:40:00,4.3
2026-06-02 19:50:00,4.3
2026-06-02 20:00:00,4.3
2026-06-02 20:10:00,4.3
2026-06-02 20:20:00,4.3
2026-06-02 20:30:00,4.3
2026-06-02 20:40:00,4.3
2026-06-02 20:50:00,4.3
2026-06-02 21:00:00,4.3
2026-06-02 21:10:00,4.3
2026-06-02 21:20:00,4.3
2026-06-02 21:30:00,4.3
2026-06-02 21:40:00,4.3
2026-06-02 21:50:00,4.3
2026-06-02 22:00:00,4.3
2026-06-02 22:10:00,4.3
2026-06-02 22:20:00,4.3
2026-06-02 22:30:00,4.3
2026-06-02 22:40:00,4.3
2026-06-02 22:50:00,4.3
2026-06-02 23:00:00,4.3
2026-06-02 23:10:00,4.3
2026-06-02 23:20:00,4.3
2026-06-02 23:30:00,4.3
2026-06-02 23:40:00,4.3
2026-06-02 23:50:00,4.3
2026-06-03 00:00:00,4.3
2026-06-03 00:10:00,4.3
2026-06-03 00:20:00,4.3
2026-06-03 00:30:00,4.3
2026-06-03 00:40:00,4.3
2026-06-03 00:50:00,4.3
2026-06-03 01:00:00,4.3
2026-06-03 01:10:00,4.3
2026-06-03 01:20:00,4.3
2026-06-03 01:30:00,4.3
2026-06-03 01:40:00,4.3
2026-06-03 01:50:00,4.3
2026-06-03 02:00:00,4.3
2026-06-03 02:10:00,4.3
2026-06-03 02:20:00,4.3
2026-06-03 02:30:00,4.3
2026-06-03 02:40:00,4.3
2026-06-03 02:50:00,4.3
2026-06-03 03:00:00,4.3
2026-06-03 03:10:00,4.3
2026-06-03 03:20:00,4.3
2026-06-03 03:30:00,4.3
2026-06-03 03:40:00,4.3
2026-06-03 03:50:00,4.3
2026-06-03 04:00:00,4.3
2026-06-03 04:10:00,4.3
2026-06-03 04:20:00,4.3
2026-06-03 04:30:00,4.3
2026-06-03 04:40:00,4.3
2026-06-03 04:50:00,4.3
2026-06-03 05:00:00,4.3
2026-06-03 05:10:00,19.366666666666664
2026-06-03 05:20:00,68.8
2026-06-03 05:30:00,170.6
2026-06-03 05:40:00,364.5
2026-06-03 05:50:00,629.3666666666667
2026-06-03 06:00:00,940.8
2026-06-03 06:10:00,1287.3999999999999
2026-06-03 06:20:00,1679.45
2026-06-03 06:30:00,2381.2000000000003
2026-06-03 06:40:00,2984.75
2026-06-03 06:50:00,4046.2999999999997
2026-06-03 07:00:00,5223.3
2026-06-03 07:10:00,5640.5
2026-06-03 07:20:00,7452.2
2026-06-03 07:30:00,6905.666666666667
2026-06-03 07:40:00,4895.35
2026-06-03 07:50:00,4518
2026-06-03 08:00:00,5764.15
2026-06-03 08:10:00,7656.866666666666
2026-06-03 08:20:00,7765.1
2026-06-03 08:30:00,11235.833333333334
2026-06-03 08:40:00,5460.95
2026-06-03 08:50:00,4539.5
2026-06-03 09:00:00,3829.85
2026-06-03 09:10:00,5253.433333333333
2026-06-03 09:20:00,9201.55
2026-06-03 09:30:00,10057.4
2026-06-03 09:40:00,13658.3
2026-06-03 09:50:00,16689.25
2026-06-03 10:00:00,15962.4
2026-06-03 10:10:00,15384
2026-06-03 10:20:00,15966
2026-06-03 10:30:00,15829.1
2026-06-03 10:40:00,12599.199999999999
2026-06-03 10:50:00,16998.9
2026-06-03 11:00:00,17326.5
2026-06-03 11:10:00,16277.45
2026-06-03 11:20:00,15080.75
2026-06-03 11:30:00,10231.6
2026-06-03 11:40:00,6772.333333333333
2026-06-03 11:50:00,6242.624999999999
2026-06-03 12:00:00,5806.1
2026-06-03 12:10:00,5263.65
2026-06-03 12:20:00,5371.7
2026-06-03 12:30:00,6061.966666666667
2026-06-03 12:40:00,5569.533333333333
2026-06-03 12:50:00,7870.45
2026-06-03 13:00:00,5456.266666666666
2026-06-03 13:10:00,3658.566666666667
2026-06-03 13:20:00,2191.233333333333
2026-06-03 13:30:00,2140.975
2026-06-03 13:40:00,2765.4
2026-06-03 13:50:00,2447.675
2026-06-03 14:00:00,2208.4666666666667
2026-06-03 14:10:00,1885.533333333333
2026-06-03 14:20:00,1708.5
2026-06-03 14:30:00,1532.1333333333332
2026-06-03 14:40:00,1574.625
2026-06-03 14:50:00,1437
2026-06-03 15:00:00,1603.125
2026-06-03 15:10:00,1655.8
2026-06-03 15:20:00,1394.9000000000003
2026-06-03 15:30:00,1025.7333333333333
2026-06-03 15:40:00,842.2666666666668
2026-06-03 15:50:00,710.7
2026-06-03 16:00:00,688.1
2026-06-03 16:10:00,688.1
2026-06-03 16:20:00,350.51666666666665
2026-06-03 16:30:00,275.8857142857143
2026-06-03 16:40:00,199.96666666666667
2026-06-03 16:50:00,114.7
2026-06-03 17:00:00,138.48
2026-06-03 17:10:00,111.85
2026-06-03 17:20:00,120.39999999999999
2026-06-03 17:30:00,106.8
2026-06-03 17:40:00,60.96666666666667
2026-06-03 17:50:00,32.275
2026-06-03 18:00:00,8.633333333333333
2026-06-03 18:10:00,4.3
2026-06-03 18:20:00,4.3
2026-06-03 18:30:00,4.3
2026-06-03 18:40:00,4.3
2026-06-03 18:50:00,4.3
2026-06-03 19:00:00,4.3
2026-06-03 19:10:00,4.3
2026-06-03 19:20:00,4.3
2026-06-03 19:30:00,4.3
2026-06-03 19:40:00,4.3
2026-06-03 19:50:00,4.3
2026-06-03 20:00:00,4.3
2026-06-03 20:10:00,4.3
2026-06-03 20:20:00,4.3
2026-06-03 20:30:00,4.3
2026-06-03 20:40:00,4.3
2026-06-03 20:50:00,4.3
2026-06-03 21:00:00,4.3
2026-06-03 21:10:00,4.3
2026-06-03 21:20:00,4.3
2026-06-03 21:30:00,4.3
2026-06-03 21:40:00,4.3
2026-06-03 21:50:00,4.3
2026-06-03 22:00:00,4.3
2026-06-03 22:10:00,4.3
2026-06-03 22:20:00,4.3
2026-06-03 22:30:00,4.3
2026-06-03 22:40:00,4.3
2026-06-03 22:50:00,4.3
2026-06-03 23:00:00,4.3
2026-06-03 23:10:00,4.3
2026-06-03 23:20:00,4.3
2026-06-03 23:30:00,4.3
2026-06-03 23:40:00,4.3
2026-06-03 23:50:00,4.3
2026-06-04 00:00:00,4.3
2026-06-04 00:10:00,4.3
2026-06-04 00:20:00,4.3
2026-06-04 00:30:00,4.3
2026-06-04 00:40:00,4.3
2026-06-04 00:50:00,4.3
2026-06-04 01:00:00,4.3
2026-06-04 01:10:00,4.3
2026-06-04 01:20:00,4.3
2026-06-04 01:30:00,4.3
2026-06-04 01:40:00,4.3
2026-06-04 01:50:00,4.3
2026-06-04 02:00:00,4.3
2026-06-04 02:10:00,4.3
2026-06-04 02:20:00,4.3
2026-06-04 02:30:00,4.3
2026-06-04 02:40:00,4.3
2026-06-04 02:50:00,4.3
2026-06-04 03:00:00,4.3
2026-06-04 03:10:00,4.3
2026-06-04 03:20:00,4.3
2026-06-04 03:30:00,4.3
2026-06-04 03:40:00,4.3
2026-06-04 03:50:00,4.3
2026-06-04 04:00:00,4.3
2026-06-04 04:10:00,4.3
2026-06-04 04:20:00,4.3
2026-06-04 04:30:00,4.3
2026-06-04 04:40:00,4.3
2026-06-04 04:50:00,4.3
2026-06-04 05:00:00,5.033333333333333
2026-06-04 05:10:00,25.799999999999997
2026-06-04 05:20:00,142.66666666666666
2026-06-04 05:30:00,383.85
2026-06-04 05:40:00,594.2
2026-06-04 05:50:00,796.75
2026-06-04 06:00:00,1093.1333333333334
2026-06-04 06:10:00,1394.5
2026-06-04 06:20:00,2274.4
2026-06-04 06:30:00,2140.7
2026-06-04 06:40:00,4030.5333333333333
2026-06-04 06:50:00,6431.85
2026-06-04 07:00:00,7457.566666666666
2026-06-04 07:10:00,8163.95
2026-06-04 07:20:00,9083.300000000001
2026-06-04 07:30:00,9470.35
2026-06-04 07:40:00,10028.066666666666
2026-06-04 07:50:00,10718.65
2026-06-04 08:00:00,11546.933333333334
2026-06-04 08:10:00,7910.25
2026-06-04 08:20:00,8431.733333333334
2026-06-04 08:30:00,8330.65
2026-06-04 08:40:00,10461.699999999999
2026-06-04 08:50:00,9233.8
2026-06-04 09:00:00,14462.166666666666
2026-06-04 09:10:00,12954.733333333332
2026-06-04 09:20:00,14603.349999999999
2026-06-04 09:30:00,14742.05
2026-06-04 09:40:00,12136.833333333334
2026-06-04 09:50:00,9332.7
2026-06-04 10:00:00,8856.800000000001
2026-06-04 10:10:00,16087.150000000001
2026-06-04 10:20:00,14300.166666666666
2026-06-04 10:30:00,12147.6
2026-06-04 10:40:00,14182.599999999999
2026-06-04 10:50:00,12686.3
2026-06-04 11:00:00,11579.199999999999
2026-06-04 11:10:00,10913.25
2026-06-04 11:20:00,9775
2026-06-04 11:30:00,5712.549999999999
2026-06-04 11:40:00,5085.666666666667
2026-06-04 11:50:00,4349.15
2026-06-04 12:00:00,2953.9
2026-06-04 12:10:00,1596.65
2026-06-04 12:20:00,2318.8333333333335
2026-06-04 12:30:00,4293.25
2026-06-04 12:40:00,3977.5333333333333
2026-06-04 12:50:00,3928.75
2026-06-04 13:00:00,2242.866666666667
2026-06-04 13:10:00,2228.1142857142854
2026-06-04 13:20:00,2662.66
2026-06-04 13:30:00,2669.2
2026-06-04 13:40:00,3285.433333333333
2026-06-04 13:50:00,3813.75
2026-06-04 14:00:00,3733.1
2026-06-04 14:10:00,2527.8
2026-06-04 14:20:00,2891.566666666667
2026-06-04 14:30:00,2250.4
2026-06-04 14:40:00,2319.566666666667
2026-06-04 14:50:00,1653.65
2026-06-04 15:00:00,1124.6666666666667
2026-06-04 15:10:00,1209.575
2026-06-04 15:20:00,1763.9285714285713
2026-06-04 15:30:00,1822.8333333333333
2026-06-04 15:40:00,833.8249999999999
2026-06-04 15:50:00,817.15
2026-06-04 16:00:00,1245.8
2026-06-04 16:10:00,1717.4666666666665
2026-06-04 16:20:00,1818.15
2026-06-04 16:30:00,1690.2
2026-06-04 16:40:00,1388.1
2026-06-04 16:50:00,579.9
2026-06-04 17:00:00,267.7
2026-06-04 17:10:00,275.26666666666665
2026-06-04 17:20:00,353.75
2026-06-04 17:30:00,416.4666666666667
2026-06-04 17:40:00,262.35
2026-06-04 17:50:00,98.93333333333334
2026-06-04 18:00:00,27.95
2026-06-04 18:10:00,7.2
2026-06-04 18:20:00,4.3
2026-06-04 18:30:00,4.3
2026-06-04 18:40:00,4.3
2026-06-04 18:50:00,4.3
2026-06-04 19:00:00,4.3
2026-06-04 19:10:00,4.3
2026-06-04 19:20:00,4.3
2026-06-04 19:30:00,4.3
2026-06-04 19:40:00,4.3
2026-06-04 19:50:00,4.3
2026-06-04 20:00:00,4.3
2026-06-04 20:10:00,4.3
2026-06-04 20:20:00,4.3
2026-06-04 20:30:00,4.3
2026-06-04 20:40:00,4.3
2026-06-04 20:50:00,4.3
2026-06-04 21:00:00,4.3
2026-06-04 21:10:00,4.3
2026-06-04 21:20:00,4.3
2026-06-04 21:30:00,4.3
2026-06-04 21:40:00,4.3
2026-06-04 21:50:00,4.3
2026-06-04 22:00:00,4.3
2026-06-04 22:10:00,4.3
2026-06-04 22:20:00,4.3
2026-06-04 22:30:00,4.3
2026-06-04 22:40:00,4.3
2026-06-04 22:50:00,4.3
2026-06-04 23:00:00,4.3
2026-06-04 23:10:00,4.3
2026-06-04 23:20:00,4.3
2026-06-04 23:30:00,4.3
2026-06-04 23:40:00,4.3
2026-06-04 23:50:00,4.3
2026-06-05 00:00:00,4.3
2026-06-05 00:10:00,4.3
2026-06-05 00:20:00,4.3
2026-06-05 00:30:00,4.3
2026-06-05 00:40:00,4.3
2026-06-05 00:50:00,4.3
2026-06-05 01:00:00,4.3
2026-06-05 01:10:00,4.3
2026-06-05 01:20:00,4.3
2026-06-05 01:30:00,4.3
2026-06-05 01:40:00,4.3
2026-06-05 01:50:00,4.3
2026-06-05 02:00:00,4.3
2026-06-05 02:10:00,4.3
2026-06-05 02:20:00,4.3
2026-06-05 02:30:00,4.3
2026-06-05 02:40:00,4.3
2026-06-05 02:50:00,4.3
2026-06-05 03:00:00,4.3
2026-06-05 03:10:00,4.3
2026-06-05 03:20:00,4.3
2026-06-05 03:30:00,4.3
2026-06-05 03:40:00,4.3
2026-06-05 03:50:00,4.3
2026-06-05 04:00:00,4.3
2026-06-05 04:10:00,4.3
2026-06-05 04:20:00,4.3
2026-06-05 04:30:00,4.3
2026-06-05 04:40:00,4.3
2026-06-05 04:50:00,4.3
2026-06-05 05:00:00,5.733333333333333
2026-06-05 05:10:00,26.9
2026-06-05 05:20:00,109.7
2026-06-05 05:30:00,315
2026-06-05 05:40:00,614.3000000000001
2026-06-05 05:50:00,1030.0500000000002
2026-06-05 06:00:00,1657.9333333333334
2026-06-05 06:10:00,3207.35
2026-06-05 06:20:00,3753.866666666667
2026-06-05 06:30:00,4977.1
2026-06-05 06:40:00,5763.766666666666
2026-06-05 06:50:00,6423.25
2026-06-05 07:00:00,7282.700000000001
2026-06-05 07:10:00,7940.35
2026-06-05 07:20:00,8995.099999999999
2026-06-05 07:30:00,8349.300000000001
2026-06-05 07:40:00,9576.8
2026-06-05 07:50:00,10360.633333333333
2026-06-05 08:00:00,11095
2026-06-05 08:10:00,11588.5
2026-06-05 08:20:00,12017.5
2026-06-05 08:30:00,12356.199999999999
2026-06-05 08:40:00,12563.7
2026-06-05 08:50:00,13422.066666666666
2026-06-05 09:00:00,13918.45
2026-06-05 09:10:00,14909.433333333332
2026-06-05 09:20:00,15592.55
2026-06-05 09:30:00,9678.233333333332
2026-06-05 09:40:00,9691.85
2026-06-05 09:50:00,9055.333333333334
2026-06-05 10:00:00,12585.2
2026-06-05 10:10:00,15494.333333333334
2026-06-05 10:20:00,8797.3
2026-06-05 10:30:00,4467.833333333333
2026-06-05 10:40:00,2131.05
2026-06-05 10:50:00,822.8666666666667
2026-06-05 11:00:00,618.6
2026-06-05 11:10:00,1046.2538461538463
2026-06-05 11:20:00,1405.9133333333336
2026-06-05 11:30:00,4039.5
2026-06-05 11:40:00,4409.733333333334
2026-06-05 11:50:00,4373.166666666667
2026-06-05 12:00:00,3045
2026-06-05 12:10:00,2912.3333333333335
2026-06-05 12:20:00,3136.3500000000004
2026-06-05 12:30:00,4418.333333333333
2026-06-05 12:40:00,5413.6
2026-06-05 12:50:00,6603.866666666666
2026-06-05 13:00:00,3614.8
2026-06-05 13:10:00,3371.133333333333
2026-06-05 13:20:00,3014.85
2026-06-05 13:30:00,3513.7333333333336
2026-06-05 13:40:00,5027.65
2026-06-05 13:50:00,5264.9
2026-06-05 14:00:00,3703
2026-06-05 14:10:00,3115.2333333333336
2026-06-05 14:20:00,2740.6499999999996
2026-06-05 14:30:00,2385.5333333333333
2026-06-05 14:40:00,1065.1666666666665
2026-06-05 14:50:00,825.7666666666668
2026-06-05 15:00:00,412.8666666666666
2026-06-05 15:10:00,739.1875
2026-06-05 15:20:00,1125.725
2026-06-05 15:30:00,1127.5
2026-06-05 15:40:00,1230.05
2026-06-05 15:50:00,1273.0333333333335
2026-06-05 16:00:00,1279.45
2026-06-05 16:10:00,1030.7333333333333
2026-06-05 16:20:00,755.85
2026-06-05 16:30:00,696.7333333333332
2026-06-05 16:40:00,1071.6333333333334
2026-06-05 16:50:00,1146.1666666666667
2026-06-05 17:00:00,927.9000000000001
2026-06-05 17:10:00,638.125
2026-06-05 17:20:00,582.8
2026-06-05 17:30:00,391.3666666666666
2026-06-05 17:40:00,254.85
2026-06-05 17:50:00,107.53333333333335
2026-06-05 18:00:00,36.55
2026-06-05 18:10:00,8.6
2026-06-05 18:20:00,4.3
2026-06-05 18:30:00,4.3
2026-06-05 18:40:00,4.3
2026-06-05 18:50:00,4.3
2026-06-05 19:00:00,4.3
2026-06-05 19:10:00,4.3
2026-06-05 19:20:00,4.3
2026-06-05 19:30:00,4.3
2026-06-05 19:40:00,4.3
2026-06-05 19:50:00,4.3
2026-06-05 20:00:00,4.3
2026-06-05 20:10:00,4.3
2026-06-05 20:20:00,4.3
2026-06-05 20:30:00,4.3
2026-06-05 20:40:00,4.3
2026-06-05 20:50:00,4.3
2026-06-05 21:00:00,4.3
2026-06-05 21:10:00,4.3
2026-06-05 21:20:00,4.3
2026-06-05 21:30:00,4.3
2026-06-05 21:40:00,4.3
2026-06-05 21:50:00,4.3
2026-06-05 22:00:00,4.3
2026-06-05 22:10:00,4.3
2026-06-05 22:20:00,4.3
2026-06-05 22:30:00,4.3
2026-06-05 22:40:00,4.3
2026-06-05 22:50:00,4.3
2026-06-05 23:00:00,4.3
2026-06-05 23:10:00,4.3
2026-06-05 23:20:00,4.3
2026-06-05 23:30:00,4.3
2026-06-05 23:40:00,4.3
2026-06-05 23:50:00,4.3
2026-06-06 00:00:00,4.3
2026-06-06 00:10:00,4.3
2026-06-06 00:20:00,4.3
2026-06-06 00:30:00,4.3
2026-06-06 00:40:00,4.3
2026-06-06 00:50:00,4.3
2026-06-06 01:00:00,4.3
2026-06-06 01:10:00,4.3
2026-06-06 01:20:00,4.3
2026-06-06 01:30:00,4.3
2026-06-06 01:40:00,4.3
2026-06-06 01:50:00,4.3
2026-06-06 02:00:00,4.3
2026-06-06 02:10:00,4.3
2026-06-06 02:20:00,4.3
2026-06-06 02:30:00,4.3
2026-06-06 02:40:00,4.3
2026-06-06 02:50:00,4.3
2026-06-06 03:00:00,4.3
2026-06-06 03:10:00,4.3
2026-06-06 03:20:00,4.3
2026-06-06 03:30:00,4.3
2026-06-06 03:40:00,4.3
2026-06-06 03:50:00,4.3
2026-06-06 04:00:00,4.3
2026-06-06 04:10:00,4.3
2026-06-06 04:20:00,4.3
2026-06-06 04:30:00,4.3
2026-06-06 04:40:00,4.3
2026-06-06 04:50:00,4.3
2026-06-06 05:00:00,4.3
2026-06-06 05:10:00,17.233333333333334
2026-06-06 05:20:00,55.95
2026-06-06 05:30:00,225.0666666666667
2026-06-06 05:40:00,558.05
2026-06-06 05:50:00,1007.8000000000001
2026-06-06 06:00:00,1682.7
2026-06-06 06:10:00,2229.9666666666667
2026-06-06 06:20:00,2389.1000000000004
2026-06-06 06:30:00,2531
2026-06-06 06:40:00,3007.7000000000003
2026-06-06 06:50:00,3761.05
2026-06-06 07:00:00,4610.466666666667
2026-06-06 07:10:00,5655.55
2026-06-06 07:20:00,7391.599999999999
2026-06-06 07:30:00,8365.1
2026-06-06 07:40:00,7927.066666666667
2026-06-06 07:50:00,8133.9
2026-06-06 08:00:00,9038.866666666667
2026-06-06 08:10:00,8124.25
2026-06-06 08:20:00,7741.433333333333
2026-06-06 08:30:00,11189.599999999999
2026-06-06 08:40:00,12122.5
2026-06-06 08:50:00,12191.650000000001
2026-06-06 09:00:00,12227.166666666666
2026-06-06 09:10:00,12263.75
2026-06-06 09:20:00,13116
2026-06-06 09:30:00,12621.8
2026-06-06 09:40:00,13728.166666666666
2026-06-06 09:50:00,12558.35
2026-06-06 10:00:00,6990.966666666667
2026-06-06 10:10:00,4754.5
2026-06-06 10:20:00,6746.533333333333
2026-06-06 10:30:00,9876.8
2026-06-06 10:40:00,10911.833333333334
2026-06-06 10:50:00,9348.849999999999
2026-06-06 11:00:00,6759.433333333333
2026-06-06 11:10:00,4544.9
2026-06-06 11:20:00,4070.6999999999994
2026-06-06 11:30:00,5962
2026-06-06 11:40:00,3985.3999999999996
2026-06-06 11:50:00,2266.55
2026-06-06 12:00:00,3728.066666666667
2026-06-06 12:10:00,4997.5
2026-06-06 12:20:00,6051.233333333333
2026-06-06 12:30:00,5638.35
2026-06-06 12:40:00,4152.4
2026-06-06 12:50:00,3852.7666666666664
2026-06-06 13:00:00,4563.179999999999
2026-06-06 13:10:00,6787.94
2026-06-06 13:20:00,6451.166666666667
2026-06-06 13:30:00,5575.266666666666
2026-06-06 13:40:00,4685.15
2026-06-06 13:50:00,3834.866666666667
2026-06-06 14:00:00,4292.725
2026-06-06 14:10:00,3990.05
2026-06-06 14:20:00,3576.1000000000004
2026-06-06 14:30:00,1642.9
2026-06-06 14:40:00,1565.45
2026-06-06 14:50:00,908.9
2026-06-06 15:00:00,701
2026-06-06 15:10:00,315.40000000000003
2026-06-06 15:20:00,298.0904761904761
2026-06-06 15:30:00,414.7368421052632
2026-06-06 15:40:00,614.0555555555555
2026-06-06 15:50:00,747.8000000000001
2026-06-06 16:00:00,747.6333333333333
2026-06-06 16:10:00,728.9666666666667
2026-06-06 16:20:00,601.05
2026-06-06 16:30:00,650.5
2026-06-06 16:40:00,832.1999999999999
2026-06-06 16:50:00,830.0500000000001
2026-06-06 17:00:00,713.2333333333332
2026-06-06 17:10:00,578.5
2026-06-06 17:20:00,557.6999999999999
2026-06-06 17:30:00,447.3
2026-06-06 17:40:00,320.43333333333334
2026-06-06 17:50:00,158.05
2026-06-06 18:00:00,43.73333333333333
2026-06-06 18:10:00,9.7
2026-06-06 18:20:00,4.3
2026-06-06 18:30:00,4.3
2026-06-06 18:40:00,4.3
2026-06-06 18:50:00,4.3
2026-06-06 19:00:00,4.3
2026-06-06 19:10:00,4.3
2026-06-06 19:20:00,4.3
2026-06-06 19:30:00,4.3
2026-06-06 19:40:00,4.3
2026-06-06 19:50:00,4.3
2026-06-06 20:00:00,4.3
2026-06-06 20:10:00,4.3
2026-06-06 20:20:00,4.3
2026-06-06 20:30:00,4.3
2026-06-06 20:40:00,4.3
2026-06-06 20:50:00,4.3
2026-06-06 21:00:00,4.3
2026-06-06 21:10:00,4.3
2026-06-06 21:20:00,4.3
2026-06-06 21:30:00,4.3
2026-06-06 21:40:00,4.3
2026-06-06 21:50:00,4.3
2026-06-06 22:00:00,4.3
2026-06-06 22:10:00,4.3
2026-06-06 22:20:00,4.3
2026-06-06 22:30:00,4.3
2026-06-06 22:40:00,4.3
2026-06-06 22:50:00,4.3
2026-06-06 23:00:00,4.3
2026-06-06 23:10:00,4.3
2026-06-06 23:20:00,4.3
2026-06-06 23:30:00,4.3
2026-06-06 23:40:00,4.3
2026-06-06 23:50:00,4.3
2026-06-07 00:00:00,4.3
2026-06-07 00:10:00,4.3
2026-06-07 00:20:00,4.3
2026-06-07 00:30:00,4.3
2026-06-07 00:40:00,4.3
2026-06-07 00:50:00,4.3
2026-06-07 01:00:00,4.3
2026-06-07 01:10:00,4.3
2026-06-07 01:20:00,4.3
2026-06-07 01:30:00,4.3
2026-06-07 01:40:00,4.3
2026-06-07 01:50:00,4.3
2026-06-07 02:00:00,4.3
2026-06-07 02:10:00,4.3
2026-06-07 02:20:00,4.3
2026-06-07 02:30:00,4.3
2026-06-07 02:40:00,4.3
2026-06-07 02:50:00,4.3
2026-06-07 03:00:00,4.3
2026-06-07 03:10:00,4.3
2026-06-07 03:20:00,4.3
2026-06-07 03:30:00,4.3
2026-06-07 03:40:00,4.3
2026-06-07 03:50:00,4.3
2026-06-07 04:00:00,4.3
2026-06-07 04:10:00,4.3
2026-06-07 04:20:00,4.3
2026-06-07 04:30:00,4.3
2026-06-07 04:40:00,4.3
2026-06-07 04:50:00,4.3
2026-06-07 05:00:00,5.033333333333333
2026-06-07 05:10:00,18.3
2026-06-07 05:20:00,72.39999999999999
2026-06-07 05:30:00,238.7
2026-06-07 05:40:00,525.4333333333333
2026-06-07 05:50:00,753.7
2026-06-07 06:00:00,924.6666666666666
2026-06-07 06:10:00,1149.4
2026-06-07 06:20:00,1460.0999999999997
2026-06-07 06:30:00,1883.75
2026-06-07 06:40:00,2506.6333333333337
2026-06-07 06:50:00,3020.25
2026-06-07 07:00:00,3629.866666666667
2026-06-07 07:10:00,4037.35
2026-06-07 07:20:00,4143.833333333333
2026-06-07 07:30:00,4405.1
2026-06-07 07:40:00,3807.633333333333
2026-06-07 07:50:00,3736.35
2026-06-07 08:00:00,3040.6666666666665
2026-06-07 08:10:00,2978.3
2026-06-07 08:20:00,4657.066666666667
2026-06-07 08:30:00,5365.25
2026-06-07 08:40:00,6059.833333333333
2026-06-07 08:50:00,4673.9
2026-06-07 09:00:00,4803.266666666666
2026-06-07 09:10:00,6137.933333333333
2026-06-07 09:20:00,6007.15
2026-06-07 09:30:00,7587.3
2026-06-07 09:40:00,7476.95
2026-06-07 09:50:00,5305.025
2026-06-07 10:00:00,7980.15
2026-06-07 10:10:00,8934.2
2026-06-07 10:20:00,8615.6
2026-06-07 10:30:00,7317.0999999999985
2026-06-07 10:40:00,6610.3
2026-06-07 10:50:00,7314.233333333334
2026-06-07 11:00:00,9378.95
2026-06-07 11:10:00,10554.866666666667
2026-06-07 11:20:00,9963.900000000001
2026-06-07 11:30:00,9383.3
2026-06-07 11:40:00,11020.066666666666
2026-06-07 11:50:00,11153.05
2026-06-07 12:00:00,10163.533333333333
2026-06-07 12:10:00,9810.15
2026-06-07 12:20:00,9105.5
2026-06-07 12:30:00,10097.2
2026-06-07 12:40:00,8274.033333333333
2026-06-07 12:50:00,10295.05
2026-06-07 13:00:00,9755.633333333333
2026-06-07 13:10:00,7573.7
2026-06-07 13:20:00,7398.066666666667
2026-06-07 13:30:00,5117.233333333334
2026-06-07 13:40:00,3962.15
2026-06-07 13:50:00,5338
2026-06-07 14:00:00,5863.1
2026-06-07 14:10:00,4411.166666666667
2026-06-07 14:20:00,4659.9
2026-06-07 14:30:00,4280.733333333334
2026-06-07 14:40:00,6096.35
2026-06-07 14:50:00,5408.966666666666
2026-06-07 15:00:00,5878.1
2026-06-07 15:10:00,5702.833333333333
2026-06-07 15:20:00,4016.95
2026-06-07 15:30:00,3842.7666666666664
2026-06-07 15:40:00,4383.233333333334
2026-06-07 15:50:00,4500.766666666666
2026-06-07 16:00:00,4220.15
2026-06-07 16:10:00,3746.7333333333336
2026-06-07 16:20:00,2981.5
2026-06-07 16:30:00,1994.1333333333332
2026-06-07 16:40:00,1752.55
2026-06-07 16:50:00,971.9666666666667
2026-06-07 17:00:00,801.05
2026-06-07 17:10:00,482.36666666666673
2026-06-07 17:20:00,444.04999999999995
2026-06-07 17:30:00,475.9666666666667
2026-06-07 17:40:00,359.1
2026-06-07 17:50:00,144.06666666666666
2026-06-07 18:00:00,26.9
2026-06-07 18:10:00,7.8999999999999995
2026-06-07 18:20:00,4.3
2026-06-07 18:30:00,4.3
2026-06-07 18:40:00,4.3
2026-06-07 18:50:00,4.3
2026-06-07 19:00:00,4.3
2026-06-07 19:10:00,4.3
2026-06-07 19:20:00,4.3
2026-06-07 19:30:00,4.3
2026-06-07 19:40:00,4.3
2026-06-07 19:50:00,4.3
2026-06-07 20:00:00,4.3
2026-06-07 20:10:00,4.3
2026-06-07 20:20:00,4.3
2026-06-07 20:30:00,4.3
2026-06-07 20:40:00,4.3
2026-06-07 20:50:00,4.3
2026-06-07 21:00:00,4.3
2026-06-07 21:10:00,4.3
2026-06-07 21:20:00,4.3
2026-06-07 21:30:00,4.3
2026-06-07 21:40:00,4.3
2026-06-07 21:50:00,4.3
2026-06-07 22:00:00,4.3
2026-06-07 22:10:00,4.3
2026-06-07 22:20:00,4.3
2026-06-07 22:30:00,4.3
2026-06-07 22:40:00,4.3
2026-06-07 22:50:00,4.3
2026-06-07 23:00:00,4.3
2026-06-07 23:10:00,4.3
2026-06-07 23:20:00,4.3
2026-06-07 23:30:00,4.3
2026-06-07 23:40:00,4.3
2026-06-07 23:50:00,4.3
2026-06-08 00:00:00,4.3
2026-06-08 00:10:00,4.3
2026-06-08 00:20:00,4.3
2026-06-08 00:30:00,4.3
2026-06-08 00:40:00,4.3
2026-06-08 00:50:00,4.3
2026-06-08 01:00:00,4.3
2026-06-08 01:10:00,4.3
2026-06-08 01:20:00,4.3
2026-06-08 01:30:00,4.3
2026-06-08 01:40:00,4.3
2026-06-08 01:50:00,4.3
2026-06-08 02:00:00,4.3
2026-06-08 02:10:00,4.3
2026-06-08 02:20:00,4.3
2026-06-08 02:30:00,4.3
2026-06-08 02:40:00,4.3
2026-06-08 02:50:00,4.3
2026-06-08 03:00:00,4.3
2026-06-08 03:10:00,4.3
2026-06-08 03:20:00,4.3
2026-06-08 03:30:00,4.3
2026-06-08 03:40:00,4.3
2026-06-08 03:50:00,4.3
2026-06-08 04:00:00,4.3
2026-06-08 04:10:00,4.3
2026-06-08 04:20:00,4.3
2026-06-08 04:30:00,4.3
2026-06-08 04:40:00,4.3
2026-06-08 04:50:00,4.3
2026-06-08 05:00:00,4.3
2026-06-08 05:10:00,10.799999999999999
2026-06-08 05:20:00,45.2
2026-06-08 05:30:00,134.73333333333335
2026-06-08 05:40:00,155.9
2026-06-08 05:50:00,125.43333333333334
2026-06-08 06:00:00,236.55
2026-06-08 06:10:00,326.8666666666667
2026-06-08 06:20:00,487.05
2026-06-08 06:30:00,628.6666666666666
2026-06-08 06:40:00,1712.75
2026-06-08 06:50:00,2061.5000000000005
2026-06-08 07:00:00,1535.4
2026-06-08 07:10:00,1278.0333333333335
2026-06-08 07:20:00,1027.85
2026-06-08 07:30:00,1417.1000000000001
2026-06-08 07:40:00,1388.0500000000002
2026-06-08 07:50:00,1602.0500000000002
2026-06-08 08:00:00,3225.6
2026-06-08 08:10:00,3433.1000000000004
2026-06-08 08:20:00,3146.033333333333
2026-06-08 08:30:00,2757.8999999999996
2026-06-08 08:40:00,3714.4666666666667
2026-06-08 08:50:00,2789.05
2026-06-08 09:00:00,2528.866666666667
2026-06-08 09:10:00,4021.2666666666664
2026-06-08 09:20:00,7938.2
2026-06-08 09:30:00,11297.5
2026-06-08 09:40:00,13659.3
2026-06-08 09:50:00,9620.9
2026-06-08 10:00:00,5900.65
2026-06-08 10:10:00,7554.366666666666
2026-06-08 10:20:00,10220.85
2026-06-08 10:30:00,8344.3
2026-06-08 10:40:00,8225.25
2026-06-08 10:50:00,9813
2026-06-08 11:00:00,8591.9
2026-06-08 11:10:00,7544.65
2026-06-08 11:20:00,5829
2026-06-08 11:30:00,6822.15
2026-06-08 11:40:00,5599.633333333334
2026-06-08 11:50:00,5216.85
2026-06-08 12:00:00,5201.1
2026-06-08 12:10:00,4524.45
2026-06-08 12:20:00,4661.366666666667
2026-06-08 12:30:00,3237.4
2026-06-08 12:40:00,3898.6666666666665
2026-06-08 12:50:00,3086.5333333333333
2026-06-08 13:00:00,4114.8
2026-06-08 13:10:00,3742.775
2026-06-08 13:20:00,4723
2026-06-08 13:30:00,2853.6
2026-06-08 13:40:00,2657.1666666666665
2026-06-08 13:50:00,1966.55
2026-06-08 14:00:00,3494.366666666667
2026-06-08 14:10:00,2885.8500000000004
2026-06-08 14:20:00,3789
2026-06-08 14:30:00,3702.95
2026-06-08 14:40:00,3651.3999999999996
2026-06-08 14:50:00,3255.7
2026-06-08 15:00:00,2344.633333333333
2026-06-08 15:10:00,2165.45
2026-06-08 15:20:00,1980.5333333333335
2026-06-08 15:30:00,1575.15
2026-06-08 15:40:00,1563.3
2026-06-08 15:50:00,1168.75
2026-06-08 16:00:00,1058.7
2026-06-08 16:10:00,1185.95
2026-06-08 16:20:00,845.1
2026-06-08 16:30:00,762.3
2026-06-08 16:40:00,728.95
2026-06-08 16:50:00,620.0333333333334
2026-06-08 17:00:00,834.35
2026-06-08 17:10:00,984.9
2026-06-08 17:20:00,1002.0999999999999
2026-06-08 17:30:00,752.6666666666666
2026-06-08 17:40:00,509.65
2026-06-08 17:50:00,247.30000000000004
2026-06-08 18:00:00,50.55
2026-06-08 18:10:00,10.066666666666666
2026-06-08 18:20:00,4.3
2026-06-08 18:30:00,4.3
2026-06-08 18:40:00,4.3
2026-06-08 18:50:00,4.3
2026-06-08 19:00:00,4.3
2026-06-08 19:10:00,4.3
2026-06-08 19:20:00,4.3
2026-06-08 19:30:00,4.3
2026-06-08 19:40:00,4.3
2026-06-08 19:50:00,4.3
2026-06-08 20:00:00,4.3
2026-06-08 20:10:00,4.3
2026-06-08 20:20:00,4.3
2026-06-08 20:30:00,4.3
2026-06-08 20:40:00,4.3
2026-06-08 20:50:00,4.3
2026-06-08 21:00:00,4.3
2026-06-08 21:10:00,4.3
2026-06-08 21:20:00,4.3
2026-06-08 21:30:00,4.3
2026-06-08 21:40:00,4.3
2026-06-08 21:50:00,4.3
2026-06-08 22:00:00,4.3
2026-06-08 22:10:00,4.3
2026-06-08 22:20:00,4.3
2026-06-08 22:30:00,4.3
2026-06-08 22:40:00,4.3
2026-06-08 22:50:00,4.3
2026-06-08 23:00:00,4.3
2026-06-08 23:10:00,4.3
2026-06-08 23:20:00,4.3
2026-06-08 23:30:00,4.3
2026-06-08 23:40:00,4.3
2026-06-08 23:50:00,4.3
2026-06-09 00:00:00,4.3
2026-06-09 00:10:00,4.3
2026-06-09 00:20:00,4.3
2026-06-09 00:30:00,4.3
2026-06-09 00:40:00,4.3
2026-06-09 00:50:00,4.3
2026-06-09 01:00:00,4.3
2026-06-09 01:10:00,4.3
2026-06-09 01:20:00,4.3
2026-06-09 01:30:00,4.3
2026-06-09 01:40:00,4.3
2026-06-09 01:50:00,4.3
2026-06-09 02:00:00,4.3
2026-06-09 02:10:00,4.3
2026-06-09 02:20:00,4.3
2026-06-09 02:30:00,4.3
2026-06-09 02:40:00,4.3
2026-06-09 02:50:00,4.3
2026-06-09 03:00:00,4.3
2026-06-09 03:10:00,4.3
2026-06-09 03:20:00,4.3
2026-06-09 03:30:00,4.3
2026-06-09 03:40:00,4.3
2026-06-09 03:50:00,4.3
2026-06-09 04:00:00,4.3
2026-06-09 04:10:00,4.3
2026-06-09 04:20:00,4.3
2026-06-09 04:30:00,4.3
2026-06-09 04:40:00,4.3
2026-06-09 04:50:00,4.3
2026-06-09 05:00:00,4.3
2026-06-09 05:10:00,10.799999999999999
2026-06-09 05:20:00,33.35
2026-06-09 05:30:00,154.79999999999998
2026-06-09 05:40:00,681.6666666666666
2026-06-09 05:50:00,1212.85
2026-06-09 06:00:00,1462.9666666666665
2026-06-09 06:10:00,1592.35
2026-06-09 06:20:00,1926.7666666666667
2026-06-09 06:30:00,1891.3000000000002
2026-06-09 06:40:00,2047.1666666666667
2026-06-09 06:50:00,2112.75
2026-06-09 07:00:00,1794.1333333333332
2026-06-09 07:10:00,2043.95
2026-06-09 07:20:00,2188.366666666667
2026-06-09 07:30:00,2826.7
2026-06-09 07:40:00,3385.4666666666667
2026-06-09 07:50:00,4477.833333333333
2026-06-09 08:00:00,5558.8
2026-06-09 08:10:00,4502.233333333334
2026-06-09 08:20:00,2342.8500000000004
2026-06-09 08:30:00,3057.85
2026-06-09 08:40:00,3482.575
2026-06-09 08:50:00,4430.566666666667
2026-06-09 09:00:00,5814.666666666667
2026-06-09 09:10:00,6155.5
2026-06-09 09:20:00,5653.400000000001
2026-06-09 09:30:00,5882.4
2026-06-09 09:40:00,6897.766666666667
2026-06-09 09:50:00,6772.65
2026-06-09 10:00:00,5535.833333333333
2026-06-09 10:10:00,5493.2
2026-06-09 10:20:00,6851.900000000001
2026-06-09 10:30:00,5993.15
2026-06-09 10:40:00,5943.7
2026-06-09 10:50:00,6828.966666666667
2026-06-09 11:00:00,8572.233333333332
2026-06-09 11:10:00,10547.7
2026-06-09 11:20:00,10242.333333333334
2026-06-09 11:30:00,13106.7
2026-06-09 11:40:00,10811.533333333333
2026-06-09 11:50:00,5577.05
2026-06-09 12:00:00,2022.8333333333333
2026-06-09 12:10:00,1814.95
2026-06-09 12:20:00,3333.133333333333
2026-06-09 12:30:00,4755.6
2026-06-09 12:40:00,5647.7
2026-06-09 12:50:00,6442.6
2026-06-09 13:00:00,8940.666666666666
2026-06-09 13:10:00,10529.45
2026-06-09 13:20:00,10336.966666666665
2026-06-09 13:30:00,9045.650000000001
2026-06-09 13:40:00,9137.066666666666
2026-06-09 13:50:00,7518.85
2026-06-09 14:00:00,6087.766666666667
2026-06-09 14:10:00,4859.9
2026-06-09 14:20:00,4738.766666666666
2026-06-09 14:30:00,4368.549999999999
2026-06-09 14:40:00,3571.066666666667
2026-06-09 14:50:00,2296.633333333333
2026-06-09 15:00:00,2243.6
2026-06-09 15:10:00,1816
2026-06-09 15:20:00,1433.6000000000001
2026-06-09 15:30:00,1213.9
2026-06-09 15:40:00,1090.9666666666665
2026-06-09 15:50:00,787.05
2026-06-09 16:00:00,554.8000000000001
2026-06-09 16:10:00,456.95
2026-06-09 16:20:00,279.56666666666666
2026-06-09 16:30:00,278.3285714285715
2026-06-09 16:40:00,574.5000000000001
2026-06-09 16:50:00,1135.425
2026-06-09 17:00:00,1351.5
2026-06-09 17:10:00,1587
2026-06-09 17:20:00,1224.65
2026-06-09 17:30:00,763.4
2026-06-09 17:40:00,563.4000000000001
2026-06-09 17:50:00,273.8
2026-06-09 18:00:00,98.94999999999999
2026-06-09 18:10:00,24.400000000000002
2026-06-09 18:20:00,5.4
2026-06-09 18:30:00,4.3
2026-06-09 18:40:00,4.3
2026-06-09 18:50:00,4.3
2026-06-09 19:00:00,4.3
2026-06-09 19:10:00,4.3
2026-06-09 19:20:00,4.3
2026-06-09 19:30:00,4.3
2026-06-09 19:40:00,4.3
2026-06-09 19:50:00,4.3
2026-06-09 20:00:00,4.3
2026-06-09 20:10:00,4.3
2026-06-09 20:20:00,4.3
2026-06-09 20:30:00,4.3
2026-06-09 20:40:00,4.3
2026-06-09 20:50:00,4.3
2026-06-09 21:00:00,4.3
2026-06-09 21:10:00,4.3
2026-06-09 21:20:00,4.3
2026-06-09 21:30:00,4.3
2026-06-09 21:40:00,4.3
2026-06-09 21:50:00,4.3
2026-06-09 22:00:00,4.3
2026-06-09 22:10:00,4.3
2026-06-09 22:20:00,4.3
2026-06-09 22:30:00,4.3
2026-06-09 22:40:00,4.3
2026-06-09 22:50:00,4.3
2026-06-09 23:00:00,4.3
2026-06-09 23:10:00,4.3
2026-06-09 23:20:00,4.3
2026-06-09 23:30:00,4.3
2026-06-09 23:40:00,4.3
2026-06-09 23:50:00,4.3
2026-06-10 00:00:00,4.3
2026-06-10 00:10:00,4.3
2026-06-10 00:20:00,4.3
2026-06-10 00:30:00,4.3
2026-06-10 00:40:00,4.3
2026-06-10 00:50:00,4.3
2026-06-10 01:00:00,4.3
2026-06-10 01:10:00,4.3
2026-06-10 01:20:00,4.3
2026-06-10 01:30:00,4.3
2026-06-10 01:40:00,4.3
2026-06-10 01:50:00,4.3
2026-06-10 02:00:00,4.3
2026-06-10 02:10:00,4.3
2026-06-10 02:20:00,4.3
2026-06-10 02:30:00,4.3
2026-06-10 02:40:00,4.3
2026-06-10 02:50:00,4.3
2026-06-10 03:00:00,4.3
2026-06-10 03:10:00,4.3
2026-06-10 03:20:00,4.3
2026-06-10 03:30:00,4.3
2026-06-10 03:40:00,4.3
2026-06-10 03:50:00,4.3
2026-06-10 04:00:00,4.3
2026-06-10 04:10:00,4.3
2026-06-10 04:20:00,4.3
2026-06-10 04:30:00,4.3
2026-06-10 04:40:00,4.3
2026-06-10 04:50:00,4.3
2026-06-10 05:00:00,5.033333333333333
2026-06-10 05:10:00,14
2026-06-10 05:20:00,73.13333333333333
2026-06-10 05:30:00,261.25
2026-06-10 05:40:00,654.775
2026-06-10 05:50:00,903.2
2026-06-10 06:00:00,1160.5
2026-06-10 06:10:00,1326.8
2026-06-10 06:20:00,1701.6666666666667
2026-06-10 06:30:00,2224.55
2026-06-10 06:40:00,3672.8666666666663
2026-06-10 06:50:00,4810.450000000001
2026-06-10 07:00:00,5414
2026-06-10 07:10:00,7402.75
2026-06-10 07:20:00,7937.833333333333
2026-06-10 07:30:00,7886.6
2026-06-10 07:40:00,8172.233333333334
2026-06-10 07:50:00,8674.7
2026-06-10 08:00:00,10262.8
2026-06-10 08:10:00,11121.866666666667
2026-06-10 08:20:00,11103.55
2026-06-10 08:30:00,10328.366666666667
2026-06-10 08:40:00,10874.6
2026-06-10 08:50:00,13695.9
2026-06-10 09:00:00,14637.8
2026-06-10 09:10:00,9361.433333333334
2026-06-10 09:20:00,13839.95
2026-06-10 09:30:00,8581.533333333333
2026-06-10 09:40:00,10156.3
2026-06-10 09:50:00,15601.866666666669
2026-06-10 10:00:00,14963.55
2026-06-10 10:10:00,13421.366666666667
2026-06-10 10:20:00,13316.349999999999
2026-06-10 10:30:00,17702.066666666666
2026-06-10 10:40:00,13012.066666666666
2026-06-10 10:50:00,15716.199999999999
2026-06-10 11:00:00,9914.800000000001
2026-06-10 11:10:00,13608.8
2026-06-10 11:20:00,10146.3
2026-06-10 11:30:00,10684.25
2026-06-10 11:40:00,13738.866666666667
2026-06-10 11:50:00,12552.95
2026-06-10 12:00:00,10919
2026-06-10 12:10:00,9966.05
2026-06-10 12:20:00,10814.366666666667
2026-06-10 12:30:00,9272.5
2026-06-10 12:40:00,8403.066666666668
2026-06-10 12:50:00,9006.95
2026-06-10 13:00:00,9723.366666666667
2026-06-10 13:10:00,10118.7
2026-06-10 13:20:00,8934.199999999999
2026-06-10 13:30:00,8804.8
2026-06-10 13:40:00,8747.133333333333
2026-06-10 13:50:00,9239.2
2026-06-10 14:00:00,9492.566666666668
2026-06-10 14:10:00,9069.35
2026-06-10 14:20:00,8919.866666666667
2026-06-10 14:30:00,9081.150000000001
2026-06-10 14:40:00,7028.233333333334
2026-06-10 14:50:00,7121.05
2026-06-10 15:00:00,5198.966666666666
2026-06-10 15:10:00,6877
2026-06-10 15:20:00,10114.033333333333
2026-06-10 15:30:00,7490.950000000001
2026-06-10 15:40:00,5365.25
2026-06-10 15:50:00,4478.566666666667
2026-06-10 16:00:00,3387.95
2026-06-10 16:10:00,3456.433333333333
2026-06-10 16:20:00,2906.3
2026-06-10 16:30:00,2494.4666666666667
2026-06-10 16:40:00,2634.25
2026-06-10 16:50:00,2571.1666666666665
2026-06-10 17:00:00,1741.85
2026-06-10 17:10:00,1487.3666666666668
2026-06-10 17:20:00,889.15
2026-06-10 17:30:00,475.9666666666667
2026-06-10 17:40:00,495.70000000000005
2026-06-10 17:50:00,385.6333333333334
2026-06-10 18:00:00,78.5
2026-06-10 18:10:00,26.53333333333333
2026-06-10 18:20:00,5.4
2026-06-10 18:30:00,4.3
2026-06-10 18:40:00,4.3
2026-06-10 18:50:00,4.3
2026-06-10 19:00:00,4.3
2026-06-10 19:10:00,4.3
2026-06-10 19:20:00,4.3
2026-06-10 19:30:00,4.3
2026-06-10 19:40:00,4.3
2026-06-10 19:50:00,4.3
2026-06-10 20:00:00,4.3
2026-06-10 20:10:00,4.3
2026-06-10 20:20:00,4.3
2026-06-10 20:30:00,4.3
2026-06-10 20:40:00,4.3
2026-06-10 20:50:00,4.3
2026-06-10 21:00:00,4.3
2026-06-10 21:10:00,4.3
2026-06-10 21:20:00,4.3
2026-06-10 21:30:00,4.3
2026-06-10 21:40:00,4.3
2026-06-10 21:50:00,4.3
2026-06-10 22:00:00,4.3
2026-06-10 22:10:00,4.3
2026-06-10 22:20:00,4.3
2026-06-10 22:30:00,4.3
2026-06-10 22:40:00,4.3
2026-06-10 22:50:00,4.3
2026-06-10 23:00:00,4.3
2026-06-10 23:10:00,4.3
2026-06-10 23:20:00,4.3
2026-06-10 23:30:00,4.3
2026-06-10 23:40:00,4.3
2026-06-10 23:50:00,4.3
2026-06-11 00:00:00,4.3
2026-06-11 00:10:00,4.3
2026-06-11 00:20:00,4.3
2026-06-11 00:30:00,4.3
2026-06-11 00:40:00,4.3
2026-06-11 00:50:00,4.3
2026-06-11 01:00:00,4.3
2026-06-11 01:10:00,4.3
2026-06-11 01:20:00,4.3
2026-06-11 01:30:00,4.3
2026-06-11 01:40:00,4.3
2026-06-11 01:50:00,4.3
2026-06-11 02:00:00,4.3
2026-06-11 02:10:00,4.3
2026-06-11 02:20:00,4.3
2026-06-11 02:30:00,4.3
2026-06-11 02:40:00,4.3
2026-06-11 02:50:00,4.3
2026-06-11 03:00:00,4.3
2026-06-11 03:10:00,4.3
2026-06-11 03:20:00,4.3
2026-06-11 03:30:00,4.3
2026-06-11 03:40:00,4.3
2026-06-11 03:50:00,4.3
2026-06-11 04:00:00,4.3
2026-06-11 04:10:00,4.3
2026-06-11 04:20:00,4.3
2026-06-11 04:30:00,4.3
2026-06-11 04:40:00,4.3
2026-06-11 04:50:00,4.3
2026-06-11 05:00:00,5.733333333333333
2026-06-11 05:10:00,26.9
2026-06-11 05:20:00,138.33333333333334
2026-06-11 05:30:00,427.9
2026-06-11 05:40:00,766.9666666666667
2026-06-11 05:50:00,1568.7
2026-06-11 06:00:00,2733.866666666667
2026-06-11 06:10:00,3562.1
2026-06-11 06:20:00,4346.666666666667
2026-06-11 06:30:00,5141.6
2026-06-11 06:40:00,5811.8
2026-06-11 06:50:00,6595.299999999999
2026-06-11 07:00:00,7285.566666666666
2026-06-11 07:10:00,8165.1
2026-06-11 07:20:00,8617.4
2026-06-11 07:30:00,9258.5
2026-06-11 07:40:00,9883.933333333332
2026-06-11 07:50:00,10438.05
2026-06-11 08:00:00,10938.366666666667
2026-06-11 08:10:00,11417.55
2026-06-11 08:20:00,11866.633333333333
2026-06-11 08:30:00,12298.15
2026-06-11 08:40:00,12668.733333333332
2026-06-11 08:50:00,13064.75
2026-06-11 09:00:00,13428.5
2026-06-11 09:10:00,13762.55
2026-06-11 09:20:00,14029.199999999999
2026-06-11 09:30:00,14341.05
2026-06-11 09:40:00,14656.4
2026-06-11 09:50:00,14851.7
2026-06-11 10:00:00,15047.066666666666
2026-06-11 10:10:00,15222.7
2026-06-11 10:20:00,15373.199999999999
2026-06-11 10:30:00,15528.05
2026-06-11 10:40:00,15672.833333333334
2026-06-11 10:50:00,15822.65
2026-06-11 11:00:00,16032.699999999999
2026-06-11 11:10:00,16281.75
2026-06-11 11:20:00,16806.45
2026-06-11 11:30:00,13964.7
2026-06-11 11:40:00,13601.266666666668
2026-06-11 11:50:00,13069.050000000001
2026-06-11 12:00:00,8672.566666666668
2026-06-11 12:10:00,9840.25
2026-06-11 12:20:00,8892.633333333333
2026-06-11 12:30:00,8963.95
2026-06-11 12:40:00,9729.133333333333
2026-06-11 12:50:00,8018.8
2026-06-11 13:00:00,9222.333333333334
2026-06-11 13:10:00,11542.25
2026-06-11 13:20:00,12418.566666666666
2026-06-11 13:30:00,14294.800000000001
2026-06-11 13:40:00,10144.133333333333
2026-06-11 13:50:00,10530.5
2026-06-11 14:00:00,7242.533333333334
2026-06-11 14:10:00,6394.2
2026-06-11 14:20:00,5690.7
2026-06-11 14:30:00,4993.2
2026-06-11 14:40:00,4991.766666666666
2026-06-11 14:50:00,4151.35
2026-06-11 15:00:00,4755.966666666666
2026-06-11 15:10:00,2881.5
2026-06-11 15:20:00,2540.3666666666663
2026-06-11 15:30:00,1697.75
2026-06-11 15:40:00,1777.6666666666667
2026-06-11 15:50:00,1006.35
2026-06-11 16:00:00,1195.625
2026-06-11 16:10:00,1222.8666666666666
2026-06-11 16:20:00,1288.1
2026-06-11 16:30:00,885.925
2026-06-11 16:40:00,996.725
2026-06-11 16:50:00,894.6
2026-06-11 17:00:00,597.1333333333333
2026-06-11 17:10:00,626.85
2026-06-11 17:20:00,799.9666666666666
2026-06-11 17:30:00,1314.95
2026-06-11 17:40:00,1032.9333333333334
2026-06-11 17:50:00,281.70000000000005
2026-06-11 18:00:00,98.2
2026-06-11 18:10:00,23.7
2026-06-11 18:20:00,5.033333333333334
2026-06-11 18:30:00,4.3
2026-06-11 18:40:00,4.3
2026-06-11 18:50:00,4.3
2026-06-11 19:00:00,4.3
2026-06-11 19:10:00,4.3
2026-06-11 19:20:00,4.3
2026-06-11 19:30:00,4.3
2026-06-11 19:40:00,4.3
2026-06-11 19:50:00,4.3
2026-06-11 20:00:00,4.3
2026-06-11 20:10:00,4.3
2026-06-11 20:20:00,4.3
2026-06-11 20:30:00,4.3
2026-06-11 20:40:00,4.3
2026-06-11 20:50:00,4.3
2026-06-11 21:00:00,4.3
2026-06-11 21:10:00,4.3
2026-06-11 21:20:00,4.3
2026-06-11 21:30:00,4.3
2026-06-11 21:40:00,4.3
2026-06-11 21:50:00,4.3
2026-06-11 22:00:00,4.3
2026-06-11 22:10:00,4.3
2026-06-11 22:20:00,4.3
2026-06-11 22:30:00,4.3
2026-06-11 22:40:00,4.3
2026-06-11 22:50:00,4.3
2026-06-11 23:00:00,4.3
2026-06-11 23:10:00,4.3
2026-06-11 23:20:00,4.3
2026-06-11 23:30:00,4.3
2026-06-11 23:40:00,4.3
2026-06-11 23:50:00,4.3
2026-06-12 00:00:00,4.3
2026-06-12 00:10:00,4.3
2026-06-12 00:20:00,4.3
2026-06-12 00:30:00,4.3
2026-06-12 00:40:00,4.3
2026-06-12 00:50:00,4.3
2026-06-12 01:00:00,4.3
2026-06-12 01:10:00,4.3
2026-06-12 01:20:00,4.3
2026-06-12 01:30:00,4.3
2026-06-12 01:40:00,4.3
2026-06-12 01:50:00,4.3
2026-06-12 02:00:00,4.3
2026-06-12 02:10:00,4.3
2026-06-12 02:20:00,4.3
2026-06-12 02:30:00,4.3
2026-06-12 02:40:00,4.3
2026-06-12 02:50:00,4.3
2026-06-12 03:00:00,4.3
2026-06-12 03:10:00,4.3
2026-06-12 03:20:00,4.3
2026-06-12 03:30:00,4.3
2026-06-12 03:40:00,4.3
2026-06-12 03:50:00,4.3
2026-06-12 04:00:00,4.3
2026-06-12 04:10:00,4.3
2026-06-12 04:20:00,4.3
2026-06-12 04:30:00,4.3
2026-06-12 04:40:00,4.3
2026-06-12 04:50:00,4.3
2026-06-12 05:00:00,4.3
2026-06-12 05:10:00,18.666666666666668
2026-06-12 05:20:00,72.05
2026-06-12 05:30:00,240.83333333333334
2026-06-12 05:40:00,563.4
2026-06-12 05:50:00,861.6
2026-06-12 06:00:00,1093.5
2026-06-12 06:10:00,1260.8333333333333
2026-06-12 06:20:00,1341.85
2026-06-12 06:30:00,1262.2666666666667
2026-06-12 06:40:00,1757.9499999999998
2026-06-12 06:50:00,2204.1666666666665
2026-06-12 07:00:00,2692.3
2026-06-12 07:10:00,3609.8000000000006
2026-06-12 07:20:00,4207.25
2026-06-12 07:30:00,4328.766666666666
2026-06-12 07:40:00,4867.4
2026-06-12 07:50:00,8767.166666666666
2026-06-12 08:00:00,11372.4
2026-06-12 08:10:00,11851.566666666666
2026-06-12 08:20:00,12065.900000000001
2026-06-12 08:30:00,12731.799999999997
2026-06-12 08:40:00,13585.150000000001
2026-06-12 08:50:00,11036.566666666666
2026-06-12 09:00:00,8348.95
2026-06-12 09:10:00,9356.366666666667
2026-06-12 09:20:00,13622.8
2026-06-12 09:30:00,14206.266666666668
2026-06-12 09:40:00,15068.95
2026-06-12 09:50:00,15267.099999999999
2026-06-12 10:00:00,14681.85
2026-06-12 10:10:00,11859.433333333334
2026-06-12 10:20:00,14529.15
2026-06-12 10:30:00,14083.666666666666
2026-06-12 10:40:00,14088.35
2026-06-12 10:50:00,13839.266666666668
2026-06-12 11:00:00,13933.5
2026-06-12 11:10:00,12975.5
2026-06-12 11:20:00,14781.800000000001
2026-06-12 11:30:00,13586.233333333332
2026-06-12 11:40:00,16440.85
2026-06-12 11:50:00,15358.166666666666
2026-06-12 12:00:00,8756.45
2026-06-12 12:10:00,8370.766666666666
2026-06-12 12:20:00,11633.7
2026-06-12 12:30:00,12840.766666666668
2026-06-12 12:40:00,9215.55
2026-06-12 12:50:00,14364.699999999999
2026-06-12 13:00:00,14058.25
2026-06-12 13:10:00,14716.6
2026-06-12 13:20:00,13047.55
2026-06-12 13:30:00,16067.766666666668
2026-06-12 13:40:00,16537.65
2026-06-12 13:50:00,15363.900000000001
2026-06-12 14:00:00,15463.55
2026-06-12 14:10:00,13673.699999999999
2026-06-12 14:20:00,11501.400000000001
2026-06-12 14:30:00,14021.300000000001
2026-06-12 14:40:00,12762.6
2026-06-12 14:50:00,12117.466666666667
2026-06-12 15:00:00,9616.6
2026-06-12 15:10:00,12107.466666666665
2026-06-12 15:20:00,11134.75
2026-06-12 15:30:00,10436.633333333333
2026-06-12 15:40:00,10241.3
2026-06-12 15:50:00,10915.45
2026-06-12 16:00:00,10018
2026-06-12 16:10:00,9397.25
2026-06-12 16:20:00,6260.5
2026-06-12 16:30:00,2956.8
2026-06-12 16:40:00,2961.1
2026-06-12 16:50:00,3254.65
2026-06-12 17:00:00,3429.866666666667
2026-06-12 17:10:00,3190.1
2026-06-12 17:20:00,2450.0333333333333
2026-06-12 17:30:00,1716
2026-06-12 17:40:00,1081.6333333333334
2026-06-12 17:50:00,552.65
2026-06-12 18:00:00,214.33333333333334
2026-06-12 18:10:00,47.349999999999994
2026-06-12 18:20:00,8.633333333333335
2026-06-12 18:30:00,4.3
2026-06-12 18:40:00,4.3
2026-06-12 18:50:00,4.3
2026-06-12 19:00:00,4.3
2026-06-12 19:10:00,4.3
2026-06-12 19:20:00,4.3
2026-06-12 19:30:00,4.3
2026-06-12 19:40:00,4.3
2026-06-12 19:50:00,4.3
2026-06-12 20:00:00,4.3
2026-06-12 20:10:00,4.3
2026-06-12 20:20:00,4.3
2026-06-12 20:30:00,4.3
2026-06-12 20:40:00,4.3
2026-06-12 20:50:00,4.3
2026-06-12 21:00:00,4.3
2026-06-12 21:10:00,4.3
2026-06-12 21:20:00,4.3
2026-06-12 21:30:00,4.3
2026-06-12 21:40:00,4.3
2026-06-12 21:50:00,4.3
2026-06-12 22:00:00,4.3
2026-06-12 22:10:00,4.3
2026-06-12 22:20:00,4.3
2026-06-12 22:30:00,4.3
2026-06-12 22:40:00,4.3
2026-06-12 22:50:00,4.3
2026-06-12 23:00:00,4.3
2026-06-12 23:10:00,4.3
2026-06-12 23:20:00,4.3
2026-06-12 23:30:00,4.3
2026-06-12 23:40:00,4.3
2026-06-12 23:50:00,4.3
2026-06-13 00:00:00,4.3
2026-06-13 00:10:00,4.3
2026-06-13 00:20:00,4.3
2026-06-13 00:30:00,4.3
2026-06-13 00:40:00,4.3
2026-06-13 00:50:00,4.3
2026-06-13 01:00:00,4.3
2026-06-13 01:10:00,4.3
2026-06-13 01:20:00,4.3
2026-06-13 01:30:00,4.3
2026-06-13 01:40:00,4.3
2026-06-13 01:50:00,4.3
2026-06-13 02:00:00,4.3
2026-06-13 02:10:00,4.3
2026-06-13 02:20:00,4.3
2026-06-13 02:30:00,4.3
2026-06-13 02:40:00,4.3
2026-06-13 02:50:00,4.3
2026-06-13 03:00:00,4.3
2026-06-13 03:10:00,4.3
2026-06-13 03:20:00,4.3
2026-06-13 03:30:00,4.3
2026-06-13 03:40:00,4.3
2026-06-13 03:50:00,4.3
2026-06-13 04:00:00,4.3
2026-06-13 04:10:00,4.3
2026-06-13 04:20:00,4.3
2026-06-13 04:30:00,4.3
2026-06-13 04:40:00,4.3
2026-06-13 04:50:00,4.3
2026-06-13 05:00:00,5.4
2026-06-13 05:10:00,32.26666666666667
2026-06-13 05:20:00,127.95
2026-06-13 05:30:00,335.46666666666664
2026-06-13 05:40:00,650.5
2026-06-13 05:50:00,829.3000000000001
2026-06-13 06:00:00,2031.05
2026-06-13 06:10:00,3402.6333333333337
2026-06-13 06:20:00,4081.5
2026-06-13 06:30:00,2845.6999999999994
2026-06-13 06:40:00,3439.55
2026-06-13 06:50:00,6899.2
2026-06-13 07:00:00,5697.45
2026-06-13 07:10:00,9626.633333333333
2026-06-13 07:20:00,7110.25
2026-06-13 07:30:00,7347.2
2026-06-13 07:40:00,7517.8
2026-06-13 07:50:00,6723.566666666667
2026-06-13 08:00:00,6126.5
2026-06-13 08:10:00,5779.566666666666
2026-06-13 08:20:00,6579.15
2026-06-13 08:30:00,7416.733333333334
2026-06-13 08:40:00,13373.3
2026-06-13 08:50:00,14422.733333333332
2026-06-13 09:00:00,10540.2
2026-06-13 09:10:00,11747.633333333333
2026-06-13 09:20:00,15209.75
2026-06-13 09:30:00,12053.699999999999
2026-06-13 09:40:00,9820.9
2026-06-13 09:50:00,10941.233333333332
2026-06-13 10:00:00,6175.95
2026-06-13 10:10:00,4606.866666666666
2026-06-13 10:20:00,3339.55
2026-06-13 10:30:00,3419.8333333333335
2026-06-13 10:40:00,5077.1
2026-06-13 10:50:00,4992.5
2026-06-13 11:00:00,4462.1
2026-06-13 11:10:00,4337.35
2026-06-13 11:20:00,5082.833333333333
2026-06-13 11:30:00,5697.45
2026-06-13 11:40:00,6656.233333333333
2026-06-13 11:50:00,9613.4
2026-06-13 12:00:00,11865.933333333334
2026-06-13 12:10:00,13291.6
2026-06-13 12:20:00,13029.266666666668
2026-06-13 12:30:00,17701
2026-06-13 12:40:00,14222.033333333333
2026-06-13 12:50:00,12732.55
2026-06-13 13:00:00,5699.3
2026-06-13 13:10:00,5360.95
2026-06-13 13:20:00,11820.033333333333
2026-06-13 13:30:00,11475.599999999999
2026-06-13 13:40:00,10012.266666666668
2026-06-13 13:50:00,8471.5
2026-06-13 14:00:00,10781.4
2026-06-13 14:10:00,6487.75
2026-06-13 14:20:00,8292.633333333333
2026-06-13 14:30:00,7673.7
2026-06-13 14:40:00,8820.199999999999
2026-06-13 14:50:00,11738
2026-06-13 15:00:00,7079.099999999999
2026-06-13 15:10:00,8641.35
2026-06-13 15:20:00,10676
2026-06-13 15:30:00,9077.95
2026-06-13 15:40:00,5899.233333333334
2026-06-13 15:50:00,4902.9
2026-06-13 16:00:00,4056.3666666666663
2026-06-13 16:10:00,3441.75
2026-06-13 16:20:00,1705.9666666666665
2026-06-13 16:30:00,977.35
2026-06-13 16:40:00,974.8333333333334
2026-06-13 16:50:00,922.5
2026-06-13 17:00:00,946.8666666666667
2026-06-13 17:10:00,836.5
2026-06-13 17:20:00,715.3333333333334
2026-06-13 17:30:00,555.85
2026-06-13 17:40:00,383.5
2026-06-13 17:50:00,223.64999999999998
2026-06-13 18:00:00,114
2026-06-13 18:10:00,32.266666666666666
2026-06-13 18:20:00,8.65
2026-06-13 18:30:00,4.3
2026-06-13 18:40:00,4.3
2026-06-13 18:50:00,4.3
2026-06-13 19:00:00,4.3
2026-06-13 19:10:00,4.3
2026-06-13 19:20:00,4.3
2026-06-13 19:30:00,4.3
2026-06-13 19:40:00,4.3
2026-06-13 19:50:00,4.3
2026-06-13 20:00:00,4.3
2026-06-13 20:10:00,4.3
2026-06-13 20:20:00,4.3
2026-06-13 20:30:00,4.3
2026-06-13 20:40:00,4.3
2026-06-13 20:50:00,4.3
2026-06-13 21:00:00,4.3
2026-06-13 21:10:00,4.3
2026-06-13 21:20:00,4.3
2026-06-13 21:30:00,4.3
2026-06-13 21:40:00,4.3
2026-06-13 21:50:00,4.3
2026-06-13 22:00:00,4.3
2026-06-13 22:10:00,4.3
2026-06-13 22:20:00,4.3
2026-06-13 22:30:00,4.3
2026-06-13 22:40:00,4.3
2026-06-13 22:50:00,4.3
2026-06-13 23:00:00,4.3
2026-06-13 23:10:00,4.3
2026-06-13 23:20:00,4.3
2026-06-13 23:30:00,4.3
2026-06-13 23:40:00,4.3
2026-06-13 23:50:00,4.3
2026-06-14 00:00:00,4.3
2026-06-14 00:10:00,4.3
2026-06-14 00:20:00,4.3
2026-06-14 00:30:00,4.3
2026-06-14 00:40:00,4.3
2026-06-14 00:50:00,4.3
2026-06-14 01:00:00,4.3
2026-06-14 01:10:00,4.3
2026-06-14 01:20:00,4.3
2026-06-14 01:30:00,4.3
2026-06-14 01:40:00,4.3
2026-06-14 01:50:00,4.3
2026-06-14 02:00:00,4.3
2026-06-14 02:10:00,4.3
2026-06-14 02:20:00,4.3
2026-06-14 02:30:00,4.3
2026-06-14 02:40:00,4.3
2026-06-14 02:50:00,4.3
2026-06-14 03:00:00,4.3
2026-06-14 03:10:00,4.3
2026-06-14 03:20:00,4.3
2026-06-14 03:30:00,4.3
2026-06-14 03:40:00,4.3
2026-06-14 03:50:00,4.3
2026-06-14 04:00:00,4.3
2026-06-14 04:10:00,4.3
2026-06-14 04:20:00,4.3
2026-06-14 04:30:00,4.3
2026-06-14 04:40:00,4.3
2026-06-14 04:50:00,4.3
2026-06-14 05:00:00,4.3
2026-06-14 05:10:00,6.449999999999999
2026-06-14 05:20:00,17.933333333333334
2026-06-14 05:30:00,39.8
2026-06-14 05:40:00,79.56666666666666
2026-06-14 05:50:00,159.15
2026-06-14 06:00:00,325.40000000000003
2026-06-14 06:10:00,615
2026-06-14 06:20:00,1170.5333333333335
2026-06-14 06:30:00,1793.45
2026-06-14 06:40:00,2341.7999999999997
2026-06-14 06:50:00,2815.95
2026-06-14 07:00:00,3115.933333333333
2026-06-14 07:10:00,3495.5
2026-06-14 07:20:00,4070
2026-06-14 07:30:00,4804
2026-06-14 07:40:00,5803.233333333334
2026-06-14 07:50:00,6723.2
2026-06-14 08:00:00,6821.766666666666
2026-06-14 08:10:00,6243.700000000001
2026-06-14 08:20:00,7314.2
2026-06-14 08:30:00,7569.4
2026-06-14 08:40:00,8272.566666666668
2026-06-14 08:50:00,8203.8
2026-06-14 09:00:00,7205.266666666667
2026-06-14 09:10:00,7601.65
2026-06-14 09:20:00,7548.633333333334
2026-06-14 09:30:00,9041.349999999999
2026-06-14 09:40:00,10269.6
2026-06-14 09:50:00,8299.45
2026-06-14 10:00:00,5783.866666666666
2026-06-14 10:10:00,6365.2
2026-06-14 10:20:00,5800.366666666666
2026-06-14 10:30:00,6658.700000000001
2026-06-14 10:40:00,8985.833333333334
2026-06-14 10:50:00,10676.7
2026-06-14 11:00:00,13989.766666666668
2026-06-14 11:10:00,15616.2
2026-06-14 11:20:00,14202.666666666666
2026-06-14 11:30:00,15135.599999999999
2026-06-14 11:40:00,14521.633333333331
2026-06-14 11:50:00,14466.8
2026-06-14 12:00:00,15247.766666666668
2026-06-14 12:10:00,10820.8
2026-06-14 12:20:00,13890.866666666669
2026-06-14 12:30:00,15546.349999999999
2026-06-14 12:40:00,15155.300000000001
2026-06-14 12:50:00,8553.2
2026-06-14 13:00:00,12948.299999999997
2026-06-14 13:10:00,8121
2026-06-14 13:20:00,12675.166666666666
2026-06-14 13:30:00,15838.8
2026-06-14 13:40:00,11242.300000000001
2026-06-14 13:50:00,9122
2026-06-14 14:00:00,8439.6
2026-06-14 14:10:00,8473.650000000001
2026-06-14 14:20:00,7962.233333333334
2026-06-14 14:30:00,7553.25
2026-06-14 14:40:00,6442.599999999999
2026-06-14 14:50:00,5953.35
2026-06-14 15:00:00,6136.5
2026-06-14 15:10:00,8272.6
2026-06-14 15:20:00,7658.65
2026-06-14 15:30:00,5777.399999999999
2026-06-14 15:40:00,3863.2
2026-06-14 15:50:00,2726
2026-06-14 16:00:00,2223.5
2026-06-14 16:10:00,1897.3666666666668
2026-06-14 16:20:00,1498.8000000000002
2026-06-14 16:30:00,1549
2026-06-14 16:40:00,1817.1
2026-06-14 16:50:00,1531.1000000000001
2026-06-14 17:00:00,863.3499999999999
2026-06-14 17:10:00,626.5
2026-06-14 17:20:00,593.55
2026-06-14 17:30:00,460.8999999999999
2026-06-14 17:40:00,276.35
2026-06-14 17:50:00,118.26666666666667
2026-06-14 18:00:00,62.349999999999994
2026-06-14 18:10:00,24.400000000000002
2026-06-14 18:20:00,5.4
2026-06-14 18:30:00,4.3
2026-06-14 18:40:00,4.3
2026-06-14 18:50:00,4.3
2026-06-14 19:00:00,4.3
2026-06-14 19:10:00,4.3
2026-06-14 19:20:00,4.3
2026-06-14 19:30:00,4.3
2026-06-14 19:40:00,4.3
2026-06-14 19:50:00,4.3
2026-06-14 20:00:00,4.3
2026-06-14 20:10:00,4.3
2026-06-14 20:20:00,4.3
2026-06-14 20:30:00,4.3
2026-06-14 20:40:00,4.3
2026-06-14 20:50:00,4.3
2026-06-14 21:00:00,4.3
2026-06-14 21:10:00,4.3
2026-06-14 21:20:00,4.3
2026-06-14 21:30:00,4.3
2026-06-14 21:40:00,4.3
2026-06-14 21:50:00,4.3
2026-06-14 22:00:00,4.3
2026-06-14 22:10:00,4.3
2026-06-14 22:20:00,4.3
2026-06-14 22:30:00,4.3
2026-06-14 22:40:00,4.3
2026-06-14 22:50:00,4.3
2026-06-14 23:00:00,4.3
2026-06-14 23:10:00,4.3
2026-06-14 23:20:00,4.3
2026-06-14 23:30:00,4.3
2026-06-14 23:40:00,4.3
2026-06-14 23:50:00,4.3
2026-06-15 00:00:00,4.3
2026-06-15 00:10:00,4.3
2026-06-15 00:20:00,4.3
2026-06-15 00:30:00,4.3
2026-06-15 00:40:00,4.3
2026-06-15 00:50:00,4.3
2026-06-15 01:00:00,4.3
2026-06-15 01:10:00,4.3
2026-06-15 01:20:00,4.3
2026-06-15 01:30:00,4.3
2026-06-15 01:40:00,4.3
2026-06-15 01:50:00,4.3
2026-06-15 02:00:00,4.3
2026-06-15 02:10:00,4.3
2026-06-15 02:20:00,4.3
2026-06-15 02:30:00,4.3
2026-06-15 02:40:00,4.3
2026-06-15 02:50:00,4.3
2026-06-15 03:00:00,4.3
2026-06-15 03:10:00,4.3
2026-06-15 03:20:00,4.3
2026-06-15 03:30:00,4.3
2026-06-15 03:40:00,4.3
2026-06-15 03:50:00,4.3
2026-06-15 04:00:00,4.3
2026-06-15 04:10:00,4.3
2026-06-15 04:20:00,4.3
2026-06-15 04:30:00,4.3
2026-06-15 04:40:00,4.3
2026-06-15 04:50:00,4.3
2026-06-15 05:00:00,5.033333333333333
2026-06-15 05:10:00,16.15
2026-06-15 05:20:00,75.3
2026-06-15 05:30:00,267.7
2026-06-15 05:40:00,740.4333333333334
2026-06-15 05:50:00,1132.1999999999998
2026-06-15 06:00:00,1508.8666666666668
2026-06-15 06:10:00,3578.25
2026-06-15 06:20:00,4111.566666666667
2026-06-15 06:30:00,3703
2026-06-15 06:40:00,5500.733333333333
2026-06-15 06:50:00,5927.549999999999
2026-06-15 07:00:00,6729.3
2026-06-15 07:10:00,5510.4
2026-06-15 07:20:00,6206.033333333333
2026-06-15 07:30:00,5584.6
2026-06-15 07:40:00,6423.966666666667
2026-06-15 07:50:00,7007.05
2026-06-15 08:00:00,6936.466666666667
2026-06-15 08:10:00,5355.55
2026-06-15 08:20:00,4306.566666666667
2026-06-15 08:30:00,3915.9
2026-06-15 08:40:00,6502.8
2026-06-15 08:50:00,7343.6
2026-06-15 09:00:00,9127.766666666665
2026-06-15 09:10:00,14863.6
2026-06-15 09:20:00,7816
2026-06-15 09:30:00,11463.75
2026-06-15 09:40:00,10969.166666666666
2026-06-15 09:50:00,5768.4
2026-06-15 10:00:00,4657.766666666667
2026-06-15 10:10:00,3827.7
2026-06-15 10:20:00,3593.3333333333335
2026-06-15 10:30:00,7515.65
2026-06-15 10:40:00,6526.433333333334
2026-06-15 10:50:00,10015.5
2026-06-15 11:00:00,12122.533333333335
2026-06-15 11:10:00,15808.65
2026-06-15 11:20:00,12663.7
2026-06-15 11:30:00,13815.25
2026-06-15 11:40:00,15624.099999999999
2026-06-15 11:50:00,15179.7
2026-06-15 12:00:00,14564.666666666666
2026-06-15 12:10:00,14114.15
2026-06-15 12:20:00,14065.766666666668
2026-06-15 12:30:00,11133.7
2026-06-15 12:40:00,13377.633333333333
2026-06-15 12:50:00,12887.349999999999
2026-06-15 13:00:00,12867.266666666668
2026-06-15 13:10:00,11331.5
2026-06-15 13:20:00,11860.9
2026-06-15 13:30:00,10666
2026-06-15 13:40:00,10059.566666666666
2026-06-15 13:50:00,9190.8
2026-06-15 14:00:00,9025.933333333332
2026-06-15 14:10:00,7499.5
2026-06-15 14:20:00,6263.399999999999
2026-06-15 14:30:00,7211.35
2026-06-15 14:40:00,6578.099999999999
2026-06-15 14:50:00,6983.45
2026-06-15 15:00:00,7071.233333333334
2026-06-15 15:10:00,7146.85
2026-06-15 15:20:00,5987.433333333333
2026-06-15 15:30:00,4367.5
2026-06-15 15:40:00,3925.1666666666665
2026-06-15 15:50:00,4358.85
2026-06-15 16:00:00,2673.6666666666665
2026-06-15 16:10:00,2615.95
2026-06-15 16:20:00,3125.2333333333336
2026-06-15 16:30:00,2651.45
2026-06-15 16:40:00,1993.4333333333334
2026-06-15 16:50:00,1589.15
2026-06-15 17:00:00,1340.8000000000002
2026-06-15 17:10:00,987.0333333333333
2026-06-15 17:20:00,642.95
2026-06-15 17:30:00,804.9333333333334
2026-06-15 17:40:00,480.59999999999997
2026-06-15 17:50:00,220.0666666666667
2026-06-15 18:00:00,80.65
2026-06-15 18:10:00,30.833333333333332
2026-06-15 18:20:00,5.4
2026-06-15 18:30:00,4.3
2026-06-15 18:40:00,4.3
2026-06-15 18:50:00,4.3
2026-06-15 19:00:00,4.3
2026-06-15 19:10:00,4.3
2026-06-15 19:20:00,4.3
2026-06-15 19:30:00,4.3
2026-06-15 19:40:00,4.3
2026-06-15 19:50:00,4.3
2026-06-15 20:00:00,4.3
2026-06-15 20:10:00,4.3
2026-06-15 20:20:00,4.3
2026-06-15 20:30:00,4.3
2026-06-15 20:40:00,4.3
2026-06-15 20:50:00,4.3
2026-06-15 21:00:00,4.3
2026-06-15 21:10:00,4.3
2026-06-15 21:20:00,4.3
2026-06-15 21:30:00,4.3
2026-06-15 21:40:00,4.3
2026-06-15 21:50:00,4.3
2026-06-15 22:00:00,4.3
2026-06-15 22:10:00,4.3
2026-06-15 22:20:00,4.3
2026-06-15 22:30:00,4.3
2026-06-15 22:40:00,4.3
2026-06-15 22:50:00,4.3
2026-06-15 23:00:00,4.3
2026-06-15 23:10:00,4.3
2026-06-15 23:20:00,4.3
2026-06-15 23:30:00,4.3
2026-06-15 23:40:00,4.3
2026-06-15 23:50:00,4.3
2026-06-16 00:00:00,4.3
2026-06-16 00:10:00,4.3
2026-06-16 00:20:00,4.3
2026-06-16 00:30:00,4.3
2026-06-16 00:40:00,4.3
2026-06-16 00:50:00,4.3
2026-06-16 01:00:00,4.3
2026-06-16 01:10:00,4.3
2026-06-16 01:20:00,4.3
2026-06-16 01:30:00,4.3
2026-06-16 01:40:00,4.3
2026-06-16 01:50:00,4.3
2026-06-16 02:00:00,4.3
2026-06-16 02:10:00,4.3
2026-06-16 02:20:00,4.3
2026-06-16 02:30:00,4.3
2026-06-16 02:40:00,4.3
2026-06-16 02:50:00,4.3
2026-06-16 03:00:00,4.3
2026-06-16 03:10:00,4.3
2026-06-16 03:20:00,4.3
2026-06-16 03:30:00,4.3
2026-06-16 03:40:00,4.3
2026-06-16 03:50:00,4.3
2026-06-16 04:00:00,4.3
2026-06-16 04:10:00,4.3
2026-06-16 04:20:00,4.3
2026-06-16 04:30:00,4.3
2026-06-16 04:40:00,4.3
2026-06-16 04:50:00,4.3
2026-06-16 05:00:00,5.4
2026-06-16 05:10:00,26.566666666666666
2026-06-16 05:20:00,115.05
2026-06-16 05:30:00,295.7
2026-06-16 05:40:00,551.2333333333332
2026-06-16 05:50:00,1234.35
2026-06-16 06:00:00,2093.0666666666666
2026-06-16 06:10:00,1648.3
2026-06-16 06:20:00,2495.9
2026-06-16 06:30:00,3543.8500000000004
2026-06-16 06:40:00,4457.066666666667
2026-06-16 06:50:00,5027.6
2026-06-16 07:00:00,7309.933333333333
2026-06-16 07:10:00,7804.85
2026-06-16 07:20:00,8557.866666666667
2026-06-16 07:30:00,9268.25
2026-06-16 07:40:00,9837.366666666667
2026-06-16 07:50:00,8540.349999999999
2026-06-16 08:00:00,10361.333333333334
2026-06-16 08:10:00,9085.45
2026-06-16 08:20:00,10228.033333333335
2026-06-16 08:30:00,7670.45
2026-06-16 08:40:00,11874.5
2026-06-16 08:50:00,7591.950000000001
2026-06-16 09:00:00,5649.833333333333
2026-06-16 09:10:00,5447
2026-06-16 09:20:00,11789.933333333334
2026-06-16 09:30:00,6687.75
2026-06-16 09:40:00,3832
2026-06-16 09:50:00,2532.1
2026-06-16 10:00:00,3576.1333333333337
2026-06-16 10:10:00,3199.75
2026-06-16 10:20:00,2419.233333333333
2026-06-16 10:30:00,3840.6499999999996
2026-06-16 10:40:00,5363.133333333333
2026-06-16 10:50:00,6737.200000000001
2026-06-16 11:00:00,7299.166666666667
2026-06-16 11:10:00,8469.349999999999
2026-06-16 11:20:00,8126.366666666666
2026-06-16 11:30:00,11418.6
2026-06-16 11:40:00,13719.533333333335
2026-06-16 11:50:00,12582
2026-06-16 12:00:00,11398.566666666666
2026-06-16 12:10:00,13004.55
2026-06-16 12:20:00,9912.6
2026-06-16 12:30:00,5587.85
2026-06-16 12:40:00,3445.633333333333
2026-06-16 12:50:00,2642.8500000000004
2026-06-16 13:00:00,3666.433333333333
2026-06-16 13:10:00,4937.35
2026-06-16 13:20:00,4467.833333333333
2026-06-16 13:30:00,3730.95
2026-06-16 13:40:00,4756.7
2026-06-16 13:50:00,5142.700000000001
2026-06-16 14:00:00,5102.166666666667
2026-06-16 14:10:00,5517.95
2026-06-16 14:20:00,6112.133333333334
2026-06-16 14:30:00,3607.2999999999997
2026-06-16 14:40:00,1737.5333333333335
2026-06-16 14:50:00,1492.35
2026-06-16 15:00:00,1437.2
2026-06-16 15:10:00,1416.0500000000002
2026-06-16 15:20:00,1665.1000000000001
2026-06-16 15:30:00,1298.85
2026-06-16 15:40:00,852.2666666666668
2026-06-16 15:50:00,1042.2
2026-06-16 16:00:00,1114.2142857142858
2026-06-16 16:10:00,1210.6666666666665
2026-06-16 16:20:00,1220.7
2026-06-16 16:30:00,1465.1000000000001
2026-06-16 16:40:00,1570.85
2026-06-16 16:50:00,1175.2000000000003
2026-06-16 17:00:00,1019.25
2026-06-16 17:10:00,720.3666666666667
2026-06-16 17:20:00,530.4
2026-06-16 17:30:00,222.55
2026-06-16 17:40:00,159.83333333333334
2026-06-16 17:50:00,89.59999999999998
2026-06-16 18:00:00,58.05
2026-06-16 18:10:00,18.633333333333333
2026-06-16 18:20:00,5.4
2026-06-16 18:30:00,4.3
2026-06-16 18:40:00,4.3
2026-06-16 18:50:00,4.3
2026-06-16 19:00:00,4.3
2026-06-16 19:10:00,4.3
2026-06-16 19:20:00,4.3
2026-06-16 19:30:00,4.3
2026-06-16 19:40:00,4.3
2026-06-16 19:50:00,4.3
2026-06-16 20:00:00,4.3
2026-06-16 20:10:00,4.3
2026-06-16 20:20:00,4.3
2026-06-16 20:30:00,4.3
2026-06-16 20:40:00,4.3
2026-06-16 20:50:00,4.3
2026-06-16 21:00:00,4.3
2026-06-16 21:10:00,4.3
2026-06-16 21:20:00,4.3
2026-06-16 21:30:00,4.3
2026-06-16 21:40:00,4.3
2026-06-16 21:50:00,4.3
2026-06-16 22:00:00,4.3
2026-06-16 22:10:00,4.3
2026-06-16 22:20:00,4.3
2026-06-16 22:30:00,4.3
2026-06-16 22:40:00,4.3
2026-06-16 22:50:00,4.3
2026-06-16 23:00:00,4.3
2026-06-16 23:10:00,4.3
2026-06-16 23:20:00,4.3
2026-06-16 23:30:00,4.3
2026-06-16 23:40:00,4.3
2026-06-16 23:50:00,4.3
2026-06-17 00:00:00,4.3
2026-06-17 00:10:00,4.3
2026-06-17 00:20:00,4.3
2026-06-17 00:30:00,4.3
2026-06-17 00:40:00,4.3
2026-06-17 00:50:00,4.3
2026-06-17 01:00:00,4.3
2026-06-17 01:10:00,4.3
2026-06-17 01:20:00,4.3
2026-06-17 01:30:00,4.3
2026-06-17 01:40:00,4.3
2026-06-17 01:50:00,4.3
2026-06-17 02:00:00,4.3
2026-06-17 02:10:00,4.3
2026-06-17 02:20:00,4.3
2026-06-17 02:30:00,4.3
2026-06-17 02:40:00,4.3
2026-06-17 02:50:00,4.3
2026-06-17 03:00:00,4.3
2026-06-17 03:10:00,4.3
2026-06-17 03:20:00,4.3
2026-06-17 03:30:00,4.3
2026-06-17 03:40:00,4.3
2026-06-17 03:50:00,4.3
2026-06-17 04:00:00,4.3
2026-06-17 04:10:00,4.3
2026-06-17 04:20:00,4.3
2026-06-17 04:30:00,4.3
2026-06-17 04:40:00,4.3
2026-06-17 04:50:00,4.3
2026-06-17 05:00:00,5.033333333333333
2026-06-17 05:10:00,15.1
2026-06-17 05:20:00,66.7
2026-06-17 05:30:00,201.05
2026-06-17 05:40:00,459.5
2026-06-17 05:50:00,762.35
2026-06-17 06:00:00,1268
2026-06-17 06:10:00,2039.65
2026-06-17 06:20:00,2526.733333333333
2026-06-17 06:30:00,2993.35
2026-06-17 06:40:00,3591.9
2026-06-17 06:50:00,3696.55
2026-06-17 07:00:00,3928.1
2026-06-17 07:10:00,4480.35
2026-06-17 07:20:00,5336.533333333333
2026-06-17 07:30:00,6039.4
2026-06-17 07:40:00,6691.333333333333
2026-06-17 07:50:00,8651.05
2026-06-17 08:00:00,9041
2026-06-17 08:10:00,9828.4
2026-06-17 08:20:00,10047.4
2026-06-17 08:30:00,9378.95
2026-06-17 08:40:00,9905.433333333334
2026-06-17 08:50:00,9723.05
2026-06-17 09:00:00,8183
2026-06-17 09:10:00,5880.25
2026-06-17 09:20:00,7054.35
2026-06-17 09:30:00,8076.899999999999
2026-06-17 09:40:00,8222.05
2026-06-17 09:50:00,8915.533333333335
2026-06-17 10:00:00,10510.05
2026-06-17 10:10:00,10222.266666666666
2026-06-17 10:20:00,7838.200000000001
2026-06-17 10:30:00,7264.066666666667
2026-06-17 10:40:00,6209.25
2026-06-17 10:50:00,4835.533333333334
2026-06-17 11:00:00,5085.7
2026-06-17 11:10:00,6184.533333333333
2026-06-17 11:20:00,7857.55
2026-06-17 11:30:00,10715.45
2026-06-17 11:40:00,17849.733333333334
2026-06-17 11:50:00,11447.65
2026-06-17 12:00:00,9254.599999999999
2026-06-17 12:10:00,9614.4
2026-06-17 12:20:00,10282.5
2026-06-17 12:30:00,9388.65
2026-06-17 12:40:00,11873.066666666666
2026-06-17 12:50:00,11907.85
2026-06-17 13:00:00,13518.833333333334
2026-06-17 13:10:00,13448.55
2026-06-17 13:20:00,14943.833333333334
2026-06-17 13:30:00,13818.45
2026-06-17 13:40:00,12619.966666666667
2026-06-17 13:50:00,14433.5
2026-06-17 14:00:00,15345.933333333334
2026-06-17 14:10:00,12200.3
2026-06-17 14:20:00,12636.466666666667
2026-06-17 14:30:00,11921.8
2026-06-17 14:40:00,8828.833333333334
2026-06-17 14:50:00,10724.05
2026-06-17 15:00:00,11248.766666666668
2026-06-17 15:10:00,11136.900000000001
2026-06-17 15:20:00,8453.933333333334
2026-06-17 15:30:00,5038.4
2026-06-17 15:40:00,5406.833333333333
2026-06-17 15:50:00,4685.7
2026-06-17 16:00:00,5123
2026-06-17 16:10:00,5634.049999999999
2026-06-17 16:20:00,3624.133333333333
2026-06-17 16:30:00,2961.1
2026-06-17 16:40:00,2989.0333333333333
2026-06-17 16:50:00,2321.35
2026-06-17 17:00:00,1584.1333333333334
2026-06-17 17:10:00,1365.5
2026-06-17 17:20:00,1276.25
2026-06-17 17:30:00,1144.7333333333333
2026-06-17 17:40:00,709.6
2026-06-17 17:50:00,335.4666666666667
2026-06-17 18:00:00,91.4
2026-06-17 18:10:00,27.266666666666666
2026-06-17 18:20:00,6.449999999999999
2026-06-17 18:30:00,4.3
2026-06-17 18:40:00,4.3
2026-06-17 18:50:00,4.3
2026-06-17 19:00:00,4.3
2026-06-17 19:10:00,4.3
2026-06-17 19:20:00,4.3
2026-06-17 19:30:00,4.3
2026-06-17 19:40:00,4.3
2026-06-17 19:50:00,4.3
2026-06-17 20:00:00,4.3
2026-06-17 20:10:00,4.3
2026-06-17 20:20:00,4.3
2026-06-17 20:30:00,4.3
2026-06-17 20:40:00,4.3
2026-06-17 20:50:00,4.3
2026-06-17 21:00:00,4.3
2026-06-17 21:10:00,4.3
2026-06-17 21:20:00,4.3
2026-06-17 21:30:00,4.3
2026-06-17 21:40:00,4.3
2026-06-17 21:50:00,4.3
2026-06-17 22:00:00,4.3
2026-06-17 22:10:00,4.3
2026-06-17 22:20:00,4.3
2026-06-17 22:30:00,4.3
2026-06-17 22:40:00,4.3
2026-06-17 22:50:00,4.3
2026-06-17 23:00:00,4.3
2026-06-17 23:10:00,4.3
2026-06-17 23:20:00,4.3
2026-06-17 23:30:00,4.3
2026-06-17 23:40:00,4.3
2026-06-17 23:50:00,4.3
2026-06-18 00:00:00,4.3
2026-06-18 00:10:00,4.3
2026-06-18 00:20:00,4.3
2026-06-18 00:30:00,4.3
2026-06-18 00:40:00,4.3
2026-06-18 00:50:00,4.3
2026-06-18 01:00:00,4.3
2026-06-18 01:10:00,4.3
2026-06-18 01:20:00,4.3
2026-06-18 01:30:00,4.3
2026-06-18 01:40:00,4.3
2026-06-18 01:50:00,4.3
2026-06-18 02:00:00,4.3
2026-06-18 02:10:00,4.3
2026-06-18 02:20:00,4.3
2026-06-18 02:30:00,4.3
2026-06-18 02:40:00,4.3
2026-06-18 02:50:00,4.3
2026-06-18 03:00:00,4.3
2026-06-18 03:10:00,4.3
2026-06-18 03:20:00,4.3
2026-06-18 03:30:00,4.3
2026-06-18 03:40:00,4.3
2026-06-18 03:50:00,4.3
2026-06-18 04:00:00,4.3
2026-06-18 04:10:00,4.3
2026-06-18 04:20:00,4.3
2026-06-18 04:30:00,4.3
2026-06-18 04:40:00,4.3
2026-06-18 04:50:00,4.3
2026-06-18 05:00:00,4.3
2026-06-18 05:10:00,11.85
2026-06-18 05:20:00,68.10000000000001
2026-06-18 05:30:00,319.35
2026-06-18 05:40:00,832.2000000000002
2026-06-18 05:50:00,1507.45
2026-06-18 06:00:00,1958.2666666666667
2026-06-18 06:10:00,2210.6
2026-06-18 06:20:00,2459.366666666667
2026-06-18 06:30:00,2843.95
2026-06-18 06:40:00,3199.1
2026-06-18 06:50:00,4254.549999999999
2026-06-18 07:00:00,6140.833333333333
2026-06-18 07:10:00,7716.700000000001
2026-06-18 07:20:00,4018.3999999999996
2026-06-18 07:30:00,4744.85
2026-06-18 07:40:00,4375.366666666666
2026-06-18 07:50:00,6880.2
2026-06-18 08:00:00,5059.2
2026-06-18 08:10:00,4472.85
2026-06-18 08:20:00,5064.166666666667
2026-06-18 08:30:00,6499.6
2026-06-18 08:40:00,5449.099999999999
2026-06-18 08:50:00,6357.65
2026-06-18 09:00:00,10096.166666666666
2026-06-18 09:10:00,13900.2
2026-06-18 09:20:00,12712.433333333334
2026-06-18 09:30:00,6130.75
2026-06-18 09:40:00,7899.166666666667
2026-06-18 09:50:00,15347.400000000001
2026-06-18 10:00:00,14364.700000000003
2026-06-18 10:10:00,15249.55
2026-06-18 10:20:00,14563.233333333332
2026-06-18 10:30:00,15296.85
2026-06-18 10:40:00,15855.6
2026-06-18 10:50:00,15401.2
2026-06-18 11:00:00,12733.933333333334
2026-06-18 11:10:00,15321.6
2026-06-18 11:20:00,15507.233333333332
2026-06-18 11:30:00,15688.25
2026-06-18 11:40:00,15267.133333333333
2026-06-18 11:50:00,12964.8
2026-06-18 12:00:00,13485.866666666669
2026-06-18 12:10:00,8142.5
2026-06-18 12:20:00,6026.133333333334
2026-06-18 12:30:00,3939.5
2026-06-18 12:40:00,3505.133333333333
2026-06-18 12:50:00,2570.8
2026-06-18 13:00:00,2467.233333333333
2026-06-18 13:10:00,1045.05
2026-06-18 13:20:00,559.8333333333334
2026-06-18 13:30:00,364.71999999999997
2026-06-18 13:40:00,370.9555555555555
2026-06-18 13:50:00,381.1111111111111
2026-06-18 14:30:00,478.8
2026-06-18 14:40:00,600
2026-06-18 14:50:00,501.76666666666665
2026-06-18 15:00:00,458.73333333333335
2026-06-18 15:10:00,504.6333333333334
2026-06-18 15:20:00,524.15
2026-06-18 15:30:00,513.95
2026-06-18 15:40:00,495.09999999999997
2026-06-18 15:50:00,508.90000000000003
2026-06-18 16:00:00,518.25
2026-06-18 16:10:00,540.4999999999999
2026-06-18 16:20:00,521.45
2026-06-18 16:30:00,512.85
2026-06-18 16:40:00,513.1999999999999
2026-06-18 16:50:00,488.1333333333334
2026-06-18 17:00:00,426.5
2026-06-18 17:10:00,384.95
2026-06-18 17:20:00,319
2026-06-18 17:30:00,241.89999999999998
2026-06-18 17:40:00,179.9
2026-06-18 17:50:00,112.9
2026-06-18 18:00:00,48.76666666666667
2026-06-18 18:10:00,14
2026-06-18 18:20:00,5.033333333333334
2026-06-18 18:30:00,4.3
2026-06-18 18:40:00,4.3
2026-06-18 18:50:00,4.3
2026-06-18 19:00:00,4.3
2026-06-18 19:10:00,4.3
2026-06-18 19:20:00,4.3
2026-06-18 19:30:00,4.3
2026-06-18 19:40:00,4.3
2026-06-18 19:50:00,4.3
2026-06-18 20:00:00,4.3
2026-06-18 20:10:00,4.3
2026-06-18 20:20:00,4.3
2026-06-18 20:30:00,4.3
2026-06-18 20:40:00,4.3
2026-06-18 20:50:00,4.3
2026-06-18 21:00:00,4.3
2026-06-18 21:10:00,4.3
2026-06-18 21:20:00,4.3
2026-06-18 21:30:00,4.3
2026-06-18 21:40:00,4.3
2026-06-18 21:50:00,4.3
2026-06-18 22:00:00,4.3
2026-06-18 22:10:00,4.3
2026-06-18 22:20:00,4.3
2026-06-18 22:30:00,4.3
2026-06-18 22:40:00,4.3
2026-06-18 22:50:00,4.3
2026-06-18 23:00:00,4.3
2026-06-18 23:10:00,4.3
2026-06-18 23:20:00,4.3
2026-06-18 23:30:00,4.3
2026-06-18 23:40:00,4.3
2026-06-18 23:50:00,4.3
2026-06-19 00:00:00,4.3
2026-06-19 00:10:00,4.3
2026-06-19 00:20:00,4.3
2026-06-19 00:30:00,4.3
2026-06-19 00:40:00,4.3
2026-06-19 00:50:00,4.3
2026-06-19 01:00:00,4.3
2026-06-19 01:10:00,4.3
2026-06-19 01:20:00,4.3
2026-06-19 01:30:00,4.3
2026-06-19 01:40:00,4.3
2026-06-19 01:50:00,4.3
2026-06-19 02:00:00,4.3
2026-06-19 02:10:00,4.3
2026-06-19 02:20:00,4.3
2026-06-19 02:30:00,4.3
2026-06-19 02:40:00,4.3
2026-06-19 02:50:00,4.3
2026-06-19 03:00:00,4.3
2026-06-19 03:10:00,4.3
2026-06-19 03:20:00,4.3
2026-06-19 03:30:00,4.3
2026-06-19 03:40:00,4.3
2026-06-19 03:50:00,4.3
2026-06-19 04:00:00,4.3
2026-06-19 04:10:00,4.3
2026-06-19 04:20:00,4.3
2026-06-19 04:30:00,4.3
2026-06-19 04:40:00,4.3
2026-06-19 04:50:00,4.3
2026-06-19 05:00:00,4.3
2026-06-19 05:10:00,21.53333333333333
2026-06-19 05:20:00,110.75
2026-06-19 05:30:00,331.1666666666667
2026-06-19 05:40:00,672
2026-06-19 05:50:00,1316.7666666666667
2026-06-19 06:00:00,1630
2026-06-19 06:10:00,1985.5333333333335
2026-06-19 06:20:00,2769.7
2026-06-19 06:30:00,3858.533333333333
2026-06-19 06:40:00,4835.15
2026-06-19 06:50:00,5497.5
2026-06-19 07:00:00,6803.866666666666
2026-06-19 07:10:00,7918.466666666667
2026-06-19 07:20:00,8765.766666666668
2026-06-19 07:30:00,9184.349999999999
2026-06-19 07:40:00,9241.666666666666
2026-06-19 07:50:00,8881.15
2026-06-19 08:00:00,9101.933333333332
2026-06-19 08:10:00,9172.5
2026-06-19 08:20:00,9152.066666666668
2026-06-19 08:30:00,10002.6
2026-06-19 08:40:00,9592.199999999999
2026-06-19 08:50:00,9877.85
2026-06-19 09:00:00,11465.9
2026-06-19 09:10:00,13312.05
2026-06-19 09:20:00,14065.766666666668
2026-06-19 09:30:00,14462.5
2026-06-19 09:40:00,14348.166666666666
2026-06-19 09:50:00,14953.900000000001
2026-06-19 10:00:00,15230.533333333335
2026-06-19 10:10:00,15466.75
2026-06-19 10:20:00,14788.299999999997
2026-06-19 10:30:00,14315.2
2026-06-19 10:40:00,13543.9
2026-06-19 10:50:00,13766.85
2026-06-19 11:00:00,13767.6
2026-06-19 11:10:00,13714.15
2026-06-19 11:20:00,12811.366666666669
2026-06-19 11:30:00,13679.75
2026-06-19 11:40:00,15216.200000000003
2026-06-19 11:50:00,14358.2
2026-06-19 12:00:00,15752.366666666669
2026-06-19 12:10:00,13748.599999999999
2026-06-19 12:20:00,10276.033333333333
2026-06-19 12:30:00,7826.35
2026-06-19 12:40:00,10124.066666666668
2026-06-19 12:50:00,11833.650000000001
2026-06-19 13:00:00,11216.466666666667
2026-06-19 13:10:00,10633.75
2026-06-19 13:20:00,11412.9
2026-06-19 13:30:00,12006.75
2026-06-19 13:40:00,9481.833333333334
2026-06-19 13:50:00,9953.1
2026-06-19 14:00:00,11111.1
2026-06-19 14:10:00,13283.05
2026-06-19 14:20:00,9172.9
2026-06-19 14:30:00,13805.6
2026-06-19 14:40:00,13527.466666666667
2026-06-19 14:50:00,10830.5
2026-06-19 15:00:00,5970.233333333333
2026-06-19 15:10:00,3558.8999999999996
2026-06-19 15:20:00,4149.566666666667
2026-06-19 15:30:00,5302.85
2026-06-19 15:40:00,5436.2
2026-06-19 15:50:00,5436.2
2026-06-19 16:00:00,4777.466666666666
2026-06-19 16:10:00,2150.4
2026-06-19 16:20:00,1063.7333333333333
2026-06-19 16:30:00,889.2
2026-06-19 16:40:00,1009.2666666666668
2026-06-19 16:50:00,1132.1999999999998
2026-06-19 17:00:00,954.7666666666665
2026-06-19 17:10:00,753.7
2026-06-19 17:20:00,394.6
2026-06-19 17:30:00,260.2
2026-06-19 17:40:00,390.3
2026-06-19 17:50:00,272.3666666666666
2026-06-19 18:00:00,116.10000000000001
2026-06-19 18:10:00,28.666666666666668
2026-06-19 18:20:00,5.4
2026-06-19 18:30:00,4.3
2026-06-19 18:40:00,4.3
2026-06-19 18:50:00,4.3
2026-06-19 19:00:00,4.3
2026-06-19 19:10:00,4.3
2026-06-19 19:20:00,4.3
2026-06-19 19:30:00,4.3
2026-06-19 19:40:00,4.3
2026-06-19 19:50:00,4.3
2026-06-19 20:00:00,4.3
2026-06-19 20:10:00,4.3
2026-06-19 20:20:00,4.3
2026-06-19 20:30:00,4.3
2026-06-19 20:40:00,4.3
2026-06-19 20:50:00,4.3
2026-06-19 21:00:00,4.3
2026-06-19 21:10:00,4.3
2026-06-19 21:20:00,4.3
2026-06-19 21:30:00,4.3
2026-06-19 21:40:00,4.3
2026-06-19 21:50:00,4.3
2026-06-19 22:00:00,4.3
2026-06-19 22:10:00,4.3
2026-06-19 22:20:00,4.3
2026-06-19 22:30:00,4.3
2026-06-19 22:40:00,4.3
2026-06-19 22:50:00,4.3
2026-06-19 23:00:00,4.3
2026-06-19 23:10:00,4.3
2026-06-19 23:20:00,4.3
2026-06-19 23:30:00,4.3
2026-06-19 23:40:00,4.3
2026-06-19 23:50:00,4.3
2026-06-20 00:00:00,4.3
2026-06-20 00:10:00,4.3
2026-06-20 00:20:00,4.3
2026-06-20 00:30:00,4.3
2026-06-20 00:40:00,4.3
2026-06-20 00:50:00,4.3
2026-06-20 01:00:00,4.3
2026-06-20 01:10:00,4.3
2026-06-20 01:20:00,4.3
2026-06-20 01:30:00,4.3
2026-06-20 01:40:00,4.3
2026-06-20 01:50:00,4.3
2026-06-20 02:00:00,4.3
2026-06-20 02:10:00,4.3
2026-06-20 02:20:00,4.3
2026-06-20 02:30:00,4.3
2026-06-20 02:40:00,4.3
2026-06-20 02:50:00,4.3
2026-06-20 03:00:00,4.3
2026-06-20 03:10:00,4.3
2026-06-20 03:20:00,4.3
2026-06-20 03:30:00,4.3
2026-06-20 03:40:00,4.3
2026-06-20 03:50:00,4.3
2026-06-20 04:00:00,4.3
2026-06-20 04:10:00,4.3
2026-06-20 04:20:00,4.3
2026-06-20 04:30:00,4.3
2026-06-20 04:40:00,4.3
2026-06-20 04:50:00,4.3
2026-06-20 05:00:00,5.033333333333333
2026-06-20 05:10:00,17.25
2026-06-20 05:20:00,71
2026-06-20 05:30:00,235.45
2026-06-20 05:40:00,592.0666666666666
2026-06-20 05:50:00,1268.75
2026-06-20 06:00:00,1728.2
2026-06-20 06:10:00,2369.75
2026-06-20 06:20:00,2962.533333333333
2026-06-20 06:30:00,4771.7
2026-06-20 06:40:00,5174.6
2026-06-20 06:50:00,4779.3
2026-06-20 07:00:00,4316.599999999999
2026-06-20 07:10:00,4475
2026-06-20 07:20:00,4682.133333333333
2026-06-20 07:30:00,5120.1
2026-06-20 07:40:00,6065.533333333333
2026-06-20 07:50:00,7350.05
2026-06-20 08:00:00,8452.1
2026-06-20 08:40:00,4144.9
2026-06-20 08:50:00,5374.9
2026-06-20 09:00:00,4388.966666666666
2026-06-20 09:10:00,4895.4
2026-06-20 09:20:00,5078.533333333334
2026-06-20 09:30:00,9760.7
2026-06-20 09:40:00,13184.799999999997
2026-06-20 09:50:00,15336.65
2026-06-20 10:00:00,10369.233333333332
2026-06-20 10:10:00,16406.5
2026-06-20 10:20:00,8281.2
2026-06-20 10:30:00,5831.9
2026-06-20 10:40:00,7869.733333333334
2026-06-20 10:50:00,16279.599999999999
2026-06-20 11:00:00,16224.066666666666
2026-06-20 11:10:00,16082.8
2026-06-20 11:20:00,16078.533333333333
2026-06-20 11:30:00,16422.6
2026-06-20 11:40:00,14109.466666666665
2026-06-20 11:50:00,14971.099999999999
2026-06-20 12:00:00,15253.533333333333
2026-06-20 12:10:00,13877.599999999999
2026-06-20 12:20:00,14948.133333333331
2026-06-20 12:30:00,15456
2026-06-20 12:40:00,15540.933333333334
2026-06-20 12:50:00,10342.35
2026-06-20 13:00:00,16016.866666666669
2026-06-20 13:10:00,15505.5
2026-06-20 13:20:00,16111.5
2026-06-20 13:30:00,15204.4
2026-06-20 13:40:00,14907.266666666668
2026-06-20 13:50:00,15648.5
2026-06-20 14:00:00,14786.866666666669
2026-06-20 14:10:00,11516.45
2026-06-20 14:20:00,11492.466666666667
2026-06-20 14:30:00,9594
2026-06-20 14:40:00,6261.966666666667
2026-06-20 14:50:00,7870.450000000001
2026-06-20 15:00:00,13045.066666666666
2026-06-20 15:10:00,4683.55
2026-06-20 15:20:00,3956
2026-06-20 15:30:00,2235.3
2026-06-20 15:40:00,2242.8999999999996
2026-06-20 15:50:00,1761.1999999999998
2026-06-20 16:00:00,1299.95
2026-06-20 16:10:00,1331.1
2026-06-20 16:20:00,1181.65
2026-06-20 16:30:00,1168.3999999999999
2026-06-20 16:40:00,1660.1
2026-06-20 16:50:00,1278.7666666666667
2026-06-20 17:00:00,749.45
2026-06-20 17:10:00,564.8333333333334
2026-06-20 17:20:00,488.15
2026-06-20 17:30:00,348.40000000000003
2026-06-20 17:40:00,378.5
2026-06-20 17:50:00,200.69999999999996
2026-06-20 18:00:00,40.85
2026-06-20 18:10:00,17.233333333333334
2026-06-20 18:20:00,5.4
2026-06-20 18:30:00,4.3
2026-06-20 18:40:00,4.3
2026-06-20 18:50:00,4.3
2026-06-20 19:00:00,4.3
2026-06-20 19:10:00,4.3
2026-06-20 19:20:00,4.3
2026-06-20 19:30:00,4.3
2026-06-20 19:40:00,4.3
2026-06-20 19:50:00,4.3
2026-06-20 20:00:00,4.3
2026-06-20 20:10:00,4.3
2026-06-20 20:20:00,4.3
2026-06-20 20:30:00,4.3
2026-06-20 20:40:00,4.3
2026-06-20 20:50:00,4.3
2026-06-20 21:00:00,4.3
2026-06-20 21:10:00,4.3
2026-06-20 21:20:00,4.3
2026-06-20 21:30:00,4.3
2026-06-20 21:40:00,4.3
2026-06-20 21:50:00,4.3
2026-06-20 22:00:00,4.3
2026-06-20 22:10:00,4.3
2026-06-20 22:20:00,4.3
2026-06-20 22:30:00,4.3
2026-06-20 22:40:00,4.3
2026-06-20 22:50:00,4.3
2026-06-20 23:00:00,4.3
2026-06-20 23:10:00,4.3
2026-06-20 23:20:00,4.3
2026-06-20 23:30:00,4.3
2026-06-20 23:40:00,4.3
2026-06-20 23:50:00,4.3
2026-06-21 00:00:00,4.3
2026-06-21 00:10:00,4.3
2026-06-21 00:20:00,4.3
2026-06-21 00:30:00,4.3
2026-06-21 00:40:00,4.3
2026-06-21 00:50:00,4.3
2026-06-21 01:00:00,4.3
2026-06-21 01:10:00,4.3
2026-06-21 01:20:00,4.3
2026-06-21 01:30:00,4.3
2026-06-21 01:40:00,4.3
2026-06-21 01:50:00,4.3
2026-06-21 02:00:00,4.3
2026-06-21 02:10:00,4.3
2026-06-21 02:20:00,4.3
2026-06-21 02:30:00,4.3
2026-06-21 02:40:00,4.3
2026-06-21 02:50:00,4.3
2026-06-21 03:00:00,4.3
2026-06-21 03:10:00,4.3
2026-06-21 03:20:00,4.3
2026-06-21 03:30:00,4.3
2026-06-21 03:40:00,4.3
2026-06-21 03:50:00,4.3
2026-06-21 04:00:00,4.3
2026-06-21 04:10:00,4.3
2026-06-21 04:20:00,4.3
2026-06-21 04:30:00,4.3
2026-06-21 04:40:00,4.3
2026-06-21 04:50:00,4.3
2026-06-21 05:00:00,4.3
2026-06-21 05:10:00,12.899999999999999
2026-06-21 05:20:00,75.26666666666667
2026-06-21 05:30:00,294.6
2026-06-21 05:40:00,743.3000000000001
2026-06-21 05:50:00,1583.8
2026-06-21 06:00:00,2498.7666666666664
2026-06-21 06:10:00,4322.35
2026-06-21 06:20:00,4967.400000000001
2026-06-21 06:30:00,4714.75
2026-06-21 06:40:00,4533.033333333334
2026-06-21 06:50:00,5858.75
2026-06-21 07:00:00,6469.866666666666
2026-06-21 07:10:00,6157.7
2026-06-21 07:20:00,6819.600000000001
2026-06-21 07:30:00,8139.25
2026-06-21 07:40:00,8502.666666666666
2026-06-21 07:50:00,8461.85
2026-06-21 08:00:00,8438.166666666666
2026-06-21 08:10:00,6979.15
2026-06-21 08:20:00,7600.233333333334
2026-06-21 08:30:00,8717.75
2026-06-21 08:40:00,10761.333333333334
2026-06-21 08:50:00,10870.25
2026-06-21 09:00:00,11063.8
2026-06-21 09:10:00,10377.833333333334
2026-06-21 09:20:00,10367.099999999999
2026-06-21 09:30:00,9673.933333333332
2026-06-21 09:40:00,10403.650000000001
2026-06-21 09:50:00,10853.766666666668
2026-06-21 10:00:00,10973.45
2026-06-21 10:10:00,11210.033333333333
2026-06-21 10:20:00,10955.2
2026-06-21 10:30:00,11192.1
2026-06-21 10:40:00,12509.95
2026-06-21 10:50:00,11890.266666666668
2026-06-21 11:00:00,8983.3
2026-06-21 11:10:00,11159.133333333333
2026-06-21 11:20:00,14027.05
2026-06-21 11:30:00,14861.433333333334
2026-06-21 11:40:00,15322.65
2026-06-21 11:50:00,15382.533333333333
2026-06-21 12:00:00,12792.75
2026-06-21 12:10:00,9564.266666666668
2026-06-21 12:20:00,8652.15
2026-06-21 12:30:00,5355.966666666667
2026-06-21 12:40:00,4768.5
2026-06-21 12:50:00,6179.533333333333
2026-06-21 13:00:00,7527.5
2026-06-21 13:10:00,8362.166666666666
2026-06-21 13:20:00,6731.85
2026-06-21 13:30:00,5133
2026-06-21 13:40:00,4016.95
2026-06-21 13:50:00,4150.966666666667
2026-06-21 14:00:00,4880.35
2026-06-21 14:10:00,5284.266666666666
2026-06-21 14:20:00,5196.4
2026-06-21 14:30:00,4434.133333333334
2026-06-21 14:40:00,4129.85
2026-06-21 14:50:00,4239.166666666666
2026-06-21 15:00:00,2750.3500000000004
2026-06-21 15:10:00,2107.433333333333
2026-06-21 15:20:00,2056.85
2026-06-21 15:30:00,1103.8666666666666
2026-06-21 15:40:00,758
2026-06-21 15:50:00,1049.3999999999999
2026-06-21 16:00:00,1551.5500000000002
2026-06-21 16:10:00,1748.966666666667
2026-06-21 16:20:00,1339.6999999999998
2026-06-21 16:30:00,825.0666666666666
2026-06-21 16:40:00,273.1
2026-06-21 16:50:00,280.26666666666665
2026-06-21 17:00:00,222.55
2026-06-21 17:10:00,220.76666666666665
2026-06-21 17:20:00,159.14999999999998
2026-06-21 17:30:00,101.8
2026-06-21 17:40:00,94.65
2026-06-21 17:50:00,45.9
2026-06-21 18:00:00,11.850000000000001
2026-06-21 18:10:00,5.733333333333333
2026-06-21 18:20:00,4.3
2026-06-21 18:30:00,4.3
2026-06-21 18:40:00,4.3
2026-06-21 18:50:00,4.3
2026-06-21 19:00:00,4.3
2026-06-21 19:10:00,4.3
2026-06-21 19:20:00,4.3
2026-06-21 19:30:00,4.3
2026-06-21 19:40:00,4.3
2026-06-21 19:50:00,4.3
2026-06-21 20:00:00,4.3
2026-06-21 20:10:00,4.3
2026-06-21 20:20:00,4.3
2026-06-21 20:30:00,4.3
2026-06-21 20:40:00,4.3
2026-06-21 20:50:00,4.3
2026-06-21 21:00:00,4.3
2026-06-21 21:10:00,4.3
2026-06-21 21:20:00,4.3
2026-06-21 21:30:00,4.3
2026-06-21 21:40:00,4.3
2026-06-21 21:50:00,4.3
2026-06-21 22:00:00,4.3
2026-06-21 22:10:00,4.3
2026-06-21 22:20:00,4.3
2026-06-21 22:30:00,4.3
2026-06-21 22:40:00,4.3
2026-06-21 22:50:00,4.3
2026-06-21 23:00:00,4.3
2026-06-21 23:10:00,4.3
2026-06-21 23:20:00,4.3
2026-06-21 23:30:00,4.3
2026-06-21 23:40:00,4.3
2026-06-21 23:50:00,4.3
2026-06-22 00:00:00,4.3
2026-06-22 00:10:00,4.3
2026-06-22 00:20:00,4.3
2026-06-22 00:30:00,4.3
2026-06-22 00:40:00,4.3
2026-06-22 00:50:00,4.3
2026-06-22 01:00:00,4.3
2026-06-22 01:10:00,4.3
2026-06-22 01:20:00,4.3
2026-06-22 01:30:00,4.3
2026-06-22 01:40:00,4.3
2026-06-22 01:50:00,4.3
2026-06-22 02:00:00,4.3
2026-06-22 02:10:00,4.3
2026-06-22 02:20:00,4.3
2026-06-22 02:30:00,4.3
2026-06-22 02:40:00,4.3
2026-06-22 02:50:00,4.3
2026-06-22 03:00:00,4.3
2026-06-22 03:10:00,4.3
2026-06-22 03:20:00,4.3
2026-06-22 03:30:00,4.3
2026-06-22 03:40:00,4.3
2026-06-22 03:50:00,4.3
2026-06-22 04:00:00,4.3
2026-06-22 04:10:00,4.3
2026-06-22 04:20:00,4.3
2026-06-22 04:30:00,4.3
2026-06-22 04:40:00,4.3
2026-06-22 04:50:00,4.3
2026-06-22 05:00:00,4.3
2026-06-22 05:10:00,9.333333333333334
2026-06-22 05:20:00,34.45
2026-06-22 05:30:00,70.26666666666667
2026-06-22 05:40:00,163.4
2026-06-22 05:50:00,342.6333333333334
2026-06-22 06:00:00,548.35
2026-06-22 06:10:00,682.3666666666667
2026-06-22 06:20:00,752.6500000000001
2026-06-22 06:30:00,899.5666666666666
2026-06-22 06:40:00,1227.9
2026-06-22 06:50:00,1556.1666666666667
2026-06-22 07:00:00,1834.3
2026-06-22 07:10:00,2009.5500000000002
2026-06-22 07:20:00,2417.766666666667
2026-06-22 07:30:00,3251.3999999999996
2026-06-22 07:40:00,2674.4
2026-06-22 07:50:00,2934.2
2026-06-22 08:00:00,3361.1
2026-06-22 08:10:00,3339.55
2026-06-22 08:20:00,3357.85
2026-06-22 09:00:00,5842.65
2026-06-22 09:10:00,6294.25
2026-06-22 09:20:00,6521.466666666667
2026-06-22 09:30:00,7069.45
2026-06-22 09:40:00,6469.133333333334
2026-06-22 09:50:00,5933
2026-06-22 10:00:00,5960.899999999999
2026-06-22 10:10:00,5410.4
2026-06-22 10:20:00,3748.1666666666665
2026-06-22 10:30:00,3897.6
2026-06-22 10:40:00,4330.2
2026-06-22 10:50:00,4810.45
2026-06-22 11:00:00,5553.766666666666
2026-06-22 11:10:00,6181.299999999999
2026-06-22 11:20:00,8479.733333333334
2026-06-22 11:30:00,9330.599999999999
2026-06-22 11:40:00,9521.266666666666
2026-06-22 11:50:00,8986.5
2026-06-22 12:00:00,9335.566666666668
2026-06-22 12:10:00,9884.666666666666
2026-06-22 12:20:00,9660.65
2026-06-22 12:30:00,8779.333333333334
2026-06-22 12:40:00,10392.85
2026-06-22 12:50:00,11432.966666666665
2026-06-22 13:00:00,9385.45
2026-06-22 13:10:00,9860.266666666666
2026-06-22 13:20:00,10162.8
2026-06-22 13:30:00,9369.266666666668
2026-06-22 13:40:00,7717.8
2026-06-22 13:50:00,7824.600000000001
2026-06-22 14:00:00,7861.85
2026-06-22 14:10:00,9423.766666666666
2026-06-22 14:20:00,8919.85
2026-06-22 14:30:00,8499.833333333334
2026-06-22 14:40:00,10355.25
2026-06-22 14:50:00,10364.9
2026-06-22 15:00:00,11674.5
2026-06-22 15:10:00,10174.266666666665
2026-06-22 15:20:00,10028.4
2026-06-22 15:30:00,8982.933333333332
2026-06-22 15:40:00,7283.4
2026-06-22 15:50:00,8916.966666666667
2026-06-22 16:00:00,8133.9
2026-06-22 16:10:00,6083.466666666667
2026-06-22 16:20:00,3692.2
2026-06-22 16:30:00,3525.2333333333336
2026-06-22 16:40:00,3582.55
2026-06-22 16:50:00,2326.733333333333
2026-06-22 17:00:00,1773.05
2026-06-22 17:10:00,2362.5666666666666
2026-06-22 17:20:00,1825.6999999999998
2026-06-22 17:30:00,1472.3333333333333
2026-06-22 17:40:00,932.2
2026-06-22 17:50:00,541.9
2026-06-22 18:00:00,180.63333333333333
2026-06-22 18:10:00,35.5
2026-06-22 18:20:00,7.8999999999999995
2026-06-22 18:30:00,4.3
2026-06-22 18:40:00,4.3
2026-06-22 18:50:00,4.3
2026-06-22 19:00:00,4.3
2026-06-22 19:10:00,4.3
2026-06-22 19:20:00,4.3
2026-06-22 19:30:00,4.3
2026-06-22 19:40:00,4.3
2026-06-22 19:50:00,4.3
2026-06-22 20:00:00,4.3
2026-06-22 20:10:00,4.3
2026-06-22 20:20:00,4.3
2026-06-22 20:30:00,4.3
2026-06-22 20:40:00,4.3
2026-06-22 20:50:00,4.3
2026-06-22 21:00:00,4.3
2026-06-22 21:10:00,4.3
2026-06-22 21:20:00,4.3
2026-06-22 21:30:00,4.3
2026-06-22 21:40:00,4.3
2026-06-22 21:50:00,4.3
2026-06-22 22:00:00,4.3
2026-06-22 22:10:00,4.3
2026-06-22 22:20:00,4.3
2026-06-22 22:30:00,4.3
2026-06-22 22:40:00,4.3
2026-06-22 22:50:00,4.3
2026-06-22 23:00:00,4.3
2026-06-22 23:10:00,4.3
2026-06-22 23:20:00,4.3
2026-06-22 23:30:00,4.3
2026-06-22 23:40:00,4.3
2026-06-22 23:50:00,4.3
2026-06-23 00:00:00,4.3
2026-06-23 00:10:00,4.3
2026-06-23 00:20:00,4.3
2026-06-23 00:30:00,4.3
2026-06-23 00:40:00,4.3
2026-06-23 00:50:00,4.3
2026-06-23 01:00:00,4.3
2026-06-23 01:10:00,4.3
2026-06-23 01:20:00,4.3
2026-06-23 01:30:00,4.3
2026-06-23 01:40:00,4.3
2026-06-23 01:50:00,4.3
2026-06-23 02:00:00,4.3
2026-06-23 02:10:00,4.3
2026-06-23 02:20:00,4.3
2026-06-23 02:30:00,4.3
2026-06-23 02:40:00,4.3
2026-06-23 02:50:00,4.3
2026-06-23 03:00:00,4.3
2026-06-23 03:10:00,4.3
2026-06-23 03:20:00,4.3
2026-06-23 03:30:00,4.3
2026-06-23 03:40:00,4.3
2026-06-23 03:50:00,4.3
2026-06-23 04:00:00,4.3
2026-06-23 04:10:00,4.3
2026-06-23 04:20:00,4.3
2026-06-23 04:30:00,4.3
2026-06-23 04:40:00,4.3
2026-06-23 04:50:00,4.3
2026-06-23 05:00:00,5.033333333333333
2026-06-23 05:10:00,17.25
2026-06-23 05:20:00,69.53333333333335
2026-06-23 05:30:00,157
2026-06-23 05:40:00,288.1333333333333
2026-06-23 05:50:00,441.9
2026-06-23 06:00:00,587.05
2026-06-23 06:10:00,885.2333333333332
2026-06-23 06:20:00,1396.65
2026-06-23 06:30:00,2120.9666666666667
2026-06-23 06:40:00,2713.8
2026-06-23 06:50:00,2967.5333333333333
2026-06-23 07:00:00,2986.95
2026-06-23 07:10:00,2966.1333333333337
2026-06-23 07:20:00,3067.55
2026-06-23 07:30:00,3548.866666666667
2026-06-23 07:40:00,4061.05
2026-06-23 07:50:00,4379.666666666667
2026-06-23 08:00:00,4238.45
2026-06-23 08:10:00,3451.366666666667
2026-06-23 08:20:00,2788
2026-06-23 08:30:00,2504.5
2026-06-23 08:40:00,2447.15
2026-06-23 08:50:00,2413.4666666666667
2026-06-23 09:00:00,2346.1
2026-06-23 09:10:00,2604.866666666667
2026-06-23 09:20:00,3181.5
2026-06-23 09:30:00,3526.6666666666665
2026-06-23 09:40:00,3413.75
2026-06-23 09:50:00,3551.0333333333333
2026-06-23 10:00:00,4011.55
2026-06-23 10:10:00,5365.233333333334
2026-06-23 10:20:00,7306
2026-06-23 10:30:00,9577.133333333333
2026-06-23 10:40:00,9810.099999999999
2026-06-23 10:50:00,9775
2026-06-23 11:00:00,9195.099999999999
2026-06-23 11:10:00,10797.166666666666
2026-06-23 11:20:00,10576.75
2026-06-23 11:30:00,11860.166666666666
2026-06-23 11:40:00,11285.3
2026-06-23 11:50:00,12016.433333333334
2026-06-23 12:00:00,12342.25
2026-06-23 12:10:00,15045.633333333333
2026-06-23 12:20:00,9835.9
2026-06-23 12:30:00,8263.966666666667
2026-06-23 12:40:00,10904.650000000001
2026-06-23 12:50:00,13548.933333333334
2026-06-23 13:00:00,15808.65
2026-06-23 13:10:00,14701.566666666666
2026-06-23 13:20:00,13833.5
2026-06-23 13:30:00,15831.233333333332
2026-06-23 13:40:00,15066.8
2026-06-23 13:50:00,11906.033333333333
2026-06-23 14:00:00,12528.25
2026-06-23 14:10:00,10519.733333333334
2026-06-23 14:20:00,12826.05
2026-06-23 14:30:00,12653.633333333331
2026-06-23 14:40:00,9866.05
2026-06-23 14:50:00,8947.1
2026-06-23 15:00:00,8094.15
2026-06-23 15:10:00,5233.333333333333
2026-06-23 15:20:00,4411.55
2026-06-23 15:30:00,3411.9666666666667
2026-06-23 15:40:00,2627.8
2026-06-23 15:50:00,2351.8
2026-06-23 16:00:00,2211.6499999999996
2026-06-23 16:10:00,1858.6666666666667
2026-06-23 16:20:00,1612.8
2026-06-23 16:30:00,1504.5666666666666
2026-06-23 16:40:00,1312.8
2026-06-23 16:50:00,1073.7333333333333
2026-06-23 17:00:00,719.3
2026-06-23 17:10:00,507.4666666666667
2026-06-23 17:20:00,426.85
2026-06-23 17:30:00,413.6000000000001
2026-06-23 17:40:00,348.35
2026-06-23 17:50:00,201.05
2026-06-23 18:00:00,78.13333333333333
2026-06-23 18:10:00,27.950000000000003
2026-06-23 18:20:00,6.466666666666668
2026-06-23 18:30:00,2.2
2026-06-23 18:40:00,2.2
2026-06-23 18:50:00,2.2
2026-06-23 19:00:00,2.2
2026-06-23 19:10:00,2.2
2026-06-23 19:20:00,2.2
2026-06-23 19:30:00,2.2
2026-06-23 19:40:00,2.2
2026-06-23 19:50:00,2.2
2026-06-23 20:00:00,2.2
2026-06-23 20:10:00,2.2
2026-06-23 20:20:00,2.2
2026-06-23 20:30:00,2.2
2026-06-23 20:40:00,2.2
2026-06-23 20:50:00,2.2
2026-06-23 21:00:00,2.2
2026-06-23 21:10:00,2.2
2026-06-23 21:20:00,2.2
2026-06-23 21:30:00,2.2
2026-06-23 21:40:00,2.2
2026-06-23 21:50:00,2.2
2026-06-23 22:00:00,2.2
2026-06-23 22:10:00,2.2
2026-06-23 22:20:00,2.2
2026-06-23 22:30:00,2.2
2026-06-23 22:40:00,2.2
2026-06-23 22:50:00,2.2
2026-06-23 23:00:00,2.2
2026-06-23 23:10:00,2.2
2026-06-23 23:20:00,2.2
2026-06-23 23:30:00,2.2
2026-06-23 23:40:00,2.2
2026-06-23 23:50:00,2.2
2026-06-24 00:00:00,2.2
2026-06-24 00:10:00,2.2
2026-06-24 00:20:00,2.2
2026-06-24 00:30:00,2.2
2026-06-24 00:40:00,2.2
2026-06-24 00:50:00,2.2
2026-06-24 01:00:00,2.2
2026-06-24 01:10:00,2.2
2026-06-24 01:20:00,2.2
2026-06-24 01:30:00,2.2
2026-06-24 01:40:00,2.2
2026-06-24 01:50:00,2.2
2026-06-24 02:00:00,2.2
2026-06-24 02:10:00,2.2
2026-06-24 02:20:00,2.2
2026-06-24 02:30:00,2.2
2026-06-24 02:40:00,2.2
2026-06-24 02:50:00,2.2
2026-06-24 03:00:00,2.2
2026-06-24 03:10:00,2.2
2026-06-24 03:20:00,2.2
2026-06-24 03:30:00,2.2
2026-06-24 03:40:00,2.2
2026-06-24 03:50:00,2.2
2026-06-24 04:00:00,2.2
2026-06-24 04:10:00,2.2
2026-06-24 04:20:00,2.2
2026-06-24 04:30:00,2.2
2026-06-24 04:40:00,2.2
2026-06-24 04:50:00,2.2
2026-06-24 05:00:00,4.333333333333333
2026-06-24 05:10:00,19.35
2026-06-24 05:20:00,88.2
2026-06-24 05:30:00,205.35000000000002
2026-06-24 05:40:00,608.5666666666666
2026-06-24 05:50:00,1242.9499999999998
2026-06-24 06:00:00,1890.1999999999998
2026-06-24 06:10:00,3343.1666666666665
2026-06-24 06:20:00,4344.85
2026-06-24 06:30:00,4866.333333333333
2026-06-24 06:40:00,5540.5
2026-06-24 06:50:00,6356.566666666666
2026-06-24 07:00:00,7030.700000000001
2026-06-24 07:10:00,5777.400000000001
2026-06-24 07:20:00,2794.45
2026-06-24 07:30:00,2527.4333333333334
2026-06-24 07:40:00,2400.9
2026-06-24 07:50:00,3492.2333333333336
2026-06-24 08:00:00,5074.95
2026-06-24 08:10:00,10916.833333333334
2026-06-24 08:20:00,11530.45
2026-06-24 08:30:00,12108.199999999999
2026-06-24 08:40:00,12526.05
2026-06-24 08:50:00,13170.466666666665
2026-06-24 09:00:00,14572.2
2026-06-24 09:10:00,15378.55
2026-06-24 09:20:00,10390.7
2026-06-24 09:30:00,14966.8
2026-06-24 09:40:00,12591.266666666668
2026-06-24 09:50:00,16002.2
2026-06-24 10:00:00,14402.666666666666
2026-06-24 10:10:00,10169.25
2026-06-24 10:20:00,13389.1
2026-06-24 10:30:00,16476.35
2026-06-24 10:40:00,13456.466666666665
2026-06-24 10:50:00,16632.25
2026-06-24 11:00:00,14381.866666666669
2026-06-24 11:10:00,12525
2026-06-24 11:20:00,11468.799999999997
2026-06-24 11:30:00,13367.95
2026-06-24 11:40:00,17113.600000000002
2026-06-24 11:50:00,16630.1
2026-06-24 12:00:00,17122.166666666668
2026-06-24 12:10:00,15217.300000000001
2026-06-24 12:20:00,15081.466666666667
2026-06-24 12:30:00,16434.4
2026-06-24 12:40:00,16854.833333333332
2026-06-24 12:50:00,12254.05
2026-06-24 13:00:00,16750.2
2026-06-24 13:10:00,15851.7
2026-06-24 13:20:00,15840.566666666666
2026-06-24 13:30:00,15504.4
2026-06-24 13:40:00,14903.699999999999
2026-06-24 13:50:00,14245.35
2026-06-24 14:00:00,13960.4
2026-06-24 14:10:00,13433.55
2026-06-24 14:20:00,13140.366666666667
2026-06-24 14:30:00,12735.75
2026-06-24 14:40:00,12306.033333333333
2026-06-24 14:50:00,11851.95
2026-06-24 15:00:00,11544.799999999997
2026-06-24 15:10:00,10904.65
2026-06-24 15:20:00,10251.699999999999
2026-06-24 15:30:00,10347.7
2026-06-24 15:40:00,10211.533333333333
2026-06-24 15:50:00,7215.65
2026-06-24 16:00:00,8309.866666666667
2026-06-24 16:10:00,7624.200000000001
2026-06-24 16:20:00,4885.7
2026-06-24 16:30:00,1789.1
2026-06-24 16:40:00,1452.2333333333333
2026-06-24 16:50:00,1289.15
2026-06-24 17:00:00,1276.25
2026-06-24 17:10:00,1312.4666666666665
2026-06-24 17:20:00,1306.4
2026-06-24 17:30:00,1111.7666666666667
2026-06-24 17:40:00,873.05
2026-06-24 17:50:00,623.6333333333333
2026-06-24 18:00:00,276.3
2026-06-24 18:10:00,73.86666666666666
2026-06-24 18:20:00,10.8
2026-06-24 18:30:00,0.7333333333333334
2026-06-24 18:40:00,0
2026-06-24 18:50:00,0
2026-06-24 19:00:00,0
2026-06-24 19:10:00,0
2026-06-24 19:20:00,0
2026-06-24 19:30:00,0
2026-06-24 19:40:00,0
2026-06-24 19:50:00,0
2026-06-24 20:00:00,0
2026-06-24 20:10:00,0
2026-06-24 20:20:00,0
2026-06-24 20:30:00,0
2026-06-24 20:40:00,0
2026-06-24 20:50:00,0
2026-06-24 21:00:00,0
2026-06-24 21:10:00,0
2026-06-24 21:20:00,0
2026-06-24 21:30:00,0
2026-06-24 21:40:00,0
2026-06-24 21:50:00,0
2026-06-24 22:00:00,0
2026-06-24 22:10:00,0
2026-06-24 22:20:00,0
2026-06-24 22:30:00,0
2026-06-24 22:40:00,0
2026-06-24 22:50:00,0
2026-06-24 23:00:00,0
2026-06-24 23:10:00,0
2026-06-24 23:20:00,0
2026-06-24 23:30:00,0
2026-06-24 23:40:00,0
2026-06-24 23:50:00,0
2026-06-25 00:00:00,0
2026-06-25 00:10:00,0
2026-06-25 00:20:00,0
2026-06-25 00:30:00,0
2026-06-25 00:40:00,0
2026-06-25 00:50:00,0
2026-06-25 01:00:00,0
2026-06-25 01:10:00,0
2026-06-25 01:20:00,0
2026-06-25 01:30:00,0
2026-06-25 01:40:00,0
2026-06-25 01:50:00,0
2026-06-25 02:00:00,0
2026-06-25 02:10:00,0
2026-06-25 02:20:00,0
2026-06-25 02:30:00,0
2026-06-25 02:40:00,0
2026-06-25 02:50:00,0
2026-06-25 03:00:00,0
2026-06-25 03:10:00,0
2026-06-25 03:20:00,0
2026-06-25 03:30:00,0
2026-06-25 03:40:00,0
2026-06-25 03:50:00,0
2026-06-25 04:00:00,0
2026-06-25 04:10:00,0
2026-06-25 04:20:00,0
2026-06-25 04:30:00,0
2026-06-25 04:40:00,0
2026-06-25 04:50:00,0
2026-06-25 05:00:00,0.7333333333333334
2026-06-25 05:10:00,17.2
2026-06-25 05:20:00,107.53333333333335
2026-06-25 05:30:00,299.95000000000005
2026-06-25 05:40:00,608.5666666666666
2026-06-25 05:50:00,1085.95
2026-06-25 06:00:00,2075.8333333333335
2026-06-25 06:10:00,2920.25
2026-06-25 06:20:00,3856.3666666666663
2026-06-25 06:30:00,4761
2026-06-25 06:40:00,5279.233333333333
2026-06-25 06:50:00,6023.25
2026-06-25 07:00:00,6674.133333333334
2026-06-25 07:10:00,7467.25
2026-06-25 07:20:00,8129.966666666667
2026-06-25 07:30:00,9171.45
2026-06-25 07:40:00,8115.599999999999
2026-06-25 07:50:00,8256.5
2026-06-25 08:00:00,9424.5
2026-06-25 08:10:00,11361.65
2026-06-25 08:20:00,11949.066666666666
2026-06-25 08:30:00,12422.849999999999
2026-06-25 08:40:00,13055.800000000001
2026-06-25 08:50:00,13276.55
2026-06-25 09:00:00,13526.733333333332
2026-06-25 09:10:00,13870.05
2026-06-25 09:20:00,13981.9
2026-06-25 09:30:00,14035.650000000001
2026-06-25 09:40:00,14331
2026-06-25 09:50:00,14602.3
2026-06-25 10:00:00,15164.633333333331
2026-06-25 10:10:00,15299.05
2026-06-25 10:20:00,15297.9
2026-06-25 10:30:00,15515.15
2026-06-25 10:40:00,15811.9
2026-06-25 10:50:00,14985.05
2026-06-25 11:00:00,15805.433333333334
2026-06-25 11:10:00,15829.05
2026-06-25 11:20:00,15884.300000000001
2026-06-25 11:30:00,15963.5
2026-06-25 11:40:00,15900.066666666668
2026-06-25 11:50:00,15868.85
2026-06-25 12:00:00,15839.866666666667
2026-06-25 12:10:00,15824.8
2026-06-25 12:20:00,15577.5
2026-06-25 12:30:00,15636.599999999999
2026-06-25 12:40:00,15686.466666666667
2026-06-25 12:50:00,15647.400000000001
2026-06-25 13:00:00,15796.1
2026-06-25 13:10:00,15395.8
2026-06-25 13:20:00,15428.400000000001
2026-06-25 13:30:00,15025.9
2026-06-25 13:40:00,15062.133333333331
2026-06-25 13:50:00,15516.2
2026-06-25 14:00:00,14858.566666666666
2026-06-25 14:10:00,13081.95
2026-06-25 14:20:00,12056.6
2026-06-25 14:30:00,11457.3
2026-06-25 14:40:00,10501.8
2026-06-25 14:50:00,12373.400000000001
2026-06-25 15:00:00,11810
2026-06-25 15:10:00,11419.7
2026-06-25 15:20:00,11143.366666666669
2026-06-25 15:30:00,9969.25
2026-06-25 15:40:00,9638.8
2026-06-25 15:50:00,8931.7
2026-06-25 16:00:00,6988.8
2026-06-25 16:10:00,7309.200000000001
2026-06-25 16:20:00,7036.1
2026-06-25 16:30:00,5282.133333333334
2026-06-25 16:40:00,3091.2
2026-06-25 16:50:00,3746.7000000000003
2026-06-25 17:00:00,2542.85
2026-06-25 17:10:00,2328.1666666666665
2026-06-25 17:20:00,1832.15
2026-06-25 17:30:00,1499.5333333333335
2026-06-25 17:40:00,1072
2026-06-25 17:50:00,644.4333333333333
2026-06-25 18:00:00,215.04999999999998
2026-06-25 18:10:00,77.43333333333334
2026-06-25 18:20:00,16.15
2026-06-25 18:30:00,5.033333333333334
2026-06-25 18:40:00,4.3
2026-06-25 18:50:00,4.3
2026-06-25 19:00:00,4.3
2026-06-25 19:10:00,4.3
2026-06-25 19:20:00,4.3
2026-06-25 19:30:00,4.3
2026-06-25 19:40:00,4.3
2026-06-25 19:50:00,4.3
2026-06-25 20:00:00,4.3
2026-06-25 20:10:00,4.3
2026-06-25 20:20:00,4.3
2026-06-25 20:30:00,4.3
2026-06-25 20:40:00,4.3
2026-06-25 20:50:00,4.3
2026-06-25 21:00:00,4.3
2026-06-25 21:10:00,4.3
2026-06-25 21:20:00,4.3
2026-06-25 21:30:00,4.3
2026-06-25 21:40:00,4.3
2026-06-25 21:50:00,4.3
2026-06-25 22:00:00,4.3
2026-06-25 22:10:00,4.3
2026-06-25 22:20:00,4.3
2026-06-25 22:30:00,4.3
2026-06-25 22:40:00,4.3
2026-06-25 22:50:00,4.3
2026-06-25 23:00:00,4.3
2026-06-25 23:10:00,4.3
2026-06-25 23:20:00,4.3
2026-06-25 23:30:00,4.3
2026-06-25 23:40:00,4.3
2026-06-25 23:50:00,4.3
2026-06-26 00:00:00,4.3
2026-06-26 00:10:00,4.3
2026-06-26 00:20:00,4.3
2026-06-26 00:30:00,4.3
2026-06-26 00:40:00,4.3
2026-06-26 00:50:00,4.3
2026-06-26 01:00:00,4.3
2026-06-26 01:10:00,4.3
2026-06-26 01:20:00,4.3
2026-06-26 01:30:00,4.3
2026-06-26 01:40:00,4.3
2026-06-26 01:50:00,4.3
2026-06-26 02:00:00,4.3
2026-06-26 02:10:00,4.3
2026-06-26 02:20:00,4.3
2026-06-26 02:30:00,4.3
2026-06-26 02:40:00,4.3
2026-06-26 02:50:00,4.3
2026-06-26 03:00:00,4.3
2026-06-26 03:10:00,4.3
2026-06-26 03:20:00,4.3
2026-06-26 03:30:00,4.3
2026-06-26 03:40:00,4.3
2026-06-26 03:50:00,4.3
2026-06-26 04:00:00,4.3
2026-06-26 04:10:00,4.3
2026-06-26 04:20:00,4.3
2026-06-26 04:30:00,4.3
2026-06-26 04:40:00,4.3
2026-06-26 04:50:00,4.3
2026-06-26 05:00:00,4.3
2026-06-26 05:10:00,9.7
2026-06-26 05:20:00,45.9
2026-06-26 05:30:00,124.75
2026-06-26 05:40:00,265.90000000000003
2026-06-26 05:50:00,424.7
2026-06-26 06:00:00,587.0666666666667
2026-06-26 06:10:00,734.35
2026-06-26 06:20:00,904.6
2026-06-26 06:30:00,1142.9499999999998
2026-06-26 06:40:00,1470.1333333333332
2026-06-26 06:50:00,1955.8
2026-06-26 07:00:00,2734.566666666667
2026-06-26 07:10:00,3881.45
2026-06-26 07:20:00,4652
2026-06-26 07:30:00,6572.7
2026-06-26 07:40:00,8620.233333333332
2026-06-26 07:50:00,9639.150000000001
2026-06-26 08:00:00,10308.3
2026-06-26 08:10:00,11379.900000000001
2026-06-26 08:20:00,11719.699999999999
2026-06-26 08:30:00,11686.349999999999
2026-06-26 08:40:00,12267.299999999997
2026-06-26 08:50:00,12900.25
2026-06-26 09:00:00,11787.4
2026-06-26 09:10:00,12595.95
2026-06-26 09:20:00,12683.033333333333
2026-06-26 09:30:00,12748.599999999999
2026-06-26 09:40:00,12182.033333333333
2026-06-26 09:50:00,11397.1
2026-06-26 10:00:00,10736.966666666667
2026-06-26 10:10:00,12169.15
2026-06-26 10:20:00,9829.466666666665
2026-06-26 10:30:00,9205.85
2026-06-26 10:40:00,13540.366666666669
2026-06-26 10:50:00,14146.400000000001
2026-06-26 11:00:00,13285.199999999999
2026-06-26 11:10:00,15867.8
2026-06-26 11:20:00,16257.033333333333
2026-06-26 11:30:00,15969.9
2026-06-26 11:40:00,15221.233333333332
2026-06-26 11:50:00,12692.7
2026-06-26 12:00:00,14761.066666666666
2026-06-26 12:10:00,14325.95
2026-06-26 12:20:00,14355.333333333334
2026-06-26 12:30:00,14350.7
2026-06-26 12:40:00,13493.033333333333
2026-06-26 12:50:00,11983.1
2026-06-26 13:00:00,11987.766666666668
2026-06-26 13:10:00,14510.900000000001
2026-06-26 13:20:00,14872.166666666666
2026-06-26 13:30:00,9651
2026-06-26 13:40:00,13743.9
2026-06-26 13:50:00,10985.35
2026-06-26 14:00:00,11840.1
2026-06-26 14:10:00,13265.8
2026-06-26 14:20:00,13486.6
2026-06-26 14:30:00,11340.150000000001
2026-06-26 14:40:00,12541.133333333333
2026-06-26 14:50:00,12115.35
2026-06-26 15:00:00,11455.166666666666
2026-06-26 15:10:00,7189.849999999999
2026-06-26 15:20:00,8773.633333333333
2026-06-26 15:30:00,9972.45
2026-06-26 15:40:00,9704.733333333334
2026-06-26 15:50:00,9499.400000000001
2026-06-26 16:00:00,9422.333333333334
2026-06-26 16:10:00,9623.05
2026-06-26 16:20:00,9119.866666666667
2026-06-26 16:30:00,7216.75
2026-06-26 16:40:00,5431.933333333333
2026-06-26 16:50:00,3596.55
2026-06-26 17:00:00,3170.75
2026-06-26 17:10:00,2539.633333333333
2026-06-26 17:20:00,1878.4
2026-06-26 17:30:00,1400.6000000000001
2026-06-26 17:40:00,1368.75
2026-06-26 17:50:00,1074.5
2026-06-26 18:00:00,452.65
2026-06-26 18:10:00,151.26666666666668
2026-06-26 18:20:00,7.55
2026-06-26 18:30:00,4.3
2026-06-26 18:40:00,4.3
2026-06-26 18:50:00,4.3
2026-06-26 19:00:00,4.3
2026-06-26 19:10:00,4.3
2026-06-26 19:20:00,4.3
2026-06-26 19:30:00,4.3
2026-06-26 19:40:00,4.3
2026-06-26 19:50:00,4.3
2026-06-26 20:00:00,4.3
2026-06-26 20:10:00,4.3
2026-06-26 20:20:00,4.3
2026-06-26 20:30:00,3.6
2026-06-26 20:40:00,4.3
2026-06-26 20:50:00,2.2
2026-06-26 21:00:00,2.2
2026-06-26 21:10:00,4.3
2026-06-26 21:20:00,4.3
2026-06-26 21:30:00,4.3
2026-06-26 21:40:00,4.3
2026-06-26 21:50:00,3.6
2026-06-26 22:00:00,2.2
2026-06-26 22:10:00,2.2
2026-06-26 22:20:00,2.2
2026-06-26 22:30:00,3.6
2026-06-26 22:40:00,4.3
2026-06-26 22:50:00,4.3
2026-06-26 23:00:00,4.3
2026-06-26 23:10:00,4.3
2026-06-26 23:20:00,4.3
2026-06-26 23:30:00,4.3
2026-06-26 23:40:00,4.3
2026-06-26 23:50:00,4.3
2026-06-27 00:00:00,4.3
2026-06-27 00:10:00,4.3
2026-06-27 00:20:00,4.3
2026-06-27 00:30:00,4.3
2026-06-27 00:40:00,4.3
2026-06-27 00:50:00,4.3
2026-06-27 01:00:00,4.3
2026-06-27 01:10:00,4.3
2026-06-27 01:20:00,4.3
2026-06-27 01:30:00,4.3
2026-06-27 01:40:00,3.25
2026-06-27 01:50:00,4.3
2026-06-27 02:00:00,4.3
2026-06-27 02:10:00,4.3
2026-06-27 02:20:00,4.3
2026-06-27 02:30:00,4.3
2026-06-27 02:40:00,4.3
2026-06-27 02:50:00,4.3
2026-06-27 03:00:00,4.3
2026-06-27 03:10:00,4.3
2026-06-27 03:20:00,4.3
2026-06-27 03:30:00,4.3
2026-06-27 03:40:00,4.3
2026-06-27 03:50:00,4.3
2026-06-27 04:00:00,3.25
2026-06-27 04:10:00,2.2
2026-06-27 04:20:00,2.9
2026-06-27 04:30:00,2.2
2026-06-27 04:40:00,3.6
2026-06-27 04:50:00,3.25
2026-06-27 05:00:00,4.3
2026-06-27 05:10:00,10.8
2026-06-27 05:20:00,68.10000000000001
2026-06-27 05:30:00,194.60000000000002
2026-06-27 05:40:00,352.7
2026-06-27 05:50:00,513.95
2026-06-27 06:00:00,1007.0666666666666
2026-06-27 06:10:00,1893.4
2026-06-27 06:20:00,2596.266666666667
2026-06-27 06:30:00,3244.95
2026-06-27 06:40:00,2055.7666666666664
2026-06-27 06:50:00,5595.35
2026-06-27 07:00:00,4850.566666666667
2026-06-27 07:10:00,2824.55
2026-06-27 07:20:00,2679.366666666667
2026-06-27 07:30:00,4107.25
2026-06-27 07:40:00,7644.666666666667
2026-06-27 07:50:00,9249.900000000001
2026-06-27 08:00:00,5302.2
2026-06-27 08:10:00,13376.6
2026-06-27 08:20:00,10734.066666666666
2026-06-27 08:30:00,13184.05
2026-06-27 08:40:00,13361.133333333333
2026-06-27 08:50:00,7296.299999999999
2026-06-27 09:00:00,10500.4
2026-06-27 09:10:00,11918.6
2026-06-27 09:20:00,8978.666666666666
2026-06-27 09:30:00,13693.75
2026-06-27 09:40:00,14252.133333333331
2026-06-27 09:50:00,15602.2
2026-06-27 10:00:00,14660
2026-06-27 10:10:00,12726.05
2026-06-27 10:20:00,11397.833333333334
2026-06-27 10:30:00,16125.85
2026-06-27 10:40:00,14249.266666666665
2026-06-27 10:50:00,14368.949999999999
2026-06-27 11:00:00,12660.133333333333
2026-06-27 11:10:00,7836.049999999999
2026-06-27 11:20:00,8724.166666666666
2026-06-27 11:30:00,15092.599999999999
2026-06-27 11:40:00,7866.166666666667
2026-06-27 11:50:00,5778.1
2026-06-27 12:00:00,7128.599999999999
2026-06-27 12:10:00,6760.85
2026-06-27 12:20:00,7389.5
2026-06-27 12:30:00,8525.25
2026-06-27 12:40:00,17125.066666666666
2026-06-27 12:50:00,17824.65
2026-06-27 13:00:00,15005.5
2026-06-27 13:10:00,14370.05
2026-06-27 13:20:00,12070.9
2026-06-27 13:30:00,12437.9
2026-06-27 13:40:00,13241.433333333334
2026-06-27 13:50:00,13830.3
2026-06-27 14:00:00,12616.4
2026-06-27 14:10:00,13276.599999999999
2026-06-27 14:20:00,14020.6
2026-06-27 14:30:00,13652.9
2026-06-27 14:40:00,13152.566666666666
2026-06-27 14:50:00,12060.5
2026-06-27 15:00:00,10749.133333333333
2026-06-27 15:10:00,9599.4
2026-06-27 15:20:00,9584.333333333334
2026-06-27 15:30:00,7053.35
2026-06-27 15:40:00,10514.733333333334
2026-06-27 15:50:00,9714.400000000001
2026-06-27 16:00:00,9469.3
2026-06-27 16:10:00,7983.7
2026-06-27 16:20:00,7587.65
2026-06-27 16:30:00,6791.7
2026-06-27 16:40:00,5972.75
2026-06-27 16:50:00,2968.2666666666664
2026-06-27 17:00:00,2336.3999999999996
2026-06-27 17:10:00,2051.5
2026-06-27 17:20:00,1820.3000000000002
2026-06-27 17:30:00,1407.0666666666666
2026-06-27 17:40:00,905.3
2026-06-27 17:50:00,440.8666666666666
2026-06-27 18:00:00,206.45
2026-06-27 18:10:00,73.13333333333334
2026-06-27 18:20:00,15.1
2026-06-27 18:30:00,5.033333333333334
2026-06-27 18:40:00,4.3
2026-06-27 18:50:00,4.3
2026-06-27 19:00:00,4.3
2026-06-27 19:10:00,4.3
2026-06-27 19:20:00,4.3
2026-06-27 19:30:00,4.3
2026-06-27 19:40:00,4.3
2026-06-27 19:50:00,4.3
2026-06-27 20:00:00,4.3
2026-06-27 20:10:00,4.3
2026-06-27 20:20:00,4.3
2026-06-27 20:30:00,4.3
2026-06-27 20:40:00,4.3
2026-06-27 20:50:00,4.3
2026-06-27 21:00:00,4.3
2026-06-27 21:10:00,4.3
2026-06-27 21:20:00,4.3
2026-06-27 21:30:00,4.3
2026-06-27 21:40:00,4.3
2026-06-27 21:50:00,4.3
2026-06-27 22:00:00,4.3
2026-06-27 22:10:00,4.3
2026-06-27 22:20:00,4.3
2026-06-27 22:30:00,4.3
2026-06-27 22:40:00,4.3
2026-06-27 22:50:00,4.3
2026-06-27 23:00:00,4.3
2026-06-27 23:10:00,4.3
2026-06-27 23:20:00,4.3
2026-06-27 23:30:00,4.3
2026-06-27 23:40:00,4.3
2026-06-27 23:50:00,4.3
2026-06-28 00:00:00,4.3
2026-06-28 00:10:00,4.3
2026-06-28 00:20:00,4.3
2026-06-28 00:30:00,4.3
2026-06-28 00:40:00,4.3
2026-06-28 00:50:00,4.3
2026-06-28 01:00:00,4.3
2026-06-28 01:10:00,4.3
2026-06-28 01:20:00,4.3
2026-06-28 01:30:00,4.3
2026-06-28 01:40:00,4.3
2026-06-28 01:50:00,4.3
2026-06-28 02:00:00,4.3
2026-06-28 02:10:00,4.3
2026-06-28 02:20:00,4.3
2026-06-28 02:30:00,4.3
2026-06-28 02:40:00,4.3
2026-06-28 02:50:00,4.3
2026-06-28 03:00:00,4.3
2026-06-28 03:10:00,4.3
2026-06-28 03:20:00,4.3
2026-06-28 03:30:00,4.3
2026-06-28 03:40:00,4.3
2026-06-28 03:50:00,4.3
2026-06-28 04:00:00,4.3
2026-06-28 04:10:00,4.3
2026-06-28 04:20:00,4.3
2026-06-28 04:30:00,4.3
2026-06-28 04:40:00,4.3
2026-06-28 04:50:00,4.3
2026-06-28 05:00:00,4.3
2026-06-28 05:10:00,16.15
2026-06-28 05:20:00,89.63333333333333
2026-06-28 05:30:00,266.65
2026-06-28 05:40:00,563.4333333333334
2026-06-28 05:50:00,962.3
2026-06-28 06:00:00,1721.0333333333335
2026-06-28 06:10:00,2454.7
2026-06-28 06:20:00,3221.2999999999997
2026-06-28 06:30:00,4063.15
2026-06-28 06:40:00,4863.5
2026-06-28 06:50:00,5646.950000000001
2026-06-28 07:00:00,6391.700000000001
2026-06-28 07:10:00,7114.6
2026-06-28 07:20:00,7779.433333333333
2026-06-28 07:30:00,8368.3
2026-06-28 07:40:00,9015.199999999999
2026-06-28 07:50:00,9599.4
2026-06-28 08:00:00,10225.166666666666
2026-06-28 08:10:00,10716.55
2026-06-28 08:20:00,11208.566666666666
2026-06-28 08:30:00,12350.8
2026-06-28 08:40:00,12176.300000000001
2026-06-28 08:50:00,12340.05
2026-06-28 09:00:00,12933.6
2026-06-28 09:10:00,12147.599999999999
2026-06-28 09:20:00,13275.833333333334
2026-06-28 09:30:00,13889.400000000001
2026-06-28 09:40:00,14340.266666666668
2026-06-28 09:50:00,14045.35
2026-06-28 10:00:00,14667.166666666666
2026-06-28 10:10:00,14802.3
2026-06-28 10:20:00,12549.033333333333
2026-06-28 10:30:00,14318.45
2026-06-28 10:40:00,15755.266666666668
2026-06-28 10:50:00,13845.35
2026-06-28 11:00:00,11288.166666666666
2026-06-28 11:10:00,10057.4
2026-06-28 11:20:00,13732.466666666667
2026-06-28 11:30:00,13410.949999999999
2026-06-28 11:40:00,10338.4
2026-06-28 11:50:00,8021
2026-06-28 12:00:00,11749.800000000001
2026-06-28 12:10:00,16236.6
2026-06-28 12:20:00,12940.366666666669
2026-06-28 12:30:00,11649.75
2026-06-28 12:40:00,13293.733333333332
2026-06-28 12:50:00,13204.55
2026-06-28 13:00:00,15467.066666666666
2026-06-28 13:10:00,14439.95
2026-06-28 13:20:00,14566.066666666666
2026-06-28 13:30:00,14653.900000000001
2026-06-28 13:40:00,14439.933333333334
2026-06-28 13:50:00,14130.3
2026-06-28 14:00:00,14302.266666666668
2026-06-28 14:10:00,13804.45
2026-06-28 14:20:00,12944.699999999999
2026-06-28 14:30:00,12640.05
2026-06-28 14:40:00,12211.4
2026-06-28 14:50:00,11860.55
2026-06-28 15:00:00,11366.300000000001
2026-06-28 15:10:00,10833.7
2026-06-28 15:20:00,10352.733333333332
2026-06-28 15:30:00,9773.6
2026-06-28 15:40:00,9392.95
2026-06-28 15:50:00,8704.833333333332
2026-06-28 16:00:00,8211.3
2026-06-28 16:10:00,7484.8
2026-06-28 16:20:00,6853.3
2026-06-28 16:30:00,6076.3
2026-06-28 16:40:00,5295.35
2026-06-28 16:50:00,2940.2999999999997
2026-06-28 17:00:00,2038.6
2026-06-28 17:10:00,1771.1999999999998
2026-06-28 17:20:00,1499.9
2026-06-28 17:30:00,1232.1666666666667
2026-06-28 17:40:00,919.3
2026-06-28 17:50:00,587.7666666666667
2026-06-28 18:00:00,277.4
2026-06-28 18:10:00,90.33333333333333
2026-06-28 18:20:00,16.15
2026-06-28 18:30:00,5.033333333333334
2026-06-28 18:40:00,4.3
2026-06-28 18:50:00,4.3
2026-06-28 19:00:00,4.3
2026-06-28 19:10:00,4.3
2026-06-28 19:20:00,4.3
2026-06-28 19:30:00,4.3
2026-06-28 19:40:00,4.3
2026-06-28 19:50:00,4.3
2026-06-28 20:00:00,4.3
2026-06-28 20:10:00,4.3
2026-06-28 20:20:00,4.3
2026-06-28 20:30:00,4.3
2026-06-28 20:40:00,4.3
2026-06-28 20:50:00,4.3
2026-06-28 21:00:00,4.3
2026-06-28 21:10:00,4.3
2026-06-28 21:20:00,4.3
2026-06-28 21:30:00,4.3
2026-06-28 21:40:00,4.3
2026-06-28 21:50:00,4.3
2026-06-28 22:00:00,4.3
2026-06-28 22:10:00,4.3
2026-06-28 22:20:00,4.3
2026-06-28 22:30:00,4.3
2026-06-28 22:40:00,4.3
2026-06-28 22:50:00,3.6
2026-06-28 23:00:00,4.3
2026-06-28 23:10:00,4.3
2026-06-28 23:20:00,4.3
2026-06-28 23:30:00,4.3
2026-06-28 23:40:00,4.3
2026-06-28 23:50:00,4.3
2026-06-29 00:00:00,4.3
2026-06-29 00:10:00,4.3
2026-06-29 00:20:00,4.3
2026-06-29 00:30:00,3.6
2026-06-29 00:40:00,4.3
2026-06-29 00:50:00,4.3
2026-06-29 01:00:00,4.3
2026-06-29 01:10:00,4.3
2026-06-29 01:20:00,4.3
2026-06-29 01:30:00,4.3
2026-06-29 01:40:00,4.3
2026-06-29 01:50:00,3.6
2026-06-29 02:00:00,4.3
2026-06-29 02:10:00,4.3
2026-06-29 02:20:00,4.3
2026-06-29 02:30:00,4.3
2026-06-29 02:40:00,4.3
2026-06-29 02:50:00,4.3
2026-06-29 03:00:00,4.3
2026-06-29 03:10:00,4.3
2026-06-29 03:20:00,4.3
2026-06-29 03:30:00,4.3
2026-06-29 03:40:00,4.3
2026-06-29 03:50:00,4.3
2026-06-29 04:00:00,4.3
2026-06-29 04:10:00,4.3
2026-06-29 04:20:00,4.3
2026-06-29 04:30:00,4.3
2026-06-29 04:40:00,4.3
2026-06-29 04:50:00,4.3
2026-06-29 05:00:00,5.033333333333333
2026-06-29 05:10:00,16.15
2026-06-29 05:20:00,73.86666666666666
2026-06-29 05:30:00,221.45
2026-06-29 05:40:00,535.4666666666667
2026-06-29 05:50:00,1108.5
2026-06-29 06:00:00,1577.6666666666667
2026-06-29 06:10:00,3291.2
2026-06-29 06:20:00,3399.033333333333
2026-06-29 06:30:00,4558.85
2026-06-29 06:40:00,2736
2026-06-29 06:50:00,4153.45
2026-06-29 07:00:00,7056.2
2026-06-29 07:10:00,7404.9
2026-06-29 07:20:00,8425.266666666666
2026-06-29 07:30:00,9103.7
2026-06-29 07:40:00,9840.2
2026-06-29 07:50:00,10373.55
2026-06-29 08:00:00,10626.566666666668
2026-06-29 08:10:00,11519.65
2026-06-29 08:20:00,12560.5
2026-06-29 08:30:00,10573.55
2026-06-29 08:40:00,13582.633333333333
2026-06-29 08:50:00,13246.45
2026-06-29 09:00:00,13148.966666666667
2026-06-29 09:10:00,13421.75
2026-06-29 09:20:00,13923.833333333334
2026-06-29 09:30:00,14006.65
2026-06-29 09:40:00,14481.5
2026-06-29 09:50:00,15052.8
2026-06-29 10:00:00,15715.833333333334
2026-06-29 10:10:00,13202.4
2026-06-29 10:20:00,11345.533333333333
2026-06-29 10:30:00,16091.45
2026-06-29 10:40:00,16010.433333333334
2026-06-29 10:50:00,15856
2026-06-29 11:00:00,15746.666666666666
2026-06-29 11:10:00,15939.85
2026-06-29 11:20:00,16350.199999999999
2026-06-29 11:30:00,15937.7
2026-06-29 11:40:00,16328
2026-06-29 11:50:00,16826.85
2026-06-29 12:00:00,11346.933333333334
2026-06-29 12:10:00,8445.7
2026-06-29 12:20:00,13269.4
2026-06-29 12:30:00,10632.650000000001
2026-06-29 12:40:00,16100.766666666668
2026-06-29 12:50:00,15890.4
2026-06-29 13:00:00,13025.699999999999
2026-06-29 13:10:00,10856.3
2026-06-29 13:20:00,14019.133333333333
2026-06-29 13:30:00,15690.35
2026-06-29 13:40:00,8455.366666666667
2026-06-29 13:50:00,9611.2
2026-06-29 14:00:00,11528.300000000001
2026-06-29 14:10:00,11471.3
2026-06-29 14:20:00,10322.633333333333
2026-06-29 14:30:00,11577.75
2026-06-29 14:40:00,10167.833333333334
2026-06-29 14:50:00,5979.200000000001
2026-06-29 15:00:00,10633.75
2026-06-29 15:10:00,11926.866666666667
2026-06-29 15:20:00,7038.3
2026-06-29 15:30:00,6071.3
2026-06-29 15:40:00,2314.8999999999996
2026-06-29 15:50:00,3186.2000000000003
2026-06-29 16:00:00,3704.1
2026-06-29 16:10:00,5074.933333333333
2026-06-29 16:20:00,5354.45
2026-06-29 16:30:00,4060.6666666666665
2026-06-29 16:40:00,7930.7
2026-06-29 16:50:00,5223.333333333333
2026-06-29 17:00:00,2641.75
2026-06-29 17:10:00,2090.9
2026-06-29 17:20:00,1548.3
2026-06-29 17:30:00,1268.7333333333333
2026-06-29 17:40:00,1260.15
2026-06-29 17:50:00,780.6
2026-06-29 18:00:00,246.2
2026-06-29 18:10:00,66.66666666666667
2026-06-29 18:20:00,14
2026-06-29 18:30:00,4.3
2026-06-29 18:40:00,4.3
2026-06-29 18:50:00,4.3
2026-06-29 19:00:00,3.25
2026-06-29 19:10:00,4.3
2026-06-29 19:20:00,4.3
2026-06-29 19:30:00,4.3
2026-06-29 19:40:00,4.3
2026-06-29 19:50:00,2.2
2026-06-29 20:00:00,2.2
2026-06-29 20:10:00,3.6
2026-06-29 20:20:00,3.25
2026-06-29 20:30:00,4.3
2026-06-29 20:40:00,4.3
2026-06-29 20:50:00,4.3
2026-06-29 21:00:00,4.3
2026-06-29 21:10:00,4.3
2026-06-29 21:20:00,4.3
2026-06-29 21:30:00,4.3
2026-06-29 21:40:00,4.3
2026-06-29 21:50:00,4.3
2026-06-29 22:00:00,4.3
2026-06-29 22:10:00,4.3
2026-06-29 22:20:00,4.3
2026-06-29 22:30:00,4.3
2026-06-29 22:40:00,4.3
2026-06-29 22:50:00,4.3
2026-06-29 23:00:00,4.3
2026-06-29 23:10:00,3.6
2026-06-29 23:20:00,4.3
2026-06-29 23:30:00,4.3
2026-06-29 23:40:00,4.3
2026-06-29 23:50:00,4.3
2026-06-30 00:00:00,4.3
2026-06-30 00:10:00,4.3
2026-06-30 00:20:00,4.3
2026-06-30 00:30:00,4.3
2026-06-30 00:40:00,4.3
2026-06-30 00:50:00,4.3
2026-06-30 01:00:00,4.3
2026-06-30 01:10:00,4.3
2026-06-30 01:20:00,4.3
2026-06-30 01:30:00,4.3
2026-06-30 01:40:00,4.3
2026-06-30 01:50:00,4.3
2026-06-30 02:00:00,4.3
2026-06-30 02:10:00,4.3
2026-06-30 02:20:00,4.3
2026-06-30 02:30:00,4.3
2026-06-30 02:40:00,4.3
2026-06-30 02:50:00,4.3
2026-06-30 03:00:00,4.3
2026-06-30 03:10:00,4.3
2026-06-30 03:20:00,4.3
2026-06-30 03:30:00,4.3
2026-06-30 03:40:00,4.3
2026-06-30 03:50:00,2.2
2026-06-30 04:00:00,2.2
2026-06-30 04:10:00,2.2
2026-06-30 04:20:00,2.9
2026-06-30 04:30:00,2.2
2026-06-30 04:40:00,3.6
2026-06-30 04:50:00,4.3
2026-06-30 05:00:00,5.033333333333333
2026-06-30 05:10:00,14
2026-06-30 05:20:00,78.86666666666667
2026-06-30 05:30:00,194.6
2026-06-30 05:40:00,389.23333333333335
2026-06-30 05:50:00,668.75
2026-06-30 06:00:00,1047.2333333333333
2026-06-30 06:10:00,1910.6
2026-06-30 06:20:00,3746
2026-06-30 06:30:00,4182.5
2026-06-30 06:40:00,4773.166666666667
2026-06-30 06:50:00,5780.299999999999
2026-06-30 07:00:00,6784.466666666667
2026-06-30 07:10:00,7689.85
2026-06-30 07:20:00,8197.333333333334
2026-06-30 07:30:00,9044.6
2026-06-30 07:40:00,9337.066666666668
2026-06-30 07:50:00,9820.9
2026-06-30 08:00:00,10899.666666666668
2026-06-30 08:10:00,11556.25
2026-06-30 08:20:00,11960.5
2026-06-30 08:30:00,13061.55
2026-06-30 08:40:00,13331.766666666668
2026-06-30 08:50:00,13413.099999999999
2026-06-30 09:00:00,14185.099999999999
2026-06-30 09:10:00,10266.05
2026-06-30 09:20:00,11031.566666666666
2026-06-30 09:30:00,11655.150000000001
2026-06-30 09:40:00,7265.466666666667
2026-06-30 09:50:00,6692.049999999999
2026-06-30 10:00:00,7341.466666666667
2026-06-30 10:10:00,8677.900000000001
2026-06-30 10:20:00,8182.999999999999
2026-06-30 10:30:00,10282.099999999999
2026-06-30 10:40:00,15579.633333333333
2026-06-30 10:50:00,15793.6
2026-06-30 11:00:00,11369.9
2026-06-30 11:10:00,9171.45
2026-06-30 11:20:00,8517.733333333332
2026-06-30 11:30:00,7936.049999999999
2026-06-30 11:40:00,13552.533333333333
2026-06-30 11:50:00,15363.5
2026-06-30 12:00:00,9856.699999999999
2026-06-30 12:10:00,10606.85
2026-06-30 12:20:00,13051.5
2026-06-30 12:30:00,16387.15
2026-06-30 12:40:00,13748.199999999999
2026-06-30 12:50:00,7973.7
2026-06-30 13:00:00,12776.933333333334
2026-06-30 13:10:00,14305.55
2026-06-30 13:20:00,9739.9
2026-06-30 13:30:00,8701.6
2026-06-30 13:40:00,10777.066666666666
2026-06-30 13:50:00,14486.15
2026-06-30 14:00:00,12964.033333333333
2026-06-30 14:10:00,11490.65
2026-06-30 14:20:00,13470.833333333334
2026-06-30 14:30:00,13518.5
2026-06-30 14:40:00,12882.333333333334
2026-06-30 14:50:00,12276.650000000001
2026-06-30 15:00:00,11493.166666666666
2026-06-30 15:10:00,11361.650000000001
2026-06-30 15:20:00,10918.266666666668
2026-06-30 15:30:00,6835.05
2026-06-30 15:40:00,3267.5
2026-06-30 15:50:00,5348.066666666667
2026-06-30 16:00:00,5363.1
2026-06-30 16:10:00,3555.3333333333335
2026-06-30 16:20:00,5993.15
2026-06-30 16:30:00,6895.599999999999
2026-06-30 16:40:00,4873.9
2026-06-30 16:50:00,3487.9666666666667
2026-06-30 17:00:00,2049.3500000000004
2026-06-30 17:10:00,1587
2026-06-30 17:20:00,1338.6
2026-06-30 17:30:00,1174.8333333333333
2026-06-30 17:40:00,923.5999999999999
2026-06-30 17:50:00,575.6
2026-06-30 18:00:00,226.9
2026-06-30 18:10:00,70.26666666666667
2026-06-30 18:20:00,14
2026-06-30 18:30:00,4.3
2026-06-30 18:40:00,3.25
2026-06-30 18:50:00,2.9
2026-06-30 19:00:00,3.25
2026-06-30 19:10:00,4.3
2026-06-30 19:20:00,2.2
2026-06-30 19:30:00,3.6
2026-06-30 19:40:00,2.2
2026-06-30 19:50:00,3.6
2026-06-30 20:00:00,4.3
2026-06-30 20:10:00,2.9
2026-06-30 20:20:00,4.3
2026-06-30 20:30:00,3.6
2026-06-30 20:40:00,4.3
2026-06-30 20:50:00,4.3
2026-06-30 21:00:00,4.3
2026-06-30 21:10:00,4.3
2026-06-30 21:20:00,4.3
2026-06-30 21:30:00,4.3
2026-06-30 21:40:00,4.3
2026-06-30 21:50:00,4.3
2026-06-30 22:00:00,4.3
2026-06-30 22:10:00,4.3
2026-06-30 22:20:00,4.3
2026-06-30 22:30:00,4.3
2026-06-30 22:40:00,4.3
2026-06-30 22:50:00,4.3
2026-06-30 23:00:00,4.3
2026-06-30 23:10:00,4.3
2026-06-30 23:20:00,4.3
2026-06-30 23:30:00,4.3
2026-06-30 23:40:00,4.3
2026-06-30 23:50:00,3.6
2026-07-01 00:00:00,2.2
2026-07-01 00:10:00,2.2
2026-07-01 00:20:00,2.2
2026-07-01 00:30:00,2.2
2026-07-01 00:40:00,2.2
2026-07-01 00:50:00,4.3
2026-07-01 01:00:00,3.25
2026-07-01 01:10:00,2.9
2026-07-01 01:20:00,3.25
2026-07-01 01:30:00,3.6
2026-07-01 01:40:00,3.25
2026-07-01 01:50:00,4.3
2026-07-01 02:00:00,4.3
2026-07-01 02:10:00,3.6
2026-07-01 02:20:00,4.3
2026-07-01 02:30:00,4.3
2026-07-01 02:40:00,3.25
2026-07-01 02:50:00,4.3
2026-07-01 03:00:00,4.3
2026-07-01 03:10:00,4.3
2026-07-01 03:20:00,4.3
2026-07-01 03:30:00,4.3
2026-07-01 03:40:00,3.6
2026-07-01 03:50:00,2.2
2026-07-01 04:00:00,3.6
2026-07-01 04:10:00,4.3
2026-07-01 04:20:00,2.9
2026-07-01 04:30:00,4.3
2026-07-01 04:40:00,4.3
2026-07-01 04:50:00,4.3
2026-07-01 05:00:00,4.3
2026-07-01 05:10:00,8.65
2026-07-01 05:20:00,33
2026-07-01 05:30:00,103.25
2026-07-01 05:40:00,334.03333333333336
2026-07-01 05:50:00,720.4000000000001
2026-07-01 06:00:00,921.8000000000001
2026-07-01 06:10:00,2005.25
2026-07-01 06:20:00,3379.7333333333336
2026-07-01 06:30:00,2658.95
2026-07-01 06:40:00,4976.033333333334
2026-07-01 06:50:00,7233.9
2026-07-01 07:00:00,7279.833333333333
2026-07-01 07:10:00,8104.85
2026-07-01 07:20:00,8426.733333333334
2026-07-01 07:30:00,9077.9
2026-07-01 07:40:00,8665.4
2026-07-01 07:50:00,8627.400000000001
2026-07-01 08:00:00,9615.9
2026-07-01 08:10:00,10827.3
2026-07-01 08:20:00,9194.4
2026-07-01 08:30:00,12809.900000000001
2026-07-01 08:40:00,13027.1
2026-07-01 08:50:00,14623.8
2026-07-01 09:00:00,12771.933333333334
2026-07-01 09:10:00,11255.2
2026-07-01 09:20:00,10498.966666666665
2026-07-01 09:30:00,9425.2
2026-07-01 11:30:00,15317.300000000001
2026-07-01 11:40:00,17284.95
2026-07-01 11:50:00,17374.5
2026-07-01 12:00:00,13526
2026-07-01 12:10:00,17264.866666666665
2026-07-01 12:20:00,9581.150000000001
2026-07-01 12:30:00,17372.36666666667
2026-07-01 12:40:00,17917.15
2026-07-01 12:50:00,10145.566666666668
2026-07-01 13:00:00,9094.05
2026-07-01 13:10:00,11799.266666666668
2026-07-01 13:20:00,16133.4
2026-07-01 13:30:00,11506.766666666668
2026-07-01 13:40:00,14976.45
2026-07-01 13:50:00,10505.4
2026-07-01 14:00:00,10182.15
2026-07-01 14:10:00,13759.666666666666
2026-07-01 14:20:00,14096.95
2026-07-01 14:30:00,14048.566666666666
2026-07-01 14:40:00,9949.9
2026-07-01 14:50:00,8625.266666666666
2026-07-01 15:00:00,11215.4
2026-07-01 15:10:00,7137.2
2026-07-01 15:20:00,8637.05
2026-07-01 15:30:00,8598.733333333334
2026-07-01 15:40:00,10807.95
2026-07-01 15:50:00,7260.466666666667
2026-07-01 16:00:00,5149.15
2026-07-01 16:10:00,5100.766666666666
2026-07-01 16:20:00,5022.25
2026-07-01 16:30:00,3740.966666666667
2026-07-01 16:40:00,1980.55
2026-07-01 16:50:00,1494.5333333333335
2026-07-01 17:00:00,1422.45
2026-07-01 17:10:00,1682.7
2026-07-01 17:20:00,1200.6666666666667
2026-07-01 17:30:00,897.8
2026-07-01 17:40:00,571.3000000000001
2026-07-01 17:50:00,334.4
2026-07-01 18:00:00,152.7
2026-07-01 18:10:00,45.15
2026-07-01 18:20:00,10.033333333333333
2026-07-01 18:30:00,4.3
2026-07-01 18:40:00,3.6
2026-07-01 18:50:00,3.25
2026-07-01 19:00:00,2.9
2026-07-01 19:10:00,2.2
2026-07-01 19:20:00,2.2
2026-07-01 19:30:00,2.2
2026-07-01 19:40:00,2.2
2026-07-01 19:50:00,3.25
2026-07-01 20:00:00,2.9
2026-07-01 20:10:00,3.25
2026-07-01 20:20:00,3.6
2026-07-01 20:30:00,2.2
2026-07-01 20:40:00,4.3
2026-07-01 20:50:00,3.25
2026-07-01 21:00:00,3.6
2026-07-01 21:10:00,4.3
2026-07-01 21:20:00,2.9
2026-07-01 21:30:00,2.2
2026-07-01 21:40:00,2.2
2026-07-01 21:50:00,4.3
2026-07-01 22:00:00,4.3
2026-07-01 22:10:00,3.25
2026-07-01 22:20:00,4.3
2026-07-01 22:30:00,4.3
2026-07-01 22:40:00,4.3
2026-07-01 22:50:00,4.3
2026-07-01 23:00:00,4.3
2026-07-01 23:10:00,4.3
2026-07-01 23:20:00,3.6
2026-07-01 23:30:00,3.25
2026-07-01 23:40:00,4.3
2026-07-01 23:50:00,3.25
2026-07-02 00:00:00,4.3
2026-07-02 00:10:00,4.3
2026-07-02 00:20:00,3.6
2026-07-02 00:30:00,3.25
2026-07-02 00:40:00,4.3
2026-07-02 00:50:00,4.3
2026-07-02 01:00:00,4.3
2026-07-02 01:10:00,4.3
2026-07-02 01:20:00,4.3
2026-07-02 01:30:00,4.3
2026-07-02 01:40:00,2.9
2026-07-02 01:50:00,2.2
2026-07-02 02:00:00,2.2
2026-07-02 02:10:00,2.2
2026-07-02 02:20:00,2.9
2026-07-02 02:30:00,3.25
2026-07-02 02:40:00,2.2
2026-07-02 02:50:00,2.2
2026-07-02 03:00:00,2.2
2026-07-02 03:10:00,2.2
2026-07-02 03:20:00,2.2
2026-07-02 03:30:00,3.25
2026-07-02 03:40:00,3.6
2026-07-02 03:50:00,3.25
2026-07-02 04:00:00,2.2
2026-07-02 04:10:00,2.2
2026-07-02 04:20:00,2.2
2026-07-02 04:30:00,2.9
2026-07-02 04:40:00,2.2
2026-07-02 04:50:00,4.3
2026-07-02 05:00:00,4.3
2026-07-02 05:10:00,9.333333333333334
2026-07-02 05:20:00,45.2
2026-07-02 05:30:00,150.53333333333333
2026-07-02 05:40:00,420.4
2026-07-02 05:50:00,771.2999999999998
2026-07-02 06:00:00,736.55
2026-07-02 06:10:00,1202.0666666666666
2026-07-02 06:20:00,1780.55
2026-07-02 06:30:00,2453.633333333333
2026-07-02 06:40:00,3571.8500000000004
2026-07-02 06:50:00,3422
2026-07-02 07:00:00,2027.8
2026-07-02 07:10:00,2270.1
2026-07-02 07:20:00,4422.3
2026-07-02 07:30:00,4923.7
2026-07-02 07:40:00,5477.1
2026-07-02 07:50:00,5793.866666666666
2026-07-02 08:00:00,3292.25
2026-07-02 08:10:00,2475.1
2026-07-02 08:20:00,2928.85
2026-07-02 08:30:00,4586.066666666667
2026-07-02 08:40:00,3300.8500000000004
2026-07-02 08:50:00,3121.7000000000003
2026-07-02 09:00:00,6312.5
2026-07-02 09:10:00,6120.066666666667
2026-07-02 09:20:00,6685.6
2026-07-02 09:30:00,5140.166666666667
2026-07-02 09:40:00,5840.5
2026-07-02 09:50:00,6880.566666666667
2026-07-02 10:00:00,5184.6
2026-07-02 10:10:00,2293.7333333333336
2026-07-02 10:20:00,1430.8600000000001
2026-07-02 10:30:00,1455.1000000000001
2026-07-02 10:40:00,1181.65
2026-07-02 10:50:00,1180.6000000000001
2026-07-02 11:00:00,1199.9333333333332
2026-07-02 11:10:00,1478.0666666666668
2026-07-02 11:20:00,1760.4666666666665
2026-07-02 11:30:00,2256.4666666666667
2026-07-02 11:40:00,2471.35
2026-07-02 11:50:00,2734.7749999999996
2026-07-02 12:00:00,4319.625
2026-07-02 12:10:00,5120.8
2026-07-02 12:20:00,5722.200000000001
2026-07-02 12:30:00,5205.400000000001
2026-07-02 12:40:00,4561
2026-07-02 12:50:00,3566.8000000000006
2026-07-02 13:00:00,2815.95
2026-07-02 13:10:00,4241.3
2026-07-02 13:20:00,4022.3500000000004
2026-07-02 13:30:00,3458.566666666667
2026-07-02 13:40:00,3024.55
2026-07-02 13:50:00,2273
2026-07-02 14:00:00,2217.7666666666664
2026-07-02 14:10:00,2185.5333333333333
2026-07-02 14:20:00,2381.933333333333
2026-07-02 14:30:00,1836.4499999999998
2026-07-02 14:40:00,1738.9333333333332
2026-07-02 14:50:00,1940.75
2026-07-02 15:00:00,1699.5333333333335
2026-07-02 15:10:00,2633.15
2026-07-02 15:20:00,3674.2999999999997
2026-07-02 15:30:00,3656.75
2026-07-02 15:40:00,3201.9666666666667
2026-07-02 15:50:00,3370.75
2026-07-02 16:00:00,2826.3333333333335
2026-07-02 16:10:00,1905.25
2026-07-02 16:20:00,2105.9333333333334
2026-07-02 16:30:00,2132.1
2026-07-02 16:40:00,1396.3
2026-07-02 16:50:00,927.9
2026-07-02 17:00:00,1117.5
2026-07-02 17:10:00,977.35
2026-07-02 17:20:00,627.9
2026-07-02 17:30:00,417.15
2026-07-02 17:40:00,265.23333333333335
2026-07-02 17:50:00,144.05
2026-07-02 18:00:00,48.03333333333333
2026-07-02 18:10:00,18.3
2026-07-02 18:20:00,6.466666666666666
2026-07-02 18:30:00,4.3
2026-07-02 18:40:00,4.3
2026-07-02 18:50:00,4.3
2026-07-02 19:00:00,4.3
2026-07-02 19:10:00,4.3
2026-07-02 19:20:00,4.3
2026-07-02 19:30:00,4.3
2026-07-02 19:40:00,4.3
2026-07-02 19:50:00,4.3
2026-07-02 20:00:00,4.3
2026-07-02 20:10:00,4.3
2026-07-02 20:20:00,4.3
2026-07-02 20:30:00,4.3
2026-07-02 20:40:00,4.3
2026-07-02 20:50:00,4.3
2026-07-02 21:00:00,4.3
2026-07-02 21:10:00,4.3
2026-07-02 21:20:00,4.3
2026-07-02 21:30:00,4.3
2026-07-02 21:40:00,4.3
2026-07-02 21:50:00,4.3
2026-07-02 22:00:00,4.3
2026-07-02 22:10:00,4.3
2026-07-02 22:20:00,4.3
2026-07-02 22:30:00,4.3
2026-07-02 22:40:00,4.3
2026-07-02 22:50:00,4.3
2026-07-02 23:00:00,4.3
2026-07-02 23:10:00,4.3
2026-07-02 23:20:00,3.25
2026-07-02 23:30:00,4.3
2026-07-02 23:40:00,4.3
2026-07-02 23:50:00,4.3
2026-07-03 00:00:00,4.3
2026-07-03 00:10:00,4.3
2026-07-03 00:20:00,4.3
2026-07-03 00:30:00,4.3
2026-07-03 00:40:00,4.3
2026-07-03 00:50:00,4.3
2026-07-03 01:00:00,4.3
2026-07-03 01:10:00,4.3
2026-07-03 01:20:00,4.3
2026-07-03 01:30:00,4.3
2026-07-03 01:40:00,4.3
2026-07-03 01:50:00,4.3
2026-07-03 02:00:00,4.3
2026-07-03 02:10:00,4.3
2026-07-03 02:20:00,4.3
2026-07-03 02:30:00,4.3
2026-07-03 02:40:00,4.3
2026-07-03 02:50:00,4.3
2026-07-03 03:00:00,4.3
2026-07-03 03:10:00,4.3
2026-07-03 03:20:00,4.3
2026-07-03 03:30:00,4.3
2026-07-03 03:40:00,4.3
2026-07-03 03:50:00,4.3
2026-07-03 04:00:00,4.3
2026-07-03 04:10:00,4.3
2026-07-03 04:20:00,4.3
2026-07-03 04:30:00,4.3
2026-07-03 04:40:00,4.3
2026-07-03 04:50:00,4.3
2026-07-03 05:00:00,4.3
2026-07-03 05:10:00,4.3
2026-07-03 05:20:00,13.666666666666666
2026-07-03 05:30:00,39.8
2026-07-03 05:40:00,164.86666666666667
2026-07-03 05:50:00,329
2026-07-03 06:00:00,578.4666666666667
2026-07-03 06:10:00,920.3499999999999
2026-07-03 06:20:00,1858.6333333333332
2026-07-03 06:30:00,2603.1
2026-07-03 06:40:00,3168.9666666666667
2026-07-03 06:50:00,3033.15
2026-07-03 07:00:00,2847.8333333333335
2026-07-03 07:10:00,2466.55
2026-07-03 07:20:00,1911.7
2026-07-03 07:30:00,2857.9
2026-07-03 07:40:00,3424.8666666666663
2026-07-03 07:50:00,3031
2026-07-03 08:00:00,2101.633333333333
2026-07-03 08:10:00,4864.200000000001
2026-07-03 08:20:00,4709.366666666667
2026-07-03 08:30:00,3435.25
2026-07-03 08:40:00,2657.9
2026-07-03 08:50:00,3519.1
2026-07-03 09:00:00,2538.55
2026-07-03 09:40:00,3918.05
2026-07-03 09:50:00,4009.45
2026-07-03 10:00:00,5488.533333333333
2026-07-03 10:10:00,5459.85
2026-07-03 10:20:00,5087.133333333333
2026-07-03 10:30:00,4447.05
2026-07-03 10:40:00,4604.7
2026-07-03 10:50:00,3607.3
2026-07-03 11:00:00,5861.266666666666
2026-07-03 11:10:00,9920.900000000001
2026-07-03 11:20:00,8271.133333333333
2026-07-03 11:30:00,5281.35
2026-07-03 11:40:00,4052.7666666666664
2026-07-03 11:50:00,3142.8
2026-07-03 12:00:00,1870.85
2026-07-03 12:10:00,3313.7666666666664
2026-07-03 12:20:00,5389.599999999999
2026-07-03 12:30:00,7173.7
2026-07-03 12:40:00,3261.433333333334
2026-07-03 12:50:00,2479.3999999999996
2026-07-03 13:00:00,3166.475
2026-07-03 13:10:00,3100.1666666666665
2026-07-03 13:20:00,3118.1000000000004
2026-07-03 13:30:00,6863.366666666666
2026-07-03 13:40:00,4472.85
2026-07-03 13:50:00,2320.2666666666664
2026-07-03 14:00:00,2827.0333333333333
2026-07-03 14:10:00,2004.8666666666668
2026-07-03 14:20:00,1650.975
2026-07-03 14:30:00,1345.0500000000002
2026-07-03 14:40:00,1642.8999999999999
2026-07-03 14:50:00,1370.85
2026-07-03 15:00:00,1666.5666666666666
2026-07-03 15:10:00,1650.4
2026-07-03 15:20:00,1214.45
2026-07-03 15:30:00,1848.3000000000002
2026-07-03 15:40:00,1837.8666666666668
2026-07-03 15:50:00,1668.7333333333336
2026-07-03 16:00:00,1521.8428571428572
2026-07-03 16:10:00,1809.2
2026-07-03 16:20:00,1044
2026-07-03 16:30:00,1080.1999999999998
2026-07-03 16:40:00,1059.05
2026-07-03 16:50:00,855.1666666666666
2026-07-03 17:00:00,717.1500000000001
2026-07-03 17:10:00,406.40000000000003
2026-07-03 17:20:00,289.59999999999997
2026-07-03 17:30:00,324.75
2026-07-03 17:40:00,319.7
2026-07-03 17:50:00,127.95
2026-07-03 18:00:00,54.46666666666667
2026-07-03 18:10:00,14
2026-07-03 18:20:00,5.033333333333334
2026-07-03 18:30:00,4.3
2026-07-03 18:40:00,4.3
2026-07-03 18:50:00,4.3
2026-07-03 19:00:00,2.9
2026-07-03 19:10:00,2.2
2026-07-03 19:20:00,2.9
2026-07-03 19:30:00,4.3
2026-07-03 19:40:00,4.3
2026-07-03 19:50:00,4.3
2026-07-03 20:00:00,4.3
2026-07-03 20:10:00,4.3
2026-07-03 20:20:00,4.3
2026-07-03 20:30:00,4.3
2026-07-03 20:40:00,4.3
2026-07-03 20:50:00,4.3
2026-07-03 21:00:00,4.3
2026-07-03 21:10:00,4.3
2026-07-03 21:20:00,4.3
2026-07-03 21:30:00,4.3
2026-07-03 21:40:00,4.3
2026-07-03 21:50:00,4.3
2026-07-03 22:00:00,4.3
2026-07-03 22:10:00,4.3
2026-07-03 22:20:00,4.3
2026-07-03 22:30:00,4.3
2026-07-03 22:40:00,3.6
2026-07-03 22:50:00,4.3
2026-07-03 23:00:00,4.3
2026-07-03 23:10:00,4.3
2026-07-03 23:20:00,4.3
2026-07-03 23:30:00,4.3
2026-07-03 23:40:00,4.3
2026-07-03 23:50:00,4.3
2026-07-04 00:00:00,4.3
2026-07-04 00:10:00,4.3
2026-07-04 00:20:00,4.3
2026-07-04 00:30:00,4.3
2026-07-04 00:40:00,4.3
2026-07-04 00:50:00,4.3
2026-07-04 01:00:00,4.3
2026-07-04 01:10:00,4.3
2026-07-04 01:20:00,4.3
2026-07-04 01:30:00,4.3
2026-07-04 01:40:00,4.3
2026-07-04 01:50:00,4.3
2026-07-04 02:00:00,4.3
2026-07-04 02:10:00,4.3
2026-07-04 02:20:00,4.3
2026-07-04 02:30:00,4.3
2026-07-04 02:40:00,4.3
2026-07-04 02:50:00,4.3
2026-07-04 03:00:00,4.3
2026-07-04 03:10:00,4.3
2026-07-04 03:20:00,4.3
2026-07-04 03:30:00,4.3
2026-07-04 03:40:00,4.3
2026-07-04 03:50:00,4.3
2026-07-04 04:00:00,4.3
2026-07-04 04:10:00,4.3
2026-07-04 04:20:00,4.3
2026-07-04 04:30:00,4.3
2026-07-04 04:40:00,4.3
2026-07-04 04:50:00,4.3
2026-07-04 05:00:00,4.3
2026-07-04 05:10:00,4.3
2026-07-04 05:20:00,8.65
2026-07-04 05:30:00,24.400000000000002
2026-07-04 05:40:00,62.349999999999994
2026-07-04 05:50:00,121.13333333333333
2026-07-04 06:00:00,241.89999999999998
2026-07-04 06:10:00,473.09999999999997
2026-07-04 06:20:00,702.1
2026-07-04 06:30:00,960.5
2026-07-04 06:40:00,997.75
2026-07-04 06:50:00,1013.5333333333333
2026-07-04 07:00:00,1091.35
2026-07-04 07:10:00,1018.5666666666666
2026-07-04 07:20:00,847.25
2026-07-04 07:30:00,882.3666666666668
2026-07-04 07:40:00,994.55
2026-07-04 07:50:00,1098.1666666666667
2026-07-04 08:00:00,1162.25
2026-07-04 08:10:00,1689.4666666666665
2026-07-04 08:20:00,1790.2
2026-07-04 08:30:00,2071.5666666666666
2026-07-04 08:40:00,2483.7
2026-07-04 08:50:00,2703.066666666667
2026-07-04 09:00:00,3310.55
2026-07-04 09:10:00,3685.066666666667
2026-07-04 09:20:00,3901.9
2026-07-04 09:30:00,4475.7
2026-07-04 09:40:00,5181.35
2026-07-04 09:50:00,5737.266666666666
2026-07-04 10:00:00,6461.95
2026-07-04 10:10:00,7031.8
2026-07-04 10:20:00,7584.45
2026-07-04 10:30:00,7873.333333333333
2026-07-04 10:40:00,8276.9
2026-07-04 10:50:00,8769.300000000001
2026-07-04 11:00:00,8533.85
2026-07-04 11:10:00,8657.5
2026-07-04 11:20:00,9385.400000000001
2026-07-04 11:30:00,6961.566666666667
2026-07-04 11:40:00,5190
2026-07-04 11:50:00,4586.1
2026-07-04 12:00:00,4394.35
2026-07-04 12:10:00,4458.466666666667
2026-07-04 12:20:00,4356.700000000001
2026-07-04 12:30:00,4528.766666666667
2026-07-04 12:40:00,3265.4
2026-07-04 12:50:00,4369.6
2026-07-04 13:00:00,3781.45
2026-07-04 13:10:00,4829.066666666667
2026-07-04 13:20:00,7784.45
2026-07-04 13:30:00,7957.933333333333
2026-07-04 13:40:00,8207
2026-07-04 13:50:00,8588.699999999999
2026-07-04 14:00:00,8422.05
2026-07-04 14:10:00,6768.733333333333
2026-07-04 14:20:00,6359.799999999999
2026-07-04 14:30:00,6973.733333333333
2026-07-04 14:40:00,7330.75
2026-07-04 14:50:00,6960.133333333334
2026-07-04 15:00:00,6902.75
2026-07-04 15:10:00,7192
2026-07-04 15:20:00,7240.366666666668
2026-07-04 15:30:00,6909.25
2026-07-04 15:40:00,6307.833333333333
2026-07-04 15:50:00,5471.700000000001
2026-07-04 16:00:00,4624.099999999999
2026-07-04 16:10:00,4055.6499999999996
2026-07-04 16:20:00,3450.6666666666665
2026-07-04 16:30:00,2828.85
2026-07-04 16:40:00,2124.5666666666666
2026-07-04 16:50:00,1807.4
2026-07-04 17:00:00,1475.8999999999999
2026-07-04 17:10:00,925.75
2026-07-04 17:20:00,651.5666666666666
2026-07-04 17:30:00,444.05
2026-07-04 17:40:00,240.13333333333335
2026-07-04 17:50:00,136.55
2026-07-04 18:00:00,62.366666666666674
2026-07-04 18:10:00,22.6
2026-07-04 18:20:00,7.2
2026-07-04 18:30:00,4.3
2026-07-04 18:40:00,4.3
2026-07-04 18:50:00,4.3
2026-07-04 19:00:00,4.3
2026-07-04 19:10:00,4.3
2026-07-04 19:20:00,4.3
2026-07-04 19:30:00,4.3
2026-07-04 19:40:00,4.3
2026-07-04 19:50:00,4.3
2026-07-04 20:00:00,4.3
2026-07-04 20:10:00,4.3
2026-07-04 20:20:00,4.3
2026-07-04 20:30:00,4.3
2026-07-04 20:40:00,4.3
2026-07-04 20:50:00,4.3
2026-07-04 21:00:00,4.3
2026-07-04 21:10:00,4.3
2026-07-04 21:20:00,4.3
2026-07-04 21:30:00,3.25
2026-07-04 21:40:00,3.6
2026-07-04 21:50:00,3.25
2026-07-04 22:00:00,4.3
2026-07-04 22:10:00,4.3
2026-07-04 22:20:00,4.3
2026-07-04 22:30:00,4.3
2026-07-04 22:40:00,4.3
2026-07-04 22:50:00,4.3
2026-07-04 23:00:00,4.3
2026-07-04 23:10:00,4.3
2026-07-04 23:20:00,4.3
2026-07-04 23:30:00,4.3
2026-07-04 23:40:00,4.3
2026-07-04 23:50:00,4.3
2026-07-05 00:00:00,4.3
2026-07-05 00:10:00,4.3
2026-07-05 00:20:00,4.3
2026-07-05 00:30:00,4.3
2026-07-05 00:40:00,4.3
2026-07-05 00:50:00,4.3
2026-07-05 01:00:00,4.3
2026-07-05 01:10:00,4.3
2026-07-05 01:20:00,4.3
2026-07-05 01:30:00,4.3
2026-07-05 01:40:00,4.3
2026-07-05 01:50:00,4.3
2026-07-05 02:00:00,4.3
2026-07-05 02:10:00,4.3
2026-07-05 02:20:00,4.3
2026-07-05 02:30:00,4.3
2026-07-05 02:40:00,4.3
2026-07-05 02:50:00,4.3
2026-07-05 03:00:00,4.3
2026-07-05 03:10:00,4.3
2026-07-05 03:20:00,4.3
2026-07-05 03:30:00,4.3
2026-07-05 03:40:00,4.3
2026-07-05 03:50:00,4.3
2026-07-05 04:00:00,4.3
2026-07-05 04:10:00,4.3
2026-07-05 04:20:00,4.3
2026-07-05 04:30:00,4.3
2026-07-05 04:40:00,4.3
2026-07-05 04:50:00,4.3
2026-07-05 05:00:00,4.3
2026-07-05 05:10:00,7.900000000000001
2026-07-05 05:20:00,39.8
2026-07-05 05:30:00,102.53333333333335
2026-07-05 05:40:00,254.8
2026-07-05 05:50:00,368.4666666666667
2026-07-05 06:00:00,447.3
2026-07-05 06:10:00,742.6
2026-07-05 06:20:00,1242.95
2026-07-05 06:30:00,1961.1666666666667
2026-07-05 06:40:00,2306.3
2026-07-05 06:50:00,2555.4
2026-07-05 07:00:00,3424.55
2026-07-05 07:10:00,4808.299999999999
2026-07-05 07:20:00,6109.299999999999
2026-07-05 07:30:00,4806.133333333332
2026-07-05 07:40:00,4320.15
2026-07-05 07:50:00,5231.2
2026-07-05 08:00:00,5836.15
2026-07-05 08:10:00,5738.666666666667
2026-07-05 08:20:00,6632.9
2026-07-05 08:30:00,6446.900000000001
2026-07-05 08:40:00,9667.1
2026-07-05 08:50:00,8213.45
2026-07-05 09:00:00,8303.433333333334
2026-07-05 09:10:00,8712.35
2026-07-05 09:20:00,7909.166666666668
2026-07-05 09:30:00,7752.2
2026-07-05 09:40:00,8636.033333333335
2026-07-05 09:50:00,8076.9
2026-07-05 10:00:00,9900.466666666667
2026-07-05 10:10:00,11446.6
2026-07-05 10:20:00,15039.166666666666
2026-07-05 10:30:00,12096
2026-07-05 10:40:00,10940.15
2026-07-05 10:50:00,11547.633333333333
2026-07-05 11:00:00,11107.900000000001
2026-07-05 11:10:00,13427.799999999997
2026-07-05 11:20:00,11845.5
2026-07-05 11:30:00,15048.5
2026-07-05 11:40:00,13887.3
2026-07-05 11:50:00,12585.566666666666
2026-07-05 12:00:00,17264.45
2026-07-05 12:10:00,15332.366666666667
2026-07-05 12:20:00,11918.6
2026-07-05 12:30:00,13305.966666666667
2026-07-05 12:40:00,13704.5
2026-07-05 12:50:00,16944.43333333333
2026-07-05 13:00:00,13402.4
2026-07-05 13:10:00,10483.199999999999
2026-07-05 13:20:00,9871.400000000001
2026-07-05 13:30:00,12233.633333333333
2026-07-05 13:40:00,11007.900000000001
2026-07-05 13:50:00,10420.833333333334
2026-07-05 14:00:00,12833.6
2026-07-05 14:10:00,12182.033333333333
2026-07-05 14:20:00,11703.55
2026-07-05 14:30:00,13951.066666666666
2026-07-05 14:40:00,13333.55
2026-07-05 14:50:00,11850.133333333333
2026-07-05 15:00:00,8425.3
2026-07-05 15:10:00,12227.166666666666
2026-07-05 15:20:00,5903.95
2026-07-05 15:30:00,4393.266666666666
2026-07-05 15:40:00,3111.65
2026-07-05 15:50:00,2371.9
2026-07-05 16:00:00,2252.55
2026-07-05 16:10:00,2814.9
2026-07-05 16:20:00,2347.15
2026-07-05 16:30:00,2019.2333333333336
2026-07-05 16:40:00,1833.2
2026-07-05 16:50:00,1738.9666666666665
2026-07-05 17:00:00,2286.95
2026-07-05 17:10:00,2225.6666666666665
2026-07-05 17:20:00,884.9000000000001
2026-07-05 17:30:00,640.8333333333334
2026-07-05 17:40:00,438.7
2026-07-05 17:50:00,412.1666666666667
2026-07-05 18:00:00,219.35
2026-07-05 18:10:00,67.39999999999999
2026-07-05 18:20:00,10.8
2026-07-05 18:30:00,4.3
2026-07-05 18:40:00,4.3
2026-07-05 18:50:00,4.3
2026-07-05 19:00:00,4.3
2026-07-05 19:10:00,4.3
2026-07-05 19:20:00,4.3
2026-07-05 19:30:00,3.6
2026-07-05 19:40:00,3.25
2026-07-05 19:50:00,4.3
2026-07-05 20:00:00,4.3
2026-07-05 20:10:00,2.9
2026-07-05 20:20:00,4.3
2026-07-05 20:30:00,2.9
2026-07-05 20:40:00,4.3
2026-07-05 20:50:00,4.3
2026-07-05 21:00:00,4.3
2026-07-05 21:10:00,4.3
2026-07-05 21:20:00,4.3
2026-07-05 21:30:00,4.3
2026-07-05 21:40:00,4.3
2026-07-05 21:50:00,4.3
2026-07-05 22:00:00,4.3
2026-07-05 22:10:00,4.3
2026-07-05 22:20:00,4.3
2026-07-05 22:30:00,4.3
2026-07-05 22:40:00,4.3
2026-07-05 22:50:00,4.3
2026-07-05 23:00:00,4.3
2026-07-05 23:10:00,4.3
2026-07-05 23:20:00,4.3
2026-07-05 23:30:00,4.3
2026-07-05 23:40:00,4.3
2026-07-05 23:50:00,4.3
2026-07-06 00:00:00,4.3
2026-07-06 00:10:00,4.3
2026-07-06 00:20:00,4.3
2026-07-06 00:30:00,4.3
2026-07-06 00:40:00,4.3
2026-07-06 00:50:00,4.3
2026-07-06 01:00:00,4.3
2026-07-06 01:10:00,4.3
2026-07-06 01:20:00,4.3
2026-07-06 01:30:00,4.3
2026-07-06 01:40:00,4.3
2026-07-06 01:50:00,4.3
2026-07-06 02:00:00,4.3
2026-07-06 02:10:00,4.3
2026-07-06 02:20:00,4.3
2026-07-06 02:30:00,4.3
2026-07-06 02:40:00,4.3
2026-07-06 02:50:00,4.3
2026-07-06 03:00:00,4.3
2026-07-06 03:10:00,4.3
2026-07-06 03:20:00,4.3
2026-07-06 03:30:00,4.3
2026-07-06 03:40:00,4.3
2026-07-06 03:50:00,4.3
2026-07-06 04:00:00,4.3
2026-07-06 04:10:00,4.3
2026-07-06 04:20:00,4.3
2026-07-06 04:30:00,4.3
2026-07-06 04:40:00,4.3
2026-07-06 04:50:00,4.3
2026-07-06 05:00:00,4.3
2026-07-06 05:10:00,9.7
2026-07-06 05:20:00,47.29999999999999
2026-07-06 05:30:00,138.7
2026-07-06 05:40:00,275.96666666666664
2026-07-06 05:50:00,439.75
2026-07-06 06:00:00,802.8333333333334
2026-07-06 06:10:00,2111.65
2026-07-06 06:20:00,2923.8333333333335
2026-07-06 06:30:00,3860
2026-07-06 06:40:00,4196.866666666666
2026-07-06 06:50:00,6940.4
2026-07-06 07:00:00,5672.766666666667
2026-07-06 07:10:00,7784.45
2026-07-06 07:20:00,8080.5
2026-07-06 07:30:00,8305.900000000001
2026-07-06 07:40:00,9486.133333333333
2026-07-06 07:50:00,10781
2026-07-06 08:00:00,11735.466666666667
2026-07-06 08:10:00,9184.35
2026-07-06 08:20:00,5613.6
2026-07-06 08:30:00,6095.666666666667
2026-07-06 08:40:00,12647.6
2026-07-06 08:50:00,5998.900000000001
2026-07-06 09:00:00,10295.05
2026-07-06 09:10:00,9156.4
2026-07-06 09:20:00,5088.95
2026-07-06 09:30:00,6489.900000000001
2026-07-06 09:40:00,8271.5
2026-07-06 09:50:00,7205.266666666667
2026-07-06 10:00:00,10382.15
2026-07-06 10:10:00,15404.766666666665
2026-07-06 10:20:00,15988.2
2026-07-06 10:30:00,15864.233333333332
2026-07-06 10:40:00,15911.9
2026-07-06 10:50:00,11138.333333333334
2026-07-06 11:00:00,12200.3
2026-07-06 11:10:00,10754.166666666666
2026-07-06 11:20:00,12778.75
2026-07-06 11:30:00,12523.199999999999
2026-07-06 11:40:00,13913.05
2026-07-06 11:50:00,12366.233333333332
2026-07-06 12:00:00,17555.85
2026-07-06 12:10:00,8996.566666666666
2026-07-06 12:20:00,10014.4
2026-07-06 12:30:00,11879.533333333333
2026-07-06 12:40:00,10582.15
2026-07-06 12:50:00,12464.433333333334
2026-07-06 13:00:00,10633.7
2026-07-06 13:10:00,9203.7
2026-07-06 13:20:00,17166.65
2026-07-06 13:30:00,13472.266666666668
2026-07-06 13:40:00,13747.5
2026-07-06 13:50:00,10923.333333333334
2026-07-06 14:00:00,7541.45
2026-07-06 14:10:00,12767.633333333333
2026-07-06 14:20:00,8752.1
2026-07-06 14:30:00,5161.666666666667
2026-07-06 14:40:00,7010.299999999999
2026-07-06 14:50:00,9998.633333333333
2026-07-06 15:00:00,9543.45
2026-07-06 15:10:00,9445.966666666667
2026-07-06 15:20:00,9633.8
2026-07-06 15:30:00,10198.633333333333
2026-07-06 15:40:00,6647.95
2026-07-06 15:50:00,8389.4
2026-07-06 16:00:00,8145.75
2026-07-06 16:10:00,7583.733333333334
2026-07-06 16:20:00,4625.549999999999
2026-07-06 16:30:00,3807.633333333333
2026-07-06 16:40:00,2999.8
2026-07-06 16:50:00,3237.1
2026-07-06 17:00:00,2309.5
2026-07-06 17:10:00,2391.2333333333336
2026-07-06 17:20:00,2033.1999999999998
2026-07-06 17:30:00,1570.5
2026-07-06 17:40:00,1230
2026-07-06 17:50:00,912.4666666666667
2026-07-06 18:00:00,387.05
2026-07-06 18:10:00,119
2026-07-06 18:20:00,14
2026-07-06 18:30:00,4.3
2026-07-06 18:40:00,4.3
2026-07-06 18:50:00,4.3
2026-07-06 19:00:00,4.3
2026-07-06 19:10:00,4.3
2026-07-06 19:20:00,4.3
2026-07-06 19:30:00,4.3
2026-07-06 19:40:00,4.3
2026-07-06 19:50:00,4.3
2026-07-06 20:00:00,4.3
2026-07-06 20:10:00,4.3
2026-07-06 20:20:00,4.3
2026-07-06 20:30:00,4.3
2026-07-06 20:40:00,4.3
2026-07-06 20:50:00,4.3
2026-07-06 21:00:00,4.3
2026-07-06 21:10:00,4.3
2026-07-06 21:20:00,4.3
2026-07-06 21:30:00,2.2
2026-07-06 21:40:00,2.9
2026-07-06 21:50:00,4.3
2026-07-06 22:00:00,4.3
2026-07-06 22:10:00,4.3
2026-07-06 22:20:00,4.3
2026-07-06 22:30:00,4.3
2026-07-06 22:40:00,4.3
2026-07-06 22:50:00,4.3
2026-07-06 23:00:00,4.3
2026-07-06 23:10:00,2.2
2026-07-06 23:20:00,2.2
2026-07-06 23:30:00,4.3
2026-07-06 23:40:00,4.3
2026-07-06 23:50:00,3.25
2026-07-07 00:00:00,4.3
2026-07-07 00:10:00,4.3
2026-07-07 00:20:00,2.9
2026-07-07 00:30:00,2.2
2026-07-07 00:40:00,2.2
2026-07-07 00:50:00,2.2
2026-07-07 01:00:00,2.2
2026-07-07 01:10:00,2.2
2026-07-07 01:20:00,2.2
2026-07-07 01:30:00,4.3
2026-07-07 01:40:00,2.9
2026-07-07 01:50:00,3.25
2026-07-07 02:00:00,2.9
2026-07-07 02:10:00,2.2
2026-07-07 02:20:00,2.2
2026-07-07 02:30:00,2.2
2026-07-07 02:40:00,2.2
2026-07-07 02:50:00,4.3
2026-07-07 03:00:00,2.2
2026-07-07 03:10:00,2.2
2026-07-07 03:20:00,2.2
2026-07-07 03:30:00,2.2
2026-07-07 03:40:00,3.6
2026-07-07 03:50:00,2.2
2026-07-07 04:00:00,2.2
2026-07-07 04:10:00,2.2
2026-07-07 04:20:00,2.2
2026-07-07 04:30:00,2.2
2026-07-07 04:40:00,2.2
2026-07-07 04:50:00,4.3
2026-07-07 05:00:00,4.3
2026-07-07 05:10:00,6.449999999999999
2026-07-07 05:20:00,37.300000000000004
2026-07-07 05:30:00,127.95
2026-07-07 05:40:00,339.06666666666666
2026-07-07 05:50:00,732.2
2026-07-07 06:00:00,1027.8666666666666
2026-07-07 06:10:00,1895.6
2026-07-07 06:20:00,1726.8
2026-07-07 06:30:00,1779.45
2026-07-07 06:40:00,3614.1
2026-07-07 06:50:00,4874.95
2026-07-07 07:00:00,5575.266666666667
2026-07-07 07:10:00,5070.65
2026-07-07 07:20:00,5504.3
2026-07-07 07:30:00,5981.35
2026-07-07 07:40:00,4953.099999999999
2026-07-07 07:50:00,8384.4
2026-07-07 08:00:00,10214.4
2026-07-07 08:10:00,12071.3
2026-07-07 08:20:00,8663.233333333332
2026-07-07 08:30:00,11576.7
2026-07-07 08:40:00,6931.8
2026-07-07 08:50:00,7481.266666666666
2026-07-07 09:00:00,7018.9
2026-07-07 09:10:00,6173.8
2026-07-07 09:20:00,6122.15
2026-07-07 09:30:00,15077.866666666667
2026-07-07 09:40:00,6629.700000000001
2026-07-07 09:50:00,4812.6
2026-07-07 10:00:00,6392.049999999999
2026-07-07 10:10:00,7657.566666666666
2026-07-07 10:20:00,8458.6
2026-07-07 10:30:00,8499.1
2026-07-07 10:40:00,6246.9
2026-07-07 10:50:00,6325.066666666667
2026-07-07 11:00:00,5300.700000000001
2026-07-07 11:10:00,5687.066666666666
2026-07-07 11:20:00,6025.4
2026-07-07 11:30:00,6706.366666666666
2026-07-07 11:40:00,7468.35
2026-07-07 11:50:00,7808.833333333333
2026-07-07 12:00:00,10610.1
2026-07-07 12:10:00,15767.466666666667
2026-07-07 12:20:00,13173.349999999999
2026-07-07 12:30:00,16580.999999999996
2026-07-07 12:40:00,10072.5
2026-07-07 12:50:00,8848.199999999999
2026-07-07 13:00:00,8179.049999999999
2026-07-07 13:10:00,7388.066666666667
2026-07-07 13:20:00,6440.450000000001
2026-07-07 13:30:00,5730.833333333333
2026-07-07 13:40:00,5155.6
2026-07-07 13:50:00,5689.233333333334
2026-07-07 14:00:00,5029.8
2026-07-07 14:10:00,5386.033333333334
2026-07-07 14:20:00,6234
2026-07-07 14:30:00,4819.766666666666
2026-07-07 14:40:00,4136.299999999999
2026-07-07 14:50:00,4029.866666666667
2026-07-07 15:00:00,4593.25
2026-07-07 15:10:00,5008.266666666667
2026-07-07 15:20:00,4349.15
2026-07-07 15:30:00,3695.8333333333335
2026-07-07 15:40:00,3354.6
2026-07-07 15:50:00,3082.9666666666667
2026-07-07 16:00:00,3341.7
2026-07-07 16:10:00,3288.6666666666665
2026-07-07 16:20:00,2543.9
2026-07-07 16:30:00,2718.133333333333
2026-07-07 16:40:00,4640.55
2026-07-07 16:50:00,3941.6999999999994
2026-07-07 17:00:00,3055.75
2026-07-07 17:10:00,2279.4
2026-07-07 17:20:00,1320.35
2026-07-07 17:30:00,1157.6333333333334
2026-07-07 17:40:00,1098.85
2026-07-07 17:50:00,767.6999999999999
2026-07-07 18:00:00,344.05
2026-07-07 18:10:00,106.10000000000001
2026-07-07 18:20:00,19.35
2026-07-07 18:30:00,5.033333333333334
2026-07-07 18:40:00,4.3
2026-07-07 18:50:00,4.3
2026-07-07 19:00:00,4.3
2026-07-07 19:10:00,4.3
2026-07-07 19:20:00,4.3
2026-07-07 19:30:00,4.3
2026-07-07 19:40:00,4.3
2026-07-07 19:50:00,4.3
2026-07-07 20:00:00,4.3
2026-07-07 20:10:00,4.3
2026-07-07 20:20:00,3.25
2026-07-07 20:30:00,4.3
2026-07-07 20:40:00,4.3
2026-07-07 20:50:00,4.3
2026-07-07 21:00:00,2.9
2026-07-07 21:10:00,4.3
2026-07-07 21:20:00,4.3
2026-07-07 21:30:00,4.3
2026-07-07 21:40:00,4.3
2026-07-07 21:50:00,4.3
2026-07-07 22:00:00,4.3
2026-07-07 22:10:00,4.3
2026-07-07 22:20:00,4.3
2026-07-07 22:30:00,4.3
2026-07-07 22:40:00,4.3
2026-07-07 22:50:00,4.3
2026-07-07 23:00:00,4.3
2026-07-07 23:10:00,4.3
2026-07-07 23:20:00,4.3
2026-07-07 23:30:00,4.3
2026-07-07 23:40:00,4.3
2026-07-07 23:50:00,4.3
2026-07-08 00:00:00,3.6
2026-07-08 00:10:00,4.3
2026-07-08 00:20:00,4.3
2026-07-08 00:30:00,4.3
2026-07-08 00:40:00,3.6
2026-07-08 00:50:00,4.3
2026-07-08 01:00:00,4.3
2026-07-08 01:10:00,4.3
2026-07-08 01:20:00,4.3
2026-07-08 01:30:00,4.3
2026-07-08 01:40:00,4.3
2026-07-08 01:50:00,4.3
2026-07-08 02:00:00,4.3
2026-07-08 02:10:00,4.3
2026-07-08 02:20:00,4.3
2026-07-08 02:30:00,4.3
2026-07-08 02:40:00,4.3
2026-07-08 02:50:00,4.3
2026-07-08 03:00:00,4.3
2026-07-08 03:10:00,4.3
2026-07-08 03:20:00,4.3
2026-07-08 03:30:00,4.3
2026-07-08 03:40:00,4.3
2026-07-08 03:50:00,4.3
2026-07-08 04:00:00,4.3
2026-07-08 04:10:00,4.3
2026-07-08 04:20:00,4.3
2026-07-08 04:30:00,4.3
2026-07-08 04:40:00,4.3
2026-07-08 04:50:00,4.3
2026-07-08 05:00:00,4.3
2026-07-08 05:10:00,9.7
2026-07-08 05:20:00,56.63333333333333
2026-07-08 05:30:00,160.2
2026-07-08 05:40:00,605
2026-07-08 05:50:00,1217.15
2026-07-08 06:00:00,1837.8666666666668
2026-07-08 06:10:00,2749.3
2026-07-08 06:20:00,1427.8333333333333
2026-07-08 06:30:00,3360
2026-07-08 06:40:00,3813.3333333333335
2026-07-08 06:50:00,3862.1000000000004
2026-07-08 07:00:00,3330.9666666666667
2026-07-08 07:10:00,5091.05
2026-07-08 07:20:00,5657.7
2026-07-08 07:30:00,4229.85
2026-07-08 07:40:00,4285.033333333334
2026-07-08 07:50:00,4647.05
2026-07-08 08:00:00,5881.35
2026-07-08 08:10:00,9013.766666666666
2026-07-08 08:20:00,10169.25
2026-07-08 08:30:00,12258.700000000003
2026-07-08 08:40:00,12770.15
2026-07-08 08:50:00,9931.266666666666
2026-07-08 09:00:00,8585.45
2026-07-08 09:10:00,9453.166666666666
2026-07-08 09:20:00,7627.45
2026-07-08 09:30:00,10024.466666666665
2026-07-08 09:40:00,13990.5
2026-07-08 09:50:00,11593.5
2026-07-08 10:00:00,7165.1
2026-07-08 10:10:00,8438.133333333333
2026-07-08 10:20:00,9647.75
2026-07-08 10:30:00,16897.133333333335
2026-07-08 10:40:00,7823.15
2026-07-08 10:50:00,8461.1
2026-07-08 11:00:00,7650.05
2026-07-08 11:10:00,8065.433333333333
2026-07-08 11:20:00,11351.95
2026-07-08 11:30:00,9544.9
2026-07-08 11:40:00,10533.7
2026-07-08 11:50:00,8378.666666666666
2026-07-08 12:00:00,11947.599999999999
2026-07-08 12:10:00,9016.6
2026-07-08 12:20:00,12979.8
2026-07-08 12:30:00,8742.1
2026-07-08 12:40:00,9799.400000000001
2026-07-08 12:50:00,9656.733333333332
2026-07-08 13:00:00,6397.45
2026-07-08 13:10:00,14335.266666666668
2026-07-08 13:20:00,17058.05
2026-07-08 13:30:00,8808.733333333334
2026-07-08 13:40:00,7017.8
2026-07-08 13:50:00,8646.766666666666
2026-07-08 14:00:00,8728.45
2026-07-08 14:10:00,6032.600000000001
2026-07-08 14:20:00,6967.3
2026-07-08 14:30:00,6415.333333333333
2026-07-08 14:40:00,5559.85
2026-07-08 14:50:00,9123.433333333334
2026-07-08 15:00:00,13389.45
2026-07-08 15:10:00,10499.666666666666
2026-07-08 15:20:00,11784.2
2026-07-08 15:30:00,10710.4
2026-07-08 15:40:00,11583.150000000001
2026-07-08 15:50:00,10460.266666666666
2026-07-08 16:00:00,8660.75
2026-07-08 16:10:00,5538.733333333334
2026-07-08 16:20:00,4342.75
2026-07-08 16:30:00,3606.2333333333336
2026-07-08 16:40:00,3304.1
2026-07-08 16:50:00,3340.2999999999997
2026-07-08 17:00:00,3099.8
2026-07-08 17:10:00,2844.2666666666664
2026-07-08 17:20:00,1534.3000000000002
2026-07-08 17:30:00,887.4333333333334
2026-07-08 17:40:00,592.45
2026-07-08 17:50:00,422.1666666666667
2026-07-08 18:00:00,238.7
2026-07-08 18:10:00,93.2
2026-07-08 18:20:00,15.1
2026-07-08 18:30:00,5.033333333333334
2026-07-08 18:40:00,4.3
2026-07-08 18:50:00,4.3
2026-07-08 19:00:00,4.3
2026-07-08 19:10:00,4.3
2026-07-08 19:20:00,4.3
2026-07-08 19:30:00,4.3
2026-07-08 19:40:00,4.3
2026-07-08 19:50:00,2.9
2026-07-08 20:00:00,4.3
2026-07-08 20:10:00,3.25
2026-07-08 20:20:00,3.6
2026-07-08 20:30:00,4.3
2026-07-08 20:40:00,4.3
2026-07-08 20:50:00,2.2
2026-07-08 21:00:00,2.9
2026-07-08 21:10:00,4.3
2026-07-08 21:20:00,4.3
2026-07-08 21:30:00,4.3
2026-07-08 21:40:00,4.3
2026-07-08 21:50:00,4.3
2026-07-08 22:00:00,4.3
2026-07-08 22:10:00,4.3
2026-07-08 22:20:00,4.3
2026-07-08 22:30:00,4.3
2026-07-08 22:40:00,3.6
2026-07-08 22:50:00,2.2
2026-07-08 23:00:00,3.6
2026-07-08 23:10:00,4.3
2026-07-08 23:20:00,3.6
2026-07-08 23:30:00,3.25
2026-07-08 23:40:00,3.6
2026-07-08 23:50:00,4.3
2026-07-09 00:00:00,3.6
2026-07-09 00:10:00,3.25
2026-07-09 00:20:00,2.9
2026-07-09 00:30:00,3.25
2026-07-09 00:40:00,4.3
2026-07-09 00:50:00,4.3
2026-07-09 01:00:00,3.6
2026-07-09 01:10:00,4.3
2026-07-09 01:20:00,2.2
2026-07-09 01:30:00,2.2
2026-07-09 01:40:00,2.9
2026-07-09 01:50:00,2.2
2026-07-09 02:00:00,2.2
2026-07-09 02:10:00,3.25
2026-07-09 02:20:00,2.9
2026-07-09 02:30:00,4.3
2026-07-09 02:40:00,4.3
2026-07-09 02:50:00,4.3
2026-07-09 03:00:00,4.3
2026-07-09 03:10:00,4.3
2026-07-09 03:20:00,3.6
2026-07-09 03:30:00,4.3
2026-07-09 03:40:00,4.3
2026-07-09 03:50:00,4.3
2026-07-09 04:00:00,4.3
2026-07-09 04:10:00,4.3
2026-07-09 04:20:00,4.3
2026-07-09 04:30:00,4.3
2026-07-09 04:40:00,2.2
2026-07-09 04:50:00,3.25
2026-07-09 05:00:00,4.3
2026-07-09 05:10:00,6.449999999999999
2026-07-09 05:20:00,35.13333333333333
2026-07-09 05:30:00,131.15
2026-07-09 05:40:00,316.09999999999997
2026-07-09 05:50:00,520.4
2026-07-09 06:00:00,691
2026-07-09 06:10:00,897.8
2026-07-09 06:20:00,1487.3666666666668
2026-07-09 06:30:00,2727.8
2026-07-09 06:40:00,2503.066666666667
2026-07-09 06:50:00,3088
2026-07-09 07:00:00,5865.566666666666
2026-07-09 07:10:00,8842.45
2026-07-09 07:20:00,9009.433333333332
2026-07-09 07:30:00,9337.05
2026-07-09 07:40:00,9791.849999999999
2026-07-09 07:50:00,10195.066666666666
2026-07-09 08:00:00,8511.3
2026-07-09 08:10:00,8965.033333333333
2026-07-09 08:20:00,4939.45
2026-07-09 08:30:00,4442.000000000001
2026-07-09 08:40:00,4570.65
2026-07-09 08:50:00,4158.866666666666
2026-07-09 09:00:00,6149.05
2026-07-09 09:10:00,5961.600000000001
2026-07-09 09:20:00,4058.9
2026-07-09 09:30:00,4872.099999999999
2026-07-09 09:40:00,5894.2
2026-07-09 09:50:00,3776.1
2026-07-09 10:00:00,2641.8
2026-07-09 10:10:00,5068.5
2026-07-09 10:20:00,5326.549999999999
2026-07-09 10:30:00,8624.533333333333
2026-07-09 10:40:00,7083.45
2026-07-09 10:50:00,5134.433333333333
2026-07-09 11:00:00,5239.45
2026-07-09 11:10:00,5925.6875
2026-07-09 11:20:00,6836.1
2026-07-09 11:30:00,3571.1
2026-07-09 11:40:00,5757.700000000001
2026-07-09 11:50:00,14553.199999999999
2026-07-09 12:00:00,14974.666666666666
2026-07-09 12:10:00,7421.05
2026-07-09 12:20:00,12277.366666666667
2026-07-09 12:30:00,9628.45
2026-07-09 12:40:00,11209.333333333334
2026-07-09 12:50:00,12187.4
2026-07-09 13:00:00,13151.1
2026-07-09 13:10:00,15121.6
2026-07-09 13:20:00,10982.1
2026-07-09 13:30:00,8674.7
2026-07-09 13:40:00,9314.800000000001
2026-07-09 13:50:00,10682.099999999999
2026-07-09 14:00:00,11840.833333333334
2026-07-09 14:10:00,10766
2026-07-09 14:20:00,12026.1
2026-07-09 14:30:00,10577.1
2026-07-09 14:40:00,12174.5
2026-07-09 14:50:00,10453.1
2026-07-09 15:00:00,7194.200000000001
2026-07-09 15:10:00,5894.233333333334
2026-07-09 15:20:00,4618
2026-07-09 15:30:00,4373.933333333333
2026-07-09 15:40:00,3410.55
2026-07-09 15:50:00,2925.2666666666664
2026-07-09 16:00:00,2235.3500000000004
2026-07-09 16:10:00,2408.433333333333
2026-07-09 16:20:00,2438.55
2026-07-09 16:30:00,2364.733333333333
2026-07-09 16:40:00,2493.3999999999996
2026-07-09 16:50:00,2168.3333333333335
2026-07-09 17:00:00,2013.85
2026-07-09 17:10:00,2180.5
2026-07-09 17:20:00,1855.8
2026-07-09 17:30:00,1199.9
2026-07-09 17:40:00,762.35
2026-07-09 17:50:00,446.56666666666666
2026-07-09 18:00:00,155.9
2026-07-09 18:10:00,71.69999999999999
2026-07-09 18:20:00,12.95
2026-07-09 18:30:00,4.3
2026-07-09 18:40:00,4.3
2026-07-09 18:50:00,4.3
2026-07-09 19:00:00,4.3
2026-07-09 19:10:00,4.3
2026-07-09 19:20:00,4.3
2026-07-09 19:30:00,4.3
2026-07-09 19:40:00,4.3
2026-07-09 19:50:00,4.3
2026-07-09 20:00:00,4.3
2026-07-09 20:10:00,4.3
2026-07-09 20:20:00,4.3
2026-07-09 20:30:00,4.3
2026-07-09 20:40:00,4.3
2026-07-09 20:50:00,3.6
2026-07-09 21:00:00,4.3
2026-07-09 21:10:00,2.2
2026-07-09 21:20:00,3.25
2026-07-09 21:30:00,2.9
2026-07-09 21:40:00,4.3
2026-07-09 21:50:00,4.3
2026-07-09 22:00:00,4.3
2026-07-09 22:10:00,4.3
2026-07-09 22:20:00,3.25
2026-07-09 23:00:00,4.3
2026-07-09 23:10:00,4.3
2026-07-09 23:20:00,3.6
2026-07-09 23:30:00,2.2
2026-07-09 23:40:00,2.9
2026-07-09 23:50:00,2.2
2026-07-10 00:00:00,2.2
2026-07-10 00:10:00,3.25
2026-07-10 00:20:00,3.6
2026-07-10 00:30:00,2.2
2026-07-10 00:40:00,2.2
2026-07-10 00:50:00,3.25
2026-07-10 01:00:00,2.2
2026-07-10 01:10:00,4.3
2026-07-10 01:20:00,4.3
2026-07-10 01:30:00,4.3
2026-07-10 01:40:00,4.3
2026-07-10 01:50:00,3.25
2026-07-10 02:00:00,4.3
2026-07-10 02:10:00,4.3
2026-07-10 02:20:00,4.3
2026-07-10 02:30:00,4.3
2026-07-10 02:40:00,4.3
2026-07-10 02:50:00,4.3
2026-07-10 03:00:00,4.3
2026-07-10 03:10:00,4.3
2026-07-10 03:20:00,4.3
2026-07-10 03:30:00,4.3
2026-07-10 03:40:00,4.3
2026-07-10 03:50:00,4.3
2026-07-10 04:00:00,3.6
2026-07-10 04:10:00,4.3
2026-07-10 04:20:00,4.3
2026-07-10 04:30:00,2.2
2026-07-10 04:40:00,3.6
2026-07-10 04:50:00,4.3
2026-07-10 05:00:00,4.3
2026-07-10 05:10:00,5.4
2026-07-10 05:20:00,28.7
2026-07-10 05:30:00,90.3
2026-07-10 05:40:00,288.8666666666667
2026-07-10 05:50:00,555.85
2026-07-10 06:00:00,850.8666666666667
2026-07-10 06:10:00,1215
2026-07-10 06:20:00,1620.7
2026-07-10 06:30:00,2011.7
2026-07-10 06:40:00,2342.5
2026-07-10 06:50:00,2604.15
2026-07-10 07:00:00,2984.033333333333
2026-07-10 07:10:00,4330.9
2026-07-10 07:20:00,4289.333333333333
2026-07-10 07:30:00,4633
2026-07-10 07:40:00,4787.5
2026-07-10 07:50:00,6215.7
2026-07-10 08:00:00,7740
2026-07-10 08:10:00,8430.65
2026-07-10 08:20:00,9589.333333333334
2026-07-10 08:30:00,7411.35
2026-07-10 08:40:00,14374.699999999999
2026-07-10 08:50:00,13132.5
2026-07-10 09:00:00,12894.900000000001
2026-07-10 09:10:00,8214.533333333333
2026-07-10 09:20:00,5236.25
2026-07-10 09:30:00,3462.133333333333
2026-07-10 09:40:00,3315.9
2026-07-10 09:50:00,4623.333333333333
2026-07-10 10:00:00,6887.700000000001
2026-07-10 10:10:00,7497
2026-07-10 10:20:00,6902.8
2026-07-10 10:30:00,6843.333333333333
2026-07-10 10:40:00,6928.55
2026-07-10 10:50:00,6141.566666666666
2026-07-10 11:00:00,6798.5
2026-07-10 11:10:00,4913.633333333333
2026-07-10 11:20:00,5277.1
2026-07-10 11:30:00,4432.7
2026-07-10 11:40:00,6465.15
2026-07-10 11:50:00,7656.866666666666
2026-07-10 12:00:00,7098.45
2026-07-10 12:10:00,6433.266666666666
2026-07-10 12:20:00,7470.5
2026-07-10 12:30:00,7138.633333333334
2026-07-10 12:40:00,6938.299999999999
2026-07-10 12:50:00,7164.400000000001
2026-07-10 13:00:00,6593.15
2026-07-10 13:10:00,5907.166666666667
2026-07-10 13:20:00,6771.6
2026-07-10 13:30:00,6525.066666666667
2026-07-10 13:40:00,6502.8
2026-07-10 13:50:00,4613.333333333333
2026-07-10 14:00:00,3878.25
2026-07-10 14:10:00,3614.866666666667
2026-07-10 14:20:00,2506.3
2026-07-10 14:30:00,2357.566666666667
2026-07-10 14:40:00,2749.3
2026-07-10 14:50:00,2493.733333333333
2026-07-10 15:00:00,2728.85
2026-07-10 15:10:00,1706.6666666666667
2026-07-10 15:20:00,1639.7
2026-07-10 15:30:00,2290.1666666666665
2026-07-10 15:40:00,2691.25
2026-07-10 15:50:00,2878.6666666666665
2026-07-10 16:00:00,2983.7
2026-07-10 16:10:00,3199.066666666667
2026-07-10 16:20:00,3337.45
2026-07-10 16:30:00,3205.5
2026-07-10 16:40:00,2967.55
2026-07-10 16:50:00,2751.7999999999997
2026-07-10 17:00:00,2278.35
2026-07-10 17:10:00,1693.0666666666666
2026-07-10 17:20:00,985.9499999999999
2026-07-10 17:30:00,465.93333333333334
2026-07-10 17:40:00,298.95000000000005
2026-07-10 17:50:00,203.56666666666663
2026-07-10 18:00:00,81.7
2026-07-10 18:10:00,30.833333333333332
2026-07-10 18:20:00,5.4
2026-07-10 18:30:00,4.3
2026-07-10 18:40:00,4.3
2026-07-10 18:50:00,4.3
2026-07-10 19:00:00,4.3
2026-07-10 19:10:00,4.3
2026-07-10 19:20:00,4.3
2026-07-10 19:30:00,4.3
2026-07-10 19:40:00,4.3
2026-07-10 19:50:00,4.3
2026-07-10 20:00:00,4.3
2026-07-10 20:10:00,4.3
2026-07-10 20:20:00,4.3
2026-07-10 20:30:00,2.2
2026-07-10 20:40:00,4.3
2026-07-10 20:50:00,3.25
2026-07-10 21:00:00,4.3
2026-07-10 21:10:00,4.3
2026-07-10 21:20:00,4.3
2026-07-10 21:30:00,4.3
2026-07-10 21:40:00,4.3
2026-07-10 21:50:00,4.3
2026-07-10 22:00:00,4.3
2026-07-10 22:10:00,4.3
2026-07-10 22:20:00,4.3
2026-07-10 22:30:00,4.3
2026-07-10 22:40:00,4.3
2026-07-10 22:50:00,4.3
2026-07-10 23:00:00,4.3
2026-07-10 23:10:00,4.3
2026-07-10 23:20:00,4.3
2026-07-10 23:30:00,4.3
2026-07-10 23:40:00,4.3
2026-07-10 23:50:00,4.3
2026-07-11 00:00:00,4.3
2026-07-11 00:10:00,4.3
2026-07-11 00:20:00,4.3
2026-07-11 00:30:00,4.3
2026-07-11 00:40:00,4.3
2026-07-11 00:50:00,4.3
2026-07-11 01:00:00,4.3
2026-07-11 01:10:00,4.3
2026-07-11 01:20:00,4.3
2026-07-11 01:30:00,4.3
2026-07-11 01:40:00,4.3
2026-07-11 01:50:00,4.3
2026-07-11 02:00:00,4.3
2026-07-11 02:10:00,4.3
2026-07-11 02:20:00,4.3
2026-07-11 02:30:00,4.3
2026-07-11 02:40:00,4.3
2026-07-11 02:50:00,4.3
2026-07-11 03:00:00,4.3
2026-07-11 03:10:00,4.3
2026-07-11 03:20:00,4.3
2026-07-11 03:30:00,4.3
2026-07-11 03:40:00,4.3
2026-07-11 03:50:00,4.3
2026-07-11 04:00:00,4.3
2026-07-11 04:10:00,4.3
2026-07-11 04:20:00,4.3
2026-07-11 04:30:00,4.3
2026-07-11 04:40:00,4.3
2026-07-11 04:50:00,4.3
2026-07-11 05:00:00,4.3
2026-07-11 05:10:00,5.4
2026-07-11 05:20:00,18.633333333333336
2026-07-11 05:30:00,45.15
2026-07-11 05:40:00,173.4666666666667
2026-07-11 05:50:00,411.8
2026-07-11 06:00:00,799.2333333333332
2026-07-11 06:10:00,1348.3
2026-07-11 06:20:00,1911.7
2026-07-11 06:30:00,2363.3
2026-07-11 06:40:00,2780.466666666667
2026-07-11 06:50:00,3296.55
2026-07-11 07:00:00,3723.066666666667
2026-07-11 07:10:00,4108.35
2026-07-11 07:20:00,4437
2026-07-11 07:30:00,4998.6
2026-07-11 07:40:00,5237.633333333333
2026-07-11 07:50:00,5549.1
2026-07-11 08:00:00,5496.4
2026-07-11 08:10:00,4989.599999999999
2026-07-11 08:20:00,5628.65
2026-07-11 08:30:00,5514.333333333333
2026-07-11 08:40:00,5746.9
2026-07-11 08:50:00,5695.7
2026-07-11 09:00:00,5279.200000000001
2026-07-11 09:10:00,4518.7
2026-07-11 09:20:00,4900.75
2026-07-11 09:30:00,5292.866666666666
2026-07-11 09:40:00,5822.200000000001
2026-07-11 09:50:00,5792.466666666667
2026-07-11 10:00:00,6195.3
2026-07-11 10:10:00,6867.666666666667
2026-07-11 10:20:00,5997.5
2026-07-11 10:30:00,7216.066666666667
2026-07-11 10:40:00,8309.15
2026-07-11 10:50:00,6232.566666666667
2026-07-11 11:00:00,6050.15
2026-07-11 11:10:00,4173.933333333333
2026-07-11 11:20:00,4841.65
2026-07-11 11:30:00,6531.466666666667
2026-07-11 11:40:00,14056.099999999999
2026-07-11 11:50:00,14352.5
2026-07-11 12:00:00,9574.7
2026-07-11 12:10:00,10430.866666666667
2026-07-11 12:20:00,9751
2026-07-11 12:30:00,9991.466666666667
2026-07-11 12:40:00,11317.55
2026-07-11 12:50:00,8134.966666666666
2026-07-11 13:00:00,3107.3500000000004
2026-07-11 13:10:00,2655.733333333333
2026-07-11 13:20:00,3226.7
2026-07-11 13:30:00,3190.125
2026-07-11 13:40:00,3798.2999999999997
2026-07-11 13:50:00,3970.1499999999996
2026-07-11 14:00:00,2293.766666666667
2026-07-11 14:10:00,2142.4999999999995
2026-07-11 14:20:00,1164.45
2026-07-11 14:30:00,1155.4666666666667
2026-07-11 14:40:00,2278.35
2026-07-11 14:50:00,2234.266666666667
2026-07-11 15:00:00,2332.15
2026-07-11 15:10:00,2685.866666666667
2026-07-11 15:20:00,2939.6
2026-07-11 15:30:00,3296.566666666667
2026-07-11 16:10:00,1875.1
2026-07-11 16:20:00,2435.3
2026-07-11 16:30:00,3262.1666666666665
2026-07-11 16:40:00,3217
2026-07-11 16:50:00,2965.4
2026-07-11 17:00:00,2574.05
2026-07-11 17:10:00,2019.2
2026-07-11 17:20:00,1503.15
2026-07-11 17:30:00,1095.2666666666667
2026-07-11 17:40:00,730.05
2026-07-11 17:50:00,346.2
2026-07-11 18:00:00,108.6
2026-07-11 18:10:00,37.300000000000004
2026-07-11 18:20:00,8.65
2026-07-11 18:30:00,4.3
2026-07-11 18:40:00,4.3
2026-07-11 18:50:00,4.3
2026-07-11 19:00:00,4.3
2026-07-11 19:10:00,4.3
2026-07-11 19:20:00,4.3
2026-07-11 19:30:00,4.3
2026-07-11 19:40:00,4.3
2026-07-11 19:50:00,4.3
2026-07-11 20:00:00,4.3
2026-07-11 20:10:00,4.3
2026-07-11 20:20:00,4.3
2026-07-11 20:30:00,4.3
2026-07-11 20:40:00,4.3
2026-07-11 20:50:00,4.3
2026-07-11 21:00:00,4.3
2026-07-11 21:10:00,4.3
2026-07-11 21:20:00,4.3
2026-07-11 21:30:00,4.3
2026-07-11 21:40:00,4.3
2026-07-11 21:50:00,4.3
2026-07-11 22:00:00,4.3
2026-07-11 22:10:00,4.3
2026-07-11 22:20:00,4.3
2026-07-11 22:30:00,4.3
2026-07-11 22:40:00,4.3
2026-07-11 22:50:00,4.3
2026-07-11 23:00:00,4.3
2026-07-11 23:10:00,4.3
2026-07-11 23:20:00,4.3
2026-07-11 23:30:00,4.3
2026-07-11 23:40:00,4.3
2026-07-11 23:50:00,4.3
2026-07-12 00:00:00,4.3
2026-07-12 00:10:00,4.3
2026-07-12 00:20:00,4.3
2026-07-12 00:30:00,4.3
2026-07-12 00:40:00,4.3
2026-07-12 00:50:00,4.3
2026-07-12 01:00:00,4.3
2026-07-12 01:10:00,4.3
2026-07-12 01:20:00,4.3
2026-07-12 01:30:00,4.3
2026-07-12 01:40:00,4.3
2026-07-12 01:50:00,4.3
2026-07-12 02:00:00,4.3
2026-07-12 02:10:00,4.3
2026-07-12 02:20:00,4.3
2026-07-12 02:30:00,4.3
2026-07-12 02:40:00,4.3
2026-07-12 02:50:00,4.3
2026-07-12 03:00:00,4.3
2026-07-12 03:10:00,4.3
2026-07-12 03:20:00,4.3
2026-07-12 03:30:00,4.3
2026-07-12 03:40:00,4.3
2026-07-12 03:50:00,4.3
2026-07-12 04:00:00,4.3
2026-07-12 04:10:00,4.3
2026-07-12 04:20:00,4.3
2026-07-12 04:30:00,4.3
2026-07-12 04:40:00,4.3
2026-07-12 04:50:00,4.3
2026-07-12 05:00:00,4.3
2026-07-12 05:10:00,4.3
2026-07-12 05:20:00,17.933333333333334
2026-07-12 05:30:00,62.4
2026-07-12 05:40:00,220.03333333333333
2026-07-12 05:50:00,421.45
2026-07-12 06:00:00,651.5666666666666
2026-07-12 06:10:00,890.25
2026-07-12 06:20:00,1079.5
2026-07-12 06:30:00,1310.7
2026-07-12 06:40:00,1651.5
2026-07-12 06:50:00,2176.2
2026-07-12 07:00:00,2612.0333333333333
2026-07-12 07:10:00,2677.9666666666667
2026-07-12 07:20:00,2871.85
2026-07-12 07:30:00,2607.7
2026-07-12 07:40:00,2262.2
2026-07-12 07:50:00,3272.2000000000003
2026-07-12 08:00:00,3885.8
2026-07-12 08:10:00,3962.5
2026-07-12 08:20:00,3801.95
2026-07-12 08:30:00,4652.033333333333
2026-07-12 08:40:00,4709.4
2026-07-12 08:50:00,5234.066666666667
2026-07-12 09:00:00,4913.65
2026-07-12 09:10:00,4500.8
2026-07-12 09:20:00,6622.15
2026-07-12 09:30:00,5421.900000000001
2026-07-12 09:40:00,5369.55
2026-07-12 09:50:00,6678.433333333333
2026-07-12 10:00:00,6738.299999999999
2026-07-12 10:10:00,6742.933333333333
2026-07-12 10:20:00,5643.75
2026-07-12 10:30:00,4313.7
2026-07-12 10:40:00,5372.75
2026-07-12 10:50:00,6973.766666666666
2026-07-12 11:00:00,6823.2
2026-07-12 11:10:00,4575.333333333334
2026-07-12 11:20:00,6145.85
2026-07-12 11:30:00,7200.266666666667
2026-07-12 11:40:00,7760.75
2026-07-12 11:50:00,9765.666666666668
2026-07-12 12:00:00,10828.35
2026-07-12 12:10:00,10512.6
2026-07-12 12:20:00,5363.1
2026-07-12 12:30:00,4093.6333333333337
2026-07-12 12:40:00,2604.15
2026-07-12 12:50:00,3485.1
2026-07-12 13:00:00,6500.65
2026-07-12 13:10:00,7757.933333333334
2026-07-12 13:20:00,6968.4
2026-07-12 13:30:00,8312.733333333334
2026-07-12 13:40:00,8464
2026-07-12 13:50:00,8774.333333333334
2026-07-12 14:00:00,8768.25
2026-07-12 14:10:00,8585.833333333334
2026-07-12 14:20:00,8187.65
2026-07-12 14:30:00,7662.566666666667
2026-07-12 14:40:00,6786.65
2026-07-12 14:50:00,5105.8
2026-07-12 15:00:00,4388.950000000001
2026-07-12 15:10:00,4281.433333333333
2026-07-12 15:20:00,3880.4
2026-07-12 15:30:00,4415.5
2026-07-12 15:40:00,5560.95
2026-07-12 15:50:00,4224.1
2026-07-12 16:00:00,2975.1000000000004
2026-07-12 16:10:00,2541.0666666666666
2026-07-12 16:20:00,3505.1499999999996
2026-07-12 16:30:00,3386.1666666666665
2026-07-12 16:40:00,3250.35
2026-07-12 16:50:00,3239.933333333333
2026-07-12 17:00:00,2890.1499999999996
2026-07-12 17:10:00,2319.5666666666666
2026-07-12 17:20:00,1817.1
2026-07-12 17:30:00,1323.2
2026-07-12 17:40:00,778.45
2026-07-12 17:50:00,425.06666666666666
2026-07-12 18:00:00,165.55
2026-07-12 18:10:00,47.333333333333336
2026-07-12 18:20:00,8.65
2026-07-12 18:30:00,4.3
2026-07-12 18:40:00,4.3
2026-07-12 18:50:00,4.3
2026-07-12 19:00:00,4.3
2026-07-12 19:10:00,4.3
2026-07-12 19:20:00,4.3
2026-07-12 19:30:00,4.3
2026-07-12 19:40:00,4.3
2026-07-12 19:50:00,4.3
2026-07-12 20:00:00,4.3
2026-07-12 20:10:00,4.3
2026-07-12 20:20:00,4.3
2026-07-12 20:30:00,4.3
2026-07-12 20:40:00,4.3
2026-07-12 20:50:00,4.3
2026-07-12 21:00:00,4.3
2026-07-12 21:10:00,4.3
2026-07-12 21:20:00,4.3
2026-07-12 21:30:00,4.3
2026-07-12 21:40:00,4.3
2026-07-12 21:50:00,4.3
2026-07-12 22:00:00,4.3
2026-07-12 22:10:00,4.3
2026-07-12 22:20:00,4.3
2026-07-12 22:30:00,4.3
2026-07-12 22:40:00,4.3
2026-07-12 22:50:00,4.3
2026-07-12 23:00:00,4.3
2026-07-12 23:10:00,4.3
2026-07-12 23:20:00,4.3
2026-07-12 23:30:00,4.3
2026-07-12 23:40:00,4.3
2026-07-12 23:50:00,4.3
2026-07-13 00:00:00,4.3
2026-07-13 00:10:00,4.3
2026-07-13 00:20:00,4.3
2026-07-13 00:30:00,4.3
2026-07-13 00:40:00,4.3
2026-07-13 00:50:00,4.3
2026-07-13 01:00:00,4.3
2026-07-13 01:10:00,4.3
2026-07-13 01:20:00,4.3
2026-07-13 01:30:00,4.3
2026-07-13 01:40:00,4.3
2026-07-13 01:50:00,4.3
2026-07-13 02:00:00,4.3
2026-07-13 02:10:00,4.3
2026-07-13 02:20:00,4.3
2026-07-13 02:30:00,4.3
2026-07-13 02:40:00,4.3
2026-07-13 02:50:00,4.3
2026-07-13 03:00:00,4.3
2026-07-13 03:10:00,4.3
2026-07-13 03:20:00,4.3
2026-07-13 03:30:00,4.3
2026-07-13 03:40:00,4.3
2026-07-13 03:50:00,4.3
2026-07-13 04:00:00,4.3
2026-07-13 04:10:00,4.3
2026-07-13 04:20:00,4.3
2026-07-13 04:30:00,4.3
2026-07-13 04:40:00,4.3
2026-07-13 04:50:00,4.3
2026-07-13 05:00:00,4.3
2026-07-13 05:10:00,6.449999999999999
2026-07-13 05:20:00,33.699999999999996
2026-07-13 05:30:00,111.8
2026-07-13 05:40:00,286.73333333333335
2026-07-13 05:50:00,459.1
2026-07-13 06:00:00,802.8333333333334
2026-07-13 06:10:00,1317.15
2026-07-13 06:20:00,1633.6000000000001
2026-07-13 06:30:00,1756.9
2026-07-13 06:40:00,2414.9
2026-07-13 06:50:00,2714.9
2026-07-13 07:00:00,3093.35
2026-07-13 07:10:00,4297.933333333333
2026-07-13 07:20:00,5742.65
2026-07-13 07:30:00,5416.866666666667
2026-07-13 07:40:00,5837.25
2026-07-13 07:50:00,5781
2026-07-13 08:00:00,5705
2026-07-13 08:10:00,6380.933333333333
2026-07-13 08:20:00,6830.75
2026-07-13 08:30:00,7039
2026-07-13 08:40:00,10982.1
2026-07-13 08:50:00,9277.533333333333
2026-07-13 09:00:00,8419.9
2026-07-13 09:10:00,9557.800000000001
2026-07-13 09:50:00,8367.2
2026-07-13 10:00:00,8963.95
2026-07-13 10:10:00,9419.466666666667
2026-07-13 10:20:00,7561.85
2026-07-13 10:30:00,8297.666666666666
2026-07-13 10:40:00,7975.85
2026-07-13 10:50:00,8629.566666666666
2026-07-13 11:00:00,9775.7
2026-07-13 11:10:00,8390.133333333333
2026-07-13 11:20:00,8629.55
2026-07-13 11:30:00,7251.133333333334
2026-07-13 11:40:00,7465.15
2026-07-13 11:50:00,6244.733333333333
2026-07-13 12:00:00,5373.85
2026-07-13 12:10:00,4214.8
2026-07-13 12:20:00,2594.45
2026-07-13 12:30:00,3682.9
2026-07-13 12:40:00,4159.95
2026-07-13 12:50:00,5808.933333333333
2026-07-13 13:00:00,9015.55
2026-07-13 13:10:00,7246.133333333334
2026-07-13 13:20:00,3021.3
2026-07-13 13:30:00,2892.2999999999997
2026-07-13 13:40:00,4009.4500000000003
2026-07-13 13:50:00,5554.5
2026-07-13 14:00:00,4333.033333333333
2026-07-13 14:10:00,1700.6000000000001
2026-07-13 14:20:00,2918.075
2026-07-13 14:30:00,4152.400000000001
2026-07-13 14:40:00,4427.666666666667
2026-07-13 14:50:00,3953.1666666666665
2026-07-13 15:00:00,3575.05
2026-07-13 15:10:00,2958.2333333333336
2026-07-13 15:20:00,2119.2
2026-07-13 15:30:00,1317.5
2026-07-13 15:40:00,976.25
2026-07-13 15:50:00,934.7000000000002
2026-07-13 16:00:00,919.3
2026-07-13 16:10:00,793.5
2026-07-13 16:20:00,685.95
2026-07-13 16:30:00,583.5
2026-07-13 16:40:00,471.6333333333334
2026-07-13 16:50:00,437.96666666666664
2026-07-13 17:00:00,471.6333333333334
2026-07-13 17:10:00,474.5333333333333
2026-07-13 17:20:00,490.26666666666665
2026-07-13 17:30:00,481.6666666666667
2026-07-13 17:40:00,404.3
2026-07-13 17:50:00,233.66666666666666
2026-07-13 18:00:00,93.55
2026-07-13 18:10:00,31.566666666666663
2026-07-13 18:20:00,6.449999999999999
2026-07-13 18:30:00,4.3
2026-07-13 18:40:00,4.3
2026-07-13 18:50:00,4.3
2026-07-13 19:00:00,4.3
2026-07-13 19:10:00,4.3
2026-07-13 19:20:00,4.3
2026-07-13 19:30:00,4.3
2026-07-13 19:40:00,4.3
2026-07-13 19:50:00,4.3
2026-07-13 20:00:00,4.3
2026-07-13 20:10:00,4.3
2026-07-13 20:20:00,4.3
2026-07-13 20:30:00,4.3
2026-07-13 20:40:00,4.3
2026-07-13 20:50:00,4.3
2026-07-13 21:00:00,4.3
2026-07-13 21:10:00,4.3
2026-07-13 21:20:00,4.3
2026-07-13 21:30:00,4.3
2026-07-13 21:40:00,4.3
2026-07-13 21:50:00,4.3
2026-07-13 22:00:00,4.3
2026-07-13 22:10:00,4.3
2026-07-13 22:20:00,4.3
2026-07-13 22:30:00,4.3
2026-07-13 22:40:00,4.3
2026-07-13 22:50:00,4.3
2026-07-13 23:00:00,4.3
2026-07-13 23:10:00,4.3
2026-07-13 23:20:00,4.3
2026-07-13 23:30:00,4.3
2026-07-13 23:40:00,4.3
2026-07-13 23:50:00,4.3
2026-07-14 00:00:00,4.3
2026-07-14 00:10:00,4.3
2026-07-14 00:20:00,4.3
2026-07-14 00:30:00,4.3
2026-07-14 00:40:00,4.3
2026-07-14 00:50:00,4.3
2026-07-14 01:00:00,4.3
2026-07-14 01:10:00,4.3
2026-07-14 01:20:00,4.3
2026-07-14 01:30:00,4.3
2026-07-14 01:40:00,4.3
2026-07-14 01:50:00,4.3
2026-07-14 02:00:00,4.3
2026-07-14 02:10:00,4.3
2026-07-14 02:20:00,4.3
2026-07-14 02:30:00,4.3
2026-07-14 02:40:00,4.3
2026-07-14 02:50:00,4.3
2026-07-14 03:00:00,4.3
2026-07-14 03:10:00,4.3
2026-07-14 03:20:00,4.3
2026-07-14 03:30:00,4.3
2026-07-14 03:40:00,4.3
2026-07-14 03:50:00,4.3
2026-07-14 04:00:00,4.3
2026-07-14 04:10:00,4.3
2026-07-14 04:20:00,4.3
2026-07-14 04:30:00,4.3
2026-07-14 04:40:00,4.3
2026-07-14 04:50:00,4.3
2026-07-14 05:00:00,4.3
2026-07-14 05:10:00,5.4
2026-07-14 05:20:00,15.799999999999999
2026-07-14 05:30:00,45.2
2026-07-14 05:40:00,137.63333333333333
2026-07-14 05:50:00,315.05
2026-07-14 06:00:00,539
2026-07-14 06:10:00,827.9
2026-07-14 06:20:00,1341.8666666666666
2026-07-14 06:30:00,1942.8500000000001
2026-07-14 06:40:00,2553.233333333333
2026-07-14 06:50:00,3220.25
2026-07-14 07:00:00,4019.066666666667
2026-07-14 07:10:00,4576.05
2026-07-14 07:20:00,4892.166666666667
2026-07-14 07:30:00,8486.55
2026-07-14 07:40:00,7337.133333333334
2026-07-14 07:50:00,6773.75
2026-07-14 08:00:00,6886.266666666666
2026-07-14 08:10:00,6935.049999999999
2026-07-14 08:20:00,6681.3
2026-07-14 08:30:00,6734
2026-07-14 08:40:00,6182.366666666666
2026-07-14 08:50:00,6153.35
2026-07-14 09:00:00,5816.100000000001
2026-07-14 09:10:00,5374.950000000001
2026-07-14 09:20:00,5236.233333333334
2026-07-14 09:30:00,5469.549999999999
2026-07-14 09:40:00,6251.933333333334
2026-07-14 09:50:00,7596.3
2026-07-14 10:00:00,8407.366666666667
2026-07-14 10:10:00,8346.8
2026-07-14 10:20:00,8409.5
2026-07-14 10:30:00,10327.3
2026-07-14 10:40:00,12741.833333333334
2026-07-14 10:50:00,11686.35
2026-07-14 11:30:00,15695.8
2026-07-14 11:40:00,13195.9
2026-07-14 11:50:00,14698
2026-07-14 12:00:00,16142
2026-07-14 12:10:00,13494.466666666667
2026-07-14 12:20:00,14480.8
2026-07-14 12:30:00,15609.033333333335
2026-07-14 12:40:00,11425.099999999999
2026-07-14 12:50:00,10311.133333333333
2026-07-14 13:00:00,10908.95
2026-07-14 13:10:00,12324.633333333333
2026-07-14 13:20:00,12002.45
2026-07-14 13:30:00,11501.033333333333
2026-07-14 13:40:00,13004.55
2026-07-14 13:50:00,12528.233333333332
2026-07-14 14:00:00,10121.9
2026-07-14 14:10:00,9456.733333333335
2026-07-14 14:20:00,15149.55
2026-07-14 14:30:00,7921.333333333333
2026-07-14 14:40:00,8025.3
2026-07-14 14:50:00,7356.533333333334
2026-07-14 15:00:00,6644.75
2026-07-14 15:10:00,4522.266666666667
2026-07-14 15:20:00,4726.55
2026-07-14 15:30:00,4393.266666666666
2026-07-14 15:40:00,4448.1
2026-07-14 15:50:00,3553.9
2026-07-14 16:00:00,2943.9
2026-07-14 16:10:00,4161.033333333333
2026-07-14 16:20:00,6681.25
2026-07-14 16:30:00,3110.2333333333336
2026-07-14 16:40:00,2563.3
2026-07-14 16:50:00,2958.933333333334
2026-07-14 17:00:00,3599.75
2026-07-14 17:10:00,2718.8333333333335
2026-07-14 17:20:00,1962.25
2026-07-14 17:30:00,1983.3999999999999
2026-07-14 17:40:00,1293.5
2026-07-14 17:50:00,343.3333333333333
2026-07-14 18:00:00,124.75
2026-07-14 18:10:00,47.333333333333336
2026-07-14 18:20:00,8.65
2026-07-14 18:30:00,4.3
2026-07-14 18:40:00,4.3
2026-07-14 18:50:00,4.3
2026-07-14 19:00:00,4.3
2026-07-14 19:10:00,4.3
2026-07-14 19:20:00,4.3
2026-07-14 19:30:00,4.3
2026-07-14 19:40:00,4.3
2026-07-14 19:50:00,4.3
2026-07-14 20:00:00,4.3
2026-07-14 20:10:00,4.3
2026-07-14 20:20:00,4.3
2026-07-14 20:30:00,4.3
2026-07-14 20:40:00,4.3
2026-07-14 20:50:00,4.3
2026-07-14 21:00:00,4.3
2026-07-14 21:10:00,4.3
2026-07-14 21:20:00,4.3
2026-07-14 21:30:00,4.3
2026-07-14 21:40:00,4.3
2026-07-14 21:50:00,4.3
2026-07-14 22:00:00,4.3
2026-07-14 22:10:00,4.3
2026-07-14 22:20:00,4.3
2026-07-14 22:30:00,4.3
2026-07-14 22:40:00,4.3
2026-07-14 22:50:00,4.3
2026-07-14 23:00:00,4.3
2026-07-14 23:10:00,4.3
2026-07-14 23:20:00,4.3
2026-07-14 23:30:00,4.3
2026-07-14 23:40:00,4.3
2026-07-14 23:50:00,4.3
2026-07-15 00:00:00,4.3
2026-07-15 00:10:00,4.3
2026-07-15 00:20:00,4.3
2026-07-15 00:30:00,4.3
2026-07-15 00:40:00,4.3
2026-07-15 00:50:00,4.3
2026-07-15 01:00:00,4.3
2026-07-15 01:10:00,4.3
2026-07-15 01:20:00,4.3
2026-07-15 01:30:00,4.3
2026-07-15 01:40:00,4.3
2026-07-15 01:50:00,4.3
2026-07-15 02:00:00,4.3
2026-07-15 02:10:00,4.3
2026-07-15 02:20:00,4.3
2026-07-15 02:30:00,4.3
2026-07-15 02:40:00,4.3
2026-07-15 02:50:00,4.3
2026-07-15 03:00:00,4.3
2026-07-15 03:10:00,4.3
2026-07-15 03:20:00,4.3
2026-07-15 03:30:00,4.3
2026-07-15 03:40:00,4.3
2026-07-15 03:50:00,4.3
2026-07-15 04:00:00,4.3
2026-07-15 04:10:00,4.3
2026-07-15 04:20:00,4.3
2026-07-15 04:30:00,4.3
2026-07-15 04:40:00,4.3
2026-07-15 04:50:00,4.3
2026-07-15 05:00:00,4.3
2026-07-15 05:10:00,5.4
2026-07-15 05:20:00,32.266666666666666
2026-07-15 05:30:00,133.35
2026-07-15 05:40:00,445.8666666666666
2026-07-15 05:50:00,829
2026-07-15 06:00:00,2079.4333333333334
2026-07-15 06:10:00,3166.5
2026-07-15 06:20:00,3585.433333333333
2026-07-15 06:30:00,2934.25
2026-07-15 06:40:00,5772.399999999999
2026-07-15 06:50:00,6177.05
2026-07-15 07:00:00,6945.066666666667
2026-07-15 07:10:00,8162.900000000001
2026-07-15 07:20:00,8431
2026-07-15 07:30:00,10078.9
2026-07-15 07:40:00,8920.566666666668
2026-07-15 07:50:00,7819.95
2026-07-15 08:00:00,4659.233333333334
2026-07-15 08:10:00,3365.3999999999996
2026-07-15 08:20:00,2660.0666666666666
2026-07-15 08:30:00,3640.65
2026-07-15 08:40:00,4270.700000000001
2026-07-15 08:50:00,3892.9666666666667
2026-07-15 09:00:00,4657.75
2026-07-15 09:10:00,6016.833333333333
2026-07-15 09:20:00,7995.200000000001
2026-07-15 09:30:00,6778.8
2026-07-15 09:40:00,5877.05
2026-07-15 09:50:00,6717.833333333333
2026-07-15 10:00:00,7278.049999999999
2026-07-15 10:10:00,7527.100000000001
2026-07-15 10:20:00,7214.6
2026-07-15 10:30:00,7006
2026-07-15 10:40:00,8044.65
2026-07-15 10:50:00,7322.133333333334
2026-07-15 11:00:00,7635
2026-07-15 11:10:00,6343.666666666667
2026-07-15 11:20:00,7819.9
2026-07-15 11:30:00,6897.033333333333
2026-07-15 11:40:00,6730.75
2026-07-15 11:50:00,8397.300000000001
2026-07-15 12:00:00,11318.650000000001
2026-07-15 12:10:00,13057.233333333332
2026-07-15 12:20:00,9017.7
2026-07-15 12:30:00,11514.666666666666
2026-07-15 12:40:00,7964
2026-07-15 12:50:00,7622.466666666667
2026-07-15 13:00:00,7652.200000000001
2026-07-15 13:10:00,8397.300000000001
2026-07-15 13:20:00,7396.299999999999
2026-07-15 13:30:00,8833.833333333334
2026-07-15 13:40:00,6374.9
2026-07-15 13:50:00,11034.4
2026-07-15 14:00:00,8760.75
2026-07-15 14:10:00,9392.933333333332
2026-07-15 14:20:00,8401.6
2026-07-15 14:30:00,6396.733333333334
2026-07-15 14:40:00,4385.75
2026-07-15 14:50:00,3702.2666666666664
2026-07-15 15:00:00,1361.2
2026-07-15 15:10:00,916.0666666666666
2026-07-15 15:20:00,924.65
2026-07-15 15:30:00,942.9499999999999
2026-07-15 15:40:00,921.45
2026-07-15 15:50:00,1531.0999999999997
2026-07-15 16:00:00,1148.3
2026-07-15 16:10:00,2057.233333333333
2026-07-15 16:20:00,1946.1
2026-07-15 16:30:00,1404.2
2026-07-15 16:40:00,1248.3
2026-07-15 16:50:00,855.1333333333333
2026-07-15 17:00:00,1016.0500000000001
2026-07-15 17:10:00,1288.8
2026-07-15 17:20:00,1080.6
2026-07-15 17:30:00,778.4333333333334
2026-07-15 17:40:00,524.7
2026-07-15 17:50:00,576.3499999999999
2026-07-15 18:00:00,346.9333333333334
2026-07-15 18:10:00,93.55
2026-07-15 18:20:00,19.366666666666667
2026-07-15 18:30:00,4.3
2026-07-15 18:40:00,4.3
2026-07-15 18:50:00,4.3
2026-07-15 19:00:00,4.3
2026-07-15 19:10:00,4.3
2026-07-15 19:20:00,4.3
2026-07-15 19:30:00,4.3
2026-07-15 19:40:00,4.3
2026-07-15 19:50:00,4.3
2026-07-15 20:00:00,4.3
2026-07-15 20:10:00,4.3
2026-07-15 20:20:00,4.3
2026-07-15 20:30:00,4.3
2026-07-15 20:40:00,4.3
2026-07-15 20:50:00,4.3
2026-07-15 21:00:00,4.3
2026-07-15 21:10:00,4.3
2026-07-15 21:20:00,4.3
2026-07-15 21:30:00,4.3
2026-07-15 21:40:00,4.3
2026-07-15 21:50:00,4.3
2026-07-15 22:00:00,4.3
2026-07-15 22:10:00,4.3
2026-07-15 22:20:00,4.3
2026-07-15 22:30:00,4.3
2026-07-15 22:40:00,4.3
2026-07-15 22:50:00,4.3
2026-07-15 23:00:00,4.3
2026-07-15 23:10:00,4.3
2026-07-15 23:20:00,4.3
2026-07-15 23:30:00,4.3
2026-07-15 23:40:00,4.3
2026-07-15 23:50:00,4.3
2026-07-16 00:00:00,4.3
2026-07-16 00:10:00,4.3
2026-07-16 00:20:00,4.3
2026-07-16 00:30:00,4.3
2026-07-16 00:40:00,4.3
2026-07-16 00:50:00,4.3
2026-07-16 01:00:00,4.3
2026-07-16 01:10:00,4.3
2026-07-16 01:20:00,4.3
2026-07-16 01:30:00,4.3
2026-07-16 01:40:00,4.3
2026-07-16 01:50:00,4.3
2026-07-16 02:00:00,4.3
2026-07-16 02:10:00,4.3
2026-07-16 02:20:00,4.3
2026-07-16 02:30:00,4.3
2026-07-16 02:40:00,4.3
2026-07-16 02:50:00,4.3
2026-07-16 03:00:00,4.3
2026-07-16 03:10:00,4.3
2026-07-16 03:20:00,4.3
2026-07-16 03:30:00,4.3
2026-07-16 03:40:00,4.3
2026-07-16 03:50:00,4.3
2026-07-16 04:00:00,4.3
2026-07-16 04:10:00,4.3
2026-07-16 04:20:00,4.3
2026-07-16 04:30:00,4.3
2026-07-16 04:40:00,4.3
2026-07-16 04:50:00,4.3
2026-07-16 05:00:00,4.3
2026-07-16 05:10:00,6.449999999999999
2026-07-16 05:20:00,25.799999999999997
2026-07-16 05:30:00,101.76666666666667
2026-07-16 05:40:00,319.3
2026-07-16 05:50:00,585.6
2026-07-16 06:00:00,833.3
2026-07-16 06:10:00,1427.8333333333333
2026-07-16 06:20:00,3077.2
2026-07-16 06:30:00,3168.2666666666664
2026-07-16 06:40:00,5679.2
2026-07-16 06:50:00,5637.633333333334
2026-07-16 07:00:00,6097.45
2026-07-16 07:10:00,6545.099999999999
2026-07-16 07:20:00,7932.799999999999
2026-07-16 07:30:00,6545.100000000001
2026-07-16 07:40:00,9867.15
2026-07-16 07:50:00,9759.966666666665
2026-07-16 08:00:00,7356.5
2026-07-16 08:10:00,3971.7999999999997
2026-07-16 08:20:00,4047.0499999999997
2026-07-16 08:30:00,5305.766666666666
2026-07-16 08:40:00,9105.900000000001
2026-07-16 08:50:00,6517.133333333334
2026-07-16 09:00:00,6630.75
2026-07-16 09:10:00,7392.366666666666
2026-07-16 09:20:00,7822.1
2026-07-16 09:30:00,8875.4
2026-07-16 09:40:00,7597.349999999999
2026-07-16 09:50:00,10785.666666666666
2026-07-16 10:00:00,12611.05
2026-07-16 10:10:00,10799.3
2026-07-16 10:20:00,7916.7
2026-07-16 10:30:00,7383.033333333333
2026-07-16 10:40:00,7783.35
2026-07-16 10:50:00,8851.733333333332
2026-07-16 11:00:00,9999.4
2026-07-16 11:10:00,16627.633333333335
2026-07-16 11:20:00,13532.5
2026-07-16 11:30:00,9380.05
2026-07-16 11:40:00,9347.75
2026-07-16 11:50:00,10929.766666666668
2026-07-16 12:00:00,14787.2
2026-07-16 12:10:00,14946
2026-07-16 12:20:00,14851.75
2026-07-16 12:30:00,8046.766666666667
2026-07-16 12:40:00,8470.45
2026-07-16 12:50:00,9937.699999999999
2026-07-16 13:00:00,13556.1
2026-07-16 13:10:00,12804.199999999999
2026-07-16 13:20:00,10341.3
2026-07-16 13:30:00,9605.133333333333
2026-07-16 13:40:00,8265.099999999999
2026-07-16 13:50:00,9085.466666666667
2026-07-16 14:00:00,7847.9
2026-07-16 14:10:00,7038.966666666667
2026-07-16 14:20:00,5959.85
2026-07-16 14:30:00,4848.433333333333
2026-07-16 14:40:00,5196.450000000001
2026-07-16 14:50:00,4128.033333333334
2026-07-16 15:00:00,3787.9
2026-07-16 15:10:00,3632.066666666667
2026-07-16 15:20:00,6135.1
2026-07-16 15:30:00,6223.266666666666
2026-07-16 15:40:00,8606.95
2026-07-16 15:50:00,8760.033333333333
2026-07-16 16:00:00,6146.9
2026-07-16 16:10:00,4060.7000000000003
2026-07-16 16:20:00,2689.05
2026-07-16 16:30:00,2271.5333333333333
2026-07-16 16:40:00,3008.4
2026-07-16 16:50:00,4857.8
2026-07-16 17:00:00,2721.35
2026-07-16 17:10:00,2488.733333333333
2026-07-16 17:20:00,1725.65
2026-07-16 17:30:00,1366.9333333333334
2026-07-16 17:40:00,948.3499999999999
2026-07-16 17:50:00,569.8333333333334
2026-07-16 18:00:00,198.89999999999998
2026-07-16 18:10:00,48.76666666666666
2026-07-16 18:20:00,8.65
2026-07-16 18:30:00,4.3
2026-07-16 18:40:00,4.3
2026-07-16 18:50:00,4.3
2026-07-16 19:00:00,4.3
2026-07-16 19:10:00,4.3
2026-07-16 19:20:00,4.3
2026-07-16 19:30:00,4.3
2026-07-16 19:40:00,4.3
2026-07-16 19:50:00,4.3
2026-07-16 20:00:00,4.3
2026-07-16 20:10:00,4.3
2026-07-16 20:20:00,4.3
2026-07-16 20:30:00,4.3
2026-07-16 20:40:00,4.3
2026-07-16 20:50:00,4.3
2026-07-16 21:00:00,4.3
2026-07-16 21:10:00,4.3
2026-07-16 21:20:00,4.3
2026-07-16 21:30:00,4.3
2026-07-16 21:40:00,4.3
2026-07-16 21:50:00,4.3
2026-07-16 22:00:00,4.3
2026-07-16 22:10:00,4.3
2026-07-16 22:20:00,4.3
2026-07-16 22:30:00,4.3
2026-07-16 22:40:00,4.3
2026-07-16 22:50:00,4.3
2026-07-16 23:00:00,4.3
2026-07-16 23:10:00,4.3
2026-07-16 23:20:00,4.3
2026-07-16 23:30:00,4.3
2026-07-16 23:40:00,4.3
2026-07-16 23:50:00,4.3
2026-07-17 00:00:00,4.3
2026-07-17 00:10:00,4.3
2026-07-17 00:20:00,4.3
2026-07-17 00:30:00,4.3
2026-07-17 00:40:00,4.3
2026-07-17 00:50:00,4.3
2026-07-17 01:00:00,4.3
2026-07-17 01:10:00,4.3
2026-07-17 01:20:00,4.3
2026-07-17 01:30:00,4.3
2026-07-17 01:40:00,4.3
2026-07-17 01:50:00,4.3
2026-07-17 02:00:00,4.3
2026-07-17 02:10:00,4.3
2026-07-17 02:20:00,4.3
2026-07-17 02:30:00,4.3
2026-07-17 02:40:00,4.3
2026-07-17 02:50:00,4.3
2026-07-17 03:00:00,4.3
2026-07-17 03:10:00,4.3
2026-07-17 03:20:00,4.3
2026-07-17 03:30:00,4.3
2026-07-17 03:40:00,4.3
2026-07-17 03:50:00,4.3
2026-07-17 04:00:00,4.3
2026-07-17 04:10:00,4.3
2026-07-17 04:20:00,4.3
2026-07-17 04:30:00,4.3
2026-07-17 04:40:00,4.3
2026-07-17 04:50:00,4.3
2026-07-17 05:00:00,4.3
2026-07-17 05:10:00,5.4
2026-07-17 05:20:00,20.099999999999998
2026-07-17 05:30:00,129
2026-07-17 05:40:00,386.3666666666666
2026-07-17 05:50:00,779.55
2026-07-17 06:00:00,1490.9333333333334
2026-07-17 06:10:00,1994.5
2026-07-17 06:20:00,1855.1000000000001
2026-07-17 06:30:00,2078.35
2026-07-17 06:40:00,3098.7333333333336
2026-07-17 06:50:00,4198.65
2026-07-17 07:00:00,5117.266666666666
2026-07-17 07:10:00,4779.3
2026-07-17 07:20:00,4002.6
2026-07-17 07:30:00,6816.75
2026-07-17 07:40:00,5198.6
2026-07-17 07:50:00,6176.7
2026-07-17 08:00:00,11033.7
2026-07-17 08:10:00,11293.9
2026-07-17 08:20:00,13088.400000000001
2026-07-17 08:30:00,14073.666666666666
2026-07-17 08:40:00,8876.85
2026-07-17 08:50:00,6524.333333333333
2026-07-17 09:00:00,4763.15
2026-07-17 09:10:00,6191.7
2026-07-17 09:20:00,3321.25
2026-07-17 09:30:00,7748.599999999999
2026-07-17 09:40:00,8430.65
2026-07-17 09:50:00,9021.666666666666
2026-07-17 10:00:00,6022.2
2026-07-17 10:10:00,9110.5
2026-07-17 10:20:00,11345.5
2026-07-17 10:30:00,5297.133333333333
2026-07-17 10:40:00,5273.85
2026-07-17 10:50:00,5583.866666666666
2026-07-17 11:00:00,3918.05
2026-07-17 11:10:00,5059.166666666667
2026-07-17 11:20:00,6392.049999999999
2026-07-17 11:30:00,7258.3
2026-07-17 11:40:00,4797.55
2026-07-17 11:50:00,4591.099999999999
2026-07-17 12:00:00,6531.85
2026-07-17 12:10:00,5753.033333333333
2026-07-17 12:20:00,6211.45
2026-07-17 12:30:00,6374.5
2026-07-17 12:40:00,6620
2026-07-17 12:50:00,4588.5199999999995
2026-07-17 13:00:00,7749
2026-07-17 13:10:00,4118.733333333333
2026-07-17 13:20:00,3777.5
2026-07-17 13:30:00,3051.3999999999996
2026-07-17 13:40:00,5857.7
2026-07-17 13:50:00,4882.450000000001
2026-07-17 14:00:00,10842.333333333334
2026-07-17 14:10:00,7984.450000000001
2026-07-17 14:20:00,8897.633333333333
2026-07-17 14:30:00,8311.3
2026-07-17 14:40:00,6615.333333333333
2026-07-17 14:50:00,11427.2
2026-07-17 15:00:00,10076.766666666666
2026-07-17 15:10:00,11265.95
2026-07-17 15:20:00,9464.6
2026-07-17 15:30:00,7293.05
2026-07-17 15:40:00,6130.099999999999
2026-07-17 15:50:00,2688
2026-07-17 16:00:00,2442.85
2026-07-17 16:10:00,3280.7999999999997
2026-07-17 16:20:00,3366.45
2026-07-17 16:30:00,2844.2666666666664
2026-07-17 16:40:00,2522.45
2026-07-17 16:50:00,2524.5666666666666
2026-07-17 17:00:00,1912.75
2026-07-17 17:10:00,1252.2333333333333
2026-07-17 17:20:00,1063.35
2026-07-17 17:30:00,895.2999999999998
2026-07-17 17:40:00,441.9
2026-07-17 17:50:00,201.4
2026-07-17 18:00:00,65.6
2026-07-17 18:10:00,33.7
2026-07-17 18:20:00,7.55
2026-07-17 18:30:00,4.3
2026-07-17 18:40:00,4.3
2026-07-17 18:50:00,4.3
2026-07-17 19:00:00,4.3
2026-07-17 19:10:00,4.3
2026-07-17 19:20:00,4.3
2026-07-17 19:30:00,4.3
2026-07-17 19:40:00,4.3
2026-07-17 19:50:00,4.3
2026-07-17 20:00:00,4.3
2026-07-17 20:10:00,4.3
2026-07-17 20:20:00,4.3
2026-07-17 20:30:00,4.3
2026-07-17 20:40:00,4.3
2026-07-17 20:50:00,4.3
2026-07-17 21:00:00,4.3
2026-07-17 21:10:00,4.3
2026-07-17 21:20:00,4.3
2026-07-17 21:30:00,4.3
2026-07-17 21:40:00,4.3
2026-07-17 21:50:00,4.3
2026-07-17 22:00:00,4.3
2026-07-17 22:10:00,4.3
2026-07-17 22:20:00,4.3
2026-07-17 22:30:00,4.3
2026-07-17 22:40:00,4.3
2026-07-17 22:50:00,4.3
2026-07-17 23:00:00,4.3
2026-07-17 23:10:00,4.3
2026-07-17 23:20:00,4.3
2026-07-17 23:30:00,4.3
2026-07-17 23:40:00,4.3
2026-07-17 23:50:00,4.3
2026-07-18 00:00:00,4.3
2026-07-18 00:10:00,4.3
2026-07-18 00:20:00,4.3
2026-07-18 00:30:00,4.3
2026-07-18 00:40:00,4.3
2026-07-18 00:50:00,4.3
2026-07-18 01:00:00,4.3
2026-07-18 01:10:00,4.3
2026-07-18 01:20:00,4.3
2026-07-18 01:30:00,4.3
2026-07-18 01:40:00,4.3
2026-07-18 01:50:00,4.3
2026-07-18 02:00:00,4.3
2026-07-18 02:10:00,4.3
2026-07-18 02:20:00,4.3
2026-07-18 02:30:00,4.3
2026-07-18 02:40:00,4.3
2026-07-18 02:50:00,4.3
2026-07-18 03:00:00,4.3
2026-07-18 03:10:00,4.3
2026-07-18 03:20:00,4.3
2026-07-18 03:30:00,4.3
2026-07-18 03:40:00,4.3
2026-07-18 03:50:00,4.3
2026-07-18 04:00:00,4.3
2026-07-18 04:10:00,4.3
2026-07-18 04:20:00,4.3
2026-07-18 04:30:00,4.3
2026-07-18 04:40:00,4.3
2026-07-18 04:50:00,4.3
2026-07-18 05:00:00,4.3
2026-07-18 05:10:00,4.3
2026-07-18 05:20:00,14.366666666666665
2026-07-18 05:30:00,47.3
2026-07-18 05:40:00,215.76666666666665
2026-07-18 05:50:00,564.5
2026-07-18 06:00:00,985.6
2026-07-18 06:10:00,1363.35
2026-07-18 06:20:00,1671.5666666666666
2026-07-18 06:30:00,1582.65
2026-07-18 06:40:00,1828.5666666666666
2026-07-18 06:50:00,2139.65
2026-07-18 07:00:00,2294.5
2026-07-18 07:10:00,3140.65
2026-07-18 07:20:00,3742.433333333333
2026-07-18 07:30:00,3844.9
2026-07-18 07:40:00,2977.566666666667
2026-07-18 07:50:00,5668.450000000001
2026-07-18 08:00:00,6875.566666666666
2026-07-18 08:10:00,4985.7
2026-07-18 08:20:00,2920.2333333333336
2026-07-18 08:30:00,2980.45
2026-07-18 08:40:00,2984.0333333333333
2026-07-18 08:50:00,3916.95
2026-07-18 09:00:00,7780.866666666666
2026-07-18 09:10:00,12320.7
2026-07-18 09:20:00,9789.333333333334
2026-07-18 09:30:00,8456.45
2026-07-18 09:40:00,8729.9
2026-07-18 09:50:00,9658.5
2026-07-18 10:00:00,7957.933333333334
2026-07-18 10:10:00,8773.650000000001
2026-07-18 10:20:00,8069
2026-07-18 10:30:00,6846.9
2026-07-18 10:40:00,6703.5
2026-07-18 10:50:00,7084.5
2026-07-18 11:00:00,8645.333333333334
2026-07-18 11:10:00,5983.5
2026-07-18 11:20:00,7097.733333333334
2026-07-18 11:30:00,7857.6
2026-07-18 11:40:00,5097.5
2026-07-18 11:50:00,8142.833333333333
2026-07-18 12:00:00,11868.05
2026-07-18 12:10:00,13262.966666666667
2026-07-18 12:20:00,10596.099999999999
2026-07-18 12:30:00,9547.800000000001
2026-07-18 12:40:00,10082.15
2026-07-18 12:50:00,9949.166666666666
2026-07-18 13:00:00,10067.099999999999
2026-07-18 13:10:00,8771.5
2026-07-18 13:20:00,12823.9
2026-07-18 13:30:00,11835.066666666666
2026-07-18 13:40:00,11390.7
2026-07-18 13:50:00,9119.833333333334
2026-07-18 14:00:00,8901.599999999999
2026-07-18 14:10:00,11663.033333333333
2026-07-18 14:20:00,10810.05
2026-07-18 14:30:00,9519.833333333334
2026-07-18 14:40:00,8074.75
2026-07-18 14:50:00,6811.733333333334
2026-07-18 15:00:00,5791
2026-07-18 15:10:00,5637.599999999999
2026-07-18 15:20:00,5398.6
2026-07-18 15:30:00,5067.766666666666
2026-07-18 15:40:00,4839.5
2026-07-18 15:50:00,4549.533333333334
2026-07-18 16:00:00,4394.35
2026-07-18 16:10:00,4629.8
2026-07-18 16:20:00,4616.95
2026-07-18 16:30:00,4573.9
2026-07-18 16:40:00,4101.9
2026-07-18 16:50:00,3825.566666666667
2026-07-18 17:00:00,3447.1000000000004
2026-07-18 17:10:00,3232.066666666667
2026-07-18 17:20:00,3017
2026-07-18 17:30:00,2298.0666666666666
2026-07-18 17:40:00,1289.2
2026-07-18 17:50:00,632.2333333333333
2026-07-18 18:00:00,267.7
2026-07-18 18:10:00,59.53333333333333
2026-07-18 18:20:00,9.7
2026-07-18 18:30:00,4.3
2026-07-18 18:40:00,4.3
2026-07-18 18:50:00,4.3
2026-07-18 19:00:00,4.3
2026-07-18 19:10:00,4.3
2026-07-18 19:20:00,4.3
2026-07-18 19:30:00,4.3
2026-07-18 19:40:00,4.3
2026-07-18 19:50:00,4.3
2026-07-18 20:00:00,4.3
2026-07-18 20:10:00,4.3
2026-07-18 20:20:00,4.3
2026-07-18 20:30:00,4.3
2026-07-18 20:40:00,4.3
2026-07-18 20:50:00,4.3
2026-07-18 21:00:00,4.3
2026-07-18 21:10:00,4.3
2026-07-18 21:20:00,4.3
2026-07-18 21:30:00,4.3
2026-07-18 21:40:00,4.3
2026-07-18 21:50:00,4.3
2026-07-18 22:00:00,4.3
2026-07-18 22:10:00,4.3
2026-07-18 22:20:00,4.3
2026-07-18 22:30:00,4.3
2026-07-18 22:40:00,4.3
2026-07-18 22:50:00,4.3
2026-07-18 23:00:00,4.3
2026-07-18 23:10:00,4.3
2026-07-18 23:20:00,4.3
2026-07-18 23:30:00,4.3
2026-07-18 23:40:00,4.3
2026-07-18 23:50:00,4.3
2026-07-19 00:00:00,4.3
2026-07-19 00:10:00,4.3
2026-07-19 00:20:00,4.3
2026-07-19 00:30:00,4.3
2026-07-19 00:40:00,4.3
2026-07-19 00:50:00,4.3
2026-07-19 01:00:00,4.3
2026-07-19 01:10:00,4.3
2026-07-19 01:20:00,4.3
2026-07-19 01:30:00,4.3
2026-07-19 01:40:00,4.3
2026-07-19 01:50:00,4.3
2026-07-19 02:00:00,4.3
2026-07-19 02:10:00,4.3
2026-07-19 02:20:00,4.3
2026-07-19 02:30:00,4.3
2026-07-19 02:40:00,4.3
2026-07-19 02:50:00,4.3
2026-07-19 03:00:00,4.3
2026-07-19 03:10:00,4.3
2026-07-19 03:20:00,4.3
2026-07-19 03:30:00,4.3
2026-07-19 03:40:00,4.3
2026-07-19 03:50:00,4.3
2026-07-19 04:00:00,4.3
2026-07-19 04:10:00,4.3
2026-07-19 04:20:00,4.3
2026-07-19 04:30:00,4.3
2026-07-19 04:40:00,4.3
2026-07-19 04:50:00,4.3
2026-07-19 05:00:00,4.3
2026-07-19 05:10:00,5.4
2026-07-19 05:20:00,21.53333333333333
2026-07-19 05:30:00,81.7
2026-07-19 05:40:00,213.95
2026-07-19 05:50:00,489.56666666666666
2026-07-19 06:00:00,784.9000000000001
2026-07-19 06:10:00,1176.3
2026-07-19 06:20:00,1564.4
2026-07-19 06:30:00,1953.2666666666664
2026-07-19 06:40:00,2161.15
2026-07-19 06:50:00,2521.7000000000003
2026-07-19 07:00:00,2754.65
2026-07-19 07:10:00,3805.466666666667
2026-07-19 07:20:00,4648.1
2026-07-19 07:30:00,5199.633333333334
2026-07-19 07:40:00,5996.4
2026-07-19 07:50:00,8090.533333333333
2026-07-19 08:00:00,5062.049999999999
2026-07-19 08:10:00,6596.700000000001
2026-07-19 08:20:00,6123.25
2026-07-19 08:30:00,7192.366666666666
2026-07-19 08:40:00,11004.65
2026-07-19 08:50:00,10755.6
2026-07-19 09:00:00,6680.25
2026-07-19 09:10:00,5973.8
2026-07-19 09:20:00,6103.950000000001
2026-07-19 09:30:00,10482.5
2026-07-19 09:40:00,12637.9
2026-07-19 09:50:00,14677.199999999999
2026-07-19 10:00:00,14187.25
2026-07-19 10:10:00,13333.900000000001
2026-07-19 10:20:00,10870.3
2026-07-19 10:30:00,11926.833333333334
2026-07-19 10:40:00,11658.35
2026-07-19 10:50:00,10243.1
2026-07-19 11:00:00,9755.3
2026-07-19 11:10:00,9284.699999999999
2026-07-19 11:20:00,9297.25
2026-07-19 11:30:00,9262.500000000002
2026-07-19 11:40:00,8379.05
2026-07-19 11:50:00,8233.166666666666
2026-07-19 12:00:00,10003.65
2026-07-19 12:10:00,10868.133333333333
2026-07-19 12:20:00,8675.75
2026-07-19 12:30:00,9076.133333333333
2026-07-19 12:40:00,10213.35
2026-07-19 12:50:00,11972.349999999999
2026-07-19 13:30:00,10292.900000000001
2026-07-19 13:40:00,13374.400000000001
2026-07-19 13:50:00,12759
2026-07-19 14:00:00,16634.45
2026-07-19 14:10:00,10707.566666666668
2026-07-19 14:20:00,5500.7
2026-07-19 14:30:00,5540.833333333333
2026-07-19 14:40:00,5070.65
2026-07-19 14:50:00,4897.549999999999
2026-07-19 15:00:00,5950.166666666667
2026-07-19 15:10:00,4730.9
2026-07-19 15:20:00,3306.6
2026-07-19 15:30:00,2528.8999999999996
2026-07-19 15:40:00,3057.1666666666665
2026-07-19 15:50:00,4602.95
2026-07-19 16:00:00,6396.733333333334
2026-07-19 16:10:00,8007
2026-07-19 16:20:00,5380.3
2026-07-19 16:30:00,2234.25
2026-07-19 16:40:00,1315.3333333333333
2026-07-19 16:50:00,2209.55
2026-07-19 17:00:00,2994.066666666667
2026-07-19 17:10:00,2432.1
2026-07-19 17:20:00,1688.7666666666667
2026-07-19 17:30:00,1318.2
2026-07-19 17:40:00,1214.2666666666667
2026-07-19 17:50:00,654.8
2026-07-19 18:00:00,265.2333333333333
2026-07-19 18:10:00,73.1
2026-07-19 18:20:00,12.933333333333332
2026-07-19 18:30:00,4.3
2026-07-19 18:40:00,4.3
2026-07-19 18:50:00,4.3
2026-07-19 19:00:00,4.3
2026-07-19 19:10:00,4.3
2026-07-19 19:20:00,4.3
2026-07-19 19:30:00,4.3
2026-07-19 19:40:00,4.3
2026-07-19 19:50:00,4.3
2026-07-19 20:00:00,4.3
2026-07-19 20:10:00,4.3
2026-07-19 20:20:00,4.3
2026-07-19 20:30:00,4.3
2026-07-19 20:40:00,4.3
2026-07-19 20:50:00,4.3
2026-07-19 21:00:00,4.3
2026-07-19 21:10:00,4.3
2026-07-19 21:20:00,4.3
2026-07-19 21:30:00,4.3
2026-07-19 21:40:00,4.3
2026-07-19 21:50:00,4.3
2026-07-19 22:00:00,4.3
2026-07-19 22:10:00,4.3
2026-07-19 22:20:00,4.3
2026-07-19 22:30:00,4.3
2026-07-19 22:40:00,4.3
2026-07-19 22:50:00,4.3
2026-07-19 23:00:00,4.3
2026-07-19 23:10:00,4.3
2026-07-19 23:20:00,4.3
2026-07-19 23:30:00,4.3
2026-07-19 23:40:00,4.3
2026-07-19 23:50:00,4.3
2026-07-20 00:00:00,4.3
2026-07-20 00:10:00,4.3
2026-07-20 00:20:00,4.3
2026-07-20 00:30:00,4.3
2026-07-20 00:40:00,4.3
2026-07-20 00:50:00,4.3
2026-07-20 01:00:00,4.3
2026-07-20 01:10:00,4.3
2026-07-20 01:20:00,4.3
2026-07-20 01:30:00,4.3
2026-07-20 01:40:00,4.3
2026-07-20 01:50:00,4.3
2026-07-20 02:00:00,4.3
2026-07-20 02:10:00,4.3
2026-07-20 02:20:00,4.3
2026-07-20 02:30:00,4.3
2026-07-20 02:40:00,4.3
2026-07-20 02:50:00,4.3
2026-07-20 03:00:00,4.3
2026-07-20 03:10:00,4.3
2026-07-20 03:20:00,4.3
2026-07-20 03:30:00,4.3
2026-07-20 03:40:00,4.3
2026-07-20 03:50:00,4.3
2026-07-20 04:00:00,4.3
2026-07-20 04:10:00,4.3
2026-07-20 04:20:00,4.3
2026-07-20 04:30:00,4.3
2026-07-20 04:40:00,4.3
2026-07-20 04:50:00,4.3
2026-07-20 05:00:00,4.3
2026-07-20 05:10:00,4.3
2026-07-20 05:20:00,11.5
2026-07-20 05:30:00,50.55
2026-07-20 05:40:00,209.33333333333334
2026-07-20 05:50:00,631.1500000000001
2026-07-20 06:00:00,976.2666666666668
2026-07-20 06:10:00,1201
2026-07-20 06:20:00,1305.9999999999998
2026-07-20 06:30:00,1578.4
2026-07-20 06:40:00,1822.1000000000001
2026-07-20 06:50:00,2083.75
2026-07-20 07:00:00,2387.6333333333337
2026-07-20 07:10:00,2670.75
2026-07-20 07:20:00,3577.566666666667
2026-07-20 07:30:00,4854.55
2026-07-20 07:40:00,5725.8
2026-07-20 07:50:00,4890
2026-07-20 08:00:00,8810.933333333332
2026-07-20 08:10:00,8117.75
2026-07-20 08:20:00,4763.833333333333
2026-07-20 08:30:00,4685.700000000001
2026-07-20 08:40:00,5844.8
2026-07-20 08:50:00,4283.6
2026-07-20 09:00:00,4481.433333333333
2026-07-20 09:10:00,4002.95
2026-07-20 09:20:00,3916.6
2026-07-20 09:30:00,3369.65
2026-07-20 09:40:00,2572.6
2026-07-20 09:50:00,2275.1
2026-07-20 10:00:00,2731
2026-07-20 10:10:00,3162.15
2026-07-20 10:20:00,5107.933333333333
2026-07-20 10:30:00,6101.799999999999
2026-07-20 10:40:00,5743
2026-07-20 10:50:00,6368.4
2026-07-20 11:00:00,7805.933333333334
2026-07-20 11:10:00,9031.7
2026-07-20 11:20:00,9418.733333333334
2026-07-20 11:30:00,8824.150000000001
2026-07-20 11:40:00,8008.099999999999
2026-07-20 11:50:00,5480.3
2026-07-20 12:00:00,4617.633333333334
2026-07-20 12:10:00,5965.2
2026-07-20 12:20:00,6026.133333333334
2026-07-20 12:30:00,4573.9
2026-07-20 12:40:00,4464.233333333334
2026-07-20 12:50:00,3579.35
2026-07-20 13:00:00,3858.5333333333333
2026-07-20 13:10:00,3089.05
2026-07-20 13:20:00,3665.7000000000003
2026-07-20 13:30:00,2983.7
2026-07-20 13:40:00,2151.45
2026-07-20 13:50:00,2472.2666666666664
2026-07-20 14:00:00,2198.75
2026-07-20 14:10:00,2621.3333333333335
2026-07-20 14:20:00,2798.75
2026-07-20 14:30:00,6018.966666666667
2026-07-20 14:40:00,9398.3
2026-07-20 14:50:00,9405.133333333333
2026-07-20 15:00:00,10663.849999999999
2026-07-20 15:10:00,6733.633333333334
2026-07-20 15:20:00,4914.75
2026-07-20 15:30:00,4086.5
2026-07-20 15:40:00,4365.299999999999
2026-07-20 15:50:00,3599.7666666666664
2026-07-20 16:00:00,1817.1
2026-07-20 16:10:00,1746.8333333333333
2026-07-20 16:20:00,1316.0500000000002
2026-07-20 16:30:00,1179.8666666666666
2026-07-20 16:40:00,1247.1999999999998
2026-07-20 16:50:00,956.9333333333334
2026-07-20 17:00:00,765.55
2026-07-20 17:10:00,474.5333333333333
2026-07-20 17:20:00,335.5
2026-07-20 17:30:00,362.7
2026-07-20 17:40:00,304.29999999999995
2026-07-20 17:50:00,151.9333333333333
2026-07-20 18:00:00,71
2026-07-20 18:10:00,25.100000000000005
2026-07-20 18:20:00,5.4
2026-07-20 18:30:00,4.3
2026-07-20 18:40:00,4.3
2026-07-20 18:50:00,4.3
2026-07-20 19:00:00,4.3
2026-07-20 19:10:00,4.3
2026-07-20 19:20:00,4.3
2026-07-20 19:30:00,4.3
2026-07-20 19:40:00,4.3
2026-07-20 19:50:00,4.3
2026-07-20 20:00:00,4.3
2026-07-20 20:10:00,4.3
2026-07-20 20:20:00,4.3
2026-07-20 20:30:00,4.3
2026-07-20 20:40:00,4.3
2026-07-20 20:50:00,4.3
2026-07-20 21:00:00,4.3
2026-07-20 21:10:00,4.3
2026-07-20 21:20:00,4.3
2026-07-20 21:30:00,4.3
2026-07-20 21:40:00,4.3
2026-07-20 21:50:00,4.3
2026-07-20 22:00:00,4.3
2026-07-20 22:10:00,4.3
2026-07-20 22:20:00,4.3
2026-07-20 22:30:00,4.3
2026-07-20 22:40:00,4.3
2026-07-20 22:50:00,4.3
2026-07-20 23:00:00,4.3
2026-07-20 23:10:00,4.3
2026-07-20 23:20:00,4.3
2026-07-20 23:30:00,4.3
2026-07-20 23:40:00,4.3
2026-07-20 23:50:00,4.3
2026-07-21 00:00:00,4.3
2026-07-21 00:10:00,4.3
2026-07-21 00:20:00,4.3
2026-07-21 00:30:00,4.3
2026-07-21 00:40:00,4.3
2026-07-21 00:50:00,4.3
2026-07-21 01:00:00,4.3
2026-07-21 01:10:00,4.3
2026-07-21 01:20:00,4.3
2026-07-21 01:30:00,4.3
2026-07-21 01:40:00,4.3
2026-07-21 01:50:00,4.3
2026-07-21 02:00:00,4.3
2026-07-21 02:10:00,4.3
2026-07-21 02:20:00,4.3
2026-07-21 02:30:00,4.3
2026-07-21 02:40:00,4.3
2026-07-21 02:50:00,4.3
2026-07-21 03:00:00,4.3
2026-07-21 03:10:00,4.3
2026-07-21 03:20:00,4.3
2026-07-21 03:30:00,4.3
2026-07-21 03:40:00,4.3
2026-07-21 03:50:00,4.3
2026-07-21 04:00:00,4.3
2026-07-21 04:10:00,4.3
2026-07-21 04:20:00,4.3
2026-07-21 04:30:00,4.3
2026-07-21 04:40:00,4.3
2026-07-21 04:50:00,4.3
2026-07-21 05:00:00,4.3
2026-07-21 05:10:00,5.4
2026-07-21 05:20:00,22.96666666666667
2026-07-21 05:30:00,89.25
2026-07-21 05:40:00,221.5
2026-07-21 05:50:00,507.5
2026-07-21 06:00:00,1511.7666666666667
2026-07-21 06:10:00,2742.8500000000004
2026-07-21 06:20:00,3707.2999999999997
2026-07-21 06:30:00,3612.7
2026-07-21 06:40:00,4719.400000000001
2026-07-21 06:50:00,4936.25
2026-07-21 07:00:00,3802.6
2026-07-21 07:10:00,4819.05
2026-07-21 07:20:00,5949.433333333333
2026-07-21 07:30:00,7080.2
2026-07-21 07:40:00,5745.833333333333
2026-07-21 07:50:00,7437.15
2026-07-21 08:00:00,9715.5
2026-07-21 08:10:00,12901.3
2026-07-21 08:20:00,11615.733333333332
2026-07-21 08:30:00,6983.4
2026-07-21 08:40:00,5478.5
2026-07-21 08:50:00,3764.25
2026-07-21 09:00:00,4870.633333333334
2026-07-21 09:10:00,7824.25
2026-07-21 09:20:00,14082.966666666667
2026-07-21 09:30:00,14135.65
2026-07-21 09:40:00,14835.6
2026-07-21 09:50:00,14192.599999999999
2026-07-21 10:00:00,11300.366666666667
2026-07-21 10:10:00,12256.2
2026-07-21 10:20:00,14158.933333333334
2026-07-21 10:30:00,13493.75
2026-07-21 10:40:00,12481.633333333333
2026-07-21 10:50:00,13005.6
2026-07-21 11:00:00,15252.766666666668
2026-07-21 11:10:00,11105.7
2026-07-21 11:20:00,15753.099999999999
2026-07-21 11:30:00,11510.05
2026-07-21 11:40:00,11175.6
2026-07-21 11:50:00,11352.700000000003
2026-07-21 12:00:00,11204.65
2026-07-21 12:10:00,10450.966666666665
2026-07-21 12:20:00,11912.150000000001
2026-07-21 12:30:00,13478.666666666666
2026-07-21 12:40:00,14774.3
2026-07-21 12:50:00,16726.533333333336
2026-07-21 13:00:00,17502.1
2026-07-21 13:10:00,14718.766666666668
2026-07-21 13:20:00,12713.2
2026-07-21 14:00:00,7915.6
2026-07-21 14:10:00,7390.2
2026-07-21 14:20:00,5606.1
2026-07-21 14:30:00,3319.5
2026-07-21 14:40:00,1974.1
2026-07-21 14:50:00,1273.0333333333333
2026-07-21 15:00:00,621.5
2026-07-21 15:10:00,542.6333333333333
2026-07-21 15:20:00,612.8499999999999
2026-07-21 15:30:00,1335.1
2026-07-21 15:40:00,1633.25
2026-07-21 15:50:00,3017.7333333333336
2026-07-21 16:00:00,3332.05
2026-07-21 16:10:00,1828.533333333333
2026-07-21 16:20:00,1001.05
2026-07-21 16:30:00,1045.1000000000001
2026-07-21 16:40:00,1369.8
2026-07-21 16:50:00,1292.3999999999999
2026-07-21 17:00:00,1205.3000000000002
2026-07-21 17:10:00,1106.7333333333333
2026-07-21 17:20:00,735.45
2026-07-21 17:30:00,469.5
2026-07-21 17:40:00,389.25
2026-07-21 17:50:00,252.33333333333334
2026-07-21 18:00:00,90.35
2026-07-21 18:10:00,22.96666666666667
2026-07-21 18:20:00,6.449999999999999
2026-07-21 18:30:00,4.3
2026-07-21 18:40:00,4.3
2026-07-21 18:50:00,4.3
2026-07-21 19:00:00,4.3
2026-07-21 19:10:00,4.3
2026-07-21 19:20:00,4.3
2026-07-21 19:30:00,4.3
2026-07-21 19:40:00,4.3
2026-07-21 19:50:00,4.3
2026-07-21 20:00:00,4.3
2026-07-21 20:10:00,4.3
2026-07-21 20:20:00,4.3
2026-07-21 20:30:00,4.3
2026-07-21 20:40:00,4.3
2026-07-21 20:50:00,4.3
2026-07-21 21:00:00,4.3
2026-07-21 21:10:00,4.3
2026-07-21 21:20:00,4.3
2026-07-21 21:30:00,4.3
2026-07-21 21:40:00,4.3
2026-07-21 21:50:00,4.3
2026-07-21 22:00:00,4.3
2026-07-21 22:10:00,4.3
2026-07-21 22:20:00,4.3
2026-07-21 22:30:00,4.3
2026-07-21 22:40:00,4.3
2026-07-21 22:50:00,4.3
2026-07-21 23:00:00,4.3
2026-07-21 23:10:00,4.3
2026-07-21 23:20:00,4.3
2026-07-21 23:30:00,4.3
2026-07-21 23:40:00,4.3
2026-07-21 23:50:00,4.3
2026-07-22 00:00:00,4.3
2026-07-22 00:10:00,4.3
2026-07-22 00:20:00,4.3
2026-07-22 00:30:00,4.3
2026-07-22 00:40:00,4.3
2026-07-22 00:50:00,4.3
2026-07-22 01:00:00,4.3
2026-07-22 01:10:00,4.3
2026-07-22 01:20:00,4.3
2026-07-22 01:30:00,4.3
2026-07-22 01:40:00,4.3
2026-07-22 01:50:00,4.3
2026-07-22 02:00:00,4.3
2026-07-22 02:10:00,4.3
2026-07-22 02:20:00,4.3
2026-07-22 02:30:00,4.3
2026-07-22 02:40:00,4.3
2026-07-22 02:50:00,4.3
2026-07-22 03:00:00,4.3
2026-07-22 03:10:00,4.3
2026-07-22 03:20:00,4.3
2026-07-22 03:30:00,4.3
2026-07-22 03:40:00,4.3
2026-07-22 03:50:00,4.3
2026-07-22 04:00:00,4.3
2026-07-22 04:10:00,4.3
2026-07-22 04:20:00,4.3
2026-07-22 04:30:00,4.3
2026-07-22 04:40:00,4.3
2026-07-22 04:50:00,4.3
2026-07-22 05:00:00,4.3
2026-07-22 05:10:00,4.3
2026-07-22 05:20:00,12.933333333333332
2026-07-22 05:30:00,48.400000000000006
2026-07-22 05:40:00,179.20000000000002
2026-07-22 05:50:00,462.35
2026-07-22 06:00:00,791.3666666666667
2026-07-22 06:10:00,1033.25
2026-07-22 06:20:00,1217.1333333333334
2026-07-22 06:30:00,1547.2
2026-07-22 06:40:00,1124.6333333333334
2026-07-22 06:50:00,1461.2
2026-07-22 07:00:00,2267.233333333333
2026-07-22 07:10:00,2934.25
2026-07-22 07:20:00,3069.3333333333335
2026-07-22 07:30:00,3626.6499999999996
2026-07-22 07:40:00,2921.6666666666665
2026-07-22 07:50:00,2297.7
2026-07-22 08:00:00,2541.0666666666666
2026-07-22 08:10:00,2611.65
2026-07-22 08:20:00,3538.1000000000004
2026-07-22 08:30:00,3164.3
2026-07-22 08:40:00,2468.6666666666665
2026-07-22 08:50:00,1975.15
2026-07-22 09:00:00,2681.566666666667
2026-07-22 09:10:00,2360.1
2026-07-22 09:20:00,1910.9666666666665
2026-07-22 09:30:00,2523.5
2026-07-22 09:40:00,2343.933333333333
2026-07-22 09:50:00,2314.8999999999996
2026-07-22 10:00:00,2530.2999999999997
2026-07-22 10:10:00,3749.25
2026-07-22 10:20:00,4156.033333333334
2026-07-22 10:30:00,3334.1499999999996
2026-07-22 10:40:00,3765.366666666667
2026-07-22 10:50:00,4175
2026-07-22 11:00:00,4794.666666666667
2026-07-22 11:10:00,5686.700000000001
2026-07-22 11:20:00,4524.466666666666
2026-07-22 11:30:00,5535.1
2026-07-22 11:40:00,5078.5
2026-07-22 11:50:00,4527.7
2026-07-22 12:00:00,4181.099999999999
2026-07-22 12:10:00,5606.05
2026-07-22 12:20:00,4980.333333333333
2026-07-22 12:30:00,6752.25
2026-07-22 12:40:00,6258.366666666666
2026-07-22 12:50:00,7918.85
2026-07-22 13:00:00,9038.833333333334
2026-07-22 13:10:00,6231.85
2026-07-22 13:20:00,3886.5
2026-07-22 13:30:00,3382.6000000000004
2026-07-22 13:40:00,5143.033333333333
2026-07-22 13:50:00,8561.8
2026-07-22 14:00:00,6697.033333333333
2026-07-22 14:10:00,5134.1
2026-07-22 14:20:00,4549.15
2026-07-22 14:30:00,4945.900000000001
2026-07-22 14:40:00,6116.799999999999
2026-07-22 14:50:00,4788.233333333334
2026-07-22 15:00:00,3885.8
2026-07-22 15:10:00,3970.3333333333335
2026-07-22 15:20:00,3928.8
2026-07-22 15:30:00,2903.0333333333333
2026-07-22 15:40:00,2026.75
2026-07-22 15:50:00,2019.9666666666665
2026-07-22 16:00:00,1277.35
2026-07-22 16:10:00,1779.0999999999997
2026-07-22 16:20:00,2745
2026-07-22 16:30:00,1899.5
2026-07-22 16:40:00,2081.55
2026-07-22 16:50:00,2199.1333333333337
2026-07-22 17:00:00,1450.4499999999998
2026-07-22 17:10:00,1468
2026-07-22 17:20:00,1038.65
2026-07-22 17:30:00,658.7333333333332
2026-07-22 17:40:00,278.5
2026-07-22 17:50:00,127.39999999999999
2026-07-22 18:00:00,37.650000000000006
2026-07-22 18:10:00,12.233333333333334
2026-07-22 18:20:00,4.3
2026-07-22 18:30:00,4.3
2026-07-22 18:40:00,4.3
2026-07-22 18:50:00,4.3
2026-07-22 19:00:00,4.3
2026-07-22 19:10:00,4.3
2026-07-22 19:20:00,4.3
2026-07-22 19:30:00,4.3
2026-07-22 19:40:00,4.3
2026-07-22 19:50:00,4.3
2026-07-22 20:00:00,4.3
2026-07-22 20:10:00,4.3
2026-07-22 20:20:00,4.3
2026-07-22 20:30:00,4.3
2026-07-22 20:40:00,4.3
2026-07-22 20:50:00,4.3
2026-07-22 21:00:00,4.3
2026-07-22 21:10:00,4.3
2026-07-22 21:20:00,4.3
2026-07-22 21:30:00,4.3
2026-07-22 21:40:00,4.3
2026-07-22 21:50:00,4.3
2026-07-22 22:00:00,4.3
2026-07-22 22:10:00,4.3
2026-07-22 22:20:00,4.3
2026-07-22 22:30:00,4.3
2026-07-22 22:40:00,4.3
2026-07-22 22:50:00,4.3
2026-07-22 23:00:00,4.3
2026-07-22 23:10:00,4.3
2026-07-22 23:20:00,4.3
2026-07-22 23:30:00,4.3
2026-07-22 23:40:00,4.3
2026-07-22 23:50:00,4.3
2026-07-23 00:00:00,4.3
2026-07-23 00:10:00,4.3
2026-07-23 00:20:00,4.3
2026-07-23 00:30:00,4.3
2026-07-23 00:40:00,4.3
2026-07-23 00:50:00,4.3
2026-07-23 01:00:00,4.3
2026-07-23 01:10:00,4.3
2026-07-23 01:20:00,4.3
2026-07-23 01:30:00,4.3
2026-07-23 01:40:00,4.3
2026-07-23 01:50:00,4.3
2026-07-23 02:00:00,4.3
2026-07-23 02:10:00,4.3
2026-07-23 02:20:00,4.3
2026-07-23 02:30:00,4.3
2026-07-23 02:40:00,4.3
2026-07-23 02:50:00,4.3
2026-07-23 03:00:00,4.3
2026-07-23 03:10:00,4.3
2026-07-23 03:20:00,4.3
2026-07-23 03:30:00,4.3
2026-07-23 03:40:00,4.3
2026-07-23 03:50:00,4.3
2026-07-23 04:00:00,4.3
2026-07-23 04:10:00,4.3
2026-07-23 04:20:00,4.3
2026-07-23 04:30:00,4.3
2026-07-23 04:40:00,4.3
2026-07-23 04:50:00,4.3
2026-07-23 05:00:00,4.3
2026-07-23 05:10:00,4.3
2026-07-23 05:20:00,8.65
2026-07-23 05:30:00,33
2026-07-23 05:40:00,106.10000000000001
2026-07-23 05:50:00,239.4
2026-07-23 06:00:00,410.75
2026-07-23 06:10:00,854.7750000000001
2026-07-23 06:20:00,1427.1333333333332
2026-07-23 06:30:00,2381.9333333333334
2026-07-23 06:40:00,3433.466666666667
2026-07-23 06:50:00,3223.433333333334
2026-07-23 07:00:00,3179.35
2026-07-23 07:10:00,3267.1666666666665
2026-07-23 07:20:00,2803.05
2026-07-23 07:30:00,2266.5333333333333
2026-07-23 07:40:00,2972.9
2026-07-23 07:50:00,3268.6
2026-07-23 08:30:00,7140.033333333333
2026-07-23 08:40:00,7273.75
2026-07-23 08:50:00,7707.733333333334
2026-07-23 09:00:00,7927.450000000001
2026-07-23 09:10:00,9192.233333333332
2026-07-23 09:20:00,9429.5
2026-07-23 09:30:00,8965.733333333334
2026-07-23 09:40:00,8534.900000000001
2026-07-23 09:50:00,10383.566666666666
2026-07-23 10:00:00,10647.7
2026-07-23 10:10:00,9422.333333333334
2026-07-23 10:20:00,9298.35
2026-07-23 10:30:00,6742.233333333334
2026-07-23 10:40:00,4990
2026-07-23 10:50:00,5071.366666666666
2026-07-23 11:00:00,4848.05
2026-07-23 11:10:00,4705.099999999999
2026-07-23 11:20:00,3827.7
2026-07-23 11:30:00,3918.033333333333
2026-07-23 11:40:00,3968.2000000000003
2026-07-23 11:50:00,3450.3
2026-07-23 12:00:00,3771.433333333334
2026-07-23 12:10:00,4076.625
2026-07-23 12:20:00,3662.625
2026-07-23 12:30:00,3527.175
2026-07-23 12:40:00,3720.7
2026-07-23 12:50:00,3973.1999999999994
2026-07-23 13:00:00,4584.65
2026-07-23 13:10:00,4763.125
2026-07-23 13:20:00,4945.9
2026-07-23 13:30:00,5391.049999999999
2026-07-23 13:40:00,5216.85
2026-07-23 13:50:00,5232.633333333333
2026-07-23 14:00:00,4533.033333333334
2026-07-23 14:10:00,4930.166666666667
2026-07-23 14:20:00,4621.2
2026-07-23 14:30:00,4210.5
2026-07-23 14:40:00,3696.5
2026-07-23 14:50:00,2283
2026-07-23 15:00:00,3103.0249999999996
2026-07-23 15:10:00,2249.2999999999997
2026-07-23 15:20:00,1161.725
2026-07-23 15:30:00,1361.8999999999999
2026-07-23 15:40:00,1253.7
2026-07-23 15:50:00,1593.4333333333334
2026-07-23 16:00:00,1657.9333333333334
2026-07-23 16:10:00,1393.4666666666665
2026-07-23 16:20:00,1109.6333333333334
2026-07-23 16:30:00,1135.3999999999999
2026-07-23 16:40:00,1332.5
2026-07-23 16:50:00,1184.8666666666666
2026-07-23 17:00:00,1055.8000000000002
2026-07-23 17:10:00,1050.1000000000001
2026-07-23 17:20:00,765.55
2026-07-23 17:30:00,408.56666666666666
2026-07-23 17:40:00,324.7
2026-07-23 17:50:00,260.9
2026-07-23 18:00:00,119.35
2026-07-23 18:10:00,34.43333333333333
2026-07-23 18:20:00,6.449999999999999
2026-07-23 18:30:00,4.3
2026-07-23 18:40:00,4.3
2026-07-23 18:50:00,4.3
2026-07-23 19:00:00,4.3
2026-07-23 19:10:00,4.3
2026-07-23 19:20:00,4.3
2026-07-23 19:30:00,4.3
2026-07-23 19:40:00,4.3
2026-07-23 19:50:00,4.3
2026-07-23 20:00:00,4.3
2026-07-23 20:10:00,4.3
2026-07-23 20:20:00,4.3
2026-07-23 20:30:00,4.3
2026-07-23 20:40:00,4.3
2026-07-23 20:50:00,4.3
2026-07-23 21:00:00,4.3
2026-07-23 21:10:00,4.3
2026-07-23 21:20:00,4.3
2026-07-23 21:30:00,4.3
2026-07-23 21:40:00,4.3
2026-07-23 21:50:00,4.3
2026-07-23 22:00:00,4.3
2026-07-23 22:10:00,4.3
2026-07-23 22:20:00,4.3
2026-07-23 22:30:00,4.3
2026-07-23 22:40:00,4.3
2026-07-23 22:50:00,4.3
2026-07-23 23:00:00,4.3
2026-07-23 23:10:00,4.3
2026-07-23 23:20:00,4.3
2026-07-23 23:30:00,4.3
2026-07-23 23:40:00,4.3
2026-07-23 23:50:00,4.3
2026-07-24 00:00:00,4.3
2026-07-24 00:10:00,4.3
2026-07-24 00:20:00,4.3
2026-07-24 00:30:00,4.3
2026-07-24 00:40:00,4.3
2026-07-24 00:50:00,4.3
2026-07-24 01:00:00,4.3
2026-07-24 01:10:00,4.3
2026-07-24 01:20:00,4.3
2026-07-24 01:30:00,4.3
2026-07-24 01:40:00,4.3
2026-07-24 01:50:00,4.3
2026-07-24 02:00:00,4.3
2026-07-24 02:10:00,4.3
2026-07-24 02:20:00,4.3
2026-07-24 02:30:00,4.3
2026-07-24 02:40:00,4.3
2026-07-24 02:50:00,4.3
2026-07-24 03:00:00,4.3
2026-07-24 03:10:00,4.3
2026-07-24 03:20:00,4.3
2026-07-24 03:30:00,4.3
2026-07-24 03:40:00,4.3
2026-07-24 03:50:00,4.3
2026-07-24 04:00:00,4.3
2026-07-24 04:10:00,4.3
2026-07-24 04:20:00,4.3
2026-07-24 04:30:00,4.3
2026-07-24 04:40:00,4.3
2026-07-24 04:50:00,4.3
2026-07-24 05:00:00,4.3
2026-07-24 05:10:00,4.3
2026-07-24 05:20:00,20.066666666666666
2026-07-24 05:30:00,74.2
2026-07-24 05:40:00,217.20000000000002
2026-07-24 05:50:00,456.95000000000005
2026-07-24 06:00:00,904.6
2026-07-24 06:10:00,1603.1
2026-07-24 06:20:00,2362.5666666666666
2026-07-24 06:30:00,3217
2026-07-24 06:40:00,4668.500000000001
2026-07-24 06:50:00,5342.65
2026-07-24 07:00:00,3893.6666666666665
2026-07-24 07:10:00,4123.4
2026-07-24 07:20:00,4135.2
2026-07-24 07:30:00,3994.35
2026-07-24 07:40:00,3065.7666666666664
2026-07-24 07:50:00,4224.45
2026-07-24 08:00:00,4915.099999999999
2026-07-24 08:10:00,6532.9
2026-07-24 08:20:00,6535.066666666667
2026-07-24 08:30:00,7622.1
2026-07-24 08:40:00,7056.900000000001
2026-07-24 08:50:00,7389.85
2026-07-24 09:00:00,10061.733333333332
2026-07-24 09:10:00,8355.35
2026-07-24 09:20:00,7729.266666666666
2026-07-24 09:30:00,6208.2
2026-07-24 09:40:00,5934.366666666666
2026-07-24 09:50:00,7273.75
2026-07-24 10:00:00,9314.800000000001
2026-07-24 10:10:00,8288.7
2026-07-24 10:20:00,7229.633333333334
2026-07-24 10:30:00,7311.35
2026-07-24 10:40:00,6730.733333333334
2026-07-24 10:50:00,7136.1
2026-07-24 11:00:00,6158.033333333333
2026-07-24 11:10:00,3868.6
2026-07-24 11:20:00,2905.9
2026-07-24 11:30:00,2940.7
2026-07-24 11:40:00,3087.9666666666667
2026-07-24 11:50:00,5140.5
2026-07-24 12:00:00,6575.233333333334
2026-07-24 12:10:00,7147.9
2026-07-24 12:20:00,7531.433333333333
2026-07-24 12:30:00,7968.3
2026-07-24 12:40:00,9952.033333333333
2026-07-24 12:50:00,11588.5
2026-07-24 13:00:00,9937
2026-07-24 13:10:00,13012.05
2026-07-24 13:20:00,14353.9
2026-07-24 13:30:00,14838.85
2026-07-24 13:40:00,15020.5
2026-07-24 13:50:00,12870.150000000001
2026-07-24 14:00:00,13615.6
2026-07-24 14:10:00,11260.55
2026-07-24 14:20:00,10137
2026-07-24 14:30:00,11360.566666666668
2026-07-24 14:40:00,10575.7
2026-07-24 14:50:00,10550.566666666668
2026-07-24 15:00:00,9520.9
2026-07-24 15:10:00,8659.633333333333
2026-07-24 15:20:00,8277.95
2026-07-24 15:30:00,8592.266666666666
2026-07-24 15:40:00,9582.15
2026-07-24 15:50:00,5811.833333333333
2026-07-24 16:00:00,4162.1
2026-07-24 16:10:00,5527.933333333333
2026-07-24 16:20:00,5895.35
2026-07-24 16:30:00,4683.566666666667
2026-07-24 16:40:00,3922.3
2026-07-24 16:50:00,2184.0666666666666
2026-07-24 17:00:00,958
2026-07-24 17:10:00,329
2026-07-24 17:20:00,163.45
2026-07-24 17:30:00,149.83333333333334
2026-07-24 17:40:00,132.25
2026-07-24 17:50:00,59.53333333333334
2026-07-24 18:00:00,17.25
2026-07-24 18:10:00,8.633333333333333
2026-07-24 18:20:00,4.3
2026-07-24 18:30:00,4.3
2026-07-24 18:40:00,4.3
2026-07-24 18:50:00,4.3
2026-07-24 19:00:00,4.3
2026-07-24 19:10:00,4.3
2026-07-24 19:20:00,4.3
2026-07-24 19:30:00,4.3
2026-07-24 19:40:00,4.3
2026-07-24 19:50:00,4.3
2026-07-24 20:00:00,4.3
2026-07-24 20:10:00,4.3
2026-07-24 20:20:00,4.3
2026-07-24 20:30:00,4.3
2026-07-24 20:40:00,4.3
2026-07-24 20:50:00,4.3
2026-07-24 21:00:00,4.3
2026-07-24 21:10:00,4.3
2026-07-24 21:20:00,4.3
2026-07-24 21:30:00,4.3
2026-07-24 21:40:00,4.3
2026-07-24 21:50:00,4.3
2026-07-24 22:00:00,4.3
2026-07-24 22:10:00,4.3
2026-07-24 22:20:00,4.3
2026-07-24 22:30:00,4.3
2026-07-24 22:40:00,4.3
2026-07-24 22:50:00,4.3
2026-07-24 23:00:00,4.3
2026-07-24 23:10:00,4.3
2026-07-24 23:20:00,4.3
2026-07-24 23:30:00,4.3
2026-07-24 23:40:00,4.3
2026-07-24 23:50:00,4.3
2026-07-25 00:00:00,4.3
2026-07-25 00:10:00,4.3
2026-07-25 00:20:00,4.3
2026-07-25 00:30:00,4.3
2026-07-25 00:40:00,4.3
2026-07-25 00:50:00,4.3
2026-07-25 01:00:00,4.3
2026-07-25 01:10:00,4.3
2026-07-25 01:20:00,4.3
2026-07-25 01:30:00,4.3
2026-07-25 01:40:00,4.3
2026-07-25 01:50:00,4.3
2026-07-25 02:00:00,4.3
2026-07-25 02:10:00,4.3
2026-07-25 02:20:00,4.3
2026-07-25 02:30:00,4.3
2026-07-25 02:40:00,4.3
2026-07-25 02:50:00,4.3
2026-07-25 03:00:00,4.3
2026-07-25 03:10:00,4.3
2026-07-25 03:20:00,4.3
2026-07-25 03:30:00,4.3
2026-07-25 03:40:00,4.3
2026-07-25 03:50:00,4.3
2026-07-25 04:00:00,4.3
2026-07-25 04:10:00,4.3
2026-07-25 04:20:00,4.3
2026-07-25 04:30:00,4.3
2026-07-25 04:40:00,4.3
2026-07-25 04:50:00,4.3
2026-07-25 05:00:00,4.3
2026-07-25 05:10:00,5.4
2026-07-25 05:20:00,22.233333333333334
2026-07-25 05:30:00,86
2026-07-25 05:40:00,241.5666666666667
2026-07-25 05:50:00,509.65
2026-07-25 06:00:00,919.6333333333333
2026-07-25 06:10:00,1219.3000000000002
2026-07-25 06:20:00,1886.6333333333332
2026-07-25 06:30:00,3093.35
2026-07-25 06:40:00,5713.599999999999
2026-07-25 06:50:00,6435.05
2026-07-25 07:00:00,6589.566666666666
2026-07-25 07:10:00,7023.200000000001
2026-07-25 07:20:00,7630.333333333333
2026-07-25 07:30:00,8582.25
2026-07-25 07:40:00,9185.800000000001
2026-07-25 07:50:00,9688.65
2026-07-25 08:00:00,4902.2
2026-07-25 08:10:00,11353
2026-07-25 08:20:00,12140.1
2026-07-25 08:30:00,12503.133333333333
2026-07-25 08:40:00,12558.3
2026-07-25 08:50:00,6660.5
2026-07-25 09:00:00,7582.3
2026-07-25 09:10:00,9134.166666666668
2026-07-25 09:20:00,9466.05
2026-07-25 09:30:00,9486.166666666666
2026-07-25 09:40:00,14939.9
2026-07-25 09:50:00,11015.766666666665
2026-07-25 10:00:00,10677.8
2026-07-25 10:10:00,15503.666666666666
2026-07-25 10:20:00,12593.8
2026-07-25 10:30:00,8769.333333333334
2026-07-25 10:40:00,13181.95
2026-07-25 10:50:00,12174.133333333331
2026-07-25 11:00:00,12844.3
2026-07-25 11:10:00,14898.666666666666
2026-07-25 11:20:00,16029.099999999999
2026-07-25 11:30:00,16653.399999999998
2026-07-25 11:40:00,16432.3
2026-07-25 11:50:00,14145.333333333334
2026-07-25 12:00:00,10885.35
2026-07-25 12:10:00,12780.533333333333
2026-07-25 12:20:00,9474.7
2026-07-25 12:30:00,15868.533333333333
2026-07-25 12:40:00,15676.400000000001
2026-07-25 12:50:00,8821.666666666666
2026-07-25 13:00:00,11246.55
2026-07-25 13:10:00,14305.166666666666
2026-07-25 13:20:00,10168.15
2026-07-25 13:30:00,13301.633333333333
2026-07-25 13:40:00,6367.35
2026-07-25 13:50:00,8886.5
2026-07-25 14:00:00,11887.433333333334
2026-07-25 14:10:00,12697
2026-07-25 14:20:00,12225.033333333333
2026-07-25 14:30:00,6646.85
2026-07-25 14:40:00,8249.666666666666
2026-07-25 14:50:00,13850.75
2026-07-25 15:00:00,5026.233333333334
2026-07-25 15:10:00,3780.45
2026-07-25 15:20:00,2921.6666666666665
2026-07-25 15:30:00,2674
2026-07-25 15:40:00,2824.9
2026-07-25 15:50:00,2892.25
2026-07-25 16:00:00,3328.1
2026-07-25 16:10:00,2906.25
2026-07-25 16:20:00,2645.7333333333336
2026-07-25 16:30:00,2355.75
2026-07-25 16:40:00,2217.0333333333333
2026-07-25 16:50:00,2013.85
2026-07-25 17:00:00,2284.4666666666667
2026-07-25 17:10:00,2264.3500000000004
2026-07-25 17:20:00,1867.9666666666665
2026-07-25 17:30:00,1358
2026-07-25 17:40:00,954.7666666666668
2026-07-25 17:50:00,306.4
2026-07-25 18:00:00,89.60000000000001
2026-07-25 18:10:00,34.45
2026-07-25 18:20:00,10.766666666666666
2026-07-25 18:30:00,4.3
2026-07-25 18:40:00,4.3
2026-07-25 18:50:00,4.3
2026-07-25 19:00:00,4.3
2026-07-25 19:10:00,4.3
2026-07-25 19:20:00,4.3
2026-07-25 19:30:00,4.3
2026-07-25 19:40:00,4.3
2026-07-25 19:50:00,4.3
2026-07-25 20:00:00,4.3
2026-07-25 20:10:00,4.3
2026-07-25 20:20:00,4.3
2026-07-25 20:30:00,4.3
2026-07-25 20:40:00,4.3
2026-07-25 20:50:00,4.3
2026-07-25 21:00:00,4.3
2026-07-25 21:10:00,4.3
2026-07-25 21:20:00,4.3
2026-07-25 21:30:00,4.3
2026-07-25 21:40:00,4.3
2026-07-25 21:50:00,4.3
2026-07-25 22:00:00,4.3
2026-07-25 22:10:00,4.3
2026-07-25 22:20:00,4.3
2026-07-25 22:30:00,4.3
2026-07-25 22:40:00,4.3
2026-07-25 22:50:00,4.3
2026-07-25 23:00:00,4.3
2026-07-25 23:10:00,4.3
2026-07-25 23:20:00,4.3
2026-07-25 23:30:00,4.3
2026-07-25 23:40:00,4.3
2026-07-25 23:50:00,4.3
2026-07-26 00:00:00,4.3
2026-07-26 00:10:00,4.3
2026-07-26 00:20:00,4.3
2026-07-26 00:30:00,4.3
2026-07-26 00:40:00,4.3
2026-07-26 00:50:00,4.3
2026-07-26 01:00:00,4.3
2026-07-26 01:10:00,4.3
2026-07-26 01:20:00,4.3
2026-07-26 01:30:00,4.3
2026-07-26 01:40:00,4.3
2026-07-26 01:50:00,4.3
2026-07-26 02:00:00,4.3
2026-07-26 02:10:00,4.3
2026-07-26 02:20:00,4.3
2026-07-26 02:30:00,4.3
2026-07-26 02:40:00,4.3
2026-07-26 02:50:00,4.3
2026-07-26 03:00:00,4.3
2026-07-26 03:10:00,4.3
2026-07-26 03:20:00,4.3
2026-07-26 03:30:00,4.3
2026-07-26 03:40:00,4.3
2026-07-26 03:50:00,4.3
2026-07-26 04:00:00,4.3
2026-07-26 04:10:00,4.3
2026-07-26 04:20:00,4.3
2026-07-26 04:30:00,4.3
2026-07-26 04:40:00,4.3
2026-07-26 04:50:00,4.3
2026-07-26 05:00:00,4.3
2026-07-26 05:10:00,7.2
2026-07-26 05:20:00,46.25
2026-07-26 05:30:00,202.13333333333333
2026-07-26 05:40:00,635.45
2026-07-26 05:50:00,1045.0666666666666
2026-07-26 06:00:00,1508.5
2026-07-26 06:10:00,3085.8333333333335
2026-07-26 06:20:00,4470.65
2026-07-26 06:30:00,4847
2026-07-26 06:40:00,5943.7
2026-07-26 06:50:00,6823.933333333334
2026-07-26 07:00:00,6739.35
2026-07-26 07:10:00,8307
2026-07-26 07:20:00,9481.15
2026-07-26 07:30:00,10074.6
2026-07-26 07:40:00,10904.65
2026-07-26 07:50:00,9283.266666666665
2026-07-26 08:00:00,5755.549999999999
2026-07-26 08:10:00,5491.400000000001
2026-07-26 08:20:00,4669.6
2026-07-26 08:30:00,4120.133333333333
2026-07-26 08:40:00,3485.8
2026-07-26 08:50:00,5246.266666666666
2026-07-26 09:00:00,5921.1
2026-07-26 09:10:00,11508.199999999999
2026-07-26 09:20:00,11506.75
2026-07-26 09:30:00,10643.066666666666
2026-07-26 09:40:00,9531.65
2026-07-26 09:50:00,7880.466666666666
2026-07-26 10:00:00,9616.6
2026-07-26 10:10:00,9142.766666666666
2026-07-26 10:20:00,10849.85
2026-07-26 10:30:00,11937.6
2026-07-26 10:40:00,11126.15
2026-07-26 10:50:00,12212.833333333334
2026-07-26 11:00:00,14610.9
2026-07-26 11:10:00,11196.433333333334
2026-07-26 11:20:00,5872.75
2026-07-26 11:30:00,6877.733333333334
2026-07-26 11:40:00,9418.75
2026-07-26 11:50:00,13214.2
2026-07-26 12:00:00,8987.933333333332
2026-07-26 12:10:00,7318.85
2026-07-26 12:20:00,7160.099999999999
2026-07-26 12:30:00,8080.15
2026-07-26 12:40:00,14267.9
2026-07-26 12:50:00,6582.4
2026-07-26 13:00:00,6818.2
2026-07-26 13:10:00,8839.2
2026-07-26 13:20:00,8930.6
2026-07-26 13:30:00,11774.5
2026-07-26 13:40:00,11237.266666666668
2026-07-26 13:50:00,12680.900000000001
2026-07-26 14:00:00,12733.200000000003
2026-07-26 14:10:00,7139.35
2026-07-26 14:20:00,7655.433333333334
2026-07-26 14:30:00,8507
2026-07-26 14:40:00,9044.566666666668
2026-07-26 14:50:00,7373.75
2026-07-26 15:00:00,7276.266666666666
2026-07-26 15:10:00,7987.65
2026-07-26 15:20:00,7501.3
2026-07-26 15:30:00,6964.049999999999
2026-07-26 15:40:00,5873.433333333333
2026-07-26 15:50:00,4759.9
2026-07-26 16:00:00,3900.1333333333337
2026-07-26 16:10:00,3420.2
2026-07-26 16:20:00,3040.7000000000003
2026-07-26 16:30:00,2736.4
2026-07-26 16:40:00,2058.633333333333
2026-07-26 16:50:00,1976.25
2026-07-26 17:00:00,1880.1666666666667
2026-07-26 17:10:00,1660.1
2026-07-26 17:20:00,1440.0333333333335
2026-07-26 17:30:00,1217.1
2026-07-26 17:40:00,1156.9333333333334
2026-07-26 17:50:00,544.05
2026-07-26 18:00:00,287.43333333333334
2026-07-26 18:10:00,78.5
2026-07-26 18:20:00,10.766666666666666
2026-07-26 18:30:00,4.3
2026-07-26 18:40:00,4.3
2026-07-26 18:50:00,4.3
2026-07-26 19:00:00,4.3
2026-07-26 19:10:00,4.3
2026-07-26 19:20:00,4.3
2026-07-26 19:30:00,4.3
2026-07-26 19:40:00,4.3
2026-07-26 19:50:00,4.3
2026-07-26 20:00:00,4.3
2026-07-26 20:10:00,4.3
2026-07-26 20:20:00,4.3
2026-07-26 20:30:00,4.3
2026-07-26 20:40:00,4.3
2026-07-26 20:50:00,4.3
2026-07-26 21:00:00,4.3
2026-07-26 21:10:00,4.3
2026-07-26 21:20:00,4.3
2026-07-26 21:30:00,4.3
2026-07-26 21:40:00,4.3
2026-07-26 21:50:00,4.3
2026-07-26 22:00:00,4.3
2026-07-26 22:10:00,4.3
2026-07-26 22:20:00,4.3
2026-07-26 22:30:00,4.3
2026-07-26 22:40:00,4.3
2026-07-26 22:50:00,4.3
2026-07-26 23:00:00,4.3
2026-07-26 23:10:00,4.3
2026-07-26 23:20:00,4.3
2026-07-26 23:30:00,4.3
2026-07-26 23:40:00,4.3
2026-07-26 23:50:00,4.3
2026-07-27 00:00:00,4.3
2026-07-27 00:10:00,4.3
2026-07-27 00:20:00,4.3
2026-07-27 00:30:00,4.3
2026-07-27 00:40:00,4.3
2026-07-27 00:50:00,4.3
2026-07-27 01:00:00,4.3
2026-07-27 01:10:00,4.3
2026-07-27 01:20:00,4.3
2026-07-27 01:30:00,4.3
2026-07-27 01:40:00,4.3
2026-07-27 01:50:00,4.3
2026-07-27 02:00:00,4.3
2026-07-27 02:10:00,4.3
2026-07-27 02:20:00,4.3
2026-07-27 02:30:00,4.3
2026-07-27 02:40:00,4.3
2026-07-27 02:50:00,4.3
2026-07-27 03:00:00,4.3
2026-07-27 03:10:00,4.3
2026-07-27 03:20:00,4.3
2026-07-27 03:30:00,4.3
2026-07-27 03:40:00,4.3
2026-07-27 03:50:00,4.3
2026-07-27 04:00:00,4.3
2026-07-27 04:10:00,4.3
2026-07-27 04:20:00,4.3
2026-07-27 04:30:00,4.3
2026-07-27 04:40:00,4.3
2026-07-27 04:50:00,4.3
2026-07-27 05:00:00,4.3
2026-07-27 05:10:00,5.733333333333333
2026-07-27 05:20:00,24.75
2026-07-27 05:30:00,113.96666666666665
2026-07-27 05:40:00,376.35
2026-07-27 05:50:00,782.7666666666668
2026-07-27 06:00:00,1385.9
2026-07-27 06:10:00,2197
2026-07-27 06:20:00,2894.45
2026-07-27 06:30:00,3928.066666666666
2026-07-27 06:40:00,4936.25
2026-07-27 06:50:00,5736.533333333333
2026-07-27 07:00:00,5537.3
2026-07-27 07:10:00,7472.633333333334
2026-07-27 07:20:00,8476.9
2026-07-27 07:30:00,9326.300000000001
2026-07-27 07:40:00,9919.75
2026-07-27 07:50:00,8231.733333333332
2026-07-27 08:00:00,10074.65
2026-07-27 08:10:00,11819.333333333334
2026-07-27 08:20:00,11764.8
2026-07-27 08:30:00,11594.966666666667
2026-07-27 08:40:00,8347.85
2026-07-27 08:50:00,9411.566666666668
2026-07-27 09:00:00,10732.650000000001
2026-07-27 09:10:00,10445.166666666668
2026-07-27 09:20:00,10571.35
2026-07-27 09:30:00,13355.4
2026-07-27 09:40:00,8497.3
2026-07-27 09:50:00,10046.666666666666
2026-07-27 10:00:00,9526.25
2026-07-27 10:10:00,9057.5
2026-07-27 10:20:00,9334.85
2026-07-27 10:30:00,7357.233333333334
2026-07-27 10:40:00,6450.1
2026-07-27 10:50:00,5273.500000000001
2026-07-27 11:00:00,4323.4
2026-07-27 11:10:00,5925.066666666667
2026-07-27 11:20:00,5298.6
2026-07-27 11:30:00,4869.966666666667
2026-07-27 11:40:00,8036.049999999999
2026-07-27 11:50:00,10910.366666666667
2026-07-27 12:00:00,11701.400000000001
2026-07-27 12:10:00,17081.333333333332
2026-07-27 12:20:00,11191.75
2026-07-27 12:30:00,16950.166666666668
2026-07-27 12:40:00,10782.1
2026-07-27 12:50:00,12748.266666666668
2026-07-27 13:00:00,9329.5
2026-07-27 13:10:00,13529.2
2026-07-27 13:20:00,10111.9
2026-07-27 13:30:00,5672.8
2026-07-27 13:40:00,4695.733333333334
2026-07-27 13:50:00,2560.05
2026-07-27 14:00:00,3202.6666666666665
2026-07-27 14:10:00,3629.133333333333
2026-07-27 14:20:00,3250.7000000000003
2026-07-27 14:30:00,3342.5799999999995
2026-07-27 14:40:00,3434.1666666666665
2026-07-27 14:50:00,2753.933333333333
2026-07-27 15:00:00,2897.2999999999997
2026-07-27 15:10:00,2811.2999999999997
2026-07-27 15:20:00,4277.15
2026-07-27 15:30:00,4256.725
2026-07-27 15:40:00,2192.3500000000004
2026-07-27 15:50:00,1290.966666666667
2026-07-27 16:00:00,1123.9333333333332
2026-07-27 16:10:00,1172.7
2026-07-27 16:20:00,1068.75
2026-07-27 16:30:00,1237.9333333333334
2026-07-27 16:40:00,799.95
2026-07-27 16:50:00,664.4666666666667
2026-07-27 17:00:00,832.2
2026-07-27 17:10:00,619.3000000000001
2026-07-27 17:20:00,303.23333333333335
2026-07-27 17:30:00,418.25
2026-07-27 17:40:00,397.09999999999997
2026-07-27 17:50:00,238.7
2026-07-27 18:00:00,124
2026-07-27 18:10:00,47.349999999999994
2026-07-27 18:20:00,10.766666666666666
2026-07-27 18:30:00,4.3
2026-07-27 18:40:00,4.3
2026-07-27 18:50:00,4.3
2026-07-27 19:00:00,4.3
2026-07-27 19:10:00,4.3
2026-07-27 19:20:00,4.3
2026-07-27 19:30:00,4.3
2026-07-27 19:40:00,4.3
2026-07-27 19:50:00,4.3
2026-07-27 20:00:00,4.3
2026-07-27 20:10:00,4.3
2026-07-27 20:20:00,4.3
2026-07-27 20:30:00,4.3
2026-07-27 20:40:00,4.3
2026-07-27 20:50:00,4.3
2026-07-27 21:00:00,4.3
2026-07-27 21:10:00,4.3
2026-07-27 21:20:00,4.3
2026-07-27 21:30:00,4.3
2026-07-27 21:40:00,4.3
2026-07-27 21:50:00,4.3
2026-07-27 22:00:00,4.3
2026-07-27 22:10:00,4.3
2026-07-27 22:20:00,4.3
2026-07-27 22:30:00,4.3
2026-07-27 22:40:00,4.3
2026-07-27 22:50:00,4.3
2026-07-27 23:00:00,4.3
2026-07-27 23:10:00,4.3
2026-07-27 23:20:00,4.3
2026-07-27 23:30:00,4.3
2026-07-27 23:40:00,4.3
2026-07-27 23:50:00,4.3
2026-07-28 00:00:00,4.3
2026-07-28 00:10:00,4.3
2026-07-28 00:20:00,4.3
2026-07-28 00:30:00,4.3
2026-07-28 00:40:00,4.3
2026-07-28 00:50:00,4.3
2026-07-28 01:00:00,4.3
2026-07-28 01:10:00,4.3
2026-07-28 01:20:00,4.3
2026-07-28 01:30:00,4.3
2026-07-28 01:40:00,4.3
2026-07-28 01:50:00,4.3
2026-07-28 02:00:00,4.3
2026-07-28 02:10:00,4.3
2026-07-28 02:20:00,4.3
2026-07-28 02:30:00,4.3
2026-07-28 02:40:00,4.3
2026-07-28 02:50:00,4.3
2026-07-28 03:00:00,4.3
2026-07-28 03:10:00,4.3
2026-07-28 03:20:00,4.3
2026-07-28 03:30:00,4.3
2026-07-28 03:40:00,4.3
2026-07-28 03:50:00,4.3
2026-07-28 04:00:00,4.3
2026-07-28 04:10:00,4.3
2026-07-28 04:20:00,4.3
2026-07-28 04:30:00,4.3
2026-07-28 04:40:00,4.3
2026-07-28 04:50:00,4.3
2026-07-28 05:00:00,4.3
2026-07-28 05:10:00,5.033333333333333
2026-07-28 05:20:00,16.15
2026-07-28 05:30:00,73.13333333333333
2026-07-28 05:40:00,216.1
2026-07-28 05:50:00,463.0666666666666
2026-07-28 06:00:00,831.15
2026-07-28 06:10:00,1390.6000000000001
2026-07-28 06:20:00,1919.25
2026-07-28 06:30:00,2341.7999999999997
2026-07-28 06:40:00,2904.15
2026-07-28 06:50:00,4492.933333333333
2026-07-28 07:00:00,7015.65
2026-07-28 07:10:00,5552.3
2026-07-28 07:20:00,4869.6
2026-07-28 07:30:00,5288.533333333334
2026-07-28 07:40:00,5536.2
2026-07-28 07:50:00,5759.5
2026-07-28 08:00:00,6236.15
2026-07-28 08:10:00,7465.466666666667
2026-07-28 08:20:00,8073.650000000001
2026-07-28 08:30:00,9515.5
2026-07-28 08:40:00,10231.599999999999
2026-07-28 08:50:00,10943.366666666667
2026-07-28 09:00:00,12131.5
2026-07-28 09:10:00,13075.166666666666
2026-07-28 09:20:00,14106.650000000001
2026-07-28 09:30:00,12199.933333333334
2026-07-28 09:40:00,14457.15
2026-07-28 09:50:00,12698.1
2026-07-28 10:00:00,12938.95
2026-07-28 10:10:00,13865.766666666665
2026-07-28 10:20:00,14460.35
2026-07-28 10:30:00,14083.699999999999
2026-07-28 10:40:00,16050.6
2026-07-28 10:50:00,11108.266666666668
2026-07-28 11:00:00,8039.299999999999
2026-07-28 11:10:00,11432.233333333332
2026-07-28 11:20:00,7527.45
2026-07-28 11:30:00,12404.933333333334
2026-07-28 11:40:00,13715.25
2026-07-28 11:50:00,13832.1
2026-07-28 12:00:00,11013.25
2026-07-28 12:10:00,10720.466666666667
2026-07-28 12:20:00,9348.9
2026-07-28 12:30:00,8828.1
2026-07-28 12:40:00,10516.55
2026-07-28 12:50:00,10874.599999999999
2026-07-28 13:00:00,11410.05
2026-07-28 13:10:00,10658.8
2026-07-28 13:20:00,10748.8
2026-07-28 13:30:00,11620.033333333335
2026-07-28 13:40:00,11245.55
2026-07-28 13:50:00,10221.566666666666
2026-07-28 14:00:00,10683.2
2026-07-28 14:10:00,9724.833333333334
2026-07-28 14:20:00,9420.9
2026-07-28 14:30:00,8623.833333333334
2026-07-28 14:40:00,6847.95
2026-07-28 14:50:00,7048.333333333333
2026-07-28 15:00:00,5721.15
2026-07-28 15:10:00,5759.5
2026-07-28 15:20:00,5192.15
2026-07-28 15:30:00,4409.4
2026-07-28 15:40:00,2516.666666666667
2026-07-28 15:50:00,1404.1999999999998
2026-07-28 16:00:00,1662.9666666666665
2026-07-28 16:10:00,2366.5
2026-07-28 16:20:00,1281.6333333333334
2026-07-28 16:30:00,1320.35
2026-07-28 16:40:00,1473.0333333333335
2026-07-28 16:50:00,1335.4
2026-07-28 17:00:00,974.8666666666667
2026-07-28 17:10:00,245.15
2026-07-28 17:20:00,294.6
2026-07-28 17:30:00,216.1
2026-07-28 17:40:00,156.96666666666667
2026-07-28 17:50:00,101.1
2026-07-28 18:00:00,44.46666666666667
2026-07-28 18:10:00,10.75
2026-07-28 18:20:00,5.033333333333334
2026-07-28 18:30:00,4.3
2026-07-28 18:40:00,4.3
2026-07-28 18:50:00,4.3
2026-07-28 19:00:00,4.3
2026-07-28 19:10:00,4.3
2026-07-28 19:20:00,4.3
2026-07-28 19:30:00,4.3
2026-07-28 19:40:00,4.3
2026-07-28 19:50:00,4.3
2026-07-28 20:00:00,4.3
2026-07-28 20:10:00,4.3
2026-07-28 20:20:00,4.3
2026-07-28 20:30:00,4.3
2026-07-28 20:40:00,4.3
2026-07-28 20:50:00,4.3
2026-07-28 21:00:00,4.3
2026-07-28 21:10:00,4.3
2026-07-28 21:20:00,4.3
2026-07-28 21:30:00,4.3
2026-07-28 21:40:00,4.3
2026-07-28 21:50:00,4.3
2026-07-28 22:00:00,4.3
2026-07-28 22:10:00,4.3
2026-07-28 22:20:00,4.3
2026-07-28 22:30:00,4.3
2026-07-28 22:40:00,4.3
2026-07-28 22:50:00,4.3
2026-07-28 23:00:00,4.3
2026-07-28 23:10:00,4.3
2026-07-28 23:20:00,4.3
2026-07-28 23:30:00,4.3
2026-07-28 23:40:00,4.3
2026-07-28 23:50:00,4.3
2026-07-29 00:00:00,4.3
2026-07-29 00:10:00,4.3
2026-07-29 00:20:00,4.3
2026-07-29 00:30:00,4.3
2026-07-29 00:40:00,4.3
2026-07-29 00:50:00,4.3
2026-07-29 01:00:00,4.3
2026-07-29 01:10:00,4.3
2026-07-29 01:20:00,4.3
2026-07-29 01:30:00,4.3
2026-07-29 01:40:00,4.3
2026-07-29 01:50:00,4.3
2026-07-29 02:00:00,4.3
2026-07-29 02:10:00,4.3
2026-07-29 02:20:00,4.3
2026-07-29 02:30:00,4.3
2026-07-29 02:40:00,4.3
2026-07-29 02:50:00,4.3
2026-07-29 03:00:00,4.3
2026-07-29 03:10:00,4.3
2026-07-29 03:20:00,4.3
2026-07-29 03:30:00,4.3
2026-07-29 03:40:00,4.3
2026-07-29 03:50:00,4.3
2026-07-29 04:00:00,4.3
2026-07-29 04:10:00,4.3
2026-07-29 04:20:00,4.3
2026-07-29 04:30:00,4.3
2026-07-29 04:40:00,4.3
2026-07-29 04:50:00,4.3
2026-07-29 05:00:00,4.3
2026-07-29 05:10:00,6.466666666666666
2026-07-29 05:20:00,24.75
2026-07-29 05:30:00,126.90000000000002
2026-07-29 05:40:00,369.85
2026-07-29 05:50:00,632.2
2026-07-29 06:00:00,1278.4
2026-07-29 06:10:00,2327.4333333333334
2026-07-29 06:20:00,1291.35
2026-07-29 06:30:00,1381.2666666666667
2026-07-29 06:40:00,1533.25
2026-07-29 06:50:00,2280.133333333333
2026-07-29 07:00:00,6624.299999999999
2026-07-29 07:10:00,8162.900000000001
2026-07-29 07:20:00,7789.799999999999
2026-07-29 07:30:00,6591.666666666667
2026-07-29 07:40:00,6559.799999999999
2026-07-29 07:50:00,7225.366666666668
2026-07-29 08:00:00,4394.35
2026-07-29 08:10:00,4636.966666666666
2026-07-29 08:20:00,5569.549999999999
2026-07-29 08:30:00,7596.633333333334
2026-07-29 08:40:00,10686.4
2026-07-29 08:50:00,7428.200000000001
2026-07-29 09:00:00,9084.4
2026-07-29 09:10:00,11164.166666666666
2026-07-29 09:20:00,12100.3
2026-07-29 09:30:00,7308.5
2026-07-29 09:40:00,7710.25
2026-07-29 09:50:00,7919.2
2026-07-29 10:00:00,14406.6
2026-07-29 10:10:00,14457.866666666667
2026-07-29 10:20:00,12418.55
2026-07-29 10:30:00,16143.033333333333
2026-07-29 10:40:00,16562.4
2026-07-29 10:50:00,15611.166666666666
2026-07-29 11:00:00,16508.65
2026-07-29 11:10:00,16747.3
2026-07-29 11:20:00,14505.5
2026-07-29 11:30:00,16414.7
2026-07-29 11:40:00,16484.95
2026-07-29 11:50:00,16403.266666666666
2026-07-29 12:00:00,16434.4
2026-07-29 12:10:00,17022.566666666666
2026-07-29 12:20:00,17295.65
2026-07-29 12:30:00,16532.25
2026-07-29 12:40:00,7611.7
2026-07-29 12:50:00,11416.5
2026-07-29 13:00:00,11782.766666666668
2026-07-29 13:10:00,15173.2
2026-07-29 13:20:00,15948.800000000001
2026-07-29 13:30:00,12765.85
2026-07-29 13:40:00,12000.666666666666
2026-07-29 13:50:00,14257.15
2026-07-29 14:00:00,14378.266666666668
2026-07-29 14:10:00,14301.25
2026-07-29 14:20:00,14052.166666666666
2026-07-29 14:30:00,13829.25
2026-07-29 14:40:00,13274.4
2026-07-29 14:50:00,12257.25
2026-07-29 15:00:00,11853.699999999999
2026-07-29 15:10:00,11539.05
2026-07-29 15:20:00,8939.933333333332
2026-07-29 15:30:00,10483.2
2026-07-29 15:40:00,8335.666666666666
2026-07-29 15:50:00,9738.1
2026-07-29 16:00:00,8648.166666666666
2026-07-29 16:10:00,7850
2026-07-29 16:20:00,7132.166666666667
2026-07-29 16:30:00,6423.25
2026-07-29 16:40:00,5664.166666666667
2026-07-29 16:50:00,4937.3
2026-07-29 17:00:00,2853.6000000000004
2026-07-29 17:10:00,1332.2
2026-07-29 17:20:00,1202.8
2026-07-29 17:30:00,1104.25
2026-07-29 17:40:00,925.4
2026-07-29 17:50:00,550.5
2026-07-29 18:00:00,262.3333333333333
2026-07-29 18:10:00,72.05
2026-07-29 18:20:00,15.066666666666668
2026-07-29 18:30:00,4.3
2026-07-29 18:40:00,4.3
2026-07-29 18:50:00,4.3
2026-07-29 19:00:00,4.3
2026-07-29 19:10:00,4.3
2026-07-29 19:20:00,4.3
2026-07-29 19:30:00,4.3
2026-07-29 19:40:00,4.3
2026-07-29 19:50:00,4.3
2026-07-29 20:00:00,4.3
2026-07-29 20:10:00,4.3
2026-07-29 20:20:00,4.3
2026-07-29 20:30:00,4.3
2026-07-29 20:40:00,4.3
2026-07-29 20:50:00,4.3
2026-07-29 21:00:00,4.3
2026-07-29 21:10:00,4.3
2026-07-29 21:20:00,4.3
2026-07-29 21:30:00,4.3
2026-07-29 21:40:00,4.3
2026-07-29 21:50:00,4.3
2026-07-29 22:00:00,4.3
2026-07-29 22:10:00,4.3
2026-07-29 22:20:00,4.3
2026-07-29 22:30:00,4.3
2026-07-29 22:40:00,4.3
2026-07-29 22:50:00,4.3
2026-07-29 23:00:00,4.3
2026-07-29 23:10:00,4.3
2026-07-29 23:20:00,4.3
2026-07-29 23:30:00,4.3
2026-07-29 23:40:00,4.3
2026-07-29 23:50:00,4.3
2026-07-30 00:00:00,4.3
2026-07-30 00:10:00,4.3
2026-07-30 00:20:00,4.3
2026-07-30 00:30:00,4.3
2026-07-30 00:40:00,4.3
2026-07-30 00:50:00,4.3
2026-07-30 01:00:00,4.3
2026-07-30 01:10:00,4.3
2026-07-30 01:20:00,4.3
2026-07-30 01:30:00,4.3
2026-07-30 01:40:00,4.3
2026-07-30 01:50:00,4.3
2026-07-30 02:00:00,4.3
2026-07-30 02:10:00,4.3
2026-07-30 02:20:00,4.3
2026-07-30 02:30:00,4.3
2026-07-30 02:40:00,4.3
2026-07-30 02:50:00,4.3
2026-07-30 03:00:00,4.3
2026-07-30 03:10:00,4.3
2026-07-30 03:20:00,4.3
2026-07-30 03:30:00,4.3
2026-07-30 03:40:00,4.3
2026-07-30 03:50:00,4.3
2026-07-30 04:00:00,4.3
2026-07-30 04:10:00,4.3
2026-07-30 04:20:00,4.3
2026-07-30 04:30:00,4.3
2026-07-30 04:40:00,4.3
2026-07-30 04:50:00,4.3
2026-07-30 05:00:00,4.3
2026-07-30 05:10:00,7.2
2026-07-30 05:20:00,33.35
2026-07-30 05:30:00,146.93333333333334
2026-07-30 05:40:00,351.6
2026-07-30 05:50:00,673.8000000000001
2026-07-30 06:00:00,1522.5
2026-07-30 06:10:00,2490.8666666666663
2026-07-30 06:20:00,3330.95
2026-07-30 06:30:00,4166.766666666666
2026-07-30 06:40:00,4995.4
2026-07-30 06:50:00,5869.866666666666
2026-07-30 07:00:00,6650.1
2026-07-30 07:10:00,7719.933333333333
2026-07-30 07:20:00,7707.05
2026-07-30 07:30:00,7549.333333333333
2026-07-30 07:40:00,8712.349999999999
2026-07-30 07:50:00,8277.6
2026-07-30 08:00:00,6590.950000000001
2026-07-30 08:10:00,5365.266666666666
2026-07-30 08:20:00,5253.4
2026-07-30 08:30:00,7418.900000000001
2026-07-30 08:40:00,12777.65
2026-07-30 08:50:00,7401.7
2026-07-30 09:00:00,7157.6
2026-07-30 09:10:00,7049
2026-07-30 09:20:00,8334.95
2026-07-30 09:30:00,13308.799999999997
2026-07-30 09:40:00,14928.099999999999
2026-07-30 09:50:00,15318.733333333332
2026-07-30 10:00:00,10475.65
2026-07-30 10:10:00,8975.766666666666
2026-07-30 10:20:00,6028.65
2026-07-30 10:30:00,9865.300000000001
2026-07-30 10:40:00,13593.75
2026-07-30 10:50:00,8426.666666666666
2026-07-30 11:00:00,9456.4
2026-07-30 11:10:00,5942.3
2026-07-30 11:20:00,6003.95
2026-07-30 11:30:00,6103.9
2026-07-30 11:40:00,13495.199999999999
2026-07-30 11:50:00,13347.55
2026-07-30 12:00:00,11678.800000000001
2026-07-30 12:10:00,9978.900000000001
2026-07-30 12:20:00,17506.36666666667
2026-07-30 12:30:00,15181.8
2026-07-30 12:40:00,11940.466666666667
2026-07-30 12:50:00,12377.7
2026-07-30 13:00:00,10100.433333333334
2026-07-30 13:10:00,16646.25
2026-07-30 13:20:00,13748.933333333334
2026-07-30 13:30:00,12385.25
2026-07-30 13:40:00,11309.666666666666
2026-07-30 13:50:00,16623.65
2026-07-30 14:00:00,10140.566666666668
2026-07-30 14:10:00,6940.45
2026-07-30 14:20:00,7776.566666666667
2026-07-30 14:30:00,6657.65
2026-07-30 14:40:00,5825.433333333334
2026-07-30 14:50:00,8860.75
2026-07-30 15:00:00,8471.833333333334
2026-07-30 15:10:00,9510.099999999999
2026-07-30 15:20:00,9524.133333333333
2026-07-30 15:30:00,10373.55
2026-07-30 15:40:00,9673.2
2026-07-30 15:50:00,9206.900000000001
2026-07-30 16:00:00,9029.533333333335
2026-07-30 16:10:00,8625.3
2026-07-30 16:20:00,8274.033333333333
2026-07-30 16:30:00,6901.700000000001
2026-07-30 16:40:00,6381.666666666667
2026-07-30 16:50:00,5460.95
2026-07-30 17:00:00,3903.6666666666665
2026-07-30 17:10:00,2166.55
2026-07-30 17:20:00,1468.7333333333333
2026-07-30 17:30:00,1049.4
2026-07-30 17:40:00,1250.0666666666666
2026-07-30 17:50:00,605.3
2026-07-30 18:00:00,267.3666666666666
2026-07-30 18:10:00,65.6
2026-07-30 18:20:00,14.366666666666667
2026-07-30 18:30:00,4.3
2026-07-30 18:40:00,4.3
2026-07-30 18:50:00,4.3
2026-07-30 19:00:00,4.3
2026-07-30 19:10:00,4.3
2026-07-30 19:20:00,4.3
2026-07-30 19:30:00,4.3
2026-07-30 19:40:00,4.3
2026-07-30 19:50:00,4.3
2026-07-30 20:00:00,4.3
2026-07-30 20:10:00,4.3
2026-07-30 20:20:00,4.3
2026-07-30 20:30:00,4.3
2026-07-30 20:40:00,4.3
2026-07-30 20:50:00,4.3
2026-07-30 21:00:00,4.3
2026-07-30 21:10:00,4.3
2026-07-30 21:20:00,4.3
2026-07-30 21:30:00,4.3
2026-07-30 21:40:00,4.3
2026-07-30 21:50:00,4.3
2026-07-30 22:00:00,4.3
2026-07-30 22:10:00,4.3
2026-07-30 22:20:00,4.3
2026-07-30 22:30:00,4.3
2026-07-30 22:40:00,4.3
2026-07-30 22:50:00,4.3
2026-07-30 23:00:00,4.3
2026-07-30 23:10:00,4.3
2026-07-30 23:20:00,4.3
2026-07-30 23:30:00,4.3
2026-07-30 23:40:00,4.3
2026-07-30 23:50:00,4.3
2026-07-31 00:00:00,4.3
2026-07-31 00:10:00,4.3
2026-07-31 00:20:00,4.3
2026-07-31 00:30:00,4.3
2026-07-31 00:40:00,4.3
2026-07-31 00:50:00,4.3
2026-07-31 01:00:00,4.3
2026-07-31 01:10:00,4.3
2026-07-31 01:20:00,4.3
2026-07-31 01:30:00,4.3
2026-07-31 01:40:00,4.3
2026-07-31 01:50:00,4.3
2026-07-31 02:00:00,4.3
2026-07-31 02:10:00,4.3
2026-07-31 02:20:00,4.3
2026-07-31 02:30:00,4.3
2026-07-31 02:40:00,4.3
2026-07-31 02:50:00,4.3
2026-07-31 03:00:00,4.3
2026-07-31 03:10:00,4.3
2026-07-31 03:20:00,4.3
2026-07-31 03:30:00,4.3
2026-07-31 03:40:00,4.3
2026-07-31 03:50:00,4.3
2026-07-31 04:00:00,4.3
2026-07-31 04:10:00,4.3
2026-07-31 04:20:00,4.3
2026-07-31 04:30:00,4.3
2026-07-31 04:40:00,4.3
2026-07-31 04:50:00,4.3
2026-07-31 05:00:00,4.3
2026-07-31 05:10:00,5.033333333333333
2026-07-31 05:20:00,21.5
2026-07-31 05:30:00,86.73333333333333
2026-07-31 05:40:00,233.29999999999998
2026-07-31 05:50:00,512.5
2026-07-31 06:00:00,1224.65
2026-07-31 06:10:00,2375.4666666666667
2026-07-31 06:20:00,3232.05
2026-07-31 06:30:00,4054.2333333333336
2026-07-31 06:40:00,4874.95
2026-07-31 06:50:00,5655.533333333333
2026-07-31 07:00:00,6449.05
2026-07-31 07:10:00,7226.8
2026-07-31 07:20:00,7894.1
2026-07-31 07:30:00,8514.833333333334
2026-07-31 07:40:00,9154.25
2026-07-31 07:50:00,9262.5
2026-07-31 08:00:00,10311.15
2026-07-31 08:10:00,10878.166666666666
2026-07-31 08:20:00,11272.4
2026-07-31 08:30:00,11913.933333333334
2026-07-31 08:40:00,12388.45
2026-07-31 08:50:00,12750.433333333334
2026-07-31 09:00:00,13129.3
2026-07-31 09:10:00,13660.766666666668
2026-07-31 09:20:00,13928.15
2026-07-31 09:30:00,11933.300000000001
2026-07-31 09:40:00,10247.75
2026-07-31 09:50:00,14988.966666666667
2026-07-31 10:00:00,15110.85
2026-07-31 10:10:00,14823.433333333334
2026-07-31 10:20:00,15690.400000000001
2026-07-31 10:30:00,15591.833333333334
2026-07-31 10:40:00,17040.85
2026-07-31 10:50:00,16669.899999999998
2026-07-31 11:00:00,16383.900000000001
2026-07-31 11:10:00,15972.466666666667
2026-07-31 11:20:00,16126.900000000001
2026-07-31 11:30:00,16334.433333333334
2026-07-31 11:40:00,16809.7
2026-07-31 11:50:00,15972.433333333334
2026-07-31 12:00:00,16493.55
2026-07-31 12:10:00,16187.150000000001
2026-07-31 12:20:00,11811.433333333334
2026-07-31 12:30:00,12765.849999999999
2026-07-31 12:40:00,11206.433333333332
2026-07-31 12:50:00,11535.8
2026-07-31 13:00:00,9856.699999999999
2026-07-31 13:10:00,11822.9
2026-07-31 13:20:00,10223.699999999999
2026-07-31 13:30:00,5706.1
2026-07-31 13:40:00,2954.633333333333
2026-07-31 13:50:00,1605.3
2026-07-31 14:00:00,1225.2124999999999
2026-07-31 14:10:00,972.2
2026-07-31 14:20:00,1155.4
2026-07-31 14:30:00,1434.3
2026-07-31 14:40:00,1921.375
2026-07-31 14:50:00,2348.25
2026-07-31 15:00:00,2758.2333333333336
2026-07-31 15:10:00,2954.65
2026-07-31 15:20:00,2804.8333333333335
2026-07-31 15:30:00,3227.75
2026-07-31 15:40:00,2479.4
2026-07-31 15:50:00,1425.7
2026-07-31 16:00:00,983.4666666666667
2026-07-31 16:10:00,1059.05
2026-07-31 16:20:00,2066.5333333333333
2026-07-31 16:30:00,2389.1
2026-07-31 16:40:00,2265.8333333333335
2026-07-31 16:50:00,2065.45
2026-07-31 17:00:00,1814.9333333333334
2026-07-31 17:10:00,1587
2026-07-31 17:20:00,1256.5666666666668
2026-07-31 17:30:00,939.7
2026-07-31 17:40:00,822.8666666666667
2026-07-31 17:50:00,537.6
2026-07-31 18:00:00,158.4
2026-07-31 18:10:00,31.2
2026-07-31 18:20:00,7.2
2026-07-31 18:30:00,4.3
2026-07-31 18:40:00,4.3
2026-07-31 18:50:00,4.3
2026-07-31 19:00:00,4.3
2026-07-31 19:10:00,4.3
2026-07-31 19:20:00,4.3
2026-07-31 19:30:00,4.3
2026-07-31 19:40:00,4.3
2026-07-31 19:50:00,4.3
2026-07-31 20:00:00,4.3
2026-07-31 20:10:00,4.3
2026-07-31 20:20:00,4.3
2026-07-31 20:30:00,4.3
2026-07-31 20:40:00,4.3
2026-07-31 20:50:00,4.3
2026-07-31 21:00:00,4.3
2026-07-31 21:10:00,4.3
2026-07-31 21:20:00,4.3
2026-07-31 21:30:00,4.3
2026-07-31 21:40:00,4.3
2026-07-31 21:50:00,4.3
2026-07-31 22:00:00,4.3
2026-07-31 22:10:00,4.3
2026-07-31 22:20:00,4.3
2026-07-31 22:30:00,4.3
2026-07-31 22:40:00,4.3
2026-07-31 22:50:00,4.3
2026-07-31 23:00:00,4.3
2026-07-31 23:10:00,4.3
2026-07-31 23:20:00,4.3
2026-07-31 23:30:00,4.3
2026-07-31 23:40:00,4.3
2026-07-31 23:50:00,4.3
2026-08-01 00:00:00,4.3
2026-08-01 00:10:00,4.3
2026-08-01 00:20:00,4.3
2026-08-01 00:30:00,4.3
2026-08-01 00:40:00,4.3
2026-08-01 00:50:00,4.3
2026-08-01 01:00:00,4.3
2026-08-01 01:10:00,4.3
2026-08-01 01:20:00,4.3
2026-08-01 01:30:00,4.3
2026-08-01 01:40:00,4.3
2026-08-01 01:50:00,4.3
2026-08-01 02:00:00,4.3
2026-08-01 02:10:00,4.3
2026-08-01 02:20:00,4.3
2026-08-01 02:30:00,4.3
2026-08-01 02:40:00,4.3
2026-08-01 02:50:00,4.3
2026-08-01 03:00:00,4.3
2026-08-01 03:10:00,4.3
2026-08-01 03:20:00,4.3
2026-08-01 03:30:00,4.3
2026-08-01 03:40:00,4.3
2026-08-01 03:50:00,4.3
2026-08-01 04:00:00,4.3
2026-08-01 04:10:00,4.3
2026-08-01 04:20:00,4.3
2026-08-01 04:30:00,4.3
2026-08-01 04:40:00,4.3
2026-08-01 04:50:00,4.3
2026-08-01 05:00:00,4.3
2026-08-01 05:10:00,5.033333333333333
2026-08-01 05:20:00,17.25
2026-08-01 05:30:00,73.83333333333333
2026-08-01 05:40:00,95.7
2026-08-01 05:50:00,207.9
2026-08-01 06:00:00,409.65
2026-08-01 06:10:00,352.6666666666667
2026-08-01 06:20:00,609.6
2026-08-01 06:30:00,1331.1333333333332
2026-08-01 06:40:00,3112.7
2026-08-01 06:50:00,3702.966666666667
2026-08-01 07:00:00,4259.9
2026-08-01 07:10:00,5274.900000000001
2026-08-01 07:20:00,9326.3
2026-08-01 07:30:00,4983.933333333333
2026-08-01 07:40:00,4401.85
2026-08-01 07:50:00,4284.333333333333
2026-08-01 08:00:00,3519.1499999999996
2026-08-01 08:10:00,4288.633333333334
2026-08-01 08:20:00,3428.8
2026-08-01 09:00:00,7829.6
2026-08-01 09:10:00,5553.45
2026-08-01 09:20:00,6967.266666666666
2026-08-01 09:30:00,5521.15
2026-08-01 09:40:00,6919.266666666666
2026-08-01 09:50:00,10739.05
2026-08-01 10:00:00,8728.466666666667
2026-08-01 10:10:00,8512.35
2026-08-01 10:20:00,3761.0333333333333
2026-08-01 10:30:00,3638.5
2026-08-01 10:40:00,3801.2000000000003
2026-08-01 10:50:00,7345.75
2026-08-01 11:00:00,5219.033333333334
2026-08-01 11:10:00,3799.75
2026-08-01 11:20:00,2503.0666666666666
2026-08-01 11:30:00,3872.9
2026-08-01 11:40:00,8846.733333333332
2026-08-01 11:50:00,9712.3
2026-08-01 12:00:00,10074.633333333333
2026-08-01 12:10:00,6518.9
2026-08-01 12:20:00,6601.033333333333
2026-08-01 12:30:00,5464.15
2026-08-01 12:40:00,3776.066666666667
2026-08-01 12:50:00,4628.700000000001
2026-08-01 13:00:00,10448.766666666668
2026-08-01 13:10:00,8941.35
2026-08-01 13:20:00,9732.699999999999
2026-08-01 13:30:00,9773.6
2026-08-01 13:40:00,5123.666666666667
2026-08-01 13:50:00,1935.35
2026-08-01 14:00:00,3242.066666666666
2026-08-01 14:10:00,5665.25
2026-08-01 14:20:00,4384.7
2026-08-01 14:30:00,6455.5
2026-08-01 14:40:00,9471.066666666668
2026-08-01 14:50:00,9668.2
2026-08-01 15:00:00,6821.766666666667
2026-08-01 15:10:00,2760.05
2026-08-01 15:20:00,2362.566666666667
2026-08-01 15:30:00,2774.05
2026-08-01 15:40:00,5788.866666666666
2026-08-01 15:50:00,6752.25
2026-08-01 16:00:00,5377.433333333333
2026-08-01 16:10:00,4438.45
2026-08-01 16:20:00,3361.066666666667
2026-08-01 16:30:00,2499.8
2026-08-01 16:40:00,1936.0666666666666
2026-08-01 16:50:00,1607.4
2026-08-01 17:00:00,497.4666666666667
2026-08-01 17:10:00,192.45
2026-08-01 17:20:00,225.0666666666667
2026-08-01 17:30:00,379.1666666666667
2026-08-01 17:40:00,281.7
2026-08-01 17:50:00,108.23333333333333
2026-08-01 18:00:00,29.05
2026-08-01 18:10:00,10.033333333333333
2026-08-01 18:20:00,5.4
2026-08-01 18:30:00,4.3
2026-08-01 18:40:00,4.3
2026-08-01 18:50:00,4.3
2026-08-01 19:00:00,4.3
2026-08-01 19:10:00,4.3
2026-08-01 19:20:00,4.3
2026-08-01 19:30:00,4.3
2026-08-01 19:40:00,4.3
2026-08-01 19:50:00,4.3
2026-08-01 20:00:00,4.3
2026-08-01 20:10:00,4.3
2026-08-01 20:20:00,4.3
2026-08-01 20:30:00,4.3
2026-08-01 20:40:00,4.3
2026-08-01 20:50:00,4.3
2026-08-01 21:00:00,4.3
2026-08-01 21:10:00,4.3
2026-08-01 21:20:00,4.3
2026-08-01 21:30:00,4.3
2026-08-01 21:40:00,4.3
2026-08-01 21:50:00,4.3
2026-08-01 22:00:00,4.3
2026-08-01 22:10:00,4.3
2026-08-01 22:20:00,4.3
2026-08-01 22:30:00,4.3
2026-08-01 22:40:00,4.3
2026-08-01 22:50:00,4.3
2026-08-01 23:00:00,4.3
2026-08-01 23:10:00,4.3
2026-08-01 23:20:00,4.3
2026-08-01 23:30:00,4.3
2026-08-01 23:40:00,4.3
2026-08-01 23:50:00,4.3
2026-08-02 00:00:00,4.3
2026-08-02 00:10:00,4.3
2026-08-02 00:20:00,4.3
2026-08-02 00:30:00,4.3
2026-08-02 00:40:00,4.3
2026-08-02 00:50:00,4.3
2026-08-02 01:00:00,4.3
2026-08-02 01:10:00,4.3
2026-08-02 01:20:00,4.3
2026-08-02 01:30:00,4.3
2026-08-02 01:40:00,4.3
2026-08-02 01:50:00,4.3
2026-08-02 02:00:00,4.3
2026-08-02 02:10:00,4.3
2026-08-02 02:20:00,4.3
2026-08-02 02:30:00,4.3
2026-08-02 02:40:00,4.3
2026-08-02 02:50:00,4.3
2026-08-02 03:00:00,4.3
2026-08-02 03:10:00,4.3
2026-08-02 03:20:00,4.3
2026-08-02 03:30:00,4.3
2026-08-02 03:40:00,4.3
2026-08-02 03:50:00,4.3
2026-08-02 04:00:00,4.3
2026-08-02 04:10:00,4.3
2026-08-02 04:20:00,4.3
2026-08-02 04:30:00,4.3
2026-08-02 04:40:00,4.3
2026-08-02 04:50:00,4.3
2026-08-02 05:00:00,4.3
2026-08-02 05:10:00,5.033333333333333
2026-08-02 05:20:00,17.25
2026-08-02 05:30:00,68.10000000000001
2026-08-02 05:40:00,233.35
2026-08-02 05:50:00,592.0666666666666
2026-08-02 06:00:00,999.95
2026-08-02 06:10:00,1751.1333333333332
2026-08-02 06:20:00,2911.6499999999996
2026-08-02 06:30:00,3495.8333333333335
2026-08-02 06:40:00,4885.700000000001
2026-08-02 06:50:00,5082.833333333333
2026-08-02 07:00:00,5908.2
2026-08-02 07:10:00,6358.766666666667
2026-08-02 07:20:00,6073.799999999999
2026-08-02 07:30:00,3568.2333333333336
2026-08-02 07:40:00,4411.55
2026-08-02 07:50:00,4986.766666666666
2026-08-02 08:00:00,7986.549999999999
2026-08-02 08:10:00,6464.833333333333
2026-08-02 08:20:00,6907.1
2026-08-02 08:30:00,10418.7
2026-08-02 08:40:00,9717.65
2026-08-02 08:50:00,6446.166666666667
2026-08-02 09:00:00,8672.6
2026-08-02 09:10:00,12108.199999999999
2026-08-02 09:20:00,14199.05
2026-08-02 09:30:00,14831.300000000001
2026-08-02 09:40:00,16417.199999999997
2026-08-02 09:50:00,16010.466666666665
2026-08-02 10:00:00,12594.849999999999
2026-08-02 10:10:00,6811.733333333334
2026-08-02 10:20:00,6380.25
2026-08-02 10:30:00,5263.466666666667
2026-08-02 10:40:00,5867.35
2026-08-02 10:50:00,5248.400000000001
2026-08-02 11:00:00,3663.2
2026-08-02 11:10:00,3758.8999999999996
2026-08-02 11:20:00,3852.45
2026-08-02 11:30:00,3093
2026-08-02 11:40:00,2829.95
2026-08-02 11:50:00,3592.6
2026-08-02 12:00:00,4749.2
2026-08-02 12:10:00,5561.666666666667
2026-08-02 12:20:00,6240.45
2026-08-02 12:30:00,6297.8
2026-08-02 12:40:00,5301.85
2026-08-02 12:50:00,5190.366666666666
2026-08-02 13:00:00,5191.05
2026-08-02 13:10:00,6273.466666666667
2026-08-02 13:20:00,7338.25
2026-08-02 13:30:00,6944.75
2026-08-02 13:40:00,5897.833333333333
2026-08-02 13:50:00,5617.95
2026-08-02 14:00:00,5617.600000000001
2026-08-02 14:10:00,5794.25
2026-08-02 14:20:00,4941.633333333333
2026-08-02 14:30:00,4123.4
2026-08-02 14:40:00,3718.066666666667
2026-08-02 14:50:00,4596.450000000001
2026-08-02 15:00:00,3854.2000000000003
2026-08-02 15:10:00,4806.15
2026-08-02 15:20:00,4234.133333333334
2026-08-02 15:30:00,3741.7000000000003
2026-08-02 15:40:00,3242.8
2026-08-02 16:20:00,1754
2026-08-02 16:30:00,1838.6
2026-08-02 16:40:00,1726.7666666666664
2026-08-02 16:50:00,1424.65
2026-08-02 17:00:00,1303.9
2026-08-02 17:10:00,899.95
2026-08-02 17:20:00,553.3666666666667
2026-08-02 17:30:00,386
2026-08-02 17:40:00,235.1
2026-08-02 17:50:00,69.9
2026-08-02 18:00:00,25.833333333333332
2026-08-02 18:10:00,16.15
2026-08-02 18:20:00,5.033333333333334
2026-08-02 18:30:00,4.3
2026-08-02 18:40:00,4.3
2026-08-02 18:50:00,4.3
2026-08-02 19:00:00,4.3
2026-08-02 19:10:00,4.3
2026-08-02 19:20:00,4.3
2026-08-02 19:30:00,4.3
2026-08-02 19:40:00,4.3
2026-08-02 19:50:00,4.3
2026-08-02 20:00:00,4.3
2026-08-02 20:10:00,4.3
2026-08-02 20:20:00,4.3
2026-08-02 20:30:00,4.3
2026-08-02 20:40:00,4.3
2026-08-02 20:50:00,4.3
2026-08-02 21:00:00,4.3
2026-08-02 21:10:00,4.3
2026-08-02 21:20:00,4.3
2026-08-02 21:30:00,4.3
2026-08-02 21:40:00,4.3
2026-08-02 21:50:00,4.3
2026-08-02 22:00:00,4.3
2026-08-02 22:10:00,4.3
2026-08-02 22:20:00,4.3
2026-08-02 22:30:00,4.3
2026-08-02 22:40:00,4.3
2026-08-02 22:50:00,4.3
2026-08-02 23:00:00,4.3
2026-08-02 23:10:00,4.3
2026-08-02 23:20:00,4.3
2026-08-02 23:30:00,4.3
2026-08-02 23:40:00,4.3
2026-08-02 23:50:00,4.3
2026-08-03 00:00:00,4.3
2026-08-03 00:10:00,4.3
2026-08-03 00:20:00,4.3
2026-08-03 00:30:00,4.3
2026-08-03 00:40:00,4.3
2026-08-03 00:50:00,4.3
2026-08-03 01:00:00,4.3
2026-08-03 01:10:00,4.3
2026-08-03 01:20:00,4.3
2026-08-03 01:30:00,4.3
2026-08-03 01:40:00,4.3
2026-08-03 01:50:00,4.3
2026-08-03 02:00:00,4.3
2026-08-03 02:10:00,4.3
2026-08-03 02:20:00,4.3
2026-08-03 02:30:00,4.3
2026-08-03 02:40:00,4.3
2026-08-03 02:50:00,4.3
2026-08-03 03:00:00,4.3
2026-08-03 03:10:00,4.3
2026-08-03 03:20:00,4.3
2026-08-03 03:30:00,4.3
2026-08-03 03:40:00,4.3
2026-08-03 03:50:00,4.3
2026-08-03 04:00:00,4.3
2026-08-03 04:10:00,4.3
2026-08-03 04:20:00,4.3
2026-08-03 04:30:00,4.3
2026-08-03 04:40:00,4.3
2026-08-03 04:50:00,4.3
2026-08-03 05:00:00,4.3
2026-08-03 05:10:00,5.033333333333333
2026-08-03 05:20:00,16.15
2026-08-03 05:30:00,73.13333333333333
2026-08-03 05:40:00,233.3
2026-08-03 05:50:00,547.6666666666666
2026-08-03 06:00:00,925.75
2026-08-03 06:10:00,1377
2026-08-03 06:20:00,1961.15
2026-08-03 06:30:00,2588.3333333333335
2026-08-03 06:40:00,2956.8
2026-08-03 06:50:00,2822.7666666666664
2026-08-03 07:00:00,3044.95
2026-08-03 07:10:00,3918.0333333333333
2026-08-03 07:20:00,4772.8
2026-08-03 07:30:00,4993.966666666667
2026-08-03 07:40:00,5941.55
2026-08-03 07:50:00,6796.35
2026-08-03 08:00:00,6610.3
2026-08-03 08:10:00,4998.6
2026-08-03 08:20:00,3564.633333333333
2026-08-03 08:30:00,1999.85
2026-08-03 08:40:00,1759.7666666666667
2026-08-03 08:50:00,2126.7
2026-08-03 09:00:00,3563.8999999999996
2026-08-03 09:10:00,4850.25
2026-08-03 09:20:00,6564.466666666667
2026-08-03 09:30:00,6215.7
2026-08-03 09:40:00,5626.866666666666
2026-08-03 09:50:00,3819.1
2026-08-03 10:00:00,4266.366666666667
2026-08-03 10:10:00,5073.85
2026-08-03 10:20:00,8100.566666666666
2026-08-03 10:30:00,8063.95
2026-08-03 10:40:00,10715.433333333332
2026-08-03 10:50:00,10209.05
2026-08-03 11:00:00,11186.366666666667
2026-08-03 11:10:00,8194.1
2026-08-03 11:20:00,9499.733333333334
2026-08-03 11:30:00,9755.3
2026-08-03 11:40:00,11193.566666666666
2026-08-03 11:50:00,12428.2
2026-08-03 12:00:00,10949.866666666669
2026-08-03 12:10:00,12318.6
2026-08-03 12:20:00,7145.8
2026-08-03 12:30:00,7407.049999999999
2026-08-03 12:40:00,7990.866666666668
2026-08-03 12:50:00,13379.8
2026-08-03 13:00:00,9619.433333333332
2026-08-03 13:10:00,16430.1
2026-08-03 13:20:00,9344.166666666666
2026-08-03 13:30:00,7103.85
2026-08-03 13:40:00,5817.566666666667
2026-08-03 13:50:00,2983.6499999999996
2026-08-03 14:00:00,1398.4666666666665
2026-08-03 14:10:00,2250.7333333333336
2026-08-03 14:20:00,2591.233333333333
2026-08-03 14:30:00,2361.133333333333
2026-08-03 14:40:00,2210.05
2026-08-03 14:50:00,1929.7772727272722
2026-08-03 15:00:00,2656.825
2026-08-03 15:10:00,2526.7
2026-08-03 15:20:00,3080.7999999999997
2026-08-03 15:30:00,4362.1
2026-08-03 15:40:00,2493.733333333333
2026-08-03 15:50:00,1094.5500000000002
2026-08-03 16:00:00,1168.4
2026-08-03 16:10:00,1755.8
2026-08-03 16:20:00,1808.5
2026-08-03 16:30:00,1319.25
2026-08-03 16:40:00,969.1333333333332
2026-08-03 16:50:00,516.0666666666667
2026-08-03 17:00:00,437.6
2026-08-03 17:10:00,382.06666666666666
2026-08-03 17:20:00,309.7
2026-08-03 17:30:00,183.5
2026-08-03 17:40:00,121.5
2026-08-03 17:50:00,55.93333333333334
2026-08-03 18:00:00,19.4
2026-08-03 18:10:00,9.333333333333334
2026-08-03 18:20:00,4.3
2026-08-03 18:30:00,4.3
2026-08-03 18:40:00,4.3
2026-08-03 18:50:00,4.3
2026-08-03 19:00:00,4.3
2026-08-03 19:10:00,4.3
2026-08-03 19:20:00,4.3
2026-08-03 19:30:00,4.3
2026-08-03 19:40:00,4.3
2026-08-03 19:50:00,4.3
2026-08-03 20:00:00,4.3
2026-08-03 20:10:00,4.3
2026-08-03 20:20:00,4.3
2026-08-03 20:30:00,4.3
2026-08-03 20:40:00,4.3
2026-08-03 20:50:00,4.3
2026-08-03 21:00:00,4.3
2026-08-03 21:10:00,4.3
2026-08-03 21:20:00,4.3
2026-08-03 21:30:00,4.3
2026-08-03 21:40:00,4.3
2026-08-03 21:50:00,4.3
2026-08-03 22:00:00,4.3
2026-08-03 22:10:00,4.3
2026-08-03 22:20:00,4.3
2026-08-03 22:30:00,4.3
2026-08-03 22:40:00,4.3
2026-08-03 22:50:00,4.3
2026-08-03 23:00:00,4.3
2026-08-03 23:10:00,4.3
2026-08-03 23:20:00,4.3
2026-08-03 23:30:00,4.3
2026-08-03 23:40:00,4.3
2026-08-03 23:50:00,4.3
2026-08-04 00:00:00,4.3
2026-08-04 00:10:00,4.3
2026-08-04 00:20:00,4.3
2026-08-04 00:30:00,4.3
2026-08-04 00:40:00,4.3
2026-08-04 00:50:00,4.3
2026-08-04 01:00:00,4.3
2026-08-04 01:10:00,4.3
2026-08-04 01:20:00,4.3
2026-08-04 01:30:00,4.3
2026-08-04 01:40:00,4.3
2026-08-04 01:50:00,4.3
2026-08-04 02:00:00,4.3
2026-08-04 02:10:00,4.3
2026-08-04 02:20:00,4.3
2026-08-04 02:30:00,4.3
2026-08-04 02:40:00,4.3
2026-08-04 02:50:00,4.3
2026-08-04 03:00:00,4.3
2026-08-04 03:10:00,4.3
2026-08-04 03:20:00,4.3
2026-08-04 03:30:00,4.3
2026-08-04 03:40:00,4.3
2026-08-04 03:50:00,4.3
2026-08-04 04:00:00,4.3
2026-08-04 04:10:00,4.3
2026-08-04 04:20:00,4.3
2026-08-04 04:30:00,4.3
2026-08-04 04:40:00,4.3
2026-08-04 04:50:00,4.3
2026-08-04 05:00:00,4.3
2026-08-04 05:10:00,4.3
2026-08-04 05:20:00,17.233333333333334
2026-08-04 05:30:00,71
2026-08-04 05:40:00,233.66666666666666
2026-08-04 05:50:00,479.5
2026-08-04 06:00:00,718.2333333333332
2026-08-04 06:10:00,978.4000000000001
2026-08-04 06:20:00,1238.6333333333334
2026-08-04 06:30:00,1544
2026-08-04 06:40:00,2300.933333333333
2026-08-04 06:50:00,3736.3
2026-08-04 07:00:00,5856.266666666666
2026-08-04 07:10:00,4963.15
2026-08-04 07:20:00,4722.3
2026-08-04 07:30:00,6606
2026-08-04 07:40:00,9959.199999999999
2026-08-04 07:50:00,8553.2
2026-08-04 08:00:00,7185.2
2026-08-04 08:10:00,9875.7
2026-08-04 08:20:00,5090
2026-08-04 08:30:00,2705.2
2026-08-04 08:40:00,4049.933333333333
2026-08-04 08:50:00,6014.700000000001
2026-08-04 09:00:00,5501.466666666667
2026-08-04 09:10:00,2727.8
2026-08-04 09:20:00,2776.2000000000003
2026-08-04 09:30:00,4536.3
2026-08-04 09:40:00,5583.166666666667
2026-08-04 09:50:00,12173.400000000001
2026-08-04 10:00:00,8868.966666666667
2026-08-04 10:10:00,3649.2
2026-08-04 10:20:00,3968.1999999999994
2026-08-04 10:30:00,4427.7
2026-08-04 10:40:00,7729.966666666667
2026-08-04 10:50:00,12825
2026-08-04 11:00:00,8752.1
2026-08-04 11:10:00,7987.65
2026-08-04 11:20:00,5407.533333333334
2026-08-04 11:30:00,5951.25
2026-08-04 11:40:00,7955.766666666666
2026-08-04 11:50:00,9148.9
2026-08-04 12:00:00,8045.366666666666
2026-08-04 12:10:00,13330.35
2026-08-04 12:20:00,8651.800000000001
2026-08-04 12:30:00,13493.75
2026-08-04 12:40:00,9191.5
2026-08-04 12:50:00,5255.55
2026-08-04 13:00:00,2577.633333333333
2026-08-04 13:10:00,5885.65
2026-08-04 13:20:00,5321.5
2026-08-04 13:30:00,6008.2
2026-08-04 13:40:00,4480.7
2026-08-04 13:50:00,9217.7
2026-08-04 14:00:00,6132.2
2026-08-04 14:10:00,6158.75
2026-08-04 14:20:00,8538.5
2026-08-04 14:30:00,6446.9
2026-08-04 14:40:00,6565.166666666667
2026-08-04 14:50:00,3155.7
2026-08-04 15:00:00,4670.666666666667
2026-08-04 15:10:00,5587.799999999999
2026-08-04 15:20:00,4811.9
2026-08-04 15:30:00,4409.4
2026-08-04 15:40:00,4311.566666666667
2026-08-04 15:50:00,3935.2000000000003
2026-08-04 16:00:00,3806.9
2026-08-04 16:10:00,2898.7
2026-08-04 16:20:00,3874.2999999999997
2026-08-04 16:30:00,4673.85
2026-08-04 16:40:00,5712.866666666666
2026-08-04 16:50:00,5211.5
2026-08-04 17:00:00,3637.0333333333333
2026-08-04 17:10:00,2508.45
2026-08-04 17:20:00,1911
2026-08-04 17:30:00,660.1500000000001
2026-08-04 17:40:00,641.5333333333333
2026-08-04 17:50:00,586
2026-08-04 18:00:00,132.6
2026-08-04 18:10:00,35.5
2026-08-04 18:20:00,7.8999999999999995
2026-08-04 18:30:00,4.3
2026-08-04 18:40:00,4.3
2026-08-04 18:50:00,4.3
2026-08-04 19:00:00,4.3
2026-08-04 19:10:00,4.3
2026-08-04 19:20:00,4.3
2026-08-04 19:30:00,4.3
2026-08-04 19:40:00,4.3
2026-08-04 19:50:00,4.3
2026-08-04 20:00:00,4.3
2026-08-04 20:10:00,4.3
2026-08-04 20:20:00,4.3
2026-08-04 20:30:00,4.3
2026-08-04 20:40:00,4.3
2026-08-04 20:50:00,4.3
2026-08-04 21:00:00,4.3
2026-08-04 21:10:00,4.3
2026-08-04 21:20:00,4.3
2026-08-04 21:30:00,4.3
2026-08-04 21:40:00,4.3
2026-08-04 21:50:00,4.3
2026-08-04 22:00:00,4.3
2026-08-04 22:10:00,4.3
2026-08-04 22:20:00,4.3
2026-08-04 22:30:00,4.3
2026-08-04 22:40:00,4.3
2026-08-04 22:50:00,4.3
2026-08-04 23:00:00,4.3
2026-08-04 23:10:00,4.3
2026-08-04 23:20:00,4.3
2026-08-04 23:30:00,4.3
2026-08-04 23:40:00,4.3
2026-08-04 23:50:00,4.3
2026-08-05 00:00:00,4.3
2026-08-05 00:10:00,4.3
2026-08-05 00:20:00,4.3
2026-08-05 00:30:00,4.3
2026-08-05 00:40:00,4.3
2026-08-05 00:50:00,4.3
2026-08-05 01:00:00,4.3
2026-08-05 01:10:00,4.3
2026-08-05 01:20:00,4.3
2026-08-05 01:30:00,4.3
2026-08-05 01:40:00,4.3
2026-08-05 01:50:00,4.3
2026-08-05 02:00:00,4.3
2026-08-05 02:10:00,4.3
2026-08-05 02:20:00,4.3
2026-08-05 02:30:00,4.3
2026-08-05 02:40:00,4.3
2026-08-05 02:50:00,4.3
2026-08-05 03:00:00,4.3
2026-08-05 03:10:00,4.3
2026-08-05 03:20:00,4.3
2026-08-05 03:30:00,4.3
2026-08-05 03:40:00,4.3
2026-08-05 03:50:00,4.3
2026-08-05 04:00:00,4.3
2026-08-05 04:10:00,4.3
2026-08-05 04:20:00,4.3
2026-08-05 04:30:00,4.3
2026-08-05 04:40:00,4.3
2026-08-05 04:50:00,4.3
2026-08-05 05:00:00,4.3
2026-08-05 05:10:00,5.033333333333333
2026-08-05 05:20:00,12.899999999999999
2026-08-05 05:30:00,63.800000000000004
2026-08-05 05:40:00,230.1
2026-08-05 05:50:00,564.1333333333333
2026-08-05 06:00:00,1075.2
2026-08-05 06:10:00,1767.6333333333332
2026-08-05 06:20:00,2243.8999999999996
2026-08-05 06:30:00,2452.1666666666665
2026-08-05 06:40:00,2905.2
2026-08-05 06:50:00,4199.733333333334
2026-08-05 07:00:00,4454.55
2026-08-05 07:10:00,5770.933333333334
2026-08-05 07:20:00,7109.25
2026-08-05 07:30:00,6326.466666666667
2026-08-05 07:40:00,7199.55
2026-08-05 07:50:00,7558.633333333334
2026-08-05 08:00:00,7870.450000000001
2026-08-05 08:10:00,9483.266666666666
2026-08-05 08:20:00,10550.95
2026-08-05 08:30:00,10519.033333333335
2026-08-05 08:40:00,10176.75
2026-08-05 08:50:00,10932.633333333333
2026-08-05 09:00:00,10899.3
2026-08-05 09:10:00,11850.866666666669
2026-08-05 09:20:00,12425
2026-08-05 09:30:00,12452.966666666667
2026-08-05 09:40:00,14194.8
2026-08-05 09:50:00,11812.133333333333
2026-08-05 10:00:00,12118.55
2026-08-05 10:10:00,13962.533333333333
2026-08-05 10:20:00,13521.7
2026-08-05 10:30:00,13548.266666666668
2026-08-05 10:40:00,10645.55
2026-08-05 10:50:00,10271
2026-08-05 11:00:00,10789.650000000001
2026-08-05 11:10:00,10770.633333333333
2026-08-05 11:20:00,10814.349999999999
2026-08-05 11:30:00,10982.1
2026-08-05 11:40:00,11850.85
2026-08-05 11:50:00,14648.5
2026-08-05 12:00:00,12458.3
2026-08-05 12:10:00,14280.833333333334
2026-08-05 12:20:00,14134.55
2026-08-05 12:30:00,10274.6
2026-08-05 12:40:00,14220.599999999999
2026-08-05 12:50:00,14872.9
2026-08-05 13:00:00,13762.55
2026-08-05 13:10:00,10312.633333333333
2026-08-05 13:20:00,12074.5
2026-08-05 13:30:00,12111.766666666668
2026-08-05 13:40:00,8268.3
2026-08-05 13:50:00,5915.766666666666
2026-08-05 14:00:00,7485.55
2026-08-05 14:10:00,6589.566666666667
2026-08-05 14:20:00,4551.3
2026-08-05 14:30:00,4697.900000000001
2026-08-05 14:40:00,5603.950000000001
2026-08-05 14:50:00,3181.1666666666665
2026-08-05 15:00:00,1840.75
2026-08-05 15:10:00,1144
2026-08-05 15:20:00,2101.6666666666665
2026-08-05 15:30:00,1735.4
2026-08-05 15:40:00,1345.4333333333332
2026-08-05 15:50:00,1164.4499999999998
2026-08-05 16:00:00,807.8333333333334
2026-08-05 16:10:00,492.45000000000005
2026-08-05 16:20:00,465.1666666666667
2026-08-05 16:30:00,759.1
2026-08-05 16:40:00,1001.3666666666667
2026-08-05 16:50:00,1023.5999999999999
2026-08-05 17:00:00,830.8000000000001
2026-08-05 17:10:00,524.7
2026-08-05 17:20:00,351.9666666666667
2026-08-05 17:30:00,219.35000000000002
2026-08-05 17:40:00,124
2026-08-05 17:50:00,31.200000000000003
2026-08-05 18:00:00,14.366666666666665
2026-08-05 18:10:00,5.4
2026-08-05 18:20:00,4.3
2026-08-05 18:30:00,4.3
2026-08-05 18:40:00,4.3
2026-08-05 18:50:00,4.3
2026-08-05 19:00:00,4.3
2026-08-05 19:10:00,4.3
2026-08-05 19:20:00,4.3
2026-08-05 19:30:00,4.3
2026-08-05 19:40:00,4.3
2026-08-05 19:50:00,4.3
2026-08-05 20:00:00,4.3
2026-08-05 20:10:00,4.3
2026-08-05 20:20:00,4.3
2026-08-05 20:30:00,4.3
2026-08-05 20:40:00,4.3
2026-08-05 20:50:00,4.3
2026-08-05 21:00:00,4.3
2026-08-05 21:10:00,4.3
2026-08-05 21:20:00,4.3
2026-08-05 21:30:00,4.3
2026-08-05 21:40:00,4.3
2026-08-05 21:50:00,4.3
2026-08-05 22:00:00,4.3
2026-08-05 22:10:00,4.3
2026-08-05 22:20:00,4.3
2026-08-05 22:30:00,4.3
2026-08-05 22:40:00,4.3
2026-08-05 22:50:00,4.3
2026-08-05 23:00:00,4.3
2026-08-05 23:10:00,4.3
2026-08-05 23:20:00,4.3
2026-08-05 23:30:00,4.3
2026-08-05 23:40:00,4.3
2026-08-05 23:50:00,4.3
2026-08-06 00:00:00,4.3
2026-08-06 00:10:00,4.3
2026-08-06 00:20:00,4.3
2026-08-06 00:30:00,4.3
2026-08-06 00:40:00,4.3
2026-08-06 00:50:00,4.3
2026-08-06 01:00:00,4.3
2026-08-06 01:10:00,4.3
2026-08-06 01:20:00,4.3
2026-08-06 01:30:00,4.3
2026-08-06 01:40:00,4.3
2026-08-06 01:50:00,4.3
2026-08-06 02:00:00,4.3
2026-08-06 02:10:00,4.3
2026-08-06 02:20:00,4.3
2026-08-06 02:30:00,4.3
2026-08-06 02:40:00,4.3
2026-08-06 02:50:00,4.3
2026-08-06 03:00:00,4.3
2026-08-06 03:10:00,4.3
2026-08-06 03:20:00,4.3
2026-08-06 03:30:00,4.3
2026-08-06 03:40:00,4.3
2026-08-06 03:50:00,4.3
2026-08-06 04:00:00,4.3
2026-08-06 04:10:00,4.3
2026-08-06 04:20:00,4.3
2026-08-06 04:30:00,4.3
2026-08-06 04:40:00,4.3
2026-08-06 04:50:00,4.3
2026-08-06 05:00:00,4.3
2026-08-06 05:10:00,4.3
2026-08-06 05:20:00,7.2
2026-08-06 05:30:00,20.45
2026-08-06 05:40:00,43.73333333333333
2026-08-06 05:50:00,149.1
2026-08-06 06:00:00,326.9
2026-08-06 06:10:00,619.3333333333334
2026-08-06 06:20:00,1035.0666666666666
2026-08-06 06:30:00,1379.5
2026-08-06 06:40:00,2162.566666666667
2026-08-06 06:50:00,2840.65
2026-08-06 07:00:00,3115.2000000000003
2026-08-06 07:10:00,3471.8
2026-08-06 07:20:00,4299.366666666666
2026-08-06 07:30:00,5044.799999999999
2026-08-06 07:40:00,5418.299999999999
2026-08-06 07:50:00,5509.35
2026-08-06 08:00:00,6167.333333333333
2026-08-06 08:10:00,7179.1
2026-08-06 08:20:00,6230.400000000001
2026-08-06 08:30:00,6039.4
2026-08-06 08:40:00,6485.600000000001
2026-08-06 08:50:00,6899.549999999999
2026-08-06 09:00:00,7413.133333333334
2026-08-06 09:10:00,7825.299999999999
2026-08-06 09:20:00,7704.166666666667
2026-08-06 09:30:00,7538.25
2026-08-06 09:40:00,8504.833333333334
2026-08-06 09:50:00,8631.7
2026-08-06 10:00:00,9957.8
2026-08-06 10:10:00,9817.65
2026-08-06 10:20:00,9182.199999999999
2026-08-06 10:30:00,8667.2
2026-08-06 10:40:00,9143.5
2026-08-06 10:50:00,8989.4
2026-08-06 11:00:00,8659.650000000001
2026-08-06 11:10:00,7174.433333333333
2026-08-06 11:20:00,6345.85
2026-08-06 11:30:00,6534.333333333333
2026-08-06 11:40:00,7851.1
2026-08-06 11:50:00,8757.866666666667
2026-08-06 12:00:00,9155.3
2026-08-06 12:10:00,9693.300000000001
2026-08-06 12:20:00,9907.95
2026-08-06 12:30:00,9557.066666666668
2026-08-06 12:40:00,7831.75
2026-08-06 12:50:00,5779.566666666667
2026-08-06 13:00:00,5754.5
2026-08-06 13:10:00,7307.066666666667
2026-08-06 13:20:00,6810.299999999999
2026-08-06 13:30:00,5923.666666666667
2026-08-06 13:40:00,5948
2026-08-06 13:50:00,5380.3
2026-08-06 14:00:00,3923.4
2026-08-06 14:10:00,3171.133333333333
2026-08-06 14:20:00,3880.0333333333333
2026-08-06 14:30:00,3911.55
2026-08-06 14:40:00,5407.566666666667
2026-08-06 14:50:00,7497.35
2026-08-06 15:00:00,7565.133333333334
2026-08-06 15:10:00,7651.1
2026-08-06 15:20:00,4438.433333333333
2026-08-06 15:30:00,2483.75
2026-08-06 15:40:00,2098.7999999999997
2026-08-06 15:50:00,2670.75
2026-08-06 16:00:00,2991.2000000000003
2026-08-06 16:10:00,2148.25
2026-08-06 16:20:00,734
2026-08-06 16:30:00,433.3
2026-08-06 16:40:00,476.6333333333334
2026-08-06 16:50:00,565.6
2026-08-06 17:00:00,720.3666666666667
2026-08-06 17:10:00,919.3
2026-08-06 17:20:00,911.7666666666668
2026-08-06 17:30:00,504.29999999999995
2026-08-06 17:40:00,210.03333333333333
2026-08-06 17:50:00,115.05
2026-08-06 18:00:00,58.06666666666666
2026-08-06 18:10:00,22.6
2026-08-06 18:20:00,5.733333333333333
2026-08-06 18:30:00,4.3
2026-08-06 18:40:00,4.3
2026-08-06 18:50:00,4.3
2026-08-06 19:00:00,4.3
2026-08-06 19:10:00,4.3
2026-08-06 19:20:00,4.3
2026-08-06 19:30:00,4.3
2026-08-06 19:40:00,4.3
2026-08-06 19:50:00,4.3
2026-08-06 20:00:00,4.3
2026-08-06 20:10:00,4.3
2026-08-06 20:20:00,4.3
2026-08-06 20:30:00,4.3
2026-08-06 20:40:00,4.3
2026-08-06 20:50:00,4.3
2026-08-06 21:00:00,4.3
2026-08-06 21:10:00,4.3
2026-08-06 21:20:00,4.3
2026-08-06 21:30:00,4.3
2026-08-06 21:40:00,4.3
2026-08-06 21:50:00,4.3
2026-08-06 22:00:00,4.3
2026-08-06 22:10:00,4.3
2026-08-06 22:20:00,4.3
2026-08-06 22:30:00,4.3
2026-08-06 22:40:00,4.3
2026-08-06 22:50:00,4.3
2026-08-06 23:00:00,4.3
2026-08-06 23:10:00,4.3
2026-08-06 23:20:00,4.3
2026-08-06 23:30:00,4.3
2026-08-06 23:40:00,4.3
2026-08-06 23:50:00,4.3
2026-08-07 00:00:00,4.3
2026-08-07 00:10:00,4.3
2026-08-07 00:20:00,4.3
2026-08-07 00:30:00,4.3
2026-08-07 00:40:00,4.3
2026-08-07 00:50:00,4.3
2026-08-07 01:00:00,4.3
2026-08-07 01:10:00,4.3
2026-08-07 01:20:00,4.3
2026-08-07 01:30:00,4.3
2026-08-07 01:40:00,4.3
2026-08-07 01:50:00,4.3
2026-08-07 02:00:00,4.3
2026-08-07 02:10:00,4.3
2026-08-07 02:20:00,4.3
2026-08-07 02:30:00,4.3
2026-08-07 02:40:00,4.3
2026-08-07 02:50:00,4.3
2026-08-07 03:00:00,4.3
2026-08-07 03:10:00,4.3
2026-08-07 03:20:00,4.3
2026-08-07 03:30:00,4.3
2026-08-07 03:40:00,4.3
2026-08-07 03:50:00,4.3
2026-08-07 04:00:00,4.3
2026-08-07 04:10:00,4.3
2026-08-07 04:20:00,4.3
2026-08-07 04:30:00,4.3
2026-08-07 04:40:00,4.3
2026-08-07 04:50:00,4.3
2026-08-07 05:00:00,4.3
2026-08-07 05:10:00,5.033333333333333
2026-08-07 05:20:00,19.35
2026-08-07 05:30:00,73.13333333333333
2026-08-07 05:40:00,252.65
2026-08-07 05:50:00,458.05
2026-08-07 06:00:00,832.9333333333334
2026-08-07 06:10:00,1189.2
2026-08-07 06:20:00,1579.1000000000001
2026-08-07 06:30:00,1839.65
2026-08-07 06:40:00,1944.6666666666667
2026-08-07 06:50:00,2094.5
2026-08-07 07:00:00,2488
2026-08-07 07:10:00,2578.3
2026-08-07 07:20:00,2726.7333333333336
2026-08-07 07:30:00,3038.5
2026-08-07 07:40:00,3113.7666666666664
2026-08-07 07:50:00,3058.95
2026-08-07 08:00:00,3151.0333333333333
2026-08-07 08:10:00,4522.3
2026-08-07 08:20:00,7383.033333333333
2026-08-07 08:30:00,8601.6
2026-08-07 08:40:00,7805.2
2026-08-07 08:50:00,8374.75
2026-08-07 09:00:00,8471.133333333333
2026-08-07 09:10:00,10596.099999999999
2026-08-07 09:20:00,10158.499999999998
2026-08-07 09:30:00,8331.7
2026-08-07 09:40:00,8129.233333333333
2026-08-07 09:50:00,5882.4
2026-08-07 10:00:00,7190.966666666667
2026-08-07 10:10:00,6600.700000000001
2026-08-07 10:20:00,4378.233333333334
2026-08-07 10:30:00,4824.4
2026-08-07 10:40:00,6798.833333333333
2026-08-07 10:50:00,4784.65
2026-08-07 11:00:00,4915.099999999999
2026-08-07 11:10:00,8840.25
2026-08-07 11:20:00,7328.566666666667
2026-08-07 11:30:00,6144.75
2026-08-07 11:40:00,7242.533333333333
2026-08-07 11:50:00,7068.35
2026-08-07 12:00:00,7952.899999999999
2026-08-07 12:10:00,7831.799999999999
2026-08-07 12:20:00,5975.966666666667
2026-08-07 12:30:00,6769.45
2026-08-07 12:40:00,7262.599999999999
2026-08-07 12:50:00,7600.6
2026-08-07 13:00:00,7615.3
2026-08-07 13:10:00,7712.4
2026-08-07 13:20:00,7668.333333333333
2026-08-07 13:30:00,7690.9
2026-08-07 13:40:00,7724.933333333333
2026-08-07 13:50:00,7684.450000000001
2026-08-07 14:00:00,7688.366666666666
2026-08-07 14:10:00,7733.9
2026-08-07 14:20:00,7848.966666666667
2026-08-07 14:30:00,7852.2
2026-08-07 14:40:00,8312.033333333333
2026-08-07 14:50:00,8313.45
2026-08-07 15:00:00,8324.199999999999
2026-08-07 15:10:00,7725.35
2026-08-07 15:20:00,7018.933333333333
2026-08-07 15:30:00,6341.55
2026-08-07 15:40:00,5674.900000000001
2026-08-07 15:50:00,5249.15
2026-08-07 16:00:00,4910.066666666667
2026-08-07 16:10:00,4569.6
2026-08-07 16:20:00,4199.7
2026-08-07 16:30:00,3699.75
2026-08-07 16:40:00,3204.8000000000006
2026-08-07 16:50:00,3104.1
2026-08-07 17:00:00,2538.9
2026-08-07 17:10:00,1825.6999999999998
2026-08-07 17:20:00,1433.6000000000001
2026-08-07 17:30:00,1079.5
2026-08-07 17:40:00,742.6333333333333
2026-08-07 17:50:00,421.5
2026-08-07 18:00:00,173.1
2026-08-07 18:10:00,42.3
2026-08-07 18:20:00,7.55
2026-08-07 18:30:00,4.3
2026-08-07 18:40:00,4.3
2026-08-07 18:50:00,4.3
2026-08-07 19:00:00,4.3
2026-08-07 19:10:00,4.3
2026-08-07 19:20:00,4.3
2026-08-07 19:30:00,4.3
2026-08-07 19:40:00,4.3
2026-08-07 19:50:00,4.3
2026-08-07 20:00:00,4.3
2026-08-07 20:10:00,4.3
2026-08-07 20:20:00,4.3
2026-08-07 20:30:00,4.3
2026-08-07 20:40:00,4.3
2026-08-07 20:50:00,4.3
2026-08-07 21:00:00,4.3
2026-08-07 21:10:00,4.3
2026-08-07 21:20:00,4.3
2026-08-07 21:30:00,4.3
2026-08-07 21:40:00,4.3
2026-08-07 21:50:00,4.3
2026-08-07 22:00:00,4.3
2026-08-07 22:10:00,4.3
2026-08-07 22:20:00,4.3
2026-08-07 22:30:00,4.3
2026-08-07 22:40:00,4.3
2026-08-07 22:50:00,4.3
2026-08-07 23:00:00,4.3
2026-08-07 23:10:00,4.3
2026-08-07 23:20:00,4.3
2026-08-07 23:30:00,4.3
2026-08-07 23:40:00,4.3
2026-08-07 23:50:00,4.3
2026-08-08 00:00:00,4.3
2026-08-08 00:10:00,4.3
2026-08-08 00:20:00,4.3
2026-08-08 00:30:00,4.3
2026-08-08 00:40:00,4.3
2026-08-08 00:50:00,4.3
2026-08-08 01:00:00,4.3
2026-08-08 01:10:00,4.3
2026-08-08 01:20:00,4.3
2026-08-08 01:30:00,4.3
2026-08-08 01:40:00,4.3
2026-08-08 01:50:00,4.3
2026-08-08 02:00:00,4.3
2026-08-08 02:10:00,4.3
2026-08-08 02:20:00,4.3
2026-08-08 02:30:00,4.3
2026-08-08 02:40:00,4.3
2026-08-08 02:50:00,4.3
2026-08-08 03:00:00,4.3
2026-08-08 03:10:00,4.3
2026-08-08 03:20:00,4.3
2026-08-08 03:30:00,4.3
2026-08-08 03:40:00,4.3
2026-08-08 03:50:00,4.3
2026-08-08 04:00:00,4.3
2026-08-08 04:10:00,4.3
2026-08-08 04:20:00,4.3
2026-08-08 04:30:00,4.3
2026-08-08 04:40:00,4.3
2026-08-08 04:50:00,4.3
2026-08-08 05:00:00,4.3
2026-08-08 05:10:00,5.033333333333333
2026-08-08 05:20:00,23.7
2026-08-08 05:30:00,80.65
2026-08-08 05:40:00,220.76666666666665
2026-08-08 05:50:00,464.5
2026-08-08 06:00:00,754.7666666666668
2026-08-08 06:10:00,1013.9
2026-08-08 06:20:00,1338.2333333333333
2026-08-08 06:30:00,1777.3
2026-08-08 06:40:00,2219.2000000000003
2026-08-08 06:50:00,2788
2026-08-08 07:00:00,3248.5
2026-08-08 07:10:00,3848.15
2026-08-08 07:20:00,5406.099999999999
2026-08-08 07:30:00,5288.9
2026-08-08 07:40:00,4343.8
2026-08-08 07:50:00,3825.55
2026-08-08 08:00:00,5551.600000000001
2026-08-08 08:10:00,6663.05
2026-08-08 08:20:00,7736.433333333334
2026-08-08 08:30:00,11934.75
2026-08-08 08:40:00,9189.366666666667
2026-08-08 08:50:00,14170.05
2026-08-08 09:00:00,9213.033333333333
2026-08-08 09:10:00,8887.599999999999
2026-08-08 09:20:00,13098.1
2026-08-08 09:30:00,16214.05
2026-08-08 09:40:00,15224.800000000001
2026-08-08 09:50:00,12182
2026-08-08 10:00:00,6679.833333333333
2026-08-08 10:10:00,9263.9
2026-08-08 10:20:00,6077.033333333333
2026-08-08 10:30:00,5776
2026-08-08 10:40:00,5322.966666666666
2026-08-08 10:50:00,5734.049999999999
2026-08-08 11:00:00,16274.933333333334
2026-08-08 11:10:00,15143.1
2026-08-08 11:20:00,14822.699999999999
2026-08-08 11:30:00,7275.9
2026-08-08 11:40:00,12107.466666666665
2026-08-08 11:50:00,14109.85
2026-08-08 12:00:00,17160.166666666668
2026-08-08 12:10:00,17274.15
2026-08-08 12:20:00,13488
2026-08-08 12:30:00,15633.400000000001
2026-08-08 12:40:00,15509.4
2026-08-08 12:50:00,16421.5
2026-08-08 13:00:00,16411.833333333332
2026-08-08 13:10:00,17058.05
2026-08-08 13:20:00,9959.933333333334
2026-08-08 13:30:00,8109.15
2026-08-08 13:40:00,12689.5
2026-08-08 13:50:00,15723.75
2026-08-08 14:00:00,12672.300000000001
2026-08-08 14:10:00,15049.55
2026-08-08 14:20:00,14821.266666666668
2026-08-08 14:30:00,13834.599999999999
2026-08-08 14:40:00,10642.300000000001
2026-08-08 14:50:00,12652.95
2026-08-08 15:00:00,12637.9
2026-08-08 15:10:00,12425
2026-08-08 15:20:00,12275.9
2026-08-08 15:30:00,7832.849999999999
2026-08-08 15:40:00,10621.533333333333
2026-08-08 15:50:00,10117.65
2026-08-08 16:00:00,8694.066666666668
2026-08-08 16:10:00,10145.6
2026-08-08 16:20:00,7113.5
2026-08-08 16:30:00,6938.25
2026-08-08 16:40:00,5822.566666666666
2026-08-08 16:50:00,5010.45
2026-08-08 17:00:00,3424.1666666666665
2026-08-08 17:10:00,2283.7
2026-08-08 17:20:00,1848.6333333333332
2026-08-08 17:30:00,1591.3
2026-08-08 17:40:00,1409.9333333333334
2026-08-08 17:50:00,711.8
2026-08-08 18:00:00,260.90000000000003
2026-08-08 18:10:00,45.2
2026-08-08 18:20:00,7.2
2026-08-08 18:30:00,4.3
2026-08-08 18:40:00,4.3
2026-08-08 18:50:00,4.3
2026-08-08 19:00:00,4.3
2026-08-08 19:10:00,4.3
2026-08-08 19:20:00,4.3
2026-08-08 19:30:00,4.3
2026-08-08 19:40:00,4.3
2026-08-08 19:50:00,4.3
2026-08-08 20:00:00,4.3
2026-08-08 20:10:00,4.3
2026-08-08 20:20:00,4.3
2026-08-08 20:30:00,4.3
2026-08-08 20:40:00,4.3
2026-08-08 20:50:00,4.3
2026-08-08 21:00:00,4.3
2026-08-08 21:10:00,4.3
2026-08-08 21:20:00,4.3
2026-08-08 21:30:00,4.3
2026-08-08 21:40:00,4.3
2026-08-08 21:50:00,4.3
2026-08-08 22:00:00,4.3
2026-08-08 22:10:00,4.3
2026-08-08 22:20:00,4.3
2026-08-08 22:30:00,4.3
2026-08-08 22:40:00,4.3
2026-08-08 22:50:00,4.3
2026-08-08 23:00:00,4.3
2026-08-08 23:10:00,4.3
2026-08-08 23:20:00,4.3
2026-08-08 23:30:00,4.3
2026-08-08 23:40:00,4.3
2026-08-08 23:50:00,4.3
2026-08-09 00:00:00,4.3
2026-08-09 00:10:00,4.3
2026-08-09 00:20:00,4.3
2026-08-09 00:30:00,4.3
2026-08-09 00:40:00,4.3
2026-08-09 00:50:00,4.3
2026-08-09 01:00:00,4.3
2026-08-09 01:10:00,4.3
2026-08-09 01:20:00,4.3
2026-08-09 01:30:00,4.3
2026-08-09 01:40:00,4.3
2026-08-09 01:50:00,4.3
2026-08-09 02:00:00,4.3
2026-08-09 02:10:00,4.3
2026-08-09 02:20:00,4.3
2026-08-09 02:30:00,4.3
2026-08-09 02:40:00,4.3
2026-08-09 02:50:00,4.3
2026-08-09 03:00:00,4.3
2026-08-09 03:10:00,4.3
2026-08-09 03:20:00,4.3
2026-08-09 03:30:00,4.3
2026-08-09 03:40:00,4.3
2026-08-09 03:50:00,4.3
2026-08-09 04:00:00,4.3
2026-08-09 04:10:00,4.3
2026-08-09 04:20:00,4.3
2026-08-09 04:30:00,4.3
2026-08-09 04:40:00,4.3
2026-08-09 04:50:00,4.3
2026-08-09 05:00:00,4.3
2026-08-09 05:10:00,5.033333333333333
2026-08-09 05:20:00,17.25
2026-08-09 05:30:00,68.83333333333333
2026-08-09 05:40:00,207.5
2026-08-09 05:50:00,408.5666666666666
2026-08-09 06:00:00,587.0999999999999
2026-08-09 06:10:00,865.2000000000002
2026-08-09 06:20:00,1224.65
2026-08-09 06:30:00,1663.6666666666667
2026-08-09 06:40:00,1955.8000000000002
2026-08-09 06:50:00,2399.1333333333337
2026-08-09 07:00:00,3120.25
2026-08-09 07:10:00,4472.833333333333
2026-08-09 07:20:00,5520.1
2026-08-09 07:30:00,8202.366666666667
2026-08-09 07:40:00,9615.5
2026-08-09 07:50:00,9778.566666666666
2026-08-09 08:00:00,11572.35
2026-08-09 08:10:00,11690.266666666668
2026-08-09 08:20:00,10838.05
2026-08-09 08:30:00,11316.833333333334
2026-08-09 08:40:00,11165.95
2026-08-09 08:50:00,11369.133333333333
2026-08-09 09:00:00,11244.45
2026-08-09 09:10:00,11505.333333333334
2026-08-09 09:20:00,10533.75
2026-08-09 09:30:00,11462.7
2026-08-09 09:40:00,12433.6
2026-08-09 09:50:00,12246.55
2026-08-09 10:00:00,13419.966666666665
2026-08-09 10:10:00,14147.5
2026-08-09 10:20:00,14254.266666666668
2026-08-09 10:30:00,14064.7
2026-08-09 10:40:00,14470.766666666668
2026-08-09 10:50:00,14139.95
2026-08-09 11:00:00,13527.433333333334
2026-08-09 11:10:00,12649.75
2026-08-09 11:20:00,12288.066666666666
2026-08-09 11:30:00,12073.45
2026-08-09 11:40:00,12695.966666666667
2026-08-09 11:50:00,12509.95
2026-08-09 12:00:00,11273.1
2026-08-09 12:10:00,11155.2
2026-08-09 12:20:00,11716.833333333334
2026-08-09 12:30:00,11601.4
2026-08-09 12:40:00,11322.599999999999
2026-08-09 12:50:00,11811.05
2026-08-09 13:00:00,11591.4
2026-08-09 13:10:00,11270.25
2026-08-09 13:20:00,10488.933333333332
2026-08-09 13:30:00,10676.7
2026-08-09 13:40:00,12013.566666666666
2026-08-09 13:50:00,11521.8
2026-08-09 14:00:00,12336.133333333333
2026-08-09 14:10:00,9825.2
2026-08-09 14:20:00,8713.433333333332
2026-08-09 14:30:00,8480.1
2026-08-09 14:40:00,8139.266666666666
2026-08-09 14:50:00,8432.8
2026-08-09 15:00:00,8361.433333333332
2026-08-09 15:10:00,7513.5
2026-08-09 15:20:00,7317.100000000001
2026-08-09 15:30:00,7014.6
2026-08-09 15:40:00,6874.133333333334
2026-08-09 15:50:00,6501.7
2026-08-09 16:00:00,6096.399999999999
2026-08-09 16:10:00,5466.3
2026-08-09 16:20:00,4798.233333333334
2026-08-09 16:30:00,3091.2
2026-08-09 16:40:00,2097.366666666667
2026-08-09 16:50:00,2231.05
2026-08-09 17:00:00,2538.9
2026-08-09 17:10:00,2224.6000000000004
2026-08-09 17:20:00,1646.5
2026-08-09 17:30:00,1007.45
2026-08-09 17:40:00,752.6333333333333
2026-08-09 17:50:00,432.20000000000005
2026-08-09 18:00:00,183.5
2026-08-09 18:10:00,33.35
2026-08-09 18:20:00,7.2
2026-08-09 18:30:00,4.3
2026-08-09 18:40:00,4.3
2026-08-09 18:50:00,4.3
2026-08-09 19:00:00,4.3
2026-08-09 19:10:00,4.3
2026-08-09 19:20:00,4.3
2026-08-09 19:30:00,4.3
2026-08-09 19:40:00,4.3
2026-08-09 19:50:00,4.3
2026-08-09 20:00:00,4.3
2026-08-09 20:10:00,4.3
2026-08-09 20:20:00,4.3
2026-08-09 20:30:00,4.3
2026-08-09 20:40:00,4.3
2026-08-09 20:50:00,4.3
2026-08-09 21:00:00,4.3
2026-08-09 21:10:00,4.3
2026-08-09 21:20:00,4.3
2026-08-09 21:30:00,4.3
2026-08-09 21:40:00,4.3
2026-08-09 21:50:00,4.3
2026-08-09 22:00:00,4.3
2026-08-09 22:10:00,4.3
2026-08-09 22:20:00,4.3
2026-08-09 22:30:00,4.3
2026-08-09 22:40:00,4.3
2026-08-09 22:50:00,4.3
2026-08-09 23:00:00,4.3
2026-08-09 23:10:00,4.3
2026-08-09 23:20:00,4.3
2026-08-09 23:30:00,4.3
2026-08-09 23:40:00,4.3
2026-08-09 23:50:00,4.3
2026-08-10 00:00:00,4.3
2026-08-10 00:10:00,4.3
2026-08-10 00:20:00,4.3
2026-08-10 00:30:00,4.3
2026-08-10 00:40:00,4.3
2026-08-10 00:50:00,4.3
2026-08-10 01:00:00,4.3
2026-08-10 01:10:00,4.3
2026-08-10 01:20:00,4.3
2026-08-10 01:30:00,4.3
2026-08-10 01:40:00,4.3
2026-08-10 01:50:00,4.3
2026-08-10 02:00:00,4.3
2026-08-10 02:10:00,4.3
2026-08-10 02:20:00,4.3
2026-08-10 02:30:00,4.3
2026-08-10 02:40:00,4.3
2026-08-10 02:50:00,4.3
2026-08-10 03:00:00,4.3
2026-08-10 03:10:00,4.3
2026-08-10 03:20:00,4.3
2026-08-10 03:30:00,4.3
2026-08-10 03:40:00,4.3
2026-08-10 03:50:00,4.3
2026-08-10 04:00:00,4.3
2026-08-10 04:10:00,4.3
2026-08-10 04:20:00,4.3
2026-08-10 04:30:00,4.3
2026-08-10 04:40:00,4.3
2026-08-10 04:50:00,4.3
2026-08-10 05:00:00,4.3
2026-08-10 05:10:00,5.033333333333333
2026-08-10 05:20:00,19.35
2026-08-10 05:30:00,82.43333333333332
2026-08-10 05:40:00,219.35
2026-08-10 05:50:00,485.3
2026-08-10 06:00:00,819.3
2026-08-10 06:10:00,907.4666666666667
2026-08-10 06:20:00,936.5
2026-08-10 06:30:00,907.4666666666667
2026-08-10 06:40:00,1370.9
2026-08-10 06:50:00,2525.2999999999997
2026-08-10 07:00:00,4690.049999999999
2026-08-10 07:10:00,5993.866666666666
2026-08-10 07:20:00,7553.299999999999
2026-08-10 07:30:00,7354.366666666666
2026-08-10 07:40:00,7270.5
2026-08-10 07:50:00,7791.599999999999
2026-08-10 08:00:00,7138.25
2026-08-10 08:10:00,8428.833333333334
2026-08-10 08:20:00,7997.35
2026-08-10 08:30:00,7099.5
2026-08-10 08:40:00,9238.1
2026-08-10 08:50:00,7853.25
2026-08-10 09:00:00,8279.766666666666
2026-08-10 09:10:00,9495.1
2026-08-10 09:20:00,8926.333333333334
2026-08-10 09:30:00,9158.55
2026-08-10 09:40:00,8488.366666666667
2026-08-10 09:50:00,8919.85
2026-08-10 10:00:00,9386.5
2026-08-10 10:10:00,7213.5
2026-08-10 10:20:00,10210.800000000001
2026-08-10 10:30:00,7200.6
2026-08-10 10:40:00,14361.1
2026-08-10 10:50:00,10352.05
2026-08-10 11:00:00,10202.199999999999
2026-08-10 11:10:00,13392.7
2026-08-10 11:20:00,12842.199999999999
2026-08-10 11:30:00,11974.5
2026-08-10 11:40:00,10707.566666666668
2026-08-10 11:50:00,7242.549999999999
2026-08-10 12:00:00,7747.166666666667
2026-08-10 12:10:00,9104.8
2026-08-10 12:20:00,11635.133333333333
2026-08-10 12:30:00,12705.6
2026-08-10 12:40:00,8630.266666666665
2026-08-10 12:50:00,11647.6
2026-08-10 13:00:00,12352.6
2026-08-10 13:10:00,10986.4
2026-08-10 13:20:00,13084.466666666665
2026-08-10 13:30:00,14080.8
2026-08-10 13:40:00,10929.066666666666
2026-08-10 13:50:00,7597.35
2026-08-10 14:00:00,6988.066666666666
2026-08-10 14:10:00,5207.2
2026-08-10 14:20:00,6355.866666666668
2026-08-10 14:30:00,11576.7
2026-08-10 14:40:00,14088.666666666666
2026-08-10 14:50:00,7021.05
2026-08-10 15:00:00,12171.266666666668
2026-08-10 15:10:00,12266.95
2026-08-10 15:20:00,9326.266666666668
2026-08-10 15:30:00,11478.85
2026-08-10 15:40:00,11041.6
2026-08-10 15:50:00,8146.8
2026-08-10 16:00:00,5877.733333333333
2026-08-10 16:10:00,5137.3
2026-08-10 16:20:00,4428.400000000001
2026-08-10 16:30:00,7056.5
2026-08-10 16:40:00,4026.2666666666664
2026-08-10 16:50:00,4686.799999999999
2026-08-10 17:00:00,3821.9666666666667
2026-08-10 17:10:00,2374
2026-08-10 17:20:00,2105.9666666666667
2026-08-10 17:30:00,1541.85
2026-08-10 17:40:00,840.1
2026-08-10 17:50:00,506.4
2026-08-10 18:00:00,225.80000000000004
2026-08-10 18:10:00,34.4
2026-08-10 18:20:00,7.2
2026-08-10 18:30:00,4.3
2026-08-10 18:40:00,4.3
2026-08-10 18:50:00,4.3
2026-08-10 19:00:00,4.3
2026-08-10 19:10:00,4.3
2026-08-10 19:20:00,4.3
2026-08-10 19:30:00,4.3
2026-08-10 19:40:00,4.3
2026-08-10 19:50:00,4.3
2026-08-10 20:00:00,4.3
2026-08-10 20:10:00,4.3
2026-08-10 20:20:00,4.3
2026-08-10 20:30:00,4.3
2026-08-10 20:40:00,4.3
2026-08-10 20:50:00,4.3
2026-08-10 21:00:00,4.3
2026-08-10 21:10:00,4.3
2026-08-10 21:20:00,4.3
2026-08-10 21:30:00,4.3
2026-08-10 21:40:00,4.3
2026-08-10 21:50:00,4.3
2026-08-10 22:00:00,4.3
2026-08-10 22:10:00,4.3
2026-08-10 22:20:00,4.3
2026-08-10 22:30:00,4.3
2026-08-10 22:40:00,4.3
2026-08-10 22:50:00,4.3
2026-08-10 23:00:00,4.3
2026-08-10 23:10:00,4.3
2026-08-10 23:20:00,4.3
2026-08-10 23:30:00,4.3
2026-08-10 23:40:00,4.3
2026-08-10 23:50:00,4.3
2026-08-11 00:00:00,4.3
2026-08-11 00:10:00,4.3
2026-08-11 00:20:00,4.3
2026-08-11 00:30:00,4.3
2026-08-11 00:40:00,4.3
2026-08-11 00:50:00,4.3
2026-08-11 01:00:00,4.3
2026-08-11 01:10:00,4.3
2026-08-11 01:20:00,4.3
2026-08-11 01:30:00,4.3
2026-08-11 01:40:00,4.3
2026-08-11 01:50:00,4.3
2026-08-11 02:00:00,4.3
2026-08-11 02:10:00,4.3
2026-08-11 02:20:00,4.3
2026-08-11 02:30:00,4.3
2026-08-11 02:40:00,4.3
2026-08-11 02:50:00,4.3
2026-08-11 03:00:00,4.3
2026-08-11 03:10:00,4.3
2026-08-11 03:20:00,4.3
2026-08-11 03:30:00,4.3
2026-08-11 03:40:00,4.3
2026-08-11 03:50:00,4.3
2026-08-11 04:00:00,4.3
2026-08-11 04:10:00,4.3
2026-08-11 04:20:00,4.3
2026-08-11 04:30:00,4.3
2026-08-11 04:40:00,4.3
2026-08-11 04:50:00,4.3
2026-08-11 05:00:00,4.3
2026-08-11 05:10:00,6.466666666666666
2026-08-11 05:20:00,32.3
2026-08-11 05:30:00,234.4
2026-08-11 05:40:00,535.45
2026-08-11 05:50:00,854.4333333333334
2026-08-11 06:00:00,1114.9499999999998
2026-08-11 06:10:00,2293.0333333333333
2026-08-11 06:20:00,3470.75
2026-08-11 06:30:00,4272.833333333333
2026-08-11 06:40:00,5035.2
2026-08-11 06:50:00,5657.7
2026-08-11 07:00:00,6517.85
2026-08-11 07:10:00,7336.466666666667
2026-08-11 07:20:00,7976.950000000001
2026-08-11 07:30:00,8791.533333333335
2026-08-11 07:40:00,8297.3
2026-08-11 07:50:00,9186.533333333333
2026-08-11 08:00:00,11664.849999999999
2026-08-11 08:10:00,9630.233333333332
2026-08-11 08:20:00,12139
2026-08-11 08:30:00,13001.333333333334
2026-08-11 08:40:00,13616.349999999999
2026-08-11 08:50:00,11552.666666666666
2026-08-11 09:00:00,13552.900000000001
2026-08-11 09:10:00,13618.45
2026-08-11 09:20:00,13943.9
2026-08-11 09:30:00,14272.2
2026-08-11 09:40:00,14618.4
2026-08-11 09:50:00,15260.3
2026-08-11 10:00:00,13498.033333333333
2026-08-11 10:10:00,15548.45
2026-08-11 10:20:00,15605.433333333334
2026-08-11 10:30:00,15436.65
2026-08-11 10:40:00,15971
2026-08-11 10:50:00,16538.699999999997
2026-08-11 11:00:00,16198.966666666667
2026-08-11 11:10:00,16409.7
2026-08-11 11:20:00,16386.766666666666
2026-08-11 11:30:00,16567.75
2026-08-11 11:40:00,13543.933333333334
2026-08-11 11:50:00,16637.65
2026-08-11 12:00:00,13521.700000000003
2026-08-11 12:10:00,16354.85
2026-08-11 12:20:00,16205.433333333334
2026-08-11 12:30:00,16163.45
2026-08-11 12:40:00,15875.666666666666
2026-08-11 12:50:00,15994.650000000001
2026-08-11 13:00:00,15766
2026-08-11 13:10:00,15540.95
2026-08-11 13:20:00,15532.333333333334
2026-08-11 13:30:00,15464.6
2026-08-11 13:40:00,11862.300000000001
2026-08-11 13:50:00,5458.75
2026-08-11 14:00:00,12072.333333333334
2026-08-11 14:10:00,5145.9
2026-08-11 14:20:00,14249.266666666668
2026-08-11 14:30:00,13302.35
2026-08-11 14:40:00,9668.199999999999
2026-08-11 14:50:00,12365.85
2026-08-11 15:00:00,11779.166666666666
2026-08-11 15:10:00,11257.349999999999
2026-08-11 15:20:00,10825.1
2026-08-11 15:30:00,10188.6
2026-08-11 15:40:00,9339.166666666666
2026-08-11 15:50:00,9009.1
2026-08-11 16:00:00,8466.166666666666
2026-08-11 16:10:00,7572.65
2026-08-11 16:20:00,7002.433333333333
2026-08-11 16:30:00,6377.049999999999
2026-08-11 16:40:00,4247.766666666666
2026-08-11 16:50:00,4627.65
2026-08-11 17:00:00,3225.6000000000004
2026-08-11 17:10:00,1890.2
2026-08-11 17:20:00,1415.7
2026-08-11 17:30:00,1110.65
2026-08-11 17:40:00,741.1666666666666
2026-08-11 17:50:00,379.54999999999995
2026-08-11 18:00:00,154.83333333333334
2026-08-11 18:10:00,31.2
2026-08-11 18:20:00,7.2
2026-08-11 18:30:00,4.3
2026-08-11 18:40:00,4.3
2026-08-11 18:50:00,4.3
2026-08-11 19:00:00,4.3
2026-08-11 19:10:00,4.3
2026-08-11 19:20:00,4.3
2026-08-11 19:30:00,4.3
2026-08-11 19:40:00,4.3
2026-08-11 19:50:00,4.3
2026-08-11 20:00:00,4.3
2026-08-11 20:10:00,4.3
2026-08-11 20:20:00,4.3
2026-08-11 20:30:00,4.3
2026-08-11 20:40:00,4.3
2026-08-11 20:50:00,4.3
2026-08-11 21:00:00,4.3
2026-08-11 21:10:00,4.3
2026-08-11 21:20:00,4.3
2026-08-11 21:30:00,4.3
2026-08-11 21:40:00,4.3
2026-08-11 21:50:00,4.3
2026-08-11 22:00:00,4.3
2026-08-11 22:10:00,4.3
2026-08-11 22:20:00,4.3
2026-08-11 22:30:00,4.3
2026-08-11 22:40:00,4.3
2026-08-11 22:50:00,4.3
2026-08-11 23:00:00,4.3
2026-08-11 23:10:00,4.3
2026-08-11 23:20:00,4.3
2026-08-11 23:30:00,4.3
2026-08-11 23:40:00,4.3
2026-08-11 23:50:00,4.3
2026-08-12 00:00:00,4.3
2026-08-12 00:10:00,4.3
2026-08-12 00:20:00,4.3
2026-08-12 00:30:00,4.3
2026-08-12 00:40:00,4.3
2026-08-12 00:50:00,4.3
2026-08-12 01:00:00,4.3
2026-08-12 01:10:00,4.3
2026-08-12 01:20:00,4.3
2026-08-12 01:30:00,4.3
2026-08-12 01:40:00,4.3
2026-08-12 01:50:00,4.3
2026-08-12 02:00:00,4.3
2026-08-12 02:10:00,4.3
2026-08-12 02:20:00,4.3
2026-08-12 02:30:00,4.3
2026-08-12 02:40:00,4.3
2026-08-12 02:50:00,4.3
2026-08-12 03:00:00,4.3
2026-08-12 03:10:00,4.3
2026-08-12 03:20:00,4.3
2026-08-12 03:30:00,4.3
2026-08-12 03:40:00,4.3
2026-08-12 03:50:00,4.3
2026-08-12 04:00:00,4.3
2026-08-12 04:10:00,4.3
2026-08-12 04:20:00,4.3
2026-08-12 04:30:00,4.3
2026-08-12 04:40:00,4.3
2026-08-12 04:50:00,4.3
2026-08-12 05:00:00,4.3
2026-08-12 05:10:00,5.733333333333333
2026-08-12 05:20:00,23.7
2026-08-12 05:30:00,107.53333333333335
2026-08-12 05:40:00,237.60000000000002
2026-08-12 05:50:00,390.6333333333334
2026-08-12 06:00:00,517.15
2026-08-12 06:10:00,680.2666666666667
2026-08-12 06:20:00,1108.55
2026-08-12 06:30:00,2671.5
2026-08-12 06:40:00,4578.2
2026-08-12 06:50:00,5846.233333333334
2026-08-12 07:00:00,4835.2
2026-08-12 07:10:00,3470.7333333333336
2026-08-12 07:20:00,4128.75
2026-08-12 07:30:00,7729.233333333334
2026-08-12 07:40:00,3995.4500000000003
2026-08-12 07:50:00,5775.966666666667
2026-08-12 08:00:00,11230.5
2026-08-12 08:10:00,10760.6
2026-08-12 08:20:00,11599.25
2026-08-12 08:30:00,9923
2026-08-12 08:40:00,6665.566666666666
2026-08-12 08:50:00,8977.9
2026-08-12 09:00:00,10174.933333333334
2026-08-12 09:10:00,6095.35
2026-08-12 09:20:00,6818.2
2026-08-12 09:30:00,9760.7
2026-08-12 09:40:00,8392.300000000001
2026-08-12 09:50:00,7196.35
2026-08-12 10:00:00,12800.6
2026-08-12 10:10:00,14470.05
2026-08-12 10:20:00,14737.400000000001
2026-08-12 10:30:00,16709.7
2026-08-12 10:40:00,8415.966666666667
2026-08-12 10:50:00,8279
2026-08-12 11:00:00,5833.3
2026-08-12 11:10:00,5283.549999999999
2026-08-12 11:20:00,4854.166666666667
2026-08-12 11:30:00,4988.95
2026-08-12 11:40:00,8650.333333333334
2026-08-12 11:50:00,9544.55
2026-08-12 12:00:00,6459.066666666667
2026-08-12 12:10:00,3885.8
2026-08-12 12:20:00,7076.966666666667
2026-08-12 12:30:00,8160.8
2026-08-12 12:40:00,9882.5
2026-08-12 12:50:00,10574.599999999999
2026-08-12 13:00:00,13152.533333333335
2026-08-12 13:10:00,13204.5
2026-08-12 13:20:00,9938.433333333332
2026-08-12 13:30:00,14711.95
2026-08-12 13:40:00,10265.966666666667
2026-08-12 13:50:00,8484.400000000001
2026-08-12 14:00:00,6246.2
2026-08-12 14:10:00,5638.35
2026-08-12 14:20:00,6625.366666666666
2026-08-12 14:30:00,7860.799999999999
2026-08-12 14:40:00,6715.7
2026-08-12 14:50:00,5462.05
2026-08-12 15:00:00,3186.9
2026-08-12 15:10:00,2109.55
2026-08-12 15:20:00,2657.1666666666665
2026-08-12 15:30:00,2581.6
2026-08-12 15:40:00,3745.2999999999997
2026-08-12 15:50:00,4266.4
2026-08-12 16:00:00,4497.933333333333
2026-08-12 16:10:00,3941.7
2026-08-12 16:20:00,3300.1666666666665
2026-08-12 16:30:00,3257.85
2026-08-12 16:40:00,2810.566666666667
2026-08-12 16:50:00,2364.3999999999996
2026-08-12 17:00:00,1989.8333333333333
2026-08-12 17:10:00,1652.55
2026-08-12 17:20:00,1280.9333333333334
2026-08-12 17:30:00,853.7
2026-08-12 17:40:00,478.1333333333334
2026-08-12 17:50:00,313.95
2026-08-12 18:00:00,88.89999999999999
2026-08-12 18:10:00,16.15
2026-08-12 18:20:00,5.033333333333334
2026-08-12 18:30:00,4.3
2026-08-12 18:40:00,4.3
2026-08-12 18:50:00,4.3
2026-08-12 19:00:00,4.3
2026-08-12 19:10:00,4.3
2026-08-12 19:20:00,4.3
2026-08-12 19:30:00,4.3
2026-08-12 19:40:00,4.3
2026-08-12 19:50:00,4.3
2026-08-12 20:00:00,4.3
2026-08-12 20:10:00,4.3
2026-08-12 20:20:00,4.3
2026-08-12 20:30:00,4.3
2026-08-12 20:40:00,4.3
2026-08-12 20:50:00,4.3
2026-08-12 21:00:00,4.3
2026-08-12 21:10:00,4.3
2026-08-12 21:20:00,4.3
2026-08-12 21:30:00,4.3
2026-08-12 21:40:00,4.3
2026-08-12 21:50:00,4.3
2026-08-12 22:00:00,4.3
2026-08-12 22:10:00,4.3
2026-08-12 22:20:00,4.3
2026-08-12 22:30:00,4.3
2026-08-12 22:40:00,4.3
2026-08-12 22:50:00,4.3
2026-08-12 23:00:00,4.3
2026-08-12 23:10:00,4.3
2026-08-12 23:20:00,4.3
2026-08-12 23:30:00,4.3
2026-08-12 23:40:00,4.3
2026-08-12 23:50:00,4.3
2026-08-13 00:00:00,4.3
2026-08-13 00:10:00,4.3
2026-08-13 00:20:00,4.3
2026-08-13 00:30:00,4.3
2026-08-13 00:40:00,4.3
2026-08-13 00:50:00,4.3
2026-08-13 01:00:00,4.3
2026-08-13 01:10:00,4.3
2026-08-13 01:20:00,4.3
2026-08-13 01:30:00,4.3
2026-08-13 01:40:00,4.3
2026-08-13 01:50:00,4.3
2026-08-13 02:00:00,4.3
2026-08-13 02:10:00,4.3
2026-08-13 02:20:00,4.3
2026-08-13 02:30:00,4.3
2026-08-13 02:40:00,4.3
2026-08-13 02:50:00,4.3
2026-08-13 03:00:00,4.3
2026-08-13 03:10:00,4.3
2026-08-13 03:20:00,4.3
2026-08-13 03:30:00,4.3
2026-08-13 03:40:00,4.3
2026-08-13 03:50:00,4.3
2026-08-13 04:00:00,4.3
2026-08-13 04:10:00,4.3
2026-08-13 04:20:00,4.3
2026-08-13 04:30:00,4.3
2026-08-13 04:40:00,4.3
2026-08-13 04:50:00,4.3
2026-08-13 05:00:00,4.3
2026-08-13 05:10:00,5.033333333333333
2026-08-13 05:20:00,22.599999999999998
2026-08-13 05:30:00,102.5
2026-08-13 05:40:00,330.05
2026-08-13 05:50:00,797.0666666666666
2026-08-13 06:00:00,1396.65
2026-08-13 06:10:00,2029.9666666666665
2026-08-13 06:20:00,2831
2026-08-13 06:30:00,3668.6
2026-08-13 06:40:00,4886.799999999999
2026-08-13 06:50:00,5579.566666666667
2026-08-13 07:00:00,5967.35
2026-08-13 07:10:00,7130
2026-08-13 07:20:00,8428.5
2026-08-13 07:30:00,9109.800000000001
2026-08-13 07:40:00,8257.55
2026-08-13 07:50:00,7134.333333333333
2026-08-13 08:00:00,11399.3
2026-08-13 08:10:00,11302.5
2026-08-13 08:20:00,6059.799999999999
2026-08-13 08:30:00,10526.2
2026-08-13 08:40:00,8043.933333333333
2026-08-13 08:50:00,4680.35
2026-08-13 09:00:00,3982.5333333333333
2026-08-13 09:10:00,2813.8
2026-08-13 09:20:00,2290.866666666667
2026-08-13 09:30:00,2371.9
2026-08-13 09:40:00,3128.8333333333335
2026-08-13 09:50:00,3493.3
2026-08-13 10:00:00,5103.95
2026-08-13 10:10:00,6638.3
2026-08-13 10:20:00,7239.7
2026-08-13 10:30:00,5073.9
2026-08-13 10:40:00,7112.100000000001
2026-08-13 10:50:00,7207.1
2026-08-13 11:00:00,3961.033333333333
2026-08-13 11:10:00,4328.75
2026-08-13 11:20:00,3429.1666666666665
2026-08-13 11:30:00,1824.6
2026-08-13 11:40:00,1718.8666666666668
2026-08-13 11:50:00,1297.75
2026-08-13 12:00:00,736.1666666666666
2026-08-13 12:10:00,588.5
2026-08-13 12:20:00,561.2666666666667
2026-08-13 12:30:00,562.7
2026-08-13 12:40:00,580.6333333333333
2026-08-13 12:50:00,696.72
2026-08-13 13:00:00,756.9333333333334
2026-08-13 13:10:00,814.2666666666668
2026-08-13 13:20:00,915
2026-08-13 13:30:00,1202.0666666666666
2026-08-13 13:40:00,1731.05
2026-08-13 13:50:00,2493.066666666667
2026-08-13 14:00:00,3125.6000000000004
2026-08-13 14:10:00,3875.7000000000003
2026-08-13 14:20:00,4361
2026-08-13 14:30:00,4811.9
2026-08-13 14:40:00,5099.65
2026-08-13 14:50:00,5525.100000000001
2026-08-13 15:00:00,5980.25
2026-08-13 15:10:00,6092.066666666666
2026-08-13 15:20:00,6056.6
2026-08-13 15:30:00,5667.733333333334
2026-08-13 15:40:00,5328.65
2026-08-13 15:50:00,4727.3
2026-08-13 16:00:00,3821.25
2026-08-13 16:10:00,3091.566666666667
2026-08-13 16:20:00,2897.6499999999996
2026-08-13 16:30:00,3222.0333333333333
2026-08-13 16:40:00,3339.55
2026-08-13 16:50:00,2927.433333333333
2026-08-13 17:00:00,2417.05
2026-08-13 17:10:00,1893.8
2026-08-13 17:20:00,1395.6
2026-08-13 17:30:00,969.8333333333334
2026-08-13 17:40:00,558.05
2026-08-13 17:50:00,215.76666666666665
2026-08-13 18:00:00,37.65
2026-08-13 18:10:00,15.1
2026-08-13 18:20:00,4.3
2026-08-13 18:30:00,4.3
2026-08-13 18:40:00,4.3
2026-08-13 18:50:00,4.3
2026-08-13 19:00:00,4.3
2026-08-13 19:10:00,4.3
2026-08-13 19:20:00,4.3
2026-08-13 19:30:00,4.3
2026-08-13 19:40:00,4.3
2026-08-13 19:50:00,4.3
2026-08-13 20:00:00,4.3
2026-08-13 20:10:00,4.3
2026-08-13 20:20:00,4.3
2026-08-13 20:30:00,4.3
2026-08-13 20:40:00,4.3
2026-08-13 20:50:00,4.3
2026-08-13 21:00:00,4.3
2026-08-13 21:10:00,4.3
2026-08-13 21:20:00,4.3
2026-08-13 21:30:00,4.3
2026-08-13 21:40:00,4.3
2026-08-13 21:50:00,4.3
2026-08-13 22:00:00,4.3
2026-08-13 22:10:00,4.3
2026-08-13 22:20:00,4.3
2026-08-13 22:30:00,4.3
2026-08-13 22:40:00,4.3
2026-08-13 22:50:00,4.3
2026-08-13 23:00:00,4.3
2026-08-13 23:10:00,4.3
2026-08-13 23:20:00,4.3
2026-08-13 23:30:00,4.3
2026-08-13 23:40:00,4.3
2026-08-13 23:50:00,4.3
2026-08-14 00:00:00,4.3
2026-08-14 00:10:00,4.3
2026-08-14 00:20:00,4.3
2026-08-14 00:30:00,4.3
2026-08-14 00:40:00,4.3
2026-08-14 00:50:00,4.3
2026-08-14 01:00:00,4.3
2026-08-14 01:10:00,4.3
2026-08-14 01:20:00,4.3
2026-08-14 01:30:00,4.3
2026-08-14 01:40:00,4.3
2026-08-14 01:50:00,4.3
2026-08-14 02:00:00,4.3
2026-08-14 02:10:00,4.3
2026-08-14 02:20:00,4.3
2026-08-14 02:30:00,4.3
2026-08-14 02:40:00,4.3
2026-08-14 02:50:00,4.3
2026-08-14 03:00:00,4.3
2026-08-14 03:10:00,4.3
2026-08-14 03:20:00,4.3
2026-08-14 03:30:00,4.3
2026-08-14 03:40:00,4.3
2026-08-14 03:50:00,4.3
2026-08-14 04:00:00,4.3
2026-08-14 04:10:00,4.3
2026-08-14 04:20:00,4.3
2026-08-14 04:30:00,4.3
2026-08-14 04:40:00,4.3
2026-08-14 04:50:00,4.3
2026-08-14 05:00:00,4.3
2026-08-14 05:10:00,4.3
2026-08-14 05:20:00,21.5
2026-08-14 05:30:00,92.45
2026-08-14 05:40:00,269.53333333333336
2026-08-14 05:50:00,479.54999999999995
2026-08-14 06:00:00,759.1
2026-08-14 06:10:00,1985.9
2026-08-14 06:20:00,2254.3333333333335
2026-08-14 06:30:00,3599.7999999999997
2026-08-14 06:40:00,3002.6666666666665
2026-08-14 06:50:00,2774.05
2026-08-14 07:00:00,6306.366666666666
2026-08-14 07:10:00,6764.1
2026-08-14 07:20:00,8463.966666666667
2026-08-14 07:30:00,8553.2
2026-08-14 07:40:00,6449.033333333333
2026-08-14 07:50:00,10250.95
2026-08-14 08:00:00,7229.666666666667
2026-08-14 08:10:00,5459.85
2026-08-14 08:20:00,5777.400000000001
2026-08-14 08:30:00,7343.6
2026-08-14 08:40:00,7188.8
2026-08-14 08:50:00,5388.9
2026-08-14 09:00:00,4634.1
2026-08-14 09:10:00,5848.366666666666
2026-08-14 09:20:00,14347.45
2026-08-14 09:30:00,4596.133333333333
2026-08-14 09:40:00,4836.25
2026-08-14 09:50:00,4715.833333333333
2026-08-14 10:00:00,5951.25
2026-08-14 10:10:00,6730.033333333333
2026-08-14 10:20:00,6418.95
2026-08-14 10:30:00,8577.966666666667
2026-08-14 10:40:00,8460.75
2026-08-14 10:50:00,6322.866666666666
2026-08-14 11:00:00,6597.45
2026-08-14 11:10:00,10567.033333333333
2026-08-14 11:20:00,10244.5
2026-08-14 11:30:00,11846.533333333335
2026-08-14 11:40:00,15146.35
2026-08-14 11:50:00,14104.5
2026-08-14 12:00:00,13620.599999999999
2026-08-14 12:10:00,11419.333333333334
2026-08-14 12:20:00,9258.55
2026-08-14 12:30:00,8772.199999999999
2026-08-14 12:40:00,6701.7
2026-08-14 12:50:00,15159.6
2026-08-14 13:00:00,13757.2
2026-08-14 13:10:00,15830.5
2026-08-14 13:20:00,15290.400000000001
2026-08-14 13:30:00,10421.533333333333
2026-08-14 13:40:00,7773.7
2026-08-14 13:50:00,12519.633333333333
2026-08-14 14:00:00,10689.6
2026-08-14 14:10:00,5747.3
2026-08-14 14:20:00,3594.4
2026-08-14 14:30:00,6149.433333333333
2026-08-14 14:40:00,8783.3
2026-08-14 14:50:00,9538.466666666667
2026-08-14 15:00:00,2989.05
2026-08-14 15:10:00,2819.1999999999994
2026-08-14 15:20:00,4496.5
2026-08-14 15:30:00,4731.599999999999
2026-08-14 15:40:00,3064.35
2026-08-14 15:50:00,6562.3
2026-08-14 16:00:00,4863.1
2026-08-14 16:10:00,6686.65
2026-08-14 16:20:00,4353.133333333333
2026-08-14 16:30:00,2960
2026-08-14 16:40:00,4153.133333333332
2026-08-14 16:50:00,2656.8
2026-08-14 17:00:00,1656.5666666666666
2026-08-14 17:10:00,1141.85
2026-08-14 17:20:00,1526.1000000000001
2026-08-14 17:30:00,832.2
2026-08-14 17:40:00,518.9666666666667
2026-08-14 17:50:00,226.9
2026-08-14 18:00:00,72.39999999999999
2026-08-14 18:10:00,20.45
2026-08-14 18:20:00,6.466666666666666
2026-08-14 18:30:00,4.3
2026-08-14 18:40:00,4.3
2026-08-14 18:50:00,4.3
2026-08-14 19:00:00,4.3
2026-08-14 19:10:00,4.3
2026-08-14 19:20:00,4.3
2026-08-14 19:30:00,4.3
2026-08-14 19:40:00,4.3
2026-08-14 19:50:00,4.3
2026-08-14 20:00:00,4.3
2026-08-14 20:10:00,4.3
2026-08-14 20:20:00,4.3
2026-08-14 20:30:00,4.3
2026-08-14 20:40:00,4.3
2026-08-14 20:50:00,4.3
2026-08-14 21:00:00,4.3
2026-08-14 21:10:00,4.3
2026-08-14 21:20:00,4.3
2026-08-14 21:30:00,4.3
2026-08-14 21:40:00,4.3
2026-08-14 21:50:00,4.3
2026-08-14 22:00:00,4.3
2026-08-14 22:10:00,4.3
2026-08-14 22:20:00,4.3
2026-08-14 22:30:00,4.3
2026-08-14 22:40:00,4.3
2026-08-14 22:50:00,4.3
2026-08-14 23:00:00,4.3
2026-08-14 23:10:00,4.3
2026-08-14 23:20:00,4.3
2026-08-14 23:30:00,4.3
2026-08-14 23:40:00,4.3
2026-08-14 23:50:00,4.3
2026-08-15 00:00:00,4.3
2026-08-15 00:10:00,4.3
2026-08-15 00:20:00,4.3
2026-08-15 00:30:00,4.3
2026-08-15 00:40:00,4.3
2026-08-15 00:50:00,4.3
2026-08-15 01:00:00,4.3
2026-08-15 01:10:00,4.3
2026-08-15 01:20:00,4.3
2026-08-15 01:30:00,4.3
2026-08-15 01:40:00,4.3
2026-08-15 01:50:00,4.3
2026-08-15 02:00:00,4.3
2026-08-15 02:10:00,4.3
2026-08-15 02:20:00,4.3
2026-08-15 02:30:00,4.3
2026-08-15 02:40:00,4.3
2026-08-15 02:50:00,4.3
2026-08-15 03:00:00,4.3
2026-08-15 03:10:00,4.3
2026-08-15 03:20:00,4.3
2026-08-15 03:30:00,4.3
2026-08-15 03:40:00,4.3
2026-08-15 03:50:00,4.3
2026-08-15 04:00:00,4.3
2026-08-15 04:10:00,4.3
2026-08-15 04:20:00,4.3
2026-08-15 04:30:00,4.3
2026-08-15 04:40:00,4.3
2026-08-15 04:50:00,4.3
2026-08-15 05:00:00,4.3
2026-08-15 05:10:00,4.3
2026-08-15 05:20:00,5.4
2026-08-15 05:30:00,10.766666666666666
2026-08-15 05:40:00,37.65
2026-08-15 05:50:00,92.475
2026-08-15 06:00:00,105.36666666666667
2026-08-15 06:10:00,126.02000000000001
2026-08-15 06:20:00,117.05714285714285
2026-08-15 06:30:00,276.56
2026-08-15 06:40:00,272.40000000000003
2026-08-15 06:50:00,212.35000000000002
2026-08-15 07:00:00,182.06666666666663
2026-08-15 07:10:00,192.23999999999998
2026-08-15 07:20:00,176.9090909090909
2026-08-15 07:30:00,204.9
2026-08-15 07:40:00,249.425
2026-08-15 07:50:00,287.1
2026-08-15 08:00:00,394.2333333333333
2026-08-15 08:10:00,638.6666666666666
2026-08-15 08:20:00,960.6750000000001
2026-08-15 08:30:00,1589.6750000000002
2026-08-15 08:40:00,2379.45
2026-08-15 08:50:00,3465
2026-08-15 09:00:00,4496.450000000001
2026-08-15 09:10:00,5147.333333333333
2026-08-15 09:20:00,5836.200000000001
2026-08-15 09:30:00,7327.133333333334
2026-08-15 09:40:00,8533.85
2026-08-15 09:50:00,6401.733333333334
2026-08-15 10:00:00,6293.15
2026-08-15 10:10:00,5371.7
2026-08-15 10:20:00,5551.25
2026-08-15 10:30:00,4331.633333333334
2026-08-15 10:40:00,5150.2
2026-08-15 10:50:00,5277.8
2026-08-15 11:00:00,7910.25
2026-08-15 11:10:00,9461.033333333333
2026-08-15 11:20:00,9374.65
2026-08-15 11:30:00,10032.333333333334
2026-08-15 11:40:00,12208.900000000001
2026-08-15 11:50:00,11175.6
2026-08-15 12:00:00,9456.400000000001
2026-08-15 12:10:00,8572.933333333332
2026-08-15 12:20:00,7117.8
2026-08-15 12:30:00,5920.033333333333
2026-08-15 12:40:00,5439.4
2026-08-15 12:50:00,5553.033333333333
2026-08-15 13:00:00,8073.7
2026-08-15 13:10:00,9144.9
2026-08-15 13:20:00,8130.650000000001
2026-08-15 13:30:00,6038.3
2026-08-15 13:40:00,5459.85
2026-08-15 13:50:00,4945.2
2026-08-15 14:00:00,3850.3
2026-08-15 14:10:00,4053.5
2026-08-15 14:20:00,4473.95
2026-08-15 14:30:00,4597.566666666667
2026-08-15 14:40:00,4214.8
2026-08-15 14:50:00,3808.366666666667
2026-08-15 15:00:00,3235.3
2026-08-15 15:10:00,2700.9333333333334
2026-08-15 15:20:00,1973
2026-08-15 15:30:00,1653.6333333333334
2026-08-15 15:40:00,1345.1
2026-08-15 15:50:00,1212.8333333333333
2026-08-15 16:00:00,1235.7666666666667
2026-08-15 16:10:00,1165
2026-08-15 16:20:00,1046.15
2026-08-15 16:30:00,736.9
2026-08-15 16:40:00,346.25
2026-08-15 16:50:00,303.9
2026-08-15 17:00:00,234.35000000000002
2026-08-15 17:10:00,255.16666666666666
2026-08-15 17:20:00,288.15
2026-08-15 17:30:00,201.4333333333333
2026-08-15 17:40:00,104.3
2026-08-15 17:50:00,30.133333333333336
2026-08-15 18:00:00,12.9
2026-08-15 18:10:00,5.733333333333333
2026-08-15 18:20:00,4.3
2026-08-15 18:30:00,4.3
2026-08-15 18:40:00,4.3
2026-08-15 18:50:00,4.3
2026-08-15 19:00:00,4.3
2026-08-15 19:10:00,4.3
2026-08-15 19:20:00,4.3
2026-08-15 19:30:00,4.3
2026-08-15 19:40:00,4.3
2026-08-15 19:50:00,4.3
2026-08-15 20:00:00,4.3
2026-08-15 20:10:00,4.3
2026-08-15 20:20:00,4.3
2026-08-15 20:30:00,4.3
2026-08-15 20:40:00,4.3
2026-08-15 20:50:00,4.3
2026-08-15 21:00:00,4.3
2026-08-15 21:10:00,4.3
2026-08-15 21:20:00,4.3
2026-08-15 21:30:00,4.3
2026-08-15 21:40:00,4.3
2026-08-15 21:50:00,4.3
2026-08-15 22:00:00,4.3
2026-08-15 22:10:00,4.3
2026-08-15 22:20:00,4.3
2026-08-15 22:30:00,4.3
2026-08-15 22:40:00,4.3
2026-08-15 22:50:00,4.3
2026-08-15 23:00:00,4.3
2026-08-15 23:10:00,4.3
2026-08-15 23:20:00,4.3
2026-08-15 23:30:00,4.3
2026-08-15 23:40:00,4.3
2026-08-15 23:50:00,4.3
2026-08-16 00:00:00,4.3
