time,value_hPa
2026-04-29 09:40:00,1011.7866666666665
2026-04-29 09:50:00,1011.88
2026-04-29 10:00:00,1011.8525
2026-04-29 10:10:00,1011.775
2026-04-29 10:20:00,1011.6333333333333
2026-04-29 10:30:00,1011.61
2026-04-29 10:40:00,1011.6266666666667
2026-04-29 10:50:00,1011.53
2026-04-29 11:00:00,1011.5066666666667
2026-04-29 11:10:00,1011.2049999999999
2026-04-29 11:20:00,1011.2533333333334
2026-04-29 11:30:00,1011.1700000000001
2026-04-29 11:40:00,1011.0533333333333
2026-04-29 11:50:00,1010.8700000000001
2026-04-29 12:00:00,1010.6666666666666
2026-04-29 12:10:00,1010.68
2026-04-29 12:20:00,1010.6566666666668
2026-04-29 12:30:00,1010.59
2026-04-29 12:40:00,1010.5533333333333
2026-04-29 12:50:00,1010.585
2026-04-29 13:00:00,1010.4066666666668
2026-04-29 13:10:00,1010.4100000000001
2026-04-29 13:20:00,1010.1
2026-04-29 13:30:00,1009.8800000000001
2026-04-29 13:40:00,1009.8400000000001
2026-04-29 13:50:00,1009.86
2026-04-29 14:00:00,1009.6033333333335
2026-04-29 14:10:00,1009.345
2026-04-29 14:20:00,1009.2933333333334
2026-04-29 14:30:00,1009.275
2026-04-29 14:40:00,1009.19
2026-04-29 14:50:00,1009.115
2026-04-29 15:00:00,1009.1
2026-04-29 15:10:00,1009.05
2026-04-29 15:20:00,1008.9433333333333
2026-04-29 15:30:00,1008.735
2026-04-29 15:40:00,1008.725
2026-04-29 15:50:00,1008.7199999999999
2026-04-29 16:00:00,1008.6500000000001
2026-04-29 16:10:00,1008.6466666666669
2026-04-29 16:20:00,1008.775
2026-04-29 16:30:00,1008.9033333333333
2026-04-29 16:40:00,1009.0849999999999
2026-04-29 16:50:00,1009.21
2026-04-29 17:00:00,1009.1450000000001
2026-04-29 17:10:00,1009.2233333333334
2026-04-29 17:20:00,1009.295
2026-04-29 17:30:00,1009.2999999999998
2026-04-29 17:40:00,1009.3249999999999
2026-04-29 17:50:00,1009.4166666666666
2026-04-29 18:00:00,1009.6300000000001
2026-04-29 18:10:00,1009.7366666666667
2026-04-29 18:20:00,1009.8249999999999
2026-04-29 18:30:00,1009.8566666666666
2026-04-29 18:40:00,1010.0749999999999
2026-04-29 18:50:00,1010.2733333333332
2026-04-29 19:00:00,1010.285
2026-04-29 19:10:00,1010.4699999999999
2026-04-29 19:20:00,1010.73
2026-04-29 19:30:00,1010.7133333333335
2026-04-29 19:40:00,1010.6750000000001
2026-04-29 19:50:00,1010.82
2026-04-29 20:00:00,1010.975
2026-04-29 20:10:00,1011.0733333333333
2026-04-29 20:20:00,1011.0749999999999
2026-04-29 20:30:00,1011.0666666666666
2026-04-29 20:40:00,1011.105
2026-04-29 20:50:00,1011.3533333333334
2026-04-29 21:00:00,1011.48
2026-04-29 21:10:00,1011.5666666666666
2026-04-29 21:20:00,1011.545
2026-04-29 21:30:00,1011.52
2026-04-29 21:40:00,1011.635
2026-04-29 21:50:00,1011.6233333333333
2026-04-29 22:00:00,1011.61
2026-04-29 22:10:00,1011.5166666666668
2026-04-29 22:20:00,1011.38
2026-04-29 22:30:00,1011.2199999999999
2026-04-29 22:40:00,1011.2
2026-04-29 22:50:00,1011.1166666666667
2026-04-29 23:00:00,1011.01
2026-04-29 23:10:00,1010.9533333333334
2026-04-29 23:20:00,1010.865
2026-04-29 23:30:00,1010.79
2026-04-29 23:40:00,1010.62
2026-04-29 23:50:00,1010.4833333333332
2026-04-30 00:00:00,1010.3950000000001
2026-04-30 00:10:00,1010.3266666666667
2026-04-30 00:20:00,1010.1500000000001
2026-04-30 00:30:00,1010.0766666666667
2026-04-30 00:40:00,1009.865
2026-04-30 00:50:00,1009.6933333333333
2026-04-30 01:00:00,1009.6350000000001
2026-04-30 01:10:00,1009.5333333333333
2026-04-30 01:20:00,1009.3499999999999
2026-04-30 01:30:00,1009.1866666666668
2026-04-30 01:40:00,1009.05
2026-04-30 01:50:00,1009.0166666666668
2026-04-30 02:00:00,1008.99
2026-04-30 02:10:00,1008.9200000000001
2026-04-30 02:20:00,1008.96
2026-04-30 02:30:00,1009.0533333333333
2026-04-30 02:40:00,1008.95
2026-04-30 02:50:00,1008.9466666666667
2026-04-30 03:00:00,1008.96
2026-04-30 03:10:00,1008.89
2026-04-30 03:20:00,1008.8900000000001
2026-04-30 03:30:00,1008.79
2026-04-30 03:40:00,1008.8066666666667
2026-04-30 03:50:00,1008.8349999999999
2026-04-30 04:00:00,1008.8233333333334
2026-04-30 04:10:00,1008.9050000000001
2026-04-30 04:20:00,1008.8433333333332
2026-04-30 04:30:00,1008.835
2026-04-30 04:40:00,1008.9566666666666
2026-04-30 04:50:00,1009.0799999999999
2026-04-30 05:00:00,1008.9666666666667
2026-04-30 05:10:00,1008.95
2026-04-30 05:20:00,1008.86
2026-04-30 05:30:00,1008.8900000000001
2026-04-30 05:40:00,1009.06
2026-04-30 05:50:00,1009.045
2026-04-30 06:00:00,1009.1233333333333
2026-04-30 06:10:00,1009.26
2026-04-30 06:20:00,1009.4666666666667
2026-04-30 06:30:00,1009.755
2026-04-30 06:40:00,1010.0066666666668
2026-04-30 06:50:00,1010.1049999999999
2026-04-30 07:00:00,1010.1433333333333
2026-04-30 07:10:00,1010.275
2026-04-30 07:20:00,1010.4
2026-04-30 07:30:00,1010.495
2026-04-30 07:40:00,1010.5766666666665
2026-04-30 07:50:00,1010.58
2026-04-30 08:00:00,1010.5866666666667
2026-04-30 08:10:00,1010.6700000000001
2026-04-30 08:20:00,1010.7033333333334
2026-04-30 08:30:00,1010.5999999999999
2026-04-30 08:40:00,1010.6633333333333
2026-04-30 08:50:00,1010.6800000000001
2026-04-30 09:00:00,1010.73
2026-04-30 09:10:00,1010.77
2026-04-30 09:20:00,1010.75
2026-04-30 09:30:00,1010.72
2026-04-30 09:40:00,1010.6666666666666
2026-04-30 09:50:00,1010.6800000000001
2026-04-30 10:00:00,1010.6366666666667
2026-04-30 10:10:00,1010.615
2026-04-30 10:20:00,1010.5833333333334
2026-04-30 10:30:00,1010.5949999999999
2026-04-30 10:40:00,1010.52
2026-04-30 10:50:00,1010.545
2026-04-30 11:00:00,1010.4
2026-04-30 11:10:00,1010.4300000000001
2026-04-30 11:20:00,1010.3166666666666
2026-04-30 11:30:00,1010.2
2026-04-30 11:40:00,1010.0266666666666
2026-04-30 11:50:00,1009.865
2026-04-30 12:00:00,1009.7766666666666
2026-04-30 12:10:00,1009.585
2026-04-30 12:20:00,1009.4866666666667
2026-04-30 12:30:00,1009.295
2026-04-30 12:40:00,1009.2599999999999
2026-04-30 12:50:00,1009.105
2026-04-30 13:00:00,1008.9566666666666
2026-04-30 13:10:00,1008.86
2026-04-30 13:20:00,1008.7033333333334
2026-04-30 13:30:00,1008.595
2026-04-30 13:40:00,1008.5333333333333
2026-04-30 13:50:00,1008.4350000000001
2026-04-30 14:00:00,1008.3333333333334
2026-04-30 14:10:00,1008.24
2026-04-30 14:20:00,1008.1466666666666
2026-04-30 14:30:00,1008.06
2026-04-30 14:40:00,1008.0066666666668
2026-04-30 14:50:00,1007.97
2026-04-30 15:00:00,1007.8366666666667
2026-04-30 15:10:00,1007.75
2026-04-30 15:20:00,1007.6999999999999
2026-04-30 15:30:00,1007.73
2026-04-30 15:40:00,1007.5533333333333
2026-04-30 15:50:00,1007.5933333333334
2026-04-30 16:00:00,1007.825
2026-04-30 16:10:00,1007.85
2026-04-30 16:20:00,1007.885
2026-04-30 16:30:00,1007.9933333333333
2026-04-30 16:40:00,1008.0899999999999
2026-04-30 16:50:00,1008.0300000000001
2026-04-30 17:00:00,1008.15
2026-04-30 17:10:00,1008.23
2026-04-30 17:20:00,1008.2
2026-04-30 17:30:00,1008.3533333333334
2026-04-30 17:40:00,1008.5949999999999
2026-04-30 17:50:00,1008.7266666666668
2026-04-30 18:00:00,1008.84
2026-04-30 18:10:00,1008.9900000000001
2026-04-30 18:20:00,1009.235
2026-04-30 18:30:00,1009.4366666666668
2026-04-30 18:40:00,1009.6650000000001
2026-04-30 18:50:00,1009.8366666666666
2026-04-30 19:00:00,1009.8499999999999
2026-04-30 19:10:00,1009.8866666666667
2026-04-30 19:20:00,1009.9050000000001
2026-04-30 19:30:00,1009.9766666666668
2026-04-30 19:40:00,1010.0799999999999
2026-04-30 19:50:00,1010.105
2026-04-30 20:00:00,1010.15
2026-04-30 20:10:00,1010.35
2026-04-30 20:20:00,1010.4666666666667
2026-04-30 20:30:00,1010.555
2026-04-30 20:40:00,1010.64
2026-04-30 20:50:00,1010.765
2026-04-30 21:00:00,1010.9666666666667
2026-04-30 21:10:00,1011.19
2026-04-30 21:20:00,1011.3666666666667
2026-04-30 21:30:00,1011.475
2026-04-30 21:40:00,1011.5099999999999
2026-04-30 21:50:00,1011.525
2026-04-30 22:00:00,1011.4633333333335
2026-04-30 22:10:00,1011.21
2026-04-30 22:20:00,1011.0766666666665
2026-04-30 22:30:00,1010.955
2026-04-30 22:40:00,1010.9033333333333
2026-04-30 22:50:00,1010.81
2026-04-30 23:00:00,1010.7066666666666
2026-04-30 23:10:00,1010.75
2026-04-30 23:20:00,1010.8033333333333
2026-04-30 23:30:00,1010.725
2026-04-30 23:40:00,1010.6266666666667
2026-04-30 23:50:00,1010.56
2026-05-01 00:00:00,1010.4499999999999
2026-05-01 00:10:00,1010.245
2026-05-01 00:20:00,1010.1333333333333
2026-05-01 00:30:00,1009.94
2026-05-01 00:40:00,1009.9333333333334
2026-05-01 00:50:00,1009.6850000000001
2026-05-01 01:00:00,1009.4566666666666
2026-05-01 01:10:00,1009.365
2026-05-01 01:20:00,1009.2000000000002
2026-05-01 01:30:00,1009.145
2026-05-01 01:40:00,1009.1033333333335
2026-05-01 01:50:00,1008.9449999999999
2026-05-01 02:00:00,1008.6999999999999
2026-05-01 02:10:00,1008.5699999999999
2026-05-01 02:20:00,1008.65
2026-05-01 02:30:00,1008.61
2026-05-01 02:40:00,1008.7533333333334
2026-05-01 02:50:00,1008.95
2026-05-01 03:00:00,1008.8666666666668
2026-05-01 03:10:00,1008.695
2026-05-01 03:20:00,1008.5099999999999
2026-05-01 03:30:00,1008.4350000000001
2026-05-01 03:40:00,1008.5933333333332
2026-05-01 03:50:00,1008.7
2026-05-01 04:00:00,1008.7866666666665
2026-05-01 04:10:00,1008.735
2026-05-01 04:20:00,1008.6966666666667
2026-05-01 04:30:00,1008.6350000000001
2026-05-01 04:40:00,1008.7466666666666
2026-05-01 04:50:00,1008.865
2026-05-01 05:00:00,1009.0266666666666
2026-05-01 05:10:00,1009.1800000000001
2026-05-01 05:20:00,1009.14
2026-05-01 05:30:00,1009.235
2026-05-01 05:40:00,1009.2366666666667
2026-05-01 05:50:00,1009.455
2026-05-01 06:00:00,1009.52
2026-05-01 06:10:00,1009.6300000000001
2026-05-01 06:20:00,1009.8066666666667
2026-05-01 06:30:00,1009.955
2026-05-01 06:40:00,1009.8966666666669
2026-05-01 06:50:00,1010.085
2026-05-01 07:00:00,1010.29
2026-05-01 07:10:00,1010.51
2026-05-01 07:20:00,1010.71
2026-05-01 07:30:00,1010.87
2026-05-01 07:40:00,1010.965
2026-05-01 07:50:00,1011.1466666666666
2026-05-01 08:00:00,1011.055
2026-05-01 08:10:00,1011.0799999999999
2026-05-01 08:20:00,1011.01
2026-05-01 08:30:00,1011.1866666666668
2026-05-01 08:40:00,1011.27
2026-05-01 08:50:00,1011.1833333333334
2026-05-01 09:00:00,1011.225
2026-05-01 09:10:00,1011.35
2026-05-01 09:20:00,1011.305
2026-05-01 09:30:00,1011.3299999999999
2026-05-01 09:40:00,1011.24
2026-05-01 09:50:00,1011.29
2026-05-01 10:00:00,1011.23
2026-05-01 10:10:00,1011.235
2026-05-01 10:20:00,1011.2433333333333
2026-05-01 10:30:00,1011.245
2026-05-01 10:40:00,1011.3700000000002
2026-05-01 10:50:00,1011.37
2026-05-01 11:00:00,1011.1566666666668
2026-05-01 11:10:00,1011.085
2026-05-01 11:20:00,1011.0300000000001
2026-05-01 11:30:00,1011.045
2026-05-01 11:40:00,1010.9
2026-05-01 11:50:00,1010.8349999999999
2026-05-01 12:00:00,1010.73
2026-05-01 12:10:00,1010.625
2026-05-01 12:20:00,1010.2966666666666
2026-05-01 12:30:00,1010.295
2026-05-01 12:40:00,1010.0099999999999
2026-05-01 12:50:00,1009.685
2026-05-01 13:00:00,1009.59
2026-05-01 13:10:00,1009.63
2026-05-01 13:20:00,1009.4700000000001
2026-05-01 13:30:00,1009.335
2026-05-01 13:40:00,1009.3100000000001
2026-05-01 13:50:00,1009.465
2026-05-01 14:00:00,1009.5133333333333
2026-05-01 14:10:00,1009.55
2026-05-01 14:20:00,1009.3633333333333
2026-05-01 14:30:00,1009.1700000000001
2026-05-01 14:40:00,1008.9833333333332
2026-05-01 14:50:00,1008.905
2026-05-01 15:00:00,1008.8233333333333
2026-05-01 15:10:00,1008.8199999999999
2026-05-01 15:20:00,1008.71
2026-05-01 15:30:00,1008.61
2026-05-01 15:40:00,1008.5733333333333
2026-05-01 15:50:00,1008.63
2026-05-01 16:00:00,1008.5866666666667
2026-05-01 16:10:00,1008.465
2026-05-01 16:20:00,1008.4233333333335
2026-05-01 16:30:00,1008.545
2026-05-01 16:40:00,1008.625
2026-05-01 16:50:00,1008.8733333333333
2026-05-01 17:00:00,1008.98
2026-05-01 17:10:00,1009.1666666666666
2026-05-01 17:20:00,1009.29
2026-05-01 17:30:00,1009.44
2026-05-01 17:40:00,1009.5649999999999
2026-05-01 17:50:00,1009.56
2026-05-01 18:00:00,1009.73
2026-05-01 18:10:00,1009.9500000000002
2026-05-01 18:20:00,1009.945
2026-05-01 18:30:00,1009.9966666666666
2026-05-01 18:40:00,1010.11
2026-05-01 18:50:00,1010.4
2026-05-01 19:00:00,1010.47
2026-05-01 19:10:00,1010.4833333333332
2026-05-01 19:20:00,1010.4250000000001
2026-05-01 19:30:00,1010.46
2026-05-01 19:40:00,1010.45
2026-05-01 19:50:00,1010.5666666666666
2026-05-01 20:00:00,1011.08
2026-05-01 20:10:00,1011.43
2026-05-01 20:20:00,1011.5949999999999
2026-05-01 20:30:00,1011.7233333333334
2026-05-01 20:40:00,1011.785
2026-05-01 20:50:00,1011.9366666666668
2026-05-01 21:00:00,1012.0899999999999
2026-05-01 21:10:00,1012.0466666666666
2026-05-01 21:20:00,1012.055
2026-05-01 21:30:00,1012.0999999999999
2026-05-01 21:40:00,1012.04
2026-05-01 21:50:00,1012.0333333333333
2026-05-01 22:00:00,1012.05
2026-05-01 22:10:00,1012.0733333333333
2026-05-01 22:20:00,1012.0849999999999
2026-05-01 22:30:00,1011.9966666666666
2026-05-01 22:40:00,1011.99
2026-05-01 22:50:00,1012.18
2026-05-01 23:00:00,1012.275
2026-05-01 23:10:00,1012.1833333333334
2026-05-01 23:20:00,1011.99
2026-05-01 23:30:00,1011.6833333333334
2026-05-01 23:40:00,1011.45
2026-05-01 23:50:00,1011.3800000000001
2026-05-02 00:00:00,1011.265
2026-05-02 00:10:00,1010.9966666666666
2026-05-02 00:20:00,1010.7900000000001
2026-05-02 00:30:00,1010.8133333333334
2026-05-02 00:40:00,1010.9350000000001
2026-05-02 00:50:00,1010.9699999999999
2026-05-02 01:00:00,1010.845
2026-05-02 01:10:00,1010.61
2026-05-02 01:20:00,1010.45
2026-05-02 01:30:00,1010.44
2026-05-02 01:40:00,1010.3950000000001
2026-05-02 01:50:00,1010.3333333333334
2026-05-02 02:00:00,1010.1650000000001
2026-05-02 02:10:00,1010.0333333333333
2026-05-02 02:20:00,1010
2026-05-02 02:30:00,1010.0333333333333
2026-05-02 02:40:00,1009.955
2026-05-02 02:50:00,1010.0066666666667
2026-05-02 03:00:00,1009.945
2026-05-02 03:10:00,1009.9000000000001
2026-05-02 03:20:00,1009.86
2026-05-02 03:30:00,1009.855
2026-05-02 03:40:00,1009.9900000000001
2026-05-02 03:50:00,1010.0799999999999
2026-05-02 04:00:00,1010.0833333333334
2026-05-02 04:10:00,1010.22
2026-05-02 04:20:00,1010.3666666666667
2026-05-02 04:30:00,1010.515
2026-05-02 04:40:00,1010.6566666666668
2026-05-02 04:50:00,1010.745
2026-05-02 05:00:00,1010.8766666666667
2026-05-02 05:10:00,1011.045
2026-05-02 05:20:00,1011.2033333333334
2026-05-02 05:30:00,1011.3950000000001
2026-05-02 05:40:00,1011.4933333333333
2026-05-02 05:50:00,1011.52
2026-05-02 06:00:00,1011.43
2026-05-02 06:10:00,1011.605
2026-05-02 06:20:00,1011.5033333333334
2026-05-02 06:30:00,1011.515
2026-05-02 06:40:00,1011.4366666666668
2026-05-02 06:50:00,1011.635
2026-05-02 07:00:00,1011.8633333333333
2026-05-02 07:10:00,1011.95
2026-05-02 07:20:00,1011.8533333333334
2026-05-02 07:30:00,1011.8299999999999
2026-05-02 07:40:00,1012.0866666666667
2026-05-02 07:50:00,1012.195
2026-05-02 08:00:00,1012.4433333333333
2026-05-02 08:10:00,1012.615
2026-05-02 08:20:00,1012.7000000000002
2026-05-02 08:30:00,1012.7
2026-05-02 08:40:00,1012.6533333333333
2026-05-02 08:50:00,1012.76
2026-05-02 09:00:00,1012.79
2026-05-02 09:10:00,1012.79
2026-05-02 09:20:00,1012.64
2026-05-02 09:30:00,1012.6650000000001
2026-05-02 09:40:00,1012.6466666666669
2026-05-02 09:50:00,1012.6600000000001
2026-05-02 10:00:00,1012.6166666666668
2026-05-02 10:10:00,1012.6550000000001
2026-05-02 10:20:00,1012.6199999999999
2026-05-02 10:30:00,1012.51
2026-05-02 10:40:00,1012.3033333333333
2026-05-02 10:50:00,1012.27
2026-05-02 11:00:00,1012.2400000000001
2026-05-02 11:10:00,1012.14
2026-05-02 11:20:00,1012.1766666666667
2026-05-02 11:30:00,1012.01
2026-05-02 11:40:00,1011.93
2026-05-02 11:50:00,1011.72
2026-05-02 12:00:00,1011.5466666666667
2026-05-02 12:10:00,1011.47
2026-05-02 12:20:00,1011.2199999999999
2026-05-02 12:30:00,1011.19
2026-05-02 12:40:00,1010.9699999999999
2026-05-02 12:50:00,1010.995
2026-05-02 13:00:00,1010.98
2026-05-02 13:10:00,1010.7492857142855
2026-05-02 13:20:00,1010.74
2026-05-02 13:30:00,1010.7233333333334
2026-05-02 13:40:00,1010.7599999999999
2026-05-02 13:50:00,1010.6600000000002
2026-05-02 14:00:00,1010.7933333333334
2026-05-02 14:10:00,1010.86
2026-05-02 14:20:00,1010.7466666666666
2026-05-02 14:30:00,1010.925
2026-05-02 14:40:00,1011.0566666666667
2026-05-02 14:50:00,1011.0849999999999
2026-05-02 15:00:00,1011.0066666666667
2026-05-02 15:10:00,1010.9000000000001
2026-05-02 15:20:00,1010.84
2026-05-02 15:30:00,1010.765
2026-05-02 15:40:00,1010.7833333333333
2026-05-02 15:50:00,1010.96
2026-05-02 16:00:00,1011.0433333333334
2026-05-02 16:10:00,1011.0749999999999
2026-05-02 16:20:00,1011.1066666666666
2026-05-02 16:30:00,1011.115
2026-05-02 16:40:00,1011.1233333333333
2026-05-02 16:50:00,1011.0899999999999
2026-05-02 17:00:00,1011.1633333333334
2026-05-02 17:10:00,1011.28
2026-05-02 17:20:00,1011.4200000000001
2026-05-02 17:30:00,1011.51
2026-05-02 17:40:00,1011.59
2026-05-02 17:50:00,1011.69
2026-05-02 18:00:00,1011.7166666666667
2026-05-02 18:10:00,1011.745
2026-05-02 18:20:00,1011.7766666666666
2026-05-02 18:30:00,1011.785
2026-05-02 18:40:00,1011.82
2026-05-02 18:50:00,1011.8249999999999
2026-05-02 19:00:00,1011.7933333333334
2026-05-02 19:10:00,1011.745
2026-05-02 19:20:00,1011.7166666666667
2026-05-02 19:30:00,1011.8349999999999
2026-05-02 19:40:00,1011.9100000000002
2026-05-02 19:50:00,1011.975
2026-05-02 20:00:00,1012.0233333333332
2026-05-02 20:10:00,1011.9266666666667
2026-05-02 20:20:00,1011.9100000000001
2026-05-02 20:30:00,1011.9333333333334
2026-05-02 20:40:00,1011.9300000000001
2026-05-02 20:50:00,1012.0066666666667
2026-05-02 21:00:00,1012.05
2026-05-02 21:10:00,1012.0533333333333
2026-05-02 21:20:00,1012.0899999999999
2026-05-02 21:30:00,1012.1866666666668
2026-05-02 21:40:00,1012.31
2026-05-02 21:50:00,1012.4
2026-05-02 22:00:00,1012.48
2026-05-02 22:10:00,1012.7666666666668
2026-05-02 22:20:00,1013
2026-05-02 22:30:00,1012.9966666666666
2026-05-02 22:40:00,1012.88
2026-05-02 22:50:00,1012.81
2026-05-02 23:00:00,1012.735
2026-05-02 23:10:00,1012.77
2026-05-02 23:20:00,1012.775
2026-05-02 23:30:00,1012.6066666666666
2026-05-02 23:40:00,1012.495
2026-05-02 23:50:00,1012.43
2026-05-03 00:00:00,1012.3
2026-05-03 00:10:00,1012.2866666666665
2026-05-03 00:20:00,1012.265
2026-05-03 00:30:00,1012.1766666666667
2026-05-03 00:40:00,1012.05
2026-05-03 00:50:00,1011.8733333333333
2026-05-03 01:00:00,1011.795
2026-05-03 01:10:00,1011.715
2026-05-03 01:20:00,1011.59
2026-05-03 01:30:00,1011.525
2026-05-03 01:40:00,1011.5499999999998
2026-05-03 01:50:00,1011.305
2026-05-03 02:00:00,1011.27
2026-05-03 02:10:00,1011.295
2026-05-03 02:20:00,1011.3299999999999
2026-05-03 02:30:00,1011.3
2026-05-03 02:40:00,1011.3366666666666
2026-05-03 02:50:00,1011.4150000000001
2026-05-03 03:00:00,1011.34
2026-05-03 03:10:00,1011.3900000000001
2026-05-03 03:20:00,1011.4066666666668
2026-05-03 03:30:00,1011.4250000000001
2026-05-03 03:40:00,1011.48
2026-05-03 03:50:00,1011.525
2026-05-03 04:00:00,1011.5799999999999
2026-05-03 04:10:00,1011.5699999999999
2026-05-03 04:20:00,1011.5633333333332
2026-05-03 04:30:00,1011.52
2026-05-03 04:40:00,1011.5499999999998
2026-05-03 04:50:00,1011.6500000000001
2026-05-03 05:00:00,1011.73
2026-05-03 05:10:00,1011.72
2026-05-03 05:20:00,1011.7733333333332
2026-05-03 05:30:00,1011.845
2026-05-03 05:40:00,1012.0099999999999
2026-05-03 05:50:00,1012.12
2026-05-03 06:00:00,1012.2033333333334
2026-05-03 06:10:00,1012.38
2026-05-03 06:20:00,1012.5733333333334
2026-05-03 06:30:00,1012.785
2026-05-03 06:40:00,1012.9633333333335
2026-05-03 06:50:00,1013.0799999999999
2026-05-03 07:00:00,1013.3466666666667
2026-05-03 07:10:00,1013.56
2026-05-03 07:20:00,1013.7000000000002
2026-05-03 07:30:00,1013.745
2026-05-03 07:40:00,1013.79
2026-05-03 07:50:00,1013.76
2026-05-03 08:00:00,1013.7133333333335
2026-05-03 08:10:00,1013.6500000000001
2026-05-03 08:20:00,1013.6233333333333
2026-05-03 08:30:00,1013.6550000000001
2026-05-03 08:40:00,1013.6633333333334
2026-05-03 08:50:00,1013.735
2026-05-03 09:00:00,1013.86
2026-05-03 09:10:00,1013.8900000000001
2026-05-03 09:20:00,1013.8033333333333
2026-05-03 09:30:00,1013.805
2026-05-03 09:40:00,1013.7766666666666
2026-05-03 09:50:00,1013.72
2026-05-03 10:00:00,1013.69
2026-05-03 10:10:00,1013.705
2026-05-03 10:20:00,1013.6333333333333
2026-05-03 10:30:00,1013.525
2026-05-03 10:40:00,1013.4500000000002
2026-05-03 10:50:00,1013.39
2026-05-03 11:00:00,1013.2733333333332
2026-05-03 11:10:00,1013.14
2026-05-03 11:20:00,1013.0633333333334
2026-05-03 11:30:00,1012.99
2026-05-03 11:40:00,1012.8933333333334
2026-05-03 11:50:00,1012.6949999999999
2026-05-03 12:00:00,1012.5
2026-05-03 12:10:00,1012.23
2026-05-03 12:20:00,1012.0566666666667
2026-05-03 12:30:00,1011.8249999999999
2026-05-03 12:40:00,1011.6166666666667
2026-05-03 12:50:00,1011.5300000000001
2026-05-03 13:00:00,1011.36
2026-05-03 13:10:00,1011.2266666666668
2026-05-03 13:20:00,1011.0749999999999
2026-05-03 13:30:00,1011.0566666666667
2026-05-03 13:40:00,1010.925
2026-05-03 13:50:00,1010.6966666666667
2026-05-03 14:00:00,1010.6500000000001
2026-05-03 14:10:00,1010.52
2026-05-03 14:20:00,1010.55
2026-05-03 14:30:00,1010.6766666666667
2026-05-03 14:40:00,1010.69
2026-05-03 14:50:00,1010.6433333333334
2026-05-03 15:00:00,1010.6550000000001
2026-05-03 15:10:00,1010.6899999999999
2026-05-03 15:20:00,1010.69
2026-05-03 15:30:00,1010.75
2026-05-03 15:40:00,1010.75
2026-05-03 15:50:00,1010.7366666666667
2026-05-03 16:00:00,1010.645
2026-05-03 16:10:00,1010.4733333333334
2026-05-03 16:20:00,1010.505
2026-05-03 16:30:00,1010.6360000000001
2026-05-03 16:40:00,1010.6850000000001
2026-05-03 16:50:00,1010.7685714285715
2026-05-03 17:00:00,1011.0125
2026-05-03 17:10:00,1011.1466666666666
2026-05-03 17:20:00,1011.1550000000001
2026-05-03 17:30:00,1011.2674999999999
2026-05-03 17:40:00,1011.32
2026-05-03 17:50:00,1011.3933333333334
2026-05-03 18:00:00,1011.7066666666666
2026-05-03 18:10:00,1011.81
2026-05-03 18:20:00,1011.8299999999999
2026-05-03 18:30:00,1011.8924999999999
2026-05-03 18:40:00,1012.0566666666667
2026-05-03 18:50:00,1012.2066666666666
2026-05-03 19:00:00,1012.3475000000001
2026-05-03 19:10:00,1012.4766666666668
2026-05-03 19:20:00,1012.59
2026-05-03 19:30:00,1012.6700000000001
2026-05-03 19:40:00,1012.7366666666667
2026-05-03 19:50:00,1012.81
2026-05-03 20:00:00,1012.8625
2026-05-03 20:10:00,1012.9633333333335
2026-05-03 20:20:00,1013.0975000000001
2026-05-03 20:30:00,1013.2166666666667
2026-05-03 20:40:00,1013.3033333333333
2026-05-03 20:50:00,1013.3066666666667
2026-05-03 21:00:00,1013.3349999999999
2026-05-03 21:10:00,1013.3533333333334
2026-05-03 21:20:00,1013.44
2026-05-03 21:30:00,1013.4966666666666
2026-05-03 21:40:00,1013.525
2026-05-03 21:50:00,1013.5466666666666
2026-05-03 22:00:00,1013.52
2026-05-03 22:10:00,1013.4566666666666
2026-05-03 22:20:00,1013.46
2026-05-03 22:30:00,1013.4175000000001
2026-05-03 22:40:00,1013.3299999999999
2026-05-03 22:50:00,1013.24
2026-05-03 23:00:00,1013.1400000000001
2026-05-03 23:10:00,1012.9733333333334
2026-05-03 23:20:00,1012.805
2026-05-03 23:30:00,1012.6633333333333
2026-05-03 23:40:00,1012.5550000000001
2026-05-03 23:50:00,1012.4100000000002
2026-05-04 00:00:00,1012.2866666666665
2026-05-04 00:10:00,1012.24
2026-05-04 00:20:00,1012.1833333333334
2026-05-04 00:30:00,1012.0649999999999
2026-05-04 00:40:00,1011.9200000000001
2026-05-04 00:50:00,1011.81
2026-05-04 01:00:00,1011.6866666666668
2026-05-04 01:10:00,1011.545
2026-05-04 01:20:00,1011.4300000000001
2026-05-04 01:30:00,1011.2866666666667
2026-05-04 01:40:00,1011.13
2026-05-04 01:50:00,1011.0033333333334
2026-05-04 02:00:00,1010.85
2026-05-04 02:10:00,1010.7000000000002
2026-05-04 02:20:00,1010.535
2026-05-04 02:30:00,1010.4166666666666
2026-05-04 02:40:00,1010.375
2026-05-04 02:50:00,1010.4033333333333
2026-05-04 03:00:00,1010.525
2026-05-04 03:10:00,1010.5799999999999
2026-05-04 03:20:00,1010.55
2026-05-04 03:30:00,1010.52
2026-05-04 03:40:00,1010.515
2026-05-04 03:50:00,1010.6133333333333
2026-05-04 04:00:00,1010.595
2026-05-04 04:10:00,1010.5133333333333
2026-05-04 04:20:00,1010.4050000000001
2026-05-04 04:30:00,1010.3233333333333
2026-05-04 04:40:00,1010.4150000000001
2026-05-04 04:50:00,1010.4966666666666
2026-05-04 05:00:00,1010.53
2026-05-04 05:10:00,1010.6
2026-05-04 05:20:00,1010.69
2026-05-04 05:30:00,1010.7333333333332
2026-05-04 05:40:00,1010.84
2026-05-04 05:50:00,1010.98
2026-05-04 06:00:00,1011.045
2026-05-04 06:10:00,1011.1233333333333
2026-05-04 06:20:00,1011.3
2026-05-04 06:30:00,1011.4566666666666
2026-05-04 06:40:00,1011.53
2026-05-04 06:50:00,1011.61
2026-05-04 07:00:00,1011.77
2026-05-04 07:10:00,1011.8066666666667
2026-05-04 07:20:00,1011.8349999999999
2026-05-04 07:30:00,1011.9933333333333
2026-05-04 07:40:00,1012.115
2026-05-04 07:50:00,1012.2566666666667
2026-05-04 08:00:00,1012.275
2026-05-04 08:10:00,1012.36
2026-05-04 08:20:00,1012.465
2026-05-04 08:30:00,1012.5300000000001
2026-05-04 08:40:00,1012.5699999999999
2026-05-04 08:50:00,1012.68
2026-05-04 09:00:00,1012.69
2026-05-04 09:10:00,1012.6133333333333
2026-05-04 09:20:00,1012.56
2026-05-04 09:30:00,1012.52
2026-05-04 09:40:00,1012.535
2026-05-04 09:50:00,1012.5300000000001
2026-05-04 10:00:00,1012.47
2026-05-04 10:10:00,1012.4566666666666
2026-05-04 10:20:00,1012.375
2026-05-04 10:30:00,1012.4200000000001
2026-05-04 10:40:00,1012.445
2026-05-04 10:50:00,1012.3433333333332
2026-05-04 11:00:00,1012.3050000000001
2026-05-04 11:10:00,1012.27
2026-05-04 11:20:00,1012.1400000000001
2026-05-04 11:30:00,1012.0033333333334
2026-05-04 11:40:00,1011.8900000000001
2026-05-04 11:50:00,1011.6966666666667
2026-05-04 12:00:00,1011.69
2026-05-04 12:10:00,1011.57
2026-05-04 12:20:00,1011.4150000000001
2026-05-04 12:30:00,1011.2166666666667
2026-05-04 12:40:00,1011.15
2026-05-04 12:50:00,1011.07
2026-05-04 13:00:00,1010.94
2026-05-04 13:10:00,1010.68
2026-05-04 13:20:00,1010.5466666666666
2026-05-04 13:30:00,1010.525
2026-05-04 13:40:00,1010.4699999999999
2026-05-04 13:50:00,1010.27
2026-05-04 14:00:00,1010.0933333333334
2026-05-04 14:10:00,1009.95
2026-05-04 14:20:00,1009.8366666666667
2026-05-04 14:30:00,1009.95
2026-05-04 14:40:00,1010.0233333333332
2026-05-04 14:50:00,1009.9433333333333
2026-05-04 15:00:00,1009.9225000000001
2026-05-04 15:10:00,1009.85
2026-05-04 15:20:00,1009.8785714285715
2026-05-04 15:30:00,1009.9366666666667
2026-05-04 15:40:00,1010.1
2026-05-04 15:50:00,1010.2735294117648
2026-05-04 16:00:00,1010.2715789473687
2026-05-04 16:10:00,1010.25
2026-05-04 16:50:00,1010.725
2026-05-04 17:00:00,1010.835
2026-05-04 17:10:00,1010.8733333333333
2026-05-04 17:20:00,1011.0466666666666
2026-05-04 17:30:00,1011.0300000000001
2026-05-04 17:40:00,1011.2999999999998
2026-05-04 17:50:00,1011.2466666666666
2026-05-04 18:00:00,1011.46
2026-05-04 18:10:00,1011.5433333333334
2026-05-04 18:20:00,1011.71
2026-05-04 18:30:00,1011.8733333333333
2026-05-04 18:40:00,1012.0066666666667
2026-05-04 18:50:00,1011.9300000000001
2026-05-04 19:00:00,1011.8566666666666
2026-05-04 19:10:00,1011.9025
2026-05-04 19:20:00,1012.255
2026-05-04 19:30:00,1012.3333333333334
2026-05-04 19:40:00,1012.3733333333333
2026-05-04 19:50:00,1012.4050000000001
2026-05-04 20:00:00,1012.3633333333333
2026-05-04 20:10:00,1012.4766666666668
2026-05-04 20:20:00,1012.6166666666668
2026-05-04 20:30:00,1012.6925
2026-05-04 20:40:00,1012.9233333333333
2026-05-04 20:50:00,1013.18
2026-05-04 21:00:00,1013.2199999999999
2026-05-04 21:10:00,1013.23
2026-05-04 21:20:00,1013.285
2026-05-04 21:30:00,1013.3475000000001
2026-05-04 21:40:00,1013.24
2026-05-04 21:50:00,1013.15
2026-05-04 22:00:00,1013.055
2026-05-04 22:10:00,1013.0066666666667
2026-05-04 22:20:00,1012.89
2026-05-04 22:30:00,1012.7066666666666
2026-05-04 22:40:00,1012.46
2026-05-04 22:50:00,1012.1533333333333
2026-05-04 23:00:00,1011.9000000000001
2026-05-04 23:10:00,1011.7366666666667
2026-05-04 23:20:00,1011.5849999999999
2026-05-04 23:30:00,1011.48
2026-05-04 23:40:00,1011.4350000000001
2026-05-04 23:50:00,1011.5266666666666
2026-05-05 00:00:00,1011.5566666666667
2026-05-05 00:10:00,1011.3950000000001
2026-05-05 00:20:00,1011.32
2026-05-05 00:30:00,1011.1350000000001
2026-05-05 00:40:00,1011.0233333333332
2026-05-05 00:50:00,1010.86
2026-05-05 01:00:00,1010.6700000000001
2026-05-05 01:10:00,1010.36
2026-05-05 01:20:00,1010.2599999999999
2026-05-05 01:30:00,1010.3199999999999
2026-05-05 01:40:00,1010.2866666666665
2026-05-05 01:50:00,1010.285
2026-05-05 02:00:00,1010.2633333333333
2026-05-05 02:10:00,1010.275
2026-05-05 02:20:00,1010.0166666666668
2026-05-05 02:30:00,1010.015
2026-05-05 02:40:00,1010.0133333333333
2026-05-05 02:50:00,1010.025
2026-05-05 03:00:00,1010.0066666666667
2026-05-05 03:10:00,1010.0649999999999
2026-05-05 03:20:00,1010.1733333333335
2026-05-05 03:30:00,1010.21
2026-05-05 03:40:00,1010.3149999999999
2026-05-05 03:50:00,1010.4333333333334
2026-05-05 04:00:00,1010.545
2026-05-05 04:10:00,1010.7066666666666
2026-05-05 04:20:00,1010.79
2026-05-05 04:30:00,1010.79
2026-05-05 04:40:00,1010.5899999999999
2026-05-05 04:50:00,1010.7633333333333
2026-05-05 05:00:00,1010.9100000000001
2026-05-05 05:10:00,1010.8800000000001
2026-05-05 05:20:00,1010.9150000000001
2026-05-05 05:30:00,1011.0366666666665
2026-05-05 05:40:00,1011.1750000000001
2026-05-05 05:50:00,1011.3933333333334
2026-05-05 06:00:00,1011.3900000000001
2026-05-05 06:10:00,1011.4366666666668
2026-05-05 06:20:00,1011.615
2026-05-05 06:30:00,1011.8466666666667
2026-05-05 06:40:00,1011.955
2026-05-05 06:50:00,1012.1266666666667
2026-05-05 07:00:00,1012.14
2026-05-05 07:10:00,1012.0933333333332
2026-05-05 07:20:00,1012.1
2026-05-05 07:30:00,1012.1566666666668
2026-05-05 07:40:00,1012.295
2026-05-05 07:50:00,1012.4133333333334
2026-05-05 08:00:00,1012.4200000000001
2026-05-05 08:10:00,1012.4500000000002
2026-05-05 08:20:00,1012.5
2026-05-05 08:30:00,1012.6833333333334
2026-05-05 08:40:00,1012.755
2026-05-05 08:50:00,1012.8633333333333
2026-05-05 09:00:00,1012.885
2026-05-05 09:10:00,1012.9066666666668
2026-05-05 09:20:00,1012.9350000000001
2026-05-05 09:30:00,1012.8933333333334
2026-05-05 09:40:00,1012.95
2026-05-05 09:50:00,1012.8266666666665
2026-05-05 10:00:00,1012.695
2026-05-05 10:10:00,1012.6966666666667
2026-05-05 10:20:00,1012.6800000000001
2026-05-05 10:30:00,1012.61
2026-05-05 10:40:00,1012.53
2026-05-05 10:50:00,1012.61
2026-05-05 11:00:00,1012.625
2026-05-05 11:10:00,1012.5500000000001
2026-05-05 11:20:00,1012.595
2026-05-05 11:30:00,1012.3533333333334
2026-05-05 11:40:00,1012.365
2026-05-05 11:50:00,1012.2433333333333
2026-05-05 12:00:00,1012.105
2026-05-05 12:10:00,1012.07
2026-05-05 12:20:00,1011.97
2026-05-05 12:30:00,1011.8233333333334
2026-05-05 12:40:00,1011.59
2026-05-05 12:50:00,1011.5300000000001
2026-05-05 13:00:00,1011.34
2026-05-05 13:10:00,1011.1266666666667
2026-05-05 13:20:00,1011.0500000000001
2026-05-05 13:30:00,1010.8566666666666
2026-05-05 13:40:00,1010.71
2026-05-05 13:50:00,1010.7599999999999
2026-05-05 14:00:00,1010.745
2026-05-05 14:10:00,1010.7733333333332
2026-05-05 14:20:00,1010.71
2026-05-05 14:30:00,1010.5
2026-05-05 14:40:00,1010.3
2026-05-05 14:50:00,1010.5799999999999
2026-05-05 15:00:00,1010.545
2026-05-05 15:10:00,1010.4533333333334
2026-05-05 15:20:00,1010.325
2026-05-05 15:30:00,1010.29
2026-05-05 15:40:00,1010.74
2026-05-05 15:50:00,1010.8299999999999
2026-05-05 16:00:00,1010.9250000000001
2026-05-05 16:10:00,1010.9766666666668
2026-05-05 16:20:00,1011.0499999999998
2026-05-05 16:30:00,1011.12
2026-05-05 16:40:00,1011.1333333333333
2026-05-05 16:50:00,1011.1566666666668
2026-05-05 17:00:00,1011.0975
2026-05-05 17:10:00,1011.115
2026-05-05 17:20:00,1011.22
2026-05-05 17:30:00,1011.2375
2026-05-05 17:40:00,1011.335
2026-05-05 17:50:00,1011.56
2026-05-05 18:00:00,1011.495
2026-05-05 18:10:00,1011.46
2026-05-05 18:20:00,1011.49
2026-05-05 18:30:00,1011.5633333333332
2026-05-05 18:40:00,1011.6350000000001
2026-05-05 18:50:00,1011.5466666666666
2026-05-05 19:00:00,1011.695
2026-05-05 19:10:00,1011.7333333333332
2026-05-05 19:20:00,1011.8
2026-05-05 19:30:00,1011.9133333333333
2026-05-05 19:40:00,1011.9200000000001
2026-05-05 19:50:00,1011.9500000000002
2026-05-05 20:00:00,1011.965
2026-05-05 20:10:00,1012.16
2026-05-05 20:20:00,1012.3499999999999
2026-05-05 20:30:00,1012.4000000000001
2026-05-05 20:40:00,1012.46
2026-05-05 20:50:00,1012.5933333333332
2026-05-05 21:00:00,1012.62
2026-05-05 21:10:00,1012.7199999999999
2026-05-05 21:20:00,1012.74
2026-05-05 21:30:00,1012.6833333333334
2026-05-05 21:40:00,1012.73
2026-05-05 21:50:00,1012.7800000000001
2026-05-05 22:00:00,1012.8349999999999
2026-05-05 22:10:00,1012.785
2026-05-05 22:20:00,1012.6966666666667
2026-05-05 22:30:00,1012.6700000000001
2026-05-05 22:40:00,1012.6566666666668
2026-05-05 22:50:00,1012.6350000000001
2026-05-05 23:00:00,1012.6500000000001
2026-05-05 23:10:00,1012.725
2026-05-05 23:20:00,1012.61
2026-05-05 23:30:00,1012.4150000000001
2026-05-05 23:40:00,1012.36
2026-05-05 23:50:00,1012.1600000000001
2026-05-06 00:00:00,1012.0799999999999
2026-05-06 00:10:00,1011.99
2026-05-06 00:20:00,1011.8933333333334
2026-05-06 00:30:00,1011.775
2026-05-06 00:40:00,1011.75
2026-05-06 00:50:00,1011.795
2026-05-06 01:00:00,1011.6700000000001
2026-05-06 01:10:00,1011.6750000000001
2026-05-06 01:20:00,1011.54
2026-05-06 01:30:00,1011.46
2026-05-06 01:40:00,1011.5233333333332
2026-05-06 01:50:00,1011.475
2026-05-06 02:00:00,1011.4866666666667
2026-05-06 02:10:00,1011.44
2026-05-06 02:20:00,1011.3666666666668
2026-05-06 02:30:00,1011.3249999999999
2026-05-06 02:40:00,1011.35
2026-05-06 02:50:00,1011.4000000000001
2026-05-06 03:00:00,1011.3233333333334
2026-05-06 03:10:00,1011.24
2026-05-06 03:20:00,1011.2233333333334
2026-05-06 03:30:00,1011.1800000000001
2026-05-06 03:40:00,1011.1266666666667
2026-05-06 03:50:00,1011.1850000000001
2026-05-06 04:00:00,1011.2766666666666
2026-05-06 04:10:00,1011.3449999999999
2026-05-06 04:20:00,1011.52
2026-05-06 04:30:00,1011.52
2026-05-06 04:40:00,1011.6266666666667
2026-05-06 04:50:00,1011.6400000000001
2026-05-06 05:00:00,1011.7466666666666
2026-05-06 05:10:00,1011.805
2026-05-06 05:20:00,1011.7933333333334
2026-05-06 05:30:00,1011.8299999999999
2026-05-06 05:40:00,1011.89
2026-05-06 05:50:00,1011.9050000000001
2026-05-06 06:00:00,1011.9233333333333
2026-05-06 06:10:00,1012.1250000000001
2026-05-06 06:20:00,1012.2766666666666
2026-05-06 06:30:00,1012.335
2026-05-06 06:40:00,1012.5333333333334
2026-05-06 06:50:00,1012.6500000000001
2026-05-06 07:00:00,1012.6933333333333
2026-05-06 07:10:00,1012.81
2026-05-06 07:20:00,1012.8633333333333
2026-05-06 07:30:00,1012.94
2026-05-06 07:40:00,1012.9566666666666
2026-05-06 07:50:00,1013.055
2026-05-06 08:00:00,1013.19
2026-05-06 08:10:00,1013.1450000000001
2026-05-06 08:20:00,1013.1833333333334
2026-05-06 08:30:00,1013.355
2026-05-06 08:40:00,1013.44
2026-05-06 08:50:00,1013.475
2026-05-06 09:00:00,1013.4366666666668
2026-05-06 09:10:00,1013.49
2026-05-06 09:20:00,1013.4633333333335
2026-05-06 09:30:00,1013.4050000000001
2026-05-06 09:40:00,1013.3433333333332
2026-05-06 09:50:00,1013.3199999999999
2026-05-06 10:00:00,1013.2950000000001
2026-05-06 10:10:00,1013.1500000000001
2026-05-06 10:20:00,1013.11
2026-05-06 10:30:00,1013.0799999999999
2026-05-06 10:40:00,1013.1850000000001
2026-05-06 10:50:00,1013.1833333333334
2026-05-06 11:00:00,1013.1650000000001
2026-05-06 11:10:00,1013.0099999999999
2026-05-06 11:20:00,1013.0649999999999
2026-05-06 11:30:00,1012.9266666666667
2026-05-06 11:40:00,1012.8000000000001
2026-05-06 11:50:00,1012.6266666666667
2026-05-06 12:00:00,1012.475
2026-05-06 12:10:00,1012.3533333333334
2026-05-06 12:20:00,1012.205
2026-05-06 12:30:00,1012.1066666666666
2026-05-06 12:40:00,1012.02
2026-05-06 12:50:00,1011.9066666666668
2026-05-06 13:00:00,1011.76
2026-05-06 13:10:00,1011.7000000000002
2026-05-06 13:20:00,1011.545
2026-05-06 13:30:00,1011.32
2026-05-06 13:40:00,1011.1600000000001
2026-05-06 13:50:00,1011.2199999999999
2026-05-06 14:00:00,1011.145
2026-05-06 14:10:00,1011.0066666666668
2026-05-06 14:20:00,1010.9799999999999
2026-05-06 14:30:00,1010.8366666666667
2026-05-06 14:40:00,1010.73
2026-05-06 14:50:00,1010.7166666666667
2026-05-06 15:00:00,1010.65
2026-05-06 15:10:00,1010.8533333333334
2026-05-06 15:20:00,1010.8900000000001
2026-05-06 15:30:00,1010.9466666666667
2026-05-06 15:40:00,1010.8000000000001
2026-05-06 15:50:00,1010.8066666666667
2026-05-06 16:00:00,1010.84
2026-05-06 16:10:00,1010.8533333333334
2026-05-06 16:20:00,1010.905
2026-05-06 16:30:00,1011.0233333333332
2026-05-06 16:40:00,1011.19
2026-05-06 16:50:00,1011.3933333333334
2026-05-06 17:00:00,1011.49
2026-05-06 17:10:00,1011.4699999999999
2026-05-06 17:20:00,1011.465
2026-05-06 17:30:00,1011.4966666666666
2026-05-06 17:40:00,1011.55
2026-05-06 17:50:00,1011.7166666666667
2026-05-06 18:00:00,1011.785
2026-05-06 18:10:00,1011.89
2026-05-06 18:20:00,1011.985
2026-05-06 18:30:00,1012.1033333333334
2026-05-06 18:40:00,1012.195
2026-05-06 18:50:00,1012.25
2026-05-06 19:00:00,1012.335
2026-05-06 19:10:00,1012.4533333333334
2026-05-06 19:20:00,1012.505
2026-05-06 19:30:00,1012.6266666666667
2026-05-06 19:40:00,1012.73
2026-05-06 19:50:00,1012.7533333333334
2026-05-06 20:00:00,1012.8
2026-05-06 20:10:00,1012.7833333333333
2026-05-06 20:20:00,1012.79
2026-05-06 20:30:00,1012.8333333333334
2026-05-06 20:40:00,1013.025
2026-05-06 20:50:00,1013.0749999999999
2026-05-06 21:00:00,1013.1
2026-05-06 21:10:00,1013.1700000000001
2026-05-06 21:20:00,1013.1966666666667
2026-05-06 21:30:00,1013.28
2026-05-06 21:40:00,1013.3699999999999
2026-05-06 21:50:00,1013.48
2026-05-06 22:00:00,1013.4733333333334
2026-05-06 22:10:00,1013.4000000000001
2026-05-06 22:20:00,1013.4900000000001
2026-05-06 22:30:00,1013.4250000000001
2026-05-06 22:40:00,1013.4033333333333
2026-05-06 22:50:00,1013.4000000000001
2026-05-06 23:00:00,1013.3166666666666
2026-05-06 23:10:00,1013.235
2026-05-06 23:20:00,1013.13
2026-05-06 23:30:00,1013.03
2026-05-06 23:40:00,1012.9666666666667
2026-05-06 23:50:00,1012.8950000000001
2026-05-07 00:00:00,1012.7199999999999
2026-05-07 00:10:00,1012.505
2026-05-07 00:20:00,1012.3966666666666
2026-05-07 00:30:00,1012.3900000000001
2026-05-07 00:40:00,1012.4033333333333
2026-05-07 00:50:00,1012.265
2026-05-07 01:00:00,1012.0333333333333
2026-05-07 01:10:00,1011.86
2026-05-07 01:20:00,1011.7233333333334
2026-05-07 01:30:00,1011.5949999999999
2026-05-07 01:40:00,1011.5966666666667
2026-05-07 01:50:00,1011.5999999999999
2026-05-07 02:00:00,1011.4966666666666
2026-05-07 02:10:00,1011.36
2026-05-07 02:20:00,1011.25
2026-05-07 02:30:00,1011.1550000000001
2026-05-07 02:40:00,1011.07
2026-05-07 02:50:00,1011.025
2026-05-07 03:00:00,1010.9233333333335
2026-05-07 03:10:00,1010.94
2026-05-07 03:20:00,1011.0033333333334
2026-05-07 03:30:00,1010.95
2026-05-07 03:40:00,1010.93
2026-05-07 03:50:00,1010.96
2026-05-07 04:00:00,1011.0233333333332
2026-05-07 04:10:00,1011.045
2026-05-07 04:20:00,1011.0933333333332
2026-05-07 04:30:00,1011.195
2026-05-07 04:40:00,1011.1866666666668
2026-05-07 04:50:00,1011.275
2026-05-07 05:00:00,1011.4366666666668
2026-05-07 05:10:00,1011.48
2026-05-07 05:20:00,1011.5866666666667
2026-05-07 05:30:00,1011.71
2026-05-07 05:40:00,1011.7766666666666
2026-05-07 05:50:00,1011.9200000000001
2026-05-07 06:00:00,1011.9733333333334
2026-05-07 06:10:00,1011.9300000000001
2026-05-07 06:20:00,1012.0166666666668
2026-05-07 06:30:00,1012.05
2026-05-07 06:40:00,1012.1233333333333
2026-05-07 06:50:00,1012.15
2026-05-07 07:00:00,1012.3166666666666
2026-05-07 07:10:00,1012.37
2026-05-07 07:20:00,1012.6750000000001
2026-05-07 07:30:00,1012.87
2026-05-07 07:40:00,1012.8399999999999
2026-05-07 07:50:00,1012.96
2026-05-07 08:00:00,1013.11
2026-05-07 08:10:00,1013.1333333333333
2026-05-07 08:20:00,1013.0649999999999
2026-05-07 08:30:00,1013.1233333333333
2026-05-07 08:40:00,1013.105
2026-05-07 08:50:00,1012.9933333333333
2026-05-07 09:00:00,1013.055
2026-05-07 09:10:00,1013.0933333333332
2026-05-07 09:20:00,1013.11
2026-05-07 09:30:00,1013.0966666666667
2026-05-07 09:40:00,1013.11
2026-05-07 09:50:00,1013.18
2026-05-07 10:00:00,1013.19
2026-05-07 10:10:00,1013.1833333333334
2026-05-07 10:20:00,1013.21
2026-05-07 10:30:00,1013.1933333333333
2026-05-07 10:40:00,1013.23
2026-05-07 10:50:00,1013.2066666666666
2026-05-07 11:00:00,1013.215
2026-05-07 11:10:00,1013.1633333333333
2026-05-07 11:20:00,1013.005
2026-05-07 11:30:00,1012.7933333333334
2026-05-07 11:40:00,1012.61
2026-05-07 11:50:00,1012.3333333333334
2026-05-07 12:00:00,1012.125
2026-05-07 12:10:00,1012.1300000000001
2026-05-07 12:20:00,1012.015
2026-05-07 12:30:00,1011.8433333333332
2026-05-07 12:40:00,1011.63
2026-05-07 12:50:00,1011.5
2026-05-07 13:00:00,1011.295
2026-05-07 13:10:00,1011.3133333333334
2026-05-07 13:20:00,1011.265
2026-05-07 13:30:00,1011.1966666666667
2026-05-07 13:40:00,1011.1350000000001
2026-05-07 13:50:00,1010.9833333333332
2026-05-07 14:00:00,1010.805
2026-05-07 14:10:00,1010.68
2026-05-07 14:20:00,1010.62
2026-05-07 14:30:00,1010.52
2026-05-07 14:40:00,1010.485
2026-05-07 14:50:00,1010.4766666666668
2026-05-07 15:00:00,1010.4250000000001
2026-05-07 15:10:00,1010.3766666666667
2026-05-07 15:20:00,1010.595
2026-05-07 15:30:00,1010.6199999999999
2026-05-07 15:40:00,1010.545
2026-05-07 15:50:00,1010.6033333333334
2026-05-07 16:00:00,1010.495
2026-05-07 16:10:00,1010.4566666666666
2026-05-07 16:20:00,1010.505
2026-05-07 16:30:00,1010.5133333333333
2026-05-07 16:40:00,1010.5699999999999
2026-05-07 16:50:00,1010.7433333333333
2026-05-07 17:00:00,1010.77
2026-05-07 17:10:00,1010.8333333333334
2026-05-07 17:20:00,1010.945
2026-05-07 17:30:00,1011.0166666666668
2026-05-07 17:40:00,1011.15
2026-05-07 17:50:00,1011.2199999999999
2026-05-07 18:00:00,1011.26
2026-05-07 18:10:00,1011.3066666666667
2026-05-07 18:20:00,1011.365
2026-05-07 18:30:00,1011.5166666666668
2026-05-07 18:40:00,1011.585
2026-05-07 18:50:00,1011.6366666666668
2026-05-07 19:00:00,1011.6099999999999
2026-05-07 19:10:00,1011.615
2026-05-07 19:20:00,1011.68
2026-05-07 19:30:00,1011.755
2026-05-07 19:40:00,1011.8733333333333
2026-05-07 19:50:00,1011.9250000000001
2026-05-07 20:00:00,1011.9633333333335
2026-05-07 20:10:00,1012.11
2026-05-07 20:20:00,1012.1300000000001
2026-05-07 20:30:00,1012.1600000000001
2026-05-07 20:40:00,1012.29
2026-05-07 20:50:00,1012.4200000000001
2026-05-07 21:00:00,1012.4633333333335
2026-05-07 21:10:00,1012.49
2026-05-07 21:20:00,1012.5499999999998
2026-05-07 21:30:00,1012.5699999999999
2026-05-07 21:40:00,1012.6233333333333
2026-05-07 21:50:00,1012.6850000000001
2026-05-07 22:00:00,1012.71
2026-05-07 22:10:00,1012.73
2026-05-07 22:20:00,1012.68
2026-05-07 22:30:00,1012.71
2026-05-07 22:40:00,1012.7566666666667
2026-05-07 22:50:00,1012.795
2026-05-07 23:00:00,1012.7199999999999
2026-05-07 23:10:00,1012.62
2026-05-07 23:20:00,1012.54
2026-05-07 23:30:00,1012.3
2026-05-07 23:40:00,1012.2866666666665
2026-05-07 23:50:00,1012.2
2026-05-08 00:00:00,1012.1333333333336
2026-05-08 00:10:00,1012.0849999999999
2026-05-08 00:20:00,1011.9266666666666
2026-05-08 00:30:00,1011.865
2026-05-08 00:40:00,1011.71
2026-05-08 00:50:00,1011.615
2026-05-08 01:00:00,1011.4266666666667
2026-05-08 01:10:00,1011.29
2026-05-08 01:20:00,1011.0966666666667
2026-05-08 01:30:00,1010.98
2026-05-08 01:40:00,1010.9133333333333
2026-05-08 01:50:00,1010.81
2026-05-08 02:00:00,1010.6566666666668
2026-05-08 02:10:00,1010.595
2026-05-08 02:20:00,1010.4766666666668
2026-05-08 02:30:00,1010.4250000000001
2026-05-08 02:40:00,1010.3533333333334
2026-05-08 02:50:00,1010.365
2026-05-08 03:00:00,1010.3733333333333
2026-05-08 03:10:00,1010.3199999999999
2026-05-08 03:20:00,1010.3233333333333
2026-05-08 03:30:00,1010.3549999999999
2026-05-08 03:40:00,1010.31
2026-05-08 03:50:00,1010.26
2026-05-08 04:00:00,1010.25
2026-05-08 04:10:00,1010.26
2026-05-08 04:20:00,1010.2333333333332
2026-05-08 04:30:00,1010.265
2026-05-08 04:40:00,1010.3733333333333
2026-05-08 04:50:00,1010.3449999999999
2026-05-08 05:00:00,1010.3666666666668
2026-05-08 05:10:00,1010.485
2026-05-08 05:20:00,1010.5300000000001
2026-05-08 05:30:00,1010.605
2026-05-08 05:40:00,1010.6733333333333
2026-05-08 05:50:00,1010.77
2026-05-08 06:00:00,1011.0166666666668
2026-05-08 06:10:00,1011.1700000000001
2026-05-08 06:20:00,1011.2233333333334
2026-05-08 06:30:00,1011.39
2026-05-08 06:40:00,1011.4350000000001
2026-05-08 06:50:00,1011.48
2026-05-08 07:00:00,1011.525
2026-05-08 07:10:00,1011.65
2026-05-08 07:20:00,1011.765
2026-05-08 07:30:00,1011.9833333333332
2026-05-08 07:40:00,1012.045
2026-05-08 07:50:00,1012.1266666666667
2026-05-08 08:00:00,1012.1650000000001
2026-05-08 08:10:00,1012.2266666666668
2026-05-08 08:20:00,1012.28
2026-05-08 08:30:00,1012.2166666666667
2026-05-08 08:40:00,1012.145
2026-05-08 08:50:00,1012.0966666666667
2026-05-08 09:00:00,1012.1550000000001
2026-05-08 09:10:00,1012.1433333333334
2026-05-08 09:20:00,1012.015
2026-05-08 09:30:00,1012.0333333333333
2026-05-08 09:40:00,1012.005
2026-05-08 09:50:00,1011.9500000000002
2026-05-08 10:00:00,1011.845
2026-05-08 10:10:00,1011.7766666666666
2026-05-08 10:20:00,1011.705
2026-05-08 10:30:00,1011.6366666666667
2026-05-08 10:40:00,1011.61
2026-05-08 10:50:00,1011.5333333333333
2026-05-08 11:00:00,1011.56
2026-05-08 11:10:00,1011.5366666666665
2026-05-08 11:20:00,1011.395
2026-05-08 11:30:00,1011.34
2026-05-08 11:40:00,1011.27
2026-05-08 11:50:00,1011.0766666666665
2026-05-08 12:00:00,1011.0649999999999
2026-05-08 12:10:00,1010.9266666666666
2026-05-08 12:20:00,1010.86
2026-05-08 12:30:00,1010.8166666666666
2026-05-08 12:40:00,1010.6650000000001
2026-05-08 12:50:00,1010.5333333333333
2026-05-08 13:00:00,1010.44
2026-05-08 13:10:00,1010.3166666666666
2026-05-08 13:20:00,1010.1850000000001
2026-05-08 13:30:00,1009.9699999999999
2026-05-08 13:40:00,1009.9100000000001
2026-05-08 13:50:00,1009.73
2026-05-08 14:00:00,1009.565
2026-05-08 14:10:00,1009.46
2026-05-08 14:20:00,1009.375
2026-05-08 14:30:00,1009.36
2026-05-08 14:40:00,1009.225
2026-05-08 14:50:00,1009.2199999999999
2026-05-08 15:00:00,1009.16
2026-05-08 15:10:00,1009.2766666666666
2026-05-08 15:20:00,1009.28
2026-05-08 15:30:00,1009.1666666666666
2026-05-08 15:40:00,1009.205
2026-05-08 15:50:00,1009.1033333333334
2026-05-08 16:00:00,1009.1600000000001
2026-05-08 16:10:00,1009.1300000000001
2026-05-08 16:20:00,1009.1400000000001
2026-05-08 16:30:00,1009.2033333333334
2026-05-08 16:40:00,1009.23
2026-05-08 16:50:00,1009.2900000000001
2026-05-08 17:00:00,1009.295
2026-05-08 17:10:00,1009.2866666666665
2026-05-08 17:20:00,1009.4350000000001
2026-05-08 17:30:00,1009.5566666666667
2026-05-08 17:40:00,1009.6550000000001
2026-05-08 17:50:00,1009.6566666666668
2026-05-08 18:00:00,1009.735
2026-05-08 18:10:00,1009.7800000000001
2026-05-08 18:20:00,1009.86
2026-05-08 18:30:00,1009.9566666666666
2026-05-08 18:40:00,1010
2026-05-08 18:50:00,1009.9433333333333
2026-05-08 19:00:00,1010.0699999999999
2026-05-08 19:10:00,1010.1866666666668
2026-05-08 19:20:00,1010.195
2026-05-08 19:30:00,1010.3266666666667
2026-05-08 19:40:00,1010.445
2026-05-08 19:50:00,1010.48
2026-05-08 20:00:00,1010.5833333333334
2026-05-08 20:10:00,1010.705
2026-05-08 20:20:00,1010.71
2026-05-08 20:30:00,1010.755
2026-05-08 20:40:00,1010.77
2026-05-08 20:50:00,1010.855
2026-05-08 21:00:00,1010.9100000000002
2026-05-08 21:10:00,1010.8900000000001
2026-05-08 21:20:00,1010.93
2026-05-08 21:30:00,1010.945
2026-05-08 21:40:00,1010.9266666666667
2026-05-08 21:50:00,1010.855
2026-05-08 22:00:00,1010.8399999999998
2026-05-08 22:10:00,1010.845
2026-05-08 22:20:00,1010.8233333333333
2026-05-08 22:30:00,1010.775
2026-05-08 22:40:00,1010.7933333333334
2026-05-08 22:50:00,1010.705
2026-05-08 23:00:00,1010.7333333333332
2026-05-08 23:10:00,1010.6700000000001
2026-05-08 23:20:00,1010.5233333333332
2026-05-08 23:30:00,1010.515
2026-05-08 23:40:00,1010.3666666666667
2026-05-08 23:50:00,1010.34
2026-05-09 00:00:00,1010.2133333333335
2026-05-09 00:10:00,1010.1400000000001
2026-05-09 00:20:00,1010.0133333333333
2026-05-09 00:30:00,1009.845
2026-05-09 00:40:00,1009.65
2026-05-09 00:50:00,1009.54
2026-05-09 01:00:00,1009.3666666666667
2026-05-09 01:10:00,1009.26
2026-05-09 01:20:00,1009.14
2026-05-09 01:30:00,1009.02
2026-05-09 01:40:00,1008.96
2026-05-09 01:50:00,1008.8349999999999
2026-05-09 02:00:00,1008.7133333333335
2026-05-09 02:10:00,1008.76
2026-05-09 02:20:00,1008.7866666666665
2026-05-09 02:30:00,1008.725
2026-05-09 02:40:00,1008.7233333333334
2026-05-09 02:50:00,1008.6650000000001
2026-05-09 03:00:00,1008.5533333333333
2026-05-09 03:10:00,1008.65
2026-05-09 03:20:00,1008.7599999999999
2026-05-09 03:30:00,1008.76
2026-05-09 03:40:00,1008.7466666666666
2026-05-09 03:50:00,1008.79
2026-05-09 04:00:00,1008.8466666666667
2026-05-09 04:10:00,1008.965
2026-05-09 04:20:00,1009.0633333333332
2026-05-09 04:30:00,1009.12
2026-05-09 04:40:00,1009.2433333333333
2026-05-09 04:50:00,1009.29
2026-05-09 05:00:00,1009.3433333333332
2026-05-09 05:10:00,1009.4350000000001
2026-05-09 05:20:00,1009.4666666666667
2026-05-09 05:30:00,1009.495
2026-05-09 05:40:00,1009.6233333333333
2026-05-09 05:50:00,1009.735
2026-05-09 06:00:00,1009.9566666666666
2026-05-09 06:10:00,1010.0749999999999
2026-05-09 06:20:00,1010.2666666666668
2026-05-09 06:30:00,1010.515
2026-05-09 06:40:00,1010.6533333333333
2026-05-09 06:50:00,1010.6700000000001
2026-05-09 07:00:00,1010.6750000000001
2026-05-09 07:10:00,1010.86
2026-05-09 07:20:00,1011.035
2026-05-09 07:30:00,1011.1166666666667
2026-05-09 07:40:00,1010.99
2026-05-09 07:50:00,1011.02
2026-05-09 08:00:00,1011.1
2026-05-09 08:10:00,1011.0033333333334
2026-05-09 08:20:00,1010.995
2026-05-09 08:30:00,1010.9466666666667
2026-05-09 08:40:00,1010.88
2026-05-09 08:50:00,1010.94
2026-05-09 09:00:00,1010.705
2026-05-09 09:10:00,1010.7533333333334
2026-05-09 09:20:00,1010.775
2026-05-09 09:30:00,1010.68
2026-05-09 09:40:00,1010.745
2026-05-09 09:50:00,1010.7333333333332
2026-05-09 10:00:00,1010.605
2026-05-09 10:10:00,1010.4866666666667
2026-05-09 10:20:00,1010.59
2026-05-09 10:30:00,1010.4233333333335
2026-05-09 10:40:00,1010.26
2026-05-09 10:50:00,1010.0933333333332
2026-05-09 11:00:00,1009.985
2026-05-09 11:10:00,1009.9033333333333
2026-05-09 11:20:00,1009.97
2026-05-09 11:30:00,1009.8733333333333
2026-05-09 11:40:00,1009.96
2026-05-09 11:50:00,1009.7933333333334
2026-05-09 12:00:00,1009.6800000000001
2026-05-09 12:10:00,1009.5666666666666
2026-05-09 12:20:00,1009.485
2026-05-09 12:30:00,1009.46
2026-05-09 12:40:00,1009.42
2026-05-09 12:50:00,1009.3566666666666
2026-05-09 13:00:00,1009.215
2026-05-09 13:10:00,1009.14
2026-05-09 13:20:00,1008.995
2026-05-09 13:30:00,1008.7733333333332
2026-05-09 13:40:00,1008.705
2026-05-09 13:50:00,1008.6300000000001
2026-05-09 14:00:00,1008.4350000000001
2026-05-09 14:10:00,1008.4133333333334
2026-05-09 14:20:00,1008.405
2026-05-09 14:30:00,1008.3333333333334
2026-05-09 14:40:00,1008.3249999999999
2026-05-09 14:50:00,1008.2566666666667
2026-05-09 15:00:00,1008.1750000000001
2026-05-09 15:10:00,1008.15
2026-05-09 15:20:00,1008.0500000000001
2026-05-09 15:30:00,1008.11
2026-05-09 15:40:00,1008.1650000000001
2026-05-09 15:50:00,1008.0999999999999
2026-05-09 16:00:00,1008.11
2026-05-09 16:10:00,1008.0900000000001
2026-05-09 16:20:00,1008.0699999999999
2026-05-09 16:30:00,1008.0866666666666
2026-05-09 16:40:00,1008.1850000000001
2026-05-09 16:50:00,1008.1233333333333
2026-05-09 17:00:00,1008.3000000000001
2026-05-09 17:10:00,1008.3966666666666
2026-05-09 17:20:00,1008.3299999999999
2026-05-09 17:30:00,1008.5566666666667
2026-05-09 17:40:00,1008.82
2026-05-09 17:50:00,1008.9433333333333
2026-05-09 18:00:00,1008.995
2026-05-09 18:10:00,1009.13
2026-05-09 18:20:00,1009.11
2026-05-09 18:30:00,1009.2199999999999
2026-05-09 18:40:00,1009.3299999999999
2026-05-09 18:50:00,1009.41
2026-05-09 19:00:00,1009.6366666666667
2026-05-09 19:10:00,1009.8
2026-05-09 19:20:00,1009.8366666666667
2026-05-09 19:30:00,1009.865
2026-05-09 19:40:00,1009.9133333333334
2026-05-09 19:50:00,1010.03
2026-05-09 20:00:00,1010.1933333333333
2026-05-09 20:10:00,1010.265
2026-05-09 20:20:00,1010.32
2026-05-09 20:30:00,1010.45
2026-05-09 20:40:00,1010.4433333333333
2026-05-09 20:50:00,1010.455
2026-05-09 21:00:00,1010.5933333333332
2026-05-09 21:10:00,1010.5699999999999
2026-05-09 21:20:00,1010.59
2026-05-09 21:30:00,1010.74
2026-05-09 21:40:00,1010.89
2026-05-09 21:50:00,1010.8399999999999
2026-05-09 22:00:00,1010.9833333333332
2026-05-09 22:10:00,1011
2026-05-09 22:20:00,1010.8766666666667
2026-05-09 22:30:00,1010.78
2026-05-09 22:40:00,1010.81
2026-05-09 22:50:00,1010.8
2026-05-09 23:00:00,1010.8366666666667
2026-05-09 23:10:00,1010.885
2026-05-09 23:20:00,1010.7466666666666
2026-05-09 23:30:00,1010.5999999999999
2026-05-09 23:40:00,1010.5499999999998
2026-05-09 23:50:00,1010.64
2026-05-10 00:00:00,1010.43
2026-05-10 00:10:00,1010.3349999999999
2026-05-10 00:20:00,1010.3366666666667
2026-05-10 00:30:00,1010.265
2026-05-10 00:40:00,1010.12
2026-05-10 00:50:00,1010.0699999999999
2026-05-10 01:00:00,1009.98
2026-05-10 01:10:00,1009.955
2026-05-10 01:20:00,1009.8699999999999
2026-05-10 01:30:00,1009.9100000000001
2026-05-10 01:40:00,1009.85
2026-05-10 01:50:00,1009.9200000000001
2026-05-10 02:00:00,1009.8566666666666
2026-05-10 02:10:00,1009.85
2026-05-10 02:20:00,1009.7299999999999
2026-05-10 02:30:00,1009.6500000000001
2026-05-10 02:40:00,1009.6466666666669
2026-05-10 02:50:00,1009.805
2026-05-10 03:00:00,1009.8466666666667
2026-05-10 03:10:00,1009.8
2026-05-10 03:20:00,1009.82
2026-05-10 03:30:00,1009.86
2026-05-10 03:40:00,1009.8933333333334
2026-05-10 03:50:00,1009.985
2026-05-10 04:00:00,1010.0166666666668
2026-05-10 04:10:00,1010.0749999999999
2026-05-10 04:20:00,1010.1133333333333
2026-05-10 04:30:00,1010.23
2026-05-10 04:40:00,1010.2633333333333
2026-05-10 04:50:00,1010.3449999999999
2026-05-10 05:00:00,1010.41
2026-05-10 05:10:00,1010.505
2026-05-10 05:20:00,1010.5833333333334
2026-05-10 05:30:00,1010.705
2026-05-10 05:40:00,1010.6266666666667
2026-05-10 05:50:00,1010.715
2026-05-10 06:00:00,1011.0266666666666
2026-05-10 06:10:00,1011.1350000000001
2026-05-10 06:20:00,1011.2199999999999
2026-05-10 06:30:00,1011.41
2026-05-10 06:40:00,1011.4900000000001
2026-05-10 06:50:00,1011.6949999999999
2026-05-10 07:00:00,1011.775
2026-05-10 07:10:00,1011.9066666666668
2026-05-10 07:20:00,1011.985
2026-05-10 07:30:00,1012.09
2026-05-10 07:40:00,1012.225
2026-05-10 07:50:00,1012.32
2026-05-10 08:00:00,1012.29
2026-05-10 08:10:00,1012.3299999999999
2026-05-10 08:20:00,1012.37
2026-05-10 08:30:00,1012.4133333333334
2026-05-10 08:40:00,1012.3000000000001
2026-05-10 08:50:00,1012.2566666666667
2026-05-10 09:00:00,1012.2800000000001
2026-05-10 09:10:00,1012.46
2026-05-10 09:20:00,1012.2600000000001
2026-05-10 09:30:00,1012.1133333333333
2026-05-10 09:40:00,1012.0849999999999
2026-05-10 09:50:00,1011.9666666666667
2026-05-10 10:00:00,1011.995
2026-05-10 10:10:00,1012.0600000000001
2026-05-10 10:20:00,1011.925
2026-05-10 10:30:00,1011.7566666666667
2026-05-10 10:40:00,1011.7500000000001
2026-05-10 10:50:00,1011.8866666666667
2026-05-10 11:00:00,1011.7700000000001
2026-05-10 11:10:00,1011.7233333333334
2026-05-10 11:20:00,1011.5450000000001
2026-05-10 11:30:00,1011.2733333333332
2026-05-10 11:40:00,1011.21
2026-05-10 11:50:00,1011.2133333333335
2026-05-10 12:00:00,1011.28
2026-05-10 12:10:00,1011.0300000000001
2026-05-10 12:20:00,1010.89
2026-05-10 12:30:00,1010.7666666666668
2026-05-10 12:40:00,1010.745
2026-05-10 12:50:00,1010.7199999999999
2026-05-10 13:00:00,1010.56
2026-05-10 13:10:00,1010.3533333333334
2026-05-10 13:20:00,1010.235
2026-05-10 13:30:00,1010.1433333333334
2026-05-10 13:40:00,1010.205
2026-05-10 13:50:00,1010.2533333333334
2026-05-10 14:00:00,1010.3149999999999
2026-05-10 14:10:00,1010.2866666666667
2026-05-10 14:20:00,1010.345
2026-05-10 14:30:00,1010.1566666666668
2026-05-10 14:40:00,1010.0749999999999
2026-05-10 14:50:00,1009.8833333333332
2026-05-10 15:00:00,1009.7
2026-05-10 15:10:00,1009.6566666666668
2026-05-10 15:20:00,1009.645
2026-05-10 15:30:00,1009.7333333333332
2026-05-10 15:40:00,1009.8299999999999
2026-05-10 15:50:00,1009.9633333333335
2026-05-10 16:00:00,1010.06
2026-05-10 16:10:00,1010.04
2026-05-10 16:20:00,1010.06
2026-05-10 16:30:00,1010.14
2026-05-10 16:40:00,1010.4449999999999
2026-05-10 16:50:00,1010.51
2026-05-10 17:00:00,1010.645
2026-05-10 17:10:00,1010.61
2026-05-10 17:20:00,1010.725
2026-05-10 17:30:00,1010.8866666666667
2026-05-10 17:40:00,1011.025
2026-05-10 17:50:00,1011.0433333333334
2026-05-10 18:00:00,1011.275
2026-05-10 18:10:00,1011.3433333333332
2026-05-10 18:20:00,1011.44
2026-05-10 18:30:00,1011.5266666666666
2026-05-10 18:40:00,1011.5899999999999
2026-05-10 18:50:00,1011.6700000000001
2026-05-10 19:00:00,1011.9100000000001
2026-05-10 19:10:00,1011.9500000000002
2026-05-10 19:20:00,1012.1450000000001
2026-05-10 19:30:00,1012.2
2026-05-10 19:40:00,1012.25
2026-05-10 19:50:00,1012.285
2026-05-10 20:00:00,1012.32
2026-05-10 20:10:00,1012.51
2026-05-10 20:20:00,1012.6433333333334
2026-05-10 20:30:00,1012.5949999999999
2026-05-10 20:40:00,1012.6866666666668
2026-05-10 20:50:00,1012.6750000000001
2026-05-10 21:00:00,1012.6833333333334
2026-05-10 21:10:00,1012.775
2026-05-10 21:20:00,1012.8033333333333
2026-05-10 21:30:00,1012.76
2026-05-10 21:40:00,1012.8833333333333
2026-05-10 21:50:00,1012.985
2026-05-10 22:00:00,1013.2633333333333
2026-05-10 22:10:00,1013.3149999999999
2026-05-10 22:20:00,1013.32
2026-05-10 22:30:00,1013.31
2026-05-10 22:40:00,1013.2933333333334
2026-05-10 22:50:00,1013.08
2026-05-10 23:00:00,1012.8866666666667
2026-05-10 23:10:00,1012.805
2026-05-10 23:20:00,1012.6500000000001
2026-05-10 23:30:00,1012.62
2026-05-10 23:40:00,1012.4866666666667
2026-05-10 23:50:00,1012.22
2026-05-11 00:00:00,1012.0733333333333
2026-05-11 00:10:00,1012.045
2026-05-11 00:20:00,1011.96
2026-05-11 00:30:00,1011.8950000000001
2026-05-11 00:40:00,1011.8533333333335
2026-05-11 00:50:00,1011.855
2026-05-11 01:00:00,1011.7800000000001
2026-05-11 01:10:00,1011.6500000000001
2026-05-11 01:20:00,1011.4933333333333
2026-05-11 01:30:00,1011.35
2026-05-11 01:40:00,1011.25
2026-05-11 01:50:00,1011.11
2026-05-11 02:00:00,1011.13
2026-05-11 02:10:00,1011.205
2026-05-11 02:20:00,1011.2333333333332
2026-05-11 02:30:00,1011.22
2026-05-11 02:40:00,1011.2566666666667
2026-05-11 02:50:00,1011.3900000000001
2026-05-11 03:00:00,1011.3933333333334
2026-05-11 03:10:00,1011.41
2026-05-11 03:20:00,1011.2666666666668
2026-05-11 03:30:00,1011.375
2026-05-11 03:40:00,1011.39
2026-05-11 03:50:00,1011.35
2026-05-11 04:00:00,1011.3000000000001
2026-05-11 04:10:00,1011.3149999999999
2026-05-11 04:20:00,1011.3733333333333
2026-05-11 04:30:00,1011.3950000000001
2026-05-11 04:40:00,1011.4366666666666
2026-05-11 04:50:00,1011.535
2026-05-11 05:00:00,1011.65
2026-05-11 05:10:00,1011.72
2026-05-11 05:20:00,1011.6966666666667
2026-05-11 05:30:00,1011.735
2026-05-11 05:40:00,1011.7966666666666
2026-05-11 05:50:00,1011.9100000000001
2026-05-11 06:00:00,1012.1700000000001
2026-05-11 06:10:00,1012.335
2026-05-11 06:20:00,1012.4866666666667
2026-05-11 06:30:00,1012.6750000000001
2026-05-11 06:40:00,1012.77
2026-05-11 06:50:00,1012.8533333333334
2026-05-11 07:00:00,1012.99
2026-05-11 07:10:00,1013.0166666666668
2026-05-11 07:20:00,1013.03
2026-05-11 07:30:00,1013.0633333333332
2026-05-11 07:40:00,1013.11
2026-05-11 07:50:00,1012.9933333333333
2026-05-11 08:00:00,1012.875
2026-05-11 08:10:00,1012.7633333333333
2026-05-11 08:20:00,1012.98
2026-05-11 08:30:00,1012.9699999999999
2026-05-11 08:40:00,1012.8800000000001
2026-05-11 08:50:00,1012.7599999999999
2026-05-11 09:00:00,1012.86
2026-05-11 09:10:00,1012.8233333333334
2026-05-11 09:20:00,1012.8950000000001
2026-05-11 09:30:00,1012.8133333333332
2026-05-11 09:40:00,1012.73
2026-05-11 09:50:00,1012.7733333333332
2026-05-11 10:00:00,1012.75
2026-05-11 10:10:00,1012.9033333333333
2026-05-11 10:20:00,1012.865
2026-05-11 10:30:00,1012.8766666666667
2026-05-11 10:40:00,1012.9200000000001
2026-05-11 10:50:00,1012.9699999999999
2026-05-11 11:00:00,1012.8399999999999
2026-05-11 11:10:00,1012.7333333333332
2026-05-11 11:20:00,1012.64
2026-05-11 11:30:00,1012.62
2026-05-11 11:40:00,1012.345
2026-05-11 11:50:00,1012.3766666666667
2026-05-11 12:00:00,1012.45
2026-05-11 12:10:00,1012.27
2026-05-11 12:20:00,1012.155
2026-05-11 12:30:00,1012.0866666666667
2026-05-11 12:40:00,1011.9200000000001
2026-05-11 12:50:00,1011.7533333333334
2026-05-11 13:00:00,1011.56
2026-05-11 13:10:00,1011.35
2026-05-11 13:20:00,1011.1500000000001
2026-05-11 13:30:00,1011.14
2026-05-11 13:40:00,1011.1899999999999
2026-05-11 13:50:00,1010.9533333333333
2026-05-11 14:00:00,1010.96
2026-05-11 14:10:00,1010.8233333333334
2026-05-11 14:20:00,1010.765
2026-05-11 14:30:00,1010.7033333333333
2026-05-11 14:40:00,1010.735
2026-05-11 14:50:00,1010.6899999999999
2026-05-11 15:00:00,1010.49
2026-05-11 15:10:00,1010.4133333333333
2026-05-11 15:20:00,1010.535
2026-05-11 15:30:00,1010.6533333333333
2026-05-11 15:40:00,1010.8299999999999
2026-05-11 15:50:00,1010.7866666666665
2026-05-11 16:00:00,1010.8149999999999
2026-05-11 16:10:00,1010.8966666666669
2026-05-11 16:20:00,1010.9250000000001
2026-05-11 16:30:00,1010.8299999999999
2026-05-11 16:40:00,1010.8599999999999
2026-05-11 16:50:00,1010.91
2026-05-11 17:00:00,1011.01
2026-05-11 17:10:00,1011.0933333333332
2026-05-11 17:20:00,1011.27
2026-05-11 17:30:00,1011.2933333333334
2026-05-11 17:40:00,1011.31
2026-05-11 17:50:00,1011.3466666666667
2026-05-11 18:00:00,1011.485
2026-05-11 18:10:00,1011.6433333333334
2026-05-11 18:20:00,1011.76
2026-05-11 18:30:00,1011.85
2026-05-11 18:40:00,1011.95
2026-05-11 18:50:00,1011.9
2026-05-11 19:00:00,1012.1066666666667
2026-05-11 19:10:00,1012.235
2026-05-11 19:20:00,1012.1633333333334
2026-05-11 19:30:00,1012.26
2026-05-11 19:40:00,1012.29
2026-05-11 19:50:00,1012.4000000000001
2026-05-11 20:00:00,1012.4766666666668
2026-05-11 20:10:00,1012.59
2026-05-11 20:20:00,1012.57
2026-05-11 20:30:00,1012.655
2026-05-11 20:40:00,1012.9633333333335
2026-05-11 20:50:00,1012.97
2026-05-11 21:00:00,1012.8033333333333
2026-05-11 21:10:00,1012.8349999999999
2026-05-11 21:20:00,1012.8766666666667
2026-05-11 21:30:00,1013.02
2026-05-11 21:40:00,1012.9533333333334
2026-05-11 21:50:00,1012.9250000000001
2026-05-11 22:00:00,1012.8733333333334
2026-05-11 22:10:00,1012.8399999999999
2026-05-11 22:20:00,1012.8133333333332
2026-05-11 22:30:00,1012.6850000000001
2026-05-11 22:40:00,1012.7000000000002
2026-05-11 22:50:00,1012.69
2026-05-11 23:00:00,1012.7266666666668
2026-05-11 23:10:00,1012.72
2026-05-11 23:20:00,1012.6933333333333
2026-05-11 23:30:00,1012.6350000000001
2026-05-11 23:40:00,1012.5466666666667
2026-05-11 23:50:00,1012.365
2026-05-12 00:00:00,1012.1
2026-05-12 00:10:00,1011.98
2026-05-12 00:20:00,1011.9433333333333
2026-05-12 00:30:00,1011.8149999999999
2026-05-12 00:40:00,1011.6433333333334
2026-05-12 00:50:00,1011.4250000000001
2026-05-12 01:00:00,1011.3733333333333
2026-05-12 01:10:00,1011.1850000000001
2026-05-12 01:20:00,1011.2033333333334
2026-05-12 01:30:00,1011.28
2026-05-12 01:40:00,1011.3800000000001
2026-05-12 01:50:00,1011.445
2026-05-12 02:00:00,1011.5133333333333
2026-05-12 02:10:00,1011.4
2026-05-12 02:20:00,1011.2633333333333
2026-05-12 02:30:00,1011.21
2026-05-12 02:40:00,1011.11
2026-05-12 02:50:00,1011.1650000000001
2026-05-12 03:00:00,1011.0100000000001
2026-05-12 03:10:00,1010.78
2026-05-12 03:20:00,1010.8366666666667
2026-05-12 03:30:00,1011.01
2026-05-12 03:40:00,1011.16
2026-05-12 03:50:00,1011.24
2026-05-12 04:00:00,1011.25
2026-05-12 04:10:00,1011.4150000000001
2026-05-12 04:20:00,1011.44
2026-05-12 04:30:00,1011.355
2026-05-12 04:40:00,1011.32
2026-05-12 04:50:00,1011.45
2026-05-12 05:00:00,1011.5166666666668
2026-05-12 05:10:00,1011.5899999999999
2026-05-12 05:20:00,1011.5433333333334
2026-05-12 05:30:00,1011.74
2026-05-12 05:40:00,1011.8166666666666
2026-05-12 05:50:00,1012.055
2026-05-12 06:00:00,1012.3266666666667
2026-05-12 06:10:00,1012.5699999999999
2026-05-12 06:20:00,1012.8233333333334
2026-05-12 06:30:00,1013.0799999999999
2026-05-12 06:40:00,1013.1133333333333
2026-05-12 06:50:00,1013.215
2026-05-12 07:00:00,1013.25
2026-05-12 07:10:00,1013.35
2026-05-12 07:20:00,1013.5
2026-05-12 07:30:00,1013.68
2026-05-12 07:40:00,1013.78
2026-05-12 07:50:00,1013.6366666666667
2026-05-12 08:00:00,1013.74
2026-05-12 08:10:00,1013.7366666666667
2026-05-12 08:20:00,1013.75
2026-05-12 08:30:00,1013.79
2026-05-12 08:40:00,1013.9300000000001
2026-05-12 08:50:00,1013.8399999999998
2026-05-12 09:00:00,1013.81
2026-05-12 09:10:00,1013.8133333333332
2026-05-12 09:20:00,1013.69
2026-05-12 09:30:00,1013.7033333333334
2026-05-12 09:40:00,1013.6700000000001
2026-05-12 09:50:00,1013.6633333333334
2026-05-12 10:00:00,1013.6750000000001
2026-05-12 10:10:00,1013.6433333333334
2026-05-12 10:20:00,1013.5649999999999
2026-05-12 10:30:00,1013.5766666666665
2026-05-12 10:40:00,1013.555
2026-05-12 10:50:00,1013.3966666666666
2026-05-12 11:00:00,1013.3249999999999
2026-05-12 11:10:00,1013.2599999999999
2026-05-12 11:20:00,1013.195
2026-05-12 11:30:00,1013.1866666666668
2026-05-12 11:40:00,1013.1300000000001
2026-05-12 11:50:00,1013.0266666666666
2026-05-12 12:00:00,1012.905
2026-05-12 12:10:00,1012.77
2026-05-12 12:20:00,1012.585
2026-05-12 12:30:00,1012.3833333333333
2026-05-12 12:40:00,1012.215
2026-05-12 12:50:00,1012.1033333333335
2026-05-12 13:00:00,1011.915
2026-05-12 13:10:00,1011.71
2026-05-12 13:20:00,1011.585
2026-05-12 13:30:00,1011.4533333333334
2026-05-12 13:40:00,1011.3750000000001
2026-05-12 13:50:00,1011.27
2026-05-12 14:00:00,1011.1750000000001
2026-05-12 14:10:00,1010.9333333333334
2026-05-12 14:20:00,1010.97
2026-05-12 14:30:00,1010.9533333333333
2026-05-12 14:40:00,1010.995
2026-05-12 14:50:00,1011
2026-05-12 15:00:00,1011
2026-05-12 15:10:00,1010.9733333333334
2026-05-12 15:20:00,1011.005
2026-05-12 15:30:00,1011.2333333333332
2026-05-12 15:40:00,1011.255
2026-05-12 15:50:00,1011.2233333333334
2026-05-12 16:00:00,1011.26
2026-05-12 16:10:00,1011.4166666666666
2026-05-12 16:20:00,1011.56
2026-05-12 16:30:00,1011.4566666666666
2026-05-12 16:40:00,1011.35
2026-05-12 16:50:00,1011.305
2026-05-12 17:00:00,1011.34
2026-05-12 17:10:00,1011.52
2026-05-12 17:20:00,1011.56
2026-05-12 17:30:00,1011.64
2026-05-12 17:40:00,1011.6650000000001
2026-05-12 17:50:00,1011.7666666666668
2026-05-12 18:00:00,1011.9100000000001
2026-05-12 18:10:00,1012.07
2026-05-12 18:20:00,1012.18
2026-05-12 18:30:00,1012.3166666666666
2026-05-12 18:40:00,1012.37
2026-05-12 18:50:00,1012.525
2026-05-12 19:00:00,1012.6666666666666
2026-05-12 19:10:00,1012.78
2026-05-12 19:20:00,1012.84
2026-05-12 19:30:00,1012.945
2026-05-12 19:40:00,1013.0666666666666
2026-05-12 19:50:00,1013.06
2026-05-12 20:00:00,1013.2000000000002
2026-05-12 20:10:00,1013.215
2026-05-12 20:20:00,1013.2533333333334
2026-05-12 20:30:00,1013.295
2026-05-12 20:40:00,1013.2966666666666
2026-05-12 20:50:00,1013.26
2026-05-12 21:00:00,1013.2033333333334
2026-05-12 21:10:00,1013.225
2026-05-12 21:20:00,1013.0866666666667
2026-05-12 21:30:00,1013.0649999999999
2026-05-12 21:40:00,1013.0933333333332
2026-05-12 21:50:00,1013.23
2026-05-12 22:00:00,1013.2666666666668
2026-05-12 22:10:00,1013.215
2026-05-12 22:20:00,1013.1700000000001
2026-05-12 22:30:00,1013.0699999999999
2026-05-12 22:40:00,1012.9833333333332
2026-05-12 22:50:00,1012.99
2026-05-12 23:00:00,1012.96
2026-05-12 23:10:00,1012.985
2026-05-12 23:20:00,1012.9133333333333
2026-05-12 23:30:00,1012.725
2026-05-12 23:40:00,1012.6133333333333
2026-05-12 23:50:00,1012.53
2026-05-13 00:00:00,1012.5766666666665
2026-05-13 00:10:00,1012.5
2026-05-13 00:20:00,1012.3000000000001
2026-05-13 00:30:00,1012.055
2026-05-13 00:40:00,1012.07
2026-05-13 00:50:00,1011.9000000000001
2026-05-13 01:00:00,1011.7233333333334
2026-05-13 01:10:00,1011.6400000000001
2026-05-13 01:20:00,1011.5566666666667
2026-05-13 01:30:00,1011.4100000000001
2026-05-13 01:40:00,1011.3533333333335
2026-05-13 01:50:00,1011.505
2026-05-13 02:00:00,1011.6166666666668
2026-05-13 02:10:00,1011.65
2026-05-13 02:20:00,1011.5433333333334
2026-05-13 02:30:00,1011.56
2026-05-13 02:40:00,1011.5966666666667
2026-05-13 02:50:00,1011.6800000000001
2026-05-13 03:00:00,1011.6566666666668
2026-05-13 03:10:00,1011.8149999999999
2026-05-13 03:20:00,1011.8833333333333
2026-05-13 03:30:00,1011.965
2026-05-13 03:40:00,1011.9266666666667
2026-05-13 03:50:00,1011.86
2026-05-13 04:00:00,1011.9033333333333
2026-05-13 04:10:00,1012.005
2026-05-13 04:20:00,1012.1366666666667
2026-05-13 04:30:00,1012.25
2026-05-13 04:40:00,1012.43
2026-05-13 04:50:00,1012.51
2026-05-13 05:00:00,1012.5333333333333
2026-05-13 05:10:00,1012.52
2026-05-13 05:20:00,1012.4366666666668
2026-05-13 05:30:00,1012.3549999999999
2026-05-13 05:40:00,1012.3800000000001
2026-05-13 05:50:00,1012.4150000000001
2026-05-13 06:00:00,1012.61
2026-05-13 06:10:00,1012.7199999999999
2026-05-13 06:20:00,1012.795
2026-05-13 06:30:00,1012.8966666666666
2026-05-13 06:40:00,1012.98
2026-05-13 06:50:00,1013.0666666666666
2026-05-13 07:00:00,1013.0949999999999
2026-05-13 07:10:00,1013.1133333333333
2026-05-13 07:20:00,1013.1750000000001
2026-05-13 07:30:00,1013.1766666666667
2026-05-13 07:40:00,1013.1650000000001
2026-05-13 07:50:00,1013.2666666666665
2026-05-13 08:00:00,1013.525
2026-05-13 08:10:00,1013.6433333333334
2026-05-13 08:20:00,1013.655
2026-05-13 08:30:00,1013.6666666666666
2026-05-13 08:40:00,1013.7
2026-05-13 08:50:00,1013.7599999999999
2026-05-13 09:00:00,1013.795
2026-05-13 09:10:00,1013.8066666666667
2026-05-13 09:20:00,1013.8
2026-05-13 09:30:00,1013.7400000000001
2026-05-13 09:40:00,1013.725
2026-05-13 09:50:00,1013.7233333333334
2026-05-13 10:00:00,1013.555
2026-05-13 10:10:00,1013.5666666666666
2026-05-13 10:20:00,1013.48
2026-05-13 10:30:00,1013.34
2026-05-13 10:40:00,1013.22
2026-05-13 10:50:00,1013.19
2026-05-13 11:00:00,1013.1800000000001
2026-05-13 11:10:00,1013.1366666666667
2026-05-13 11:20:00,1013.0450000000001
2026-05-13 11:30:00,1012.8966666666666
2026-05-13 11:40:00,1012.755
2026-05-13 11:50:00,1012.4900000000001
2026-05-13 12:00:00,1012.495
2026-05-13 12:10:00,1012.3966666666666
2026-05-13 12:20:00,1012.195
2026-05-13 12:30:00,1012.2733333333332
2026-05-13 12:40:00,1012.155
2026-05-13 12:50:00,1011.9833333333332
2026-05-13 13:00:00,1011.7650000000001
2026-05-13 13:10:00,1011.57
2026-05-13 13:20:00,1011.4100000000001
2026-05-13 13:30:00,1011.2533333333334
2026-05-13 13:40:00,1011.085
2026-05-13 13:50:00,1010.9666666666667
2026-05-13 14:00:00,1010.85
2026-05-13 14:10:00,1010.7466666666666
2026-05-13 14:20:00,1010.755
2026-05-13 14:30:00,1010.98
2026-05-13 14:40:00,1010.915
2026-05-13 14:50:00,1010.81
2026-05-13 15:00:00,1010.79
2026-05-13 15:10:00,1010.8766666666667
2026-05-13 15:20:00,1010.9250000000001
2026-05-13 15:30:00,1010.84
2026-05-13 15:40:00,1010.99
2026-05-13 15:50:00,1010.9900000000001
2026-05-13 16:00:00,1010.8750000000001
2026-05-13 16:10:00,1010.7866666666665
2026-05-13 16:20:00,1010.81
2026-05-13 16:30:00,1010.8233333333334
2026-05-13 16:40:00,1010.76
2026-05-13 16:50:00,1010.8733333333333
2026-05-13 17:00:00,1010.9250000000001
2026-05-13 17:10:00,1011.0166666666668
2026-05-13 17:20:00,1011.1450000000001
2026-05-13 17:30:00,1011.12
2026-05-13 17:40:00,1011.25
2026-05-13 17:50:00,1011.3449999999999
2026-05-13 18:00:00,1011.4766666666668
2026-05-13 18:10:00,1011.505
2026-05-13 18:20:00,1011.6066666666666
2026-05-13 18:30:00,1011.76
2026-05-13 18:40:00,1011.7266666666668
2026-05-13 18:50:00,1011.715
2026-05-13 19:00:00,1011.8166666666666
2026-05-13 19:10:00,1011.97
2026-05-13 19:20:00,1011.93
2026-05-13 19:30:00,1011.8900000000001
2026-05-13 19:40:00,1011.9066666666668
2026-05-13 19:50:00,1011.965
2026-05-13 20:00:00,1012.0933333333332
2026-05-13 20:10:00,1012.19
2026-05-13 20:20:00,1012.3666666666668
2026-05-13 20:30:00,1012.47
2026-05-13 20:40:00,1012.54
2026-05-13 20:50:00,1012.54
2026-05-13 21:00:00,1012.5
2026-05-13 21:10:00,1012.5649999999999
2026-05-13 21:20:00,1012.6866666666668
2026-05-13 21:30:00,1012.695
2026-05-13 21:40:00,1012.71
2026-05-13 21:50:00,1012.7
2026-05-13 22:00:00,1012.71
2026-05-13 22:10:00,1012.72
2026-05-13 22:20:00,1012.6700000000001
2026-05-13 22:30:00,1012.6049999999999
2026-05-13 22:40:00,1012.5099999999999
2026-05-13 22:50:00,1012.475
2026-05-13 23:00:00,1012.32
2026-05-13 23:10:00,1012.2
2026-05-13 23:20:00,1012.2033333333334
2026-05-13 23:30:00,1012.1800000000001
2026-05-14 00:10:00,1011.8499999999999
2026-05-14 00:20:00,1011.8066666666667
2026-05-14 00:30:00,1011.8349999999999
2026-05-14 00:40:00,1011.69
2026-05-14 00:50:00,1011.62
2026-05-14 01:00:00,1011.5166666666668
2026-05-14 01:10:00,1011.4200000000001
2026-05-14 01:20:00,1011.23
2026-05-14 01:30:00,1011.1600000000001
2026-05-14 01:40:00,1011.1333333333333
2026-05-14 01:50:00,1011.045
2026-05-14 02:00:00,1011.0633333333332
2026-05-14 02:10:00,1010.955
2026-05-14 02:20:00,1010.9633333333335
2026-05-14 02:30:00,1010.9350000000001
2026-05-14 02:40:00,1010.9000000000001
2026-05-14 02:50:00,1010.8266666666665
2026-05-14 03:00:00,1010.805
2026-05-14 03:10:00,1010.8566666666666
2026-05-14 03:20:00,1010.9250000000001
2026-05-14 03:30:00,1010.8833333333333
2026-05-14 03:40:00,1010.755
2026-05-14 03:50:00,1010.8933333333334
2026-05-14 04:00:00,1010.95
2026-05-14 04:10:00,1011
2026-05-14 04:20:00,1011.055
2026-05-14 04:30:00,1011.0933333333334
2026-05-14 04:40:00,1011.235
2026-05-14 04:50:00,1011.1866666666668
2026-05-14 05:00:00,1011.125
2026-05-14 05:10:00,1011.2400000000001
2026-05-14 05:20:00,1011.235
2026-05-14 05:30:00,1011.2566666666667
2026-05-14 05:40:00,1011.25
2026-05-14 05:50:00,1011.3466666666667
2026-05-14 06:00:00,1011.585
2026-05-14 06:10:00,1011.7766666666666
2026-05-14 06:20:00,1011.97
2026-05-14 06:30:00,1012.1033333333335
2026-05-14 06:40:00,1012.1600000000001
2026-05-14 06:50:00,1012.3766666666667
2026-05-14 07:00:00,1012.475
2026-05-14 07:10:00,1012.5033333333334
2026-05-14 07:20:00,1012.5749999999999
2026-05-14 07:30:00,1012.5200000000001
2026-05-14 07:40:00,1012.6750000000001
2026-05-14 07:50:00,1012.6833333333334
2026-05-14 08:00:00,1012.705
2026-05-14 08:10:00,1012.7066666666666
2026-05-14 08:20:00,1012.735
2026-05-14 08:30:00,1012.7800000000001
2026-05-14 08:40:00,1012.805
2026-05-14 08:50:00,1012.9466666666667
2026-05-14 09:00:00,1013.015
2026-05-14 09:10:00,1013.0833333333334
2026-05-14 09:20:00,1013
2026-05-14 09:30:00,1012.9433333333333
2026-05-14 09:40:00,1013.04
2026-05-14 09:50:00,1013.1333333333333
2026-05-14 10:00:00,1013.1
2026-05-14 10:10:00,1013.0633333333332
2026-05-14 10:20:00,1013.025
2026-05-14 10:30:00,1012.9900000000001
2026-05-14 10:40:00,1012.99
2026-05-14 10:50:00,1012.9233333333333
2026-05-14 11:00:00,1012.6650000000001
2026-05-14 11:10:00,1012.6433333333334
2026-05-14 11:20:00,1012.615
2026-05-14 11:30:00,1012.5799999999999
2026-05-14 11:40:00,1012.54
2026-05-14 11:50:00,1012.36
2026-05-14 12:00:00,1012.105
2026-05-14 12:10:00,1011.89
2026-05-14 12:20:00,1011.785
2026-05-14 12:30:00,1011.7733333333334
2026-05-14 12:40:00,1011.5699999999999
2026-05-14 12:50:00,1011.3333333333334
2026-05-14 13:00:00,1011.3149999999999
2026-05-14 13:10:00,1010.9466666666667
2026-05-14 13:20:00,1010.705
2026-05-14 13:30:00,1010.6066666666666
2026-05-14 13:40:00,1010.64
2026-05-14 13:50:00,1010.61
2026-05-14 14:00:00,1010.655
2026-05-14 14:10:00,1010.6116666666668
2026-05-14 14:20:00,1010.6411111111112
2026-05-14 14:30:00,1010.7079999999999
2026-05-14 14:40:00,1010.93
2026-05-14 14:50:00,1010.84
2026-05-14 15:00:00,1010.8633333333333
2026-05-14 15:10:00,1010.805
2026-05-14 15:20:00,1010.7566666666667
2026-05-14 15:30:00,1010.79
2026-05-14 15:40:00,1010.93
2026-05-14 15:50:00,1010.9200000000001
2026-05-14 16:00:00,1010.8766666666667
2026-05-14 16:10:00,1011.005
2026-05-14 16:20:00,1011.0566666666667
2026-05-14 16:30:00,1011.115
2026-05-14 16:40:00,1011.0466666666666
2026-05-14 16:50:00,1010.9250000000001
2026-05-14 17:00:00,1010.9666666666667
2026-05-14 17:10:00,1010.975
2026-05-14 17:20:00,1011.0133333333333
2026-05-14 17:30:00,1011.105
2026-05-14 17:40:00,1011.1833333333334
2026-05-14 17:50:00,1011.27
2026-05-14 18:00:00,1011.3299999999999
2026-05-14 18:10:00,1011.29
2026-05-14 18:20:00,1011.3966666666666
2026-05-14 18:30:00,1011.465
2026-05-14 18:40:00,1011.48
2026-05-14 18:50:00,1011.6400000000001
2026-05-14 19:00:00,1011.8466666666667
2026-05-14 19:10:00,1011.8900000000001
2026-05-14 19:20:00,1011.9766666666666
2026-05-14 19:30:00,1012.1850000000001
2026-05-14 19:40:00,1012.1600000000002
2026-05-14 19:50:00,1012.24
2026-05-14 20:00:00,1012.3133333333332
2026-05-14 20:10:00,1012.3850000000001
2026-05-14 20:20:00,1012.4633333333335
2026-05-14 20:30:00,1012.47
2026-05-14 20:40:00,1012.5133333333333
2026-05-14 20:50:00,1012.51
2026-05-14 21:00:00,1012.6933333333333
2026-05-14 21:10:00,1012.6850000000001
2026-05-14 21:20:00,1012.7533333333334
2026-05-14 21:30:00,1012.845
2026-05-14 21:40:00,1012.9366666666666
2026-05-14 21:50:00,1013.02
2026-05-14 22:00:00,1013.0333333333333
2026-05-14 22:10:00,1013.035
2026-05-14 22:20:00,1012.98
2026-05-14 22:30:00,1013
2026-05-14 22:40:00,1013.0166666666668
2026-05-14 22:50:00,1012.945
2026-05-14 23:00:00,1012.8699999999999
2026-05-14 23:10:00,1012.8249999999999
2026-05-14 23:20:00,1012.785
2026-05-14 23:30:00,1012.7566666666667
2026-05-14 23:40:00,1012.6400000000001
2026-05-14 23:50:00,1012.5066666666667
2026-05-15 00:00:00,1012.455
2026-05-15 00:10:00,1012.3299999999999
2026-05-15 00:20:00,1012.25
2026-05-15 00:30:00,1012.1966666666667
2026-05-15 00:40:00,1012.15
2026-05-15 00:50:00,1012.02
2026-05-15 01:00:00,1011.965
2026-05-15 01:10:00,1011.8699999999999
2026-05-15 01:20:00,1011.8149999999999
2026-05-15 01:30:00,1011.69
2026-05-15 01:40:00,1011.555
2026-05-15 01:50:00,1011.5266666666666
2026-05-15 02:00:00,1011.36
2026-05-15 02:10:00,1011.2000000000002
2026-05-15 02:20:00,1011.0749999999999
2026-05-15 02:30:00,1011.0466666666666
2026-05-15 02:40:00,1011.04
2026-05-15 02:50:00,1010.9900000000001
2026-05-15 03:00:00,1010.95
2026-05-15 03:10:00,1011.0133333333333
2026-05-15 03:20:00,1011.055
2026-05-15 03:30:00,1011.0733333333333
2026-05-15 03:40:00,1011.0799999999999
2026-05-15 03:50:00,1011.1566666666668
2026-05-15 04:00:00,1011.1750000000001
2026-05-15 04:10:00,1011.2066666666666
2026-05-15 04:20:00,1011.26
2026-05-15 04:30:00,1011.2133333333335
2026-05-15 04:40:00,1011.265
2026-05-15 04:50:00,1011.3866666666668
2026-05-15 05:00:00,1011.4000000000001
2026-05-15 05:10:00,1011.4699999999999
2026-05-15 05:20:00,1011.6300000000001
2026-05-15 05:30:00,1011.7333333333332
2026-05-15 05:40:00,1011.75
2026-05-15 05:50:00,1011.7666666666668
2026-05-15 06:00:00,1011.895
2026-05-15 06:10:00,1011.9866666666667
2026-05-15 06:20:00,1012.05
2026-05-15 06:30:00,1012.2599999999999
2026-05-15 06:40:00,1012.52
2026-05-15 06:50:00,1012.61
2026-05-15 07:00:00,1012.695
2026-05-15 07:10:00,1012.7066666666666
2026-05-15 07:20:00,1012.8100000000001
2026-05-15 07:30:00,1012.7933333333334
2026-05-15 07:40:00,1012.885
2026-05-15 07:50:00,1012.9766666666668
2026-05-15 08:00:00,1013.0699999999999
2026-05-15 08:10:00,1013.11
2026-05-15 08:20:00,1012.985
2026-05-15 08:30:00,1012.8933333333334
2026-05-15 08:40:00,1012.79
2026-05-15 08:50:00,1012.8100000000001
2026-05-15 09:00:00,1012.87
2026-05-15 09:10:00,1012.7866666666665
2026-05-15 09:20:00,1012.88
2026-05-15 09:30:00,1012.7733333333332
2026-05-15 09:40:00,1012.76
2026-05-15 09:50:00,1012.8033333333333
2026-05-15 10:00:00,1012.94
2026-05-15 10:10:00,1012.9866666666667
2026-05-15 10:20:00,1013
2026-05-15 10:30:00,1013.0133333333333
2026-05-15 10:40:00,1012.965
2026-05-15 10:50:00,1012.94
2026-05-15 11:00:00,1012.89
2026-05-15 11:10:00,1012.9100000000001
2026-05-15 11:20:00,1012.9833333333332
2026-05-15 11:30:00,1012.8950000000001
2026-05-15 11:40:00,1012.7033333333334
2026-05-15 11:50:00,1012.615
2026-05-15 12:00:00,1012.56
2026-05-15 12:10:00,1012.525
2026-05-15 12:20:00,1012.2999999999998
2026-05-15 12:30:00,1012.165
2026-05-15 12:40:00,1012.1033333333334
2026-05-15 12:50:00,1011.98
2026-05-15 13:00:00,1011.8000000000001
2026-05-15 13:10:00,1011.6800000000001
2026-05-15 13:20:00,1011.64
2026-05-15 13:30:00,1011.615
2026-05-15 13:40:00,1011.4100000000002
2026-05-15 13:50:00,1011.335
2026-05-15 14:00:00,1011.3666666666668
2026-05-15 14:10:00,1011.1700000000001
2026-05-15 14:20:00,1011.0433333333334
2026-05-15 14:30:00,1011.015
2026-05-15 14:40:00,1010.9099999999999
2026-05-15 14:50:00,1010.65
2026-05-15 15:00:00,1010.7866666666665
2026-05-15 15:10:00,1010.945
2026-05-15 15:20:00,1010.9399999999999
2026-05-15 15:30:00,1011.02
2026-05-15 15:40:00,1010.9533333333334
2026-05-15 15:50:00,1010.98
2026-05-15 16:00:00,1011.0799999999999
2026-05-15 16:10:00,1010.9
2026-05-15 16:20:00,1010.9500000000002
2026-05-15 16:30:00,1010.89
2026-05-15 16:40:00,1010.81
2026-05-15 16:50:00,1010.99
2026-05-15 17:00:00,1011.1033333333335
2026-05-15 17:10:00,1011.3
2026-05-15 17:20:00,1011.4833333333332
2026-05-15 17:30:00,1011.6350000000001
2026-05-15 17:40:00,1011.59
2026-05-15 17:50:00,1011.5849999999999
2026-05-15 18:00:00,1011.64
2026-05-15 18:10:00,1011.725
2026-05-15 18:20:00,1011.86
2026-05-15 18:30:00,1011.99
2026-05-15 18:40:00,1011.9733333333334
2026-05-15 18:50:00,1011.99
2026-05-15 19:00:00,1012.14
2026-05-15 19:10:00,1012.26
2026-05-15 19:20:00,1012.3533333333334
2026-05-15 19:30:00,1012.4200000000001
2026-05-15 19:40:00,1012.6133333333333
2026-05-15 19:50:00,1012.6600000000001
2026-05-15 20:00:00,1012.5866666666666
2026-05-15 20:10:00,1012.54
2026-05-15 20:20:00,1012.7133333333335
2026-05-15 20:30:00,1012.87
2026-05-15 20:40:00,1012.7933333333334
2026-05-15 20:50:00,1012.775
2026-05-15 21:00:00,1012.7833333333333
2026-05-15 21:10:00,1012.89
2026-05-15 21:20:00,1012.94
2026-05-15 21:30:00,1013
2026-05-15 21:40:00,1013.0366666666665
2026-05-15 21:50:00,1013.105
2026-05-15 22:00:00,1013.14
2026-05-15 22:10:00,1013.13
2026-05-15 22:20:00,1013.1233333333333
2026-05-15 22:30:00,1012.985
2026-05-15 22:40:00,1013
2026-05-15 22:50:00,1012.98
2026-05-15 23:00:00,1012.9500000000002
2026-05-15 23:10:00,1012.98
2026-05-15 23:20:00,1012.9350000000001
2026-05-15 23:30:00,1012.9066666666668
2026-05-15 23:40:00,1012.8249999999999
2026-05-15 23:50:00,1012.71
2026-05-16 00:00:00,1012.6850000000001
2026-05-16 00:10:00,1012.5849999999999
2026-05-16 00:20:00,1012.39
2026-05-16 00:30:00,1012.25
2026-05-16 00:40:00,1012.1733333333333
2026-05-16 00:50:00,1012.0749999999999
2026-05-16 01:00:00,1011.93
2026-05-16 01:10:00,1011.9050000000001
2026-05-16 01:20:00,1011.8133333333332
2026-05-16 01:30:00,1011.6400000000001
2026-05-16 01:40:00,1011.4900000000001
2026-05-16 01:50:00,1011.37
2026-05-16 02:00:00,1011.28
2026-05-16 02:10:00,1011.2333333333332
2026-05-16 02:20:00,1011.1800000000001
2026-05-16 02:30:00,1011.1533333333333
2026-05-16 02:40:00,1011.285
2026-05-16 02:50:00,1011.3033333333333
2026-05-16 03:00:00,1011.225
2026-05-16 03:10:00,1011.07
2026-05-16 03:20:00,1010.97
2026-05-16 03:30:00,1010.8366666666667
2026-05-16 03:40:00,1010.795
2026-05-16 03:50:00,1010.6966666666667
2026-05-16 04:00:00,1010.84
2026-05-16 04:10:00,1011
2026-05-16 04:20:00,1011.1650000000001
2026-05-16 04:30:00,1011.0866666666667
2026-05-16 04:40:00,1011.0949999999999
2026-05-16 04:50:00,1011.0466666666666
2026-05-16 05:00:00,1010.985
2026-05-16 05:10:00,1010.7599999999999
2026-05-16 05:20:00,1010.85
2026-05-16 05:30:00,1010.9900000000001
2026-05-16 05:40:00,1011.0899999999999
2026-05-16 05:50:00,1011.1833333333334
2026-05-16 06:00:00,1011.415
2026-05-16 06:10:00,1011.5866666666667
2026-05-16 06:20:00,1011.79
2026-05-16 06:30:00,1011.9966666666666
2026-05-16 06:40:00,1012.03
2026-05-16 06:50:00,1012.1666666666666
2026-05-16 07:00:00,1012.255
2026-05-16 07:10:00,1012.27
2026-05-16 07:20:00,1012.54
2026-05-16 07:30:00,1012.7133333333335
2026-05-16 07:40:00,1012.715
2026-05-16 07:50:00,1012.5833333333334
2026-05-16 08:00:00,1012.5799999999999
2026-05-16 08:10:00,1012.68
2026-05-16 08:20:00,1012.69
2026-05-16 08:30:00,1012.8166666666666
2026-05-16 08:40:00,1012.955
2026-05-16 08:50:00,1013.0099999999999
2026-05-16 09:00:00,1012.9050000000001
2026-05-16 09:10:00,1012.8699999999999
2026-05-16 09:20:00,1012.76
2026-05-16 09:30:00,1012.82
2026-05-16 09:40:00,1012.925
2026-05-16 09:50:00,1013.1033333333335
2026-05-16 10:00:00,1013.1300000000001
2026-05-16 10:10:00,1013.0166666666668
2026-05-16 10:20:00,1012.95
2026-05-16 10:30:00,1012.8266666666667
2026-05-16 10:40:00,1012.62
2026-05-16 10:50:00,1012.5933333333332
2026-05-16 11:00:00,1012.5
2026-05-16 11:10:00,1012.3866666666667
2026-05-16 11:20:00,1012.35
2026-05-16 11:30:00,1012.3666666666668
2026-05-16 11:40:00,1012.115
2026-05-16 11:50:00,1011.9366666666666
2026-05-16 12:00:00,1012.0749999999999
2026-05-16 12:10:00,1012.1
2026-05-16 12:20:00,1012.0166666666668
2026-05-16 12:30:00,1011.8249999999999
2026-05-16 12:40:00,1011.6999999999999
2026-05-16 12:50:00,1011.415
2026-05-16 13:00:00,1011.2000000000002
2026-05-16 13:10:00,1010.995
2026-05-16 13:20:00,1010.8466666666667
2026-05-16 13:30:00,1010.88
2026-05-16 13:40:00,1010.7366666666667
2026-05-16 13:50:00,1010.705
2026-05-16 14:00:00,1010.868
2026-05-16 14:10:00,1010.43625
2026-05-16 14:20:00,1010.1900000000002
2026-05-16 14:30:00,1010.1533333333333
2026-05-16 14:40:00,1009.985
2026-05-16 14:50:00,1009.9133333333334
2026-05-16 15:00:00,1009.6833333333334
2026-05-16 15:10:00,1009.62
2026-05-16 15:20:00,1009.7733333333332
2026-05-16 15:30:00,1009.8
2026-05-16 15:40:00,1009.94
2026-05-16 15:50:00,1010.1800000000001
2026-05-16 16:00:00,1010.1700000000001
2026-05-16 16:10:00,1010.145
2026-05-16 16:20:00,1010.2000000000002
2026-05-16 16:30:00,1010.1650000000001
2026-05-16 16:40:00,1010.1766666666667
2026-05-16 16:50:00,1010.265
2026-05-16 17:00:00,1010.2999999999998
2026-05-16 17:10:00,1010.3149999999999
2026-05-16 17:20:00,1010.2266666666668
2026-05-16 17:30:00,1010.1250000000001
2026-05-16 17:40:00,1010.2766666666666
2026-05-16 17:50:00,1010.3
2026-05-16 18:00:00,1010.35
2026-05-16 18:10:00,1010.495
2026-05-16 18:20:00,1010.7133333333335
2026-05-16 18:30:00,1010.82
2026-05-16 18:40:00,1010.9699999999999
2026-05-16 18:50:00,1011.1999999999999
2026-05-16 19:00:00,1011.3866666666668
2026-05-16 19:10:00,1011.4150000000001
2026-05-16 19:20:00,1011.5333333333333
2026-05-16 19:30:00,1011.6700000000001
2026-05-16 19:40:00,1011.69
2026-05-16 19:50:00,1011.5433333333334
2026-05-16 20:00:00,1011.3249999999999
2026-05-16 20:10:00,1011.52
2026-05-16 20:20:00,1011.71
2026-05-16 20:30:00,1011.6366666666667
2026-05-16 20:40:00,1011.9
2026-05-16 20:50:00,1012.1333333333333
2026-05-16 21:00:00,1012.27
2026-05-16 21:10:00,1012.3000000000001
2026-05-16 21:20:00,1012.475
2026-05-16 21:30:00,1012.5433333333334
2026-05-16 21:40:00,1012.79
2026-05-16 21:50:00,1012.6366666666667
2026-05-16 22:00:00,1012.58
2026-05-16 22:10:00,1012.4933333333333
2026-05-16 22:20:00,1012.55
2026-05-16 22:30:00,1012.4366666666668
2026-05-16 22:40:00,1012.615
2026-05-16 22:50:00,1012.68
2026-05-16 23:00:00,1012.72
2026-05-16 23:10:00,1012.5666666666666
2026-05-16 23:20:00,1012.4100000000001
2026-05-16 23:30:00,1012.3299999999999
2026-05-16 23:40:00,1012.21
2026-05-16 23:50:00,1012.0033333333334
2026-05-17 00:00:00,1011.95
2026-05-17 00:10:00,1011.9466666666667
2026-05-17 00:20:00,1011.95
2026-05-17 00:30:00,1011.8466666666667
2026-05-17 00:40:00,1011.73
2026-05-17 00:50:00,1011.6866666666668
2026-05-17 01:00:00,1011.475
2026-05-17 01:10:00,1011.16
2026-05-17 01:20:00,1011.1600000000001
2026-05-17 01:30:00,1011.2800000000001
2026-05-17 01:40:00,1011.255
2026-05-17 01:50:00,1011.25
2026-05-17 02:00:00,1011.075
2026-05-17 02:10:00,1010.89
2026-05-17 02:20:00,1010.6850000000001
2026-05-17 02:30:00,1010.3533333333334
2026-05-17 02:40:00,1010.0533333333333
2026-05-17 02:50:00,1010.09
2026-05-17 03:00:00,1010.04
2026-05-17 03:10:00,1010.1566666666668
2026-05-17 03:20:00,1009.98
2026-05-17 03:30:00,1010
2026-05-17 03:40:00,1010.0300000000001
2026-05-17 03:50:00,1010.055
2026-05-17 04:00:00,1010.1866666666666
2026-05-17 04:10:00,1010.205
2026-05-17 04:20:00,1010
2026-05-17 04:30:00,1009.87
2026-05-17 04:40:00,1009.6866666666668
2026-05-17 04:50:00,1009.5949999999999
2026-05-17 05:00:00,1009.85
2026-05-17 05:10:00,1009.89
2026-05-17 05:20:00,1010.0499999999998
2026-05-17 05:30:00,1010.205
2026-05-17 05:40:00,1010.3233333333334
2026-05-17 05:50:00,1010.6700000000001
2026-05-17 06:00:00,1010.9233333333335
2026-05-17 06:10:00,1011.04
2026-05-17 06:20:00,1011.1033333333334
2026-05-17 06:30:00,1011.25
2026-05-17 06:40:00,1011.35
2026-05-17 06:50:00,1011.33
2026-05-17 07:00:00,1011.5133333333333
2026-05-17 07:10:00,1011.6800000000001
2026-05-17 07:20:00,1011.72
2026-05-17 07:30:00,1012.0500000000001
2026-05-17 07:40:00,1012.12
2026-05-17 07:50:00,1012.1966666666667
2026-05-17 08:00:00,1012.285
2026-05-17 08:10:00,1012.2466666666666
2026-05-17 08:20:00,1012.4733333333334
2026-05-17 08:30:00,1012.5999999999999
2026-05-17 08:40:00,1012.6533333333333
2026-05-17 08:50:00,1012.695
2026-05-17 09:00:00,1012.61
2026-05-17 09:10:00,1012.7
2026-05-17 09:20:00,1012.57
2026-05-17 09:30:00,1012.6600000000001
2026-05-17 09:40:00,1012.5866666666667
2026-05-17 09:50:00,1012.525
2026-05-17 10:00:00,1012.56
2026-05-17 10:10:00,1012.5649999999999
2026-05-17 10:20:00,1012.5699999999999
2026-05-17 10:30:00,1012.6066666666666
2026-05-17 10:40:00,1012.6500000000001
2026-05-17 10:50:00,1012.4466666666667
2026-05-17 11:00:00,1012.5649999999999
2026-05-17 11:10:00,1012.5333333333333
2026-05-17 11:20:00,1012.5799999999999
2026-05-17 11:30:00,1012.5374999999999
2026-05-17 11:40:00,1012.4075
2026-05-17 11:50:00,1012.3399999999999
2026-05-17 12:00:00,1012.2433333333333
2026-05-17 12:10:00,1012.135
2026-05-17 12:20:00,1011.9866666666667
2026-05-17 12:30:00,1011.775
2026-05-17 12:40:00,1011.6300000000001
2026-05-17 12:50:00,1011.56
2026-05-17 13:00:00,1011.5966666666667
2026-05-17 13:10:00,1011.515
2026-05-17 13:20:00,1011.0866666666667
2026-05-17 13:30:00,1010.855
2026-05-17 13:40:00,1010.6566666666668
2026-05-17 13:50:00,1010.6133333333333
2026-05-17 14:00:00,1010.515
2026-05-17 14:10:00,1010.59
2026-05-17 14:20:00,1010.515
2026-05-17 14:30:00,1010.4233333333335
2026-05-17 14:40:00,1010.345
2026-05-17 14:50:00,1010.15
2026-05-17 15:00:00,1010.0799999999999
2026-05-17 15:10:00,1010.11
2026-05-17 15:20:00,1010.09
2026-05-17 15:30:00,1010.1633333333333
2026-05-17 15:40:00,1010.23
2026-05-17 15:50:00,1010.195
2026-05-17 16:00:00,1010.1666666666666
2026-05-17 16:10:00,1010.16
2026-05-17 16:20:00,1010.1166666666668
2026-05-17 16:30:00,1010.1650000000001
2026-05-17 16:40:00,1010.1166666666667
2026-05-17 16:50:00,1010.07
2026-05-17 17:00:00,1010.2833333333333
2026-05-17 17:10:00,1010.4050000000001
2026-05-17 17:20:00,1010.4699999999999
2026-05-17 17:30:00,1010.505
2026-05-17 17:40:00,1010.5666666666666
2026-05-17 17:50:00,1010.86
2026-05-17 18:00:00,1010.9533333333334
2026-05-17 18:10:00,1011.1700000000001
2026-05-17 18:20:00,1011.35
2026-05-17 18:30:00,1011.44
2026-05-17 18:40:00,1011.5166666666668
2026-05-17 18:50:00,1011.6300000000001
2026-05-17 19:00:00,1011.6966666666667
2026-05-17 19:10:00,1011.77
2026-05-17 19:20:00,1011.9233333333335
2026-05-17 19:30:00,1011.8950000000001
2026-05-17 19:40:00,1011.8566666666666
2026-05-17 19:50:00,1011.795
2026-05-17 20:00:00,1011.8633333333333
2026-05-17 20:10:00,1011.9150000000001
2026-05-17 20:20:00,1012.1366666666667
2026-05-17 20:30:00,1012.245
2026-05-17 20:40:00,1012.2566666666667
2026-05-17 20:50:00,1012.3199999999999
2026-05-17 21:00:00,1012.2933333333334
2026-05-17 21:10:00,1012.25
2026-05-17 21:20:00,1012.39
2026-05-17 21:30:00,1012.5600000000001
2026-05-17 21:40:00,1012.6766666666667
2026-05-17 21:50:00,1012.6550000000001
2026-05-17 22:00:00,1012.6500000000001
2026-05-17 22:10:00,1012.715
2026-05-17 22:20:00,1012.7266666666668
2026-05-17 22:30:00,1012.855
2026-05-17 22:40:00,1012.8566666666666
2026-05-17 22:50:00,1012.775
2026-05-17 23:00:00,1012.6666666666666
2026-05-17 23:10:00,1012.625
2026-05-17 23:20:00,1012.63
2026-05-17 23:30:00,1012.6450000000001
2026-05-17 23:40:00,1012.4366666666666
2026-05-17 23:50:00,1012.24
2026-05-18 00:00:00,1012.1333333333333
2026-05-18 00:10:00,1012.13
2026-05-18 00:20:00,1012.0666666666667
2026-05-18 00:30:00,1011.9200000000001
2026-05-18 00:40:00,1011.8266666666665
2026-05-18 00:50:00,1011.715
2026-05-18 01:00:00,1011.5900000000001
2026-05-18 01:10:00,1011.555
2026-05-18 01:20:00,1011.49
2026-05-18 01:30:00,1011.2466666666666
2026-05-18 01:40:00,1011.105
2026-05-18 01:50:00,1010.9699999999999
2026-05-18 02:00:00,1010.89
2026-05-18 02:10:00,1010.8533333333334
2026-05-18 02:20:00,1010.79
2026-05-18 02:30:00,1010.6666666666666
2026-05-18 02:40:00,1010.4300000000001
2026-05-18 02:50:00,1010.4166666666666
2026-05-18 03:00:00,1010.365
2026-05-18 03:10:00,1010.2199999999999
2026-05-18 03:20:00,1010.3249999999999
2026-05-18 03:30:00,1010.3933333333334
2026-05-18 03:40:00,1010.31
2026-05-18 03:50:00,1010.2966666666666
2026-05-18 04:00:00,1010.3349999999999
2026-05-18 04:10:00,1010.4233333333335
2026-05-18 04:20:00,1010.34
2026-05-18 04:30:00,1010.3466666666667
2026-05-18 04:40:00,1010.545
2026-05-18 04:50:00,1010.57
2026-05-18 05:00:00,1010.61
2026-05-18 05:10:00,1010.6466666666669
2026-05-18 05:20:00,1010.71
2026-05-18 05:30:00,1010.7266666666668
2026-05-18 05:40:00,1010.775
2026-05-18 05:50:00,1010.9366666666668
2026-05-18 06:00:00,1010.98
2026-05-18 06:10:00,1011.1
2026-05-18 06:20:00,1011.3050000000001
2026-05-18 06:30:00,1011.52
2026-05-18 06:40:00,1011.57
2026-05-18 06:50:00,1011.77
2026-05-18 07:00:00,1011.9399999999999
2026-05-18 07:10:00,1012.1933333333333
2026-05-18 07:20:00,1012.335
2026-05-18 07:30:00,1012.39
2026-05-18 07:40:00,1012.515
2026-05-18 07:50:00,1012.6133333333333
2026-05-18 08:00:00,1012.725
2026-05-18 08:10:00,1012.7833333333333
2026-05-18 08:20:00,1012.9300000000001
2026-05-18 08:30:00,1012.9366666666668
2026-05-18 08:40:00,1012.86
2026-05-18 08:50:00,1012.85
2026-05-18 09:00:00,1012.8249999999999
2026-05-18 09:10:00,1012.9699999999999
2026-05-18 09:20:00,1013.05
2026-05-18 09:30:00,1012.9966666666666
2026-05-18 09:40:00,1012.8249999999999
2026-05-18 09:50:00,1012.8066666666667
2026-05-18 10:00:00,1012.765
2026-05-18 10:10:00,1012.7766666666666
2026-05-18 10:20:00,1012.88
2026-05-18 10:30:00,1012.7033333333334
2026-05-18 10:40:00,1012.63
2026-05-18 10:50:00,1012.5866666666667
2026-05-18 11:00:00,1012.485
2026-05-18 11:10:00,1012.3100000000001
2026-05-18 11:20:00,1012.1450000000001
2026-05-18 11:30:00,1012.14
2026-05-18 11:40:00,1012.0899999999999
2026-05-18 11:50:00,1011.9866666666667
2026-05-18 12:00:00,1011.9050000000001
2026-05-18 12:10:00,1011.8133333333334
2026-05-18 12:20:00,1011.74
2026-05-18 12:30:00,1011.5799999999999
2026-05-18 12:40:00,1011.52
2026-05-18 12:50:00,1011.465
2026-05-18 13:00:00,1011.4333333333334
2026-05-18 13:10:00,1011.245
2026-05-18 13:20:00,1011.1033333333335
2026-05-18 13:30:00,1010.8549999999999
2026-05-18 13:40:00,1010.7233333333334
2026-05-18 13:50:00,1010.485
2026-05-18 14:00:00,1010.4233333333333
2026-05-18 14:10:00,1010.22
2026-05-18 14:20:00,1010.1266666666667
2026-05-18 14:30:00,1010.0849999999999
2026-05-18 14:40:00,1010.0866666666666
2026-05-18 14:50:00,1009.98
2026-05-18 15:00:00,1010.0433333333334
2026-05-18 15:10:00,1010.0849999999999
2026-05-18 15:20:00,1010.0166666666668
2026-05-18 15:30:00,1010.225
2026-05-18 15:40:00,1010.15
2026-05-18 15:50:00,1010.1500000000001
2026-05-18 16:00:00,1010.0933333333332
2026-05-18 16:10:00,1010.135
2026-05-18 16:20:00,1010.3433333333332
2026-05-18 16:30:00,1010.39
2026-05-18 16:40:00,1010.2800000000001
2026-05-18 16:50:00,1010.1850000000001
2026-05-18 17:00:00,1010.2166666666667
2026-05-18 17:10:00,1010.0999999999999
2026-05-18 17:20:00,1010.43
2026-05-18 17:30:00,1010.555
2026-05-18 17:40:00,1010.54
2026-05-18 17:50:00,1010.6350000000001
2026-05-18 18:00:00,1010.6566666666668
2026-05-18 18:10:00,1010.52
2026-05-18 18:20:00,1010.4966666666666
2026-05-18 18:30:00,1010.6350000000001
2026-05-18 18:40:00,1010.7066666666666
2026-05-18 18:50:00,1010.775
2026-05-18 19:00:00,1010.86
2026-05-18 19:10:00,1010.98
2026-05-18 19:20:00,1011.1
2026-05-18 19:30:00,1011.26
2026-05-18 19:40:00,1011.4266666666667
2026-05-18 19:50:00,1011.5749999999999
2026-05-18 20:00:00,1011.7033333333334
2026-05-18 20:10:00,1011.63
2026-05-18 20:20:00,1011.7133333333335
2026-05-18 20:30:00,1011.8199999999999
2026-05-18 20:40:00,1011.9066666666668
2026-05-18 20:50:00,1012.04
2026-05-18 21:00:00,1012.0533333333333
2026-05-18 21:10:00,1012.115
2026-05-18 21:20:00,1012.0666666666666
2026-05-18 21:30:00,1011.985
2026-05-18 21:40:00,1012.0766666666667
2026-05-18 21:50:00,1012.225
2026-05-18 22:00:00,1012.2999999999998
2026-05-18 22:10:00,1012.255
2026-05-18 22:20:00,1012.2833333333333
2026-05-18 22:30:00,1012.26
2026-05-18 22:40:00,1012.3366666666667
2026-05-18 22:50:00,1012.16
2026-05-18 23:00:00,1011.9900000000001
2026-05-18 23:10:00,1012.055
2026-05-18 23:20:00,1012.1833333333334
2026-05-18 23:30:00,1012.0799999999999
2026-05-18 23:40:00,1012.11
2026-05-18 23:50:00,1011.97
2026-05-19 00:00:00,1012.1333333333333
2026-05-19 00:10:00,1012.05
2026-05-19 00:20:00,1011.9466666666667
2026-05-19 00:30:00,1011.63
2026-05-19 00:40:00,1011.46
2026-05-19 00:50:00,1011.4666666666667
2026-05-19 01:00:00,1011.3750000000001
2026-05-19 01:10:00,1011.3066666666667
2026-05-19 01:20:00,1011.255
2026-05-19 01:30:00,1011.0100000000001
2026-05-19 01:40:00,1010.805
2026-05-19 01:50:00,1010.6633333333333
2026-05-19 02:00:00,1010.4250000000001
2026-05-19 02:10:00,1010.3833333333333
2026-05-19 02:20:00,1010.3149999999999
2026-05-19 02:30:00,1010.3333333333334
2026-05-19 02:40:00,1010.3800000000001
2026-05-19 02:50:00,1010.4033333333333
2026-05-19 03:00:00,1010.41
2026-05-19 03:10:00,1010.32
2026-05-19 03:20:00,1010.35
2026-05-19 03:30:00,1010.5066666666667
2026-05-19 03:40:00,1010.365
2026-05-19 03:50:00,1010.3399999999998
2026-05-19 04:00:00,1010.355
2026-05-19 04:10:00,1010.4966666666666
2026-05-19 04:20:00,1010.345
2026-05-19 04:30:00,1010.3066666666667
2026-05-19 04:40:00,1010.455
2026-05-19 04:50:00,1010.6500000000001
2026-05-19 05:00:00,1010.5949999999999
2026-05-19 05:10:00,1010.68
2026-05-19 05:50:00,1011.3800000000001
2026-05-19 06:00:00,1011.4100000000001
2026-05-19 06:10:00,1011.6
2026-05-19 06:20:00,1011.7850000000001
2026-05-19 06:30:00,1011.9166666666666
2026-05-19 06:40:00,1011.825
2026-05-19 06:50:00,1011.9933333333332
2026-05-19 07:00:00,1012.195
2026-05-19 07:10:00,1012.2166666666667
2026-05-19 07:20:00,1012.195
2026-05-19 07:30:00,1012.1333333333332
2026-05-19 07:40:00,1011.89
2026-05-19 07:50:00,1011.84
2026-05-19 08:00:00,1011.68
2026-05-19 08:10:00,1011.4500000000002
2026-05-19 08:20:00,1011.465
2026-05-19 08:30:00,1011.5300000000001
2026-05-19 08:40:00,1011.725
2026-05-19 08:50:00,1012.1333333333332
2026-05-19 09:00:00,1012.475
2026-05-19 09:10:00,1012.6266666666667
2026-05-19 09:20:00,1012.45
2026-05-19 09:30:00,1012.5433333333334
2026-05-19 09:40:00,1012.6650000000001
2026-05-19 09:50:00,1012.7266666666668
2026-05-19 10:00:00,1012.78
2026-05-19 10:10:00,1012.8366666666666
2026-05-19 10:20:00,1012.73
2026-05-19 10:30:00,1012.5766666666667
2026-05-19 10:40:00,1012.45
2026-05-19 10:50:00,1012.27
2026-05-19 11:00:00,1012.1049999999999
2026-05-19 11:10:00,1012.0233333333334
2026-05-19 11:20:00,1012.06
2026-05-19 11:30:00,1012.0366666666665
2026-05-19 11:40:00,1011.9
2026-05-19 11:50:00,1011.65
2026-05-19 12:00:00,1011.455
2026-05-19 12:10:00,1011.33
2026-05-19 12:20:00,1011.1266666666667
2026-05-19 12:30:00,1010.85
2026-05-19 12:40:00,1010.5933333333334
2026-05-19 12:50:00,1010.465
2026-05-19 13:00:00,1010.3466666666667
2026-05-19 13:10:00,1010.21
2026-05-19 13:20:00,1010.3533333333335
2026-05-19 13:30:00,1010.3199999999999
2026-05-19 13:40:00,1010.1166666666668
2026-05-19 13:50:00,1010.1200000000001
2026-05-19 14:00:00,1010.1300000000001
2026-05-19 14:10:00,1010.195
2026-05-19 14:20:00,1010.12
2026-05-19 14:30:00,1010.11
2026-05-19 14:40:00,1009.9766666666668
2026-05-19 14:50:00,1009.9200000000001
2026-05-19 15:00:00,1009.9333333333334
2026-05-19 15:10:00,1010.01
2026-05-19 15:20:00,1009.9
2026-05-19 15:30:00,1009.725
2026-05-19 15:40:00,1009.68
2026-05-19 15:50:00,1009.74
2026-05-19 16:00:00,1009.86
2026-05-19 16:10:00,1009.8950000000001
2026-05-19 16:20:00,1009.7733333333334
2026-05-19 16:30:00,1009.795
2026-05-19 16:40:00,1009.7666666666668
2026-05-19 16:50:00,1009.765
2026-05-19 17:00:00,1009.7766666666666
2026-05-19 17:10:00,1009.8349999999999
2026-05-19 17:20:00,1009.9900000000001
2026-05-19 17:30:00,1010.195
2026-05-19 17:40:00,1010.2633333333333
2026-05-19 17:50:00,1010.3399999999999
2026-05-19 18:00:00,1010.3033333333333
2026-05-19 18:10:00,1010.365
2026-05-19 18:20:00,1010.32
2026-05-19 18:30:00,1010.3549999999999
2026-05-19 18:40:00,1010.48
2026-05-19 18:50:00,1010.61
2026-05-19 19:00:00,1010.5733333333334
2026-05-19 19:10:00,1010.61
2026-05-19 19:20:00,1010.71
2026-05-19 19:30:00,1010.8249999999999
2026-05-19 19:40:00,1010.8366666666667
2026-05-19 19:50:00,1010.9250000000001
2026-05-19 20:00:00,1010.9533333333334
2026-05-19 20:10:00,1011.01
2026-05-19 20:20:00,1011.0333333333333
2026-05-19 20:30:00,1011
2026-05-19 20:40:00,1010.9966666666666
2026-05-19 20:50:00,1011.13
2026-05-19 21:00:00,1011.3033333333333
2026-05-19 21:10:00,1011.295
2026-05-19 21:20:00,1011.39
2026-05-19 21:30:00,1011.49
2026-05-19 21:40:00,1011.4633333333335
2026-05-19 21:50:00,1011.475
2026-05-19 22:00:00,1011.4699999999999
2026-05-19 22:10:00,1011.455
2026-05-19 22:20:00,1011.5933333333332
2026-05-19 22:30:00,1011.63
2026-05-19 22:40:00,1011.7066666666666
2026-05-19 22:50:00,1011.77
2026-05-19 23:00:00,1011.63
2026-05-19 23:10:00,1011.46
2026-05-19 23:20:00,1011.2666666666668
2026-05-19 23:30:00,1011.145
2026-05-19 23:40:00,1011.275
2026-05-19 23:50:00,1011.27
2026-05-20 00:00:00,1011.1700000000001
2026-05-20 00:10:00,1011.0833333333334
2026-05-20 00:20:00,1010.99
2026-05-20 00:30:00,1010.7966666666667
2026-05-20 00:40:00,1010.555
2026-05-20 00:50:00,1010.5366666666665
2026-05-20 01:00:00,1010.41
2026-05-20 01:10:00,1010.2933333333334
2026-05-20 01:20:00,1010.33
2026-05-20 01:30:00,1010.2800000000001
2026-05-20 01:40:00,1010.385
2026-05-20 01:50:00,1010.2666666666668
2026-05-20 02:00:00,1010.22
2026-05-20 02:10:00,1010.16
2026-05-20 02:20:00,1010.015
2026-05-20 02:30:00,1010
2026-05-20 02:40:00,1009.98
2026-05-20 02:50:00,1010.04
2026-05-20 03:00:00,1010.0949999999999
2026-05-20 03:10:00,1010.2066666666666
2026-05-20 03:20:00,1010.015
2026-05-20 03:30:00,1009.7800000000001
2026-05-20 03:40:00,1009.61
2026-05-20 03:50:00,1009.5866666666666
2026-05-20 04:00:00,1009.615
2026-05-20 04:10:00,1009.5033333333334
2026-05-20 04:20:00,1009.73
2026-05-20 04:30:00,1009.9900000000001
2026-05-20 04:40:00,1010.12
2026-05-20 04:50:00,1010.25
2026-05-20 05:00:00,1010.28
2026-05-20 05:10:00,1010.3433333333332
2026-05-20 05:20:00,1010.495
2026-05-20 05:30:00,1010.5233333333332
2026-05-20 05:40:00,1010.645
2026-05-20 05:50:00,1010.6733333333335
2026-05-20 06:00:00,1010.72
2026-05-20 06:10:00,1010.7000000000002
2026-05-20 06:20:00,1010.6750000000001
2026-05-20 06:30:00,1010.64
2026-05-20 06:40:00,1010.865
2026-05-20 06:50:00,1010.9633333333335
2026-05-20 07:00:00,1011.06
2026-05-20 07:10:00,1011.2533333333334
2026-05-20 07:20:00,1011.22
2026-05-20 07:30:00,1011.3666666666668
2026-05-20 07:40:00,1011.755
2026-05-20 07:50:00,1011.9766666666668
2026-05-20 08:00:00,1011.8399999999999
2026-05-20 08:10:00,1011.9633333333335
2026-05-20 08:20:00,1011.9200000000001
2026-05-20 08:30:00,1011.8433333333332
2026-05-20 08:40:00,1011.8900000000001
2026-05-20 08:50:00,1011.9733333333334
2026-05-20 09:00:00,1012
2026-05-20 09:10:00,1012.0033333333334
2026-05-20 09:20:00,1012.23
2026-05-20 09:30:00,1012.2633333333333
2026-05-20 09:40:00,1012.285
2026-05-20 09:50:00,1012.2066666666666
2026-05-20 10:00:00,1012.4000000000001
2026-05-20 10:10:00,1012.2199999999999
2026-05-20 10:20:00,1012.14
2026-05-20 10:30:00,1012.2400000000001
2026-05-20 10:40:00,1012.1700000000001
2026-05-20 10:50:00,1012.2233333333334
2026-05-20 11:00:00,1012.1833333333334
2026-05-20 11:10:00,1012.1940000000001
2026-05-20 11:20:00,1012.38
2026-05-20 11:30:00,1012.2633333333333
2026-05-20 11:40:00,1012.3149999999999
2026-05-20 11:50:00,1012.2199999999999
2026-05-20 12:00:00,1012.09
2026-05-20 12:10:00,1012.015
2026-05-20 12:20:00,1011.5033333333334
2026-05-20 12:30:00,1011.4100000000001
2026-05-20 12:40:00,1011.3066666666667
2026-05-20 12:50:00,1011.24
2026-05-20 13:00:00,1011.2199999999999
2026-05-20 13:10:00,1010.9900000000001
2026-05-20 13:20:00,1010.8699999999999
2026-05-20 13:30:00,1010.725
2026-05-20 13:40:00,1010.6666666666666
2026-05-20 13:50:00,1010.6550000000001
2026-05-20 14:00:00,1010.4366666666666
2026-05-20 14:10:00,1010.405
2026-05-20 14:20:00,1010.5366666666667
2026-05-20 14:30:00,1010.54
2026-05-20 14:40:00,1010.4766666666668
2026-05-20 14:50:00,1010.375
2026-05-20 15:00:00,1010.3233333333333
2026-05-20 15:10:00,1010.225
2026-05-20 15:20:00,1010.3233333333334
2026-05-20 15:30:00,1010.46
2026-05-20 15:40:00,1010.3166666666666
2026-05-20 15:50:00,1010.2
2026-05-20 16:00:00,1010.3133333333334
2026-05-20 16:10:00,1010.3399999999999
2026-05-20 16:20:00,1010.2400000000001
2026-05-20 16:30:00,1010.275
2026-05-20 16:40:00,1010.2266666666668
2026-05-20 16:50:00,1010.1850000000001
2026-05-20 17:00:00,1010.2366666666667
2026-05-20 17:10:00,1010.28
2026-05-20 17:20:00,1010.41
2026-05-20 17:30:00,1010.575
2026-05-20 17:40:00,1010.6333333333332
2026-05-20 17:50:00,1010.785
2026-05-20 18:00:00,1010.93
2026-05-20 18:10:00,1011.09
2026-05-20 18:20:00,1011.2266666666668
2026-05-20 18:30:00,1011.27
2026-05-20 18:40:00,1011.2000000000002
2026-05-20 18:50:00,1011.265
2026-05-20 19:00:00,1011.43
2026-05-20 19:10:00,1011.465
2026-05-20 19:20:00,1011.6033333333334
2026-05-20 19:30:00,1011.555
2026-05-20 19:40:00,1011.4433333333333
2026-05-20 19:50:00,1011.3
2026-05-20 20:00:00,1011.27
2026-05-20 20:10:00,1011.2
2026-05-20 20:20:00,1011.25
2026-05-20 20:30:00,1011.3850000000001
2026-05-20 20:40:00,1011.36
2026-05-20 20:50:00,1011.215
2026-05-20 21:00:00,1011.1966666666667
2026-05-20 21:10:00,1011.0699999999999
2026-05-20 21:20:00,1011.0866666666666
2026-05-20 21:30:00,1011.1
2026-05-20 21:40:00,1011.2533333333334
2026-05-20 21:50:00,1011.4350000000001
2026-05-20 22:00:00,1011.4200000000001
2026-05-20 22:10:00,1011.515
2026-05-20 22:20:00,1011.4833333333332
2026-05-20 22:30:00,1011.535
2026-05-20 22:40:00,1011.5499999999998
2026-05-20 22:50:00,1011.56
2026-05-20 23:00:00,1011.3933333333334
2026-05-20 23:10:00,1011.26
2026-05-20 23:20:00,1011.2366666666667
2026-05-20 23:30:00,1011.1750000000001
2026-05-20 23:40:00,1011.0633333333332
2026-05-20 23:50:00,1011.1
2026-05-21 00:00:00,1011.0833333333334
2026-05-21 00:10:00,1010.98
2026-05-21 00:20:00,1010.8666666666668
2026-05-21 00:30:00,1010.725
2026-05-21 00:40:00,1010.6866666666668
2026-05-21 00:50:00,1010.6450000000001
2026-05-21 01:00:00,1010.5633333333332
2026-05-21 01:10:00,1010.5
2026-05-21 01:20:00,1010.3533333333335
2026-05-21 01:30:00,1010.3299999999999
2026-05-21 01:40:00,1010.3433333333332
2026-05-21 01:50:00,1010.135
2026-05-21 02:00:00,1010.2133333333335
2026-05-21 02:10:00,1010.1550000000001
2026-05-21 02:20:00,1010.1366666666667
2026-05-21 02:30:00,1010.1750000000001
2026-05-21 02:40:00,1010.2199999999999
2026-05-21 02:50:00,1010.21
2026-05-21 03:00:00,1010.2800000000001
2026-05-21 03:10:00,1010.265
2026-05-21 03:20:00,1010.2666666666668
2026-05-21 03:30:00,1010.215
2026-05-21 03:40:00,1010.16
2026-05-21 03:50:00,1010.45
2026-05-21 04:00:00,1010.56
2026-05-21 04:10:00,1010.76
2026-05-21 04:20:00,1010.77
2026-05-21 04:30:00,1010.855
2026-05-21 04:40:00,1010.885
2026-05-21 04:50:00,1011.0099999999999
2026-05-21 05:00:00,1010.9300000000001
2026-05-21 05:10:00,1011.0900000000001
2026-05-21 05:20:00,1011.12
2026-05-21 05:30:00,1011.0600000000001
2026-05-21 05:40:00,1011.275
2026-05-21 05:50:00,1011.4233333333333
2026-05-21 06:00:00,1011.74
2026-05-21 06:10:00,1011.9866666666667
2026-05-21 06:20:00,1012.025
2026-05-21 06:30:00,1012.2000000000002
2026-05-21 06:40:00,1012.23
2026-05-21 06:50:00,1012.6533333333333
2026-05-21 07:00:00,1012.795
2026-05-21 07:10:00,1012.9466666666667
2026-05-21 07:20:00,1012.895
2026-05-21 07:30:00,1012.7433333333333
2026-05-21 07:40:00,1012.6850000000001
2026-05-21 07:50:00,1012.6566666666668
2026-05-21 08:00:00,1012.69
2026-05-21 08:10:00,1012.7633333333333
2026-05-21 08:20:00,1012.695
2026-05-21 08:30:00,1012.6466666666669
2026-05-21 08:40:00,1012.575
2026-05-21 08:50:00,1012.5866666666666
2026-05-21 09:00:00,1012.53
2026-05-21 09:10:00,1012.5799999999999
2026-05-21 09:20:00,1012.545
2026-05-21 09:30:00,1012.4333333333334
2026-05-21 09:40:00,1012.4000000000001
2026-05-21 09:50:00,1012.3866666666667
2026-05-21 10:00:00,1012.255
2026-05-21 10:10:00,1012.11
2026-05-21 10:20:00,1012.02
2026-05-21 10:30:00,1012.0033333333334
2026-05-21 10:40:00,1011.9000000000001
2026-05-21 10:50:00,1011.8966666666666
2026-05-21 11:00:00,1011.83
2026-05-21 11:10:00,1011.6666666666666
2026-05-21 11:20:00,1011.595
2026-05-21 11:30:00,1011.51
2026-05-21 11:40:00,1011.4666666666667
2026-05-21 11:50:00,1011.49
2026-05-21 12:00:00,1011.5266666666666
2026-05-21 12:10:00,1011.5
2026-05-21 12:20:00,1011.5300000000001
2026-05-21 12:30:00,1011.45
2026-05-21 12:40:00,1011.4133333333333
2026-05-21 12:50:00,1011.4300000000001
2026-05-21 13:00:00,1011.4133333333333
2026-05-21 13:10:00,1011.27
2026-05-21 13:20:00,1011.1733333333333
2026-05-21 13:30:00,1010.965
2026-05-21 13:40:00,1010.9933333333333
2026-05-21 13:50:00,1011.045
2026-05-21 14:00:00,1010.9200000000001
2026-05-21 14:10:00,1010.82
2026-05-21 14:20:00,1010.7400000000001
2026-05-21 14:30:00,1010.6899999999999
2026-05-21 14:40:00,1010.7933333333334
2026-05-21 14:50:00,1010.97
2026-05-21 15:00:00,1010.8933333333334
2026-05-21 15:10:00,1010.75
2026-05-21 15:20:00,1010.7833333333333
2026-05-21 15:30:00,1010.73
2026-05-21 15:40:00,1010.65
2026-05-21 15:50:00,1010.89
2026-05-21 16:00:00,1010.8266666666667
2026-05-21 16:10:00,1010.735
2026-05-21 16:20:00,1010.91
2026-05-21 16:30:00,1010.9000000000001
2026-05-21 16:40:00,1011.0933333333334
2026-05-21 16:50:00,1011.07
2026-05-21 17:00:00,1011.2433333333333
2026-05-21 17:10:00,1011.1450000000001
2026-05-21 17:20:00,1011.0533333333333
2026-05-21 17:30:00,1011.1800000000001
2026-05-21 17:40:00,1011.1433333333333
2026-05-21 17:50:00,1011.1
2026-05-21 18:00:00,1011.1833333333334
2026-05-21 18:10:00,1011.1650000000001
2026-05-21 18:20:00,1011.2199999999999
2026-05-21 18:30:00,1011.4350000000001
2026-05-21 18:40:00,1011.4966666666666
2026-05-21 18:50:00,1011.6800000000001
2026-05-21 19:00:00,1011.8666666666668
2026-05-21 19:10:00,1011.99
2026-05-21 19:20:00,1011.9733333333334
2026-05-21 19:30:00,1012.01
2026-05-21 19:40:00,1012.07
2026-05-21 19:50:00,1012.1200000000001
2026-05-21 20:00:00,1012.1266666666667
2026-05-21 20:10:00,1012.1800000000001
2026-05-21 20:20:00,1012.1666666666666
2026-05-21 20:30:00,1012.0749999999999
2026-05-21 20:40:00,1012.1066666666666
2026-05-21 20:50:00,1012.1600000000001
2026-05-21 21:00:00,1012.3000000000001
2026-05-21 21:10:00,1012.4050000000001
2026-05-21 21:20:00,1012.3633333333333
2026-05-21 21:30:00,1012.4100000000001
2026-05-21 21:40:00,1012.4100000000002
2026-05-21 21:50:00,1012.4100000000001
2026-05-21 22:00:00,1012.3133333333332
2026-05-21 22:10:00,1012.28
2026-05-21 22:20:00,1012.29
2026-05-21 22:30:00,1012.2233333333334
2026-05-21 22:40:00,1012.23
2026-05-21 22:50:00,1012.0633333333332
2026-05-21 23:00:00,1011.985
2026-05-21 23:10:00,1011.8133333333332
2026-05-21 23:20:00,1011.775
2026-05-21 23:30:00,1011.7366666666667
2026-05-21 23:40:00,1011.5749999999999
2026-05-21 23:50:00,1011.4533333333334
2026-05-22 00:00:00,1011.21
2026-05-22 00:10:00,1011.1833333333334
2026-05-22 00:20:00,1011.1800000000001
2026-05-22 00:30:00,1010.9866666666667
2026-05-22 00:40:00,1011.08
2026-05-22 00:50:00,1011.09
2026-05-22 01:00:00,1011.01
2026-05-22 01:10:00,1011.0233333333332
2026-05-22 01:20:00,1011.05
2026-05-22 01:30:00,1010.9066666666668
2026-05-22 01:40:00,1010.865
2026-05-22 01:50:00,1010.8366666666667
2026-05-22 02:00:00,1010.96
2026-05-22 02:10:00,1010.9066666666668
2026-05-22 02:20:00,1010.775
2026-05-22 02:30:00,1010.6466666666666
2026-05-22 02:40:00,1010.53
2026-05-22 02:50:00,1010.5166666666668
2026-05-22 03:00:00,1010.54
2026-05-22 03:10:00,1010.5166666666668
2026-05-22 03:20:00,1010.555
2026-05-22 03:30:00,1010.6433333333334
2026-05-22 03:40:00,1010.7
2026-05-22 03:50:00,1010.6766666666667
2026-05-22 04:00:00,1010.535
2026-05-22 04:10:00,1010.4966666666666
2026-05-22 04:20:00,1010.67
2026-05-22 04:30:00,1010.6766666666667
2026-05-22 04:40:00,1010.75
2026-05-22 04:50:00,1010.8233333333333
2026-05-22 05:00:00,1010.97
2026-05-22 05:10:00,1011.1300000000001
2026-05-22 05:20:00,1011.105
2026-05-22 05:30:00,1011.1233333333333
2026-05-22 05:40:00,1011.21
2026-05-22 05:50:00,1011.3133333333332
2026-05-22 06:00:00,1011.3399999999999
2026-05-22 06:10:00,1011.4333333333334
2026-05-22 06:20:00,1011.6550000000001
2026-05-22 06:30:00,1011.7566666666667
2026-05-22 06:40:00,1012.01
2026-05-22 06:50:00,1012.0966666666667
2026-05-22 07:00:00,1012.22
2026-05-22 07:10:00,1012.1633333333333
2026-05-22 07:20:00,1012.195
2026-05-22 07:30:00,1012.3033333333333
2026-05-22 07:40:00,1012.445
2026-05-22 07:50:00,1012.5666666666666
2026-05-22 08:00:00,1012.62
2026-05-22 08:10:00,1012.6833333333334
2026-05-22 08:20:00,1012.6550000000001
2026-05-22 08:30:00,1012.7666666666668
2026-05-22 08:40:00,1012.955
2026-05-22 08:50:00,1013
2026-05-22 09:00:00,1013.085
2026-05-22 09:10:00,1013.1666666666666
2026-05-22 09:20:00,1013.06
2026-05-22 09:30:00,1012.8633333333333
2026-05-22 09:40:00,1012.785
2026-05-22 09:50:00,1012.6266666666667
2026-05-22 10:00:00,1012.475
2026-05-22 10:10:00,1012.5066666666667
2026-05-22 10:20:00,1012.4050000000001
2026-05-22 10:30:00,1012.3199999999999
2026-05-22 10:40:00,1012.2733333333332
2026-05-22 10:50:00,1012.19
2026-05-22 11:00:00,1012.0866666666666
2026-05-22 11:10:00,1011.9050000000001
2026-05-22 11:20:00,1011.7533333333334
2026-05-22 11:30:00,1011.6550000000001
2026-05-22 11:40:00,1011.6633333333334
2026-05-22 11:50:00,1011.545
2026-05-22 12:00:00,1011.3933333333334
2026-05-22 12:10:00,1011.28
2026-05-22 12:20:00,1011.2333333333332
2026-05-22 12:30:00,1011.0849999999999
2026-05-22 12:40:00,1010.9399999999999
2026-05-22 12:50:00,1010.81
2026-05-22 13:00:00,1010.8299999999999
2026-05-22 13:10:00,1010.75
2026-05-22 13:20:00,1010.75
2026-05-22 13:30:00,1010.615
2026-05-22 13:40:00,1010.6966666666667
2026-05-22 13:50:00,1010.6600000000001
2026-05-22 14:00:00,1010.7000000000002
2026-05-22 14:10:00,1010.5899999999999
2026-05-22 14:20:00,1010.5666666666666
2026-05-22 14:30:00,1010.48
2026-05-22 14:40:00,1010.3566666666666
2026-05-22 14:50:00,1010.3
2026-05-22 15:00:00,1010.2366666666667
2026-05-22 15:10:00,1010.1650000000001
2026-05-22 15:20:00,1010.2599999999999
2026-05-22 15:30:00,1010.1850000000001
2026-05-22 15:40:00,1010.3333333333334
2026-05-22 15:50:00,1010.4050000000001
2026-05-22 16:00:00,1010.39
2026-05-22 16:10:00,1010.3900000000001
2026-05-22 16:20:00,1010.4766666666668
2026-05-22 16:30:00,1010.595
2026-05-22 16:40:00,1010.71
2026-05-22 16:50:00,1010.71
2026-05-22 17:00:00,1010.6200000000002
2026-05-22 17:10:00,1010.745
2026-05-22 17:20:00,1011.0266666666666
2026-05-22 17:30:00,1011.125
2026-05-22 17:40:00,1011.1133333333333
2026-05-22 17:50:00,1011.21
2026-05-22 18:00:00,1011.3166666666666
2026-05-22 18:10:00,1011.51
2026-05-22 18:20:00,1011.5233333333332
2026-05-22 18:30:00,1011.465
2026-05-22 18:40:00,1011.5533333333333
2026-05-22 18:50:00,1011.5949999999999
2026-05-22 19:00:00,1011.62
2026-05-22 19:10:00,1011.6700000000001
2026-05-22 19:20:00,1011.77
2026-05-22 19:30:00,1011.8900000000001
2026-05-22 19:40:00,1012.1066666666666
2026-05-22 19:50:00,1012.23
2026-05-22 20:00:00,1012.3866666666667
2026-05-22 20:10:00,1012.555
2026-05-22 20:20:00,1012.6500000000001
2026-05-22 20:30:00,1012.705
2026-05-22 20:40:00,1012.7199999999999
2026-05-22 20:50:00,1012.725
2026-05-22 21:00:00,1012.7933333333334
2026-05-22 21:10:00,1012.885
2026-05-22 21:20:00,1012.8466666666667
2026-05-22 21:30:00,1012.8950000000001
2026-05-22 21:40:00,1012.89
2026-05-22 21:50:00,1013.03
2026-05-22 22:00:00,1013.0300000000001
2026-05-22 22:10:00,1013.045
2026-05-22 22:20:00,1013.0166666666668
2026-05-22 22:30:00,1012.895
2026-05-22 22:40:00,1012.8249999999999
2026-05-22 22:50:00,1012.8533333333334
2026-05-22 23:00:00,1012.8299999999999
2026-05-22 23:10:00,1012.75
2026-05-22 23:20:00,1012.6750000000001
2026-05-22 23:30:00,1012.4733333333334
2026-05-22 23:40:00,1012.3249999999999
2026-05-22 23:50:00,1012.23
2026-05-23 00:00:00,1011.985
2026-05-23 00:10:00,1011.9733333333334
2026-05-23 00:20:00,1011.9350000000001
2026-05-23 00:30:00,1011.9766666666668
2026-05-23 00:40:00,1011.9100000000001
2026-05-23 00:50:00,1011.8433333333332
2026-05-23 01:00:00,1011.8149999999999
2026-05-23 01:10:00,1011.8366666666667
2026-05-23 01:20:00,1011.975
2026-05-23 01:30:00,1012.1066666666666
2026-05-23 01:40:00,1012.04
2026-05-23 01:50:00,1011.9433333333333
2026-05-23 02:00:00,1011.845
2026-05-23 02:10:00,1011.6566666666668
2026-05-23 02:20:00,1011.49
2026-05-23 02:30:00,1011.54
2026-05-23 02:40:00,1011.475
2026-05-23 02:50:00,1011.5799999999999
2026-05-23 03:00:00,1011.5699999999999
2026-05-23 03:10:00,1011.5633333333332
2026-05-23 03:20:00,1011.52
2026-05-23 03:30:00,1011.4366666666668
2026-05-23 03:40:00,1011.4350000000001
2026-05-23 03:50:00,1011.4266666666667
2026-05-23 04:00:00,1011.4150000000001
2026-05-23 04:10:00,1011.2999999999998
2026-05-23 04:20:00,1011.285
2026-05-23 04:30:00,1011.3266666666667
2026-05-23 04:40:00,1011.54
2026-05-23 04:50:00,1011.7933333333334
2026-05-23 05:00:00,1011.8299999999999
2026-05-23 05:10:00,1011.7533333333334
2026-05-23 05:20:00,1011.73
2026-05-23 05:30:00,1011.8133333333332
2026-05-23 05:40:00,1011.8249999999999
2026-05-23 05:50:00,1011.945
2026-05-23 06:00:00,1012.0649999999999
2026-05-23 06:10:00,1012.0333333333333
2026-05-23 06:20:00,1012.19
2026-05-23 06:30:00,1012.2833333333333
2026-05-23 06:40:00,1012.27
2026-05-23 06:50:00,1012.3566666666666
2026-05-23 07:00:00,1012.3349999999999
2026-05-23 07:10:00,1012.3166666666666
2026-05-23 07:20:00,1012.3399999999999
2026-05-23 07:30:00,1012.4033333333333
2026-05-23 07:40:00,1012.595
2026-05-23 07:50:00,1012.5666666666666
2026-05-23 08:00:00,1012.465
2026-05-23 08:10:00,1012.6266666666667
2026-05-23 08:20:00,1012.46
2026-05-23 08:30:00,1012.5333333333334
2026-05-23 08:40:00,1012.705
2026-05-23 08:50:00,1012.7533333333334
2026-05-23 09:00:00,1012.835
2026-05-23 09:10:00,1012.6466666666666
2026-05-23 09:20:00,1012.69
2026-05-23 09:30:00,1012.61
2026-05-23 09:40:00,1012.65
2026-05-23 09:50:00,1012.69
2026-05-23 10:00:00,1012.78
2026-05-23 10:10:00,1012.7166666666667
2026-05-23 10:20:00,1012.615
2026-05-23 10:30:00,1012.6850000000001
2026-05-23 10:40:00,1012.6833333333334
2026-05-23 10:50:00,1012.695
2026-05-23 11:00:00,1012.5799999999999
2026-05-23 11:10:00,1012.555
2026-05-23 11:20:00,1012.3866666666667
2026-05-23 11:30:00,1012.305
2026-05-23 11:40:00,1012.1866666666668
2026-05-23 11:50:00,1012.01
2026-05-23 12:00:00,1011.84
2026-05-23 12:10:00,1011.615
2026-05-23 12:20:00,1011.62
2026-05-23 12:30:00,1011.4150000000001
2026-05-23 12:40:00,1011.41
2026-05-23 12:50:00,1011.345
2026-05-23 13:00:00,1011.3033333333333
2026-05-23 13:10:00,1011.2550000000001
2026-05-23 13:20:00,1011.1666666666666
2026-05-23 13:30:00,1011.005
2026-05-23 13:40:00,1010.7066666666666
2026-05-23 13:50:00,1010.735
2026-05-23 14:00:00,1010.71
2026-05-23 14:10:00,1010.7
2026-05-23 14:20:00,1010.6533333333333
2026-05-23 14:30:00,1010.62
2026-05-23 14:40:00,1010.7299999999999
2026-05-23 14:50:00,1010.6800000000001
2026-05-23 15:00:00,1010.4933333333333
2026-05-23 15:10:00,1010.38
2026-05-23 15:20:00,1010.5066666666668
2026-05-23 15:30:00,1010.8249999999999
2026-05-23 15:40:00,1010.7566666666667
2026-05-23 15:50:00,1010.8033333333333
2026-05-23 16:00:00,1011.0666666666666
2026-05-23 16:10:00,1011.26
2026-05-23 16:20:00,1011.2599999999999
2026-05-23 16:30:00,1011.1700000000001
2026-05-23 16:40:00,1011.2000000000002
2026-05-23 16:50:00,1011.125
2026-05-23 17:00:00,1010.9833333333332
2026-05-23 17:10:00,1010.98
2026-05-23 17:20:00,1010.9175
2026-05-23 17:30:00,1011.105
2026-05-23 17:40:00,1011.3433333333334
2026-05-23 17:50:00,1011.47
2026-05-23 18:00:00,1011.6133333333333
2026-05-23 18:10:00,1011.75
2026-05-23 18:20:00,1011.9200000000001
2026-05-23 18:30:00,1012.1350000000001
2026-05-23 18:40:00,1012.15
2026-05-23 18:50:00,1012.265
2026-05-23 19:00:00,1012.2666666666668
2026-05-23 19:10:00,1012.395
2026-05-23 19:20:00,1012.6433333333334
2026-05-23 19:30:00,1012.675
2026-05-23 19:40:00,1012.8666666666667
2026-05-23 19:50:00,1013.02
2026-05-23 20:00:00,1012.9966666666666
2026-05-23 20:10:00,1012.875
2026-05-23 20:20:00,1012.9133333333334
2026-05-23 20:30:00,1012.965
2026-05-23 20:40:00,1012.9333333333334
2026-05-23 20:50:00,1012.9200000000001
2026-05-23 21:00:00,1012.9966666666666
2026-05-23 21:10:00,1012.9350000000001
2026-05-23 21:20:00,1013.09
2026-05-23 21:30:00,1013.225
2026-05-23 21:40:00,1013.0666666666666
2026-05-23 21:50:00,1012.965
2026-05-23 22:00:00,1012.7166666666667
2026-05-23 22:10:00,1012.615
2026-05-23 22:20:00,1012.5649999999999
2026-05-23 22:30:00,1012.4699999999999
2026-05-23 22:40:00,1012.515
2026-05-23 22:50:00,1012.5066666666667
2026-05-23 23:00:00,1012.29
2026-05-23 23:10:00,1012.1633333333334
2026-05-23 23:20:00,1011.875
2026-05-23 23:30:00,1011.7566666666667
2026-05-23 23:40:00,1011.8449999999999
2026-05-23 23:50:00,1011.8433333333332
2026-05-24 00:00:00,1011.795
2026-05-24 00:10:00,1011.6966666666667
2026-05-24 00:20:00,1011.62
2026-05-24 00:30:00,1011.52
2026-05-24 00:40:00,1011.475
2026-05-24 00:50:00,1011.4033333333333
2026-05-24 01:00:00,1011.3349999999999
2026-05-24 01:10:00,1011.1666666666666
2026-05-24 01:20:00,1011
2026-05-24 01:30:00,1010.9500000000002
2026-05-24 01:40:00,1010.94
2026-05-24 01:50:00,1010.9366666666668
2026-05-24 02:00:00,1010.825
2026-05-24 02:10:00,1010.6033333333334
2026-05-24 02:20:00,1010.54
2026-05-24 02:30:00,1010.5033333333334
2026-05-24 02:40:00,1010.505
2026-05-24 02:50:00,1010.44
2026-05-24 03:00:00,1010.445
2026-05-24 03:10:00,1010.54
2026-05-24 03:20:00,1010.62
2026-05-24 03:30:00,1010.5833333333334
2026-05-24 03:40:00,1010.5699999999999
2026-05-24 03:50:00,1010.6066666666667
2026-05-24 04:00:00,1010.6300000000001
2026-05-24 04:10:00,1010.5799999999999
2026-05-24 04:20:00,1010.55
2026-05-24 04:30:00,1010.4733333333334
2026-05-24 04:40:00,1010.645
2026-05-24 04:50:00,1010.8366666666667
2026-05-24 05:00:00,1010.945
2026-05-24 05:10:00,1010.9466666666667
2026-05-24 05:20:00,1010.945
2026-05-24 05:30:00,1011.0166666666668
2026-05-24 05:40:00,1010.945
2026-05-24 05:50:00,1010.9133333333333
2026-05-24 06:00:00,1011.1750000000001
2026-05-24 06:10:00,1011.3266666666667
2026-05-24 06:20:00,1011.445
2026-05-24 06:30:00,1011.6166666666667
2026-05-24 06:40:00,1011.69
2026-05-24 06:50:00,1011.69
2026-05-24 07:00:00,1011.75
2026-05-24 07:10:00,1011.8933333333334
2026-05-24 07:20:00,1011.9050000000001
2026-05-24 07:30:00,1011.9566666666666
2026-05-24 07:40:00,1011.785
2026-05-24 07:50:00,1011.8699999999999
2026-05-24 08:00:00,1011.88
2026-05-24 08:10:00,1011.93
2026-05-24 08:20:00,1012.02
2026-05-24 08:30:00,1011.93
2026-05-24 08:40:00,1011.755
2026-05-24 08:50:00,1011.8066666666667
2026-05-24 09:00:00,1011.765
2026-05-24 09:10:00,1011.7366666666667
2026-05-24 09:20:00,1011.775
2026-05-24 09:30:00,1011.66
2026-05-24 09:40:00,1011.6250000000001
2026-05-24 09:50:00,1011.6966666666667
2026-05-24 10:00:00,1011.6850000000001
2026-05-24 10:10:00,1011.7133333333335
2026-05-24 10:20:00,1011.5600000000001
2026-05-24 10:30:00,1011.4900000000001
2026-05-24 10:40:00,1011.505
2026-05-24 10:50:00,1011.375
2026-05-24 11:00:00,1011.2933333333334
2026-05-24 11:10:00,1011.29
2026-05-24 11:20:00,1011.2133333333335
2026-05-24 11:30:00,1011.1550000000001
2026-05-24 11:40:00,1011.0466666666667
2026-05-24 11:50:00,1011.1049999999999
2026-05-24 12:00:00,1011.04
2026-05-24 12:10:00,1010.885
2026-05-24 12:20:00,1010.7366666666667
2026-05-24 12:30:00,1010.6
2026-05-24 12:40:00,1010.4266666666667
2026-05-24 12:50:00,1010.23
2026-05-24 13:00:00,1010.1233333333333
2026-05-24 13:10:00,1010.24
2026-05-24 13:20:00,1010.1433333333334
2026-05-24 13:30:00,1010.0866666666667
2026-05-24 13:40:00,1009.94
2026-05-24 13:50:00,1009.7333333333332
2026-05-24 14:00:00,1009.6750000000001
2026-05-24 14:10:00,1009.5300000000001
2026-05-24 14:20:00,1009.3399999999999
2026-05-24 14:30:00,1009.3533333333334
2026-05-24 14:40:00,1009.345
2026-05-24 14:50:00,1009.1466666666666
2026-05-24 15:00:00,1009.195
2026-05-24 15:10:00,1009.1933333333333
2026-05-24 15:20:00,1009.3
2026-05-24 15:30:00,1009.1
2026-05-24 15:40:00,1009.0649999999999
2026-05-24 15:50:00,1009.1933333333333
2026-05-24 16:00:00,1009.19
2026-05-24 16:10:00,1009.25
2026-05-24 16:20:00,1009.285
2026-05-24 16:30:00,1009.2466666666666
2026-05-24 16:40:00,1009.0749999999999
2026-05-24 16:50:00,1009.1266666666667
2026-05-24 17:00:00,1009.03
2026-05-24 17:10:00,1009.0733333333334
2026-05-24 17:20:00,1009.285
2026-05-24 17:30:00,1009.2633333333333
2026-05-24 17:40:00,1009.285
2026-05-24 17:50:00,1009.4200000000001
2026-05-24 18:00:00,1009.6500000000001
2026-05-24 18:10:00,1009.7066666666666
2026-05-24 18:20:00,1009.715
2026-05-24 18:30:00,1009.7633333333333
2026-05-24 18:40:00,1009.9
2026-05-24 18:50:00,1010.12
2026-05-24 19:00:00,1010.445
2026-05-24 19:10:00,1010.5866666666667
2026-05-24 19:20:00,1010.735
2026-05-24 19:30:00,1010.84
2026-05-24 19:40:00,1010.84
2026-05-24 19:50:00,1010.7966666666666
2026-05-24 20:00:00,1010.705
2026-05-24 20:10:00,1010.9133333333333
2026-05-24 20:20:00,1011.015
2026-05-24 20:30:00,1011.0933333333332
2026-05-24 20:40:00,1011.0649999999999
2026-05-24 20:50:00,1011.1733333333335
2026-05-24 21:00:00,1011.1750000000001
2026-05-24 21:10:00,1011.18
2026-05-24 21:20:00,1011.1850000000001
2026-05-24 21:30:00,1011.18
2026-05-24 21:40:00,1011.195
2026-05-24 21:50:00,1011.1199999999999
2026-05-24 22:00:00,1011.05
2026-05-24 22:10:00,1011.1300000000001
2026-05-24 22:20:00,1011.1700000000001
2026-05-24 22:30:00,1011.1733333333335
2026-05-24 22:40:00,1011.13
2026-05-24 22:50:00,1011.0499999999998
2026-05-24 23:00:00,1011
2026-05-24 23:10:00,1010.9150000000001
2026-05-24 23:20:00,1010.8166666666666
2026-05-24 23:30:00,1010.775
2026-05-24 23:40:00,1010.6199999999999
2026-05-24 23:50:00,1010.36
2026-05-25 00:00:00,1010.2633333333333
2026-05-25 00:10:00,1010.1650000000001
2026-05-25 00:20:00,1010.2433333333333
2026-05-25 00:30:00,1010.3199999999999
2026-05-25 00:40:00,1010.3233333333333
2026-05-25 00:50:00,1010.3
2026-05-25 01:00:00,1010.1433333333334
2026-05-25 01:10:00,1010.06
2026-05-25 01:20:00,1009.9833333333332
2026-05-25 01:30:00,1010.025
2026-05-25 01:40:00,1010.0533333333333
2026-05-25 01:50:00,1009.965
2026-05-25 02:00:00,1009.9033333333333
2026-05-25 02:10:00,1010.025
2026-05-25 02:20:00,1009.8666666666667
2026-05-25 02:30:00,1009.73
2026-05-25 02:40:00,1009.7933333333334
2026-05-25 02:50:00,1009.785
2026-05-25 03:00:00,1009.5799999999999
2026-05-25 03:10:00,1009.525
2026-05-25 03:20:00,1009.4333333333334
2026-05-25 03:30:00,1009.505
2026-05-25 03:40:00,1009.4333333333334
2026-05-25 03:50:00,1009.325
2026-05-25 04:00:00,1009.5633333333332
2026-05-25 04:10:00,1009.5
2026-05-25 04:20:00,1009.5799999999999
2026-05-25 04:30:00,1009.525
2026-05-25 04:40:00,1009.5766666666667
2026-05-25 04:50:00,1009.6500000000001
2026-05-25 05:00:00,1009.71
2026-05-25 05:10:00,1009.6850000000001
2026-05-25 05:20:00,1009.7866666666665
2026-05-25 05:30:00,1009.795
2026-05-25 05:40:00,1009.8633333333333
2026-05-25 05:50:00,1009.85
2026-05-25 06:00:00,1009.855
2026-05-25 06:10:00,1009.8299999999999
2026-05-25 06:20:00,1009.8950000000001
2026-05-25 06:30:00,1010.0233333333332
2026-05-25 06:40:00,1010.02
2026-05-25 06:50:00,1010.1533333333333
2026-05-25 07:00:00,1010.28
2026-05-25 07:10:00,1010.36
2026-05-25 07:20:00,1010.615
2026-05-25 07:30:00,1010.8666666666668
2026-05-25 07:40:00,1010.97
2026-05-25 07:50:00,1010.9699999999999
2026-05-25 08:00:00,1010.8800000000001
2026-05-25 08:10:00,1010.9366666666668
2026-05-25 08:20:00,1011
2026-05-25 08:30:00,1011.15
2026-05-25 08:40:00,1011.1650000000001
2026-05-25 08:50:00,1011.3266666666665
2026-05-25 09:00:00,1011.35
2026-05-25 09:10:00,1011.4200000000001
2026-05-25 09:20:00,1011.545
2026-05-25 09:30:00,1011.6033333333335
2026-05-25 09:40:00,1011.5949999999999
2026-05-25 09:50:00,1011.46
2026-05-25 10:00:00,1011.595
2026-05-25 10:10:00,1011.595
2026-05-25 10:20:00,1011.4333333333334
2026-05-25 10:30:00,1011.38
2026-05-25 10:40:00,1011.2000000000002
2026-05-25 10:50:00,1011.3299999999999
2026-05-25 11:00:00,1011.2866666666665
2026-05-25 11:10:00,1011.35
2026-05-25 11:20:00,1011.2433333333333
2026-05-25 11:30:00,1011.125
2026-05-25 11:40:00,1011.1033333333334
2026-05-25 11:50:00,1010.9350000000001
2026-05-25 12:00:00,1010.79
2026-05-25 12:10:00,1010.76
2026-05-25 12:20:00,1010.71
2026-05-25 12:30:00,1010.5949999999999
2026-05-25 12:40:00,1010.4966666666666
2026-05-25 12:50:00,1010.33
2026-05-25 13:00:00,1010.36
2026-05-25 13:10:00,1010.25
2026-05-25 13:20:00,1010.0466666666667
2026-05-25 13:30:00,1010.13
2026-05-25 13:40:00,1009.9699999999999
2026-05-25 13:50:00,1009.785
2026-05-25 14:00:00,1009.5666666666667
2026-05-25 14:10:00,1009.36
2026-05-25 14:20:00,1009.33
2026-05-25 14:30:00,1009.1850000000001
2026-05-25 14:40:00,1008.9366666666666
2026-05-25 14:50:00,1008.785
2026-05-25 15:00:00,1008.8166666666666
2026-05-25 15:10:00,1008.6550000000001
2026-05-25 15:20:00,1008.7233333333334
2026-05-25 15:30:00,1008.775
2026-05-25 15:40:00,1008.7400000000001
2026-05-25 15:50:00,1008.785
2026-05-25 16:00:00,1008.8233333333333
2026-05-25 16:10:00,1008.725
2026-05-25 16:20:00,1008.7966666666666
2026-05-25 16:30:00,1008.9
2026-05-25 16:40:00,1009.0499999999998
2026-05-25 16:50:00,1008.965
2026-05-25 17:00:00,1009.1166666666668
2026-05-25 17:10:00,1009.27
2026-05-25 17:20:00,1009.4266666666667
2026-05-25 17:30:00,1009.54
2026-05-25 17:40:00,1009.5033333333334
2026-05-25 17:50:00,1009.65
2026-05-25 18:00:00,1009.7933333333334
2026-05-25 18:10:00,1009.88
2026-05-25 18:20:00,1009.89
2026-05-25 18:30:00,1009.73
2026-05-25 18:40:00,1009.75
2026-05-25 18:50:00,1009.9350000000001
2026-05-25 19:00:00,1010.0799999999999
2026-05-25 19:10:00,1010.215
2026-05-25 19:20:00,1010.2666666666668
2026-05-25 19:30:00,1010.095
2026-05-25 19:40:00,1010.2633333333333
2026-05-25 19:50:00,1010.275
2026-05-25 20:00:00,1010.4233333333335
2026-05-25 20:10:00,1010.5649999999999
2026-05-25 20:20:00,1010.5466666666666
2026-05-25 20:30:00,1010.515
2026-05-25 20:40:00,1010.5233333333332
2026-05-25 20:50:00,1010.395
2026-05-25 21:00:00,1010.39
2026-05-25 21:10:00,1010.3850000000001
2026-05-25 21:20:00,1010.5600000000001
2026-05-25 21:30:00,1010.5799999999999
2026-05-25 21:40:00,1010.4966666666666
2026-05-25 21:50:00,1010.445
2026-05-25 22:00:00,1010.4300000000001
2026-05-25 22:10:00,1010.5166666666668
2026-05-25 22:20:00,1010.56
2026-05-25 22:30:00,1010.5033333333334
2026-05-25 22:40:00,1010.55
2026-05-25 22:50:00,1010.3333333333334
2026-05-25 23:00:00,1010.365
2026-05-25 23:10:00,1010.4166666666666
2026-05-25 23:20:00,1010.4200000000001
2026-05-25 23:30:00,1010.36
2026-05-25 23:40:00,1010.3199999999999
2026-05-25 23:50:00,1010.2866666666665
2026-05-26 00:00:00,1010.2
2026-05-26 00:10:00,1010.0533333333333
2026-05-26 00:20:00,1009.8800000000001
2026-05-26 00:30:00,1009.7833333333334
2026-05-26 00:40:00,1009.605
2026-05-26 00:50:00,1009.5300000000001
2026-05-26 01:00:00,1009.4350000000001
2026-05-26 01:10:00,1009.3299999999999
2026-05-26 01:20:00,1009.16
2026-05-26 01:30:00,1008.9866666666667
2026-05-26 01:40:00,1008.8299999999999
2026-05-26 01:50:00,1008.77
2026-05-26 02:00:00,1008.6650000000001
2026-05-26 02:10:00,1008.5133333333333
2026-05-26 02:20:00,1008.615
2026-05-26 02:30:00,1008.4766666666668
2026-05-26 02:40:00,1008.495
2026-05-26 02:50:00,1008.4766666666668
2026-05-26 03:00:00,1008.54
2026-05-26 03:10:00,1008.6266666666667
2026-05-26 03:20:00,1008.81
2026-05-26 03:30:00,1008.8833333333333
2026-05-26 03:40:00,1008.975
2026-05-26 03:50:00,1008.9833333333332
2026-05-26 04:00:00,1009.02
2026-05-26 04:10:00,1009.0733333333334
2026-05-26 04:20:00,1009.215
2026-05-26 04:30:00,1009.2433333333333
2026-05-26 04:40:00,1009.255
2026-05-26 04:50:00,1009.41
2026-05-26 05:00:00,1009.34
2026-05-26 05:10:00,1009.2400000000001
2026-05-26 05:20:00,1009.3349999999999
2026-05-26 05:30:00,1009.3866666666667
2026-05-26 05:40:00,1009.485
2026-05-26 05:50:00,1009.5833333333334
2026-05-26 06:00:00,1009.7
2026-05-26 06:10:00,1009.7433333333333
2026-05-26 06:20:00,1009.795
2026-05-26 06:30:00,1009.8366666666667
2026-05-26 06:40:00,1010.13
2026-05-26 06:50:00,1010.3433333333332
2026-05-26 07:00:00,1010.3449999999999
2026-05-26 07:10:00,1010.29
2026-05-26 07:20:00,1010.4799999999999
2026-05-26 07:30:00,1010.6700000000001
2026-05-26 07:40:00,1010.725
2026-05-26 07:50:00,1010.69
2026-05-26 08:00:00,1010.75
2026-05-26 08:10:00,1010.8166666666666
2026-05-26 08:20:00,1011.055
2026-05-26 08:30:00,1011.0466666666666
2026-05-26 08:40:00,1011.12
2026-05-26 08:50:00,1011.0633333333332
2026-05-26 09:00:00,1011.045
2026-05-26 09:10:00,1011.0866666666666
2026-05-26 09:20:00,1011.05
2026-05-26 09:30:00,1011.0333333333333
2026-05-26 09:40:00,1011.19
2026-05-26 09:50:00,1011.3399999999998
2026-05-26 10:00:00,1011.36
2026-05-26 10:10:00,1011.505
2026-05-26 10:20:00,1011.5366666666665
2026-05-26 10:30:00,1011.6
2026-05-26 10:40:00,1011.6233333333333
2026-05-26 10:50:00,1011.55
2026-05-26 11:00:00,1011.3966666666666
2026-05-26 11:10:00,1011.24
2026-05-26 11:20:00,1011.21
2026-05-26 11:30:00,1011.1700000000001
2026-05-26 11:40:00,1011.1233333333333
2026-05-26 11:50:00,1010.995
2026-05-26 12:00:00,1010.9333333333334
2026-05-26 12:10:00,1010.835
2026-05-26 12:20:00,1010.64
2026-05-26 12:30:00,1010.4350000000001
2026-05-26 12:40:00,1010.21
2026-05-26 12:50:00,1009.975
2026-05-26 13:00:00,1009.7833333333334
2026-05-26 13:10:00,1009.52
2026-05-26 13:20:00,1009.2400000000001
2026-05-26 13:30:00,1009.01
2026-05-26 13:40:00,1008.9533333333334
2026-05-26 13:50:00,1008.985
2026-05-26 14:00:00,1009.0866666666667
2026-05-26 14:10:00,1009.11
2026-05-26 14:20:00,1009.1633333333334
2026-05-26 14:30:00,1009.1350000000001
2026-05-26 14:40:00,1009.0266666666666
2026-05-26 14:50:00,1008.9250000000001
2026-05-26 15:00:00,1008.8966666666666
2026-05-26 15:10:00,1008.77
2026-05-26 15:20:00,1008.7233333333334
2026-05-26 15:30:00,1008.75
2026-05-26 15:40:00,1008.7333333333332
2026-05-26 15:50:00,1008.6650000000001
2026-05-26 16:00:00,1008.6066666666666
2026-05-26 16:10:00,1008.645
2026-05-26 16:20:00,1008.73
2026-05-26 16:30:00,1008.69
2026-05-26 16:40:00,1008.7566666666667
2026-05-26 16:50:00,1008.9000000000001
2026-05-26 17:00:00,1009.07
2026-05-26 17:10:00,1009.235
2026-05-26 17:20:00,1009.4466666666667
2026-05-26 17:30:00,1009.5899999999999
2026-05-26 17:40:00,1009.7533333333334
2026-05-26 17:50:00,1009.9250000000001
2026-05-26 18:00:00,1010.0533333333333
2026-05-26 18:10:00,1010.1850000000001
2026-05-26 18:20:00,1010.2599999999999
2026-05-26 18:30:00,1010.475
2026-05-26 18:40:00,1010.5600000000001
2026-05-26 18:50:00,1010.6650000000001
2026-05-26 19:00:00,1010.68
2026-05-26 19:10:00,1010.6600000000001
2026-05-26 19:20:00,1010.6533333333333
2026-05-26 19:30:00,1010.6800000000001
2026-05-26 19:40:00,1010.8033333333333
2026-05-26 19:50:00,1010.79
2026-05-26 20:00:00,1010.7800000000001
2026-05-26 20:10:00,1010.705
2026-05-26 20:20:00,1010.7366666666667
2026-05-26 20:30:00,1010.78
2026-05-26 20:40:00,1010.84
2026-05-26 20:50:00,1010.96
2026-05-26 21:00:00,1011.0266666666666
2026-05-26 21:10:00,1010.96
2026-05-26 21:20:00,1011.0099999999999
2026-05-26 21:30:00,1011.03
2026-05-26 21:40:00,1011.0300000000001
2026-05-26 21:50:00,1010.955
2026-05-26 22:00:00,1010.8699999999999
2026-05-26 22:10:00,1010.8199999999999
2026-05-26 22:20:00,1010.6666666666666
2026-05-26 22:30:00,1010.54
2026-05-26 22:40:00,1010.545
2026-05-26 22:50:00,1010.4633333333335
2026-05-26 23:00:00,1010.4000000000001
2026-05-26 23:10:00,1010.4533333333334
2026-05-26 23:20:00,1010.485
2026-05-26 23:30:00,1010.37
2026-05-26 23:40:00,1010.24
2026-05-26 23:50:00,1010.1533333333333
2026-05-27 00:00:00,1010.0949999999999
2026-05-27 00:10:00,1010.07
2026-05-27 00:20:00,1010.015
2026-05-27 00:30:00,1010.0866666666666
2026-05-27 00:40:00,1010.055
2026-05-27 00:50:00,1010.0266666666666
2026-05-27 01:00:00,1009.975
2026-05-27 01:10:00,1009.8966666666666
2026-05-27 01:20:00,1009.78
2026-05-27 01:30:00,1009.7066666666666
2026-05-27 01:40:00,1009.6800000000001
2026-05-27 01:50:00,1009.64
2026-05-27 02:00:00,1009.39
2026-05-27 02:10:00,1009.1366666666667
2026-05-27 02:20:00,1009.025
2026-05-27 02:30:00,1008.98
2026-05-27 02:40:00,1008.8349999999999
2026-05-27 02:50:00,1008.8333333333334
2026-05-27 03:00:00,1008.8399999999999
2026-05-27 03:10:00,1008.9200000000001
2026-05-27 03:20:00,1009.1400000000001
2026-05-27 03:30:00,1009.1633333333334
2026-05-27 03:40:00,1009.1
2026-05-27 03:50:00,1009.0499999999998
2026-05-27 04:00:00,1009.0649999999999
2026-05-27 04:10:00,1009.14
2026-05-27 04:20:00,1009.04
2026-05-27 04:30:00,1009.0466666666666
2026-05-27 04:40:00,1009.1650000000001
2026-05-27 04:50:00,1009.2033333333334
2026-05-27 05:00:00,1009.24
2026-05-27 05:10:00,1009.31
2026-05-27 05:20:00,1009.46
2026-05-27 05:30:00,1009.6666666666666
2026-05-27 05:40:00,1009.8
2026-05-27 05:50:00,1009.9833333333332
2026-05-27 06:00:00,1010.04
2026-05-27 06:10:00,1010.1033333333334
2026-05-27 06:20:00,1010.305
2026-05-27 06:30:00,1010.5
2026-05-27 06:40:00,1010.72
2026-05-27 06:50:00,1010.9000000000001
2026-05-27 07:00:00,1010.985
2026-05-27 07:10:00,1011.1466666666666
2026-05-27 07:20:00,1011.305
2026-05-27 07:30:00,1011.4133333333334
2026-05-27 07:40:00,1011.4200000000001
2026-05-27 07:50:00,1011.3666666666667
2026-05-27 08:00:00,1011.47
2026-05-27 08:10:00,1011.54
2026-05-27 08:20:00,1011.625
2026-05-27 08:30:00,1011.7033333333334
2026-05-27 08:40:00,1011.8199999999999
2026-05-27 08:50:00,1011.8566666666667
2026-05-27 09:00:00,1011.705
2026-05-27 09:10:00,1011.6500000000001
2026-05-27 09:20:00,1011.5799999999999
2026-05-27 09:30:00,1011.6
2026-05-27 09:40:00,1011.6366666666667
2026-05-27 09:50:00,1011.61
2026-05-27 10:00:00,1011.6066666666667
2026-05-27 10:10:00,1011.375
2026-05-27 10:20:00,1011.1833333333334
2026-05-27 10:30:00,1011.115
2026-05-27 10:40:00,1010.86
2026-05-27 10:50:00,1010.715
2026-05-27 11:00:00,1010.5833333333334
2026-05-27 11:10:00,1010.47
2026-05-27 11:20:00,1010.34
2026-05-27 11:30:00,1010.235
2026-05-27 11:40:00,1010.2133333333335
2026-05-27 11:50:00,1010.0749999999999
2026-05-27 12:00:00,1009.94
2026-05-27 12:10:00,1009.8149999999999
2026-05-27 12:20:00,1009.7366666666667
2026-05-27 12:30:00,1009.74
2026-05-27 12:40:00,1009.6633333333334
2026-05-27 12:50:00,1009.61
2026-05-27 13:00:00,1009.5033333333334
2026-05-27 13:10:00,1009.475
2026-05-27 13:20:00,1009.3666666666667
2026-05-27 13:30:00,1009.28
2026-05-27 13:40:00,1008.9833333333332
2026-05-27 13:50:00,1008.905
2026-05-27 14:00:00,1009.0933333333332
2026-05-27 14:10:00,1008.975
2026-05-27 14:20:00,1008.7199999999999
2026-05-27 14:30:00,1008.7
2026-05-27 14:40:00,1008.82
2026-05-27 14:50:00,1008.8
2026-05-27 15:00:00,1008.7199999999999
2026-05-27 15:10:00,1008.605
2026-05-27 15:20:00,1008.4466666666667
2026-05-27 15:30:00,1008.39
2026-05-27 15:40:00,1008.43
2026-05-27 15:50:00,1008.545
2026-05-27 16:00:00,1009.0266666666666
2026-05-27 16:10:00,1008.9150000000001
2026-05-27 16:20:00,1008.9845454545456
2026-05-27 16:30:00,1009.285172413793
2026-05-27 16:40:00,1009.2973333333334
2026-05-27 16:50:00,1009.1500000000001
2026-05-27 17:00:00,1009.295
2026-05-27 17:10:00,1009.5266666666666
2026-05-27 17:20:00,1009.7333333333332
2026-05-27 17:30:00,1009.75
2026-05-27 17:40:00,1009.7999999999998
2026-05-27 17:50:00,1010.065
2026-05-27 18:00:00,1010.5166666666668
2026-05-27 18:10:00,1010.43
2026-05-27 18:20:00,1010.28
2026-05-27 18:30:00,1010.3966666666666
2026-05-27 18:40:00,1010.27
2026-05-27 18:50:00,1010.2825
2026-05-27 19:00:00,1010.4933333333333
2026-05-27 19:10:00,1010.69
2026-05-27 19:20:00,1010.745
2026-05-27 19:30:00,1010.8966666666666
2026-05-27 19:40:00,1011.015
2026-05-27 19:50:00,1011.0266666666666
2026-05-27 20:00:00,1010.945
2026-05-27 20:10:00,1010.9766666666668
2026-05-27 20:20:00,1011.0833333333334
2026-05-27 20:30:00,1010.9733333333334
2026-05-27 20:40:00,1010.88
2026-05-27 20:50:00,1010.8566666666666
2026-05-27 21:00:00,1010.9300000000001
2026-05-27 21:10:00,1011.0466666666666
2026-05-27 21:20:00,1011.22
2026-05-27 21:30:00,1011.5433333333334
2026-05-27 21:40:00,1011.725
2026-05-27 21:50:00,1011.93
2026-05-27 22:00:00,1011.83
2026-05-27 22:10:00,1011.7566666666667
2026-05-27 22:20:00,1011.72
2026-05-27 22:30:00,1011.7199999999999
2026-05-27 22:40:00,1011.8149999999999
2026-05-27 22:50:00,1011.7933333333334
2026-05-27 23:00:00,1011.865
2026-05-27 23:10:00,1011.9233333333335
2026-05-27 23:20:00,1011.95
2026-05-27 23:30:00,1011.8866666666668
2026-05-27 23:40:00,1011.795
2026-05-27 23:50:00,1011.6666666666666
2026-05-28 00:00:00,1011.51
2026-05-28 00:10:00,1011.3733333333333
2026-05-28 00:20:00,1011.155
2026-05-28 00:30:00,1010.9233333333333
2026-05-28 00:40:00,1010.755
2026-05-28 00:50:00,1010.705
2026-05-28 01:00:00,1010.5300000000001
2026-05-28 01:10:00,1010.55
2026-05-28 01:20:00,1010.4033333333333
2026-05-28 01:30:00,1010.4100000000001
2026-05-28 01:40:00,1010.4433333333333
2026-05-28 01:50:00,1010.495
2026-05-28 02:00:00,1010.4366666666666
2026-05-28 02:10:00,1010.265
2026-05-28 02:20:00,1010.2999999999998
2026-05-28 02:30:00,1010.3149999999999
2026-05-28 02:40:00,1010.2599999999999
2026-05-28 02:50:00,1010.135
2026-05-28 03:00:00,1009.9166666666666
2026-05-28 03:10:00,1009.96
2026-05-28 03:20:00,1009.8466666666667
2026-05-28 03:30:00,1009.6600000000001
2026-05-28 03:40:00,1009.6433333333334
2026-05-28 03:50:00,1009.6800000000001
2026-05-28 04:00:00,1009.7199999999999
2026-05-28 04:10:00,1009.71
2026-05-28 04:20:00,1010.0066666666667
2026-05-28 04:30:00,1010.06
2026-05-28 04:40:00,1010.0733333333334
2026-05-28 04:50:00,1010.1600000000001
2026-05-28 05:00:00,1010.2800000000001
2026-05-28 05:10:00,1010.3249999999999
2026-05-28 05:20:00,1010.34
2026-05-28 05:30:00,1010.47
2026-05-28 05:40:00,1010.4733333333334
2026-05-28 05:50:00,1010.495
2026-05-28 06:00:00,1010.4866666666667
2026-05-28 06:10:00,1010.57
2026-05-28 06:20:00,1010.6600000000002
2026-05-28 06:30:00,1010.705
2026-05-28 06:40:00,1010.8266666666667
2026-05-28 06:50:00,1010.8249999999999
2026-05-28 07:00:00,1010.9900000000001
2026-05-28 07:10:00,1011.1800000000001
2026-05-28 07:20:00,1011.1966666666667
2026-05-28 07:30:00,1011.46
2026-05-28 07:40:00,1011.5799999999999
2026-05-28 07:50:00,1011.6600000000001
2026-05-28 08:00:00,1011.7633333333333
2026-05-28 08:10:00,1011.77
2026-05-28 08:20:00,1011.7566666666667
2026-05-28 08:30:00,1011.72
2026-05-28 09:10:00,1011.71
2026-05-28 09:20:00,1011.8833333333333
2026-05-28 09:30:00,1012.0550000000001
2026-05-28 09:40:00,1012.1300000000001
2026-05-28 09:50:00,1012.055
2026-05-28 10:00:00,1011.9333333333334
2026-05-28 10:10:00,1011.79
2026-05-28 10:20:00,1011.6733333333335
2026-05-28 10:30:00,1011.64
2026-05-28 10:40:00,1011.3933333333333
2026-05-28 10:50:00,1011.41
2026-05-28 11:00:00,1011.3133333333332
2026-05-28 11:10:00,1011.295
2026-05-28 11:20:00,1011.3266666666665
2026-05-28 11:30:00,1011.1850000000001
2026-05-28 11:40:00,1011.21
2026-05-28 11:50:00,1011.1250000000001
2026-05-28 12:00:00,1011.16
2026-05-28 12:10:00,1011.015
2026-05-28 12:20:00,1011.0366666666665
2026-05-28 12:30:00,1010.885
2026-05-28 12:40:00,1010.79
2026-05-28 12:50:00,1010.7166666666667
2026-05-28 13:00:00,1010.785
2026-05-28 13:10:00,1010.62
2026-05-28 13:20:00,1010.455
2026-05-28 13:30:00,1010.3566666666666
2026-05-28 13:40:00,1010.315
2026-05-28 13:50:00,1010.1
2026-05-28 14:00:00,1009.9150000000001
2026-05-28 14:10:00,1009.7566666666667
2026-05-28 14:20:00,1009.5350000000001
2026-05-28 14:30:00,1009.3033333333333
2026-05-28 14:40:00,1009.465
2026-05-28 14:50:00,1009.3266666666667
2026-05-28 15:00:00,1009.28
2026-05-28 15:10:00,1009.3666666666668
2026-05-28 15:20:00,1009.275
2026-05-28 15:30:00,1009.3533333333335
2026-05-28 15:40:00,1009.45
2026-05-28 15:50:00,1009.5566666666667
2026-05-28 16:00:00,1009.465
2026-05-28 16:10:00,1009.4900000000001
2026-05-28 16:20:00,1009.4100000000001
2026-05-28 16:30:00,1009.4233333333335
2026-05-28 16:40:00,1009.5649999999999
2026-05-28 16:50:00,1009.89
2026-05-28 17:00:00,1009.97
2026-05-28 17:10:00,1010.0499999999998
2026-05-28 17:20:00,1010.0233333333332
2026-05-28 17:30:00,1010.115
2026-05-28 17:40:00,1010.2433333333333
2026-05-28 17:50:00,1010.47
2026-05-28 18:00:00,1010.7333333333332
2026-05-28 18:10:00,1010.745
2026-05-28 18:20:00,1010.7533333333334
2026-05-28 18:30:00,1010.7933333333334
2026-05-28 18:40:00,1010.86
2026-05-28 18:50:00,1011.1566666666668
2026-05-28 19:00:00,1011.255
2026-05-28 19:10:00,1011.0966666666667
2026-05-28 19:20:00,1010.935
2026-05-28 19:30:00,1010.74
2026-05-28 19:40:00,1011.1233333333334
2026-05-28 19:50:00,1011.49
2026-05-28 20:00:00,1011.4933333333333
2026-05-28 20:10:00,1011.68
2026-05-28 20:20:00,1011.9766666666668
2026-05-28 20:30:00,1012.06
2026-05-28 20:40:00,1011.9766666666668
2026-05-28 20:50:00,1011.955
2026-05-28 21:00:00,1012.1033333333335
2026-05-28 21:10:00,1012.045
2026-05-28 21:20:00,1012.02
2026-05-28 21:30:00,1012.14
2026-05-28 21:40:00,1012.5
2026-05-28 21:50:00,1012.555
2026-05-28 22:00:00,1012.7425000000001
2026-05-28 22:10:00,1012.8349999999999
2026-05-28 22:20:00,1012.9133333333334
2026-05-28 22:30:00,1012.8425
2026-05-28 22:40:00,1012.7999999999998
2026-05-28 22:50:00,1012.8750000000001
2026-05-28 23:00:00,1012.8675000000001
2026-05-28 23:10:00,1012.765
2026-05-28 23:20:00,1012.6866666666668
2026-05-28 23:30:00,1012.65
2026-05-28 23:40:00,1012.5899999999999
2026-05-28 23:50:00,1012.5566666666667
2026-05-29 00:00:00,1012.4233333333335
2026-05-29 00:10:00,1012.3366666666666
2026-05-29 00:20:00,1012.1366666666667
2026-05-29 00:30:00,1011.8299999999999
2026-05-29 00:40:00,1011.545
2026-05-29 00:50:00,1011.2733333333334
2026-05-29 01:00:00,1010.9866666666667
2026-05-29 01:10:00,1010.715
2026-05-29 01:20:00,1010.5499999999998
2026-05-29 01:30:00,1010.555
2026-05-29 01:40:00,1010.5066666666667
2026-05-29 01:50:00,1010.535
2026-05-29 02:00:00,1010.4966666666666
2026-05-29 02:10:00,1010.4200000000001
2026-05-29 02:20:00,1010.36
2026-05-29 02:30:00,1010.21
2026-05-29 02:40:00,1010.12
2026-05-29 02:50:00,1010.06
2026-05-29 03:00:00,1010.01
2026-05-29 03:10:00,1010.0266666666666
2026-05-29 03:20:00,1009.9300000000001
2026-05-29 03:30:00,1009.8033333333333
2026-05-29 03:40:00,1009.71
2026-05-29 03:50:00,1009.85
2026-05-29 04:00:00,1010.0799999999999
2026-05-29 04:10:00,1010.2566666666668
2026-05-29 04:20:00,1010.485
2026-05-29 04:30:00,1010.5200000000001
2026-05-29 04:40:00,1010.74
2026-05-29 04:50:00,1010.7666666666668
2026-05-29 05:00:00,1010.735
2026-05-29 05:10:00,1010.8566666666667
2026-05-29 05:20:00,1010.865
2026-05-29 05:30:00,1010.9200000000001
2026-05-29 05:40:00,1010.995
2026-05-29 05:50:00,1011.1866666666666
2026-05-29 06:00:00,1011.3249999999999
2026-05-29 06:10:00,1011.3433333333332
2026-05-29 06:20:00,1011.3199999999999
2026-05-29 06:30:00,1011.4866666666667
2026-05-29 06:40:00,1011.5899999999999
2026-05-29 06:50:00,1011.6700000000001
2026-05-29 07:00:00,1011.81
2026-05-29 07:10:00,1011.8666666666668
2026-05-29 07:20:00,1012.035
2026-05-29 07:30:00,1012.2233333333334
2026-05-29 07:40:00,1012.345
2026-05-29 07:50:00,1012.5166666666668
2026-05-29 08:00:00,1012.395
2026-05-29 08:10:00,1012.4500000000002
2026-05-29 08:20:00,1012.4200000000001
2026-05-29 08:30:00,1012.6166666666667
2026-05-29 08:40:00,1012.735
2026-05-29 08:50:00,1012.8233333333333
2026-05-29 09:00:00,1012.77
2026-05-29 09:10:00,1012.8733333333334
2026-05-29 09:20:00,1012.8900000000001
2026-05-29 09:30:00,1012.9833333333332
2026-05-29 09:40:00,1012.98
2026-05-29 09:50:00,1012.9366666666668
2026-05-29 10:00:00,1012.795
2026-05-29 10:10:00,1012.7933333333334
2026-05-29 10:20:00,1012.76
2026-05-29 10:30:00,1012.5733333333334
2026-05-29 10:40:00,1012.4050000000001
2026-05-29 10:50:00,1012.2333333333332
2026-05-29 11:00:00,1012.215
2026-05-29 11:10:00,1012.1333333333333
2026-05-29 11:20:00,1011.975
2026-05-29 11:30:00,1011.8433333333332
2026-05-29 11:40:00,1011.72
2026-05-29 11:50:00,1011.6233333333333
2026-05-29 12:00:00,1011.44
2026-05-29 12:10:00,1011.4725000000001
2026-05-29 12:20:00,1011.4976470588235
2026-05-29 12:30:00,1011.8425000000001
2026-05-29 12:40:00,1011.6209090909091
2026-05-29 12:50:00,1011.6750000000001
2026-05-29 13:00:00,1011.8340000000001
2026-05-29 13:10:00,1011.7150000000001
2026-05-29 13:20:00,1011.3400000000001
2026-05-29 13:30:00,1011.1066666666666
2026-05-29 13:40:00,1011.1750000000001
2026-05-29 13:50:00,1010.9966666666666
2026-05-29 14:00:00,1010.8599999999999
2026-05-29 14:10:00,1010.7166666666666
2026-05-29 14:20:00,1010.675
2026-05-29 14:30:00,1010.77
2026-05-29 14:40:00,1010.74
2026-05-29 14:50:00,1010.6866666666666
2026-05-29 15:00:00,1010.77
2026-05-29 15:10:00,1010.7133333333335
2026-05-29 15:20:00,1010.6650000000001
2026-05-29 15:30:00,1010.6
2026-05-29 15:40:00,1010.525
2026-05-29 15:50:00,1010.5733333333334
2026-05-29 16:00:00,1010.72
2026-05-29 16:10:00,1010.8333333333334
2026-05-29 16:20:00,1010.855
2026-05-29 16:30:00,1011.0366666666667
2026-05-29 16:40:00,1011.1700000000001
2026-05-29 16:50:00,1011.1700000000001
2026-05-29 17:00:00,1011.1850000000001
2026-05-29 17:10:00,1011.2966666666666
2026-05-29 17:20:00,1011.3499999999999
2026-05-29 17:30:00,1011.4133333333334
2026-05-29 17:40:00,1011.4000000000001
2026-05-29 17:50:00,1011.46
2026-05-29 18:00:00,1011.625
2026-05-29 18:10:00,1011.7833333333333
2026-05-29 18:20:00,1011.96
2026-05-29 18:30:00,1011.96
2026-05-29 18:40:00,1012.005
2026-05-29 18:50:00,1012.0866666666667
2026-05-29 19:00:00,1012.195
2026-05-29 19:10:00,1012.2800000000001
2026-05-29 19:20:00,1012.38
2026-05-29 19:30:00,1012.44
2026-05-29 19:40:00,1012.4150000000001
2026-05-29 19:50:00,1012.4166666666666
2026-05-29 20:00:00,1012.375
2026-05-29 20:10:00,1012.4066666666668
2026-05-29 20:20:00,1012.4150000000001
2026-05-29 20:30:00,1012.3866666666668
2026-05-29 20:40:00,1012.4050000000001
2026-05-29 20:50:00,1012.4833333333332
2026-05-29 21:00:00,1012.455
2026-05-29 21:10:00,1012.48
2026-05-29 21:20:00,1012.4300000000001
2026-05-29 21:30:00,1012.2999999999998
2026-05-29 21:40:00,1012.3349999999999
2026-05-29 21:50:00,1012.3233333333333
2026-05-29 22:00:00,1012.245
2026-05-29 22:10:00,1012.2000000000002
2026-05-29 22:20:00,1012.25
2026-05-29 22:30:00,1012.3299999999999
2026-05-29 22:40:00,1012.3349999999999
2026-05-29 22:50:00,1012.3066666666667
2026-05-29 23:00:00,1012.135
2026-05-29 23:10:00,1012.0699999999999
2026-05-29 23:20:00,1012.0133333333333
2026-05-29 23:30:00,1011.975
2026-05-29 23:40:00,1011.8533333333334
2026-05-29 23:50:00,1011.765
2026-05-30 00:00:00,1011.7233333333334
2026-05-30 00:10:00,1011.555
2026-05-30 00:20:00,1011.4833333333332
2026-05-30 00:30:00,1011.3750000000001
2026-05-30 00:40:00,1011.3266666666665
2026-05-30 00:50:00,1011.27
2026-05-30 01:00:00,1011.1766666666667
2026-05-30 01:10:00,1011.235
2026-05-30 01:20:00,1011.1600000000002
2026-05-30 01:30:00,1011.0749999999999
2026-05-30 01:40:00,1010.9433333333333
2026-05-30 01:50:00,1010.9350000000001
2026-05-30 02:00:00,1010.9100000000002
2026-05-30 02:10:00,1010.8
2026-05-30 02:20:00,1010.7633333333333
2026-05-30 02:30:00,1010.6750000000001
2026-05-30 02:40:00,1010.5533333333333
2026-05-30 02:50:00,1010.47
2026-05-30 03:00:00,1010.2666666666668
2026-05-30 03:10:00,1010.0999999999999
2026-05-30 03:20:00,1010.1433333333334
2026-05-30 03:30:00,1010.195
2026-05-30 03:40:00,1010.1833333333334
2026-05-30 03:50:00,1010.26
2026-05-30 04:00:00,1010.32
2026-05-30 04:10:00,1010.39
2026-05-30 04:20:00,1010.4666666666667
2026-05-30 04:30:00,1010.4050000000001
2026-05-30 04:40:00,1010.5533333333333
2026-05-30 04:50:00,1010.765
2026-05-30 05:00:00,1010.8633333333333
2026-05-30 05:10:00,1010.945
2026-05-30 05:20:00,1010.9666666666667
2026-05-30 05:30:00,1011
2026-05-30 05:40:00,1011.0533333333333
2026-05-30 05:50:00,1011.375
2026-05-30 06:00:00,1011.6700000000001
2026-05-30 06:10:00,1011.8800000000001
2026-05-30 06:50:00,1012.55
2026-05-30 07:00:00,1012.6500000000001
2026-05-30 07:10:00,1012.74
2026-05-30 07:20:00,1012.91
2026-05-30 07:30:00,1013.04
2026-05-30 07:40:00,1013.1233333333333
2026-05-30 07:50:00,1013.205
2026-05-30 08:00:00,1013.18
2026-05-30 08:10:00,1013.41
2026-05-30 08:20:00,1013.5733333333334
2026-05-30 08:30:00,1013.555
2026-05-30 08:40:00,1013.5366666666665
2026-05-30 08:50:00,1013.535
2026-05-30 09:00:00,1013.6233333333333
2026-05-30 09:10:00,1013.5849999999999
2026-05-30 09:20:00,1013.7033333333334
2026-05-30 09:30:00,1013.6800000000001
2026-05-30 09:40:00,1013.5333333333333
2026-05-30 09:50:00,1013.49
2026-05-30 10:00:00,1013.4733333333334
2026-05-30 10:10:00,1013.31
2026-05-30 10:20:00,1013.205
2026-05-30 10:30:00,1013.1466666666669
2026-05-30 10:40:00,1013.135
2026-05-30 10:50:00,1013.1199999999999
2026-05-30 11:00:00,1012.995
2026-05-30 11:10:00,1012.8933333333334
2026-05-30 11:20:00,1012.8299999999999
2026-05-30 11:30:00,1012.6366666666667
2026-05-30 11:40:00,1012.615
2026-05-30 11:50:00,1012.4833333333332
2026-05-30 12:00:00,1012.3349999999999
2026-05-30 12:10:00,1012.35
2026-05-30 12:20:00,1012.245
2026-05-30 12:30:00,1012.1433333333334
2026-05-30 12:40:00,1011.885
2026-05-30 12:50:00,1011.8166666666666
2026-05-30 13:00:00,1011.715
2026-05-30 13:10:00,1011.6466666666666
2026-05-30 13:20:00,1011.5
2026-05-30 13:30:00,1011.4699999999999
2026-05-30 13:40:00,1011.29
2026-05-30 13:50:00,1011.1466666666666
2026-05-30 14:00:00,1011.015
2026-05-30 14:10:00,1011
2026-05-30 14:20:00,1010.9150000000001
2026-05-30 14:30:00,1010.8433333333332
2026-05-30 14:40:00,1010.9000000000001
2026-05-30 14:50:00,1010.8733333333333
2026-05-30 15:00:00,1010.75
2026-05-30 15:10:00,1010.5166666666668
2026-05-30 15:20:00,1010.53
2026-05-30 15:30:00,1010.5066666666667
2026-05-30 15:40:00,1010.525
2026-05-30 15:50:00,1010.6233333333333
2026-05-30 16:00:00,1010.62
2026-05-30 16:10:00,1010.73
2026-05-30 16:20:00,1010.805
2026-05-30 16:30:00,1011.0766666666668
2026-05-30 16:40:00,1011.1500000000001
2026-05-30 16:50:00,1011.3666666666668
2026-05-30 17:00:00,1011.45
2026-05-30 17:10:00,1011.5066666666667
2026-05-30 17:20:00,1011.44
2026-05-30 17:30:00,1011.5233333333334
2026-05-30 17:40:00,1011.75
2026-05-30 17:50:00,1011.8566666666666
2026-05-30 18:00:00,1012.07
2026-05-30 18:10:00,1012.2149999999999
2026-05-30 18:20:00,1012.3925000000002
2026-05-30 18:30:00,1012.535
2026-05-30 18:40:00,1012.7025000000001
2026-05-30 18:50:00,1012.71
2026-05-30 19:00:00,1012.7825
2026-05-30 19:10:00,1012.7833333333333
2026-05-30 19:20:00,1012.875
2026-05-30 19:30:00,1012.75
2026-05-30 19:40:00,1012.52
2026-05-30 19:50:00,1012.37
2026-05-30 20:00:00,1012.2233333333334
2026-05-30 20:10:00,1012.1350000000001
2026-05-30 20:20:00,1012.0899999999999
2026-06-01 08:30:00,1012.5466666666666
2026-06-01 08:40:00,1012.4350000000001
2026-06-01 08:50:00,1012.27
2026-06-01 09:00:00,1012.1750000000001
2026-06-01 09:10:00,1012.2933333333334
2026-06-01 09:20:00,1012.4300000000001
2026-06-01 09:30:00,1012.7333333333332
2026-06-01 09:40:00,1012.835
2026-06-01 09:50:00,1012.84
2026-06-01 10:00:00,1012.79
2026-06-01 10:10:00,1012.6966666666667
2026-06-01 10:20:00,1012.6350000000001
2026-06-01 10:30:00,1012.7599999999999
2026-06-01 10:40:00,1012.81
2026-06-01 11:20:00,1012.36
2026-06-01 11:30:00,1012.24
2026-06-01 11:40:00,1012.09
2026-06-01 11:50:00,1011.99
2026-06-01 12:00:00,1011.89
2026-06-01 12:10:00,1011.805
2026-06-01 12:20:00,1011.6266666666667
2026-06-01 12:30:00,1011.525
2026-06-01 12:40:00,1011.4766666666668
2026-06-01 12:50:00,1011.3449999999999
2026-06-01 13:00:00,1011.23
2026-06-01 13:10:00,1011.06
2026-06-01 13:20:00,1010.9966666666666
2026-06-01 13:30:00,1011.025
2026-06-01 13:40:00,1011
2026-06-01 13:50:00,1011.02
2026-06-01 14:00:00,1010.7999999999998
2026-06-01 14:10:00,1010.6700000000001
2026-06-01 14:20:00,1010.57
2026-06-01 14:30:00,1010.415
2026-06-01 14:40:00,1010.32
2026-06-01 14:50:00,1010.275
2026-06-01 15:00:00,1010.2133333333335
2026-06-01 15:10:00,1010.1400000000001
2026-06-01 15:20:00,1010.0966666666667
2026-06-01 15:30:00,1010.115
2026-06-01 15:40:00,1010.0266666666666
2026-06-01 15:50:00,1009.8950000000001
2026-06-01 16:00:00,1009.7933333333334
2026-06-01 16:10:00,1009.79
2026-06-01 16:20:00,1009.8566666666666
2026-06-01 16:30:00,1009.86
2026-06-01 16:40:00,1009.8966666666666
2026-06-01 16:50:00,1010.05
2026-06-01 17:00:00,1010.1366666666667
2026-06-01 17:10:00,1010.045
2026-06-01 17:20:00,1010.1633333333333
2026-06-01 17:30:00,1010.3449999999999
2026-06-01 17:40:00,1010.4233333333335
2026-06-01 17:50:00,1010.455
2026-06-01 18:00:00,1010.4433333333333
2026-06-01 18:10:00,1010.45
2026-06-01 18:20:00,1010.5566666666667
2026-06-01 18:30:00,1010.745
2026-06-01 18:40:00,1010.8966666666669
2026-06-01 18:50:00,1011.025
2026-06-01 19:00:00,1011.0466666666666
2026-06-01 19:10:00,1011
2026-06-01 19:20:00,1010.9633333333335
2026-06-01 19:30:00,1011.0899999999999
2026-06-01 19:40:00,1011.19
2026-06-01 19:50:00,1011.24
2026-06-01 20:00:00,1011.3666666666667
2026-06-01 20:10:00,1011.44
2026-06-01 20:20:00,1011.54
2026-06-01 20:30:00,1011.6
2026-06-01 20:40:00,1011.6533333333333
2026-06-01 20:50:00,1011.695
2026-06-01 21:00:00,1011.73
2026-06-01 21:10:00,1011.78
2026-06-01 21:20:00,1011.85
2026-06-01 21:30:00,1011.9000000000001
2026-06-01 21:40:00,1011.9066666666668
2026-06-01 21:50:00,1012
2026-06-01 22:00:00,1012.1066666666667
2026-06-01 22:10:00,1012.0949999999999
2026-06-01 22:20:00,1012.13
2026-06-01 22:30:00,1012.1866666666668
2026-06-01 22:40:00,1012.0749999999999
2026-06-01 22:50:00,1012.0066666666667
2026-06-01 23:00:00,1011.87
2026-06-01 23:10:00,1011.7633333333333
2026-06-01 23:20:00,1011.7
2026-06-01 23:30:00,1011.71
2026-06-01 23:40:00,1011.635
2026-06-01 23:50:00,1011.5433333333334
2026-06-02 00:00:00,1011.52
2026-06-02 00:10:00,1011.4566666666666
2026-06-02 00:20:00,1011.385
2026-06-02 00:30:00,1011.2533333333334
2026-06-02 00:40:00,1011.205
2026-06-02 00:50:00,1011.1833333333334
2026-06-02 01:00:00,1011.0649999999999
2026-06-02 01:10:00,1010.9966666666666
2026-06-02 01:20:00,1010.865
2026-06-02 01:30:00,1010.9200000000001
2026-06-02 01:40:00,1010.945
2026-06-02 01:50:00,1010.9333333333334
2026-06-02 02:00:00,1010.88
2026-06-02 02:10:00,1010.6733333333333
2026-06-02 02:20:00,1010.33
2026-06-02 02:30:00,1010.2866666666665
2026-06-02 02:40:00,1010.3249999999999
2026-06-02 02:50:00,1010.3433333333334
2026-06-02 03:00:00,1010.3
2026-06-02 03:10:00,1010.52
2026-06-02 03:20:00,1010.5699999999999
2026-06-02 03:30:00,1010.6533333333333
2026-06-02 03:40:00,1010.485
2026-06-02 03:50:00,1010.3833333333336
2026-06-02 04:00:00,1010.3900000000001
2026-06-02 04:10:00,1010.4100000000002
2026-06-02 04:20:00,1010.335
2026-06-02 04:30:00,1010.1666666666666
2026-06-02 04:40:00,1010.1450000000001
2026-06-02 04:50:00,1010.0799999999999
2026-06-02 05:00:00,1010.095
2026-06-02 05:10:00,1010.2400000000001
2026-06-02 05:20:00,1010.1800000000001
2026-06-02 05:30:00,1010.2066666666666
2026-06-02 05:40:00,1010.1800000000001
2026-06-02 05:50:00,1010.2366666666667
2026-06-02 06:00:00,1010.3349999999999
2026-06-02 06:10:00,1010.3533333333334
2026-06-02 06:20:00,1010.4200000000001
2026-06-02 06:30:00,1010.635
2026-06-02 06:40:00,1010.7133333333335
2026-06-02 06:50:00,1010.7
2026-06-02 07:00:00,1010.5799999999999
2026-06-02 07:10:00,1010.705
2026-06-02 07:20:00,1010.7933333333334
2026-06-02 07:30:00,1010.99
2026-06-02 07:40:00,1011.0633333333332
2026-06-02 07:50:00,1011.215
2026-06-02 08:00:00,1011.3299999999999
2026-06-02 08:10:00,1011.295
2026-06-02 08:20:00,1011.4366666666668
2026-06-02 08:30:00,1011.795
2026-06-02 08:40:00,1012
2026-06-02 08:50:00,1012.14
2026-06-02 09:00:00,1012.0600000000001
2026-06-02 09:10:00,1012.13
2026-06-02 09:20:00,1012.4733333333334
2026-06-02 09:30:00,1012.63
2026-06-02 09:40:00,1012.5066666666667
2026-06-02 09:50:00,1012.54
2026-06-02 10:00:00,1012.5266666666666
2026-06-02 10:10:00,1012.535
2026-06-02 10:20:00,1012.4466666666667
2026-06-02 10:30:00,1012.535
2026-06-02 10:40:00,1012.44
2026-06-02 10:50:00,1012.3199999999999
2026-06-02 11:00:00,1012.2666666666668
2026-06-02 11:10:00,1012.2
2026-06-02 11:20:00,1011.98
2026-06-02 11:30:00,1011.875
2026-06-02 11:40:00,1011.7666666666668
2026-06-02 11:50:00,1011.745
2026-06-02 12:00:00,1011.6866666666668
2026-06-02 12:10:00,1011.495
2026-06-02 12:20:00,1011.4
2026-06-02 12:30:00,1011.215
2026-06-02 12:40:00,1011.0866666666667
2026-06-02 12:50:00,1010.975
2026-06-02 13:00:00,1010.9500000000002
2026-06-02 13:10:00,1010.9050000000001
2026-06-02 13:20:00,1010.7933333333334
2026-06-02 13:30:00,1010.69
2026-06-02 13:40:00,1010.7433333333333
2026-06-02 13:50:00,1010.6550000000001
2026-06-02 14:00:00,1010.5766666666667
2026-06-02 14:10:00,1010.49
2026-06-02 14:20:00,1010.3933333333334
2026-06-02 14:30:00,1010.25
2026-06-02 14:40:00,1009.96
2026-06-02 14:50:00,1009.955
2026-06-02 15:00:00,1009.7866666666665
2026-06-02 15:10:00,1009.7
2026-06-02 15:20:00,1009.5933333333332
2026-06-02 15:30:00,1009.6600000000001
2026-06-02 15:40:00,1009.69
2026-06-02 15:50:00,1009.775
2026-06-02 16:00:00,1009.7666666666668
2026-06-02 16:10:00,1009.9000000000001
2026-06-02 16:20:00,1009.86
2026-06-02 16:30:00,1009.94
2026-06-02 16:40:00,1010.0266666666666
2026-06-02 16:50:00,1010.025
2026-06-02 17:00:00,1010.0166666666668
2026-06-02 17:10:00,1009.89
2026-06-02 17:20:00,1009.8966666666666
2026-06-02 17:30:00,1010.0699999999999
2026-06-02 17:40:00,1010.1833333333334
2026-06-02 17:50:00,1010.3249999999999
2026-06-02 18:00:00,1010.4266666666666
2026-06-02 18:10:00,1010.5649999999999
2026-06-02 18:20:00,1010.54
2026-06-02 18:30:00,1010.585
2026-06-02 18:40:00,1010.8066666666667
2026-06-02 18:50:00,1010.99
2026-06-02 19:00:00,1011.1666666666666
2026-06-02 19:10:00,1011.23
2026-06-02 19:20:00,1011.1666666666666
2026-06-02 19:30:00,1011.1400000000001
2026-06-02 19:40:00,1011.1433333333334
2026-06-02 19:50:00,1011.0749999999999
2026-06-02 20:00:00,1011.1300000000001
2026-06-02 20:10:00,1011.315
2026-06-02 20:20:00,1011.3699999999999
2026-06-02 20:30:00,1011.3399999999999
2026-06-02 20:40:00,1011.5799999999999
2026-06-02 20:50:00,1011.5999999999999
2026-06-02 21:00:00,1011.5333333333334
2026-06-02 21:10:00,1011.5450000000001
2026-06-02 21:20:00,1011.56
2026-06-02 21:30:00,1011.6850000000001
2026-06-02 21:40:00,1011.74
2026-06-02 21:50:00,1011.6666666666666
2026-06-02 22:00:00,1011.705
2026-06-02 22:10:00,1011.9166666666666
2026-06-02 22:20:00,1012.04
2026-06-02 22:30:00,1012.2966666666667
2026-06-02 22:40:00,1012.4100000000001
2026-06-02 22:50:00,1012.2533333333334
2026-06-02 23:00:00,1012.24
2026-06-02 23:10:00,1012.1866666666666
2026-06-02 23:20:00,1011.975
2026-06-02 23:30:00,1011.7633333333333
2026-06-02 23:40:00,1011.6550000000001
2026-06-02 23:50:00,1011.3766666666667
2026-06-03 00:00:00,1011.26
2026-06-03 00:10:00,1011.2033333333334
2026-06-03 00:20:00,1011.275
2026-06-03 00:30:00,1011.3466666666667
2026-06-03 00:40:00,1011.31
2026-06-03 00:50:00,1011.2266666666668
2026-06-03 01:00:00,1011.215
2026-06-03 01:10:00,1011.3133333333332
2026-06-03 01:20:00,1011.285
2026-06-03 01:30:00,1011.1766666666667
2026-06-03 01:40:00,1010.955
2026-06-03 01:50:00,1010.9566666666666
2026-06-03 02:00:00,1010.855
2026-06-03 02:10:00,1010.6700000000001
2026-06-03 02:20:00,1010.3499999999999
2026-06-03 02:30:00,1010.1933333333333
2026-06-03 02:40:00,1009.9250000000001
2026-06-03 02:50:00,1010.1
2026-06-03 03:00:00,1010.1350000000001
2026-06-03 03:10:00,1010.1133333333333
2026-06-03 03:20:00,1010.1650000000001
2026-06-03 03:30:00,1010.2000000000002
2026-06-03 03:40:00,1010.21
2026-06-03 03:50:00,1010.32
2026-06-03 04:00:00,1010.355
2026-06-03 04:10:00,1010.43
2026-06-03 04:20:00,1010.505
2026-06-03 04:30:00,1010.5533333333333
2026-06-03 04:40:00,1010.52
2026-06-03 04:50:00,1010.5366666666665
2026-06-03 05:00:00,1010.505
2026-06-03 05:10:00,1010.5766666666665
2026-06-03 05:20:00,1010.605
2026-06-03 05:30:00,1010.6666666666666
2026-06-03 05:40:00,1010.755
2026-06-03 05:50:00,1010.7633333333333
2026-06-03 06:00:00,1010.8
2026-06-03 06:10:00,1011.0233333333332
2026-06-03 06:20:00,1011.19
2026-06-03 06:30:00,1011.0300000000001
2026-06-03 06:40:00,1011.1450000000001
2026-06-03 06:50:00,1011.1566666666668
2026-06-03 07:00:00,1011.27
2026-06-03 07:10:00,1011.4333333333334
2026-06-03 07:20:00,1011.6700000000001
2026-06-03 07:30:00,1011.9166666666666
2026-06-03 07:40:00,1012.1400000000001
2026-06-03 07:50:00,1012.2533333333334
2026-06-03 08:00:00,1012.26
2026-06-03 08:10:00,1012.2266666666668
2026-06-03 08:20:00,1012.205
2026-06-03 08:30:00,1012.2000000000002
2026-06-03 08:40:00,1012.3399999999999
2026-06-03 08:50:00,1012.36
2026-06-03 09:00:00,1012.51
2026-06-03 09:10:00,1012.6633333333334
2026-06-03 09:20:00,1012.78
2026-06-03 09:30:00,1012.82
2026-06-03 09:40:00,1012.8299999999999
2026-06-03 09:50:00,1012.76
2026-06-03 10:00:00,1012.6433333333334
2026-06-03 10:10:00,1012.505
2026-06-03 10:20:00,1012.4066666666668
2026-06-03 10:30:00,1012.37
2026-06-03 10:40:00,1012.4500000000002
2026-06-03 10:50:00,1012.4
2026-06-03 11:00:00,1012.21
2026-06-03 11:10:00,1012.005
2026-06-03 11:20:00,1011.715
2026-06-03 11:30:00,1011.77
2026-06-03 11:40:00,1011.5566666666667
2026-06-03 11:50:00,1011.2925
2026-06-03 12:00:00,1011.3199999999999
2026-06-03 12:10:00,1011.27
2026-06-03 12:20:00,1011.1833333333334
2026-06-03 12:30:00,1011.1466666666669
2026-06-03 12:40:00,1011.1633333333334
2026-06-03 12:50:00,1011.02
2026-06-03 13:00:00,1011.0966666666667
2026-06-03 13:10:00,1011.4699999999999
2026-06-03 13:20:00,1011.43
2026-06-03 13:30:00,1011.14
2026-06-03 13:40:00,1010.9699999999999
2026-06-03 13:50:00,1010.9075
2026-06-03 14:00:00,1010.9383333333334
2026-06-03 14:10:00,1011.0049999999998
2026-06-03 14:20:00,1011.1225
2026-06-03 14:30:00,1011.3233333333333
2026-06-03 14:40:00,1011.3175
2026-06-03 14:50:00,1011.175
2026-06-03 15:00:00,1011.0699999999999
2026-06-03 15:10:00,1011.0866666666667
2026-06-03 15:20:00,1011.0433333333334
2026-06-03 15:30:00,1010.9966666666666
2026-06-03 15:40:00,1011.0300000000001
2026-06-03 15:50:00,1011.1650000000001
2026-06-03 16:00:00,1011.4025
2026-06-03 16:10:00,1011.48
2026-06-03 16:20:00,1011.7233333333334
2026-06-03 16:30:00,1011.8328571428572
2026-06-03 16:40:00,1011.8233333333333
2026-06-03 16:50:00,1011.9866666666667
2026-06-03 17:00:00,1012.2180000000001
2026-06-03 17:10:00,1012.3299999999999
2026-06-03 17:20:00,1012.3833333333336
2026-06-03 17:30:00,1012.4533333333334
2026-06-03 17:40:00,1012.62
2026-06-03 17:50:00,1012.645
2026-06-03 18:00:00,1012.8166666666666
2026-06-03 18:10:00,1012.9100000000002
2026-06-03 18:20:00,1012.9233333333335
2026-06-03 18:30:00,1012.9533333333334
2026-06-03 18:40:00,1012.96
2026-06-03 18:50:00,1012.7999999999998
2026-06-03 19:00:00,1012.7133333333335
2026-06-03 19:10:00,1012.635
2026-06-03 19:20:00,1012.655
2026-06-03 19:30:00,1012.6500000000001
2026-06-03 19:40:00,1012.5499999999998
2026-06-03 19:50:00,1012.4533333333334
2026-06-03 20:00:00,1012.3950000000001
2026-06-03 20:10:00,1012.3966666666669
2026-06-03 20:20:00,1012.45
2026-06-03 20:30:00,1012.54
2026-06-03 20:40:00,1012.68
2026-06-03 20:50:00,1012.9633333333335
2026-06-03 21:00:00,1013.135
2026-06-03 21:10:00,1013.35
2026-06-03 21:20:00,1013.625
2026-06-03 21:30:00,1013.8866666666667
2026-06-03 21:40:00,1013.98
2026-06-03 21:50:00,1013.9833333333332
2026-06-03 22:00:00,1014.0799999999999
2026-06-03 22:10:00,1014.1233333333333
2026-06-03 22:20:00,1014.1550000000001
2026-06-03 22:30:00,1014.0966666666667
2026-06-03 22:40:00,1014.1
2026-06-03 22:50:00,1014.02
2026-06-03 23:00:00,1013.845
2026-06-03 23:10:00,1013.7000000000002
2026-06-03 23:20:00,1013.61
2026-06-03 23:30:00,1013.4566666666666
2026-06-03 23:40:00,1013.355
2026-06-03 23:50:00,1013.1366666666667
2026-06-04 00:00:00,1013.0899999999999
2026-06-04 00:10:00,1013.0133333333333
2026-06-04 00:20:00,1012.885
2026-06-04 00:30:00,1012.8066666666667
2026-06-04 00:40:00,1012.8349999999999
2026-06-04 00:50:00,1012.7199999999999
2026-06-04 01:00:00,1012.47
2026-06-04 01:10:00,1012.2933333333334
2026-06-04 01:20:00,1012.285
2026-06-04 01:30:00,1012.15
2026-06-04 01:40:00,1012.055
2026-06-04 01:50:00,1011.9533333333334
2026-06-04 02:00:00,1011.9100000000001
2026-06-04 02:10:00,1011.8499999999999
2026-06-04 02:20:00,1011.7833333333333
2026-06-04 02:30:00,1011.6800000000001
2026-06-04 02:40:00,1011.64
2026-06-04 02:50:00,1011.56
2026-06-04 03:00:00,1011.6600000000002
2026-06-04 03:10:00,1011.595
2026-06-04 03:20:00,1011.4333333333334
2026-06-04 03:30:00,1011.4000000000001
2026-06-04 03:40:00,1011.3666666666668
2026-06-04 03:50:00,1011.4250000000001
2026-06-04 04:00:00,1011.41
2026-06-04 04:10:00,1011.3299999999999
2026-06-04 04:20:00,1011.2766666666666
2026-06-04 04:30:00,1011.3249999999999
2026-06-04 04:40:00,1011.3433333333332
2026-06-04 04:50:00,1011.29
2026-06-04 05:00:00,1011.3633333333333
2026-06-04 05:10:00,1011.365
2026-06-04 05:20:00,1011.4333333333334
2026-06-04 05:30:00,1011.445
2026-06-04 05:40:00,1011.4866666666667
2026-06-04 05:50:00,1011.57
2026-06-04 06:00:00,1011.7733333333334
2026-06-04 06:10:00,1011.945
2026-06-04 06:20:00,1011.9633333333335
2026-06-04 06:30:00,1011.985
2026-06-04 06:40:00,1012.1233333333333
2026-06-04 06:50:00,1012.22
2026-06-04 07:00:00,1012.3466666666667
2026-06-04 07:10:00,1012.4050000000001
2026-06-04 07:20:00,1012.4699999999999
2026-06-04 07:30:00,1012.6850000000001
2026-06-04 07:40:00,1012.8566666666666
2026-06-04 07:50:00,1013.05
2026-06-04 08:00:00,1013.14
2026-06-04 08:10:00,1013.23
2026-06-04 08:20:00,1013.2866666666665
2026-06-04 08:30:00,1013.3349999999999
2026-06-04 08:40:00,1013.35
2026-06-04 08:50:00,1013.2
2026-06-04 09:00:00,1013.23
2026-06-04 09:10:00,1013.2133333333335
2026-06-04 09:20:00,1013.155
2026-06-04 09:30:00,1013.035
2026-06-04 09:40:00,1013.02
2026-06-04 09:50:00,1013
2026-06-04 10:00:00,1012.8633333333333
2026-06-04 10:10:00,1012.715
2026-06-04 10:20:00,1012.77
2026-06-04 10:30:00,1012.775
2026-06-04 10:40:00,1012.7333333333332
2026-06-04 10:50:00,1012.7
2026-06-04 11:00:00,1012.7466666666666
2026-06-04 11:10:00,1012.6650000000001
2026-06-04 11:20:00,1012.6300000000001
2026-06-04 11:30:00,1012.585
2026-06-04 11:40:00,1012.5099999999999
2026-06-04 11:50:00,1012.4250000000001
2026-06-04 12:00:00,1012.3366666666667
2026-06-04 12:10:00,1012.235
2026-06-04 12:20:00,1012.0766666666665
2026-06-04 12:30:00,1012.0649999999999
2026-06-04 12:40:00,1012.1033333333334
2026-06-04 12:50:00,1011.955
2026-06-04 13:00:00,1011.85
2026-06-04 13:10:00,1011.7928571428571
2026-06-04 13:20:00,1011.64
2026-06-04 13:30:00,1011.44
2026-06-04 13:40:00,1011.3733333333333
2026-06-04 13:50:00,1011.3
2026-06-04 14:00:00,1011.3633333333333
2026-06-04 14:10:00,1011.525
2026-06-04 14:20:00,1011.4133333333333
2026-06-04 14:30:00,1011.25
2026-06-04 14:40:00,1011.21
2026-06-04 14:50:00,1011.22
2026-06-04 15:00:00,1011.1833333333334
2026-06-04 15:10:00,1011.19
2026-06-04 15:20:00,1011.0742857142856
2026-06-04 15:30:00,1010.9433333333333
2026-06-04 15:40:00,1011
2026-06-04 15:50:00,1011.0799999999999
2026-06-04 16:00:00,1011.1466666666669
2026-06-04 16:10:00,1011.2199999999999
2026-06-04 16:20:00,1011.285
2026-06-04 16:30:00,1011.4333333333334
2026-06-04 16:40:00,1011.51
2026-06-04 16:50:00,1011.6
2026-06-04 17:00:00,1011.76
2026-06-04 17:10:00,1011.85
2026-06-04 17:20:00,1011.9150000000001
2026-06-04 17:30:00,1011.9766666666668
2026-06-04 17:40:00,1012.0749999999999
2026-06-04 17:50:00,1012.1700000000001
2026-06-04 18:00:00,1012.1800000000001
2026-06-04 18:10:00,1012.2400000000001
2026-06-04 18:20:00,1012.36
2026-06-04 18:30:00,1012.5666666666666
2026-06-04 18:40:00,1012.6766666666667
2026-06-04 18:50:00,1012.77
2026-06-04 19:00:00,1012.8333333333334
2026-06-04 19:10:00,1012.9100000000001
2026-06-04 19:20:00,1012.9100000000002
2026-06-04 19:30:00,1012.86
2026-06-04 19:40:00,1012.8766666666667
2026-06-04 19:50:00,1012.9833333333332
2026-06-04 20:00:00,1013.12
2026-06-04 20:10:00,1013.2133333333335
2026-06-04 20:20:00,1013.26
2026-06-04 20:30:00,1013.2933333333334
2026-06-04 20:40:00,1013.38
2026-06-04 20:50:00,1013.48
2026-06-04 21:00:00,1013.505
2026-06-04 21:10:00,1013.5766666666665
2026-06-04 21:20:00,1013.6400000000001
2026-06-04 21:30:00,1013.6033333333331
2026-06-04 21:40:00,1013.62
2026-06-04 21:50:00,1013.57
2026-06-04 22:00:00,1013.53
2026-06-04 22:10:00,1013.4833333333332
2026-06-04 22:20:00,1013.4833333333332
2026-06-04 22:30:00,1013.495
2026-06-04 22:40:00,1013.4066666666668
2026-06-04 22:50:00,1013.4300000000001
2026-06-04 23:00:00,1013.3533333333331
2026-06-04 23:10:00,1013.305
2026-06-04 23:20:00,1013.2433333333333
2026-06-04 23:30:00,1013.22
2026-06-04 23:40:00,1013.1333333333333
2026-06-04 23:50:00,1013.005
2026-06-05 00:00:00,1013.0466666666666
2026-06-05 00:10:00,1013.045
2026-06-05 00:20:00,1012.9
2026-06-05 00:30:00,1012.795
2026-06-05 00:40:00,1012.7000000000002
2026-06-05 00:50:00,1012.695
2026-06-05 01:00:00,1012.64
2026-06-05 01:10:00,1012.545
2026-06-05 01:20:00,1012.4100000000002
2026-06-05 01:30:00,1012.295
2026-06-05 01:40:00,1012.1933333333333
2026-06-05 01:50:00,1012.0849999999999
2026-06-05 02:00:00,1011.9733333333334
2026-06-05 02:10:00,1011.8800000000001
2026-06-05 02:20:00,1011.7166666666667
2026-06-05 02:30:00,1011.545
2026-06-05 02:40:00,1011.3766666666667
2026-06-05 02:50:00,1011.205
2026-06-05 03:00:00,1011.14
2026-06-05 03:10:00,1011.06
2026-06-05 03:20:00,1011.0300000000001
2026-06-05 03:30:00,1011.0699999999999
2026-06-05 03:40:00,1011.0833333333334
2026-06-05 03:50:00,1011.06
2026-06-05 04:00:00,1011.0233333333332
2026-06-05 04:10:00,1010.955
2026-06-05 04:20:00,1010.8833333333333
2026-06-05 04:30:00,1010.765
2026-06-05 04:40:00,1010.84
2026-06-05 04:50:00,1010.94
2026-06-05 05:00:00,1011.1033333333334
2026-06-05 05:10:00,1011.1350000000001
2026-06-05 05:20:00,1011.2833333333333
2026-06-05 05:30:00,1011.4100000000001
2026-06-05 05:40:00,1011.48
2026-06-05 05:50:00,1011.7
2026-06-05 06:00:00,1011.93
2026-06-05 06:10:00,1012.225
2026-06-05 06:20:00,1012.3466666666667
2026-06-05 06:30:00,1012.46
2026-06-05 06:40:00,1012.6933333333333
2026-06-05 06:50:00,1012.8149999999999
2026-06-05 07:00:00,1012.9566666666666
2026-06-05 07:10:00,1012.96
2026-06-05 07:20:00,1013.005
2026-06-05 07:30:00,1012.9766666666668
2026-06-05 07:40:00,1012.99
2026-06-05 07:50:00,1013.1033333333335
2026-06-05 08:00:00,1013.1550000000001
2026-06-05 08:10:00,1013.2400000000001
2026-06-05 08:20:00,1013.3149999999999
2026-06-05 08:30:00,1013.34
2026-06-05 08:40:00,1013.265
2026-06-05 08:50:00,1013.1733333333335
2026-06-05 09:00:00,1013.06
2026-06-05 09:10:00,1012.9133333333334
2026-06-05 09:20:00,1012.95
2026-06-05 09:30:00,1012.9266666666667
2026-06-05 09:40:00,1012.885
2026-06-05 09:50:00,1012.86
2026-06-05 10:00:00,1012.605
2026-06-05 10:10:00,1012.59
2026-06-05 10:20:00,1012.605
2026-06-05 10:30:00,1012.5099999999999
2026-06-05 10:40:00,1012.46
2026-06-05 10:50:00,1012.4966666666666
2026-06-05 11:00:00,1012.5533333333333
2026-06-05 11:10:00,1012.5161538461538
2026-06-05 11:20:00,1012.47
2026-06-05 11:30:00,1012.3199999999999
2026-06-05 11:40:00,1012.1766666666666
2026-06-05 11:50:00,1012.0133333333333
2026-06-05 12:00:00,1011.9150000000001
2026-06-05 12:10:00,1011.7966666666666
2026-06-05 12:20:00,1011.8
2026-06-05 12:30:00,1011.5600000000001
2026-06-05 12:40:00,1011.4100000000001
2026-06-05 12:50:00,1011.1833333333334
2026-06-05 13:00:00,1011.205
2026-06-05 13:10:00,1011.1166666666668
2026-06-05 13:20:00,1011.0999999999999
2026-06-05 13:30:00,1011.1066666666667
2026-06-05 13:40:00,1010.94
2026-06-05 13:50:00,1010.91
2026-06-05 14:00:00,1010.9000000000001
2026-06-05 14:10:00,1010.73
2026-06-05 14:20:00,1010.78
2026-06-05 14:30:00,1010.7433333333333
2026-06-05 14:40:00,1010.82
2026-06-05 14:50:00,1010.8066666666667
2026-06-05 15:00:00,1010.8266666666665
2026-06-05 15:10:00,1010.79125
2026-06-05 15:20:00,1010.6725000000001
2026-06-05 15:30:00,1010.6766666666667
2026-06-05 15:40:00,1010.71
2026-06-05 15:50:00,1010.7400000000001
2026-06-05 16:00:00,1010.8299999999999
2026-06-05 16:10:00,1010.9066666666668
2026-06-05 16:20:00,1010.965
2026-06-05 16:30:00,1011.0066666666667
2026-06-05 16:40:00,1011.0499999999998
2026-06-05 16:50:00,1011.1033333333334
2026-06-05 17:00:00,1011.13
2026-06-05 17:10:00,1011.075
2026-06-05 17:20:00,1011.13
2026-06-05 17:30:00,1011.1866666666668
2026-06-05 17:40:00,1011.245
2026-06-05 17:50:00,1011.3633333333333
2026-06-05 18:00:00,1011.54
2026-06-05 18:10:00,1011.6700000000001
2026-06-05 18:20:00,1011.765
2026-06-05 18:30:00,1011.86
2026-06-05 18:40:00,1011.97
2026-06-05 18:50:00,1012.1133333333333
2026-06-05 19:00:00,1012.22
2026-06-05 19:10:00,1012.2733333333332
2026-06-05 19:20:00,1012.3399999999999
2026-06-05 19:30:00,1012.4233333333333
2026-06-05 19:40:00,1012.47
2026-06-05 19:50:00,1012.5766666666667
2026-06-05 20:00:00,1012.6450000000001
2026-06-05 20:10:00,1012.7033333333334
2026-06-05 20:20:00,1012.8199999999999
2026-06-05 20:30:00,1012.91
2026-06-05 20:40:00,1012.96
2026-06-05 20:50:00,1012.9833333333332
2026-06-05 21:00:00,1013.025
2026-06-05 21:10:00,1012.9433333333333
2026-06-05 21:20:00,1012.8950000000001
2026-06-05 21:30:00,1012.9000000000001
2026-06-05 21:40:00,1012.86
2026-06-05 21:50:00,1012.87
2026-06-05 22:00:00,1012.945
2026-06-05 22:10:00,1012.8766666666667
2026-06-05 22:20:00,1012.875
2026-06-05 22:30:00,1012.8233333333333
2026-06-05 22:40:00,1012.72
2026-06-05 22:50:00,1012.6866666666668
2026-06-05 23:00:00,1012.69
2026-06-05 23:10:00,1012.6200000000001
2026-06-05 23:20:00,1012.6233333333333
2026-06-05 23:30:00,1012.6049999999999
2026-06-05 23:40:00,1012.5766666666665
2026-06-05 23:50:00,1012.53
2026-06-06 00:00:00,1012.4233333333335
2026-06-06 00:10:00,1012.3449999999999
2026-06-06 00:20:00,1012.1866666666668
2026-06-06 00:30:00,1012.045
2026-06-06 00:40:00,1011.8533333333334
2026-06-06 00:50:00,1011.735
2026-06-06 01:00:00,1011.6266666666667
2026-06-06 01:10:00,1011.495
2026-06-06 01:20:00,1011.3866666666667
2026-06-06 01:30:00,1011.255
2026-06-06 01:40:00,1011.1366666666667
2026-06-06 01:50:00,1011.01
2026-06-06 02:00:00,1010.8800000000001
2026-06-06 02:10:00,1010.7199999999999
2026-06-06 02:20:00,1010.5649999999999
2026-06-06 02:30:00,1010.4966666666666
2026-06-06 02:40:00,1010.4100000000001
2026-06-06 02:50:00,1010.37
2026-06-06 03:00:00,1010.28
2026-06-06 03:10:00,1010.1966666666667
2026-06-06 03:20:00,1010.15
2026-06-06 03:30:00,1010.1033333333331
2026-06-06 03:40:00,1010.06
2026-06-06 03:50:00,1009.9900000000001
2026-06-06 04:00:00,1010.045
2026-06-06 04:10:00,1010.0999999999999
2026-06-06 04:20:00,1010.12
2026-06-06 04:30:00,1010.1833333333334
2026-06-06 04:40:00,1010.3
2026-06-06 04:50:00,1010.4266666666666
2026-06-06 05:00:00,1010.54
2026-06-06 05:10:00,1010.6
2026-06-06 05:20:00,1010.6400000000001
2026-06-06 05:30:00,1010.5799999999999
2026-06-06 05:40:00,1010.6
2026-06-06 05:50:00,1010.7733333333332
2026-06-06 06:00:00,1010.9200000000001
2026-06-06 06:10:00,1011.0866666666666
2026-06-06 06:20:00,1011.1550000000001
2026-06-06 06:30:00,1011.195
2026-06-06 06:40:00,1011.37
2026-06-06 06:50:00,1011.5
2026-06-06 07:00:00,1011.5733333333333
2026-06-06 07:10:00,1011.59
2026-06-06 07:20:00,1011.6533333333333
2026-06-06 07:30:00,1011.78
2026-06-06 07:40:00,1011.8033333333333
2026-06-06 07:50:00,1011.945
2026-06-06 08:00:00,1012.0566666666667
2026-06-06 08:10:00,1012.12
2026-06-06 08:20:00,1012.23
2026-06-06 08:30:00,1012.285
2026-06-06 08:40:00,1012.3266666666665
2026-06-06 08:50:00,1012.345
2026-06-06 09:00:00,1012.3566666666666
2026-06-06 09:10:00,1012.275
2026-06-06 09:20:00,1012.2233333333334
2026-06-06 09:30:00,1012.1650000000001
2026-06-06 09:40:00,1012.2000000000002
2026-06-06 09:50:00,1012.235
2026-06-06 10:00:00,1012.1199999999999
2026-06-06 10:10:00,1012.015
2026-06-06 10:20:00,1011.8633333333333
2026-06-06 10:30:00,1011.8149999999999
2026-06-06 10:40:00,1011.8133333333332
2026-06-06 10:50:00,1011.695
2026-06-06 11:00:00,1011.61
2026-06-06 11:10:00,1011.4000000000001
2026-06-06 11:20:00,1011.3833333333336
2026-06-06 11:30:00,1011.355
2026-06-06 11:40:00,1011.4433333333333
2026-06-06 11:50:00,1011.36
2026-06-06 12:00:00,1011.2866666666665
2026-06-06 12:10:00,1011.25
2026-06-06 12:20:00,1011.2233333333334
2026-06-06 12:30:00,1011.0999999999999
2026-06-06 12:40:00,1011.0066666666667
2026-06-06 12:50:00,1010.8566666666666
2026-06-06 13:00:00,1010.808
2026-06-06 13:10:00,1010.738
2026-06-06 13:20:00,1010.6833333333334
2026-06-06 13:30:00,1010.5300000000001
2026-06-06 13:40:00,1010.4050000000001
2026-06-06 13:50:00,1010.23
2026-06-06 14:00:00,1010.0625
2026-06-06 14:10:00,1010.015
2026-06-06 14:20:00,1009.9375000000001
2026-06-06 14:30:00,1009.975
2026-06-06 14:40:00,1009.97
2026-06-06 14:50:00,1009.9500000000002
2026-06-06 15:00:00,1009.85
2026-06-06 15:10:00,1009.69
2026-06-06 15:20:00,1009.9966666666667
2026-06-06 15:30:00,1009.9936842105263
2026-06-06 15:40:00,1009.8255555555556
2026-06-06 15:50:00,1009.905
2026-06-06 16:00:00,1010.0633333333332
2026-06-06 16:10:00,1010.1066666666666
2026-06-06 16:20:00,1010.1600000000001
2026-06-06 16:30:00,1010.1850000000001
2026-06-06 16:40:00,1010.2033333333334
2026-06-06 16:50:00,1010.3199999999999
2026-06-06 17:00:00,1010.36
2026-06-06 17:10:00,1010.4350000000001
2026-06-06 17:20:00,1010.4266666666667
2026-06-06 17:30:00,1010.49
2026-06-06 17:40:00,1010.6133333333333
2026-06-06 17:50:00,1010.6550000000001
2026-06-06 18:00:00,1010.7833333333333
2026-06-06 18:10:00,1010.91
2026-06-06 18:20:00,1010.9333333333334
2026-06-06 18:30:00,1011.02
2026-06-06 18:40:00,1011.1366666666667
2026-06-06 18:50:00,1011.3499999999999
2026-06-06 19:00:00,1011.5
2026-06-06 19:10:00,1011.585
2026-06-06 19:20:00,1011.7233333333334
2026-06-06 19:30:00,1011.72
2026-06-06 19:40:00,1011.6766666666666
2026-06-06 19:50:00,1011.7
2026-06-06 20:00:00,1011.7233333333334
2026-06-06 20:10:00,1011.6566666666668
2026-06-06 20:20:00,1011.5999999999999
2026-06-06 20:30:00,1011.61
2026-06-06 20:40:00,1011.5799999999999
2026-06-06 20:50:00,1011.64
2026-06-06 21:00:00,1011.85
2026-06-06 21:10:00,1012.0366666666665
2026-06-06 21:20:00,1012.1550000000001
2026-06-06 21:30:00,1012.1733333333335
2026-06-06 21:40:00,1011.985
2026-06-06 21:50:00,1011.9033333333333
2026-06-06 22:00:00,1012.0749999999999
2026-06-06 22:10:00,1012.1666666666666
2026-06-06 22:20:00,1012.1650000000001
2026-06-06 22:30:00,1012.1
2026-06-06 22:40:00,1012.0066666666667
2026-06-06 22:50:00,1011.94
2026-06-06 23:00:00,1011.85
2026-06-06 23:10:00,1011.765
2026-06-06 23:20:00,1011.7000000000002
2026-06-06 23:30:00,1011.63
2026-06-06 23:40:00,1011.5566666666667
2026-06-06 23:50:00,1011.52
2026-06-07 00:00:00,1011.3133333333334
2026-06-07 00:10:00,1011.095
2026-06-07 00:20:00,1010.9366666666668
2026-06-07 00:30:00,1010.805
2026-06-07 00:40:00,1010.7333333333332
2026-06-07 00:50:00,1010.615
2026-06-07 01:00:00,1010.3100000000001
2026-06-07 01:10:00,1010.135
2026-06-07 01:20:00,1009.9699999999999
2026-06-07 01:30:00,1009.8449999999999
2026-06-07 01:40:00,1009.7400000000001
2026-06-07 01:50:00,1009.74
2026-06-07 02:00:00,1009.7433333333333
2026-06-07 02:10:00,1009.765
2026-06-07 02:20:00,1009.735
2026-06-07 02:30:00,1009.8166666666666
2026-06-07 02:40:00,1009.85
2026-06-07 02:50:00,1009.8366666666666
2026-06-07 03:00:00,1009.77
2026-06-07 03:10:00,1009.7833333333333
2026-06-07 03:20:00,1009.8349999999999
2026-06-07 03:30:00,1009.8066666666667
2026-06-07 03:40:00,1009.7133333333335
2026-06-07 03:50:00,1009.78
2026-06-07 04:00:00,1009.7533333333334
2026-06-07 04:10:00,1009.725
2026-06-07 04:20:00,1009.7066666666666
2026-06-07 04:30:00,1009.81
2026-06-07 04:40:00,1009.8933333333334
2026-06-07 04:50:00,1010.045
2026-06-07 05:00:00,1010.14
2026-06-07 05:10:00,1010.27
2026-06-07 05:20:00,1010.3766666666667
2026-06-07 05:30:00,1010.4350000000001
2026-06-07 05:40:00,1010.4200000000001
2026-06-07 05:50:00,1010.48
2026-06-07 06:00:00,1010.4966666666666
2026-06-07 06:10:00,1010.55
2026-06-07 06:20:00,1010.62
2026-06-07 06:30:00,1010.6400000000001
2026-06-07 06:40:00,1010.6633333333334
2026-06-07 06:50:00,1010.735
2026-06-07 07:00:00,1010.7766666666666
2026-06-07 07:10:00,1010.9250000000001
2026-06-07 07:20:00,1011.0633333333334
2026-06-07 07:30:00,1011.27
2026-06-07 07:40:00,1011.4166666666666
2026-06-07 07:50:00,1011.53
2026-06-07 08:00:00,1011.6866666666668
2026-06-07 08:10:00,1011.8299999999999
2026-06-07 08:20:00,1012.0233333333332
2026-06-07 08:30:00,1012.0649999999999
2026-06-07 08:40:00,1012.0666666666666
2026-06-07 08:50:00,1012.115
2026-06-07 09:00:00,1012.18
2026-06-07 09:10:00,1012.2433333333333
2026-06-07 09:20:00,1012.285
2026-06-07 09:30:00,1012.2866666666665
2026-06-07 09:40:00,1012.24
2026-06-07 09:50:00,1012.135
2026-06-07 10:00:00,1012.06
2026-06-07 10:10:00,1012.0533333333333
2026-06-07 10:20:00,1011.995
2026-06-07 10:30:00,1011.9200000000001
2026-06-07 10:40:00,1011.9150000000001
2026-06-07 10:50:00,1011.8433333333332
2026-06-07 11:00:00,1011.735
2026-06-07 11:10:00,1011.7033333333334
2026-06-07 11:20:00,1011.6750000000001
2026-06-07 11:30:00,1011.6600000000001
2026-06-07 11:40:00,1011.6700000000001
2026-06-07 11:50:00,1011.555
2026-06-07 12:00:00,1011.4733333333334
2026-06-07 12:10:00,1011.45
2026-06-07 12:20:00,1011.4033333333333
2026-06-07 12:30:00,1011.265
2026-06-07 12:40:00,1011.1733333333335
2026-06-07 12:50:00,1011.0699999999999
2026-06-07 13:00:00,1010.9900000000001
2026-06-07 13:10:00,1010.95
2026-06-07 13:20:00,1010.8766666666667
2026-06-07 13:30:00,1010.7933333333334
2026-06-07 13:40:00,1010.7
2026-06-07 13:50:00,1010.61
2026-06-07 14:00:00,1010.51
2026-06-07 14:10:00,1010.3966666666666
2026-06-07 14:20:00,1010.255
2026-06-07 14:30:00,1010.23
2026-06-07 14:40:00,1010.22
2026-06-07 14:50:00,1010.29
2026-06-07 15:00:00,1010.37
2026-06-07 15:10:00,1010.4133333333334
2026-06-07 15:20:00,1010.525
2026-06-07 15:30:00,1010.5633333333332
2026-06-07 15:40:00,1010.5366666666665
2026-06-07 15:50:00,1010.5233333333332
2026-06-07 16:00:00,1010.52
2026-06-07 16:10:00,1010.5333333333333
2026-06-07 16:20:00,1010.4250000000001
2026-06-07 16:30:00,1010.4533333333334
2026-06-07 16:40:00,1010.625
2026-06-07 16:50:00,1010.7766666666666
2026-06-07 17:00:00,1010.895
2026-06-07 17:10:00,1010.98
2026-06-07 17:20:00,1011.2
2026-06-07 17:30:00,1011.3633333333333
2026-06-07 17:40:00,1011.455
2026-06-07 17:50:00,1011.6566666666668
2026-06-07 18:00:00,1011.785
2026-06-07 18:10:00,1011.9833333333332
2026-06-07 18:20:00,1012.025
2026-06-07 18:30:00,1012.1433333333334
2026-06-07 18:40:00,1012.25
2026-06-07 18:50:00,1012.295
2026-06-07 19:00:00,1012.3925000000002
2026-06-07 19:10:00,1012.51
2026-06-07 19:20:00,1012.5933333333332
2026-06-07 19:30:00,1012.6450000000001
2026-06-07 19:40:00,1012.7433333333333
2026-06-07 19:50:00,1012.86
2026-06-07 20:00:00,1012.965
2026-06-07 20:10:00,1012.9900000000001
2026-06-07 20:20:00,1013.02
2026-06-07 20:30:00,1012.9625000000001
2026-06-07 20:40:00,1012.9000000000001
2026-06-07 20:50:00,1012.9500000000002
2026-06-07 21:00:00,1013.05
2026-06-07 21:10:00,1013.0899999999998
2026-06-07 21:20:00,1013.1500000000001
2026-06-07 21:30:00,1013.1533333333333
2026-06-07 21:40:00,1013.205
2026-06-07 21:50:00,1013.2933333333334
2026-06-07 22:00:00,1013.385
2026-06-07 22:10:00,1013.3966666666669
2026-06-07 22:20:00,1013.44
2026-06-07 22:30:00,1013.56
2026-06-07 22:40:00,1013.63
2026-06-07 22:50:00,1013.64
2026-06-07 23:00:00,1013.5749999999999
2026-06-07 23:10:00,1013.5433333333334
2026-06-07 23:20:00,1013.56
2026-06-07 23:30:00,1013.5425
2026-06-07 23:40:00,1013.515
2026-06-07 23:50:00,1013.3033333333333
2026-06-08 00:00:00,1013.2800000000001
2026-06-08 00:10:00,1013.23
2026-06-08 00:20:00,1013.21
2026-06-08 00:30:00,1013.0666666666666
2026-06-08 00:40:00,1012.9200000000001
2026-06-08 00:50:00,1012.8149999999999
2026-06-08 01:00:00,1012.6466666666666
2026-06-08 01:10:00,1012.5749999999999
2026-06-08 01:20:00,1012.4200000000001
2026-06-08 01:30:00,1012.4150000000001
2026-06-08 01:40:00,1012.3499999999999
2026-06-08 01:50:00,1012.31
2026-06-08 02:00:00,1012.32
2026-06-08 02:10:00,1012.295
2026-06-08 02:20:00,1012.32
2026-06-08 02:30:00,1012.3800000000001
2026-06-08 02:40:00,1012.4633333333335
2026-06-08 02:50:00,1012.525
2026-06-08 03:00:00,1012.5766666666665
2026-06-08 03:10:00,1012.535
2026-06-08 03:20:00,1012.5533333333333
2026-06-08 03:30:00,1012.5733333333333
2026-06-08 03:40:00,1012.71
2026-06-08 03:50:00,1012.73
2026-06-08 04:00:00,1012.68
2026-06-08 04:10:00,1012.6566666666668
2026-06-08 04:20:00,1012.6733333333335
2026-06-08 04:30:00,1012.7366666666667
2026-06-08 04:40:00,1012.795
2026-06-08 04:50:00,1012.98
2026-06-08 05:00:00,1013.0999999999999
2026-06-08 05:10:00,1013.16
2026-06-08 05:20:00,1013.265
2026-06-08 05:30:00,1013.4366666666668
2026-06-08 05:40:00,1013.71
2026-06-08 05:50:00,1013.84
2026-06-08 06:00:00,1013.9050000000001
2026-06-08 06:10:00,1014.0033333333334
2026-06-08 06:20:00,1014.135
2026-06-08 06:30:00,1014.43
2026-06-08 06:40:00,1014.5649999999999
2026-06-08 06:50:00,1014.5466666666666
2026-06-08 07:00:00,1014.6800000000001
2026-06-08 07:10:00,1014.7633333333333
2026-06-08 07:20:00,1014.84
2026-06-08 07:30:00,1014.9566666666666
2026-06-08 07:40:00,1015.01
2026-06-08 07:50:00,1015.1
2026-06-08 08:00:00,1015.1833333333334
2026-06-08 08:10:00,1015.205
2026-06-08 08:20:00,1015.18
2026-06-08 08:30:00,1015.1850000000001
2026-06-08 08:40:00,1015.1
2026-06-08 08:50:00,1014.96
2026-06-08 09:00:00,1014.9033333333333
2026-06-08 09:10:00,1014.9000000000001
2026-06-08 09:20:00,1014.96
2026-06-08 09:30:00,1014.8733333333333
2026-06-08 09:40:00,1014.8149999999999
2026-06-08 09:50:00,1014.6733333333335
2026-06-08 10:00:00,1014.625
2026-06-08 10:10:00,1014.6233333333333
2026-06-08 10:20:00,1014.6250000000001
2026-06-08 10:30:00,1014.7466666666666
2026-06-08 10:40:00,1014.575
2026-06-08 10:50:00,1014.6066666666667
2026-06-08 11:00:00,1014.735
2026-06-08 11:10:00,1014.74
2026-06-08 11:20:00,1014.64
2026-06-08 11:30:00,1014.495
2026-06-08 11:40:00,1014.4666666666667
2026-06-08 11:50:00,1014.24
2026-06-08 12:00:00,1014.0099999999999
2026-06-08 12:10:00,1014.005
2026-06-08 12:20:00,1014.0300000000001
2026-06-08 12:30:00,1013.94
2026-06-08 12:40:00,1013.8966666666666
2026-06-08 12:50:00,1013.7866666666665
2026-06-08 13:00:00,1013.625
2026-06-08 13:10:00,1013.51
2026-06-08 13:20:00,1013.4266666666667
2026-06-08 13:30:00,1013.36
2026-06-08 13:40:00,1013.2833333333333
2026-06-08 13:50:00,1013.265
2026-06-08 14:00:00,1013.1199999999999
2026-06-08 14:10:00,1013.055
2026-06-08 14:20:00,1012.9833333333332
2026-06-08 14:30:00,1012.8850000000001
2026-06-08 14:40:00,1012.8433333333332
2026-06-08 14:50:00,1013
2026-06-08 15:00:00,1013.0366666666665
2026-06-08 15:10:00,1012.99
2026-06-08 15:20:00,1012.9033333333333
2026-06-08 15:30:00,1012.785
2026-06-08 15:40:00,1012.8433333333332
2026-06-08 15:50:00,1012.9200000000001
2026-06-08 16:00:00,1013.07
2026-06-08 16:10:00,1013.1850000000001
2026-06-08 16:20:00,1013.1766666666667
2026-06-08 16:30:00,1013.195
2026-06-08 16:40:00,1013.1550000000001
2026-06-08 16:50:00,1013.2466666666666
2026-06-08 17:00:00,1013.355
2026-06-08 17:10:00,1013.5
2026-06-08 17:20:00,1013.67
2026-06-08 17:30:00,1013.8033333333333
2026-06-08 17:40:00,1013.85
2026-06-08 17:50:00,1013.9266666666667
2026-06-08 18:00:00,1014.055
2026-06-08 18:10:00,1014.2199999999999
2026-06-08 18:20:00,1014.375
2026-06-08 18:30:00,1014.3299999999999
2026-06-08 18:40:00,1014.31
2026-06-08 18:50:00,1014.2433333333333
2026-06-08 19:00:00,1014.3149999999999
2026-06-08 19:10:00,1014.405
2026-06-08 19:20:00,1014.55
2026-06-08 19:30:00,1014.6633333333334
2026-06-08 19:40:00,1014.7
2026-06-08 19:50:00,1014.7133333333335
2026-06-08 20:00:00,1014.6700000000001
2026-06-08 20:10:00,1014.68
2026-06-08 20:20:00,1014.6700000000001
2026-06-08 20:30:00,1014.6333333333333
2026-06-08 20:40:00,1014.6650000000001
2026-06-08 20:50:00,1014.7533333333334
2026-06-08 21:00:00,1014.9100000000001
2026-06-08 21:10:00,1014.9833333333332
2026-06-08 21:20:00,1015.04
2026-06-08 21:30:00,1015.1866666666668
2026-06-08 21:40:00,1015.25
2026-06-08 21:50:00,1015.3733333333333
2026-06-08 22:00:00,1015.49
2026-06-08 22:10:00,1015.5499999999998
2026-06-08 22:20:00,1015.56
2026-06-08 22:30:00,1015.5066666666667
2026-06-08 22:40:00,1015.4133333333334
2026-06-08 22:50:00,1015.4150000000001
2026-06-08 23:00:00,1015.4175
2026-06-08 23:10:00,1015.275
2026-06-08 23:20:00,1015.2033333333334
2026-06-08 23:30:00,1015.0849999999999
2026-06-08 23:40:00,1015.0166666666668
2026-06-08 23:50:00,1014.865
2026-06-09 00:00:00,1014.73
2026-06-09 00:10:00,1014.6800000000001
2026-06-09 00:20:00,1014.6066666666666
2026-06-09 00:30:00,1014.52
2026-06-09 00:40:00,1014.4033333333333
2026-06-09 00:50:00,1014.3199999999999
2026-06-09 01:00:00,1014.2766666666666
2026-06-09 01:10:00,1014.1250000000001
2026-06-09 01:20:00,1014.04
2026-06-09 01:30:00,1013.955
2026-06-09 01:40:00,1013.9699999999999
2026-06-09 01:50:00,1013.9350000000001
2026-06-09 02:00:00,1013.8266666666665
2026-06-09 02:10:00,1013.715
2026-06-09 02:20:00,1013.6733333333335
2026-06-09 02:30:00,1013.6350000000001
2026-06-09 02:40:00,1013.6600000000002
2026-06-09 02:50:00,1013.62
2026-06-09 03:00:00,1013.6933333333333
2026-06-09 03:10:00,1013.7333333333332
2026-06-09 03:20:00,1013.7166666666667
2026-06-09 03:30:00,1013.69
2026-06-09 03:40:00,1013.69
2026-06-09 03:50:00,1013.715
2026-06-09 04:00:00,1013.7000000000002
2026-06-09 04:10:00,1013.715
2026-06-09 04:20:00,1013.7466666666666
2026-06-09 04:30:00,1013.7599999999999
2026-06-09 04:40:00,1013.76
2026-06-09 04:50:00,1013.7833333333333
2026-06-09 05:00:00,1013.755
2026-06-09 05:10:00,1013.77
2026-06-09 05:20:00,1013.8199999999999
2026-06-09 05:30:00,1013.8066666666667
2026-06-09 05:40:00,1013.8366666666666
2026-06-09 05:50:00,1013.94
2026-06-09 06:00:00,1014.0166666666668
2026-06-09 06:10:00,1014
2026-06-09 06:20:00,1014.1166666666667
2026-06-09 06:30:00,1014.2
2026-06-09 06:40:00,1014.3666666666668
2026-06-09 06:50:00,1014.46
2026-06-09 07:00:00,1014.5333333333333
2026-06-09 07:10:00,1014.5799999999999
2026-06-09 07:20:00,1014.6966666666667
2026-06-09 07:30:00,1014.8249999999999
2026-06-09 07:40:00,1014.9500000000002
2026-06-09 07:50:00,1015.0733333333333
2026-06-09 08:00:00,1015.13
2026-06-09 08:10:00,1015.2666666666668
2026-06-09 08:20:00,1015.37
2026-06-09 08:30:00,1015.4000000000001
2026-06-09 08:40:00,1015.47
2026-06-09 08:50:00,1015.5166666666668
2026-06-09 09:00:00,1015.5499999999998
2026-06-09 09:10:00,1015.56
2026-06-09 09:20:00,1015.5099999999999
2026-06-09 09:30:00,1015.4300000000001
2026-06-09 09:40:00,1015.3666666666667
2026-06-09 09:50:00,1015.31
2026-06-09 10:00:00,1015.2666666666668
2026-06-09 10:10:00,1015.215
2026-06-09 10:20:00,1015.14
2026-06-09 10:30:00,1015.05
2026-06-09 10:40:00,1014.9466666666667
2026-06-09 10:50:00,1014.85
2026-06-09 11:00:00,1014.7966666666666
2026-06-09 11:10:00,1014.765
2026-06-09 11:20:00,1014.6033333333334
2026-06-09 11:30:00,1014.505
2026-06-09 11:40:00,1014.4500000000002
2026-06-09 11:50:00,1014.3
2026-06-09 12:00:00,1014.1466666666666
2026-06-09 12:10:00,1014.025
2026-06-09 12:20:00,1013.8766666666667
2026-06-09 12:30:00,1013.705
2026-06-09 12:40:00,1013.5266666666666
2026-06-09 12:50:00,1013.4200000000001
2026-06-09 13:00:00,1013.2866666666665
2026-06-09 13:10:00,1013.215
2026-06-09 13:20:00,1013.1300000000001
2026-06-09 13:30:00,1013.01
2026-06-09 13:40:00,1012.8566666666666
2026-06-09 13:50:00,1012.715
2026-06-09 14:00:00,1012.5033333333334
2026-06-09 14:10:00,1012.3800000000001
2026-06-09 14:20:00,1012.2666666666668
2026-06-09 14:30:00,1012.095
2026-06-09 14:40:00,1011.93
2026-06-09 14:50:00,1011.8166666666666
2026-06-09 15:00:00,1011.6966666666667
2026-06-09 15:10:00,1011.6650000000001
2026-06-09 15:20:00,1011.56
2026-06-09 15:30:00,1011.48
2026-06-09 15:40:00,1011.4000000000001
2026-06-09 15:50:00,1011.35
2026-06-09 16:00:00,1011.3633333333333
2026-06-09 16:10:00,1011.4200000000001
2026-06-09 16:20:00,1011.4766666666668
2026-06-09 16:30:00,1011.4799999999999
2026-06-09 16:40:00,1011.5015384615385
2026-06-09 16:50:00,1011.505
2026-06-09 17:00:00,1011.555
2026-06-09 17:10:00,1011.5666666666666
2026-06-09 17:20:00,1011.55
2026-06-09 17:30:00,1011.6233333333333
2026-06-09 17:40:00,1011.6700000000001
2026-06-09 17:50:00,1011.6766666666667
2026-06-09 18:00:00,1011.6700000000001
2026-06-09 18:10:00,1011.7466666666666
2026-06-09 18:20:00,1011.8399999999999
2026-06-09 18:30:00,1011.9166666666666
2026-06-09 18:40:00,1011.94
2026-06-09 18:50:00,1012.0300000000001
2026-06-09 19:00:00,1012.2
2026-06-09 19:10:00,1012.2833333333333
2026-06-09 19:20:00,1012.39
2026-06-09 19:30:00,1012.5366666666665
2026-06-09 19:40:00,1012.6650000000001
2026-06-09 19:50:00,1012.7999999999998
2026-06-09 20:00:00,1012.8850000000001
2026-06-09 20:10:00,1012.9833333333332
2026-06-09 20:20:00,1013.11
2026-06-09 20:30:00,1013.1600000000002
2026-06-09 20:40:00,1013.1600000000001
2026-06-09 20:50:00,1013.2033333333334
2026-06-09 21:00:00,1013.21
2026-06-09 21:10:00,1013.1933333333333
2026-06-09 21:20:00,1013.1500000000001
2026-06-09 21:30:00,1013.1733333333335
2026-06-09 21:40:00,1013.23
2026-06-09 21:50:00,1013.22
2026-06-09 22:00:00,1013.195
2026-06-09 22:10:00,1013.1766666666667
2026-06-09 22:20:00,1013.1800000000001
2026-06-09 22:30:00,1013.1766666666667
2026-06-09 22:40:00,1013.1550000000001
2026-06-09 22:50:00,1013.0133333333333
2026-06-09 23:00:00,1012.96
2026-06-09 23:10:00,1012.9033333333333
2026-06-09 23:20:00,1012.8299999999999
2026-06-09 23:30:00,1012.8766666666667
2026-06-09 23:40:00,1012.785
2026-06-09 23:50:00,1012.64
2026-06-10 00:00:00,1012.505
2026-06-10 00:10:00,1012.4033333333333
2026-06-10 00:20:00,1012.3349999999999
2026-06-10 00:30:00,1012.28
2026-06-10 00:40:00,1012.1333333333333
2026-06-10 00:50:00,1012.02
2026-06-10 01:00:00,1011.98
2026-06-10 01:10:00,1011.865
2026-06-10 01:20:00,1011.7366666666667
2026-06-10 01:30:00,1011.6700000000001
2026-06-10 01:40:00,1011.5733333333333
2026-06-10 01:50:00,1011.44
2026-06-10 02:00:00,1011.3399999999998
2026-06-10 02:10:00,1011.36
2026-06-10 02:20:00,1011.2933333333334
2026-06-10 02:30:00,1011.2
2026-06-10 02:40:00,1011.1566666666668
2026-06-10 02:50:00,1011.1800000000001
2026-06-10 03:00:00,1010.9766666666668
2026-06-10 03:10:00,1010.995
2026-06-10 03:20:00,1011.0133333333333
2026-06-10 03:30:00,1010.94
2026-06-10 03:40:00,1010.9033333333333
2026-06-10 03:50:00,1010.8900000000001
2026-06-10 04:00:00,1010.8933333333334
2026-06-10 04:10:00,1010.85
2026-06-10 04:20:00,1010.7733333333332
2026-06-10 04:30:00,1010.75
2026-06-10 04:40:00,1010.7933333333334
2026-06-10 04:50:00,1010.86
2026-06-10 05:00:00,1010.9233333333335
2026-06-10 05:10:00,1011.1
2026-06-10 05:20:00,1011.18
2026-06-10 05:30:00,1011.3149999999999
2026-06-10 05:40:00,1011.4675
2026-06-10 05:50:00,1011.62
2026-06-10 06:00:00,1011.7366666666667
2026-06-10 06:10:00,1011.8299999999999
2026-06-10 06:20:00,1011.8833333333336
2026-06-10 06:30:00,1011.8750000000001
2026-06-10 06:40:00,1011.93
2026-06-10 06:50:00,1012
2026-06-10 07:00:00,1012.1133333333333
2026-06-10 07:10:00,1012.245
2026-06-10 07:20:00,1012.3266666666665
2026-06-10 07:30:00,1012.46
2026-06-10 07:40:00,1012.5833333333334
2026-06-10 07:50:00,1012.6850000000001
2026-06-10 08:00:00,1012.77
2026-06-10 08:10:00,1012.86
2026-06-10 08:20:00,1013.01
2026-06-10 08:30:00,1013.06
2026-06-10 08:40:00,1013.11
2026-06-10 08:50:00,1013.0366666666665
2026-06-10 09:00:00,1013.09
2026-06-10 09:10:00,1013.1033333333335
2026-06-10 09:20:00,1013.055
2026-06-10 09:30:00,1013.0166666666668
2026-06-10 09:40:00,1012.9100000000001
2026-06-10 09:50:00,1012.8433333333334
2026-06-10 10:00:00,1012.805
2026-06-10 10:10:00,1012.8133333333334
2026-06-10 10:20:00,1012.705
2026-06-10 10:30:00,1012.59
2026-06-10 10:40:00,1012.4500000000002
2026-06-10 10:50:00,1012.285
2026-06-10 11:00:00,1012.2766666666666
2026-06-10 11:10:00,1012.25
2026-06-10 11:20:00,1012.1833333333334
2026-06-10 11:30:00,1012.22
2026-06-10 11:40:00,1012.1533333333333
2026-06-10 11:50:00,1012.035
2026-06-10 12:00:00,1011.9266666666666
2026-06-10 12:10:00,1011.795
2026-06-10 12:20:00,1011.6633333333333
2026-06-10 12:30:00,1011.575
2026-06-10 12:40:00,1011.43
2026-06-10 12:50:00,1011.235
2026-06-10 13:00:00,1011.1300000000001
2026-06-10 13:10:00,1011.03
2026-06-10 13:20:00,1010.9000000000001
2026-06-10 13:30:00,1010.8199999999999
2026-06-10 13:40:00,1010.61
2026-06-10 13:50:00,1010.455
2026-06-10 14:00:00,1010.3100000000001
2026-06-10 14:10:00,1010.225
2026-06-10 14:20:00,1010.1833333333334
2026-06-10 14:30:00,1010.1750000000001
2026-06-10 14:40:00,1010.0366666666667
2026-06-10 14:50:00,1009.855
2026-06-10 15:00:00,1009.8766666666667
2026-06-10 15:10:00,1009.735
2026-06-10 15:20:00,1009.63
2026-06-10 15:30:00,1009.6700000000001
2026-06-10 15:40:00,1009.5749999999999
2026-06-10 15:50:00,1009.4900000000001
2026-06-10 16:00:00,1009.525
2026-06-10 16:10:00,1009.6266666666667
2026-06-10 16:20:00,1009.6650000000001
2026-06-10 16:30:00,1009.7999999999998
2026-06-10 16:40:00,1009.805
2026-06-10 16:50:00,1009.9466666666667
2026-06-10 17:00:00,1010.02
2026-06-10 17:10:00,1010.0366666666665
2026-06-10 17:20:00,1010.01
2026-06-10 17:30:00,1010.0533333333333
2026-06-10 17:40:00,1010.1700000000001
2026-06-10 17:50:00,1010.2966666666666
2026-06-10 18:00:00,1010.365
2026-06-10 18:10:00,1010.4733333333334
2026-06-10 18:20:00,1010.615
2026-06-10 18:30:00,1010.73
2026-06-10 18:40:00,1010.72
2026-06-10 18:50:00,1010.8633333333333
2026-06-10 19:00:00,1011.02
2026-06-10 19:10:00,1011.21
2026-06-10 19:20:00,1011.39
2026-06-10 19:30:00,1011.6066666666666
2026-06-10 19:40:00,1011.8249999999999
2026-06-10 19:50:00,1011.8966666666666
2026-06-10 20:00:00,1011.8
2026-06-10 20:10:00,1011.7166666666667
2026-06-10 20:20:00,1011.76
2026-06-10 20:30:00,1011.7666666666668
2026-06-10 20:40:00,1011.77
2026-06-10 20:50:00,1011.6966666666667
2026-06-10 21:00:00,1011.72
2026-06-10 21:10:00,1011.7766666666666
2026-06-10 21:20:00,1011.8249999999999
2026-06-10 21:30:00,1011.7999999999998
2026-06-10 21:40:00,1011.845
2026-06-10 21:50:00,1011.9000000000001
2026-06-10 22:00:00,1011.9300000000001
2026-06-10 22:10:00,1011.9966666666666
2026-06-10 22:20:00,1012.0999999999999
2026-06-10 22:30:00,1012.04
2026-06-10 22:40:00,1011.9150000000001
2026-06-10 22:50:00,1011.87
2026-06-10 23:00:00,1011.865
2026-06-10 23:10:00,1011.8266666666667
2026-06-10 23:20:00,1011.7
2026-06-10 23:30:00,1011.5433333333334
2026-06-10 23:40:00,1011.4000000000001
2026-06-10 23:50:00,1011.2166666666667
2026-06-11 00:00:00,1011.0799999999999
2026-06-11 00:10:00,1010.9566666666666
2026-06-11 00:20:00,1010.855
2026-06-11 00:30:00,1010.7066666666666
2026-06-11 00:40:00,1010.6
2026-06-11 00:50:00,1010.53
2026-06-11 01:00:00,1010.41
2026-06-11 01:10:00,1010.235
2026-06-11 01:20:00,1010.1366666666667
2026-06-11 01:30:00,1010.0899999999999
2026-06-11 01:40:00,1010.0866666666666
2026-06-11 01:50:00,1010.0699999999999
2026-06-11 02:00:00,1009.9466666666667
2026-06-11 02:10:00,1009.78
2026-06-11 02:20:00,1009.6633333333333
2026-06-11 02:30:00,1009.53
2026-06-11 02:40:00,1009.4566666666666
2026-06-11 02:50:00,1009.495
2026-06-11 03:00:00,1009.4733333333334
2026-06-11 03:10:00,1009.46
2026-06-11 03:20:00,1009.4033333333333
2026-06-11 03:30:00,1009.3399999999999
2026-06-11 03:40:00,1009.27
2026-06-11 03:50:00,1009.285
2026-06-11 04:00:00,1009.2666666666668
2026-06-11 04:10:00,1009.305
2026-06-11 04:20:00,1009.3366666666667
2026-06-11 04:30:00,1009.4200000000001
2026-06-11 04:40:00,1009.5566666666667
2026-06-11 04:50:00,1009.6
2026-06-11 05:00:00,1009.5933333333332
2026-06-11 05:10:00,1009.5899999999999
2026-06-11 05:20:00,1009.6300000000001
2026-06-11 05:30:00,1009.715
2026-06-11 05:40:00,1009.8333333333334
2026-06-11 05:50:00,1010
2026-06-11 06:00:00,1010.3000000000001
2026-06-11 06:10:00,1010.505
2026-06-11 06:20:00,1010.6133333333333
2026-06-11 06:30:00,1010.6650000000001
2026-06-11 06:40:00,1010.7066666666666
2026-06-11 06:50:00,1010.865
2026-06-11 07:00:00,1011.0099999999999
2026-06-11 07:10:00,1011.225
2026-06-11 07:20:00,1011.3733333333333
2026-06-11 07:30:00,1011.3950000000001
2026-06-11 07:40:00,1011.4433333333333
2026-06-11 07:50:00,1011.565
2026-06-11 08:00:00,1011.68
2026-06-11 08:10:00,1011.745
2026-06-11 08:20:00,1011.8066666666667
2026-06-11 08:30:00,1011.9050000000001
2026-06-11 08:40:00,1011.9166666666666
2026-06-11 08:50:00,1011.805
2026-06-11 09:00:00,1011.8433333333332
2026-06-11 09:10:00,1011.9250000000001
2026-06-11 09:20:00,1011.9833333333332
2026-06-11 09:30:00,1012.015
2026-06-11 09:40:00,1012.02
2026-06-11 09:50:00,1011.955
2026-06-11 10:00:00,1011.9033333333333
2026-06-11 10:10:00,1012.005
2026-06-11 10:20:00,1011.8766666666667
2026-06-11 10:30:00,1011.87
2026-06-11 10:40:00,1011.8033333333333
2026-06-11 10:50:00,1011.745
2026-06-11 11:00:00,1011.5600000000001
2026-06-11 11:10:00,1011.4350000000001
2026-06-11 11:20:00,1011.38
2026-06-11 11:30:00,1011.305
2026-06-11 11:40:00,1011.1700000000001
2026-06-11 11:50:00,1011.0799999999999
2026-06-11 12:00:00,1011.0300000000001
2026-06-11 12:10:00,1010.9100000000001
2026-06-11 12:20:00,1010.7599999999999
2026-06-11 12:30:00,1010.5749999999999
2026-06-11 12:40:00,1010.4566666666666
2026-06-11 12:50:00,1010.3349999999999
2026-06-11 13:00:00,1010.2733333333332
2026-06-11 13:10:00,1010.26
2026-06-11 13:20:00,1010.1133333333333
2026-06-11 13:30:00,1010.015
2026-06-11 13:40:00,1009.9233333333333
2026-06-11 13:50:00,1009.795
2026-06-11 14:00:00,1009.6633333333334
2026-06-11 14:10:00,1009.5849999999999
2026-06-11 14:20:00,1009.6199999999999
2026-06-11 14:30:00,1009.545
2026-06-11 14:40:00,1009.4666666666667
2026-06-11 14:50:00,1009.465
2026-06-11 15:00:00,1009.4266666666667
2026-06-11 15:10:00,1009.3900000000001
2026-06-11 15:20:00,1009.48
2026-06-11 15:30:00,1009.48
2026-06-11 15:40:00,1009.32
2026-06-11 15:50:00,1009.395
2026-06-11 16:00:00,1009.4375
2026-06-11 16:10:00,1009.4833333333332
2026-06-11 16:20:00,1009.5250000000001
2026-06-11 16:30:00,1009.8074999999999
2026-06-11 16:40:00,1009.7450000000001
2026-06-11 16:50:00,1009.785
2026-06-11 17:00:00,1009.9566666666666
2026-06-11 17:10:00,1010.135
2026-06-11 17:20:00,1010.2833333333333
2026-06-11 17:30:00,1010.3399999999999
2026-06-11 17:40:00,1010.3633333333333
2026-06-11 17:50:00,1010.4250000000001
2026-06-11 18:00:00,1010.3833333333336
2026-06-11 18:10:00,1010.56
2026-06-11 18:20:00,1010.6633333333334
2026-06-11 18:30:00,1010.83
2026-06-11 18:40:00,1011.0833333333334
2026-06-11 18:50:00,1011.0899999999999
2026-06-11 19:00:00,1011.23
2026-06-11 19:10:00,1011.225
2026-06-11 19:20:00,1011.2733333333332
2026-06-11 19:30:00,1011.3299999999999
2026-06-11 19:40:00,1011.4333333333334
2026-06-11 19:50:00,1011.535
2026-06-11 20:00:00,1011.6466666666666
2026-06-11 20:10:00,1011.72
2026-06-11 20:20:00,1011.7533333333334
2026-06-11 20:30:00,1011.745
2026-06-11 20:40:00,1011.8066666666667
2026-06-11 20:50:00,1011.85
2026-06-11 21:00:00,1011.9000000000001
2026-06-11 21:10:00,1011.9250000000001
2026-06-11 21:20:00,1011.8333333333334
2026-06-11 21:30:00,1011.8900000000001
2026-06-11 21:40:00,1011.9766666666668
2026-06-11 21:50:00,1012.045
2026-06-11 22:00:00,1011.9633333333335
2026-06-11 22:10:00,1011.8599999999999
2026-06-11 22:20:00,1011.9533333333334
2026-06-11 22:30:00,1011.97
2026-06-11 22:40:00,1011.89
2026-06-11 22:50:00,1011.9050000000001
2026-06-11 23:00:00,1011.82
2026-06-11 23:10:00,1011.755
2026-06-11 23:20:00,1011.6266666666667
2026-06-11 23:30:00,1011.6
2026-06-11 23:40:00,1011.5733333333333
2026-06-11 23:50:00,1011.505
2026-06-12 00:00:00,1011.4500000000002
2026-06-12 00:10:00,1011.395
2026-06-12 00:20:00,1011.2066666666666
2026-06-12 00:30:00,1011.05
2026-06-12 00:40:00,1010.9533333333334
2026-06-12 00:50:00,1010.8
2026-06-12 01:00:00,1010.6833333333334
2026-06-12 01:10:00,1010.5799999999999
2026-06-12 01:20:00,1010.4200000000001
2026-06-12 01:30:00,1010.3
2026-06-12 01:40:00,1010.2033333333334
2026-06-12 01:50:00,1010.12
2026-06-12 02:00:00,1010.0166666666668
2026-06-12 02:10:00,1010.0799999999999
2026-06-12 02:20:00,1010.0466666666666
2026-06-12 02:30:00,1010.025
2026-06-12 02:40:00,1010.0033333333334
2026-06-12 02:50:00,1010.055
2026-06-12 03:00:00,1009.9699999999999
2026-06-12 03:10:00,1009.95
2026-06-12 03:20:00,1010.06
2026-06-12 03:30:00,1009.99
2026-06-12 03:40:00,1009.96
2026-06-12 03:50:00,1010.0799999999999
2026-06-12 04:00:00,1010.1450000000001
2026-06-12 04:10:00,1010.21
2026-06-12 04:20:00,1010.2
2026-06-12 04:30:00,1010.2533333333334
2026-06-12 04:40:00,1010.3499999999999
2026-06-12 04:50:00,1010.3966666666666
2026-06-12 05:00:00,1010.44
2026-06-12 05:10:00,1010.5466666666666
2026-06-12 05:20:00,1010.655
2026-06-12 05:30:00,1010.7566666666667
2026-06-12 05:40:00,1010.8199999999999
2026-06-12 05:50:00,1010.9633333333335
2026-06-12 06:00:00,1010.96
2026-06-12 06:10:00,1011.0533333333333
2026-06-12 06:20:00,1011.155
2026-06-12 06:30:00,1011.2599999999999
2026-06-12 06:40:00,1011.31
2026-06-12 06:50:00,1011.3866666666667
2026-06-12 07:00:00,1011.505
2026-06-12 07:10:00,1011.6066666666666
2026-06-12 07:20:00,1011.6450000000001
2026-06-12 07:30:00,1011.5966666666667
2026-06-12 07:40:00,1011.6400000000001
2026-06-12 07:50:00,1011.7466666666666
2026-06-12 08:00:00,1011.835
2026-06-12 08:10:00,1011.8866666666668
2026-06-12 08:20:00,1011.98
2026-06-12 08:30:00,1011.9533333333334
2026-06-12 08:40:00,1011.9100000000001
2026-06-12 08:50:00,1011.9433333333333
2026-06-12 09:00:00,1011.8399999999999
2026-06-12 09:10:00,1011.82
2026-06-12 09:20:00,1011.82
2026-06-12 09:30:00,1011.9333333333334
2026-06-12 09:40:00,1011.8
2026-06-12 09:50:00,1011.8466666666667
2026-06-12 10:00:00,1011.875
2026-06-12 10:10:00,1011.77
2026-06-12 10:20:00,1011.6350000000001
2026-06-12 10:30:00,1011.6266666666667
2026-06-12 10:40:00,1011.695
2026-06-12 10:50:00,1011.7333333333332
2026-06-12 11:00:00,1011.5799999999999
2026-06-12 11:10:00,1011.4633333333335
2026-06-12 11:20:00,1011.39
2026-06-12 11:30:00,1011.31
2026-06-12 11:40:00,1011.27
2026-06-12 11:50:00,1011.1766666666667
2026-06-12 12:00:00,1011.06
2026-06-12 12:10:00,1010.96
2026-06-12 12:20:00,1010.9150000000001
2026-06-12 12:30:00,1010.8666666666668
2026-06-12 12:40:00,1010.885
2026-06-12 12:50:00,1010.7866666666667
2026-06-12 13:00:00,1010.5699999999999
2026-06-12 13:10:00,1010.5566666666667
2026-06-12 13:20:00,1010.465
2026-06-12 13:30:00,1010.39
2026-06-12 13:40:00,1010.3299999999999
2026-06-12 13:50:00,1010.2533333333334
2026-06-12 14:00:00,1010.1350000000001
2026-06-12 14:10:00,1010.1533333333333
2026-06-12 14:20:00,1010.015
2026-06-12 14:30:00,1009.93
2026-06-12 14:40:00,1009.9050000000001
2026-06-12 14:50:00,1009.8166666666666
2026-06-12 15:00:00,1009.8199999999999
2026-06-12 15:10:00,1009.69
2026-06-12 15:20:00,1009.555
2026-06-12 15:30:00,1009.4366666666668
2026-06-12 15:40:00,1009.3399999999999
2026-06-12 15:50:00,1009.3349999999999
2026-06-12 16:00:00,1009.32
2026-06-12 16:10:00,1009.335
2026-06-12 16:20:00,1009.4066666666668
2026-06-12 16:30:00,1009.55
2026-06-12 16:40:00,1009.6233333333333
2026-06-12 16:50:00,1009.72
2026-06-12 17:00:00,1009.7733333333332
2026-06-12 17:10:00,1009.77
2026-06-12 17:20:00,1009.7133333333335
2026-06-12 17:30:00,1009.785
2026-06-12 17:40:00,1009.7866666666665
2026-06-12 17:50:00,1009.82
2026-06-12 18:00:00,1009.9900000000001
2026-06-12 18:10:00,1009.965
2026-06-12 18:20:00,1010.0566666666667
2026-06-12 18:30:00,1010.1700000000001
2026-06-12 18:40:00,1010.3066666666667
2026-06-12 18:50:00,1010.46
2026-06-12 19:00:00,1010.54
2026-06-12 19:10:00,1010.765
2026-06-12 19:20:00,1010.8166666666666
2026-06-12 19:30:00,1010.945
2026-06-12 19:40:00,1011.0566666666667
2026-06-12 19:50:00,1011.105
2026-06-12 20:00:00,1011.0999999999999
2026-06-12 20:10:00,1011.1800000000001
2026-06-12 20:20:00,1011.2133333333335
2026-06-12 20:30:00,1011.245
2026-06-12 20:40:00,1011.3933333333334
2026-06-12 20:50:00,1011.595
2026-06-12 21:00:00,1011.7533333333334
2026-06-12 21:10:00,1011.805
2026-06-12 21:20:00,1011.9200000000001
2026-06-12 21:30:00,1011.995
2026-06-12 21:40:00,1012.0433333333334
2026-06-12 21:50:00,1012.1700000000001
2026-06-12 22:00:00,1012.27
2026-06-12 22:10:00,1012.4150000000001
2026-06-12 22:20:00,1012.3033333333333
2026-06-12 22:30:00,1012.235
2026-06-12 22:40:00,1012.2833333333333
2026-06-12 22:50:00,1012.245
2026-06-12 23:00:00,1012.2800000000001
2026-06-12 23:10:00,1012.3199999999999
2026-06-12 23:20:00,1012.3166666666666
2026-06-12 23:30:00,1012.305
2026-06-12 23:40:00,1012.14
2026-06-12 23:50:00,1012
2026-06-13 00:00:00,1011.8733333333333
2026-06-13 00:10:00,1011.8149999999999
2026-06-13 00:20:00,1011.6833333333334
2026-06-13 00:30:00,1011.6500000000001
2026-06-13 00:40:00,1011.59
2026-06-13 00:50:00,1011.505
2026-06-13 01:00:00,1011.3833333333333
2026-06-13 01:10:00,1011.245
2026-06-13 01:20:00,1011.1733333333333
2026-06-13 01:30:00,1011.13
2026-06-13 01:40:00,1011.0633333333332
2026-06-13 01:50:00,1010.845
2026-06-13 02:00:00,1010.8100000000001
2026-06-13 02:10:00,1010.79
2026-06-13 02:20:00,1010.7366666666667
2026-06-13 02:30:00,1010.825
2026-06-13 02:40:00,1010.6666666666666
2026-06-13 02:50:00,1010.555
2026-06-13 03:00:00,1010.5166666666668
2026-06-13 03:10:00,1010.4250000000001
2026-06-13 03:20:00,1010.48
2026-06-13 03:30:00,1010.495
2026-06-13 03:40:00,1010.455
2026-06-13 03:50:00,1010.44
2026-06-13 04:00:00,1010.49
2026-06-13 04:10:00,1010.5633333333332
2026-06-13 04:20:00,1010.63
2026-06-13 04:30:00,1010.6966666666667
2026-06-13 04:40:00,1010.695
2026-06-13 04:50:00,1010.7666666666668
2026-06-13 05:00:00,1010.805
2026-06-13 05:10:00,1010.86
2026-06-13 05:20:00,1010.965
2026-06-13 05:30:00,1010.9699999999999
2026-06-13 05:40:00,1011.08
2026-06-13 05:50:00,1011.2000000000002
2026-06-13 06:00:00,1011.29
2026-06-13 06:10:00,1011.4833333333332
2026-06-13 06:20:00,1011.555
2026-06-13 06:30:00,1011.5499999999998
2026-06-13 06:40:00,1011.6750000000001
2026-06-13 06:50:00,1011.94
2026-06-13 07:00:00,1012.26
2026-06-13 07:10:00,1012.3733333333333
2026-06-13 07:20:00,1012.3499999999999
2026-06-13 07:30:00,1012.4000000000001
2026-06-13 07:40:00,1012.3850000000001
2026-06-13 07:50:00,1012.4066666666668
2026-06-13 08:00:00,1012.5699999999999
2026-06-13 08:10:00,1012.5866666666666
2026-06-13 08:20:00,1012.705
2026-06-13 08:30:00,1012.6833333333334
2026-06-13 08:40:00,1012.6700000000001
2026-06-13 08:50:00,1012.71
2026-06-13 09:00:00,1012.69
2026-06-13 09:10:00,1012.5433333333334
2026-06-13 09:20:00,1012.5999999999999
2026-06-13 09:30:00,1012.54
2026-06-13 09:40:00,1012.4200000000001
2026-06-13 09:50:00,1012.2633333333333
2026-06-13 10:00:00,1012.22
2026-06-13 10:10:00,1012.21
2026-06-13 10:20:00,1012.23
2026-06-13 10:30:00,1012.2999999999998
2026-06-13 10:40:00,1012.39
2026-06-13 10:50:00,1012.3566666666666
2026-06-13 11:00:00,1012.35
2026-06-13 11:10:00,1012.265
2026-06-13 11:20:00,1012.21
2026-06-13 11:30:00,1012.135
2026-06-13 11:40:00,1012.0066666666667
2026-06-13 11:50:00,1011.91
2026-06-13 12:00:00,1011.8433333333334
2026-06-13 12:10:00,1011.6750000000001
2026-06-13 12:20:00,1011.4033333333333
2026-06-13 12:30:00,1011.35
2026-06-13 12:40:00,1011.32
2026-06-13 12:50:00,1011.255
2026-06-13 13:00:00,1011.25
2026-06-13 13:10:00,1011.1049999999999
2026-06-13 13:20:00,1011.0266666666666
2026-06-13 13:30:00,1010.945
2026-06-13 13:40:00,1010.8100000000001
2026-06-13 13:50:00,1010.795
2026-06-13 14:00:00,1010.73
2026-06-13 14:10:00,1010.74
2026-06-13 14:20:00,1010.73
2026-06-13 14:30:00,1010.6600000000001
2026-06-13 14:40:00,1010.54
2026-06-13 14:50:00,1010.37
2026-06-13 15:00:00,1010.2766666666666
2026-06-13 15:10:00,1010.24
2026-06-13 15:20:00,1010.1733333333333
2026-06-13 15:30:00,1010.175
2026-06-13 15:40:00,1010.1866666666666
2026-06-13 15:50:00,1010.135
2026-06-13 16:00:00,1009.9633333333335
2026-06-13 16:10:00,1009.95
2026-06-13 16:20:00,1009.9699999999999
2026-06-13 16:30:00,1010.21
2026-06-13 16:40:00,1010.2266666666668
2026-06-13 16:50:00,1010.485
2026-06-13 17:00:00,1010.5033333333334
2026-06-13 17:10:00,1010.67
2026-06-13 17:20:00,1010.9699999999999
2026-06-13 17:30:00,1011.095
2026-06-13 17:40:00,1011.1933333333333
2026-06-13 17:50:00,1011.225
2026-06-13 18:00:00,1011.365
2026-06-13 18:10:00,1011.38
2026-06-13 18:20:00,1011.51
2026-06-13 18:30:00,1011.6533333333333
2026-06-13 18:40:00,1011.705
2026-06-13 18:50:00,1011.9066666666668
2026-06-13 19:00:00,1011.9150000000001
2026-06-13 19:10:00,1011.9733333333334
2026-06-13 19:20:00,1011.99
2026-06-13 19:30:00,1012.2266666666668
2026-06-13 19:40:00,1012.46
2026-06-13 19:50:00,1012.6866666666668
2026-06-13 20:00:00,1012.735
2026-06-13 20:10:00,1012.9500000000002
2026-06-13 20:20:00,1013.195
2026-06-13 20:30:00,1013.2000000000002
2026-06-13 20:40:00,1013.135
2026-06-13 20:50:00,1013.11
2026-06-13 21:00:00,1013.115
2026-06-13 21:10:00,1013.2199999999999
2026-06-13 21:20:00,1013.4100000000001
2026-06-13 21:30:00,1013.56
2026-06-13 21:40:00,1013.76
2026-06-13 21:50:00,1013.8433333333332
2026-06-13 22:00:00,1013.76
2026-06-13 22:10:00,1013.69
2026-06-13 22:20:00,1013.74
2026-06-13 22:30:00,1013.8766666666667
2026-06-13 22:40:00,1014
2026-06-13 22:50:00,1013.8166666666666
2026-06-13 23:00:00,1013.63
2026-06-13 23:10:00,1013.5066666666667
2026-06-13 23:20:00,1013.23
2026-06-13 23:30:00,1012.9866666666667
2026-06-13 23:40:00,1012.705
2026-06-13 23:50:00,1012.4666666666666
2026-06-14 00:00:00,1012.075
2026-06-14 00:10:00,1012.0033333333334
2026-06-14 00:20:00,1012.0699999999999
2026-06-14 00:30:00,1012.0833333333334
2026-06-14 00:40:00,1012.025
2026-06-14 00:50:00,1011.7666666666668
2026-06-14 01:00:00,1011.5699999999999
2026-06-14 01:10:00,1011.4333333333334
2026-06-14 01:20:00,1011.26
2026-06-14 01:30:00,1011.3833333333333
2026-06-14 01:40:00,1011.4200000000001
2026-06-14 01:50:00,1011.6066666666667
2026-06-14 02:00:00,1011.71
2026-06-14 02:10:00,1011.5733333333334
2026-06-14 02:20:00,1011.57
2026-06-14 02:30:00,1011.6733333333333
2026-06-14 02:40:00,1011.2
2026-06-14 02:50:00,1010.8766666666667
2026-06-14 03:00:00,1010.95
2026-06-14 03:10:00,1011.43
2026-06-14 03:20:00,1011.565
2026-06-14 03:30:00,1011.3966666666666
2026-06-14 03:40:00,1011.52
2026-06-14 03:50:00,1011.6833333333334
2026-06-14 04:00:00,1011.69
2026-06-14 04:10:00,1012.0566666666667
2026-06-14 04:20:00,1012.155
2026-06-14 04:30:00,1012.445
2026-06-14 04:40:00,1012.5233333333332
2026-06-14 04:50:00,1012.3149999999999
2026-06-14 05:00:00,1012.3966666666666
2026-06-14 05:10:00,1012.31
2026-06-14 05:20:00,1012.2533333333334
2026-06-14 05:30:00,1012.225
2026-06-14 05:40:00,1012.6033333333334
2026-06-14 05:50:00,1012.56
2026-06-14 06:00:00,1012.5300000000001
2026-06-14 06:10:00,1012.495
2026-06-14 06:20:00,1012.6233333333333
2026-06-14 06:30:00,1012.735
2026-06-14 06:40:00,1012.6866666666666
2026-06-14 06:50:00,1012.54
2026-06-14 07:00:00,1012.4666666666667
2026-06-14 07:10:00,1012.4300000000001
2026-06-14 07:20:00,1012.4433333333333
2026-06-14 07:30:00,1012.75
2026-06-14 07:40:00,1012.93
2026-06-14 07:50:00,1013.12
2026-06-14 08:00:00,1013.16
2026-06-14 08:10:00,1013.3
2026-06-14 08:20:00,1013.6133333333333
2026-06-14 08:30:00,1014.055
2026-06-14 08:40:00,1014.36
2026-06-14 08:50:00,1014.3249999999999
2026-06-14 09:00:00,1014.32
2026-06-14 09:10:00,1014.35
2026-06-14 09:20:00,1014.5966666666667
2026-06-14 09:30:00,1014.56
2026-06-14 09:40:00,1014.59
2026-06-14 09:50:00,1014.55
2026-06-14 10:00:00,1014.4666666666667
2026-06-14 10:10:00,1014.3349999999999
2026-06-14 10:20:00,1014.2933333333334
2026-06-14 10:30:00,1014.27
2026-06-14 10:40:00,1014.0666666666666
2026-06-14 10:50:00,1013.94
2026-06-14 11:00:00,1013.7666666666668
2026-06-14 11:10:00,1013.715
2026-06-14 11:20:00,1013.54
2026-06-14 11:30:00,1013.335
2026-06-14 11:40:00,1013.0766666666667
2026-06-14 11:50:00,1012.8
2026-06-14 12:00:00,1012.6300000000001
2026-06-14 12:10:00,1012.59
2026-06-14 12:20:00,1012.4833333333332
2026-06-14 12:30:00,1012.46
2026-06-14 12:40:00,1012.4333333333334
2026-06-14 12:50:00,1012.3950000000001
2026-06-14 13:00:00,1012.2833333333334
2026-06-14 13:10:00,1012.04
2026-06-14 13:20:00,1011.8166666666666
2026-06-14 13:30:00,1011.755
2026-06-14 13:40:00,1011.7366666666667
2026-06-14 13:50:00,1011.81
2026-06-14 14:00:00,1011.7333333333332
2026-06-14 14:10:00,1011.6250000000001
2026-06-14 14:20:00,1011.7333333333332
2026-06-14 14:30:00,1011.8249999999999
2026-06-14 14:40:00,1011.7466666666666
2026-06-14 14:50:00,1011.9000000000001
2026-06-14 15:00:00,1011.9133333333334
2026-06-14 15:10:00,1011.855
2026-06-14 15:20:00,1011.88
2026-06-14 15:30:00,1011.7533333333334
2026-06-14 15:40:00,1011.63
2026-06-14 15:50:00,1011.7333333333332
2026-06-14 16:00:00,1011.9100000000001
2026-06-14 16:10:00,1011.94
2026-06-14 16:20:00,1012.1800000000001
2026-06-14 16:30:00,1011.8933333333333
2026-06-14 16:40:00,1011.94
2026-06-14 16:50:00,1012.16
2026-06-14 17:00:00,1012.375
2026-06-14 17:10:00,1012.3733333333333
2026-06-14 17:20:00,1012.4250000000001
2026-06-14 17:30:00,1012.6733333333333
2026-06-14 17:40:00,1012.88
2026-06-14 17:50:00,1012.8566666666666
2026-06-14 18:00:00,1013.045
2026-06-14 18:10:00,1013.1866666666668
2026-06-14 18:20:00,1013.135
2026-06-14 18:30:00,1013.0033333333334
2026-06-14 18:40:00,1013.14
2026-06-14 18:50:00,1013.3566666666666
2026-06-14 19:00:00,1013.63
2026-06-14 19:10:00,1013.7599999999999
2026-06-14 19:20:00,1013.86
2026-06-14 19:30:00,1013.69
2026-06-14 19:40:00,1013.6500000000001
2026-06-14 19:50:00,1013.8233333333334
2026-06-14 20:00:00,1014.12
2026-06-14 20:10:00,1014.2766666666666
2026-06-14 20:20:00,1014.285
2026-06-14 20:30:00,1014.37
2026-06-14 20:40:00,1014.46
2026-06-14 20:50:00,1014.4533333333334
2026-06-14 21:00:00,1014.38
2026-06-14 21:10:00,1014.35
2026-06-14 21:20:00,1014.585
2026-06-14 21:30:00,1014.4933333333333
2026-06-14 21:40:00,1014.48
2026-06-14 21:50:00,1014.5366666666665
2026-06-14 22:00:00,1014.6500000000001
2026-06-14 22:10:00,1014.68
2026-06-14 22:20:00,1014.69
2026-06-14 22:30:00,1014.9333333333334
2026-06-14 22:40:00,1014.8850000000001
2026-06-14 22:50:00,1014.7400000000001
2026-06-14 23:00:00,1014.64
2026-06-14 23:10:00,1014.5866666666667
2026-06-14 23:20:00,1014.535
2026-06-14 23:30:00,1014.5066666666667
2026-06-14 23:40:00,1014.465
2026-06-14 23:50:00,1014.5499999999998
2026-06-15 00:00:00,1014.465
2026-06-15 00:10:00,1014.3766666666667
2026-06-15 00:20:00,1014.3349999999999
2026-06-15 00:30:00,1014.07
2026-06-15 00:40:00,1013.8
2026-06-15 00:50:00,1013.5466666666667
2026-06-15 01:00:00,1013.21
2026-06-15 01:10:00,1012.9699999999999
2026-06-15 01:20:00,1012.8249999999999
2026-06-15 01:30:00,1012.7366666666667
2026-06-15 01:40:00,1012.545
2026-06-15 01:50:00,1012.4066666666668
2026-06-15 02:00:00,1012.1750000000001
2026-06-15 02:10:00,1012.0266666666666
2026-06-15 02:20:00,1011.8800000000001
2026-06-15 02:30:00,1011.8
2026-06-15 02:40:00,1011.7166666666667
2026-06-15 02:50:00,1011.805
2026-06-15 03:00:00,1011.7599999999999
2026-06-15 03:10:00,1011.79
2026-06-15 03:20:00,1011.7633333333333
2026-06-15 03:30:00,1012.05
2026-06-15 03:40:00,1012.1533333333333
2026-06-15 03:50:00,1012.06
2026-06-15 04:00:00,1011.9866666666667
2026-06-15 04:10:00,1012.045
2026-06-15 04:20:00,1012.3466666666667
2026-06-15 04:30:00,1012.8000000000001
2026-06-15 04:40:00,1013.0266666666666
2026-06-15 04:50:00,1012.99
2026-06-15 05:00:00,1012.9466666666667
2026-06-15 05:10:00,1012.9150000000001
2026-06-15 05:20:00,1013.1133333333333
2026-06-15 05:30:00,1013.22
2026-06-15 05:40:00,1013.4466666666667
2026-06-15 05:50:00,1013.7
2026-06-15 06:00:00,1013.8466666666667
2026-06-15 06:10:00,1013.845
2026-06-15 06:20:00,1013.7999999999998
2026-06-15 06:30:00,1013.9300000000001
2026-06-15 06:40:00,1014.0766666666667
2026-06-15 06:50:00,1014.125
2026-06-15 07:00:00,1014.3233333333334
2026-06-15 07:10:00,1014.38
2026-06-15 07:20:00,1014.3133333333334
2026-06-15 07:30:00,1014.515
2026-06-15 07:40:00,1014.6533333333333
2026-06-15 07:50:00,1014.79
2026-06-15 08:00:00,1014.7533333333334
2026-06-15 08:10:00,1014.8149999999999
2026-06-15 08:20:00,1014.8333333333334
2026-06-15 08:30:00,1014.8349999999999
2026-06-15 08:40:00,1014.65
2026-06-15 08:50:00,1014.44
2026-06-15 09:00:00,1014.4433333333333
2026-06-15 09:10:00,1014.455
2026-06-15 09:20:00,1014.39
2026-06-15 09:30:00,1014.365
2026-06-15 09:40:00,1014.4866666666667
2026-06-15 09:50:00,1014.51
2026-06-15 10:00:00,1014.6133333333333
2026-06-15 10:10:00,1014.5999999999999
2026-06-15 10:20:00,1014.6966666666667
2026-06-15 10:30:00,1014.76
2026-06-15 10:40:00,1014.7933333333334
2026-06-15 10:50:00,1014.5949999999999
2026-06-15 11:00:00,1014.5533333333333
2026-06-15 11:10:00,1014.2900000000001
2026-06-15 11:20:00,1014.085
2026-06-15 11:30:00,1013.905
2026-06-15 11:40:00,1013.6733333333333
2026-06-15 11:50:00,1013.475
2026-06-15 12:00:00,1013.23
2026-06-15 12:10:00,1013.045
2026-06-15 12:20:00,1012.9166666666666
2026-06-15 12:30:00,1012.765
2026-06-15 12:40:00,1012.7366666666667
2026-06-15 12:50:00,1012.5649999999999
2026-06-15 13:00:00,1012.36
2026-06-15 13:10:00,1012.285
2026-06-15 13:20:00,1012.1700000000001
2026-06-15 13:30:00,1012.09
2026-06-15 13:40:00,1011.9699999999999
2026-06-15 13:50:00,1011.975
2026-06-15 14:00:00,1011.8066666666667
2026-06-15 14:10:00,1011.86
2026-06-15 14:20:00,1011.89
2026-06-15 14:30:00,1011.645
2026-06-15 14:40:00,1011.6566666666668
2026-06-15 14:50:00,1011.56
2026-06-15 15:00:00,1011.5966666666667
2026-06-15 15:10:00,1011.6450000000001
2026-06-15 15:20:00,1011.7133333333335
2026-06-15 15:30:00,1011.9100000000001
2026-06-15 15:40:00,1011.9833333333332
2026-06-15 15:50:00,1012.02
2026-06-15 16:00:00,1012.2033333333333
2026-06-15 16:10:00,1012.28
2026-06-15 16:20:00,1012.32
2026-06-15 16:30:00,1012.305
2026-06-15 16:40:00,1012.4066666666668
2026-06-15 16:50:00,1012.52
2026-06-15 17:00:00,1012.52
2026-06-15 17:10:00,1012.5366666666665
2026-06-15 17:20:00,1012.47
2026-06-15 17:30:00,1012.3633333333333
2026-06-15 17:40:00,1012.4000000000001
2026-06-15 17:50:00,1012.4100000000002
2026-06-15 18:00:00,1012.36
2026-06-15 18:10:00,1012.3766666666667
2026-06-15 18:20:00,1012.4300000000001
2026-06-15 18:30:00,1012.5300000000001
2026-06-15 18:40:00,1012.6400000000001
2026-06-15 18:50:00,1012.7166666666667
2026-06-15 19:00:00,1012.705
2026-06-15 19:10:00,1012.6600000000002
2026-06-15 19:20:00,1012.745
2026-06-15 19:30:00,1012.8533333333334
2026-06-15 19:40:00,1012.945
2026-06-15 19:50:00,1012.93
2026-06-15 20:00:00,1012.945
2026-06-15 20:10:00,1012.9699999999999
2026-06-15 20:20:00,1013.03
2026-06-15 20:30:00,1013.02
2026-06-15 20:40:00,1013.015
2026-06-15 20:50:00,1012.9900000000001
2026-06-15 21:00:00,1013.0799999999999
2026-06-15 21:10:00,1013.3400000000001
2026-06-15 21:20:00,1013.3700000000001
2026-06-15 21:30:00,1013.2599999999999
2026-06-15 21:40:00,1013.31
2026-06-15 21:50:00,1013.5833333333334
2026-06-15 22:00:00,1013.71
2026-06-15 22:10:00,1013.7533333333334
2026-06-15 22:20:00,1013.8800000000001
2026-06-15 22:30:00,1013.9533333333334
2026-06-15 22:40:00,1014.025
2026-06-15 22:50:00,1013.94
2026-06-15 23:00:00,1013.8249999999999
2026-06-15 23:10:00,1013.7466666666666
2026-06-15 23:20:00,1013.765
2026-06-15 23:30:00,1013.82
2026-06-15 23:40:00,1013.86
2026-06-15 23:50:00,1013.9266666666667
2026-06-16 00:00:00,1013.8549999999999
2026-06-16 00:10:00,1013.7333333333332
2026-06-16 00:20:00,1013.755
2026-06-16 00:30:00,1013.7066666666666
2026-06-16 00:40:00,1013.485
2026-06-16 00:50:00,1013.3566666666666
2026-06-16 01:00:00,1013.1650000000001
2026-06-16 01:10:00,1013.0733333333333
2026-06-16 01:20:00,1012.895
2026-06-16 01:30:00,1012.7666666666668
2026-06-16 01:40:00,1012.6700000000001
2026-06-16 01:50:00,1012.5799999999999
2026-06-16 02:00:00,1012.6
2026-06-16 02:10:00,1012.4900000000001
2026-06-16 02:20:00,1012.4250000000001
2026-06-16 02:30:00,1012.39
2026-06-16 02:40:00,1012.4300000000001
2026-06-16 02:50:00,1012.4433333333333
2026-06-16 03:00:00,1012.36
2026-06-16 03:10:00,1012.2333333333332
2026-06-16 03:20:00,1012.19
2026-06-16 03:30:00,1012.2233333333334
2026-06-16 03:40:00,1012.1650000000001
2026-06-16 03:50:00,1012.0799999999999
2026-06-16 04:00:00,1012.03
2026-06-16 04:10:00,1011.93
2026-06-16 04:20:00,1011.78
2026-06-16 04:30:00,1011.7166666666667
2026-06-16 04:40:00,1011.825
2026-06-16 04:50:00,1011.8566666666666
2026-06-16 05:00:00,1011.9250000000001
2026-06-16 05:10:00,1012
2026-06-16 05:20:00,1011.8399999999999
2026-06-16 05:30:00,1011.765
2026-06-16 05:40:00,1011.8133333333332
2026-06-16 05:50:00,1012.09
2026-06-16 06:00:00,1012.4499999999999
2026-06-16 06:10:00,1012.64
2026-06-16 06:20:00,1012.5533333333333
2026-06-16 06:30:00,1012.745
2026-06-16 06:40:00,1012.9966666666666
2026-06-16 06:50:00,1012.97
2026-06-16 07:00:00,1013.0799999999999
2026-06-16 07:10:00,1013.26
2026-06-16 07:20:00,1013.25
2026-06-16 07:30:00,1013.2
2026-06-16 07:40:00,1013.2666666666668
2026-06-16 07:50:00,1013.4350000000001
2026-06-16 08:00:00,1013.4966666666666
2026-06-16 08:10:00,1013.5999999999999
2026-06-16 08:20:00,1013.7033333333334
2026-06-16 08:30:00,1013.6350000000001
2026-06-16 08:40:00,1013.5566666666667
2026-06-16 08:50:00,1013.595
2026-06-16 09:00:00,1013.6266666666667
2026-06-16 09:10:00,1013.53
2026-06-16 09:20:00,1013.2133333333335
2026-06-16 09:30:00,1013.275
2026-06-16 09:40:00,1013.5
2026-06-16 09:50:00,1013.805
2026-06-16 10:00:00,1013.8866666666667
2026-06-16 10:10:00,1013.9000000000001
2026-06-16 10:20:00,1013.9266666666667
2026-06-16 10:30:00,1013.7
2026-06-16 10:40:00,1013.6466666666666
2026-06-16 10:50:00,1013.5649999999999
2026-06-16 11:00:00,1013.5033333333334
2026-06-16 11:10:00,1013.48
2026-06-16 11:20:00,1013.3633333333333
2026-06-16 11:30:00,1013.135
2026-06-16 11:40:00,1012.8699999999999
2026-06-16 11:50:00,1012.8399999999999
2026-06-16 12:00:00,1012.7566666666667
2026-06-16 12:10:00,1012.5749999999999
2026-06-16 12:20:00,1012.4366666666668
2026-06-16 12:30:00,1012.375
2026-06-16 12:40:00,1012.36
2026-06-16 12:50:00,1012.205
2026-06-16 13:00:00,1012.1666666666666
2026-06-16 13:10:00,1012.1550000000001
2026-06-16 13:20:00,1012.3566666666667
2026-06-16 13:30:00,1012.485
2026-06-16 13:40:00,1012.21
2026-06-16 13:50:00,1011.85
2026-06-16 14:00:00,1011.7999999999998
2026-06-16 14:10:00,1011.9100000000001
2026-06-16 14:20:00,1011.9000000000001
2026-06-16 14:30:00,1011.895
2026-06-16 14:40:00,1011.9166666666666
2026-06-16 14:50:00,1012
2026-06-16 15:00:00,1012.0799999999999
2026-06-16 15:10:00,1012.0749999999999
2026-06-16 15:20:00,1012.1066666666667
2026-06-16 15:30:00,1012.22
2026-06-16 15:40:00,1012.2800000000001
2026-06-16 15:50:00,1012.2766666666666
2026-06-16 16:00:00,1012.2785714285714
2026-06-16 16:10:00,1012.2666666666668
2026-06-16 16:20:00,1012.3466666666667
2026-06-16 16:30:00,1012.2800000000001
2026-06-16 16:40:00,1012.355
2026-06-16 16:50:00,1012.5700000000002
2026-06-16 17:00:00,1012.755
2026-06-16 17:10:00,1012.8499999999999
2026-06-16 17:20:00,1013.0133333333333
2026-06-16 17:30:00,1013.11
2026-06-16 17:40:00,1013.1533333333333
2026-06-16 17:50:00,1013.2599999999999
2026-06-16 18:00:00,1013.255
2026-06-16 18:10:00,1013.3566666666667
2026-06-16 18:20:00,1013.355
2026-06-16 18:30:00,1013.39
2026-06-16 18:40:00,1013.3599999999999
2026-06-16 18:50:00,1013.4333333333334
2026-06-16 19:00:00,1013.4150000000001
2026-06-16 19:10:00,1013.4366666666668
2026-06-16 19:20:00,1013.54
2026-06-16 19:30:00,1013.5166666666668
2026-06-16 19:40:00,1013.6500000000001
2026-06-16 19:50:00,1013.7033333333334
2026-06-16 20:00:00,1013.73
2026-06-16 20:10:00,1013.8266666666665
2026-06-16 20:20:00,1013.74
2026-06-16 20:30:00,1013.69
2026-06-16 20:40:00,1013.6300000000001
2026-06-16 20:50:00,1013.7333333333332
2026-06-16 21:00:00,1013.8349999999999
2026-06-16 21:10:00,1013.87
2026-06-16 21:20:00,1013.9500000000002
2026-06-16 21:30:00,1013.95
2026-06-16 21:40:00,1014.0533333333333
2026-06-16 21:50:00,1014.05
2026-06-16 22:00:00,1013.9699999999999
2026-06-16 22:10:00,1013.9200000000001
2026-06-16 22:20:00,1013.8666666666668
2026-06-16 22:30:00,1013.735
2026-06-16 22:40:00,1013.5766666666667
2026-06-16 22:50:00,1013.47
2026-06-16 23:00:00,1013.4100000000002
2026-06-16 23:10:00,1013.3800000000001
2026-06-16 23:20:00,1013.2633333333333
2026-06-16 23:30:00,1013.22
2026-06-16 23:40:00,1013.12
2026-06-16 23:50:00,1012.9100000000001
2026-06-17 00:00:00,1012.8266666666667
2026-06-17 00:10:00,1012.79
2026-06-17 00:20:00,1012.7400000000001
2026-06-17 00:30:00,1012.6500000000001
2026-06-17 00:40:00,1012.5966666666667
2026-06-17 00:50:00,1012.5749999999999
2026-06-17 01:00:00,1012.5066666666667
2026-06-17 01:10:00,1012.345
2026-06-17 01:20:00,1012.1700000000001
2026-06-17 01:30:00,1012.095
2026-06-17 01:40:00,1012.15
2026-06-17 01:50:00,1012.1650000000001
2026-06-17 02:00:00,1012.19
2026-06-17 02:10:00,1012.09
2026-06-17 02:20:00,1011.9100000000002
2026-06-17 02:30:00,1011.84
2026-06-17 02:40:00,1011.7666666666668
2026-06-17 02:50:00,1011.8850000000001
2026-06-17 03:00:00,1012.0066666666667
2026-06-17 03:10:00,1012.0899999999999
2026-06-17 03:20:00,1012.1166666666668
2026-06-17 03:30:00,1012.1650000000001
2026-06-17 03:40:00,1012.2366666666667
2026-06-17 03:50:00,1012.285
2026-06-17 04:00:00,1012.2366666666667
2026-06-17 04:10:00,1012.23
2026-06-17 04:20:00,1012.3133333333332
2026-06-17 04:30:00,1012.365
2026-06-17 04:40:00,1012.4333333333334
2026-06-17 04:50:00,1012.46
2026-06-17 05:00:00,1012.59
2026-06-17 05:10:00,1012.775
2026-06-17 05:20:00,1012.79
2026-06-17 05:30:00,1012.8149999999999
2026-06-17 05:40:00,1012.9933333333333
2026-06-17 05:50:00,1013.1800000000001
2026-06-17 06:00:00,1013.21
2026-06-17 06:10:00,1013.3399999999999
2026-06-17 06:20:00,1013.5233333333332
2026-06-17 06:30:00,1013.6450000000001
2026-06-17 06:40:00,1013.7333333333332
2026-06-17 06:50:00,1013.8
2026-06-17 07:00:00,1013.8566666666666
2026-06-17 07:10:00,1014.095
2026-06-17 07:20:00,1014.21
2026-06-17 07:30:00,1014.27
2026-06-17 07:40:00,1014.27
2026-06-17 07:50:00,1014.3249999999999
2026-06-17 08:00:00,1014.4699999999999
2026-06-17 08:10:00,1014.5
2026-06-17 08:20:00,1014.4866666666667
2026-06-17 08:30:00,1014.44
2026-06-17 08:40:00,1014.4533333333334
2026-06-17 08:50:00,1014.505
2026-06-17 09:00:00,1014.5233333333332
2026-06-17 09:10:00,1014.5949999999999
2026-06-17 09:20:00,1014.64
2026-06-17 09:30:00,1014.6366666666667
2026-06-17 09:40:00,1014.6250000000001
2026-06-17 09:50:00,1014.5633333333332
2026-06-17 10:00:00,1014.4050000000001
2026-06-17 10:10:00,1014.3866666666667
2026-06-17 10:20:00,1014.44
2026-06-17 10:30:00,1014.4066666666668
2026-06-17 10:40:00,1014.495
2026-06-17 10:50:00,1014.52
2026-06-17 11:00:00,1014.545
2026-06-17 11:10:00,1014.4333333333334
2026-06-17 11:20:00,1014.3199999999999
2026-06-17 11:30:00,1014.295
2026-06-17 11:40:00,1014.2133333333335
2026-06-17 11:50:00,1014.195
2026-06-17 12:00:00,1014.1966666666667
2026-06-17 12:10:00,1014.005
2026-06-17 12:20:00,1013.8433333333332
2026-06-17 12:30:00,1013.725
2026-06-17 12:40:00,1013.61
2026-06-17 12:50:00,1013.51
2026-06-17 13:00:00,1013.41
2026-06-17 13:10:00,1013.255
2026-06-17 13:20:00,1013.1466666666666
2026-06-17 13:30:00,1013.05
2026-06-17 13:40:00,1012.9466666666667
2026-06-17 13:50:00,1012.765
2026-06-17 14:00:00,1012.6733333333333
2026-06-17 14:10:00,1012.54
2026-06-17 14:20:00,1012.4966666666666
2026-06-17 14:30:00,1012.4399999999999
2026-06-17 14:40:00,1012.1700000000001
2026-06-17 14:50:00,1012.03
2026-06-17 15:00:00,1011.9933333333333
2026-06-17 15:10:00,1011.9350000000001
2026-06-17 15:20:00,1011.8333333333334
2026-06-17 15:30:00,1011.8
2026-06-17 15:40:00,1011.9
2026-06-17 15:50:00,1011.8750000000001
2026-06-17 16:00:00,1011.9433333333333
2026-06-17 16:10:00,1012.105
2026-06-17 16:20:00,1012.1633333333334
2026-06-17 16:30:00,1012.245
2026-06-17 16:40:00,1012.3066666666667
2026-06-17 16:50:00,1012.4150000000001
2026-06-17 17:00:00,1012.4433333333333
2026-06-17 17:10:00,1012.455
2026-06-17 17:20:00,1012.46
2026-06-17 17:30:00,1012.4699999999999
2026-06-17 17:40:00,1012.54
2026-06-17 17:50:00,1012.7066666666666
2026-06-17 18:00:00,1012.8149999999999
2026-06-17 18:10:00,1012.9866666666667
2026-06-17 18:20:00,1013.005
2026-06-17 18:30:00,1012.9866666666667
2026-06-17 18:40:00,1013.09
2026-06-17 18:50:00,1013.1533333333333
2026-06-17 19:00:00,1013.13
2026-06-17 19:10:00,1013.3933333333334
2026-06-17 19:20:00,1013.555
2026-06-17 19:30:00,1013.63
2026-06-17 19:40:00,1013.745
2026-06-17 19:50:00,1013.7533333333334
2026-06-17 20:00:00,1013.765
2026-06-17 20:10:00,1013.7666666666668
2026-06-17 20:20:00,1013.875
2026-06-17 20:30:00,1014.0966666666667
2026-06-17 20:40:00,1014.1600000000001
2026-06-17 20:50:00,1014.2966666666666
2026-06-17 21:00:00,1014.4200000000001
2026-06-17 21:10:00,1014.43
2026-06-17 21:20:00,1014.35
2026-06-17 21:30:00,1014.3633333333333
2026-06-17 21:40:00,1014.3199999999999
2026-06-17 21:50:00,1014.3433333333332
2026-06-17 22:00:00,1014.25
2026-06-17 22:10:00,1014.3133333333332
2026-06-17 22:20:00,1014.225
2026-06-17 22:30:00,1014.1866666666668
2026-06-17 22:40:00,1014.1500000000001
2026-06-17 22:50:00,1014.14
2026-06-17 23:00:00,1014.0699999999999
2026-06-17 23:10:00,1014.0333333333333
2026-06-17 23:20:00,1013.9300000000001
2026-06-17 23:30:00,1013.9066666666668
2026-06-17 23:40:00,1013.8149999999999
2026-06-17 23:50:00,1013.7599999999999
2026-06-18 00:00:00,1013.6800000000001
2026-06-18 00:10:00,1013.6533333333333
2026-06-18 00:20:00,1013.705
2026-06-18 00:30:00,1013.5799999999999
2026-06-18 00:40:00,1013.505
2026-06-18 00:50:00,1013.6166666666668
2026-06-18 01:00:00,1013.5849999999999
2026-06-18 01:10:00,1013.4733333333334
2026-06-18 01:20:00,1013.375
2026-06-18 01:30:00,1013.3566666666666
2026-06-18 01:40:00,1013.23
2026-06-18 01:50:00,1013.1700000000001
2026-06-18 02:00:00,1013.03
2026-06-18 02:10:00,1012.8466666666667
2026-06-18 02:20:00,1012.8349999999999
2026-06-18 02:30:00,1012.7999999999998
2026-06-18 02:40:00,1012.8299999999999
2026-06-18 02:50:00,1012.86
2026-06-18 03:00:00,1012.8299999999999
2026-06-18 03:10:00,1012.8299999999999
2026-06-18 03:20:00,1012.9000000000001
2026-06-18 03:30:00,1012.89
2026-06-18 03:40:00,1012.8950000000001
2026-06-18 03:50:00,1012.8766666666667
2026-06-18 04:00:00,1012.9000000000001
2026-06-18 04:10:00,1012.9200000000001
2026-06-18 04:20:00,1012.94
2026-06-18 04:30:00,1012.88
2026-06-18 04:40:00,1012.85
2026-06-18 04:50:00,1012.8249999999999
2026-06-18 05:00:00,1012.8966666666666
2026-06-18 05:10:00,1012.985
2026-06-18 05:20:00,1013.1333333333333
2026-06-18 05:30:00,1013.26
2026-06-18 05:40:00,1013.36
2026-06-18 05:50:00,1013.3950000000001
2026-06-18 06:00:00,1013.5466666666666
2026-06-18 06:10:00,1013.8249999999999
2026-06-18 06:20:00,1013.9466666666667
2026-06-18 06:30:00,1014.0649999999999
2026-06-18 06:40:00,1014.14
2026-06-18 06:50:00,1014.245
2026-06-18 07:00:00,1014.2866666666665
2026-06-18 07:10:00,1014.37
2026-06-18 07:20:00,1014.4500000000002
2026-06-18 07:30:00,1014.49
2026-06-18 07:40:00,1014.4233333333335
2026-06-18 07:50:00,1014.3950000000001
2026-06-18 08:00:00,1014.4266666666667
2026-06-18 08:10:00,1014.45
2026-06-18 08:20:00,1014.4833333333332
2026-06-18 08:30:00,1014.525
2026-06-18 08:40:00,1014.5666666666666
2026-06-18 08:50:00,1014.6700000000001
2026-06-18 09:00:00,1014.7233333333334
2026-06-18 09:10:00,1014.845
2026-06-18 09:20:00,1014.6600000000002
2026-06-18 09:30:00,1014.5999999999999
2026-06-18 09:40:00,1014.66
2026-06-18 09:50:00,1014.6
2026-06-18 10:00:00,1014.5033333333334
2026-06-18 10:10:00,1014.4300000000001
2026-06-18 10:20:00,1014.4866666666667
2026-06-18 10:30:00,1014.3900000000001
2026-06-18 10:40:00,1014.3233333333333
2026-06-18 10:50:00,1014.29
2026-06-18 11:00:00,1014.2800000000001
2026-06-18 11:10:00,1014.215
2026-06-18 11:20:00,1014.0533333333333
2026-06-18 11:30:00,1013.985
2026-06-18 11:40:00,1013.88
2026-06-18 11:50:00,1013.8149999999999
2026-06-18 12:00:00,1013.73
2026-06-18 12:10:00,1013.78
2026-06-18 12:20:00,1013.7733333333332
2026-06-18 12:30:00,1013.755
2026-06-18 12:40:00,1013.6300000000001
2026-06-18 12:50:00,1013.365
2026-06-18 13:00:00,1013.2733333333334
2026-06-18 13:10:00,1013.19
2026-06-18 13:20:00,1013.48
2026-06-18 13:30:00,1013.7459999999999
2026-06-18 13:40:00,1013.7911111111111
2026-06-18 13:50:00,1013.8866666666664
2026-06-18 14:30:00,1013.7833333333334
2026-06-18 14:40:00,1013.4300000000001
2026-06-18 14:50:00,1013.54
2026-06-18 15:00:00,1013.5799999999999
2026-06-18 15:10:00,1013.4500000000002
2026-06-18 15:20:00,1013.455
2026-06-18 15:30:00,1013.585
2026-06-18 15:40:00,1013.6975
2026-06-18 15:50:00,1013.5466666666666
2026-06-18 16:00:00,1013.605
2026-06-18 16:10:00,1013.6333333333333
2026-06-18 16:20:00,1013.4350000000001
2026-06-18 16:30:00,1013.31
2026-06-18 16:40:00,1013.0166666666668
2026-06-18 16:50:00,1012.7966666666666
2026-06-18 17:00:00,1012.6666666666666
2026-06-18 17:10:00,1012.54
2026-06-18 17:20:00,1012.6433333333334
2026-06-18 17:30:00,1012.56
2026-06-18 17:40:00,1012.4033333333333
2026-06-18 17:50:00,1012.4150000000001
2026-06-18 18:00:00,1012.4133333333333
2026-06-18 18:10:00,1012.645
2026-06-18 18:20:00,1012.9266666666666
2026-06-18 18:30:00,1013.11
2026-06-18 18:40:00,1013.1700000000001
2026-06-18 18:50:00,1013.24
2026-06-18 19:00:00,1013.2333333333332
2026-06-18 19:10:00,1013.3750000000001
2026-06-18 19:20:00,1013.54
2026-06-18 19:30:00,1013.6
2026-06-18 19:40:00,1013.6600000000001
2026-06-18 19:50:00,1013.62
2026-06-18 20:00:00,1013.6450000000001
2026-06-18 20:10:00,1013.6366666666668
2026-06-18 20:20:00,1013.635
2026-06-18 20:30:00,1013.6700000000001
2026-06-18 20:40:00,1013.615
2026-06-18 20:50:00,1013.6233333333333
2026-06-18 21:00:00,1013.745
2026-06-18 21:10:00,1013.79
2026-06-18 21:20:00,1013.77
2026-06-18 21:30:00,1013.7033333333334
2026-06-18 21:40:00,1013.6700000000001
2026-06-18 21:50:00,1013.5666666666666
2026-06-18 22:00:00,1013.515
2026-06-18 22:10:00,1013.5466666666666
2026-06-18 22:20:00,1013.455
2026-06-18 22:30:00,1013.4833333333332
2026-06-18 22:40:00,1013.485
2026-06-18 22:50:00,1013.4733333333334
2026-06-18 23:00:00,1013.5899999999999
2026-06-18 23:10:00,1013.4200000000001
2026-06-18 23:20:00,1013.3249999999999
2026-06-18 23:30:00,1013.3033333333333
2026-06-18 23:40:00,1013.3249999999999
2026-06-18 23:50:00,1013.2266666666668
2026-06-19 00:00:00,1013.26
2026-06-19 00:10:00,1013.1533333333333
2026-06-19 00:20:00,1013.0649999999999
2026-06-19 00:30:00,1013.0633333333332
2026-06-19 00:40:00,1013.12
2026-06-19 00:50:00,1013.1866666666668
2026-06-19 01:00:00,1013.1700000000001
2026-06-19 01:10:00,1013.0133333333333
2026-06-19 01:20:00,1012.83
2026-06-19 01:30:00,1012.8933333333334
2026-06-19 01:40:00,1012.98
2026-06-19 01:50:00,1012.89
2026-06-19 02:00:00,1012.72
2026-06-19 02:10:00,1012.7166666666667
2026-06-19 02:20:00,1012.8299999999999
2026-06-19 02:30:00,1012.84
2026-06-19 02:40:00,1012.955
2026-06-19 02:50:00,1013.11
2026-06-19 03:00:00,1013.13
2026-06-19 03:10:00,1013.0633333333334
2026-06-19 03:20:00,1013
2026-06-19 03:30:00,1012.8466666666667
2026-06-19 03:40:00,1012.76
2026-06-19 03:50:00,1012.7466666666666
2026-06-19 04:00:00,1012.8249999999999
2026-06-19 04:10:00,1012.8466666666667
2026-06-19 04:20:00,1012.87
2026-06-19 04:30:00,1012.7733333333332
2026-06-19 04:40:00,1012.77
2026-06-19 04:50:00,1012.7533333333334
2026-06-19 05:00:00,1012.88
2026-06-19 05:10:00,1012.8533333333331
2026-06-19 05:20:00,1012.74
2026-06-19 05:30:00,1012.7866666666665
2026-06-19 05:40:00,1012.8800000000001
2026-06-19 05:50:00,1012.94
2026-06-19 06:00:00,1013.215
2026-06-19 06:10:00,1013.39
2026-06-19 06:20:00,1013.46
2026-06-19 06:30:00,1013.5966666666667
2026-06-19 06:40:00,1013.835
2026-06-19 06:50:00,1013.9350000000001
2026-06-19 07:00:00,1014.0033333333334
2026-06-19 07:10:00,1014.0899999999998
2026-06-19 07:20:00,1014.1433333333334
2026-06-19 07:30:00,1014.22
2026-06-19 07:40:00,1014.12
2026-06-19 07:50:00,1014.1
2026-06-19 08:00:00,1014.2266666666668
2026-06-19 08:10:00,1014.28
2026-06-19 08:20:00,1014.3299999999999
2026-06-19 08:30:00,1014.3199999999999
2026-06-19 08:40:00,1014.3266666666665
2026-06-19 08:50:00,1014.155
2026-06-19 09:00:00,1014.07
2026-06-19 09:10:00,1014.1500000000001
2026-06-19 09:20:00,1014.1766666666667
2026-06-19 09:30:00,1014.15
2026-06-19 09:40:00,1014.0533333333333
2026-06-19 09:50:00,1014.03
2026-06-19 10:00:00,1013.9533333333334
2026-06-19 10:10:00,1013.815
2026-06-19 10:20:00,1013.8299999999999
2026-06-19 10:30:00,1013.725
2026-06-19 10:40:00,1013.4733333333334
2026-06-19 10:50:00,1013.475
2026-06-19 11:00:00,1013.4100000000002
2026-06-19 11:10:00,1013.3449999999999
2026-06-19 11:20:00,1013.1733333333333
2026-06-19 11:30:00,1013.1550000000001
2026-06-19 11:40:00,1012.9933333333333
2026-06-19 11:50:00,1013.01
2026-06-19 12:00:00,1012.8733333333333
2026-06-19 12:10:00,1012.9100000000001
2026-06-19 12:20:00,1012.9500000000002
2026-06-19 12:30:00,1012.92
2026-06-19 12:40:00,1012.83
2026-06-19 12:50:00,1012.745
2026-06-19 13:00:00,1012.6033333333335
2026-06-19 13:10:00,1012.465
2026-06-19 13:20:00,1012.4633333333335
2026-06-19 13:30:00,1012.3299999999999
2026-06-19 13:40:00,1012.3133333333332
2026-06-19 13:50:00,1012.27
2026-06-19 14:00:00,1012.0966666666667
2026-06-19 14:10:00,1011.88
2026-06-19 14:20:00,1011.8533333333331
2026-06-19 14:30:00,1011.84
2026-06-19 14:40:00,1011.86
2026-06-19 14:50:00,1011.87
2026-06-19 15:00:00,1011.7800000000001
2026-06-19 15:10:00,1011.78
2026-06-19 15:20:00,1011.6333333333333
2026-06-19 15:30:00,1011.5849999999999
2026-06-19 15:40:00,1011.5633333333334
2026-06-19 15:50:00,1011.535
2026-06-19 16:00:00,1011.68
2026-06-19 16:10:00,1011.695
2026-06-19 16:20:00,1011.8166666666666
2026-06-19 16:30:00,1011.99
2026-06-19 16:40:00,1011.9766666666668
2026-06-19 16:50:00,1011.89
2026-06-19 17:00:00,1011.9766666666668
2026-06-19 17:10:00,1012.06
2026-06-19 17:20:00,1012.1600000000001
2026-06-19 17:30:00,1012.2933333333334
2026-06-19 17:40:00,1012.295
2026-06-19 17:50:00,1012.3766666666667
2026-06-19 18:00:00,1012.365
2026-06-19 18:10:00,1012.37
2026-06-19 18:20:00,1012.49
2026-06-19 18:30:00,1012.2599999999999
2026-06-19 18:40:00,1012.205
2026-06-19 18:50:00,1012.3233333333333
2026-06-19 19:00:00,1012.3900000000001
2026-06-19 19:10:00,1012.3833333333333
2026-06-19 19:20:00,1012.585
2026-06-19 19:30:00,1012.79
2026-06-19 19:40:00,1012.8449999999999
2026-06-19 19:50:00,1012.8333333333334
2026-06-19 20:00:00,1012.845
2026-06-19 20:10:00,1012.9333333333334
2026-06-19 20:20:00,1012.855
2026-06-19 20:30:00,1013.0466666666667
2026-06-19 20:40:00,1013.235
2026-06-19 20:50:00,1013.2599999999999
2026-06-19 21:00:00,1013.245
2026-06-19 21:10:00,1013.2533333333334
2026-06-19 21:20:00,1013.3249999999999
2026-06-19 21:30:00,1013.3166666666666
2026-06-19 21:40:00,1013.335
2026-06-19 21:50:00,1013.31
2026-06-19 22:00:00,1013.13
2026-06-19 22:10:00,1013.0499999999998
2026-06-19 22:20:00,1013.035
2026-06-19 22:30:00,1012.96
2026-06-19 22:40:00,1013.025
2026-06-19 22:50:00,1012.9
2026-06-19 23:00:00,1012.8249999999999
2026-06-19 23:10:00,1012.8833333333333
2026-06-19 23:20:00,1012.95
2026-06-19 23:30:00,1012.9166666666666
2026-06-19 23:40:00,1012.85
2026-06-19 23:50:00,1012.6633333333333
2026-06-20 00:00:00,1012.485
2026-06-20 00:10:00,1012.3233333333334
2026-06-20 00:20:00,1012.3149999999999
2026-06-20 00:30:00,1012.31
2026-06-20 00:40:00,1012.235
2026-06-20 00:50:00,1012.1700000000001
2026-06-20 01:00:00,1012.1500000000001
2026-06-20 01:10:00,1012.2166666666667
2026-06-20 01:20:00,1012.215
2026-06-20 01:30:00,1012.1833333333334
2026-06-20 01:40:00,1012.225
2026-06-20 01:50:00,1012.2833333333333
2026-06-20 02:00:00,1012.365
2026-06-20 02:10:00,1012.3233333333333
2026-06-20 02:20:00,1012.285
2026-06-20 02:30:00,1012.07
2026-06-20 02:40:00,1011.96
2026-06-20 02:50:00,1011.7233333333334
2026-06-20 03:00:00,1011.7
2026-06-20 03:10:00,1011.6133333333333
2026-06-20 03:20:00,1011.5649999999999
2026-06-20 03:30:00,1011.4566666666666
2026-06-20 03:40:00,1011.37
2026-06-20 03:50:00,1011.4200000000001
2026-06-20 04:00:00,1011.43
2026-06-20 04:10:00,1011.4266666666667
2026-06-20 04:20:00,1011.305
2026-06-20 04:30:00,1011.4566666666666
2026-06-20 04:40:00,1011.5799999999999
2026-06-20 04:50:00,1011.65
2026-06-20 05:00:00,1011.4500000000002
2026-06-20 05:10:00,1011.4200000000001
2026-06-20 05:20:00,1011.39
2026-06-20 05:30:00,1011.455
2026-06-20 05:40:00,1011.6633333333333
2026-06-20 05:50:00,1011.6400000000001
2026-06-20 06:00:00,1011.6833333333334
2026-06-20 06:10:00,1011.75
2026-06-20 06:20:00,1011.79
2026-06-20 06:30:00,1011.83
2026-06-20 06:40:00,1012.0033333333334
2026-06-20 06:50:00,1012.085
2026-06-20 07:00:00,1012.1066666666666
2026-06-20 07:10:00,1012.12
2026-06-20 07:20:00,1012.3233333333334
2026-06-20 07:30:00,1012.5
2026-06-20 07:40:00,1012.87
2026-06-20 07:50:00,1013.04
2026-06-20 08:00:00,1013.1500000000001
2026-06-20 08:40:00,1013.14
2026-06-20 08:50:00,1013.045
2026-06-20 09:00:00,1013.0033333333334
2026-06-20 09:10:00,1012.9350000000001
2026-06-20 09:20:00,1012.86
2026-06-20 09:30:00,1012.69
2026-06-20 09:40:00,1012.6933333333333
2026-06-20 09:50:00,1012.46
2026-06-20 10:00:00,1012.3633333333333
2026-06-20 10:10:00,1012.1750000000001
2026-06-20 10:20:00,1012.2400000000001
2026-06-20 10:30:00,1012.3249999999999
2026-06-20 10:40:00,1012.2066666666666
2026-06-20 10:50:00,1012.06
2026-06-20 11:00:00,1011.9200000000001
2026-06-20 11:10:00,1011.74
2026-06-20 11:20:00,1011.8066666666667
2026-06-20 11:30:00,1011.6899999999999
2026-06-20 11:40:00,1011.5066666666667
2026-06-20 11:50:00,1011.3050000000001
2026-06-20 12:00:00,1011.2066666666666
2026-06-20 12:10:00,1011.0500000000001
2026-06-20 12:20:00,1010.8133333333334
2026-06-20 12:30:00,1010.755
2026-06-20 12:40:00,1010.7033333333334
2026-06-20 12:50:00,1010.595
2026-06-20 13:00:00,1010.48
2026-06-20 13:10:00,1010.6500000000001
2026-06-20 13:20:00,1010.5
2026-06-20 13:30:00,1010.37
2026-06-20 13:40:00,1010.18
2026-06-20 13:50:00,1010.1700000000001
2026-06-20 14:00:00,1010.0266666666666
2026-06-20 14:10:00,1010
2026-06-20 14:20:00,1009.9966666666666
2026-06-20 14:30:00,1009.855
2026-06-20 14:40:00,1009.7133333333333
2026-06-20 14:50:00,1009.4050000000001
2026-06-20 15:00:00,1009.4933333333333
2026-06-20 15:10:00,1009.505
2026-06-20 15:20:00,1009.3866666666667
2026-06-20 15:30:00,1009.275
2026-06-20 15:40:00,1009.255
2026-06-20 15:50:00,1009.4466666666667
2026-06-20 16:00:00,1009.61
2026-06-20 16:10:00,1009.6133333333333
2026-06-20 16:20:00,1009.6850000000001
2026-06-20 16:30:00,1009.6466666666666
2026-06-20 16:40:00,1009.82
2026-06-20 16:50:00,1010.04
2026-06-20 17:00:00,1010.13
2026-06-20 17:10:00,1010.0300000000001
2026-06-20 17:20:00,1010.1949999999999
2026-06-20 17:30:00,1010.44
2026-06-20 17:40:00,1010.215
2026-06-20 17:50:00,1010.0566666666667
2026-06-20 18:00:00,1010.335
2026-06-20 18:10:00,1010.56
2026-06-20 18:20:00,1010.715
2026-06-20 18:30:00,1010.8833333333333
2026-06-20 18:40:00,1011.15
2026-06-20 18:50:00,1011.31
2026-06-20 19:00:00,1011.3349999999999
2026-06-20 19:10:00,1011.43
2026-06-20 19:20:00,1011.475
2026-06-20 19:30:00,1011.4100000000002
2026-06-20 19:40:00,1011.38
2026-06-20 19:50:00,1011.3633333333333
2026-06-20 20:00:00,1011.3
2026-06-20 20:10:00,1011.1866666666668
2026-06-20 20:20:00,1011.11
2026-06-20 20:30:00,1011.0833333333334
2026-06-20 20:40:00,1011.1250000000001
2026-06-20 20:50:00,1011.0633333333332
2026-06-20 21:00:00,1010.965
2026-06-20 21:10:00,1011.18
2026-06-20 21:20:00,1011.295
2026-06-20 21:30:00,1011.4033333333333
2026-06-20 21:40:00,1011.4300000000001
2026-06-20 21:50:00,1011.3366666666667
2026-06-20 22:00:00,1011.305
2026-06-20 22:10:00,1011.3733333333333
2026-06-20 22:20:00,1011.475
2026-06-20 22:30:00,1011.48
2026-06-20 22:40:00,1011.4000000000001
2026-06-20 22:50:00,1011.3333333333334
2026-06-20 23:00:00,1011.44
2026-06-20 23:10:00,1011.3966666666669
2026-06-20 23:20:00,1011.3199999999999
2026-06-20 23:30:00,1011.2800000000001
2026-06-20 23:40:00,1011.365
2026-06-20 23:50:00,1011.3566666666667
2026-06-21 00:00:00,1011.255
2026-06-21 00:10:00,1011.2633333333333
2026-06-21 00:20:00,1011.105
2026-06-21 00:30:00,1010.98
2026-06-21 00:40:00,1010.805
2026-06-21 00:50:00,1010.62
2026-06-21 01:00:00,1010.475
2026-06-21 01:10:00,1010.3266666666667
2026-06-21 01:20:00,1010.3
2026-06-21 01:30:00,1010.3133333333334
2026-06-21 01:40:00,1010.4250000000001
2026-06-21 01:50:00,1010.5533333333333
2026-06-21 02:00:00,1010.6400000000001
2026-06-21 02:10:00,1010.5499999999998
2026-06-21 02:20:00,1010.515
2026-06-21 02:30:00,1010.4433333333333
2026-06-21 02:40:00,1010.3850000000001
2026-06-21 02:50:00,1010.4100000000001
2026-06-21 03:00:00,1010.2599999999999
2026-06-21 03:10:00,1010.055
2026-06-21 03:20:00,1010.02
2026-06-21 03:30:00,1009.885
2026-06-21 03:40:00,1009.9566666666666
2026-06-21 03:50:00,1009.97
2026-06-21 04:00:00,1010.0099999999999
2026-06-21 04:10:00,1010.035
2026-06-21 04:20:00,1010.1066666666666
2026-06-21 04:30:00,1010.13
2026-06-21 04:40:00,1010.2966666666667
2026-06-21 04:50:00,1010.38
2026-06-21 05:00:00,1010.1266666666667
2026-06-21 05:10:00,1010.055
2026-06-21 05:20:00,1010.2800000000001
2026-06-21 05:30:00,1010.44
2026-06-21 05:40:00,1010.3800000000001
2026-06-21 05:50:00,1010.4350000000001
2026-06-21 06:00:00,1010.5566666666667
2026-06-21 06:10:00,1010.8100000000001
2026-06-21 06:20:00,1011.0866666666667
2026-06-21 06:30:00,1011.225
2026-06-21 06:40:00,1011.35
2026-06-21 06:50:00,1011.3199999999999
2026-06-21 07:00:00,1011.3866666666668
2026-06-21 07:10:00,1011.485
2026-06-21 07:20:00,1011.7333333333332
2026-06-21 07:30:00,1011.805
2026-06-21 07:40:00,1011.9100000000002
2026-06-21 07:50:00,1012.005
2026-06-21 08:00:00,1012.11
2026-06-21 08:10:00,1012.1
2026-06-21 08:20:00,1012.1333333333333
2026-06-21 08:30:00,1012.06
2026-06-21 08:40:00,1012.0266666666666
2026-06-21 08:50:00,1011.835
2026-06-21 09:00:00,1011.61
2026-06-21 09:10:00,1011.5799999999999
2026-06-21 09:20:00,1011.495
2026-06-21 09:30:00,1011.4933333333333
2026-06-21 09:40:00,1011.45
2026-06-21 09:50:00,1011.5033333333334
2026-06-21 10:00:00,1011.4150000000001
2026-06-21 10:10:00,1011.3033333333333
2026-06-21 10:20:00,1011.245
2026-06-21 10:30:00,1011.1466666666669
2026-06-21 10:40:00,1011.275
2026-06-21 10:50:00,1011.4500000000002
2026-06-21 11:00:00,1011.3399999999999
2026-06-21 11:10:00,1011.3133333333332
2026-06-21 11:20:00,1011.1850000000001
2026-06-21 11:30:00,1011.1066666666666
2026-06-21 11:40:00,1011.08
2026-06-21 11:50:00,1011.0466666666666
2026-06-21 12:00:00,1010.87
2026-06-21 12:10:00,1010.7166666666667
2026-06-21 12:20:00,1010.705
2026-06-21 12:30:00,1010.54
2026-06-21 12:40:00,1010.48
2026-06-21 12:50:00,1010.4966666666666
2026-06-21 13:00:00,1010.59
2026-06-21 13:10:00,1010.5300000000001
2026-06-21 13:20:00,1010.455
2026-06-21 13:30:00,1010.4200000000001
2026-06-21 13:40:00,1010.315
2026-06-21 13:50:00,1010.0633333333332
2026-06-21 14:00:00,1010
2026-06-21 14:10:00,1009.8466666666667
2026-06-21 14:20:00,1009.71
2026-06-21 14:30:00,1009.7400000000001
2026-06-21 14:40:00,1009.66
2026-06-21 14:50:00,1009.5300000000001
2026-06-21 15:00:00,1009.46
2026-06-21 15:10:00,1009.27
2026-06-21 15:20:00,1009.3499999999999
2026-06-21 15:30:00,1009.3733333333333
2026-06-21 15:40:00,1009.45
2026-06-21 15:50:00,1009.57
2026-06-21 16:00:00,1009.5899999999999
2026-06-21 16:10:00,1009.46
2026-06-21 16:20:00,1009.72
2026-06-21 16:30:00,1009.8733333333333
2026-06-21 16:40:00,1010.055
2026-06-21 16:50:00,1010.2166666666667
2026-06-21 17:00:00,1010.4300000000001
2026-06-21 17:10:00,1010.46
2026-06-21 17:20:00,1010.7600000000001
2026-06-21 17:30:00,1011.0099999999999
2026-06-21 17:40:00,1011.06
2026-06-21 17:50:00,1011.1733333333335
2026-06-21 18:00:00,1011.4300000000001
2026-06-21 18:10:00,1011.5966666666667
2026-06-21 18:20:00,1011.705
2026-06-21 18:30:00,1011.81
2026-06-21 18:40:00,1012.01
2026-06-21 18:50:00,1012.11
2026-06-21 19:00:00,1012.1700000000001
2026-06-21 19:10:00,1012.2400000000001
2026-06-21 19:20:00,1012.3299999999999
2026-06-21 19:30:00,1012.2599999999999
2026-06-21 19:40:00,1012.1866666666668
2026-06-21 19:50:00,1011.9633333333333
2026-06-21 20:00:00,1011.795
2026-06-21 20:10:00,1011.94
2026-06-21 20:20:00,1012.0649999999999
2026-06-21 20:30:00,1012.0866666666667
2026-06-21 20:40:00,1012.355
2026-06-21 20:50:00,1012.2066666666666
2026-06-21 21:00:00,1012.24
2026-06-21 21:10:00,1012.3033333333333
2026-06-21 21:20:00,1012.54
2026-06-21 21:30:00,1012.61
2026-06-21 21:40:00,1012.3
2026-06-21 21:50:00,1012.2266666666668
2026-06-21 22:00:00,1012.1350000000001
2026-06-21 22:10:00,1012.2400000000001
2026-06-21 22:20:00,1012.3349999999999
2026-06-21 22:30:00,1012.3466666666667
2026-06-21 22:40:00,1012.27
2026-06-21 22:50:00,1012.4200000000001
2026-06-21 23:00:00,1012.51
2026-06-21 23:10:00,1012.52
2026-06-21 23:20:00,1012.365
2026-06-21 23:30:00,1012.4133333333333
2026-06-21 23:40:00,1012.445
2026-06-21 23:50:00,1012.34
2026-06-22 00:00:00,1012.365
2026-06-22 00:10:00,1012.2800000000001
2026-06-22 00:20:00,1011.93
2026-06-22 00:30:00,1011.8333333333334
2026-06-22 00:40:00,1011.665
2026-06-22 00:50:00,1011.2133333333335
2026-06-22 01:00:00,1011.0649999999999
2026-06-22 01:10:00,1011.27
2026-06-22 01:20:00,1011.235
2026-06-22 01:30:00,1011.07
2026-06-22 01:40:00,1011.04
2026-06-22 01:50:00,1010.9966666666666
2026-06-22 02:00:00,1010.8349999999999
2026-06-22 02:10:00,1010.7766666666666
2026-06-22 02:20:00,1010.985
2026-06-22 02:30:00,1011
2026-06-22 02:40:00,1010.805
2026-06-22 02:50:00,1010.5799999999999
2026-06-22 03:00:00,1010.6500000000001
2026-06-22 03:10:00,1010.7133333333335
2026-06-22 03:20:00,1010.6700000000001
2026-06-22 03:30:00,1010.5066666666667
2026-06-22 03:40:00,1010.45
2026-06-22 03:50:00,1010.6933333333333
2026-06-22 04:00:00,1010.8249999999999
2026-06-22 04:10:00,1010.96
2026-06-22 04:20:00,1011.195
2026-06-22 04:30:00,1011.4366666666668
2026-06-22 04:40:00,1011.645
2026-06-22 04:50:00,1011.8033333333333
2026-06-22 05:00:00,1011.62
2026-06-22 05:10:00,1011.4699999999999
2026-06-22 05:20:00,1011.5649999999999
2026-06-22 05:30:00,1011.5833333333334
2026-06-22 05:40:00,1011.73
2026-06-22 05:50:00,1011.8266666666667
2026-06-22 06:00:00,1012.005
2026-06-22 06:10:00,1012.2466666666666
2026-06-22 06:20:00,1012.48
2026-06-22 06:30:00,1012.6833333333334
2026-06-22 06:40:00,1012.75
2026-06-22 06:50:00,1012.7599999999999
2026-06-22 07:00:00,1012.72
2026-06-22 07:10:00,1012.785
2026-06-22 07:20:00,1012.8166666666666
2026-06-22 07:30:00,1012.9300000000001
2026-06-22 07:40:00,1013.0966666666667
2026-06-22 07:50:00,1013.255
2026-06-22 08:00:00,1013.2400000000001
2026-06-22 08:10:00,1013.195
2026-06-22 08:20:00,1013.24
2026-06-22 09:00:00,1013.355
2026-06-22 09:10:00,1013.485
2026-06-22 09:20:00,1013.5499999999998
2026-06-22 09:30:00,1013.6450000000001
2026-06-22 09:40:00,1013.56
2026-06-22 09:50:00,1013.365
2026-06-22 10:00:00,1013.2199999999999
2026-06-22 10:10:00,1013.19
2026-06-22 10:20:00,1013.0733333333334
2026-06-22 10:30:00,1012.985
2026-06-22 10:40:00,1013.0233333333332
2026-06-22 10:50:00,1013.0749999999999
2026-06-22 11:00:00,1013.0566666666667
2026-06-22 11:10:00,1012.995
2026-06-22 11:20:00,1012.86
2026-06-22 11:30:00,1012.79
2026-06-22 11:40:00,1012.81
2026-06-22 11:50:00,1012.725
2026-06-22 12:00:00,1012.6766666666667
2026-06-22 12:10:00,1012.7033333333334
2026-06-22 12:20:00,1012.6850000000001
2026-06-22 12:30:00,1012.6333333333333
2026-06-22 12:40:00,1012.455
2026-06-22 12:50:00,1012.39
2026-06-22 13:00:00,1012.4100000000001
2026-06-22 13:10:00,1012.3233333333334
2026-06-22 13:20:00,1012.225
2026-06-22 13:30:00,1012.07
2026-06-22 13:40:00,1012.015
2026-06-22 13:50:00,1011.93
2026-06-22 14:00:00,1011.775
2026-06-22 14:10:00,1011.6
2026-06-22 14:20:00,1011.56
2026-06-22 14:30:00,1011.4166666666666
2026-06-22 14:40:00,1011.34
2026-06-22 14:50:00,1011.2966666666666
2026-06-22 15:00:00,1011.365
2026-06-22 15:10:00,1011.3466666666667
2026-06-22 15:20:00,1011.38
2026-06-22 15:30:00,1011.4066666666668
2026-06-22 15:40:00,1011.3900000000001
2026-06-22 15:50:00,1011.4066666666668
2026-06-22 16:00:00,1011.535
2026-06-22 16:10:00,1011.5733333333334
2026-06-22 16:20:00,1011.72
2026-06-22 16:30:00,1011.75
2026-06-22 16:40:00,1011.91
2026-06-22 16:50:00,1012.0666666666666
2026-06-22 17:00:00,1012.125
2026-06-22 17:10:00,1012.1
2026-06-22 17:20:00,1012.205
2026-06-22 17:30:00,1012.1833333333334
2026-06-22 17:40:00,1012.265
2026-06-22 17:50:00,1012.3449999999999
2026-06-22 18:00:00,1012.4466666666667
2026-06-22 18:10:00,1012.5799999999999
2026-06-22 18:20:00,1012.71
2026-06-22 18:30:00,1012.82
2026-06-22 18:40:00,1012.8633333333333
2026-06-22 18:50:00,1012.95
2026-06-22 19:00:00,1013.07
2026-06-22 19:10:00,1013.1600000000001
2026-06-22 19:20:00,1013.2599999999999
2026-06-22 19:30:00,1013.3299999999999
2026-06-22 19:40:00,1013.4
2026-06-22 19:50:00,1013.6
2026-06-22 20:00:00,1013.7033333333334
2026-06-22 20:10:00,1013.74
2026-06-22 20:20:00,1013.7533333333334
2026-06-22 20:30:00,1013.8449999999999
2026-06-22 20:40:00,1013.8866666666667
2026-06-22 20:50:00,1013.995
2026-06-22 21:00:00,1014.1066666666666
2026-06-22 21:10:00,1014.1800000000001
2026-06-22 21:20:00,1014.0500000000001
2026-06-22 21:30:00,1013.97
2026-06-22 21:40:00,1014.1533333333333
2026-06-22 21:50:00,1014.225
2026-06-22 22:00:00,1014.32
2026-06-22 22:10:00,1014.3299999999999
2026-06-22 22:20:00,1014.3833333333333
2026-06-22 22:30:00,1014.295
2026-06-22 22:40:00,1014.1766666666666
2026-06-22 22:50:00,1013.965
2026-06-22 23:00:00,1013.7833333333333
2026-06-22 23:10:00,1013.62
2026-06-22 23:20:00,1013.5933333333332
2026-06-22 23:30:00,1013.5799999999999
2026-06-22 23:40:00,1013.44
2026-06-22 23:50:00,1013.18
2026-06-23 00:00:00,1013.0966666666667
2026-06-23 00:10:00,1012.995
2026-06-23 00:20:00,1012.9166666666666
2026-06-23 00:30:00,1012.8199999999999
2026-06-23 00:40:00,1012.7766666666666
2026-06-23 00:50:00,1012.575
2026-06-23 01:00:00,1012.34
2026-06-23 01:10:00,1012.305
2026-06-23 01:20:00,1012.23
2026-06-23 01:30:00,1011.99
2026-06-23 01:40:00,1011.8633333333333
2026-06-23 01:50:00,1011.745
2026-06-23 02:00:00,1011.6700000000001
2026-06-23 02:10:00,1011.5749999999999
2026-06-23 02:20:00,1011.4966666666666
2026-06-23 02:30:00,1011.45
2026-06-23 02:40:00,1011.5099999999999
2026-06-23 02:50:00,1011.4
2026-06-23 03:00:00,1011.3433333333332
2026-06-23 03:10:00,1011.4300000000001
2026-06-23 03:20:00,1011.48
2026-06-23 03:30:00,1011.555
2026-06-23 03:40:00,1011.5533333333333
2026-06-23 03:50:00,1011.6450000000001
2026-06-23 04:00:00,1011.5866666666667
2026-06-23 04:10:00,1011.615
2026-06-23 04:20:00,1011.6133333333333
2026-06-23 04:30:00,1011.5799999999999
2026-06-23 04:40:00,1011.4500000000002
2026-06-23 04:50:00,1011.495
2026-06-23 05:00:00,1011.5933333333332
2026-06-23 05:10:00,1011.615
2026-06-23 05:20:00,1011.8166666666666
2026-06-23 05:30:00,1012.235
2026-06-23 05:40:00,1012.3166666666666
2026-06-23 05:50:00,1012.4000000000001
2026-06-23 06:00:00,1012.57
2026-06-23 06:10:00,1013
2026-06-23 06:20:00,1013.27
2026-06-23 06:30:00,1013.4066666666668
2026-06-23 06:40:00,1013.46
2026-06-23 06:50:00,1013.5300000000001
2026-06-23 07:00:00,1013.53
2026-06-23 07:10:00,1013.6433333333334
2026-06-23 07:20:00,1013.805
2026-06-23 07:30:00,1013.8800000000001
2026-06-23 07:40:00,1013.875
2026-06-23 07:50:00,1013.9399999999999
2026-06-23 08:00:00,1014.24
2026-06-23 08:10:00,1014.4100000000002
2026-06-23 08:20:00,1014.4050000000001
2026-06-23 08:30:00,1014.3133333333334
2026-06-23 08:40:00,1014.125
2026-06-23 08:50:00,1014.1533333333333
2026-06-23 09:00:00,1014.0949999999999
2026-06-23 09:10:00,1013.9399999999999
2026-06-23 09:20:00,1013.645
2026-06-23 09:30:00,1013.4499999999999
2026-06-23 09:40:00,1013.305
2026-06-23 09:50:00,1012.8433333333332
2026-06-23 10:00:00,1012.595
2026-06-23 10:10:00,1012.3433333333332
2026-06-23 10:20:00,1012.295
2026-06-23 10:30:00,1012.23
2026-06-23 10:40:00,1012.495
2026-06-23 10:50:00,1012.6966666666667
2026-06-23 11:00:00,1012.705
2026-06-23 11:10:00,1012.6700000000001
2026-06-23 11:20:00,1012.6500000000001
2026-06-23 11:30:00,1012.6866666666668
2026-06-23 11:40:00,1012.505
2026-06-23 11:50:00,1012.2466666666666
2026-06-23 12:00:00,1011.955
2026-06-23 12:10:00,1011.82
2026-06-23 12:20:00,1011.77
2026-06-23 12:30:00,1011.6700000000001
2026-06-23 12:40:00,1011.61
2026-06-23 12:50:00,1011.7466666666666
2026-06-23 13:00:00,1011.675
2026-06-23 13:10:00,1011.7133333333335
2026-06-23 13:20:00,1011.725
2026-06-23 13:30:00,1011.6999999999999
2026-06-23 13:40:00,1011.6999999999999
2026-06-23 13:50:00,1011.7233333333334
2026-06-23 14:00:00,1011.8
2026-06-23 14:10:00,1011.9
2026-06-23 14:20:00,1011.74
2026-06-23 14:30:00,1011.7533333333334
2026-06-23 14:40:00,1011.9350000000001
2026-06-23 14:50:00,1011.9733333333334
2026-06-23 15:00:00,1011.97
2026-06-23 15:10:00,1012.1
2026-06-23 15:20:00,1012.135
2026-06-23 15:30:00,1012.0033333333334
2026-06-23 15:40:00,1012.05
2026-06-23 15:50:00,1012.0566666666667
2026-06-23 16:00:00,1011.9350000000001
2026-06-23 16:10:00,1011.8033333333333
2026-06-23 16:20:00,1011.745
2026-06-23 16:30:00,1011.6133333333333
2026-06-23 16:40:00,1011.8299999999999
2026-06-23 16:50:00,1011.7633333333333
2026-06-23 17:00:00,1011.725
2026-06-23 17:10:00,1011.8766666666667
2026-06-23 17:20:00,1012.105
2026-06-23 17:30:00,1012.1533333333333
2026-06-23 17:40:00,1012.1
2026-06-23 17:50:00,1012.015
2026-06-23 18:00:00,1011.84
2026-06-23 18:10:00,1011.6750000000001
2026-06-23 18:20:00,1011.6066666666666
2026-06-23 18:30:00,1011.515
2026-06-23 18:40:00,1011.7833333333334
2026-06-23 18:50:00,1011.8900000000001
2026-06-23 19:00:00,1011.9500000000002
2026-06-23 19:10:00,1011.945
2026-06-23 19:20:00,1012.0733333333334
2026-06-23 19:30:00,1012.1600000000001
2026-06-23 19:40:00,1012.2833333333333
2026-06-23 19:50:00,1012.395
2026-06-23 20:00:00,1012.5266666666666
2026-06-23 20:10:00,1012.53
2026-06-23 20:20:00,1012.4466666666667
2026-06-23 20:30:00,1012.645
2026-06-23 20:40:00,1012.7133333333335
2026-06-23 20:50:00,1012.71
2026-06-23 21:00:00,1012.6866666666668
2026-06-23 21:10:00,1012.81
2026-06-23 21:20:00,1012.8633333333333
2026-06-23 21:30:00,1012.91
2026-06-23 21:40:00,1013.0733333333333
2026-06-23 21:50:00,1013.12
2026-06-23 22:00:00,1013.1533333333333
2026-06-23 22:10:00,1013.115
2026-06-23 22:20:00,1013.0566666666667
2026-06-23 22:30:00,1012.995
2026-06-23 22:40:00,1012.9133333333334
2026-06-23 22:50:00,1012.89
2026-06-23 23:00:00,1012.7266666666666
2026-06-23 23:10:00,1012.5799999999999
2026-06-23 23:20:00,1012.5566666666667
2026-06-23 23:30:00,1012.5649999999999
2026-06-23 23:40:00,1012.4866666666667
2026-06-23 23:50:00,1012.4150000000001
2026-06-24 00:00:00,1012.4066666666668
2026-06-24 00:10:00,1012.1850000000001
2026-06-24 00:20:00,1012.0333333333334
2026-06-24 00:30:00,1011.8249999999999
2026-06-24 00:40:00,1012.0066666666667
2026-06-24 00:50:00,1011.96
2026-06-24 01:00:00,1011.7400000000001
2026-06-24 01:10:00,1011.6850000000001
2026-06-24 01:20:00,1011.8066666666667
2026-06-24 01:30:00,1011.54
2026-06-24 01:40:00,1011.4133333333333
2026-06-24 01:50:00,1011.36
2026-06-24 02:00:00,1011.3333333333334
2026-06-24 02:10:00,1011.3249999999999
2026-06-24 02:20:00,1011.2033333333334
2026-06-24 02:30:00,1011.1250000000001
2026-06-24 02:40:00,1011.0533333333333
2026-06-24 02:50:00,1010.965
2026-06-24 03:00:00,1010.8766666666667
2026-06-24 03:10:00,1010.8850000000001
2026-06-24 03:20:00,1010.8066666666667
2026-06-24 03:30:00,1010.715
2026-06-24 03:40:00,1010.79
2026-06-24 03:50:00,1010.8
2026-06-24 04:00:00,1010.8266666666667
2026-06-24 04:10:00,1010.77
2026-06-24 04:20:00,1010.8100000000001
2026-06-24 04:30:00,1010.885
2026-06-24 04:40:00,1010.8066666666667
2026-06-24 04:50:00,1010.96
2026-06-24 05:00:00,1011.1733333333333
2026-06-24 05:10:00,1011.3249999999999
2026-06-24 05:20:00,1011.3366666666667
2026-06-24 05:30:00,1011.4150000000001
2026-06-24 05:40:00,1011.5133333333333
2026-06-24 05:50:00,1011.51
2026-06-24 06:00:00,1011.625
2026-06-24 06:10:00,1011.6666666666666
2026-06-24 06:20:00,1011.765
2026-06-24 06:30:00,1011.6966666666667
2026-06-24 06:40:00,1011.77
2026-06-24 06:50:00,1011.8733333333333
2026-06-24 07:00:00,1012.105
2026-06-24 07:10:00,1012.1166666666667
2026-06-24 07:20:00,1012.0649999999999
2026-06-24 07:30:00,1012.14
2026-06-24 07:40:00,1012.24
2026-06-24 07:50:00,1012.2166666666667
2026-06-24 08:00:00,1012.28
2026-06-24 08:10:00,1012.4399999999999
2026-06-24 08:20:00,1012.62
2026-06-24 08:30:00,1012.6366666666667
2026-06-24 08:40:00,1012.6350000000001
2026-06-24 08:50:00,1012.6366666666667
2026-06-24 09:00:00,1012.73
2026-06-24 09:10:00,1012.75
2026-06-24 09:20:00,1012.61
2026-06-24 09:30:00,1012.51
2026-06-24 09:40:00,1012.4133333333333
2026-06-24 09:50:00,1012.285
2026-06-24 10:00:00,1012.2666666666668
2026-06-24 10:10:00,1012.19
2026-06-24 10:20:00,1012.0966666666667
2026-06-24 10:30:00,1012.035
2026-06-24 10:40:00,1011.98
2026-06-24 10:50:00,1011.84
2026-06-24 11:00:00,1011.7199999999999
2026-06-24 11:10:00,1011.53
2026-06-24 11:20:00,1011.5633333333334
2026-06-24 11:30:00,1011.44
2026-06-24 11:40:00,1011.5066666666667
2026-06-24 11:50:00,1011.32
2026-06-24 12:00:00,1011.1266666666667
2026-06-24 12:10:00,1011.0649999999999
2026-06-24 12:20:00,1011.0333333333334
2026-06-24 12:30:00,1010.915
2026-06-24 12:40:00,1010.73
2026-06-24 12:50:00,1010.6600000000001
2026-06-24 13:00:00,1010.3933333333334
2026-06-24 13:10:00,1010.36
2026-06-24 13:20:00,1010.1700000000001
2026-06-24 13:30:00,1010.1
2026-06-24 13:40:00,1010.1566666666668
2026-06-24 13:50:00,1009.855
2026-06-24 14:00:00,1009.9766666666668
2026-06-24 14:10:00,1009.77
2026-06-24 14:20:00,1009.6433333333334
2026-06-24 14:30:00,1009.62
2026-06-24 14:40:00,1009.4133333333334
2026-06-24 14:50:00,1009.49
2026-06-24 15:00:00,1009.4866666666667
2026-06-24 15:10:00,1009.5
2026-06-24 15:20:00,1009.3800000000001
2026-06-24 15:30:00,1009.34
2026-06-24 15:40:00,1009.35
2026-06-24 15:50:00,1009.265
2026-06-24 16:00:00,1009.3866666666667
2026-06-24 16:10:00,1009.48
2026-06-24 16:20:00,1009.75
2026-06-24 16:30:00,1009.9150000000001
2026-06-24 16:40:00,1009.9699999999999
2026-06-24 16:50:00,1009.8100000000001
2026-06-24 17:00:00,1009.8599999999999
2026-06-24 17:10:00,1009.8266666666667
2026-06-24 17:20:00,1009.88
2026-06-24 17:30:00,1009.9066666666668
2026-06-24 17:40:00,1009.995
2026-06-24 17:50:00,1010.0066666666667
2026-06-24 18:00:00,1010.045
2026-06-24 18:10:00,1010.2433333333333
2026-06-24 18:20:00,1010.09
2026-06-24 18:30:00,1010.21
2026-06-24 18:40:00,1010.3149999999999
2026-06-24 18:50:00,1010.4333333333334
2026-06-24 19:00:00,1010.505
2026-06-24 19:10:00,1010.5900000000001
2026-06-24 19:20:00,1010.86
2026-06-24 19:30:00,1010.8066666666667
2026-06-24 19:40:00,1011
2026-06-24 19:50:00,1011.2333333333332
2026-06-24 20:00:00,1011.25
2026-06-24 20:10:00,1011.36
2026-06-24 20:20:00,1011.335
2026-06-24 20:30:00,1011.3633333333333
2026-06-24 20:40:00,1011.415
2026-06-24 20:50:00,1011.4266666666666
2026-06-24 21:00:00,1011.3
2026-06-24 21:10:00,1011.4066666666668
2026-06-24 21:20:00,1011.3900000000001
2026-06-24 21:30:00,1011.35
2026-06-24 21:40:00,1011.48
2026-06-24 21:50:00,1011.61
2026-06-24 22:00:00,1011.69
2026-06-24 22:10:00,1011.6833333333334
2026-06-24 22:20:00,1011.755
2026-06-24 22:30:00,1011.5333333333334
2026-06-24 22:40:00,1011.475
2026-06-24 22:50:00,1011.52
2026-06-24 23:00:00,1011.54
2026-06-24 23:10:00,1011.5466666666666
2026-06-24 23:20:00,1011.51
2026-06-24 23:30:00,1011.29
2026-06-24 23:40:00,1011.26
2026-06-24 23:50:00,1011.15
2026-06-25 00:00:00,1011.095
2026-06-25 00:10:00,1011
2026-06-25 00:20:00,1010.94
2026-06-25 00:30:00,1010.82
2026-06-25 00:40:00,1010.735
2026-06-25 00:50:00,1010.7233333333334
2026-06-25 01:00:00,1010.495
2026-06-25 01:10:00,1010.4433333333333
2026-06-25 01:20:00,1010.375
2026-06-25 01:30:00,1010.3133333333332
2026-06-25 01:40:00,1010.205
2026-06-25 01:50:00,1010.1033333333334
2026-06-25 02:00:00,1009.99
2026-06-25 02:10:00,1009.9166666666666
2026-06-25 02:20:00,1009.74
2026-06-25 02:30:00,1009.69
2026-06-25 02:40:00,1009.715
2026-06-25 02:50:00,1009.6066666666667
2026-06-25 03:00:00,1009.53
2026-06-25 03:10:00,1009.5933333333332
2026-06-25 03:20:00,1009.6500000000001
2026-06-25 03:30:00,1009.6566666666668
2026-06-25 03:40:00,1009.715
2026-06-25 03:50:00,1009.6533333333333
2026-06-25 04:00:00,1009.71
2026-06-25 04:10:00,1009.7933333333334
2026-06-25 04:20:00,1009.8950000000001
2026-06-25 04:30:00,1009.9150000000001
2026-06-25 04:40:00,1009.8933333333334
2026-06-25 04:50:00,1009.8850000000001
2026-06-25 05:00:00,1009.9466666666667
2026-06-25 05:10:00,1010.015
2026-06-25 05:20:00,1010.2466666666666
2026-06-25 05:30:00,1010.285
2026-06-25 05:40:00,1010.4
2026-06-25 05:50:00,1010.52
2026-06-25 06:00:00,1010.7066666666666
2026-06-25 06:10:00,1010.8750000000001
2026-06-25 06:20:00,1010.9966666666666
2026-06-25 06:30:00,1011.0699999999999
2026-06-25 06:40:00,1011.2333333333332
2026-06-25 06:50:00,1011.545
2026-06-25 07:00:00,1011.5
2026-06-25 07:10:00,1011.54
2026-06-25 07:20:00,1011.5166666666668
2026-06-25 07:30:00,1011.495
2026-06-25 07:40:00,1011.4633333333335
2026-06-25 07:50:00,1011.49
2026-06-25 08:00:00,1011.4633333333335
2026-06-25 08:10:00,1011.555
2026-06-25 08:20:00,1011.6500000000001
2026-06-25 08:30:00,1011.705
2026-06-25 08:40:00,1011.62
2026-06-25 08:50:00,1011.625
2026-06-25 09:00:00,1011.6
2026-06-25 09:10:00,1011.6350000000001
2026-06-25 09:20:00,1011.46
2026-06-25 09:30:00,1011.385
2026-06-25 09:40:00,1011.3166666666666
2026-06-25 09:50:00,1011.285
2026-06-25 10:00:00,1011.3033333333333
2026-06-25 10:10:00,1011.41
2026-06-25 10:20:00,1011.4966666666666
2026-06-25 10:30:00,1011.51
2026-06-25 10:40:00,1011.43
2026-06-25 10:50:00,1011.31
2026-06-25 11:00:00,1011.2066666666666
2026-06-25 11:10:00,1011.08
2026-06-25 11:20:00,1011.02
2026-06-25 11:30:00,1010.785
2026-06-25 11:40:00,1010.7933333333334
2026-06-25 11:50:00,1010.675
2026-06-25 12:00:00,1010.5733333333334
2026-06-25 12:10:00,1010.415
2026-06-25 12:20:00,1010.3166666666666
2026-06-25 12:30:00,1010.14
2026-06-25 12:40:00,1009.9733333333334
2026-06-25 12:50:00,1009.845
2026-06-25 13:00:00,1009.8833333333332
2026-06-25 13:10:00,1009.81
2026-06-25 13:20:00,1009.6366666666667
2026-06-25 13:30:00,1009.515
2026-06-25 13:40:00,1009.7033333333333
2026-06-25 13:50:00,1009.79
2026-06-25 14:00:00,1009.68
2026-06-25 14:10:00,1009.4350000000001
2026-06-25 14:20:00,1009.4
2026-06-25 14:30:00,1009.41
2026-06-25 14:40:00,1009.4266666666667
2026-06-25 14:50:00,1009.535
2026-06-25 15:00:00,1009.4933333333333
2026-06-25 15:10:00,1009.45
2026-06-25 15:20:00,1009.5533333333333
2026-06-25 15:30:00,1009.505
2026-06-25 15:40:00,1009.4266666666667
2026-06-25 15:50:00,1009.35
2026-06-25 16:00:00,1009.3233333333333
2026-06-25 16:10:00,1009.36
2026-06-25 16:20:00,1009.3349999999999
2026-06-25 16:30:00,1009.4833333333332
2026-06-25 16:40:00,1009.6550000000001
2026-06-25 16:50:00,1009.7933333333334
2026-06-25 17:00:00,1009.9000000000001
2026-06-25 17:10:00,1009.9900000000001
2026-06-25 17:20:00,1010.265
2026-06-25 17:30:00,1010.32
2026-06-25 17:40:00,1010.31
2026-06-25 17:50:00,1010.3033333333333
2026-06-25 18:00:00,1010.595
2026-06-25 18:10:00,1010.8533333333334
2026-06-25 18:20:00,1010.9250000000001
2026-06-25 18:30:00,1010.9066666666668
2026-06-25 18:40:00,1010.965
2026-06-25 18:50:00,1011.1133333333333
2026-06-25 19:00:00,1011.1600000000001
2026-06-25 19:10:00,1011.1933333333333
2026-06-25 19:20:00,1011.115
2026-06-25 19:30:00,1011.12
2026-06-25 19:40:00,1011.16
2026-06-25 19:50:00,1011.3299999999999
2026-06-25 20:00:00,1011.37
2026-06-25 20:10:00,1011.36
2026-06-25 20:20:00,1011.445
2026-06-25 20:30:00,1011.5833333333334
2026-06-25 20:40:00,1011.745
2026-06-25 20:50:00,1011.8333333333334
2026-06-25 21:00:00,1011.8349999999999
2026-06-25 21:10:00,1011.7999999999998
2026-06-25 21:20:00,1011.8349999999999
2026-06-25 21:30:00,1011.9033333333333
2026-06-25 21:40:00,1011.985
2026-06-25 21:50:00,1011.9466666666667
2026-06-25 22:00:00,1012.03
2026-06-25 22:10:00,1012.0099999999999
2026-06-25 22:20:00,1012.055
2026-06-25 22:30:00,1012.1666666666666
2026-06-25 22:40:00,1012.245
2026-06-25 22:50:00,1012.5499999999998
2026-06-25 23:00:00,1012.61
2026-06-25 23:10:00,1012.66
2026-06-25 23:20:00,1012.595
2026-06-25 23:30:00,1012.4566666666666
2026-06-25 23:40:00,1012.3249999999999
2026-06-25 23:50:00,1012.2000000000002
2026-06-26 00:00:00,1012.24
2026-06-26 00:10:00,1012.31
2026-06-26 00:20:00,1012.245
2026-06-26 00:30:00,1011.8966666666666
2026-06-26 00:40:00,1011.055
2026-06-26 00:50:00,1010.9
2026-06-26 01:00:00,1010.855
2026-06-26 01:10:00,1010.5833333333334
2026-06-26 01:20:00,1010.5699999999999
2026-06-26 01:30:00,1010.5166666666668
2026-06-26 01:40:00,1010.56
2026-06-26 01:50:00,1010.3433333333332
2026-06-26 02:00:00,1010.19
2026-06-26 02:10:00,1009.9466666666667
2026-06-26 02:20:00,1009.915
2026-06-26 02:30:00,1009.9333333333334
2026-06-26 02:40:00,1009.97
2026-06-26 02:50:00,1010.1233333333333
2026-06-26 03:00:00,1010.35
2026-06-26 03:10:00,1010.37
2026-06-26 03:20:00,1010.3199999999999
2026-06-26 03:30:00,1010.2666666666668
2026-06-26 03:40:00,1010.305
2026-06-26 03:50:00,1010.4
2026-06-26 04:00:00,1010.655
2026-06-26 04:10:00,1010.84
2026-06-26 04:20:00,1010.7966666666666
2026-06-26 04:30:00,1010.875
2026-06-26 04:40:00,1010.8800000000001
2026-06-26 04:50:00,1010.9350000000001
2026-06-26 05:00:00,1011.1433333333334
2026-06-26 05:10:00,1011.0899999999999
2026-06-26 05:20:00,1011.1833333333334
2026-06-26 05:30:00,1011.19
2026-06-26 05:40:00,1011.09
2026-06-26 05:50:00,1011.3
2026-06-26 06:00:00,1011.4500000000002
2026-06-26 06:10:00,1011.4200000000001
2026-06-26 06:20:00,1011.4433333333333
2026-06-26 06:30:00,1011.275
2026-06-26 06:40:00,1011.3666666666667
2026-06-26 06:50:00,1011.615
2026-06-26 07:00:00,1011.7700000000001
2026-06-26 07:10:00,1012
2026-06-26 07:20:00,1011.9366666666668
2026-06-26 07:30:00,1011.94
2026-06-26 07:40:00,1012.1666666666666
2026-06-26 07:50:00,1012.0649999999999
2026-06-26 08:00:00,1012.0733333333333
2026-06-26 08:10:00,1012.245
2026-06-26 08:20:00,1012.4966666666666
2026-06-26 08:30:00,1012.5949999999999
2026-06-26 08:40:00,1012.64
2026-06-26 08:50:00,1012.5300000000001
2026-06-26 09:00:00,1012.3
2026-06-26 09:10:00,1012.2650000000001
2026-06-26 09:20:00,1012.1833333333334
2026-06-26 09:30:00,1012.1650000000001
2026-06-26 09:40:00,1012.2533333333334
2026-06-26 09:50:00,1012.285
2026-06-26 10:00:00,1012.2466666666666
2026-06-26 10:10:00,1012.215
2026-06-26 10:20:00,1012.29
2026-06-26 10:30:00,1012.22
2026-06-26 10:40:00,1012.0166666666668
2026-06-26 10:50:00,1011.885
2026-06-26 11:00:00,1011.7833333333333
2026-06-26 11:10:00,1011.67
2026-06-26 11:20:00,1011.7033333333333
2026-06-26 11:30:00,1011.6600000000001
2026-06-26 11:40:00,1011.4966666666666
2026-06-26 11:50:00,1011.3249999999999
2026-06-26 12:00:00,1011.32
2026-06-26 12:10:00,1011.235
2026-06-26 12:20:00,1011.2833333333333
2026-06-26 12:30:00,1011.1600000000001
2026-06-26 12:40:00,1010.9699999999999
2026-06-26 12:50:00,1010.96
2026-06-26 13:00:00,1010.5966666666667
2026-06-26 13:10:00,1010.58
2026-06-26 13:20:00,1010.4366666666668
2026-06-26 13:30:00,1010.525
2026-06-26 13:40:00,1010.41
2026-06-26 13:50:00,1010.365
2026-06-26 14:00:00,1010.4233333333333
2026-06-26 14:10:00,1010.3149999999999
2026-06-26 14:20:00,1010.2966666666666
2026-06-26 14:30:00,1010.095
2026-06-26 14:40:00,1010.25
2026-06-26 14:50:00,1010.1999999999999
2026-06-26 15:00:00,1010.1566666666668
2026-06-26 15:10:00,1010.235
2026-06-26 15:20:00,1010.2400000000001
2026-06-26 15:30:00,1010.28
2026-06-26 15:40:00,1010.2466666666666
2026-06-26 15:50:00,1010.24
2026-06-26 16:00:00,1010.1733333333333
2026-06-26 16:10:00,1010.3
2026-06-26 16:20:00,1010.5233333333334
2026-06-26 16:30:00,1010.605
2026-06-26 16:40:00,1010.66
2026-06-26 16:50:00,1010.7700000000001
2026-06-26 17:00:00,1010.965
2026-06-26 17:10:00,1011.1933333333333
2026-06-26 17:20:00,1011.27
2026-06-26 17:30:00,1011.0600000000001
2026-06-26 17:40:00,1011.1600000000001
2026-06-26 17:50:00,1011.2366666666667
2026-06-26 18:00:00,1011.145
2026-06-26 18:10:00,1011.2199999999999
2026-06-26 18:20:00,1011.4250000000001
2026-06-26 18:30:00,1011.4666666666667
2026-06-26 18:40:00,1011.52
2026-06-26 18:50:00,1011.6566666666668
2026-06-26 19:00:00,1011.77
2026-06-26 19:10:00,1011.7866666666665
2026-06-26 19:20:00,1011.9200000000001
2026-06-26 19:30:00,1011.9100000000002
2026-06-26 19:40:00,1011.9350000000001
2026-06-26 19:50:00,1011.8666666666667
2026-06-26 20:00:00,1011.735
2026-06-26 20:10:00,1011.77
2026-06-26 20:20:00,1011.77
2026-06-26 20:30:00,1011.7133333333335
2026-06-26 20:40:00,1011.765
2026-06-26 20:50:00,1011.7833333333333
2026-06-26 21:00:00,1011.81
2026-06-26 21:10:00,1011.86
2026-06-26 21:20:00,1011.8349999999999
2026-06-26 21:30:00,1012.0099999999999
2026-06-26 21:40:00,1011.99
2026-06-26 21:50:00,1011.9266666666667
2026-06-26 22:00:00,1011.9000000000001
2026-06-26 22:10:00,1011.9166666666666
2026-06-26 22:20:00,1012.005
2026-06-26 22:30:00,1012.1466666666666
2026-06-26 22:40:00,1012.0799999999999
2026-06-26 22:50:00,1012.1266666666667
2026-06-26 23:00:00,1012.245
2026-06-26 23:10:00,1012.1366666666667
2026-06-26 23:20:00,1011.97
2026-06-26 23:30:00,1011.8333333333334
2026-06-26 23:40:00,1011.68
2026-06-26 23:50:00,1011.4966666666666
2026-06-27 00:00:00,1011.365
2026-06-27 00:10:00,1011.2199999999999
2026-06-27 00:20:00,1010.945
2026-06-27 00:30:00,1010.9
2026-06-27 00:40:00,1010.86
2026-06-27 00:50:00,1010.7966666666667
2026-06-27 01:00:00,1010.775
2026-06-27 01:10:00,1010.8266666666667
2026-06-27 01:20:00,1010.955
2026-06-27 01:30:00,1010.7966666666667
2026-06-27 01:40:00,1010.52
2026-06-27 01:50:00,1010.3833333333332
2026-06-27 02:00:00,1010.44
2026-06-27 02:10:00,1010.3666666666668
2026-06-27 02:20:00,1010.245
2026-06-27 02:30:00,1010.3133333333332
2026-06-27 02:40:00,1010.4150000000001
2026-06-27 02:50:00,1010.4933333333333
2026-06-27 03:00:00,1010.345
2026-06-27 03:10:00,1010.2066666666666
2026-06-27 03:20:00,1010.3399999999999
2026-06-27 03:30:00,1010.2966666666666
2026-06-27 03:40:00,1010.395
2026-06-27 03:50:00,1010.3733333333333
2026-06-27 04:00:00,1010.35
2026-06-27 04:10:00,1010.3800000000001
2026-06-27 04:20:00,1010.3366666666667
2026-06-27 04:30:00,1010.4350000000001
2026-06-27 04:40:00,1010.4900000000001
2026-06-27 04:50:00,1010.5849999999999
2026-06-27 05:00:00,1010.5300000000001
2026-06-27 05:10:00,1010.455
2026-06-27 05:20:00,1010.4066666666668
2026-06-27 05:30:00,1010.3950000000001
2026-06-27 05:40:00,1010.5466666666666
2026-06-27 05:50:00,1010.74
2026-06-27 06:00:00,1010.8433333333332
2026-06-27 06:10:00,1010.955
2026-06-27 06:20:00,1011.0866666666667
2026-06-27 06:30:00,1011.14
2026-06-27 06:40:00,1010.9733333333334
2026-06-27 06:50:00,1011.1700000000001
2026-06-27 07:00:00,1011.2599999999999
2026-06-27 07:10:00,1011.42
2026-06-27 07:20:00,1011.57
2026-06-27 07:30:00,1011.495
2026-06-27 07:40:00,1011.6966666666667
2026-06-27 07:50:00,1011.8449999999999
2026-06-27 08:00:00,1011.9933333333333
2026-06-27 08:10:00,1012.03
2026-06-27 08:20:00,1012.0633333333335
2026-06-27 08:30:00,1011.865
2026-06-27 08:40:00,1011.8233333333334
2026-06-27 08:50:00,1011.745
2026-06-27 09:00:00,1011.7633333333333
2026-06-27 09:10:00,1011.8100000000001
2026-06-27 09:20:00,1011.6666666666666
2026-06-27 09:30:00,1011.74
2026-06-27 09:40:00,1011.6666666666666
2026-06-27 09:50:00,1011.5799999999999
2026-06-27 10:00:00,1011.4533333333333
2026-06-27 10:10:00,1011.495
2026-06-27 10:20:00,1011.6033333333334
2026-06-27 10:30:00,1011.3549999999999
2026-06-27 10:40:00,1011.3266666666667
2026-06-27 10:50:00,1011.245
2026-06-27 11:00:00,1011.2833333333333
2026-06-27 11:10:00,1011.3299999999999
2026-06-27 11:20:00,1011.0766666666667
2026-06-27 11:30:00,1011.005
2026-06-27 11:40:00,1010.8933333333334
2026-06-27 11:50:00,1010.965
2026-06-27 12:00:00,1010.9666666666667
2026-06-27 12:10:00,1010.9549999999999
2026-06-27 12:20:00,1010.7833333333334
2026-06-27 12:30:00,1010.8299999999999
2026-06-27 12:40:00,1010.7133333333335
2026-06-27 12:50:00,1010.6650000000001
2026-06-27 13:00:00,1010.3166666666666
2026-06-27 13:10:00,1010.505
2026-06-27 13:20:00,1010.3800000000001
2026-06-27 13:30:00,1010.135
2026-06-27 13:40:00,1010.1166666666667
2026-06-27 13:50:00,1010.0999999999999
2026-06-27 14:00:00,1010.0300000000001
2026-06-27 14:10:00,1009.9200000000001
2026-06-27 14:20:00,1009.8433333333332
2026-06-27 14:30:00,1009.825
2026-06-27 14:40:00,1009.8033333333333
2026-06-27 14:50:00,1009.6650000000001
2026-06-27 15:00:00,1009.6133333333333
2026-06-27 15:10:00,1009.57
2026-06-27 15:20:00,1009.6533333333333
2026-06-27 15:30:00,1009.61
2026-06-27 15:40:00,1009.5366666666665
2026-06-27 15:50:00,1009.6400000000001
2026-06-27 16:00:00,1009.6
2026-06-27 16:10:00,1009.5166666666668
2026-06-27 16:20:00,1009.36
2026-06-27 16:30:00,1009.5566666666667
2026-06-27 16:40:00,1009.535
2026-06-27 16:50:00,1009.5833333333334
2026-06-27 17:00:00,1009.6350000000001
2026-06-27 17:10:00,1009.6
2026-06-27 17:20:00,1009.735
2026-06-27 17:30:00,1009.7533333333334
2026-06-27 17:40:00,1009.925
2026-06-27 17:50:00,1009.9266666666667
2026-06-27 18:00:00,1010.1
2026-06-27 18:10:00,1010.1733333333335
2026-06-27 18:20:00,1010.4150000000001
2026-06-27 18:30:00,1010.6033333333334
2026-06-27 18:40:00,1010.785
2026-06-27 18:50:00,1010.7966666666666
2026-06-27 19:00:00,1010.98
2026-06-27 19:10:00,1011.0533333333333
2026-06-27 19:20:00,1011.09
2026-06-27 19:30:00,1011.07
2026-06-27 19:40:00,1011.0849999999999
2026-06-27 19:50:00,1011.1266666666667
2026-06-27 20:00:00,1011.225
2026-06-27 20:10:00,1011.3266666666665
2026-06-27 20:20:00,1011.3549999999999
2026-06-27 20:30:00,1011.3800000000001
2026-06-27 20:40:00,1011.395
2026-06-27 20:50:00,1011.3566666666666
2026-06-27 21:00:00,1011.3900000000001
2026-06-27 21:10:00,1011.4699999999999
2026-06-27 21:20:00,1011.505
2026-06-27 21:30:00,1011.5533333333333
2026-06-27 21:40:00,1011.54
2026-06-27 21:50:00,1011.6600000000002
2026-06-27 22:00:00,1011.69
2026-06-27 22:10:00,1011.6500000000001
2026-06-27 22:20:00,1011.6550000000001
2026-06-27 22:30:00,1011.6966666666667
2026-06-27 22:40:00,1011.6650000000001
2026-06-27 22:50:00,1011.5666666666666
2026-06-27 23:00:00,1011.5649999999999
2026-06-27 23:10:00,1011.6300000000001
2026-06-27 23:20:00,1011.46
2026-06-27 23:30:00,1011.3566666666666
2026-06-27 23:40:00,1011.21
2026-06-27 23:50:00,1011.2599999999999
2026-06-28 00:00:00,1011.135
2026-06-28 00:10:00,1010.9766666666668
2026-06-28 00:20:00,1010.825
2026-06-28 00:30:00,1010.6766666666667
2026-06-28 00:40:00,1010.62
2026-06-28 00:50:00,1010.6066666666667
2026-06-28 01:00:00,1010.5649999999999
2026-06-28 01:10:00,1010.5733333333333
2026-06-28 01:20:00,1010.555
2026-06-28 01:30:00,1010.4
2026-06-28 01:40:00,1010.265
2026-06-28 01:50:00,1010.1366666666667
2026-06-28 02:00:00,1010.035
2026-06-28 02:10:00,1009.9900000000001
2026-06-28 02:20:00,1009.9100000000001
2026-06-28 02:30:00,1009.9633333333333
2026-06-28 02:40:00,1010.01
2026-06-28 02:50:00,1010.1600000000002
2026-06-28 03:00:00,1010.045
2026-06-28 03:10:00,1010.0866666666667
2026-06-28 03:20:00,1009.9150000000001
2026-06-28 03:30:00,1009.9766666666668
2026-06-28 03:40:00,1010.035
2026-06-28 03:50:00,1010.06
2026-06-28 04:00:00,1009.945
2026-06-28 04:10:00,1010.01
2026-06-28 04:20:00,1010.0500000000001
2026-06-28 04:30:00,1010.04
2026-06-28 04:40:00,1010.1766666666666
2026-06-28 04:50:00,1010.3
2026-06-28 05:00:00,1010.2966666666666
2026-06-28 05:10:00,1010.44
2026-06-28 05:20:00,1010.5499999999998
2026-06-28 05:30:00,1010.73
2026-06-28 05:40:00,1010.73
2026-06-28 05:50:00,1010.765
2026-06-28 06:00:00,1010.9433333333333
2026-06-28 06:10:00,1011.135
2026-06-28 06:20:00,1011.2066666666666
2026-06-28 06:30:00,1011.4100000000001
2026-06-28 06:40:00,1011.4033333333333
2026-06-28 06:50:00,1011.3149999999999
2026-06-28 07:00:00,1011.37
2026-06-28 07:10:00,1011.52
2026-06-28 07:20:00,1011.5233333333332
2026-06-28 07:30:00,1011.5849999999999
2026-06-28 07:40:00,1011.8066666666667
2026-06-28 07:50:00,1011.825
2026-06-28 08:00:00,1011.7766666666666
2026-06-28 08:10:00,1011.75
2026-06-28 08:20:00,1011.8000000000001
2026-06-28 08:30:00,1011.87
2026-06-28 08:40:00,1012.0099999999999
2026-06-28 08:50:00,1012.0600000000001
2026-06-28 09:00:00,1012.015
2026-06-28 09:10:00,1011.945
2026-06-28 09:20:00,1012.0300000000001
2026-06-28 09:30:00,1011.7900000000001
2026-06-28 09:40:00,1011.9566666666666
2026-06-28 09:50:00,1011.845
2026-06-28 10:00:00,1011.8133333333334
2026-06-28 10:10:00,1011.6899999999999
2026-06-28 10:20:00,1011.6
2026-06-28 10:30:00,1011.545
2026-06-28 10:40:00,1011.5133333333333
2026-06-28 10:50:00,1011.5
2026-06-28 11:00:00,1011.3166666666667
2026-06-28 11:10:00,1011.505
2026-06-28 11:20:00,1011.3266666666665
2026-06-28 11:30:00,1011.3349999999999
2026-06-28 11:40:00,1011.1433333333334
2026-06-28 11:50:00,1010.94
2026-06-28 12:00:00,1010.7199999999999
2026-06-28 12:10:00,1010.695
2026-06-28 12:20:00,1010.65
2026-06-28 12:30:00,1010.52
2026-06-28 12:40:00,1010.25
2026-06-28 12:50:00,1010.235
2026-06-28 13:00:00,1010.3100000000001
2026-06-28 13:10:00,1009.91
2026-06-28 13:20:00,1009.9966666666668
2026-06-28 13:30:00,1009.83
2026-06-28 13:40:00,1009.8133333333332
2026-06-28 13:50:00,1009.72
2026-06-28 14:00:00,1009.6233333333333
2026-06-28 14:10:00,1009.5400000000001
2026-06-28 14:20:00,1009.4366666666665
2026-06-28 14:30:00,1009.1500000000001
2026-06-28 14:40:00,1009.1233333333333
2026-06-28 14:50:00,1009.105
2026-06-28 15:00:00,1009.0499999999998
2026-06-28 15:10:00,1009.13
2026-06-28 15:20:00,1008.9433333333333
2026-06-28 15:30:00,1009.01
2026-06-28 15:40:00,1009.2
2026-06-28 15:50:00,1009.1700000000001
2026-06-28 16:00:00,1009.14
2026-06-28 16:10:00,1009.1133333333333
2026-06-28 16:20:00,1009.18
2026-06-28 16:30:00,1009.23
2026-06-28 16:40:00,1009.25
2026-06-28 16:50:00,1009.3299999999999
2026-06-28 17:00:00,1009.475
2026-06-28 17:10:00,1009.4333333333334
2026-06-28 17:20:00,1009.475
2026-06-28 17:30:00,1009.5466666666666
2026-06-28 17:40:00,1009.6800000000001
2026-06-28 17:50:00,1009.7133333333333
2026-06-28 18:00:00,1009.73
2026-06-28 18:10:00,1009.75
2026-06-28 18:20:00,1010.045
2026-06-28 18:30:00,1010.1533333333333
2026-06-28 18:40:00,1010.245
2026-06-28 18:50:00,1010.2766666666666
2026-06-28 19:00:00,1010.45
2026-06-28 19:10:00,1010.5133333333333
2026-06-28 19:20:00,1010.6350000000001
2026-06-28 19:30:00,1010.82
2026-06-28 19:40:00,1010.9050000000001
2026-06-28 19:50:00,1011.04
2026-06-28 20:00:00,1011.02
2026-06-28 20:10:00,1010.9366666666668
2026-06-28 20:20:00,1010.955
2026-06-28 20:30:00,1011.0466666666666
2026-06-28 20:40:00,1011.0699999999999
2026-06-28 20:50:00,1011.11
2026-06-28 21:00:00,1011.02
2026-06-28 21:10:00,1010.9266666666667
2026-06-28 21:20:00,1011.05
2026-06-28 21:30:00,1011.1266666666667
2026-06-28 21:40:00,1011.1550000000001
2026-06-28 21:50:00,1011.1733333333335
2026-06-28 22:00:00,1011.21
2026-06-28 22:10:00,1011.2133333333335
2026-06-28 22:20:00,1011.1750000000001
2026-06-28 22:30:00,1011.2733333333332
2026-06-28 22:40:00,1011.37
2026-06-28 22:50:00,1011.48
2026-06-28 23:00:00,1011.455
2026-06-28 23:10:00,1011.36
2026-06-28 23:20:00,1011.265
2026-06-28 23:30:00,1011.31
2026-06-28 23:40:00,1011.255
2026-06-28 23:50:00,1011.0866666666667
2026-06-29 00:00:00,1010.965
2026-06-29 00:10:00,1010.9866666666667
2026-06-29 00:20:00,1010.86
2026-06-29 00:30:00,1010.7733333333332
2026-06-29 00:40:00,1010.6600000000001
2026-06-29 00:50:00,1010.69
2026-06-29 01:00:00,1010.775
2026-06-29 01:10:00,1010.7066666666666
2026-06-29 01:20:00,1010.625
2026-06-29 01:30:00,1010.6466666666669
2026-06-29 01:40:00,1010.5899999999999
2026-06-29 01:50:00,1010.5
2026-06-29 02:00:00,1010.3499999999999
2026-06-29 02:10:00,1010.37
2026-06-29 02:20:00,1010.385
2026-06-29 02:30:00,1010.3266666666665
2026-06-29 02:40:00,1010.39
2026-06-29 02:50:00,1010.3800000000001
2026-06-29 03:00:00,1010.2833333333333
2026-06-29 03:10:00,1010.3199999999999
2026-06-29 03:20:00,1010.2400000000001
2026-06-29 03:30:00,1010.23
2026-06-29 03:40:00,1010.19
2026-06-29 03:50:00,1010.1550000000001
2026-06-29 04:00:00,1010.1766666666667
2026-06-29 04:10:00,1010.09
2026-06-29 04:20:00,1010.0366666666665
2026-06-29 04:30:00,1009.96
2026-06-29 04:40:00,1010.06
2026-06-29 04:50:00,1010.105
2026-06-29 05:00:00,1010.1466666666665
2026-06-29 05:10:00,1010.24
2026-06-29 05:20:00,1010.2766666666666
2026-06-29 05:30:00,1010.475
2026-06-29 05:40:00,1010.5966666666667
2026-06-29 05:50:00,1010.5749999999999
2026-06-29 06:00:00,1010.69
2026-06-29 06:10:00,1010.795
2026-06-29 06:20:00,1010.9366666666666
2026-06-29 06:30:00,1010.9050000000001
2026-06-29 06:40:00,1010.8433333333332
2026-06-29 06:50:00,1010.81
2026-06-29 07:00:00,1010.9366666666668
2026-06-29 07:10:00,1011.025
2026-06-29 07:20:00,1011.0066666666667
2026-06-29 07:30:00,1011.05
2026-06-29 07:40:00,1011.14
2026-06-29 07:50:00,1011.215
2026-06-29 08:00:00,1011.29
2026-06-29 08:10:00,1011.44
2026-06-29 08:20:00,1011.4833333333332
2026-06-29 08:30:00,1011.4000000000001
2026-06-29 08:40:00,1011.4666666666667
2026-06-29 08:50:00,1011.49
2026-06-29 09:00:00,1011.6166666666668
2026-06-29 09:10:00,1011.58
2026-06-29 09:20:00,1011.3933333333334
2026-06-29 09:30:00,1011.495
2026-06-29 09:40:00,1011.4766666666668
2026-06-29 09:50:00,1011.6500000000001
2026-06-29 10:00:00,1011.7066666666666
2026-06-29 10:10:00,1011.69
2026-06-29 10:20:00,1011.6866666666668
2026-06-29 10:30:00,1011.67
2026-06-29 10:40:00,1011.7233333333334
2026-06-29 10:50:00,1011.5899999999999
2026-06-29 11:00:00,1011.4366666666668
2026-06-29 11:10:00,1011.4100000000001
2026-06-29 11:20:00,1011.2733333333332
2026-06-29 11:30:00,1011.235
2026-06-29 11:40:00,1011.1933333333333
2026-06-29 11:50:00,1011.155
2026-06-29 12:00:00,1011.2333333333332
2026-06-29 12:10:00,1011.225
2026-06-29 12:20:00,1011.19
2026-06-29 12:30:00,1011.145
2026-06-29 12:40:00,1010.9100000000002
2026-06-29 12:50:00,1010.8199999999999
2026-06-29 13:00:00,1010.8299999999999
2026-06-29 13:10:00,1010.6850000000001
2026-06-29 13:20:00,1010.7366666666667
2026-06-29 13:30:00,1010.53
2026-06-29 13:40:00,1010.5566666666667
2026-06-29 13:50:00,1010.44
2026-06-29 14:00:00,1010.4433333333333
2026-06-29 14:10:00,1010.275
2026-06-29 14:20:00,1010.0966666666667
2026-06-29 14:30:00,1010.09
2026-06-29 14:40:00,1009.9266666666666
2026-06-29 14:50:00,1009.87
2026-06-29 15:00:00,1009.8249999999999
2026-06-29 15:10:00,1009.82
2026-06-29 15:20:00,1009.665
2026-06-29 15:30:00,1009.4200000000001
2026-06-29 15:40:00,1009.36
2026-06-29 15:50:00,1009.3666666666667
2026-06-29 16:00:00,1009.6750000000001
2026-06-29 16:10:00,1009.8333333333334
2026-06-29 16:20:00,1009.9150000000001
2026-06-29 16:30:00,1009.9900000000001
2026-06-29 16:40:00,1009.97
2026-06-29 16:50:00,1009.9266666666667
2026-06-29 17:00:00,1009.9050000000001
2026-06-29 17:10:00,1009.9566666666666
2026-06-29 17:20:00,1009.94
2026-06-29 17:30:00,1010.04
2026-06-29 17:40:00,1010.1650000000001
2026-06-29 17:50:00,1010.2333333333332
2026-06-29 18:00:00,1010.25
2026-06-29 18:10:00,1010.34
2026-06-29 18:20:00,1010.4000000000001
2026-06-29 18:30:00,1010.36
2026-06-29 18:40:00,1010.465
2026-06-29 18:50:00,1010.5099999999999
2026-06-29 19:00:00,1010.56
2026-06-29 19:10:00,1010.8566666666667
2026-06-29 19:20:00,1011.045
2026-06-29 19:30:00,1011.0566666666667
2026-06-29 19:40:00,1011.0999999999999
2026-06-29 19:50:00,1011.0966666666667
2026-06-29 20:00:00,1011.1650000000001
2026-06-29 20:10:00,1011.2366666666667
2026-06-29 20:20:00,1011.3750000000001
2026-06-29 20:30:00,1011.4366666666668
2026-06-29 20:40:00,1011.5
2026-06-29 20:50:00,1011.7400000000001
2026-06-29 21:00:00,1011.9200000000001
2026-06-29 21:10:00,1011.9766666666668
2026-06-29 21:20:00,1011.895
2026-06-29 21:30:00,1011.9266666666667
2026-06-29 21:40:00,1011.8800000000001
2026-06-29 21:50:00,1011.7999999999998
2026-06-29 22:00:00,1011.79
2026-06-29 22:10:00,1011.7833333333333
2026-06-29 22:20:00,1011.81
2026-06-29 22:30:00,1011.6533333333333
2026-06-29 22:40:00,1011.72
2026-06-29 22:50:00,1011.5833333333334
2026-06-29 23:00:00,1011.525
2026-06-29 23:10:00,1011.4366666666668
2026-06-29 23:20:00,1011.3
2026-06-29 23:30:00,1011.1766666666667
2026-06-29 23:40:00,1011.12
2026-06-29 23:50:00,1011.04
2026-06-30 00:00:00,1010.9050000000001
2026-06-30 00:10:00,1010.8733333333333
2026-06-30 00:20:00,1010.8299999999999
2026-06-30 00:30:00,1010.6833333333334
2026-06-30 00:40:00,1010.715
2026-06-30 00:50:00,1010.61
2026-06-30 01:00:00,1010.54
2026-06-30 01:10:00,1010.3366666666667
2026-06-30 01:20:00,1010.0949999999999
2026-06-30 01:30:00,1009.9133333333333
2026-06-30 01:40:00,1009.71
2026-06-30 01:50:00,1009.6700000000001
2026-06-30 02:00:00,1009.62
2026-06-30 02:10:00,1009.64
2026-06-30 02:20:00,1009.6300000000001
2026-06-30 02:30:00,1009.4833333333332
2026-06-30 02:40:00,1009.365
2026-06-30 02:50:00,1009.3449999999999
2026-06-30 03:00:00,1009.4233333333335
2026-06-30 03:10:00,1009.455
2026-06-30 03:20:00,1009.3266666666665
2026-06-30 03:30:00,1009.4100000000001
2026-06-30 03:40:00,1009.48
2026-06-30 03:50:00,1009.475
2026-06-30 04:00:00,1009.3800000000001
2026-06-30 04:10:00,1009.4100000000001
2026-06-30 04:20:00,1009.6066666666666
2026-06-30 04:30:00,1009.74
2026-06-30 04:40:00,1009.69
2026-06-30 04:50:00,1009.695
2026-06-30 05:00:00,1009.6500000000001
2026-06-30 05:10:00,1009.6400000000001
2026-06-30 05:20:00,1009.6233333333333
2026-06-30 05:30:00,1009.75
2026-06-30 05:40:00,1009.9233333333335
2026-06-30 05:50:00,1009.98
2026-06-30 06:00:00,1010.1833333333334
2026-06-30 06:10:00,1010.255
2026-06-30 06:20:00,1010.4500000000002
2026-06-30 06:30:00,1010.6650000000001
2026-06-30 06:40:00,1010.6366666666667
2026-06-30 06:50:00,1010.5949999999999
2026-06-30 07:00:00,1010.6
2026-06-30 07:10:00,1010.5849999999999
2026-06-30 07:20:00,1010.6266666666667
2026-06-30 07:30:00,1010.63
2026-06-30 07:40:00,1010.8166666666666
2026-06-30 07:50:00,1010.985
2026-06-30 08:00:00,1010.9833333333332
2026-06-30 08:10:00,1011.1049999999999
2026-06-30 08:20:00,1011.1266666666667
2026-06-30 08:30:00,1011.03
2026-06-30 08:40:00,1011.0533333333333
2026-06-30 08:50:00,1011.055
2026-06-30 09:00:00,1010.975
2026-06-30 09:10:00,1011.02
2026-06-30 09:20:00,1011.04
2026-06-30 09:30:00,1011.05
2026-06-30 09:40:00,1010.9833333333332
2026-06-30 09:50:00,1010.885
2026-06-30 10:00:00,1010.82
2026-06-30 10:10:00,1010.865
2026-06-30 10:20:00,1010.8733333333333
2026-06-30 10:30:00,1010.7049999999999
2026-06-30 10:40:00,1010.6933333333333
2026-06-30 10:50:00,1010.73
2026-06-30 11:00:00,1010.8033333333333
2026-06-30 11:10:00,1010.735
2026-06-30 11:20:00,1010.6633333333333
2026-06-30 11:30:00,1010.5749999999999
2026-06-30 11:40:00,1010.5433333333334
2026-06-30 11:50:00,1010.4150000000001
2026-06-30 12:00:00,1010.3433333333334
2026-06-30 12:10:00,1010.3299999999999
2026-06-30 12:20:00,1010.0566666666667
2026-06-30 12:30:00,1009.98
2026-06-30 12:40:00,1010.0833333333334
2026-06-30 12:50:00,1010.09
2026-06-30 13:00:00,1010.0733333333334
2026-06-30 13:10:00,1010.01
2026-06-30 13:20:00,1010.0866666666666
2026-06-30 13:30:00,1009.945
2026-06-30 13:40:00,1009.8666666666667
2026-06-30 13:50:00,1009.78
2026-06-30 14:00:00,1009.6233333333333
2026-06-30 14:10:00,1009.47
2026-06-30 14:20:00,1009.3366666666667
2026-06-30 14:30:00,1009.155
2026-06-30 14:40:00,1008.8933333333333
2026-06-30 14:50:00,1008.655
2026-06-30 15:00:00,1008.6266666666667
2026-06-30 15:10:00,1008.6600000000001
2026-06-30 15:20:00,1008.7800000000001
2026-06-30 15:30:00,1008.74
2026-06-30 15:40:00,1008.765
2026-06-30 15:50:00,1008.5633333333332
2026-06-30 16:00:00,1008.63
2026-06-30 16:10:00,1008.7033333333334
2026-06-30 16:20:00,1008.515
2026-06-30 16:30:00,1008.5933333333332
2026-06-30 16:40:00,1008.69
2026-06-30 16:50:00,1008.6266666666667
2026-06-30 17:00:00,1008.615
2026-06-30 17:10:00,1008.5633333333332
2026-06-30 17:20:00,1008.6750000000001
2026-06-30 17:30:00,1008.9033333333333
2026-06-30 17:40:00,1009.065
2026-06-30 17:50:00,1009.0166666666668
2026-06-30 18:00:00,1009.06
2026-06-30 18:10:00,1009.0433333333334
2026-06-30 18:20:00,1009.24
2026-06-30 18:30:00,1009.3933333333334
2026-06-30 18:40:00,1009.365
2026-06-30 18:50:00,1009.5133333333333
2026-06-30 19:00:00,1009.61
2026-06-30 19:10:00,1009.6933333333333
2026-06-30 19:20:00,1009.8149999999999
2026-06-30 19:30:00,1009.9633333333335
2026-06-30 19:40:00,1009.985
2026-06-30 19:50:00,1010.1899999999999
2026-06-30 20:00:00,1010.26
2026-06-30 20:10:00,1010.1833333333334
2026-06-30 20:20:00,1010.1850000000001
2026-06-30 20:30:00,1010.3433333333332
2026-06-30 20:40:00,1010.53
2026-06-30 20:50:00,1010.5466666666666
2026-06-30 21:00:00,1010.495
2026-06-30 21:10:00,1010.4933333333333
2026-06-30 21:20:00,1010.56
2026-06-30 21:30:00,1010.48
2026-06-30 21:40:00,1010.525
2026-06-30 21:50:00,1010.5166666666668
2026-06-30 22:00:00,1010.485
2026-06-30 22:10:00,1010.4233333333335
2026-06-30 22:20:00,1010.4100000000001
2026-06-30 22:30:00,1010.1833333333334
2026-06-30 22:40:00,1010.19
2026-06-30 22:50:00,1010.0966666666667
2026-06-30 23:00:00,1010.1850000000001
2026-06-30 23:10:00,1010.0866666666667
2026-06-30 23:20:00,1010.03
2026-06-30 23:30:00,1009.9233333333335
2026-06-30 23:40:00,1009.865
2026-06-30 23:50:00,1009.8299999999999
2026-07-01 00:00:00,1009.8149999999999
2026-07-01 00:10:00,1009.7733333333332
2026-07-01 00:20:00,1009.735
2026-07-01 00:30:00,1009.5666666666666
2026-07-01 00:40:00,1009.355
2026-07-01 00:50:00,1009.2766666666666
2026-07-01 01:00:00,1009.225
2026-07-01 01:10:00,1009.2366666666667
2026-07-01 01:20:00,1009.22
2026-07-01 01:30:00,1009.0166666666668
2026-07-01 01:40:00,1008.7850000000001
2026-07-01 01:50:00,1008.6933333333333
2026-07-01 02:00:00,1008.76
2026-07-01 02:10:00,1008.6866666666666
2026-07-01 02:20:00,1008.525
2026-07-01 02:30:00,1008.43
2026-07-01 02:40:00,1008.45
2026-07-01 02:50:00,1008.3466666666667
2026-07-01 03:00:00,1008.365
2026-07-01 03:10:00,1008.3766666666667
2026-07-01 03:20:00,1008.3299999999999
2026-07-01 03:30:00,1008.3800000000001
2026-07-01 03:40:00,1008.4966666666666
2026-07-01 03:50:00,1008.595
2026-07-01 04:00:00,1008.6600000000002
2026-07-01 04:10:00,1008.575
2026-07-01 04:20:00,1008.8966666666666
2026-07-01 04:30:00,1008.715
2026-07-01 04:40:00,1008.79
2026-07-01 04:50:00,1008.94
2026-07-01 05:00:00,1009.0966666666667
2026-07-01 05:10:00,1009.0849999999999
2026-07-01 05:20:00,1009.1466666666669
2026-07-01 05:30:00,1009.0849999999999
2026-07-01 05:40:00,1009.0733333333334
2026-07-01 05:50:00,1009.205
2026-07-01 06:00:00,1009.3033333333333
2026-07-01 06:10:00,1009.31
2026-07-01 06:20:00,1009.4066666666668
2026-07-01 06:30:00,1009.375
2026-07-01 06:40:00,1009.6033333333334
2026-07-01 06:50:00,1009.69
2026-07-01 07:00:00,1009.7800000000001
2026-07-01 07:10:00,1009.69
2026-07-01 07:20:00,1009.6166666666668
2026-07-01 07:30:00,1009.83
2026-07-01 07:40:00,1009.9966666666666
2026-07-01 07:50:00,1010.045
2026-07-01 08:00:00,1009.9666666666667
2026-07-01 08:10:00,1010.19
2026-07-01 08:20:00,1010.1966666666667
2026-07-01 08:30:00,1010.275
2026-07-01 08:40:00,1010.3299999999999
2026-07-01 08:50:00,1010.385
2026-07-01 09:00:00,1010.4033333333333
2026-07-01 09:10:00,1010.28
2026-07-01 09:20:00,1010.2366666666667
2026-07-01 09:30:00,1010.36
2026-07-01 11:30:00,1009.9500000000002
2026-07-01 11:40:00,1009.89
2026-07-01 11:50:00,1009.8533333333334
2026-07-01 12:00:00,1009.875
2026-07-01 12:10:00,1009.7566666666667
2026-07-01 12:20:00,1009.755
2026-07-01 12:30:00,1009.7633333333333
2026-07-01 12:40:00,1009.6999999999999
2026-07-01 12:50:00,1009.6633333333333
2026-07-01 13:00:00,1009.6700000000001
2026-07-01 13:10:00,1009.4900000000001
2026-07-01 13:20:00,1009.345
2026-07-01 13:30:00,1009.3966666666669
2026-07-01 13:40:00,1009.26
2026-07-01 13:50:00,1008.96
2026-07-01 14:00:00,1008.9000000000001
2026-07-01 14:10:00,1009.0833333333334
2026-07-01 14:20:00,1008.99
2026-07-01 14:30:00,1008.9033333333333
2026-07-01 14:40:00,1008.94
2026-07-01 14:50:00,1008.8333333333334
2026-07-01 15:00:00,1008.6850000000001
2026-07-01 15:10:00,1008.79
2026-07-01 15:20:00,1008.6700000000001
2026-07-01 15:30:00,1008.7933333333334
2026-07-01 15:40:00,1008.885
2026-07-01 15:50:00,1008.8800000000001
2026-07-01 16:00:00,1008.86
2026-07-01 16:10:00,1008.6566666666668
2026-07-01 16:20:00,1008.545
2026-07-01 16:30:00,1008.6133333333333
2026-07-01 16:40:00,1008.835
2026-07-01 16:50:00,1009.2733333333332
2026-07-01 17:00:00,1009.305
2026-07-01 17:10:00,1009.285
2026-07-01 17:20:00,1009.2333333333332
2026-07-01 17:30:00,1009.3
2026-07-01 17:40:00,1009.3499999999999
2026-07-01 17:50:00,1009.45
2026-07-01 18:00:00,1009.5466666666666
2026-07-01 18:10:00,1009.62
2026-07-01 18:20:00,1009.7033333333334
2026-07-01 18:30:00,1009.815
2026-07-01 18:40:00,1009.71
2026-07-01 18:50:00,1009.6650000000001
2026-07-01 19:00:00,1009.6266666666667
2026-07-01 19:10:00,1009.6049999999999
2026-07-01 19:20:00,1009.8066666666667
2026-07-01 19:30:00,1009.855
2026-07-01 19:40:00,1009.9666666666667
2026-07-01 19:50:00,1010.1700000000001
2026-07-01 20:00:00,1010.29
2026-07-01 20:10:00,1010.4699999999999
2026-07-01 20:20:00,1010.4200000000001
2026-07-01 20:30:00,1010.3299999999999
2026-07-01 20:40:00,1010.4366666666668
2026-07-01 20:50:00,1010.4100000000001
2026-07-01 21:00:00,1010.3233333333333
2026-07-01 21:10:00,1010.225
2026-07-01 21:20:00,1010.3766666666667
2026-07-01 21:30:00,1010.5899999999999
2026-07-01 21:40:00,1010.6266666666667
2026-07-01 21:50:00,1010.6
2026-07-01 22:00:00,1010.5933333333334
2026-07-01 22:10:00,1010.45
2026-07-01 22:20:00,1010.4666666666667
2026-07-01 22:30:00,1010.47
2026-07-01 22:40:00,1010.3800000000001
2026-07-01 22:50:00,1010.375
2026-07-01 23:00:00,1010.3800000000001
2026-07-01 23:10:00,1010.19
2026-07-01 23:20:00,1010.0366666666665
2026-07-01 23:30:00,1009.985
2026-07-01 23:40:00,1010.0033333333334
2026-07-01 23:50:00,1009.945
2026-07-02 00:00:00,1009.9733333333334
2026-07-02 00:10:00,1009.85
2026-07-02 00:20:00,1009.9200000000001
2026-07-02 00:30:00,1009.8
2026-07-02 00:40:00,1009.6533333333333
2026-07-02 00:50:00,1009.495
2026-07-02 01:00:00,1009.2866666666665
2026-07-02 01:10:00,1009.37
2026-07-02 01:20:00,1009.2433333333333
2026-07-02 01:30:00,1009.06
2026-07-02 01:40:00,1009.02
2026-07-02 01:50:00,1008.785
2026-07-02 02:00:00,1008.7766666666666
2026-07-02 02:10:00,1008.6400000000001
2026-07-02 02:20:00,1008.5966666666667
2026-07-02 02:30:00,1008.405
2026-07-02 02:40:00,1008.34
2026-07-02 02:50:00,1008.255
2026-07-02 03:00:00,1008.2433333333333
2026-07-02 03:10:00,1008.15
2026-07-02 03:20:00,1008.1133333333333
2026-07-02 03:30:00,1008.285
2026-07-02 03:40:00,1008.4933333333333
2026-07-02 03:50:00,1008.4350000000001
2026-07-02 04:00:00,1008.38
2026-07-02 04:10:00,1008.4566666666666
2026-07-02 04:20:00,1008.5899999999999
2026-07-02 04:30:00,1008.5933333333332
2026-07-02 04:40:00,1008.44
2026-07-02 04:50:00,1008.48
2026-07-02 05:00:00,1008.605
2026-07-02 05:10:00,1008.4533333333334
2026-07-02 05:20:00,1008.4100000000001
2026-07-02 05:30:00,1008.5133333333333
2026-07-02 05:40:00,1008.465
2026-07-02 05:50:00,1008.5566666666667
2026-07-02 06:00:00,1008.8000000000001
2026-07-02 06:10:00,1009.0900000000001
2026-07-02 06:20:00,1009.25
2026-07-02 06:30:00,1009.3366666666667
2026-07-02 06:40:00,1009.33
2026-07-02 06:50:00,1009.4900000000001
2026-07-02 07:00:00,1009.6400000000001
2026-07-02 07:10:00,1009.6333333333332
2026-07-02 07:20:00,1009.6350000000001
2026-07-02 07:30:00,1009.7466666666666
2026-07-02 07:40:00,1009.6400000000001
2026-07-02 07:50:00,1009.5033333333334
2026-07-02 08:00:00,1009.6650000000001
2026-07-02 08:10:00,1009.7366666666667
2026-07-02 08:20:00,1009.78
2026-07-02 08:30:00,1009.9033333333333
2026-07-02 08:40:00,1010.115
2026-07-02 08:50:00,1010.27
2026-07-02 09:00:00,1010.265
2026-07-02 09:10:00,1010.3566666666667
2026-07-02 09:20:00,1010.53
2026-07-02 09:30:00,1010.5666666666666
2026-07-02 09:40:00,1010.55
2026-07-02 09:50:00,1010.6366666666668
2026-07-02 10:00:00,1010.63
2026-07-02 10:10:00,1010.8033333333333
2026-07-02 10:20:00,1010.7620000000001
2026-07-02 10:30:00,1010.6666666666666
2026-07-02 10:40:00,1010.915
2026-07-02 10:50:00,1010.9166666666666
2026-07-02 11:00:00,1010.7966666666666
2026-07-02 11:10:00,1010.5799999999999
2026-07-02 11:20:00,1010.4433333333333
2026-07-02 11:30:00,1010.27
2026-07-02 11:40:00,1010.3475000000001
2026-07-02 11:50:00,1010.3925
2026-07-02 12:00:00,1010.2774999999999
2026-07-02 12:10:00,1010.3933333333334
2026-07-02 12:20:00,1010.405
2026-07-02 12:30:00,1010.3699999999999
2026-07-02 12:40:00,1010.275
2026-07-02 12:50:00,1010.1933333333333
2026-07-02 13:00:00,1010.05
2026-07-02 13:10:00,1009.8033333333333
2026-07-02 13:20:00,1009.58
2026-07-02 13:30:00,1009.7933333333334
2026-07-02 13:40:00,1010.0699999999999
2026-07-02 13:50:00,1010.04
2026-07-02 14:00:00,1009.8166666666666
2026-07-02 14:10:00,1009.9233333333333
2026-07-02 14:20:00,1010.1433333333334
2026-07-02 14:30:00,1010.3199999999999
2026-07-02 14:40:00,1010.2533333333334
2026-07-02 14:50:00,1010.3149999999999
2026-07-02 15:00:00,1010.19
2026-07-02 15:10:00,1010.005
2026-07-02 15:20:00,1009.9100000000002
2026-07-02 15:30:00,1010.04
2026-07-02 15:40:00,1010.1666666666666
2026-07-02 15:50:00,1010.025
2026-07-02 16:00:00,1010.14
2026-07-02 16:10:00,1010.205
2026-07-02 16:20:00,1009.9366666666666
2026-07-02 16:30:00,1009.9250000000001
2026-07-02 16:40:00,1009.9699999999999
2026-07-02 16:50:00,1010.105
2026-07-02 17:00:00,1010.09
2026-07-02 17:10:00,1010.3149999999999
2026-07-02 17:20:00,1010.2800000000001
2026-07-02 17:30:00,1010.29
2026-07-02 17:40:00,1010.2800000000001
2026-07-02 17:50:00,1010.32
2026-07-02 18:00:00,1010.61
2026-07-02 18:10:00,1010.5
2026-07-02 18:20:00,1010.7233333333334
2026-07-02 18:30:00,1011.095
2026-07-02 18:40:00,1011.0200000000001
2026-07-02 18:50:00,1010.875
2026-07-02 19:00:00,1011.0866666666667
2026-07-02 19:10:00,1011.355
2026-07-02 19:20:00,1011.3333333333334
2026-07-02 19:30:00,1011.4350000000001
2026-07-02 19:40:00,1011.4133333333334
2026-07-02 19:50:00,1011.11
2026-07-02 20:00:00,1011.0566666666667
2026-07-02 20:10:00,1011.09
2026-07-02 20:20:00,1011.12
2026-07-02 20:30:00,1011.12
2026-07-02 20:40:00,1011.18
2026-07-02 20:50:00,1011.195
2026-07-02 21:00:00,1010.9933333333333
2026-07-02 21:10:00,1011.0066666666667
2026-07-02 21:20:00,1011.1866666666665
2026-07-02 21:30:00,1011.285
2026-07-02 21:40:00,1011.3166666666666
2026-07-02 21:50:00,1011.585
2026-07-02 22:00:00,1011.6933333333333
2026-07-02 22:10:00,1011.725
2026-07-02 22:20:00,1011.6500000000001
2026-07-02 22:30:00,1011.83
2026-07-02 22:40:00,1011.9166666666666
2026-07-02 22:50:00,1011.99
2026-07-02 23:00:00,1011.78
2026-07-02 23:10:00,1011.7400000000001
2026-07-02 23:20:00,1011.63
2026-07-02 23:30:00,1011.5533333333333
2026-07-02 23:40:00,1011.385
2026-07-02 23:50:00,1011.5633333333334
2026-07-03 00:00:00,1011.55
2026-07-03 00:10:00,1011.4466666666667
2026-07-03 00:20:00,1011.3
2026-07-03 00:30:00,1011.2833333333333
2026-07-03 00:40:00,1011.2199999999999
2026-07-03 00:50:00,1011.3766666666667
2026-07-03 01:00:00,1011.35
2026-07-03 01:10:00,1011.5166666666668
2026-07-03 01:20:00,1011.5899999999999
2026-07-03 01:30:00,1011.36
2026-07-03 01:40:00,1011.305
2026-07-03 01:50:00,1011.0933333333332
2026-07-03 02:00:00,1010.81
2026-07-03 02:10:00,1010.7533333333334
2026-07-03 02:20:00,1010.855
2026-07-03 02:30:00,1010.8699999999999
2026-07-03 02:40:00,1010.85
2026-07-03 02:50:00,1010.965
2026-07-03 03:00:00,1010.9466666666667
2026-07-03 03:10:00,1010.7
2026-07-03 03:20:00,1010.7133333333335
2026-07-03 03:30:00,1010.76
2026-07-03 03:40:00,1010.6533333333333
2026-07-03 03:50:00,1010.6166666666668
2026-07-03 04:00:00,1010.5574999999999
2026-07-03 04:10:00,1010.555
2026-07-03 04:20:00,1010.6800000000001
2026-07-03 04:30:00,1010.615
2026-07-03 04:40:00,1010.4233333333335
2026-07-03 04:50:00,1010.495
2026-07-03 05:00:00,1010.5266666666666
2026-07-03 05:10:00,1010.7
2026-07-03 05:20:00,1010.7033333333334
2026-07-03 05:30:00,1010.6800000000001
2026-07-03 05:40:00,1010.8233333333334
2026-07-03 05:50:00,1011.105
2026-07-03 06:00:00,1011.35
2026-07-03 06:10:00,1011.5
2026-07-03 06:20:00,1011.4533333333334
2026-07-03 06:30:00,1011.555
2026-07-03 06:40:00,1011.5233333333332
2026-07-03 06:50:00,1011.495
2026-07-03 07:00:00,1011.7333333333332
2026-07-03 07:10:00,1011.805
2026-07-03 07:20:00,1011.7333333333332
2026-07-03 07:30:00,1011.8349999999999
2026-07-03 07:40:00,1012.0099999999999
2026-07-03 07:50:00,1012.1
2026-07-03 08:00:00,1012.0933333333332
2026-07-03 08:10:00,1012.035
2026-07-03 08:20:00,1012.1733333333335
2026-07-03 08:30:00,1012.215
2026-07-03 08:40:00,1012.1300000000001
2026-07-03 08:50:00,1012.05
2026-07-03 09:00:00,1012.125
2026-07-03 09:40:00,1012.295
2026-07-03 09:50:00,1012.3499999999999
2026-07-03 10:00:00,1012.3266666666665
2026-07-03 10:10:00,1012.255
2026-07-03 10:20:00,1012.2033333333334
2026-07-03 10:30:00,1012.235
2026-07-03 10:40:00,1012.4166666666666
2026-07-03 10:50:00,1012.495
2026-07-03 11:00:00,1012.5099999999999
2026-07-03 11:10:00,1012.365
2026-07-03 11:20:00,1012.2833333333334
2026-07-03 11:30:00,1012.0899999999999
2026-07-03 11:40:00,1012.29
2026-07-03 11:50:00,1012.4100000000001
2026-07-03 12:00:00,1012.46
2026-07-03 12:10:00,1012.3733333333333
2026-07-03 12:20:00,1012.2366666666667
2026-07-03 12:30:00,1012.1550000000001
2026-07-03 12:40:00,1012.1833333333334
2026-07-03 12:50:00,1012.3
2026-07-03 13:00:00,1012.2025000000001
2026-07-03 13:10:00,1012.2000000000002
2026-07-03 13:20:00,1012.1850000000001
2026-07-03 13:30:00,1012.0533333333333
2026-07-03 13:40:00,1011.98
2026-07-03 13:50:00,1011.8766666666667
2026-07-03 14:00:00,1011.9266666666667
2026-07-03 14:10:00,1011.9333333333334
2026-07-03 14:20:00,1011.8675
2026-07-03 14:30:00,1011.785
2026-07-03 14:40:00,1011.5833333333334
2026-07-03 14:50:00,1011.6350000000001
2026-07-03 15:00:00,1011.5266666666666
2026-07-03 15:10:00,1011.455
2026-07-03 15:20:00,1011.6675
2026-07-03 15:30:00,1011.655
2026-07-03 15:40:00,1011.7866666666665
2026-07-03 15:50:00,1011.87
2026-07-03 16:00:00,1012.0199999999999
2026-07-03 16:10:00,1012.0833333333334
2026-07-03 16:20:00,1012.0849999999999
2026-07-03 16:30:00,1012.0333333333333
2026-07-03 16:40:00,1012.085
2026-07-03 16:50:00,1012.0533333333333
2026-07-03 17:00:00,1012.055
2026-07-03 17:10:00,1012.1633333333333
2026-07-03 17:20:00,1012.1133333333333
2026-07-03 17:30:00,1012.1450000000001
2026-07-03 17:40:00,1012.3866666666667
2026-07-03 17:50:00,1012.55
2026-07-03 18:00:00,1012.6700000000001
2026-07-03 18:10:00,1012.5799999999999
2026-07-03 18:20:00,1012.64
2026-07-03 18:30:00,1012.7
2026-07-03 18:40:00,1012.9966666666668
2026-07-03 18:50:00,1013.1750000000001
2026-07-03 19:00:00,1013.3166666666666
2026-07-03 19:10:00,1013.1
2026-07-03 19:20:00,1012.9266666666666
2026-07-03 19:30:00,1012.725
2026-07-03 19:40:00,1012.96
2026-07-03 19:50:00,1013.295
2026-07-03 20:00:00,1013.5766666666667
2026-07-03 20:10:00,1013.835
2026-07-03 20:20:00,1013.9166666666666
2026-07-03 20:30:00,1013.96
2026-07-03 20:40:00,1014.0866666666667
2026-07-03 20:50:00,1014.07
2026-07-03 21:00:00,1014.1033333333334
2026-07-03 21:10:00,1013.99
2026-07-03 21:20:00,1014.0633333333332
2026-07-03 21:30:00,1014.1600000000001
2026-07-03 21:40:00,1014.1833333333334
2026-07-03 21:50:00,1014.05
2026-07-03 22:00:00,1013.9933333333333
2026-07-03 22:10:00,1014.005
2026-07-03 22:20:00,1013.9266666666667
2026-07-03 22:30:00,1013.825
2026-07-03 22:40:00,1013.7533333333334
2026-07-03 22:50:00,1013.635
2026-07-03 23:00:00,1013.2833333333334
2026-07-03 23:10:00,1013.0999999999999
2026-07-03 23:20:00,1013.0300000000001
2026-07-03 23:30:00,1012.9000000000001
2026-07-03 23:40:00,1012.8066666666667
2026-07-03 23:50:00,1012.765
2026-07-04 00:00:00,1012.7000000000002
2026-07-04 00:10:00,1012.53
2026-07-04 00:20:00,1012.3933333333334
2026-07-04 00:30:00,1012.355
2026-07-04 00:40:00,1012.1633333333333
2026-07-04 00:50:00,1012.04
2026-07-04 01:00:00,1011.9733333333334
2026-07-04 01:10:00,1012.0649999999999
2026-07-04 01:20:00,1012.0766666666665
2026-07-04 01:30:00,1012.0649999999999
2026-07-04 01:40:00,1012.02
2026-07-04 01:50:00,1012.01
2026-07-04 02:00:00,1011.8800000000001
2026-07-04 02:10:00,1011.885
2026-07-04 02:20:00,1011.7566666666667
2026-07-04 02:30:00,1011.735
2026-07-04 02:40:00,1011.9533333333333
2026-07-04 02:50:00,1011.9300000000001
2026-07-04 03:00:00,1011.8733333333333
2026-07-04 03:10:00,1011.8299999999999
2026-07-04 03:20:00,1011.9966666666666
2026-07-04 03:30:00,1012.095
2026-07-04 03:40:00,1012.0733333333334
2026-07-04 03:50:00,1012.1049999999999
2026-07-04 04:00:00,1012.0849999999999
2026-07-04 04:10:00,1011.9433333333333
2026-07-04 04:20:00,1011.9350000000001
2026-07-04 04:30:00,1011.93
2026-07-04 04:40:00,1011.8549999999999
2026-07-04 04:50:00,1011.8866666666668
2026-07-04 05:00:00,1011.865
2026-07-04 05:10:00,1011.8333333333334
2026-07-04 05:20:00,1011.85
2026-07-04 05:30:00,1011.9
2026-07-04 05:40:00,1011.955
2026-07-04 05:50:00,1012.1433333333334
2026-07-04 06:00:00,1012.3
2026-07-04 06:10:00,1012.4766666666668
2026-07-04 06:20:00,1012.615
2026-07-04 06:30:00,1012.62
2026-07-04 06:40:00,1012.625
2026-07-04 06:50:00,1012.7366666666667
2026-07-04 07:00:00,1012.755
2026-07-04 07:10:00,1012.82
2026-07-04 07:20:00,1012.855
2026-07-04 07:30:00,1012.8966666666666
2026-07-04 07:40:00,1012.985
2026-07-04 07:50:00,1013.1300000000001
2026-07-04 08:00:00,1013.0699999999999
2026-07-04 08:10:00,1013.06
2026-07-04 08:20:00,1013.0849999999999
2026-07-04 08:30:00,1013.14
2026-07-04 08:40:00,1013.245
2026-07-04 08:50:00,1013.4533333333333
2026-07-04 09:00:00,1013.52
2026-07-04 09:10:00,1013.4399999999999
2026-07-04 09:20:00,1013.3249999999999
2026-07-04 09:30:00,1013.3766666666667
2026-07-04 09:40:00,1013.3950000000001
2026-07-04 09:50:00,1013.4100000000002
2026-07-04 10:00:00,1013.465
2026-07-04 10:10:00,1013.4266666666667
2026-07-04 10:20:00,1013.38
2026-07-04 10:30:00,1013.29
2026-07-04 10:40:00,1013.32
2026-07-04 10:50:00,1013.4000000000001
2026-07-04 11:00:00,1013.365
2026-07-04 11:10:00,1013.2400000000001
2026-07-04 11:20:00,1013.215
2026-07-04 11:30:00,1013.1066666666666
2026-07-04 11:40:00,1012.955
2026-07-04 11:50:00,1012.94
2026-07-04 12:00:00,1012.8599999999999
2026-07-04 12:10:00,1012.7333333333332
2026-07-04 12:20:00,1012.62
2026-07-04 12:30:00,1012.6466666666665
2026-07-04 12:40:00,1012.725
2026-07-04 12:50:00,1012.68
2026-07-04 13:00:00,1012.71
2026-07-04 13:10:00,1012.6066666666666
2026-07-04 13:20:00,1012.35
2026-07-04 13:30:00,1012.1666666666666
2026-07-04 13:40:00,1011.955
2026-07-04 13:50:00,1011.9500000000002
2026-07-04 14:00:00,1011.9250000000001
2026-07-04 14:10:00,1011.9866666666667
2026-07-04 14:20:00,1011.995
2026-07-04 14:30:00,1011.96
2026-07-04 14:40:00,1011.8950000000001
2026-07-04 14:50:00,1011.79
2026-07-04 15:00:00,1011.6500000000001
2026-07-04 15:10:00,1011.61
2026-07-04 15:20:00,1011.6433333333334
2026-07-04 15:30:00,1011.5799999999999
2026-07-04 15:40:00,1011.5433333333334
2026-07-04 15:50:00,1011.6650000000001
2026-07-04 16:00:00,1011.7133333333335
2026-07-04 16:10:00,1011.775
2026-07-04 16:20:00,1011.7999999999998
2026-07-04 16:30:00,1011.8299999999999
2026-07-04 16:40:00,1011.9433333333333
2026-07-04 16:50:00,1012.02
2026-07-04 17:00:00,1012.1533333333333
2026-07-04 17:10:00,1012.26
2026-07-04 17:20:00,1012.3933333333334
2026-07-04 17:30:00,1012.625
2026-07-04 17:40:00,1012.8066666666667
2026-07-04 17:50:00,1012.85
2026-07-04 18:00:00,1012.7533333333334
2026-07-04 18:10:00,1012.605
2026-07-04 18:20:00,1012.44
2026-07-04 18:30:00,1012.3449999999999
2026-07-04 18:40:00,1012.31
2026-07-04 18:50:00,1012.4350000000001
2026-07-04 19:00:00,1012.4766666666668
2026-07-04 19:10:00,1012.52
2026-07-04 19:20:00,1012.5033333333334
2026-07-04 19:30:00,1012.475
2026-07-04 19:40:00,1012.5466666666666
2026-07-04 19:50:00,1012.465
2026-07-04 20:00:00,1012.3533333333334
2026-07-04 20:10:00,1012.3499999999999
2026-07-04 20:20:00,1012.5033333333334
2026-07-04 20:30:00,1012.67
2026-07-04 20:40:00,1012.68
2026-07-04 20:50:00,1012.735
2026-07-04 21:00:00,1012.8866666666667
2026-07-04 21:10:00,1012.8299999999999
2026-07-04 21:20:00,1012.7666666666668
2026-07-04 21:30:00,1012.6049999999999
2026-07-04 21:40:00,1012.6033333333335
2026-07-04 21:50:00,1012.6650000000001
2026-07-04 22:00:00,1012.7666666666668
2026-07-04 22:10:00,1012.725
2026-07-04 22:20:00,1012.62
2026-07-04 22:30:00,1012.48
2026-07-04 22:40:00,1012.355
2026-07-04 22:50:00,1012.3633333333333
2026-07-04 23:00:00,1012.45
2026-07-04 23:10:00,1012.5733333333333
2026-07-04 23:20:00,1012.5999999999999
2026-07-04 23:30:00,1012.5300000000001
2026-07-04 23:40:00,1012.1750000000001
2026-07-04 23:50:00,1012.2433333333333
2026-07-05 00:00:00,1012.1650000000001
2026-07-05 00:10:00,1012.0733333333333
2026-07-05 00:20:00,1011.91
2026-07-05 00:30:00,1011.8566666666666
2026-07-05 00:40:00,1011.795
2026-07-05 00:50:00,1011.7833333333333
2026-07-05 01:00:00,1011.775
2026-07-05 01:10:00,1011.6666666666666
2026-07-05 01:20:00,1011.63
2026-07-05 01:30:00,1011.6666666666666
2026-07-05 01:40:00,1011.7
2026-07-05 01:50:00,1011.6866666666668
2026-07-05 02:00:00,1011.69
2026-07-05 02:10:00,1011.7433333333333
2026-07-05 02:20:00,1011.805
2026-07-05 02:30:00,1011.8533333333334
2026-07-05 02:40:00,1011.8299999999999
2026-07-05 02:50:00,1011.7266666666668
2026-07-05 03:00:00,1011.565
2026-07-05 03:10:00,1011.52
2026-07-05 03:20:00,1011.4100000000001
2026-07-05 03:30:00,1011.44
2026-07-05 03:40:00,1011.46
2026-07-05 03:50:00,1011.5533333333333
2026-07-05 04:00:00,1011.595
2026-07-05 04:10:00,1011.6833333333334
2026-07-05 04:20:00,1011.6800000000001
2026-07-05 04:30:00,1011.7333333333332
2026-07-05 04:40:00,1011.6450000000001
2026-07-05 04:50:00,1011.7033333333334
2026-07-05 05:00:00,1011.78
2026-07-05 05:10:00,1011.93
2026-07-05 05:20:00,1012.02
2026-07-05 05:30:00,1012.04
2026-07-05 05:40:00,1012.03
2026-07-05 05:50:00,1011.9633333333335
2026-07-05 06:00:00,1011.83
2026-07-05 06:10:00,1011.8833333333333
2026-07-05 06:20:00,1011.9100000000001
2026-07-05 06:30:00,1011.9966666666666
2026-07-05 06:40:00,1012.0749999999999
2026-07-05 06:50:00,1012.3533333333335
2026-07-05 07:00:00,1012.465
2026-07-05 07:10:00,1012.6466666666666
2026-07-05 07:20:00,1012.81
2026-07-05 07:30:00,1012.8133333333334
2026-07-05 07:40:00,1012.8199999999999
2026-07-05 07:50:00,1012.86
2026-07-05 08:00:00,1012.8299999999999
2026-07-05 08:10:00,1012.8233333333333
2026-07-05 08:20:00,1012.87
2026-07-05 08:30:00,1013.07
2026-07-05 08:40:00,1013.0949999999999
2026-07-05 08:50:00,1013.0849999999999
2026-07-05 09:00:00,1013.0766666666665
2026-07-05 09:10:00,1013.105
2026-07-05 09:20:00,1013.02
2026-07-05 09:30:00,1013.025
2026-07-05 09:40:00,1012.9666666666667
2026-07-05 09:50:00,1012.985
2026-07-05 10:00:00,1012.9666666666667
2026-07-05 10:10:00,1012.975
2026-07-05 10:20:00,1013.0266666666666
2026-07-05 10:30:00,1013.08
2026-07-05 10:40:00,1013.1600000000001
2026-07-05 10:50:00,1013.07
2026-07-05 11:00:00,1012.86
2026-07-05 11:10:00,1012.7833333333333
2026-07-05 11:20:00,1012.6750000000001
2026-07-05 11:30:00,1012.5366666666665
2026-07-05 11:40:00,1012.44
2026-07-05 11:50:00,1012.2733333333334
2026-07-05 12:00:00,1012.07
2026-07-05 12:10:00,1012.0033333333334
2026-07-05 12:20:00,1011.97
2026-07-05 12:30:00,1011.9433333333333
2026-07-05 12:40:00,1011.9300000000001
2026-07-05 12:50:00,1011.8100000000001
2026-07-05 13:00:00,1011.755
2026-07-05 13:10:00,1011.6333333333336
2026-07-05 13:20:00,1011.51
2026-07-05 13:30:00,1011.3366666666667
2026-07-05 13:40:00,1011.3199999999999
2026-07-05 13:50:00,1011.2999999999998
2026-07-05 14:00:00,1011.23
2026-07-05 14:10:00,1011.2599999999999
2026-07-05 14:20:00,1011.24
2026-07-05 14:30:00,1011.1
2026-07-05 14:40:00,1011.0899999999999
2026-07-05 14:50:00,1011.0099999999999
2026-07-05 15:00:00,1010.955
2026-07-05 15:10:00,1010.87
2026-07-05 15:20:00,1010.855
2026-07-05 15:30:00,1010.82
2026-07-05 15:40:00,1010.9
2026-07-05 15:50:00,1010.9000000000001
2026-07-05 16:00:00,1010.87
2026-07-05 16:10:00,1011.1066666666667
2026-07-05 16:20:00,1011.1
2026-07-05 16:30:00,1011.06
2026-07-05 16:40:00,1011.12
2026-07-05 16:50:00,1011.2066666666666
2026-07-05 17:00:00,1011.21
2026-07-05 17:10:00,1011.3033333333333
2026-07-05 17:20:00,1011.4300000000001
2026-07-05 17:30:00,1011.6633333333333
2026-07-05 17:40:00,1011.8449999999999
2026-07-05 17:50:00,1011.7599999999999
2026-07-05 18:00:00,1011.71
2026-07-05 18:10:00,1011.6466666666669
2026-07-05 18:20:00,1011.6550000000001
2026-07-05 18:30:00,1011.7633333333333
2026-07-05 18:40:00,1011.81
2026-07-05 18:50:00,1011.8533333333334
2026-07-05 19:00:00,1011.9000000000001
2026-07-05 19:10:00,1011.9766666666668
2026-07-05 19:20:00,1012.01
2026-07-05 19:30:00,1012.1066666666666
2026-07-05 19:40:00,1012.105
2026-07-05 19:50:00,1012.0466666666666
2026-07-05 20:00:00,1012.0799999999999
2026-07-05 20:10:00,1012.2033333333334
2026-07-05 20:20:00,1012.255
2026-07-05 20:30:00,1012.2866666666665
2026-07-05 20:40:00,1012.3850000000001
2026-07-05 20:50:00,1012.59
2026-07-05 21:00:00,1012.6400000000001
2026-07-05 21:10:00,1012.62
2026-07-05 21:20:00,1012.6466666666666
2026-07-05 21:30:00,1012.655
2026-07-05 21:40:00,1012.77
2026-07-05 21:50:00,1012.8249999999999
2026-07-05 22:00:00,1012.7566666666667
2026-07-05 22:10:00,1012.785
2026-07-05 22:20:00,1012.75
2026-07-05 22:30:00,1012.745
2026-07-05 22:40:00,1012.6199999999999
2026-07-05 22:50:00,1012.46
2026-07-05 23:00:00,1012.4533333333334
2026-07-05 23:10:00,1012.505
2026-07-05 23:20:00,1012.4333333333334
2026-07-05 23:30:00,1012.265
2026-07-05 23:40:00,1012.3266666666665
2026-07-05 23:50:00,1012.3599999999999
2026-07-06 00:00:00,1012.3399999999998
2026-07-06 00:10:00,1012.305
2026-07-06 00:20:00,1012.25
2026-07-06 00:30:00,1012.145
2026-07-06 00:40:00,1012.0333333333333
2026-07-06 00:50:00,1011.855
2026-07-06 01:00:00,1011.7266666666668
2026-07-06 01:10:00,1011.6250000000001
2026-07-06 01:20:00,1011.6500000000001
2026-07-06 01:30:00,1011.495
2026-07-06 01:40:00,1011.4333333333334
2026-07-06 01:50:00,1011.4200000000001
2026-07-06 02:00:00,1011.4000000000001
2026-07-06 02:10:00,1011.4300000000001
2026-07-06 02:20:00,1011.3633333333333
2026-07-06 02:30:00,1011.295
2026-07-06 02:40:00,1011.1866666666668
2026-07-06 02:50:00,1011.09
2026-07-06 03:00:00,1011.21
2026-07-06 03:10:00,1011.265
2026-07-06 03:20:00,1011.3366666666667
2026-07-06 03:30:00,1011.255
2026-07-06 03:40:00,1011.1
2026-07-06 03:50:00,1011.0999999999999
2026-07-06 04:00:00,1011.1966666666667
2026-07-06 04:10:00,1011.3000000000001
2026-07-06 04:20:00,1011.2599999999999
2026-07-06 04:30:00,1011.245
2026-07-06 04:40:00,1011.2666666666668
2026-07-06 04:50:00,1011.275
2026-07-06 05:00:00,1011.2533333333334
2026-07-06 05:10:00,1011.205
2026-07-06 05:20:00,1011.3299999999999
2026-07-06 05:30:00,1011.5699999999999
2026-07-06 05:40:00,1011.6533333333333
2026-07-06 05:50:00,1011.6750000000001
2026-07-06 06:00:00,1011.5799999999999
2026-07-06 06:10:00,1011.645
2026-07-06 06:20:00,1011.9366666666666
2026-07-06 06:30:00,1012.245
2026-07-06 06:40:00,1012.2533333333334
2026-07-06 06:50:00,1012.4150000000001
2026-07-06 07:00:00,1012.4200000000001
2026-07-06 07:10:00,1012.625
2026-07-06 07:20:00,1012.6233333333333
2026-07-06 07:30:00,1012.535
2026-07-06 07:40:00,1012.6466666666666
2026-07-06 07:50:00,1012.765
2026-07-06 08:00:00,1012.7966666666666
2026-07-06 08:10:00,1012.765
2026-07-06 08:20:00,1012.735
2026-07-06 08:30:00,1012.6033333333334
2026-07-06 08:40:00,1012.69
2026-07-06 08:50:00,1012.68
2026-07-06 09:00:00,1012.5999999999999
2026-07-06 09:10:00,1012.6833333333334
2026-07-06 09:20:00,1012.635
2026-07-06 09:30:00,1012.61
2026-07-06 09:40:00,1012.5749999999999
2026-07-06 09:50:00,1012.6233333333333
2026-07-06 10:00:00,1012.525
2026-07-06 10:10:00,1012.4233333333333
2026-07-06 10:20:00,1012.3399999999999
2026-07-06 10:30:00,1012.0933333333334
2026-07-06 10:40:00,1012.025
2026-07-06 10:50:00,1012.1533333333333
2026-07-06 11:00:00,1012.23
2026-07-06 11:10:00,1012.23
2026-07-06 11:20:00,1012.15
2026-07-06 11:30:00,1012.14
2026-07-06 11:40:00,1011.9100000000001
2026-07-06 11:50:00,1011.8800000000001
2026-07-06 12:00:00,1011.98
2026-07-06 12:10:00,1012.0333333333333
2026-07-06 12:20:00,1011.945
2026-07-06 12:30:00,1011.9533333333333
2026-07-06 12:40:00,1011.775
2026-07-06 12:50:00,1011.6700000000001
2026-07-06 13:00:00,1011.545
2026-07-06 13:10:00,1011.5233333333332
2026-07-06 13:20:00,1011.42
2026-07-06 13:30:00,1011.25
2026-07-06 13:40:00,1011.125
2026-07-06 13:50:00,1011.0133333333333
2026-07-06 14:00:00,1010.87
2026-07-06 14:10:00,1010.7566666666667
2026-07-06 14:20:00,1010.775
2026-07-06 14:30:00,1010.9
2026-07-06 14:40:00,1010.745
2026-07-06 14:50:00,1010.5666666666666
2026-07-06 15:00:00,1010.635
2026-07-06 15:10:00,1010.6033333333334
2026-07-06 15:20:00,1010.525
2026-07-06 15:30:00,1010.39
2026-07-06 15:40:00,1010.47
2026-07-06 15:50:00,1010.4166666666666
2026-07-06 16:00:00,1010.3850000000001
2026-07-06 16:10:00,1010.2566666666667
2026-07-06 16:20:00,1010.275
2026-07-06 16:30:00,1010.2633333333333
2026-07-06 16:40:00,1010.3950000000001
2026-07-06 16:50:00,1010.36
2026-07-06 17:00:00,1010.51
2026-07-06 17:10:00,1010.5966666666667
2026-07-06 17:20:00,1010.6400000000001
2026-07-06 17:30:00,1010.7066666666666
2026-07-06 17:40:00,1010.77
2026-07-06 17:50:00,1010.73
2026-07-06 18:00:00,1010.635
2026-07-06 18:10:00,1010.7233333333334
2026-07-06 18:20:00,1010.895
2026-07-06 18:30:00,1010.9466666666667
2026-07-06 18:40:00,1011.11
2026-07-06 18:50:00,1011.0566666666667
2026-07-06 19:00:00,1011.14
2026-07-06 19:10:00,1011.32
2026-07-06 19:20:00,1011.5699999999999
2026-07-06 19:30:00,1011.8133333333334
2026-07-06 19:40:00,1011.955
2026-07-06 19:50:00,1011.91
2026-07-06 20:00:00,1011.795
2026-07-06 20:10:00,1011.725
2026-07-06 20:20:00,1011.9133333333333
2026-07-06 20:30:00,1012.0649999999999
2026-07-06 20:40:00,1012.1233333333333
2026-07-06 20:50:00,1012.0949999999999
2026-07-06 21:00:00,1012.1166666666668
2026-07-06 21:10:00,1012.13
2026-07-06 21:20:00,1012.0833333333334
2026-07-06 21:30:00,1012.06
2026-07-06 21:40:00,1012.1133333333333
2026-07-06 21:50:00,1012.3149999999999
2026-07-06 22:00:00,1012.36
2026-07-06 22:10:00,1012.4050000000001
2026-07-06 22:20:00,1012.4100000000002
2026-07-06 22:30:00,1012.35
2026-07-06 22:40:00,1012.4699999999999
2026-07-06 22:50:00,1012.3549999999999
2026-07-06 23:00:00,1012.2266666666666
2026-07-06 23:10:00,1012.1300000000001
2026-07-06 23:20:00,1012.1366666666667
2026-07-06 23:30:00,1012.035
2026-07-06 23:40:00,1011.8266666666667
2026-07-06 23:50:00,1011.775
2026-07-07 00:00:00,1011.7766666666666
2026-07-07 00:10:00,1011.75
2026-07-07 00:20:00,1011.69
2026-07-07 00:30:00,1011.49
2026-07-07 00:40:00,1011.3866666666667
2026-07-07 00:50:00,1011.3149999999999
2026-07-07 01:00:00,1011.2833333333333
2026-07-07 01:10:00,1011.1750000000001
2026-07-07 01:20:00,1011.0866666666667
2026-07-07 01:30:00,1010.96
2026-07-07 01:40:00,1010.8366666666667
2026-07-07 01:50:00,1010.855
2026-07-07 02:00:00,1010.7433333333333
2026-07-07 02:10:00,1010.705
2026-07-07 02:20:00,1010.6333333333336
2026-07-07 02:30:00,1010.6250000000001
2026-07-07 02:40:00,1010.5033333333334
2026-07-07 02:50:00,1010.45
2026-07-07 03:00:00,1010.4733333333334
2026-07-07 03:10:00,1010.44
2026-07-07 03:20:00,1010.5499999999998
2026-07-07 03:30:00,1010.59
2026-07-07 03:40:00,1010.59
2026-07-07 03:50:00,1010.535
2026-07-07 04:00:00,1010.5099999999999
2026-07-07 04:10:00,1010.525
2026-07-07 04:20:00,1010.5733333333333
2026-07-07 04:30:00,1010.5949999999999
2026-07-07 04:40:00,1010.5233333333332
2026-07-07 04:50:00,1010.63
2026-07-07 05:00:00,1010.6766666666667
2026-07-07 05:10:00,1010.725
2026-07-07 05:20:00,1010.7366666666667
2026-07-07 05:30:00,1010.8499999999999
2026-07-07 05:40:00,1010.86
2026-07-07 05:50:00,1010.9200000000001
2026-07-07 06:00:00,1011.1
2026-07-07 06:10:00,1011.3249999999999
2026-07-07 06:20:00,1011.3466666666667
2026-07-07 06:30:00,1011.49
2026-07-07 06:40:00,1011.4533333333334
2026-07-07 06:50:00,1011.48
2026-07-07 07:00:00,1011.6533333333333
2026-07-07 07:10:00,1011.855
2026-07-07 07:20:00,1011.8299999999999
2026-07-07 07:30:00,1011.9100000000001
2026-07-07 07:40:00,1011.9366666666668
2026-07-07 07:50:00,1011.9350000000001
2026-07-07 08:00:00,1012.0900000000001
2026-07-07 08:10:00,1012.1300000000001
2026-07-07 08:20:00,1012.1933333333333
2026-07-07 08:30:00,1012.19
2026-07-07 08:40:00,1012.225
2026-07-07 08:50:00,1012.1733333333335
2026-07-07 09:00:00,1011.98
2026-07-07 09:10:00,1011.8633333333333
2026-07-07 09:20:00,1011.8000000000001
2026-07-07 09:30:00,1011.9233333333335
2026-07-07 09:40:00,1011.9150000000001
2026-07-07 09:50:00,1011.79
2026-07-07 10:00:00,1011.73
2026-07-07 10:10:00,1011.7833333333333
2026-07-07 10:20:00,1011.79
2026-07-07 10:30:00,1011.6966666666667
2026-07-07 10:40:00,1011.67
2026-07-07 10:50:00,1011.7033333333334
2026-07-07 11:00:00,1011.77
2026-07-07 11:10:00,1011.5533333333333
2026-07-07 11:20:00,1011.62
2026-07-07 11:30:00,1011.5333333333333
2026-07-07 11:40:00,1011.5
2026-07-07 11:50:00,1011.3299999999999
2026-07-07 12:00:00,1011.225
2026-07-07 12:10:00,1011.0666666666666
2026-07-07 12:20:00,1010.91
2026-07-07 12:30:00,1010.7599999999999
2026-07-07 12:40:00,1010.745
2026-07-07 12:50:00,1010.6866666666666
2026-07-07 13:00:00,1010.695
2026-07-07 13:10:00,1010.4500000000002
2026-07-07 13:20:00,1010.3499999999999
2026-07-07 13:30:00,1010.2966666666666
2026-07-07 13:40:00,1010.3299999999999
2026-07-07 13:50:00,1010.1533333333333
2026-07-07 14:00:00,1010.09
2026-07-07 14:10:00,1010.1566666666668
2026-07-07 14:20:00,1010.0949999999999
2026-07-07 14:30:00,1010.07
2026-07-07 14:40:00,1009.9350000000001
2026-07-07 14:50:00,1009.8866666666667
2026-07-07 15:00:00,1009.8249999999999
2026-07-07 15:10:00,1009.7533333333334
2026-07-07 15:20:00,1009.78
2026-07-07 15:30:00,1009.7066666666666
2026-07-07 15:40:00,1009.805
2026-07-07 15:50:00,1009.7433333333333
2026-07-07 16:00:00,1009.7
2026-07-07 16:10:00,1009.7466666666666
2026-07-07 16:20:00,1009.79
2026-07-07 16:30:00,1009.8733333333333
2026-07-07 16:40:00,1009.865
2026-07-07 16:50:00,1009.8766666666667
2026-07-07 17:00:00,1009.945
2026-07-07 17:10:00,1009.98
2026-07-07 17:20:00,1010.0749999999999
2026-07-07 17:30:00,1010.2199999999999
2026-07-07 17:40:00,1010.345
2026-07-07 17:50:00,1010.3333333333334
2026-07-07 18:00:00,1010.475
2026-07-07 18:10:00,1010.5633333333332
2026-07-07 18:20:00,1010.61
2026-07-07 18:30:00,1010.6533333333333
2026-07-07 18:40:00,1010.745
2026-07-07 18:50:00,1010.8266666666667
2026-07-07 19:00:00,1010.79
2026-07-07 19:10:00,1010.9466666666667
2026-07-07 19:20:00,1011.045
2026-07-07 19:30:00,1011.1166666666667
2026-07-07 19:40:00,1011.0699999999999
2026-07-07 19:50:00,1011.0933333333332
2026-07-07 20:00:00,1011.1700000000001
2026-07-07 20:10:00,1011.3766666666667
2026-07-07 20:20:00,1011.4150000000001
2026-07-07 20:30:00,1011.5033333333334
2026-07-07 20:40:00,1011.5
2026-07-07 20:50:00,1011.5699999999999
2026-07-07 21:00:00,1011.7266666666668
2026-07-07 21:10:00,1011.725
2026-07-07 21:20:00,1011.5866666666667
2026-07-07 21:30:00,1011.5649999999999
2026-07-07 21:40:00,1011.7199999999999
2026-07-07 21:50:00,1011.8149999999999
2026-07-07 22:00:00,1011.77
2026-07-07 22:10:00,1011.6200000000001
2026-07-07 22:20:00,1011.7199999999999
2026-07-07 22:30:00,1011.7
2026-07-07 22:40:00,1011.6500000000001
2026-07-07 22:50:00,1011.6400000000001
2026-07-07 23:00:00,1011.5966666666667
2026-07-07 23:10:00,1011.46
2026-07-07 23:20:00,1011.5166666666668
2026-07-07 23:30:00,1011.485
2026-07-07 23:40:00,1011.3933333333334
2026-07-07 23:50:00,1011.3449999999999
2026-07-08 00:00:00,1011.2633333333333
2026-07-08 00:10:00,1011.195
2026-07-08 00:20:00,1011.2266666666668
2026-07-08 00:30:00,1011.215
2026-07-08 00:40:00,1011.2633333333333
2026-07-08 00:50:00,1011.115
2026-07-08 01:00:00,1011.0366666666665
2026-07-08 01:10:00,1010.88
2026-07-08 01:20:00,1010.7566666666667
2026-07-08 01:30:00,1010.6200000000001
2026-07-08 01:40:00,1010.5666666666666
2026-07-08 01:50:00,1010.5899999999999
2026-07-08 02:00:00,1010.61
2026-07-08 02:10:00,1010.535
2026-07-08 02:20:00,1010.4933333333333
2026-07-08 02:30:00,1010.465
2026-07-08 02:40:00,1010.4033333333333
2026-07-08 02:50:00,1010.3149999999999
2026-07-08 03:00:00,1010.29
2026-07-08 03:10:00,1010.335
2026-07-08 03:20:00,1010.3133333333332
2026-07-08 03:30:00,1010.305
2026-07-08 03:40:00,1010.3399999999998
2026-07-08 03:50:00,1010.3199999999999
2026-07-08 04:00:00,1010.4833333333332
2026-07-08 04:10:00,1010.48
2026-07-08 04:20:00,1010.5166666666668
2026-07-08 04:30:00,1010.51
2026-07-08 04:40:00,1010.4166666666666
2026-07-08 04:50:00,1010.4200000000001
2026-07-08 05:00:00,1010.4900000000001
2026-07-08 05:10:00,1010.5749999999999
2026-07-08 05:20:00,1010.7199999999999
2026-07-08 05:30:00,1010.75
2026-07-08 05:40:00,1010.7800000000001
2026-07-08 05:50:00,1010.87
2026-07-08 06:00:00,1011.0233333333332
2026-07-08 06:10:00,1011.1850000000001
2026-07-08 06:20:00,1011.3766666666667
2026-07-08 06:30:00,1011.39
2026-07-08 06:40:00,1011.68
2026-07-08 06:50:00,1011.84
2026-07-08 07:00:00,1011.8566666666666
2026-07-08 07:10:00,1011.805
2026-07-08 07:20:00,1011.9566666666666
2026-07-08 07:30:00,1011.9350000000001
2026-07-08 07:40:00,1011.9133333333334
2026-07-08 07:50:00,1011.8950000000001
2026-07-08 08:00:00,1011.9250000000001
2026-07-08 08:10:00,1011.9866666666667
2026-07-08 08:20:00,1012.125
2026-07-08 08:30:00,1012.0799999999999
2026-07-08 08:40:00,1012.015
2026-07-08 08:50:00,1012.0066666666667
2026-07-08 09:00:00,1012.13
2026-07-08 09:10:00,1012.1566666666668
2026-07-08 09:20:00,1012.1700000000001
2026-07-08 09:30:00,1012.0866666666667
2026-07-08 09:40:00,1012.02
2026-07-08 09:50:00,1012.2033333333334
2026-07-08 10:00:00,1012.1550000000001
2026-07-08 10:10:00,1012.1833333333334
2026-07-08 10:20:00,1012.14
2026-07-08 10:30:00,1012.0866666666667
2026-07-08 10:40:00,1011.985
2026-07-08 10:50:00,1011.96
2026-07-08 11:00:00,1012.035
2026-07-08 11:10:00,1012.0233333333332
2026-07-08 11:20:00,1012.045
2026-07-08 11:30:00,1011.9466666666667
2026-07-08 11:40:00,1011.8
2026-07-08 11:50:00,1011.6466666666666
2026-07-08 12:00:00,1011.36
2026-07-08 12:10:00,1011.3666666666668
2026-07-08 12:20:00,1011.1550000000001
2026-07-08 12:30:00,1011.0933333333332
2026-07-08 12:40:00,1011.055
2026-07-08 12:50:00,1011.1066666666667
2026-07-08 13:00:00,1011.24
2026-07-08 13:10:00,1011.0799999999999
2026-07-08 13:20:00,1010.98
2026-07-08 13:30:00,1010.8366666666667
2026-07-08 13:40:00,1010.73
2026-07-08 13:50:00,1010.5533333333333
2026-07-08 14:00:00,1010.4250000000001
2026-07-08 14:10:00,1010.4500000000002
2026-07-08 14:20:00,1010.345
2026-07-08 14:30:00,1010.1933333333333
2026-07-08 14:40:00,1010.03
2026-07-08 14:50:00,1009.9399999999999
2026-07-08 15:00:00,1009.8449999999999
2026-07-08 15:10:00,1009.7766666666666
2026-07-08 15:20:00,1009.6850000000001
2026-07-08 15:30:00,1009.7599999999999
2026-07-08 15:40:00,1009.735
2026-07-08 15:50:00,1009.8333333333334
2026-07-08 16:00:00,1009.945
2026-07-08 16:10:00,1010.0366666666665
2026-07-08 16:20:00,1010.1600000000001
2026-07-08 16:30:00,1010.3299999999999
2026-07-08 16:40:00,1010.39
2026-07-08 16:50:00,1010.4566666666666
2026-07-08 17:00:00,1010.5
2026-07-08 17:10:00,1010.6733333333333
2026-07-08 17:20:00,1010.8449999999999
2026-07-08 17:30:00,1010.8633333333333
2026-07-08 17:40:00,1010.9
2026-07-08 17:50:00,1010.9633333333335
2026-07-08 18:00:00,1011.0649999999999
2026-07-08 18:10:00,1011.1266666666667
2026-07-08 18:20:00,1011.12
2026-07-08 18:30:00,1011.1966666666667
2026-07-08 18:40:00,1011.195
2026-07-08 18:50:00,1011.2766666666666
2026-07-08 19:00:00,1011.34
2026-07-08 19:10:00,1011.5633333333332
2026-07-08 19:20:00,1011.53
2026-07-08 19:30:00,1011.59
2026-07-08 19:40:00,1011.755
2026-07-08 19:50:00,1011.6766666666667
2026-07-08 20:00:00,1011.71
2026-07-08 20:10:00,1011.7850000000001
2026-07-08 20:20:00,1011.9166666666666
2026-07-08 20:30:00,1011.95
2026-07-08 20:40:00,1011.9200000000001
2026-07-08 20:50:00,1011.8700000000001
2026-07-08 21:00:00,1011.8166666666666
2026-07-08 21:10:00,1011.74
2026-07-08 21:20:00,1011.8666666666667
2026-07-08 21:30:00,1011.965
2026-07-08 21:40:00,1011.9433333333333
2026-07-08 21:50:00,1011.9
2026-07-08 22:00:00,1011.9666666666667
2026-07-08 22:10:00,1011.82
2026-07-08 22:20:00,1011.9100000000002
2026-07-08 22:30:00,1011.9
2026-07-08 22:40:00,1011.8766666666667
2026-07-08 22:50:00,1011.6450000000001
2026-07-08 23:00:00,1011.7566666666668
2026-07-08 23:10:00,1011.9300000000001
2026-07-08 23:20:00,1011.9833333333332
2026-07-08 23:30:00,1011.875
2026-07-08 23:40:00,1011.8166666666666
2026-07-08 23:50:00,1011.61
2026-07-09 00:00:00,1011.4233333333333
2026-07-09 00:10:00,1011.1899999999999
2026-07-09 00:20:00,1010.8766666666667
2026-07-09 00:30:00,1010.6350000000001
2026-07-09 00:40:00,1010.5233333333332
2026-07-09 00:50:00,1010.5799999999999
2026-07-09 01:00:00,1010.59
2026-07-09 01:10:00,1010.425
2026-07-09 01:20:00,1010.1999999999999
2026-07-09 01:30:00,1010.125
2026-07-09 01:40:00,1010.1866666666668
2026-07-09 01:50:00,1010.095
2026-07-09 02:00:00,1009.8933333333334
2026-07-09 02:10:00,1009.785
2026-07-09 02:20:00,1009.71
2026-07-09 02:30:00,1009.6500000000001
2026-07-09 02:40:00,1009.6633333333334
2026-07-09 02:50:00,1009.73
2026-07-09 03:00:00,1009.7133333333335
2026-07-09 03:10:00,1009.61
2026-07-09 03:20:00,1009.5799999999999
2026-07-09 03:30:00,1009.77
2026-07-09 03:40:00,1009.6666666666666
2026-07-09 03:50:00,1009.6700000000001
2026-07-09 04:00:00,1009.6166666666667
2026-07-09 04:10:00,1009.5
2026-07-09 04:20:00,1009.5766666666665
2026-07-09 04:30:00,1009.6500000000001
2026-07-09 04:40:00,1009.4733333333334
2026-07-09 04:50:00,1009.545
2026-07-09 05:00:00,1009.5866666666666
2026-07-09 05:10:00,1009.6850000000001
2026-07-09 05:20:00,1009.96
2026-07-09 05:30:00,1010.03
2026-07-09 05:40:00,1009.8966666666666
2026-07-09 05:50:00,1009.86
2026-07-09 06:00:00,1009.93
2026-07-09 06:10:00,1010.03
2026-07-09 06:20:00,1010.2866666666667
2026-07-09 06:30:00,1010.24
2026-07-09 06:40:00,1010.3066666666667
2026-07-09 06:50:00,1010.875
2026-07-09 07:00:00,1010.9566666666666
2026-07-09 07:10:00,1010.78
2026-07-09 07:20:00,1010.59
2026-07-09 07:30:00,1010.725
2026-07-09 07:40:00,1010.725
2026-07-09 07:50:00,1010.7733333333332
2026-07-09 08:00:00,1010.84
2026-07-09 08:10:00,1011.0833333333334
2026-07-09 08:20:00,1011.3
2026-07-09 08:30:00,1011.2133333333333
2026-07-09 08:40:00,1010.99
2026-07-09 08:50:00,1011.02
2026-07-09 09:00:00,1011.055
2026-07-09 09:10:00,1011.2033333333334
2026-07-09 09:20:00,1011.255
2026-07-09 09:30:00,1011.2933333333334
2026-07-09 09:40:00,1011.3499999999999
2026-07-09 09:50:00,1011.4633333333335
2026-07-09 10:00:00,1011.585
2026-07-09 10:10:00,1011.65
2026-07-09 10:20:00,1011.58
2026-07-09 10:30:00,1011.4066666666668
2026-07-09 10:40:00,1011.46
2026-07-09 10:50:00,1011.4200000000001
2026-07-09 11:00:00,1011.4100000000001
2026-07-09 11:10:00,1011.22875
2026-07-09 11:20:00,1011.35
2026-07-09 11:30:00,1011.3000000000001
2026-07-09 11:40:00,1011.01
2026-07-09 11:50:00,1010.79
2026-07-09 12:00:00,1010.6866666666668
2026-07-09 12:10:00,1010.61
2026-07-09 12:20:00,1010.52
2026-07-09 12:30:00,1010.3349999999999
2026-07-09 12:40:00,1010.2433333333333
2026-07-09 12:50:00,1010.24
2026-07-09 13:00:00,1010.14
2026-07-09 13:10:00,1009.825
2026-07-09 13:20:00,1009.9033333333333
2026-07-09 13:30:00,1009.845
2026-07-09 13:40:00,1009.7000000000002
2026-07-09 13:50:00,1009.6850000000001
2026-07-09 14:00:00,1009.5600000000001
2026-07-09 14:10:00,1009.41
2026-07-09 14:20:00,1009.12
2026-07-09 14:30:00,1009.2133333333335
2026-07-09 14:40:00,1009.135
2026-07-09 14:50:00,1009.14
2026-07-09 15:00:00,1009.09
2026-07-09 15:10:00,1009.0799999999999
2026-07-09 15:20:00,1009.12
2026-07-09 15:30:00,1009.14
2026-07-09 15:40:00,1009.33
2026-07-09 15:50:00,1009.61
2026-07-09 16:00:00,1009.795
2026-07-09 16:10:00,1009.8433333333332
2026-07-09 16:20:00,1009.775
2026-07-09 16:30:00,1009.7566666666667
2026-07-09 16:40:00,1009.735
2026-07-09 16:50:00,1010.02
2026-07-09 17:00:00,1010.02
2026-07-09 17:10:00,1009.9533333333334
2026-07-09 17:20:00,1009.95
2026-07-09 17:30:00,1010.2433333333333
2026-07-09 17:40:00,1010.4250000000001
2026-07-09 17:50:00,1010.5799999999999
2026-07-09 18:00:00,1010.64
2026-07-09 18:10:00,1010.8433333333332
2026-07-09 18:20:00,1010.78
2026-07-09 18:30:00,1010.73
2026-07-09 18:40:00,1010.8149999999999
2026-07-09 18:50:00,1010.69
2026-07-09 19:00:00,1010.87
2026-07-09 19:10:00,1011.0566666666667
2026-07-09 19:20:00,1011.06
2026-07-09 19:30:00,1010.8733333333333
2026-07-09 19:40:00,1010.97
2026-07-09 19:50:00,1010.96
2026-07-09 20:00:00,1011.015
2026-07-09 20:10:00,1011.1233333333333
2026-07-09 20:20:00,1011.1500000000001
2026-07-09 20:30:00,1011.0866666666667
2026-07-09 20:40:00,1011.22
2026-07-09 20:50:00,1011.2566666666667
2026-07-09 21:00:00,1011.37
2026-07-09 21:10:00,1011.41
2026-07-09 21:20:00,1011.355
2026-07-09 21:30:00,1011.5200000000001
2026-07-09 21:40:00,1011.73
2026-07-09 21:50:00,1011.6533333333333
2026-07-09 22:00:00,1011.6600000000001
2026-07-09 22:10:00,1011.5433333333334
2026-07-09 22:20:00,1011.44
2026-07-09 23:00:00,1011.1200000000001
2026-07-09 23:10:00,1011.1
2026-07-09 23:20:00,1010.9633333333335
2026-07-09 23:30:00,1010.9200000000001
2026-07-09 23:40:00,1010.7266666666668
2026-07-09 23:50:00,1010.695
2026-07-10 00:00:00,1010.6366666666667
2026-07-10 00:10:00,1010.48
2026-07-10 00:20:00,1010.2533333333334
2026-07-10 00:30:00,1010.125
2026-07-10 00:40:00,1010.1366666666667
2026-07-10 00:50:00,1010.005
2026-07-10 01:00:00,1009.8466666666667
2026-07-10 01:10:00,1009.735
2026-07-10 01:20:00,1009.77
2026-07-10 01:30:00,1009.695
2026-07-10 01:40:00,1009.4800000000001
2026-07-10 01:50:00,1009.4250000000001
2026-07-10 02:00:00,1009.3666666666667
2026-07-10 02:10:00,1009.275
2026-07-10 02:20:00,1009.2466666666666
2026-07-10 02:30:00,1009.23
2026-07-10 02:40:00,1009.2000000000002
2026-07-10 02:50:00,1009.1800000000001
2026-07-10 03:00:00,1009.0766666666667
2026-07-10 03:10:00,1009.075
2026-07-10 03:20:00,1009.32
2026-07-10 03:30:00,1009.58
2026-07-10 03:40:00,1009.7066666666666
2026-07-10 03:50:00,1009.715
2026-07-10 04:00:00,1009.5499999999998
2026-07-10 04:10:00,1009.5849999999999
2026-07-10 04:20:00,1009.3766666666667
2026-07-10 04:30:00,1009.295
2026-07-10 04:40:00,1009.3833333333333
2026-07-10 04:50:00,1009.345
2026-07-10 05:00:00,1009.2466666666666
2026-07-10 05:10:00,1009.23
2026-07-10 05:20:00,1009.3366666666667
2026-07-10 05:30:00,1009.505
2026-07-10 05:40:00,1009.6333333333333
2026-07-10 05:50:00,1009.6850000000001
2026-07-10 06:00:00,1009.8566666666666
2026-07-10 06:10:00,1010.015
2026-07-10 06:20:00,1010.1466666666666
2026-07-10 06:30:00,1010.33
2026-07-10 06:40:00,1010.3866666666667
2026-07-10 06:50:00,1010.39
2026-07-10 07:00:00,1010.4666666666667
2026-07-10 07:10:00,1010.275
2026-07-10 07:20:00,1010.4566666666666
2026-07-10 07:30:00,1010.3950000000001
2026-07-10 07:40:00,1010.54
2026-07-10 07:50:00,1010.5749999999999
2026-07-10 08:00:00,1010.4900000000001
2026-07-10 08:10:00,1010.55
2026-07-10 08:20:00,1010.7033333333333
2026-07-10 08:30:00,1011.035
2026-07-10 08:40:00,1011.5633333333332
2026-07-10 08:50:00,1011.6999999999999
2026-07-10 09:00:00,1011.555
2026-07-10 09:10:00,1011.5466666666667
2026-07-10 09:20:00,1011.36
2026-07-10 09:30:00,1011.3033333333333
2026-07-10 09:40:00,1011.485
2026-07-10 09:50:00,1011.5799999999999
2026-07-10 10:00:00,1011.455
2026-07-10 10:10:00,1011.1366666666667
2026-07-10 10:20:00,1010.975
2026-07-10 10:30:00,1010.94
2026-07-10 10:40:00,1010.8149999999999
2026-07-10 10:50:00,1010.6966666666667
2026-07-10 11:00:00,1010.9
2026-07-10 11:10:00,1010.9233333333335
2026-07-10 11:20:00,1010.8249999999999
2026-07-10 11:30:00,1010.7933333333334
2026-07-10 11:40:00,1010.735
2026-07-10 11:50:00,1010.6133333333333
2026-07-10 12:00:00,1010.64
2026-07-10 12:10:00,1010.7233333333334
2026-07-10 12:20:00,1010.6650000000001
2026-07-10 12:30:00,1010.5499999999998
2026-07-10 12:40:00,1010.505
2026-07-10 12:50:00,1010.3733333333333
2026-07-10 13:00:00,1010.225
2026-07-10 13:10:00,1010.3466666666667
2026-07-10 13:20:00,1010.29
2026-07-10 13:30:00,1010.1300000000001
2026-07-10 13:40:00,1010.045
2026-07-10 13:50:00,1010.0266666666666
2026-07-10 14:00:00,1009.985
2026-07-10 14:10:00,1010.0133333333333
2026-07-10 14:20:00,1009.855
2026-07-10 14:30:00,1009.8166666666666
2026-07-10 14:40:00,1009.77
2026-07-10 14:50:00,1009.5766666666667
2026-07-10 15:00:00,1009.3750000000001
2026-07-10 15:10:00,1009.3399999999998
2026-07-10 15:20:00,1009.37
2026-07-10 15:30:00,1009.19
2026-07-10 15:40:00,1009.045
2026-07-10 15:50:00,1009.1300000000001
2026-07-10 16:00:00,1009.305
2026-07-10 16:10:00,1009.3466666666667
2026-07-10 16:20:00,1009.3
2026-07-10 16:30:00,1009.41
2026-07-10 16:40:00,1009.545
2026-07-10 16:50:00,1009.5300000000001
2026-07-10 17:00:00,1009.51
2026-07-10 17:10:00,1009.64
2026-07-10 17:20:00,1009.8449999999999
2026-07-10 17:30:00,1009.75
2026-07-10 17:40:00,1009.9300000000001
2026-07-10 17:50:00,1010.0566666666667
2026-07-10 18:00:00,1010.1300000000001
2026-07-10 18:10:00,1010.15
2026-07-10 18:20:00,1010.445
2026-07-10 18:30:00,1010.6266666666667
2026-07-10 18:40:00,1010.745
2026-07-10 18:50:00,1010.7566666666667
2026-07-10 19:00:00,1010.95
2026-07-10 19:10:00,1011.1933333333333
2026-07-10 19:20:00,1011.33
2026-07-10 19:30:00,1011.5766666666667
2026-07-10 19:40:00,1011.745
2026-07-10 19:50:00,1011.9100000000002
2026-07-10 20:00:00,1011.9150000000001
2026-07-10 20:10:00,1011.9466666666667
2026-07-10 20:20:00,1011.785
2026-07-10 20:30:00,1011.715
2026-07-10 20:40:00,1011.7666666666668
2026-07-10 20:50:00,1011.705
2026-07-10 21:00:00,1011.7433333333333
2026-07-10 21:10:00,1011.735
2026-07-10 21:20:00,1011.9200000000001
2026-07-10 21:30:00,1011.94
2026-07-10 21:40:00,1012.1133333333333
2026-07-10 21:50:00,1012.13
2026-07-10 22:00:00,1012.1833333333334
2026-07-10 22:10:00,1012.365
2026-07-10 22:20:00,1012.2133333333335
2026-07-10 22:30:00,1012.1650000000001
2026-07-10 22:40:00,1012.0533333333333
2026-07-10 22:50:00,1011.995
2026-07-10 23:00:00,1011.9466666666667
2026-07-10 23:10:00,1011.9050000000001
2026-07-10 23:20:00,1011.8433333333332
2026-07-10 23:30:00,1011.74
2026-07-10 23:40:00,1011.6033333333335
2026-07-10 23:50:00,1011.24
2026-07-11 00:00:00,1011.0433333333334
2026-07-11 00:10:00,1011.12
2026-07-11 00:20:00,1011.18
2026-07-11 00:30:00,1011.09
2026-07-11 00:40:00,1011.0733333333333
2026-07-11 00:50:00,1011.1300000000001
2026-07-11 01:00:00,1011.0200000000001
2026-07-11 01:10:00,1010.88
2026-07-11 01:20:00,1010.7533333333334
2026-07-11 01:30:00,1010.605
2026-07-11 01:40:00,1010.71
2026-07-11 01:50:00,1010.64
2026-07-11 02:00:00,1010.6266666666667
2026-07-11 02:10:00,1010.7
2026-07-11 02:20:00,1010.5466666666667
2026-07-11 02:30:00,1010.3299999999999
2026-07-11 02:40:00,1010.2033333333334
2026-07-11 02:50:00,1010.0949999999999
2026-07-11 03:00:00,1010.0633333333332
2026-07-11 03:10:00,1010.04
2026-07-11 03:20:00,1010.0633333333332
2026-07-11 03:30:00,1010.135
2026-07-11 03:40:00,1010.2166666666667
2026-07-11 03:50:00,1010.195
2026-07-11 04:00:00,1010.2566666666667
2026-07-11 04:10:00,1010.1750000000001
2026-07-11 04:20:00,1010.1633333333334
2026-07-11 04:30:00,1010.1750000000001
2026-07-11 04:40:00,1010.36
2026-07-11 04:50:00,1010.5749999999999
2026-07-11 05:00:00,1010.7766666666666
2026-07-11 05:10:00,1010.9100000000001
2026-07-11 05:20:00,1010.9233333333335
2026-07-11 05:30:00,1011.0899999999999
2026-07-11 05:40:00,1011.1333333333333
2026-07-11 05:50:00,1011.115
2026-07-11 06:00:00,1011.1633333333334
2026-07-11 06:10:00,1011.205
2026-07-11 06:20:00,1011.3266666666667
2026-07-11 06:30:00,1011.445
2026-07-11 06:40:00,1011.4833333333332
2026-07-11 06:50:00,1011.4350000000001
2026-07-11 07:00:00,1011.4466666666667
2026-07-11 07:10:00,1011.56
2026-07-11 07:20:00,1011.6466666666666
2026-07-11 07:30:00,1011.6750000000001
2026-07-11 07:40:00,1011.81
2026-07-11 07:50:00,1011.8900000000001
2026-07-11 08:00:00,1011.95
2026-07-11 08:10:00,1011.9833333333332
2026-07-11 08:20:00,1011.96
2026-07-11 08:30:00,1011.9433333333333
2026-07-11 08:40:00,1011.8549999999999
2026-07-11 08:50:00,1011.8566666666666
2026-07-11 09:00:00,1011.8149999999999
2026-07-11 09:10:00,1011.8800000000001
2026-07-11 09:20:00,1011.97
2026-07-11 09:30:00,1011.9699999999999
2026-07-11 09:40:00,1012.12
2026-07-11 09:50:00,1012.2533333333334
2026-07-11 10:00:00,1012.4050000000001
2026-07-11 10:10:00,1012.4066666666668
2026-07-11 10:20:00,1012.3249999999999
2026-07-11 10:30:00,1012.2400000000001
2026-07-11 10:40:00,1012.1650000000001
2026-07-11 10:50:00,1012.2800000000001
2026-07-11 11:00:00,1012.3800000000001
2026-07-11 11:10:00,1012.3766666666667
2026-07-11 11:20:00,1012.235
2026-07-11 11:30:00,1011.9800000000001
2026-07-11 11:40:00,1011.725
2026-07-11 11:50:00,1011.82
2026-07-11 12:00:00,1011.805
2026-07-11 12:10:00,1011.6166666666667
2026-07-11 12:20:00,1011.52
2026-07-11 12:30:00,1011.3433333333332
2026-07-11 12:40:00,1011.4350000000001
2026-07-11 12:50:00,1011.37
2026-07-11 13:00:00,1011.26
2026-07-11 13:10:00,1011.1033333333334
2026-07-11 13:20:00,1010.9200000000001
2026-07-11 13:30:00,1010.855
2026-07-11 13:40:00,1010.8533333333335
2026-07-11 13:50:00,1010.81
2026-07-11 14:00:00,1010.7533333333334
2026-07-11 14:10:00,1010.7866666666665
2026-07-11 14:20:00,1010.785
2026-07-11 14:30:00,1010.9200000000001
2026-07-11 14:40:00,1010.8199999999999
2026-07-11 14:50:00,1010.7833333333333
2026-07-11 15:00:00,1010.63
2026-07-11 15:10:00,1010.4166666666666
2026-07-11 15:20:00,1010.29
2026-07-11 15:30:00,1010.2766666666666
2026-07-11 16:10:00,1010.25
2026-07-11 16:20:00,1010.265
2026-07-11 16:30:00,1010.2166666666667
2026-07-11 16:40:00,1010.235
2026-07-11 16:50:00,1010.2933333333334
2026-07-11 17:00:00,1010.29
2026-07-11 17:10:00,1010.35
2026-07-11 17:20:00,1010.545
2026-07-11 17:30:00,1010.7133333333335
2026-07-11 17:40:00,1010.8249999999999
2026-07-11 17:50:00,1010.9566666666666
2026-07-11 18:00:00,1011.0799999999999
2026-07-11 18:10:00,1011.1666666666666
2026-07-11 18:20:00,1011.265
2026-07-11 18:30:00,1011.3433333333332
2026-07-11 18:40:00,1011.41
2026-07-11 18:50:00,1011.6333333333333
2026-07-11 19:00:00,1011.8000000000001
2026-07-11 19:10:00,1012.06
2026-07-11 19:20:00,1012.0999999999999
2026-07-11 19:30:00,1012.1600000000002
2026-07-11 19:40:00,1012.1750000000001
2026-07-11 19:50:00,1012.1533333333333
2026-07-11 20:00:00,1012.14
2026-07-11 20:10:00,1012.1066666666666
2026-07-11 20:20:00,1012.1750000000001
2026-07-11 20:30:00,1012.2966666666667
2026-07-11 20:40:00,1012.45
2026-07-11 20:50:00,1012.5466666666666
2026-07-11 21:00:00,1012.5799999999999
2026-07-11 21:10:00,1012.6300000000001
2026-07-11 21:20:00,1012.5699999999999
2026-07-11 21:30:00,1012.6199999999999
2026-07-11 21:40:00,1012.8
2026-07-11 21:50:00,1013.0133333333333
2026-07-11 22:00:00,1013.11
2026-07-11 22:10:00,1013.1366666666667
2026-07-11 22:20:00,1013.1650000000001
2026-07-11 22:30:00,1013.2199999999999
2026-07-11 22:40:00,1013.215
2026-07-11 22:50:00,1013.0099999999999
2026-07-11 23:00:00,1012.81
2026-07-11 23:10:00,1012.7466666666666
2026-07-11 23:20:00,1012.7
2026-07-11 23:30:00,1012.5500000000001
2026-07-11 23:40:00,1012.375
2026-07-11 23:50:00,1012.3349999999999
2026-07-12 00:00:00,1012.27
2026-07-12 00:10:00,1012.245
2026-07-12 00:20:00,1012.1733333333333
2026-07-12 00:30:00,1012.06
2026-07-12 00:40:00,1011.9266666666666
2026-07-12 00:50:00,1011.7
2026-07-12 01:00:00,1011.5333333333333
2026-07-12 01:10:00,1011.4350000000001
2026-07-12 01:20:00,1011.4366666666668
2026-07-12 01:30:00,1011.5
2026-07-12 01:40:00,1011.4066666666668
2026-07-12 01:50:00,1011.3850000000001
2026-07-12 02:00:00,1011.4633333333335
2026-07-12 02:10:00,1011.295
2026-07-12 02:20:00,1011.14
2026-07-12 02:30:00,1011.275
2026-07-12 02:40:00,1011.4166666666666
2026-07-12 02:50:00,1011.52
2026-07-12 03:00:00,1011.4333333333334
2026-07-12 03:10:00,1011.48
2026-07-12 03:20:00,1011.3733333333333
2026-07-12 03:30:00,1011.385
2026-07-12 03:40:00,1011.4100000000002
2026-07-12 03:50:00,1011.555
2026-07-12 04:00:00,1011.4533333333334
2026-07-12 04:10:00,1011.52
2026-07-12 04:20:00,1011.5933333333332
2026-07-12 04:30:00,1011.78
2026-07-12 04:40:00,1011.6633333333333
2026-07-12 04:50:00,1011.6600000000001
2026-07-12 05:00:00,1011.5500000000001
2026-07-12 05:10:00,1011.8100000000001
2026-07-12 05:20:00,1012.0366666666665
2026-07-12 05:30:00,1011.96
2026-07-12 05:40:00,1011.9699999999999
2026-07-12 05:50:00,1011.97
2026-07-12 06:00:00,1012.1066666666666
2026-07-12 06:10:00,1012.22
2026-07-12 06:20:00,1012.2466666666666
2026-07-12 06:30:00,1012.245
2026-07-12 06:40:00,1012.4166666666666
2026-07-12 06:50:00,1012.485
2026-07-12 07:00:00,1012.5466666666666
2026-07-12 07:10:00,1012.5799999999999
2026-07-12 07:20:00,1012.5849999999999
2026-07-12 07:30:00,1012.8033333333333
2026-07-12 07:40:00,1012.94
2026-07-12 07:50:00,1012.9533333333334
2026-07-12 08:00:00,1013.09
2026-07-12 08:10:00,1013.2966666666666
2026-07-12 08:20:00,1013.4350000000001
2026-07-12 08:30:00,1013.5966666666667
2026-07-12 08:40:00,1013.6
2026-07-12 08:50:00,1013.5666666666666
2026-07-12 09:00:00,1013.505
2026-07-12 09:10:00,1013.4466666666667
2026-07-12 09:20:00,1013.3800000000001
2026-07-12 09:30:00,1013.4566666666666
2026-07-12 09:40:00,1013.4350000000001
2026-07-12 09:50:00,1013.3766666666667
2026-07-12 10:00:00,1013.24
2026-07-12 10:10:00,1013.1866666666668
2026-07-12 10:20:00,1013.1300000000001
2026-07-12 10:30:00,1013.1266666666667
2026-07-12 10:40:00,1013.1049999999999
2026-07-12 10:50:00,1013.0166666666668
2026-07-12 11:00:00,1013
2026-07-12 11:10:00,1012.9266666666667
2026-07-12 11:20:00,1012.9100000000001
2026-07-12 11:30:00,1012.8966666666666
2026-07-12 11:40:00,1012.8549999999999
2026-07-12 11:50:00,1012.7466666666666
2026-07-12 12:00:00,1012.6400000000001
2026-07-12 12:10:00,1012.5333333333333
2026-07-12 12:20:00,1012.45
2026-07-12 12:30:00,1012.2833333333333
2026-07-12 12:40:00,1012.305
2026-07-12 12:50:00,1012.2266666666668
2026-07-12 13:00:00,1012.1650000000001
2026-07-12 13:10:00,1012.0533333333333
2026-07-12 13:20:00,1011.9300000000001
2026-07-12 13:30:00,1011.75
2026-07-12 13:40:00,1011.6300000000001
2026-07-12 13:50:00,1011.54
2026-07-12 14:00:00,1011.505
2026-07-12 14:10:00,1011.3766666666667
2026-07-12 14:20:00,1011.255
2026-07-12 14:30:00,1011.1466666666669
2026-07-12 14:40:00,1011.0699999999999
2026-07-12 14:50:00,1011.0766666666665
2026-07-12 15:00:00,1011.0649999999999
2026-07-12 15:10:00,1011.1766666666667
2026-07-12 15:20:00,1011.1850000000001
2026-07-12 15:30:00,1011.2566666666667
2026-07-12 15:40:00,1011.1750000000001
2026-07-12 15:50:00,1011.2766666666666
2026-07-12 16:00:00,1011.535
2026-07-12 16:10:00,1011.5133333333333
2026-07-12 16:20:00,1011.4200000000001
2026-07-12 16:30:00,1011.4100000000002
2026-07-12 16:40:00,1011.52
2026-07-12 16:50:00,1011.5633333333332
2026-07-12 17:00:00,1011.65
2026-07-12 17:10:00,1011.69
2026-07-12 17:20:00,1011.6500000000001
2026-07-12 17:30:00,1011.7233333333334
2026-07-12 17:40:00,1011.96
2026-07-12 17:50:00,1011.9366666666666
2026-07-12 18:00:00,1012.01
2026-07-12 18:10:00,1012.09
2026-07-12 18:20:00,1012.23
2026-07-12 18:30:00,1012.36
2026-07-12 18:40:00,1012.4350000000001
2026-07-12 18:50:00,1012.485
2026-07-12 19:00:00,1012.4666666666667
2026-07-12 19:10:00,1012.49
2026-07-12 19:20:00,1012.6
2026-07-12 19:30:00,1012.6800000000001
2026-07-12 19:40:00,1012.7133333333335
2026-07-12 19:50:00,1012.735
2026-07-12 20:00:00,1012.7966666666666
2026-07-12 20:10:00,1012.9050000000001
2026-07-12 20:20:00,1012.9633333333335
2026-07-12 20:30:00,1013.08
2026-07-12 20:40:00,1013.1700000000001
2026-07-12 20:50:00,1013.29
2026-07-12 21:00:00,1013.4500000000002
2026-07-12 21:10:00,1013.5649999999999
2026-07-12 21:20:00,1013.5733333333333
2026-07-12 21:30:00,1013.76
2026-07-12 21:40:00,1013.89
2026-07-12 21:50:00,1013.95
2026-07-12 22:00:00,1013.9200000000001
2026-07-12 22:10:00,1013.9100000000001
2026-07-12 22:20:00,1013.9466666666667
2026-07-12 22:30:00,1013.9100000000001
2026-07-12 22:40:00,1013.81
2026-07-12 22:50:00,1013.6850000000001
2026-07-12 23:00:00,1013.6366666666667
2026-07-12 23:10:00,1013.515
2026-07-12 23:20:00,1013.4200000000001
2026-07-12 23:30:00,1013.245
2026-07-12 23:40:00,1013.2400000000001
2026-07-12 23:50:00,1013.075
2026-07-13 00:00:00,1012.9500000000002
2026-07-13 00:10:00,1012.785
2026-07-13 00:20:00,1012.7800000000001
2026-07-13 00:30:00,1012.65
2026-07-13 00:40:00,1012.4833333333332
2026-07-13 00:50:00,1012.3149999999999
2026-07-13 01:00:00,1012.2266666666668
2026-07-13 01:10:00,1012.1650000000001
2026-07-13 01:20:00,1012.0866666666667
2026-07-13 01:30:00,1011.9300000000001
2026-07-13 01:40:00,1011.8066666666667
2026-07-13 01:50:00,1011.745
2026-07-13 02:00:00,1011.6233333333333
2026-07-13 02:10:00,1011.48
2026-07-13 02:20:00,1011.2966666666667
2026-07-13 02:30:00,1011.21
2026-07-13 02:40:00,1011.1533333333333
2026-07-13 02:50:00,1011.06
2026-07-13 03:00:00,1010.9533333333334
2026-07-13 03:10:00,1010.9
2026-07-13 03:20:00,1010.8033333333333
2026-07-13 03:30:00,1010.77
2026-07-13 03:40:00,1010.8433333333332
2026-07-13 03:50:00,1010.8800000000001
2026-07-13 04:00:00,1010.9333333333334
2026-07-13 04:10:00,1010.955
2026-07-13 04:20:00,1010.9033333333333
2026-07-13 04:30:00,1010.865
2026-07-13 04:40:00,1010.98
2026-07-13 04:50:00,1011.0899999999999
2026-07-13 05:00:00,1011.1700000000001
2026-07-13 05:10:00,1011.21
2026-07-13 05:20:00,1011.2800000000001
2026-07-13 05:30:00,1011.3399999999999
2026-07-13 05:40:00,1011.4
2026-07-13 05:50:00,1011.475
2026-07-13 06:00:00,1011.6366666666667
2026-07-13 06:10:00,1011.85
2026-07-13 06:20:00,1011.9733333333334
2026-07-13 06:30:00,1012.04
2026-07-13 06:40:00,1012.0333333333333
2026-07-13 06:50:00,1012.05
2026-07-13 07:00:00,1012.03
2026-07-13 07:10:00,1011.96
2026-07-13 07:20:00,1012.095
2026-07-13 07:30:00,1012.1966666666667
2026-07-13 07:40:00,1012.3299999999999
2026-07-13 07:50:00,1012.48
2026-07-13 08:00:00,1012.555
2026-07-13 08:10:00,1012.6633333333334
2026-07-13 08:20:00,1012.76
2026-07-13 08:30:00,1012.81
2026-07-13 08:40:00,1012.86
2026-07-13 08:50:00,1012.9900000000001
2026-07-13 09:00:00,1013.0649999999999
2026-07-13 09:10:00,1013.1633333333334
2026-07-13 09:50:00,1013.01
2026-07-13 10:00:00,1012.945
2026-07-13 10:10:00,1012.8533333333334
2026-07-13 10:20:00,1012.76
2026-07-13 10:30:00,1012.7666666666668
2026-07-13 10:40:00,1012.6350000000001
2026-07-13 10:50:00,1012.6
2026-07-13 11:00:00,1012.53
2026-07-13 11:10:00,1012.4900000000001
2026-07-13 11:20:00,1012.4350000000001
2026-07-13 11:30:00,1012.34
2026-07-13 11:40:00,1012.13
2026-07-13 11:50:00,1012.0066666666667
2026-07-13 12:00:00,1012.015
2026-07-13 12:10:00,1011.9133333333333
2026-07-13 12:20:00,1011.865
2026-07-13 12:30:00,1011.6966666666667
2026-07-13 12:40:00,1011.5899999999999
2026-07-13 12:50:00,1011.5866666666666
2026-07-13 13:00:00,1011.615
2026-07-13 13:10:00,1011.5133333333333
2026-07-13 13:20:00,1011.445
2026-07-13 13:30:00,1011.6433333333334
2026-07-13 13:40:00,1011.7
2026-07-13 13:50:00,1011.7366666666667
2026-07-13 14:00:00,1011.4866666666667
2026-07-13 14:10:00,1011.5500000000001
2026-07-13 14:20:00,1011.535
2026-07-13 14:30:00,1011.3566666666667
2026-07-13 14:40:00,1011.2800000000001
2026-07-13 14:50:00,1011.4333333333334
2026-07-13 15:00:00,1011.1600000000001
2026-07-13 15:10:00,1011.1500000000001
2026-07-13 15:20:00,1010.9150000000001
2026-07-13 15:30:00,1010.9500000000002
2026-07-13 15:40:00,1011.015
2026-07-13 15:50:00,1011.0566666666667
2026-07-13 16:00:00,1011.025
2026-07-13 16:10:00,1011.0966666666667
2026-07-13 16:20:00,1011.16
2026-07-13 16:30:00,1011.1766666666667
2026-07-13 16:40:00,1011.1833333333334
2026-07-13 16:50:00,1011.19
2026-07-13 17:00:00,1011.0933333333332
2026-07-13 17:10:00,1011.1
2026-07-13 17:20:00,1011.06
2026-07-13 17:30:00,1011.0733333333333
2026-07-13 17:40:00,1011.0666666666666
2026-07-13 17:50:00,1011.0433333333334
2026-07-13 18:00:00,1011.1450000000001
2026-07-13 18:10:00,1011.4399999999999
2026-07-13 18:20:00,1011.5899999999999
2026-07-13 18:30:00,1011.8333333333334
2026-07-13 18:40:00,1012
2026-07-13 18:50:00,1012.2199999999999
2026-07-13 19:00:00,1012.3349999999999
2026-07-13 19:10:00,1012.39
2026-07-13 19:20:00,1012.62
2026-07-13 19:30:00,1012.5833333333334
2026-07-13 19:40:00,1012.6049999999999
2026-07-13 19:50:00,1012.6066666666666
2026-07-13 20:00:00,1012.52
2026-07-13 20:10:00,1012.6366666666668
2026-07-13 20:20:00,1012.6750000000001
2026-07-13 20:30:00,1012.7599999999999
2026-07-13 20:40:00,1012.79
2026-07-13 20:50:00,1012.8699999999999
2026-07-13 21:00:00,1012.98
2026-07-13 21:10:00,1012.9733333333334
2026-07-13 21:20:00,1013.055
2026-07-13 21:30:00,1013.0833333333334
2026-07-13 21:40:00,1013.05
2026-07-13 21:50:00,1013.0533333333333
2026-07-13 22:00:00,1012.965
2026-07-13 22:10:00,1012.9633333333335
2026-07-13 22:20:00,1012.9000000000001
2026-07-13 22:30:00,1013.0033333333334
2026-07-13 22:40:00,1012.985
2026-07-13 22:50:00,1013
2026-07-13 23:00:00,1012.86
2026-07-13 23:10:00,1012.8033333333333
2026-07-13 23:20:00,1012.6700000000001
2026-07-13 23:30:00,1012.5966666666667
2026-07-13 23:40:00,1012.495
2026-07-13 23:50:00,1012.36
2026-07-14 00:00:00,1012.295
2026-07-14 00:10:00,1012.1666666666666
2026-07-14 00:20:00,1012.045
2026-07-14 00:30:00,1011.8966666666666
2026-07-14 00:40:00,1011.7
2026-07-14 00:50:00,1011.65
2026-07-14 01:00:00,1011.4966666666666
2026-07-14 01:10:00,1011.35
2026-07-14 01:20:00,1011.1366666666667
2026-07-14 01:30:00,1010.95
2026-07-14 01:40:00,1010.7233333333334
2026-07-14 01:50:00,1010.6500000000001
2026-07-14 02:00:00,1010.5300000000001
2026-07-14 02:10:00,1010.38
2026-07-14 02:20:00,1010.3733333333333
2026-07-14 02:30:00,1010.44
2026-07-14 02:40:00,1010.48
2026-07-14 02:50:00,1010.475
2026-07-14 03:00:00,1010.43
2026-07-14 03:10:00,1010.4150000000001
2026-07-14 03:20:00,1010.4433333333333
2026-07-14 03:30:00,1010.48
2026-07-14 03:40:00,1010.4500000000002
2026-07-14 03:50:00,1010.4050000000001
2026-07-14 04:00:00,1010.3966666666669
2026-07-14 04:10:00,1010.475
2026-07-14 04:20:00,1010.5666666666666
2026-07-14 04:30:00,1010.5799999999999
2026-07-14 04:40:00,1010.7000000000002
2026-07-14 04:50:00,1010.74
2026-07-14 05:00:00,1010.7633333333333
2026-07-14 05:10:00,1010.72
2026-07-14 05:20:00,1010.7999999999998
2026-07-14 05:30:00,1010.8199999999999
2026-07-14 05:40:00,1010.8666666666668
2026-07-14 05:50:00,1010.975
2026-07-14 06:00:00,1010.9900000000001
2026-07-14 06:10:00,1011.0699999999999
2026-07-14 06:20:00,1011.1300000000001
2026-07-14 06:30:00,1011.1700000000001
2026-07-14 06:40:00,1011.2866666666665
2026-07-14 06:50:00,1011.275
2026-07-14 07:00:00,1011.3166666666666
2026-07-14 07:10:00,1011.4050000000001
2026-07-14 07:20:00,1011.4033333333333
2026-07-14 07:30:00,1011.465
2026-07-14 07:40:00,1011.65
2026-07-14 07:50:00,1011.62
2026-07-14 08:00:00,1011.6866666666668
2026-07-14 08:10:00,1011.6800000000001
2026-07-14 08:20:00,1011.6466666666669
2026-07-14 08:30:00,1011.6850000000001
2026-07-14 08:40:00,1011.7533333333334
2026-07-14 08:50:00,1011.795
2026-07-14 09:00:00,1011.8166666666666
2026-07-14 09:10:00,1011.84
2026-07-14 09:20:00,1011.8333333333334
2026-07-14 09:30:00,1011.795
2026-07-14 09:40:00,1011.75
2026-07-14 09:50:00,1011.725
2026-07-14 10:00:00,1011.7033333333334
2026-07-14 10:10:00,1011.705
2026-07-14 10:20:00,1011.7800000000001
2026-07-14 10:30:00,1011.76
2026-07-14 10:40:00,1011.7233333333334
2026-07-14 10:50:00,1011.845
2026-07-14 11:30:00,1011.74
2026-07-14 11:40:00,1011.63
2026-07-14 11:50:00,1011.4733333333334
2026-07-14 12:00:00,1011.34
2026-07-14 12:10:00,1011.3533333333334
2026-07-14 12:20:00,1011.3149999999999
2026-07-14 12:30:00,1011.18
2026-07-14 12:40:00,1011.1400000000001
2026-07-14 12:50:00,1011.0899999999998
2026-07-14 13:00:00,1010.85
2026-07-14 13:10:00,1010.6733333333335
2026-07-14 13:20:00,1010.695
2026-07-14 13:30:00,1010.6933333333333
2026-07-14 13:40:00,1010.515
2026-07-14 13:50:00,1010.3933333333333
2026-07-14 14:00:00,1010.3
2026-07-14 14:10:00,1010.1566666666668
2026-07-14 14:20:00,1010.0899999999999
2026-07-14 14:30:00,1010.0933333333332
2026-07-14 14:40:00,1009.9749999999999
2026-07-14 14:50:00,1009.8066666666667
2026-07-14 15:00:00,1009.73
2026-07-14 15:10:00,1009.6466666666666
2026-07-14 15:20:00,1009.615
2026-07-14 15:30:00,1009.6466666666666
2026-07-14 15:40:00,1009.605
2026-07-14 15:50:00,1009.5466666666667
2026-07-14 16:00:00,1009.6650000000001
2026-07-14 16:10:00,1009.5733333333333
2026-07-14 16:20:00,1009.54
2026-07-14 16:30:00,1009.7266666666668
2026-07-14 16:40:00,1009.8199999999999
2026-07-14 16:50:00,1009.82
2026-07-14 17:00:00,1009.805
2026-07-14 17:10:00,1009.8866666666667
2026-07-14 17:20:00,1010.1400000000001
2026-07-14 17:30:00,1010.0866666666667
2026-07-14 17:40:00,1010.1500000000001
2026-07-14 17:50:00,1010.2733333333332
2026-07-14 18:00:00,1010.4000000000001
2026-07-14 18:10:00,1010.5133333333333
2026-07-14 18:20:00,1010.545
2026-07-14 18:30:00,1010.6899999999999
2026-07-14 18:40:00,1010.795
2026-07-14 18:50:00,1010.8933333333334
2026-07-14 19:00:00,1010.95
2026-07-14 19:10:00,1011.0333333333333
2026-07-14 19:20:00,1011.1550000000001
2026-07-14 19:30:00,1011.2400000000001
2026-07-14 19:40:00,1011.3149999999999
2026-07-14 19:50:00,1011.4033333333333
2026-07-14 20:00:00,1011.4200000000001
2026-07-14 20:10:00,1011.5533333333333
2026-07-14 20:20:00,1011.6650000000001
2026-07-14 20:30:00,1011.6450000000001
2026-07-14 20:40:00,1011.6500000000001
2026-07-14 20:50:00,1011.775
2026-07-14 21:00:00,1011.8833333333333
2026-07-14 21:10:00,1011.94
2026-07-14 21:20:00,1012.0633333333332
2026-07-14 21:30:00,1012.02
2026-07-14 21:40:00,1012.0833333333334
2026-07-14 21:50:00,1012.1650000000001
2026-07-14 22:00:00,1012.2966666666666
2026-07-14 22:10:00,1012.265
2026-07-14 22:20:00,1012.2766666666666
2026-07-14 22:30:00,1012.4000000000001
2026-07-14 22:40:00,1012.3766666666667
2026-07-14 22:50:00,1012.1850000000001
2026-07-14 23:00:00,1012.0866666666666
2026-07-14 23:10:00,1012.035
2026-07-14 23:20:00,1011.9933333333333
2026-07-14 23:30:00,1011.98
2026-07-14 23:40:00,1011.7599999999999
2026-07-14 23:50:00,1011.6049999999999
2026-07-15 00:00:00,1011.5266666666666
2026-07-15 00:10:00,1011.355
2026-07-15 00:20:00,1011.1166666666667
2026-07-15 00:30:00,1011.015
2026-07-15 00:40:00,1010.9066666666668
2026-07-15 00:50:00,1010.86
2026-07-15 01:00:00,1010.8066666666667
2026-07-15 01:10:00,1010.645
2026-07-15 01:20:00,1010.4933333333333
2026-07-15 01:30:00,1010.4300000000001
2026-07-15 01:40:00,1010.4466666666667
2026-07-15 01:50:00,1010.4250000000001
2026-07-15 02:00:00,1010.4066666666668
2026-07-15 02:10:00,1010.275
2026-07-15 02:20:00,1010.1566666666668
2026-07-15 02:30:00,1010.11
2026-07-15 02:40:00,1010.0799999999999
2026-07-15 02:50:00,1010.0699999999999
2026-07-15 03:00:00,1009.9200000000001
2026-07-15 03:10:00,1009.8199999999999
2026-07-15 03:20:00,1009.8066666666667
2026-07-15 03:30:00,1009.75
2026-07-15 03:40:00,1009.73
2026-07-15 03:50:00,1009.87
2026-07-15 04:00:00,1010.0766666666667
2026-07-15 04:10:00,1010.005
2026-07-15 04:20:00,1009.9500000000002
2026-07-15 04:30:00,1009.9000000000001
2026-07-15 04:40:00,1009.96
2026-07-15 04:50:00,1009.975
2026-07-15 05:00:00,1010.1300000000001
2026-07-15 05:10:00,1010.1850000000001
2026-07-15 05:20:00,1010.1600000000002
2026-07-15 05:30:00,1010.19
2026-07-15 05:40:00,1010.3066666666667
2026-07-15 05:50:00,1010.4000000000001
2026-07-15 06:00:00,1010.5066666666667
2026-07-15 06:10:00,1010.605
2026-07-15 06:20:00,1010.6666666666666
2026-07-15 06:30:00,1010.74
2026-07-15 06:40:00,1010.7433333333333
2026-07-15 06:50:00,1010.69
2026-07-15 07:00:00,1010.6966666666667
2026-07-15 07:10:00,1010.8499999999999
2026-07-15 07:20:00,1010.9166666666666
2026-07-15 07:30:00,1011.015
2026-07-15 07:40:00,1011.0433333333334
2026-07-15 07:50:00,1011.1400000000001
2026-07-15 08:00:00,1011.1233333333333
2026-07-15 08:10:00,1011.21
2026-07-15 08:20:00,1011.3066666666667
2026-07-15 08:30:00,1011.29
2026-07-15 08:40:00,1011.3249999999999
2026-07-15 08:50:00,1011.4033333333333
2026-07-15 09:00:00,1011.3299999999999
2026-07-15 09:10:00,1011.43
2026-07-15 09:20:00,1011.455
2026-07-15 09:30:00,1011.3266666666667
2026-07-15 09:40:00,1011.3199999999999
2026-07-15 09:50:00,1011.2566666666667
2026-07-15 10:00:00,1011.2
2026-07-15 10:10:00,1011.2199999999999
2026-07-15 10:20:00,1011.3
2026-07-15 10:30:00,1011.32
2026-07-15 10:40:00,1011.275
2026-07-15 10:50:00,1011.2433333333333
2026-07-15 11:00:00,1011.2
2026-07-15 11:10:00,1011.2333333333332
2026-07-15 11:20:00,1011.3299999999999
2026-07-15 11:30:00,1011.1833333333334
2026-07-15 11:40:00,1011.22
2026-07-15 11:50:00,1011.0200000000001
2026-07-15 12:00:00,1010.98
2026-07-15 12:10:00,1010.7566666666667
2026-07-15 12:20:00,1010.5699999999999
2026-07-15 12:30:00,1010.4433333333333
2026-07-15 12:40:00,1010.4050000000001
2026-07-15 12:50:00,1010.3400000000001
2026-07-15 13:00:00,1010.1400000000001
2026-07-15 13:10:00,1010.0266666666666
2026-07-15 13:20:00,1009.855
2026-07-15 13:30:00,1009.8266666666665
2026-07-15 13:40:00,1009.81
2026-07-15 13:50:00,1009.6966666666667
2026-07-15 14:00:00,1009.49
2026-07-15 14:10:00,1009.4566666666666
2026-07-15 14:20:00,1009.5699999999999
2026-07-15 14:30:00,1009.5799999999999
2026-07-15 14:40:00,1009.495
2026-07-15 14:50:00,1009.4200000000001
2026-07-15 15:00:00,1009.6800000000001
2026-07-15 15:10:00,1009.5300000000001
2026-07-15 15:20:00,1009.69
2026-07-15 15:30:00,1009.6475
2026-07-15 15:40:00,1009.695
2026-07-15 15:50:00,1009.4
2026-07-15 16:00:00,1009.34
2026-07-15 16:10:00,1009.2566666666667
2026-07-15 16:20:00,1009.0849999999999
2026-07-15 16:30:00,1009.3166666666666
2026-07-15 16:40:00,1009.375
2026-07-15 16:50:00,1009.4366666666668
2026-07-15 17:00:00,1009.485
2026-07-15 17:10:00,1009.3800000000001
2026-07-15 17:20:00,1009.225
2026-07-15 17:30:00,1009.2366666666667
2026-07-15 17:40:00,1009.37
2026-07-15 17:50:00,1009.4350000000001
2026-07-15 18:00:00,1009.39
2026-07-15 18:10:00,1009.26
2026-07-15 18:20:00,1009.2800000000001
2026-07-15 18:30:00,1009.255
2026-07-15 18:40:00,1009.3433333333332
2026-07-15 18:50:00,1009.445
2026-07-15 19:00:00,1009.6
2026-07-15 19:10:00,1009.76
2026-07-15 19:20:00,1009.9466666666667
2026-07-15 19:30:00,1009.9050000000001
2026-07-15 19:40:00,1010.1033333333335
2026-07-15 19:50:00,1010.225
2026-07-15 20:00:00,1010.3166666666666
2026-07-15 20:10:00,1010.375
2026-07-15 20:20:00,1010.3800000000001
2026-07-15 20:30:00,1010.38
2026-07-15 20:40:00,1010.4000000000001
2026-07-15 20:50:00,1010.35
2026-07-15 21:00:00,1010.4166666666666
2026-07-15 21:10:00,1010.555
2026-07-15 21:20:00,1010.7533333333334
2026-07-15 21:30:00,1010.85
2026-07-15 21:40:00,1010.9966666666666
2026-07-15 21:50:00,1010.99
2026-07-15 22:00:00,1010.9533333333334
2026-07-15 22:10:00,1010.8199999999999
2026-07-15 22:20:00,1010.69
2026-07-15 22:30:00,1010.745
2026-07-15 22:40:00,1010.8333333333334
2026-07-15 22:50:00,1010.9100000000001
2026-07-15 23:00:00,1011.0533333333333
2026-07-15 23:10:00,1011.0699999999999
2026-07-15 23:20:00,1011.0866666666667
2026-07-15 23:30:00,1011.04
2026-07-15 23:40:00,1010.8866666666667
2026-07-15 23:50:00,1010.8399999999999
2026-07-16 00:00:00,1010.8299999999999
2026-07-16 00:10:00,1010.78
2026-07-16 00:20:00,1010.66
2026-07-16 00:30:00,1010.45
2026-07-16 00:40:00,1010.3766666666667
2026-07-16 00:50:00,1010.365
2026-07-16 01:00:00,1010.3766666666667
2026-07-16 01:10:00,1010.36
2026-07-16 01:20:00,1010.2433333333333
2026-07-16 01:30:00,1010.25
2026-07-16 01:40:00,1010.1333333333333
2026-07-16 01:50:00,1010.05
2026-07-16 02:00:00,1010.0466666666666
2026-07-16 02:10:00,1009.88
2026-07-16 02:20:00,1009.7133333333335
2026-07-16 02:30:00,1009.6450000000001
2026-07-16 02:40:00,1009.7066666666666
2026-07-16 02:50:00,1009.73
2026-07-16 03:00:00,1009.6600000000002
2026-07-16 03:10:00,1009.6500000000001
2026-07-16 03:20:00,1009.6500000000001
2026-07-16 03:30:00,1009.6650000000001
2026-07-16 03:40:00,1009.7566666666667
2026-07-16 03:50:00,1009.735
2026-07-16 04:00:00,1009.8299999999999
2026-07-16 04:10:00,1009.8349999999999
2026-07-16 04:20:00,1009.77
2026-07-16 04:30:00,1009.765
2026-07-16 04:40:00,1009.9466666666667
2026-07-16 04:50:00,1009.94
2026-07-16 05:00:00,1009.7866666666667
2026-07-16 05:10:00,1009.65
2026-07-16 05:20:00,1009.76
2026-07-16 05:30:00,1009.9033333333333
2026-07-16 05:40:00,1009.94
2026-07-16 05:50:00,1009.9933333333333
2026-07-16 06:00:00,1010.11
2026-07-16 06:10:00,1010.2233333333334
2026-07-16 06:20:00,1010.3
2026-07-16 06:30:00,1010.4533333333334
2026-07-16 06:40:00,1010.355
2026-07-16 06:50:00,1010.3466666666667
2026-07-16 07:00:00,1010.52
2026-07-16 07:10:00,1010.7166666666667
2026-07-16 07:20:00,1010.88
2026-07-16 07:30:00,1010.9833333333332
2026-07-16 07:40:00,1011.11
2026-07-16 07:50:00,1011.0233333333332
2026-07-16 08:00:00,1011.115
2026-07-16 08:10:00,1011.07
2026-07-16 08:20:00,1011.015
2026-07-16 08:30:00,1011.11
2026-07-16 08:40:00,1011.215
2026-07-16 08:50:00,1011.2000000000002
2026-07-16 09:00:00,1011.26
2026-07-16 09:10:00,1011.2333333333332
2026-07-16 09:20:00,1011.28
2026-07-16 09:30:00,1011.1700000000001
2026-07-16 09:40:00,1011.3149999999999
2026-07-16 09:50:00,1011.35
2026-07-16 10:00:00,1011.27
2026-07-16 10:10:00,1011.1633333333334
2026-07-16 10:20:00,1011.1550000000001
2026-07-16 10:30:00,1011.1933333333333
2026-07-16 10:40:00,1011.275
2026-07-16 10:50:00,1011.1533333333333
2026-07-16 11:00:00,1010.96
2026-07-16 11:10:00,1010.8733333333333
2026-07-16 11:20:00,1010.78
2026-07-16 11:30:00,1010.775
2026-07-16 11:40:00,1010.82
2026-07-16 11:50:00,1010.6766666666666
2026-07-16 12:00:00,1010.8149999999999
2026-07-16 12:10:00,1010.7466666666666
2026-07-16 12:20:00,1010.81
2026-07-16 12:30:00,1010.6933333333333
2026-07-16 12:40:00,1010.71
2026-07-16 12:50:00,1010.7066666666666
2026-07-16 13:00:00,1010.545
2026-07-16 13:10:00,1010.4533333333333
2026-07-16 13:20:00,1010.26
2026-07-16 13:30:00,1010.1766666666667
2026-07-16 13:40:00,1010
2026-07-16 13:50:00,1010.0066666666668
2026-07-16 14:00:00,1009.76
2026-07-16 14:10:00,1009.75
2026-07-16 14:20:00,1009.705
2026-07-16 14:30:00,1009.5633333333334
2026-07-16 14:40:00,1009.445
2026-07-16 14:50:00,1009.5766666666667
2026-07-16 15:00:00,1009.555
2026-07-16 15:10:00,1009.43
2026-07-16 15:20:00,1009.3850000000001
2026-07-16 15:30:00,1009.4733333333334
2026-07-16 15:40:00,1009.3750000000001
2026-07-16 15:50:00,1009.4
2026-07-16 16:00:00,1009.36
2026-07-16 16:10:00,1009.3766666666667
2026-07-16 16:20:00,1009.48
2026-07-16 16:30:00,1009.4533333333334
2026-07-16 16:40:00,1009.5849999999999
2026-07-16 16:50:00,1009.7199999999999
2026-07-16 17:00:00,1009.98
2026-07-16 17:10:00,1010.1066666666666
2026-07-16 17:20:00,1010.1500000000001
2026-07-16 17:30:00,1010.0799999999999
2026-07-16 17:40:00,1010.05
2026-07-16 17:50:00,1009.7433333333333
2026-07-16 18:00:00,1009.905
2026-07-16 18:10:00,1010.14
2026-07-16 18:20:00,1010.62
2026-07-16 18:30:00,1010.8866666666667
2026-07-16 18:40:00,1010.975
2026-07-16 18:50:00,1011.0633333333332
2026-07-16 19:00:00,1011.255
2026-07-16 19:10:00,1011.31
2026-07-16 19:20:00,1011.21
2026-07-16 19:30:00,1011.19
2026-07-16 19:40:00,1011.515
2026-07-16 19:50:00,1011.5266666666666
2026-07-16 20:00:00,1011.58
2026-07-16 20:10:00,1011.46
2026-07-16 20:20:00,1011.2800000000001
2026-07-16 20:30:00,1011.365
2026-07-16 20:40:00,1011.5300000000001
2026-07-16 20:50:00,1011.725
2026-07-16 21:00:00,1011.7833333333333
2026-07-16 21:10:00,1011.88
2026-07-16 21:20:00,1011.7666666666668
2026-07-16 21:30:00,1011.705
2026-07-16 21:40:00,1011.6066666666666
2026-07-16 21:50:00,1011.615
2026-07-16 22:00:00,1011.73
2026-07-16 22:10:00,1011.8149999999999
2026-07-16 22:20:00,1011.9933333333333
2026-07-16 22:30:00,1011.965
2026-07-16 22:40:00,1011.9533333333334
2026-07-16 22:50:00,1011.9100000000001
2026-07-16 23:00:00,1011.9900000000001
2026-07-16 23:10:00,1011.99
2026-07-16 23:20:00,1011.9766666666668
2026-07-16 23:30:00,1011.905
2026-07-16 23:40:00,1011.79
2026-07-16 23:50:00,1011.61
2026-07-17 00:00:00,1011.4533333333334
2026-07-17 00:10:00,1011.225
2026-07-17 00:20:00,1011.2000000000002
2026-07-17 00:30:00,1011.235
2026-07-17 00:40:00,1011.1
2026-07-17 00:50:00,1011.005
2026-07-17 01:00:00,1010.7733333333334
2026-07-17 01:10:00,1010.6450000000001
2026-07-17 01:20:00,1010.6199999999999
2026-07-17 01:30:00,1010.5799999999999
2026-07-17 01:40:00,1010.48
2026-07-17 01:50:00,1010.455
2026-07-17 02:00:00,1010.3733333333333
2026-07-17 02:10:00,1010.5849999999999
2026-07-17 02:20:00,1010.6633333333333
2026-07-17 02:30:00,1010.52
2026-07-17 02:40:00,1010.4833333333332
2026-07-17 02:50:00,1010.44
2026-07-17 03:00:00,1010.2599999999999
2026-07-17 03:10:00,1010.1800000000001
2026-07-17 03:20:00,1010.1999999999999
2026-07-17 03:30:00,1010.215
2026-07-17 03:40:00,1010.2599999999999
2026-07-17 03:50:00,1010.4350000000001
2026-07-17 04:00:00,1010.18
2026-07-17 04:10:00,1010.215
2026-07-17 04:20:00,1010.2133333333335
2026-07-17 04:30:00,1009.985
2026-07-17 04:40:00,1010
2026-07-17 04:50:00,1009.865
2026-07-17 05:00:00,1009.88
2026-07-17 05:10:00,1009.965
2026-07-17 05:20:00,1010.0233333333332
2026-07-17 05:30:00,1010.035
2026-07-17 05:40:00,1010.11
2026-07-17 05:50:00,1010.0649999999999
2026-07-17 06:00:00,1010
2026-07-17 06:10:00,1010.08
2026-07-17 06:20:00,1010.3833333333333
2026-07-17 06:30:00,1010.655
2026-07-17 06:40:00,1010.6966666666667
2026-07-17 06:50:00,1010.8199999999999
2026-07-17 07:00:00,1010.8133333333334
2026-07-17 07:10:00,1010.72
2026-07-17 07:20:00,1010.87
2026-07-17 07:30:00,1010.975
2026-07-17 07:40:00,1011
2026-07-17 07:50:00,1011.12
2026-07-17 08:00:00,1011.25
2026-07-17 08:10:00,1011.35
2026-07-17 08:20:00,1011.4350000000001
2026-07-17 08:30:00,1011.6199999999999
2026-07-17 08:40:00,1011.635
2026-07-17 08:50:00,1011.7599999999999
2026-07-17 09:00:00,1011.765
2026-07-17 09:10:00,1011.82
2026-07-17 09:20:00,1011.795
2026-07-17 09:30:00,1011.7066666666666
2026-07-17 09:40:00,1011.71
2026-07-17 09:50:00,1011.7966666666666
2026-07-17 10:00:00,1011.875
2026-07-17 10:10:00,1011.8666666666668
2026-07-17 10:20:00,1011.8199999999999
2026-07-17 10:30:00,1011.8733333333333
2026-07-17 10:40:00,1011.745
2026-07-17 10:50:00,1011.7199999999999
2026-07-17 11:00:00,1011.78
2026-07-17 11:10:00,1011.7033333333334
2026-07-17 11:20:00,1011.6850000000001
2026-07-17 11:30:00,1011.5733333333334
2026-07-17 11:40:00,1011.455
2026-07-17 11:50:00,1011.4233333333333
2026-07-17 12:00:00,1011.45
2026-07-17 12:10:00,1011.3933333333334
2026-07-17 12:20:00,1011.3
2026-07-17 12:30:00,1011.29
2026-07-17 12:40:00,1011.0849999999999
2026-07-17 12:50:00,1011.058
2026-07-17 13:00:00,1010.98
2026-07-17 13:10:00,1011.0133333333333
2026-07-17 13:20:00,1010.9266666666667
2026-07-17 13:30:00,1010.9050000000001
2026-07-17 13:40:00,1010.98
2026-07-17 13:50:00,1010.755
2026-07-17 14:00:00,1010.5866666666667
2026-07-17 14:10:00,1010.47
2026-07-17 14:20:00,1010.4733333333334
2026-07-17 14:30:00,1010.3149999999999
2026-07-17 14:40:00,1010.4399999999999
2026-07-17 14:50:00,1010.44
2026-07-17 15:00:00,1010.3333333333334
2026-07-17 15:10:00,1010.19
2026-07-17 15:20:00,1010.3333333333334
2026-07-17 15:30:00,1010.54
2026-07-17 15:40:00,1010.6033333333335
2026-07-17 15:50:00,1010.665
2026-07-17 16:00:00,1010.745
2026-07-17 16:10:00,1010.6933333333333
2026-07-17 16:20:00,1010.485
2026-07-17 16:30:00,1010.57
2026-07-17 16:40:00,1010.78
2026-07-17 16:50:00,1010.7933333333334
2026-07-17 17:00:00,1010.73
2026-07-17 17:10:00,1010.8833333333332
2026-07-17 17:20:00,1011.015
2026-07-17 17:30:00,1011.1966666666667
2026-07-17 17:40:00,1011.675
2026-07-17 17:50:00,1011.7800000000001
2026-07-17 18:00:00,1011.615
2026-07-17 18:10:00,1011.5300000000001
2026-07-17 18:20:00,1011.375
2026-07-17 18:30:00,1011.4533333333334
2026-07-17 18:40:00,1011.61
2026-07-17 18:50:00,1011.8833333333333
2026-07-17 19:00:00,1011.795
2026-07-17 19:10:00,1011.7433333333333
2026-07-17 19:20:00,1011.6550000000001
2026-07-17 19:30:00,1011.8133333333334
2026-07-17 19:40:00,1012.0699999999999
2026-07-17 19:50:00,1012.2866666666665
2026-07-17 20:00:00,1012.4150000000001
2026-07-17 20:10:00,1012.5
2026-07-17 20:20:00,1012.525
2026-07-17 20:30:00,1012.6433333333334
2026-07-17 20:40:00,1012.64
2026-07-17 20:50:00,1012.6433333333334
2026-07-17 21:00:00,1012.6400000000001
2026-07-17 21:10:00,1012.6633333333334
2026-07-17 21:20:00,1012.78
2026-07-17 21:30:00,1012.7433333333333
2026-07-17 21:40:00,1012.69
2026-07-17 21:50:00,1012.6
2026-07-17 22:00:00,1012.64
2026-07-17 22:10:00,1012.6133333333333
2026-07-17 22:20:00,1012.6049999999999
2026-07-17 22:30:00,1012.5766666666667
2026-07-17 22:40:00,1012.535
2026-07-17 22:50:00,1012.3299999999999
2026-07-17 23:00:00,1012.265
2026-07-17 23:10:00,1012.4033333333333
2026-07-17 23:20:00,1012.3750000000001
2026-07-17 23:30:00,1012.3433333333332
2026-07-17 23:40:00,1012.22
2026-07-17 23:50:00,1012.0633333333332
2026-07-18 00:00:00,1011.955
2026-07-18 00:10:00,1011.6899999999999
2026-07-18 00:20:00,1011.49
2026-07-18 00:30:00,1011.6600000000002
2026-07-18 00:40:00,1011.6350000000001
2026-07-18 00:50:00,1011.5266666666666
2026-07-18 01:00:00,1011.46
2026-07-18 01:10:00,1011.3800000000001
2026-07-18 01:20:00,1011.39
2026-07-18 01:30:00,1011.3066666666667
2026-07-18 01:40:00,1011.23
2026-07-18 01:50:00,1011.19
2026-07-18 02:00:00,1011.0300000000001
2026-07-18 02:10:00,1010.8233333333334
2026-07-18 02:20:00,1010.805
2026-07-18 02:30:00,1010.8000000000001
2026-07-18 02:40:00,1010.5649999999999
2026-07-18 02:50:00,1010.5466666666666
2026-07-18 03:00:00,1010.605
2026-07-18 03:10:00,1010.7833333333333
2026-07-18 03:20:00,1010.865
2026-07-18 03:30:00,1010.96
2026-07-18 03:40:00,1010.98
2026-07-18 03:50:00,1010.9
2026-07-18 04:00:00,1010.9500000000002
2026-07-18 04:10:00,1010.995
2026-07-18 04:20:00,1011.0633333333334
2026-07-18 04:30:00,1011.105
2026-07-18 04:40:00,1010.9900000000001
2026-07-18 04:50:00,1010.87
2026-07-18 05:00:00,1010.8766666666667
2026-07-18 05:10:00,1010.5600000000001
2026-07-18 05:20:00,1010.6333333333333
2026-07-18 05:30:00,1010.8299999999999
2026-07-18 05:40:00,1010.79
2026-07-18 05:50:00,1011
2026-07-18 06:00:00,1011.0833333333334
2026-07-18 06:10:00,1011.1400000000001
2026-07-18 06:20:00,1011.2066666666666
2026-07-18 06:30:00,1011.3349999999999
2026-07-18 06:40:00,1011.3299999999999
2026-07-18 06:50:00,1011.395
2026-07-18 07:00:00,1011.5966666666667
2026-07-18 07:10:00,1011.605
2026-07-18 07:20:00,1011.5066666666667
2026-07-18 07:30:00,1011.6
2026-07-18 07:40:00,1011.89
2026-07-18 07:50:00,1011.945
2026-07-18 08:00:00,1012.0566666666667
2026-07-18 08:10:00,1012.285
2026-07-18 08:20:00,1012.3566666666666
2026-07-18 08:30:00,1012.4
2026-07-18 08:40:00,1012.4766666666668
2026-07-18 08:50:00,1012.505
2026-07-18 09:00:00,1012.3800000000001
2026-07-18 09:10:00,1012.2
2026-07-18 09:20:00,1012.2000000000002
2026-07-18 09:30:00,1012.265
2026-07-18 09:40:00,1012.23
2026-07-18 09:50:00,1012.235
2026-07-18 10:00:00,1012.23
2026-07-18 10:10:00,1012.215
2026-07-18 10:20:00,1012.25
2026-07-18 10:30:00,1012.3149999999999
2026-07-18 10:40:00,1012.2133333333335
2026-07-18 10:50:00,1012.265
2026-07-18 11:00:00,1012.1666666666666
2026-07-18 11:10:00,1012.14
2026-07-18 11:20:00,1011.9033333333333
2026-07-18 11:30:00,1011.8100000000001
2026-07-18 11:40:00,1011.895
2026-07-18 11:50:00,1011.7766666666666
2026-07-18 12:00:00,1011.9200000000001
2026-07-18 12:10:00,1011.68
2026-07-18 12:20:00,1011.735
2026-07-18 12:30:00,1011.9
2026-07-18 12:40:00,1011.86
2026-07-18 12:50:00,1011.8566666666666
2026-07-18 13:00:00,1011.72
2026-07-18 13:10:00,1011.5600000000001
2026-07-18 13:20:00,1011.43
2026-07-18 13:30:00,1011.3466666666667
2026-07-18 13:40:00,1011.11
2026-07-18 13:50:00,1011.0166666666668
2026-07-18 14:00:00,1010.94
2026-07-18 14:10:00,1010.68
2026-07-18 14:20:00,1010.615
2026-07-18 14:30:00,1010.6633333333333
2026-07-18 14:40:00,1010.4050000000001
2026-07-18 14:50:00,1010.3433333333332
2026-07-18 15:00:00,1010.37
2026-07-18 15:10:00,1010.1333333333333
2026-07-18 15:20:00,1010.37
2026-07-18 15:30:00,1010.3933333333334
2026-07-18 15:40:00,1010.3900000000001
2026-07-18 15:50:00,1010.5733333333334
2026-07-18 16:00:00,1010.515
2026-07-18 16:10:00,1010.4766666666668
2026-07-18 16:20:00,1010.545
2026-07-18 16:30:00,1010.4833333333332
2026-07-18 16:40:00,1010.465
2026-07-18 16:50:00,1010.59
2026-07-18 17:00:00,1010.585
2026-07-18 17:10:00,1010.5833333333334
2026-07-18 17:20:00,1010.705
2026-07-18 17:30:00,1010.9499999999999
2026-07-18 17:40:00,1011.1350000000001
2026-07-18 17:50:00,1011.1466666666666
2026-07-18 18:00:00,1011.4399999999999
2026-07-18 18:10:00,1011.57
2026-07-18 18:20:00,1011.87
2026-07-18 18:30:00,1011.955
2026-07-18 18:40:00,1011.8266666666667
2026-07-18 18:50:00,1011.665
2026-07-18 19:00:00,1011.68
2026-07-18 19:10:00,1011.7900000000001
2026-07-18 19:20:00,1012.1233333333333
2026-07-18 19:30:00,1012.19
2026-07-18 19:40:00,1012.3766666666667
2026-07-18 19:50:00,1012.515
2026-07-18 20:00:00,1012.2866666666665
2026-07-18 20:10:00,1012.105
2026-07-18 20:20:00,1012.0633333333334
2026-07-18 20:30:00,1012.03
2026-07-18 20:40:00,1012.0233333333332
2026-07-18 20:50:00,1011.99
2026-07-18 21:00:00,1011.8966666666666
2026-07-18 21:10:00,1012.115
2026-07-18 21:20:00,1012.23
2026-07-18 21:30:00,1012.755
2026-07-18 21:40:00,1012.87
2026-07-18 21:50:00,1012.455
2026-07-18 22:00:00,1012.3166666666666
2026-07-18 22:10:00,1012.0899999999999
2026-07-18 22:20:00,1012.1700000000001
2026-07-18 22:30:00,1012.3399999999999
2026-07-18 22:40:00,1012.2400000000001
2026-07-18 22:50:00,1012.35
2026-07-18 23:00:00,1012.4233333333335
2026-07-18 23:10:00,1012.455
2026-07-18 23:20:00,1012.5466666666666
2026-07-18 23:30:00,1012.5649999999999
2026-07-18 23:40:00,1012.4333333333334
2026-07-18 23:50:00,1012.4100000000001
2026-07-19 00:00:00,1012.1133333333333
2026-07-19 00:10:00,1011.76
2026-07-19 00:20:00,1011.7666666666668
2026-07-19 00:30:00,1011.62
2026-07-19 00:40:00,1011.5466666666666
2026-07-19 00:50:00,1011.4150000000001
2026-07-19 01:00:00,1011.3633333333333
2026-07-19 01:10:00,1011.4200000000001
2026-07-19 01:20:00,1011.3666666666668
2026-07-19 01:30:00,1011.265
2026-07-19 01:40:00,1011.1300000000001
2026-07-19 01:50:00,1011.06
2026-07-19 02:00:00,1011.0833333333334
2026-07-19 02:10:00,1010.92
2026-07-19 02:20:00,1010.8000000000001
2026-07-19 02:30:00,1010.9000000000001
2026-07-19 02:40:00,1010.9033333333333
2026-07-19 02:50:00,1010.76
2026-07-19 03:00:00,1010.5500000000001
2026-07-19 03:10:00,1010.635
2026-07-19 03:20:00,1010.61
2026-07-19 03:30:00,1010.545
2026-07-19 03:40:00,1010.4699999999999
2026-07-19 03:50:00,1010.63
2026-07-19 04:00:00,1010.7233333333334
2026-07-19 04:10:00,1010.785
2026-07-19 04:20:00,1010.6733333333333
2026-07-19 04:30:00,1010.77
2026-07-19 04:40:00,1010.9200000000001
2026-07-19 04:50:00,1011.115
2026-07-19 05:00:00,1010.9866666666667
2026-07-19 05:10:00,1010.9300000000001
2026-07-19 05:20:00,1010.8266666666665
2026-07-19 05:30:00,1010.875
2026-07-19 05:40:00,1010.8900000000001
2026-07-19 05:50:00,1011
2026-07-19 06:00:00,1011.195
2026-07-19 06:10:00,1011.2366666666667
2026-07-19 06:20:00,1011.3
2026-07-19 06:30:00,1011.4766666666668
2026-07-19 06:40:00,1011.72
2026-07-19 06:50:00,1011.7333333333332
2026-07-19 07:00:00,1011.845
2026-07-19 07:10:00,1011.9200000000001
2026-07-19 07:20:00,1012.015
2026-07-19 07:30:00,1012.1066666666666
2026-07-19 07:40:00,1012.195
2026-07-19 07:50:00,1012.2966666666666
2026-07-19 08:00:00,1012.3449999999999
2026-07-19 08:10:00,1012.36
2026-07-19 08:20:00,1012.3850000000001
2026-07-19 08:30:00,1012.3733333333333
2026-07-19 08:40:00,1012.3800000000001
2026-07-19 08:50:00,1012.27
2026-07-19 09:00:00,1012.295
2026-07-19 09:10:00,1012.3633333333333
2026-07-19 09:20:00,1012.305
2026-07-19 09:30:00,1012.3299999999999
2026-07-19 09:40:00,1012.23
2026-07-19 09:50:00,1012.2199999999999
2026-07-19 10:00:00,1012.3349999999999
2026-07-19 10:10:00,1012.21
2026-07-19 10:20:00,1012.345
2026-07-19 10:30:00,1012.3033333333333
2026-07-19 10:40:00,1012.23
2026-07-19 10:50:00,1012.2566666666667
2026-07-19 11:00:00,1012.1750000000001
2026-07-19 11:10:00,1012.07
2026-07-19 11:20:00,1012.0799999999999
2026-07-19 11:30:00,1012.0766666666667
2026-07-19 11:40:00,1011.975
2026-07-19 11:50:00,1011.9333333333334
2026-07-19 12:00:00,1011.8449999999999
2026-07-19 12:10:00,1011.7333333333332
2026-07-19 12:20:00,1011.75
2026-07-19 12:30:00,1011.6833333333334
2026-07-19 12:40:00,1011.495
2026-07-19 12:50:00,1011.445
2026-07-19 13:30:00,1010.965
2026-07-19 13:40:00,1011.0100000000001
2026-07-19 13:50:00,1010.8933333333334
2026-07-19 14:00:00,1010.765
2026-07-19 14:10:00,1010.7166666666667
2026-07-19 14:20:00,1010.795
2026-07-19 14:30:00,1010.8833333333333
2026-07-19 14:40:00,1010.805
2026-07-19 14:50:00,1010.78
2026-07-19 15:00:00,1010.7999999999998
2026-07-19 15:10:00,1010.7
2026-07-19 15:20:00,1010.59
2026-07-19 15:30:00,1010.69
2026-07-19 15:40:00,1010.6733333333335
2026-07-19 15:50:00,1010.635
2026-07-19 16:00:00,1010.6333333333333
2026-07-19 16:10:00,1010.6650000000001
2026-07-19 16:20:00,1010.7566666666667
2026-07-19 16:30:00,1011.095
2026-07-19 16:40:00,1011.1433333333334
2026-07-19 16:50:00,1011.105
2026-07-19 17:00:00,1011.0033333333334
2026-07-19 17:10:00,1011.105
2026-07-19 17:20:00,1011.2266666666668
2026-07-19 17:30:00,1011.1750000000001
2026-07-19 17:40:00,1011.2033333333334
2026-07-19 17:50:00,1011.195
2026-07-19 18:00:00,1011.3133333333332
2026-07-19 18:10:00,1011.4
2026-07-19 18:20:00,1011.5499999999998
2026-07-19 18:30:00,1011.475
2026-07-19 18:40:00,1011.4733333333334
2026-07-19 18:50:00,1011.6600000000001
2026-07-19 19:00:00,1011.8333333333334
2026-07-19 19:10:00,1011.9250000000001
2026-07-19 19:20:00,1011.9566666666666
2026-07-19 19:30:00,1011.96
2026-07-19 19:40:00,1012.1066666666667
2026-07-19 19:50:00,1012.105
2026-07-19 20:00:00,1012.0899999999998
2026-07-19 20:10:00,1012.0749999999999
2026-07-19 20:20:00,1012.0433333333334
2026-07-19 20:30:00,1012
2026-07-19 20:40:00,1012.1966666666667
2026-07-19 20:50:00,1012.235
2026-07-19 21:00:00,1012.1866666666668
2026-07-19 21:10:00,1012.255
2026-07-19 21:20:00,1012.43
2026-07-19 21:30:00,1012.585
2026-07-19 21:40:00,1012.8000000000001
2026-07-19 21:50:00,1012.94
2026-07-19 22:00:00,1012.7633333333333
2026-07-19 22:10:00,1012.475
2026-07-19 22:20:00,1012.2066666666666
2026-07-19 22:30:00,1012.1850000000001
2026-07-19 22:40:00,1012.2599999999999
2026-07-19 22:50:00,1012.225
2026-07-19 23:00:00,1012.1600000000002
2026-07-19 23:10:00,1012.1733333333333
2026-07-19 23:20:00,1012.4025000000001
2026-07-19 23:30:00,1012.1933333333333
2026-07-19 23:40:00,1012.1233333333333
2026-07-19 23:50:00,1011.9200000000001
2026-07-20 00:00:00,1012.0366666666665
2026-07-20 00:10:00,1011.9866666666667
2026-07-20 00:20:00,1011.842
2026-07-20 00:30:00,1011.4620000000001
2026-07-20 00:40:00,1011.3399999999998
2026-07-20 00:50:00,1011.2575
2026-07-20 01:00:00,1011.36
2026-07-20 01:10:00,1011.1733333333335
2026-07-20 01:20:00,1011.0266666666666
2026-07-20 01:30:00,1010.6566666666668
2026-07-20 01:40:00,1010.51
2026-07-20 01:50:00,1010.6033333333334
2026-07-20 02:00:00,1010.5949999999999
2026-07-20 02:10:00,1010.7666666666668
2026-07-20 02:20:00,1011.0866666666667
2026-07-20 02:30:00,1011.1466666666669
2026-07-20 02:40:00,1010.9300000000001
2026-07-20 02:50:00,1010.9050000000001
2026-07-20 03:00:00,1010.97
2026-07-20 03:10:00,1011.0925
2026-07-20 03:20:00,1011.0266666666666
2026-07-20 03:30:00,1011.0274999999999
2026-07-20 03:40:00,1011.1333333333333
2026-07-20 03:50:00,1011.2066666666666
2026-07-20 04:00:00,1011.23
2026-07-20 04:10:00,1011.1700000000001
2026-07-20 04:20:00,1011.0733333333333
2026-07-20 04:30:00,1011.1133333333333
2026-07-20 04:40:00,1011.0574999999999
2026-07-20 04:50:00,1011.0466666666666
2026-07-20 05:00:00,1010.96
2026-07-20 05:10:00,1010.9066666666668
2026-07-20 05:20:00,1010.8433333333332
2026-07-20 05:30:00,1010.8299999999999
2026-07-20 05:40:00,1010.9333333333334
2026-07-20 05:50:00,1011
2026-07-20 06:00:00,1011.23
2026-07-20 06:10:00,1011.49
2026-07-20 06:20:00,1011.73
2026-07-20 06:30:00,1011.865
2026-07-20 06:40:00,1012.0666666666666
2026-07-20 06:50:00,1012.1500000000001
2026-07-20 07:00:00,1012.14
2026-07-20 07:10:00,1012.15
2026-07-20 07:20:00,1012.1033333333334
2026-07-20 07:30:00,1012.125
2026-07-20 07:40:00,1012.2533333333334
2026-07-20 07:50:00,1012.305
2026-07-20 08:00:00,1012.3533333333334
2026-07-20 08:10:00,1012.49
2026-07-20 08:20:00,1012.4500000000002
2026-07-20 08:30:00,1012.48
2026-07-20 08:40:00,1012.4933333333333
2026-07-20 08:50:00,1012.545
2026-07-20 09:00:00,1012.5866666666667
2026-07-20 09:10:00,1012.5949999999999
2026-07-20 09:20:00,1012.6
2026-07-20 09:30:00,1012.5699999999999
2026-07-20 09:40:00,1012.6166666666667
2026-07-20 09:50:00,1012.6800000000001
2026-07-20 10:00:00,1012.5766666666665
2026-07-20 10:10:00,1012.615
2026-07-20 10:20:00,1012.5333333333333
2026-07-20 10:30:00,1012.52
2026-07-20 10:40:00,1012.4466666666667
2026-07-20 10:50:00,1012.3449999999999
2026-07-20 11:00:00,1012.2000000000002
2026-07-20 11:10:00,1012.205
2026-07-20 11:20:00,1012.1366666666667
2026-07-20 11:30:00,1011.98
2026-07-20 11:40:00,1011.8399999999998
2026-07-20 11:50:00,1011.8399999999999
2026-07-20 12:00:00,1011.7066666666666
2026-07-20 12:10:00,1011.6800000000001
2026-07-20 12:20:00,1011.44
2026-07-20 12:30:00,1011.365
2026-07-20 12:40:00,1011.2666666666668
2026-07-20 12:50:00,1011.21
2026-07-20 13:00:00,1011.2266666666668
2026-07-20 13:10:00,1011.1300000000001
2026-07-20 13:20:00,1011.06
2026-07-20 13:30:00,1011.01
2026-07-20 13:40:00,1010.9
2026-07-20 13:50:00,1010.7766666666666
2026-07-20 14:00:00,1010.63
2026-07-20 14:10:00,1010.5766666666667
2026-07-20 14:20:00,1010.495
2026-07-20 14:30:00,1010.4266666666667
2026-07-20 14:40:00,1010.3199999999999
2026-07-20 14:50:00,1010.2800000000001
2026-07-20 15:00:00,1010.265
2026-07-20 15:10:00,1010.2233333333334
2026-07-20 15:20:00,1010.315
2026-07-20 15:30:00,1010.2000000000002
2026-07-20 15:40:00,1010.115
2026-07-20 15:50:00,1010.2533333333334
2026-07-20 16:00:00,1010.3149999999999
2026-07-20 16:10:00,1010.32
2026-07-20 16:20:00,1010.4150000000001
2026-07-20 16:30:00,1010.5
2026-07-20 16:40:00,1010.52
2026-07-20 16:50:00,1010.5
2026-07-20 17:00:00,1010.63
2026-07-20 17:10:00,1010.7800000000001
2026-07-20 17:20:00,1010.87
2026-07-20 17:30:00,1010.96
2026-07-20 17:40:00,1010.96
2026-07-20 17:50:00,1011.0033333333334
2026-07-20 18:00:00,1011.06
2026-07-20 18:10:00,1011.2166666666667
2026-07-20 18:20:00,1011.37
2026-07-20 18:30:00,1011.2866666666665
2026-07-20 18:40:00,1011.41
2026-07-20 18:50:00,1011.4100000000002
2026-07-20 19:00:00,1011.3800000000001
2026-07-20 19:10:00,1011.46
2026-07-20 19:20:00,1011.3800000000001
2026-07-20 19:30:00,1011.3633333333333
2026-07-20 19:40:00,1011.3900000000001
2026-07-20 19:50:00,1011.3499999999999
2026-07-20 20:00:00,1011.3399999999999
2026-07-20 20:10:00,1011.2666666666668
2026-07-20 20:20:00,1011.1600000000001
2026-07-20 20:30:00,1011.1300000000001
2026-07-20 20:40:00,1011.195
2026-07-20 20:50:00,1011.2233333333334
2026-07-20 21:00:00,1011.0949999999999
2026-07-20 21:10:00,1011.0533333333333
2026-07-20 21:20:00,1011.1550000000001
2026-07-20 21:30:00,1011.2199999999999
2026-07-20 21:40:00,1011.1200000000001
2026-07-20 21:50:00,1011.1233333333333
2026-07-20 22:00:00,1011.035
2026-07-20 22:10:00,1011.0866666666667
2026-07-20 22:20:00,1011.2
2026-07-20 22:30:00,1011.23
2026-07-20 22:40:00,1011.27
2026-07-20 22:50:00,1011.2466666666666
2026-07-20 23:00:00,1011.14
2026-07-20 23:10:00,1011.0333333333333
2026-07-20 23:20:00,1010.85
2026-07-20 23:30:00,1010.7966666666666
2026-07-20 23:40:00,1010.745
2026-07-20 23:50:00,1010.6700000000001
2026-07-21 00:00:00,1010.5966666666667
2026-07-21 00:10:00,1010.56
2026-07-21 00:20:00,1010.4499999999999
2026-07-21 00:30:00,1010.1
2026-07-21 00:40:00,1009.9433333333333
2026-07-21 00:50:00,1009.71
2026-07-21 01:00:00,1009.57
2026-07-21 01:10:00,1009.51
2026-07-21 01:20:00,1009.6166666666668
2026-07-21 01:30:00,1009.61
2026-07-21 01:40:00,1009.5833333333334
2026-07-21 01:50:00,1009.53
2026-07-21 02:00:00,1009.54
2026-07-21 02:10:00,1009.5999999999999
2026-07-21 02:20:00,1009.5366666666665
2026-07-21 02:30:00,1009.59
2026-07-21 02:40:00,1009.32
2026-07-21 02:50:00,1009.2
2026-07-21 03:00:00,1009.1133333333333
2026-07-21 03:10:00,1009.1800000000001
2026-07-21 03:20:00,1009.1066666666666
2026-07-21 03:30:00,1009.1
2026-07-21 03:40:00,1009.1600000000002
2026-07-21 03:50:00,1009.1700000000001
2026-07-21 04:00:00,1009.11
2026-07-21 04:10:00,1009.1850000000001
2026-07-21 04:20:00,1009.23
2026-07-21 04:30:00,1009.26
2026-07-21 04:40:00,1009.2866666666665
2026-07-21 04:50:00,1009.285
2026-07-21 05:00:00,1009.2199999999999
2026-07-21 05:10:00,1009.305
2026-07-21 05:20:00,1009.3966666666666
2026-07-21 05:30:00,1009.51
2026-07-21 05:40:00,1009.4833333333332
2026-07-21 05:50:00,1009.5799999999999
2026-07-21 06:00:00,1009.6566666666668
2026-07-21 06:10:00,1009.775
2026-07-21 06:20:00,1009.9666666666667
2026-07-21 06:30:00,1010.085
2026-07-21 06:40:00,1010.2766666666666
2026-07-21 06:50:00,1010.51
2026-07-21 07:00:00,1010.6133333333333
2026-07-21 07:10:00,1010.5649999999999
2026-07-21 07:20:00,1010.5533333333333
2026-07-21 07:30:00,1010.5699999999999
2026-07-21 07:40:00,1010.6666666666666
2026-07-21 07:50:00,1010.7
2026-07-21 08:00:00,1010.6933333333333
2026-07-21 08:10:00,1010.9150000000001
2026-07-21 08:20:00,1010.9933333333333
2026-07-21 08:30:00,1011.05
2026-07-21 08:40:00,1010.98
2026-07-21 08:50:00,1010.87
2026-07-21 09:00:00,1010.81
2026-07-21 09:10:00,1010.8349999999999
2026-07-21 09:20:00,1010.8433333333332
2026-07-21 09:30:00,1010.965
2026-07-21 09:40:00,1010.9566666666666
2026-07-21 09:50:00,1010.875
2026-07-21 10:00:00,1010.8266666666667
2026-07-21 10:10:00,1010.805
2026-07-21 10:20:00,1010.7233333333334
2026-07-21 10:30:00,1010.635
2026-07-21 10:40:00,1010.5433333333334
2026-07-21 10:50:00,1010.46
2026-07-21 11:00:00,1010.4399999999999
2026-07-21 11:10:00,1010.36
2026-07-21 11:20:00,1010.2199999999999
2026-07-21 11:30:00,1010.095
2026-07-21 11:40:00,1010.025
2026-07-21 11:50:00,1009.8866666666668
2026-07-21 12:00:00,1009.9050000000001
2026-07-21 12:10:00,1009.8433333333332
2026-07-21 12:20:00,1009.7
2026-07-21 12:30:00,1009.5466666666667
2026-07-21 12:40:00,1009.58
2026-07-21 12:50:00,1009.4833333333332
2026-07-21 13:00:00,1009.5
2026-07-21 13:10:00,1009.4166666666666
2026-07-21 13:20:00,1009.28
2026-07-21 14:00:00,1009.1400000000001
2026-07-21 14:10:00,1008.82
2026-07-21 14:20:00,1008.76
2026-07-21 14:30:00,1008.6366666666667
2026-07-21 14:40:00,1008.545
2026-07-21 14:50:00,1008.5233333333332
2026-07-21 15:00:00,1008.715
2026-07-21 15:10:00,1008.7433333333333
2026-07-21 15:20:00,1008.745
2026-07-21 15:30:00,1008.602857142857
2026-07-21 15:40:00,1008.5749999999999
2026-07-21 15:50:00,1008.6166666666668
2026-07-21 16:00:00,1008.6550000000001
2026-07-21 16:10:00,1008.8299999999999
2026-07-21 16:20:00,1008.99
2026-07-21 16:30:00,1008.9900000000001
2026-07-21 16:40:00,1008.975
2026-07-21 16:50:00,1008.9466666666667
2026-07-21 17:00:00,1008.9200000000001
2026-07-21 17:10:00,1009.0066666666667
2026-07-21 17:20:00,1009.04
2026-07-21 17:30:00,1008.9666666666667
2026-07-21 17:40:00,1009.095
2026-07-21 17:50:00,1009.2600000000001
2026-07-21 18:00:00,1009.4050000000001
2026-07-21 18:10:00,1009.4533333333333
2026-07-21 18:20:00,1009.585
2026-07-21 18:30:00,1009.7533333333334
2026-07-21 18:40:00,1009.8900000000001
2026-07-21 18:50:00,1009.9066666666668
2026-07-21 19:00:00,1009.995
2026-07-21 19:10:00,1010.18
2026-07-21 19:20:00,1010.225
2026-07-21 19:30:00,1010.31
2026-07-21 19:40:00,1010.265
2026-07-21 19:50:00,1010.2266666666668
2026-07-21 20:00:00,1010.19
2026-07-21 20:10:00,1010.2533333333334
2026-07-21 20:20:00,1010.27
2026-07-21 20:30:00,1010.39
2026-07-21 20:40:00,1010.3950000000001
2026-07-21 20:50:00,1010.5099999999999
2026-07-21 21:00:00,1010.6450000000001
2026-07-21 21:10:00,1010.5933333333332
2026-07-21 21:20:00,1010.49
2026-07-21 21:30:00,1010.5100000000001
2026-07-21 21:40:00,1010.785
2026-07-21 21:50:00,1010.8966666666666
2026-07-21 22:00:00,1011.025
2026-07-21 22:10:00,1010.87
2026-07-21 22:20:00,1010.6700000000001
2026-07-21 22:30:00,1010.6366666666667
2026-07-21 22:40:00,1010.6350000000001
2026-07-21 22:50:00,1010.6033333333334
2026-07-21 23:00:00,1010.5949999999999
2026-07-21 23:10:00,1010.5633333333332
2026-07-21 23:20:00,1010.5799999999999
2026-07-21 23:30:00,1010.64
2026-07-21 23:40:00,1010.61
2026-07-21 23:50:00,1010.36
2026-07-22 00:00:00,1010.12
2026-07-22 00:10:00,1010.0099999999999
2026-07-22 00:20:00,1009.9300000000001
2026-07-22 00:30:00,1009.7333333333332
2026-07-22 00:40:00,1009.71
2026-07-22 00:50:00,1009.7233333333334
2026-07-22 01:00:00,1009.71
2026-07-22 01:10:00,1009.8033333333333
2026-07-22 01:20:00,1009.765
2026-07-22 01:30:00,1009.5633333333334
2026-07-22 01:40:00,1009.385
2026-07-22 01:50:00,1009.2199999999999
2026-07-22 02:00:00,1008.99
2026-07-22 02:10:00,1008.985
2026-07-22 02:20:00,1008.9966666666666
2026-07-22 02:30:00,1009.005
2026-07-22 02:40:00,1009.09
2026-07-22 02:50:00,1009.225
2026-07-22 03:00:00,1008.9933333333333
2026-07-22 03:10:00,1008.86
2026-07-22 03:20:00,1009.0133333333333
2026-07-22 03:30:00,1009.205
2026-07-22 03:40:00,1009.4133333333333
2026-07-22 03:50:00,1009.655
2026-07-22 04:00:00,1009.6833333333334
2026-07-22 04:10:00,1009.625
2026-07-22 04:20:00,1009.5166666666668
2026-07-22 04:30:00,1009.56
2026-07-22 04:40:00,1009.3766666666667
2026-07-22 04:50:00,1009.27
2026-07-22 05:00:00,1009.2599999999999
2026-07-22 05:10:00,1009.34
2026-07-22 05:20:00,1009.4933333333333
2026-07-22 05:30:00,1009.51
2026-07-22 05:40:00,1009.5133333333333
2026-07-22 05:50:00,1009.705
2026-07-22 06:00:00,1009.7599999999999
2026-07-22 06:10:00,1009.96
2026-07-22 06:20:00,1010.1666666666666
2026-07-22 06:30:00,1010.215
2026-07-22 06:40:00,1010.2733333333332
2026-07-22 06:50:00,1010.22
2026-07-22 07:00:00,1010.2633333333333
2026-07-22 07:10:00,1010.285
2026-07-22 07:20:00,1010.2866666666665
2026-07-22 07:30:00,1010.35
2026-07-22 07:40:00,1010.4166666666666
2026-07-22 07:50:00,1010.36
2026-07-22 08:00:00,1010.2966666666666
2026-07-22 08:10:00,1010.28
2026-07-22 08:20:00,1010.3299999999999
2026-07-22 08:30:00,1010.485
2026-07-22 08:40:00,1010.5300000000001
2026-07-22 08:50:00,1010.585
2026-07-22 09:00:00,1010.6633333333334
2026-07-22 09:10:00,1010.77
2026-07-22 09:20:00,1010.8166666666666
2026-07-22 09:30:00,1010.78
2026-07-22 09:40:00,1010.7766666666666
2026-07-22 09:50:00,1010.805
2026-07-22 10:00:00,1010.7933333333334
2026-07-22 10:10:00,1010.78
2026-07-22 10:20:00,1010.6766666666667
2026-07-22 10:30:00,1010.69
2026-07-22 10:40:00,1010.5
2026-07-22 10:50:00,1010.4000000000001
2026-07-22 11:00:00,1010.3033333333333
2026-07-22 11:10:00,1010.285
2026-07-22 11:20:00,1010.2833333333333
2026-07-22 11:30:00,1010.3
2026-07-22 11:40:00,1010.1866666666668
2026-07-22 11:50:00,1010.22
2026-07-22 12:00:00,1010.1966666666667
2026-07-22 12:10:00,1010.0699999999999
2026-07-22 12:20:00,1009.9466666666667
2026-07-22 12:30:00,1009.8950000000001
2026-07-22 12:40:00,1009.8333333333334
2026-07-22 12:50:00,1009.75
2026-07-22 13:00:00,1009.61
2026-07-22 13:10:00,1009.6200000000001
2026-07-22 13:20:00,1009.5133333333333
2026-07-22 13:30:00,1009.51
2026-07-22 13:40:00,1009.3833333333333
2026-07-22 13:50:00,1009.21
2026-07-22 14:00:00,1009.0733333333333
2026-07-22 14:10:00,1009.035
2026-07-22 14:20:00,1008.9050000000001
2026-07-22 14:30:00,1008.7966666666667
2026-07-22 14:40:00,1008.6800000000001
2026-07-22 14:50:00,1008.7266666666668
2026-07-22 15:00:00,1008.795
2026-07-22 15:10:00,1008.8800000000001
2026-07-22 15:20:00,1008.94
2026-07-22 15:30:00,1009.0133333333333
2026-07-22 15:40:00,1009.055
2026-07-22 15:50:00,1009.0833333333334
2026-07-22 16:00:00,1009.0699999999999
2026-07-22 16:10:00,1008.9366666666668
2026-07-22 16:20:00,1008.99
2026-07-22 16:30:00,1009.1033333333335
2026-07-22 16:40:00,1009.19
2026-07-22 16:50:00,1009.3766666666667
2026-07-22 17:00:00,1009.625
2026-07-22 17:10:00,1009.7266666666668
2026-07-22 17:20:00,1009.755
2026-07-22 17:30:00,1009.7666666666668
2026-07-22 17:40:00,1009.8199999999999
2026-07-22 17:50:00,1009.875
2026-07-22 18:00:00,1009.975
2026-07-22 18:10:00,1010.1133333333333
2026-07-22 18:20:00,1010.2249999999999
2026-07-22 18:30:00,1010.3800000000001
2026-07-22 18:40:00,1010.5099999999999
2026-07-22 18:50:00,1010.56
2026-07-22 19:00:00,1010.7025
2026-07-22 19:10:00,1010.87
2026-07-22 19:20:00,1010.9733333333334
2026-07-22 19:30:00,1011.0649999999999
2026-07-22 19:40:00,1011.19
2026-07-22 19:50:00,1011.3199999999999
2026-07-22 20:00:00,1011.3800000000001
2026-07-22 20:10:00,1011.5266666666666
2026-07-22 20:20:00,1011.56
2026-07-22 20:30:00,1011.65
2026-07-22 20:40:00,1011.7133333333335
2026-07-22 20:50:00,1011.75
2026-07-22 21:00:00,1011.7999999999998
2026-07-22 21:10:00,1011.8433333333332
2026-07-22 21:20:00,1011.9000000000001
2026-07-22 21:30:00,1011.96
2026-07-22 21:40:00,1011.9933333333333
2026-07-22 21:50:00,1012.035
2026-07-22 22:00:00,1012.0433333333334
2026-07-22 22:10:00,1011.86
2026-07-22 22:20:00,1011.7800000000001
2026-07-22 22:30:00,1011.755
2026-07-22 22:40:00,1011.6133333333333
2026-07-22 22:50:00,1011.5699999999999
2026-07-22 23:00:00,1011.4633333333335
2026-07-22 23:10:00,1011.3449999999999
2026-07-22 23:20:00,1011.2800000000001
2026-07-22 23:30:00,1011.155
2026-07-22 23:40:00,1011.04
2026-07-22 23:50:00,1010.8950000000001
2026-07-23 00:00:00,1010.8399999999998
2026-07-23 00:10:00,1010.7933333333334
2026-07-23 00:20:00,1010.595
2026-07-23 00:30:00,1010.4100000000002
2026-07-23 00:40:00,1010.335
2026-07-23 00:50:00,1010.19
2026-07-23 01:00:00,1010.0749999999999
2026-07-23 01:10:00,1010.03
2026-07-23 01:20:00,1009.96
2026-07-23 01:30:00,1010.0324999999999
2026-07-23 01:40:00,1009.955
2026-07-23 01:50:00,1009.9675
2026-07-23 02:00:00,1010.05
2026-07-23 02:10:00,1010.1233333333333
2026-07-23 02:20:00,1010.06
2026-07-23 02:30:00,1009.9466666666667
2026-07-23 02:40:00,1009.9300000000001
2026-07-23 02:50:00,1010.0233333333332
2026-07-23 03:00:00,1010.0649999999999
2026-07-23 03:10:00,1010.02
2026-07-23 03:20:00,1009.97
2026-07-23 03:30:00,1010.1233333333333
2026-07-23 03:40:00,1010.215
2026-07-23 03:50:00,1010.2599999999999
2026-07-23 04:00:00,1010.27
2026-07-23 04:10:00,1010.2833333333333
2026-07-23 04:20:00,1010.36
2026-07-23 04:30:00,1010.4866666666667
2026-07-23 04:40:00,1010.5674999999999
2026-07-23 04:50:00,1010.555
2026-07-23 05:00:00,1010.4300000000001
2026-07-23 05:10:00,1010.3875
2026-07-23 05:20:00,1010.4200000000001
2026-07-23 05:30:00,1010.4666666666667
2026-07-23 05:40:00,1010.5566666666667
2026-07-23 05:50:00,1010.6933333333333
2026-07-23 06:00:00,1010.85
2026-07-23 06:10:00,1010.98
2026-07-23 06:20:00,1011.0666666666666
2026-07-23 06:30:00,1011.0366666666665
2026-07-23 06:40:00,1010.9933333333333
2026-07-23 06:50:00,1010.9566666666666
2026-07-23 07:00:00,1010.965
2026-07-23 07:10:00,1011.0833333333334
2026-07-23 07:20:00,1011.2
2026-07-23 07:30:00,1011.2733333333332
2026-07-23 07:40:00,1011.4150000000001
2026-07-23 07:50:00,1011.51
2026-07-23 08:30:00,1011.5866666666667
2026-07-23 08:40:00,1011.62
2026-07-23 08:50:00,1011.7266666666668
2026-07-23 09:00:00,1011.81
2026-07-23 09:10:00,1011.8233333333333
2026-07-23 09:20:00,1011.8199999999999
2026-07-23 09:30:00,1011.8133333333332
2026-07-23 09:40:00,1011.8399999999999
2026-07-23 09:50:00,1011.81
2026-07-23 10:00:00,1011.79
2026-07-23 10:10:00,1011.7400000000001
2026-07-23 10:20:00,1011.705
2026-07-23 10:30:00,1011.8299999999999
2026-07-23 10:40:00,1011.795
2026-07-23 10:50:00,1011.7766666666666
2026-07-23 11:00:00,1011.81
2026-07-23 11:10:00,1011.7666666666668
2026-07-23 11:20:00,1011.8349999999999
2026-07-23 11:30:00,1011.81
2026-07-23 11:40:00,1011.7233333333334
2026-07-23 11:50:00,1011.63
2026-07-23 12:00:00,1011.57
2026-07-23 12:10:00,1011.4150000000001
2026-07-23 12:20:00,1011.3575000000001
2026-07-23 12:30:00,1011.2875
2026-07-23 12:40:00,1011.3275
2026-07-23 12:50:00,1011.2366666666667
2026-07-23 13:00:00,1011.125
2026-07-23 13:10:00,1011.03
2026-07-23 13:20:00,1010.975
2026-07-23 13:30:00,1010.875
2026-07-23 13:40:00,1010.8
2026-07-23 13:50:00,1010.6266666666667
2026-07-23 14:00:00,1010.4833333333332
2026-07-23 14:10:00,1010.4266666666666
2026-07-23 14:20:00,1010.22
2026-07-23 14:30:00,1010.0766666666665
2026-07-23 14:40:00,1010.3950000000001
2026-07-23 14:50:00,1010.6366666666667
2026-07-23 15:00:00,1010.69
2026-07-23 15:10:00,1011.13
2026-07-23 15:20:00,1011.415
2026-07-23 15:30:00,1011.6300000000001
2026-07-23 15:40:00,1011.7933333333334
2026-07-23 15:50:00,1011.8966666666669
2026-07-23 16:00:00,1011.8299999999999
2026-07-23 16:10:00,1011.87
2026-07-23 16:20:00,1011.9233333333335
2026-07-23 16:30:00,1011.86
2026-07-23 16:40:00,1011.6999999999999
2026-07-23 16:50:00,1011.7566666666667
2026-07-23 17:00:00,1011.89
2026-07-23 17:10:00,1011.85
2026-07-23 17:20:00,1011.8
2026-07-23 17:30:00,1011.8933333333334
2026-07-23 17:40:00,1011.815
2026-07-23 17:50:00,1011.7433333333333
2026-07-23 18:00:00,1011.67
2026-07-23 18:10:00,1011.6233333333334
2026-07-23 18:20:00,1011.61
2026-07-23 18:30:00,1011.5766666666665
2026-07-23 18:40:00,1011.55
2026-07-23 18:50:00,1011.5799999999999
2026-07-23 19:00:00,1011.555
2026-07-23 19:10:00,1011.4699999999999
2026-07-23 19:20:00,1011.55
2026-07-23 19:30:00,1011.6733333333335
2026-07-23 19:40:00,1011.755
2026-07-23 19:50:00,1011.8366666666667
2026-07-23 20:00:00,1012
2026-07-23 20:10:00,1012.0333333333333
2026-07-23 20:20:00,1012.0849999999999
2026-07-23 20:30:00,1012.1033333333335
2026-07-23 20:40:00,1012.045
2026-07-23 20:50:00,1011.9666666666667
2026-07-23 21:00:00,1012.0849999999999
2026-07-23 21:10:00,1012.0966666666667
2026-07-23 21:20:00,1011.95
2026-07-23 21:30:00,1012.0066666666667
2026-07-23 21:40:00,1012.1850000000001
2026-07-23 21:50:00,1012.4633333333335
2026-07-23 22:00:00,1012.63
2026-07-23 22:10:00,1012.84
2026-07-23 22:20:00,1012.945
2026-07-23 22:30:00,1012.91
2026-07-23 22:40:00,1012.76
2026-07-23 22:50:00,1012.8366666666666
2026-07-23 23:00:00,1012.79
2026-07-23 23:10:00,1012.7000000000002
2026-07-23 23:20:00,1012.5999999999999
2026-07-23 23:30:00,1012.6233333333333
2026-07-23 23:40:00,1012.63
2026-07-23 23:50:00,1012.4699999999999
2026-07-24 00:00:00,1012.44
2026-07-24 00:10:00,1012.3166666666666
2026-07-24 00:20:00,1012.27
2026-07-24 00:30:00,1012.2633333333333
2026-07-24 00:40:00,1012.1850000000001
2026-07-24 00:50:00,1012.0366666666665
2026-07-24 01:00:00,1011.95
2026-07-24 01:10:00,1011.8400000000001
2026-07-24 01:20:00,1011.6850000000001
2026-07-24 01:30:00,1011.56
2026-07-24 01:40:00,1011.47
2026-07-24 01:50:00,1011.4066666666668
2026-07-24 02:00:00,1011.26
2026-07-24 02:10:00,1011.06
2026-07-24 02:20:00,1010.9833333333332
2026-07-24 02:30:00,1010.8299999999999
2026-07-24 02:40:00,1010.85
2026-07-24 02:50:00,1010.9100000000001
2026-07-24 03:00:00,1010.8033333333333
2026-07-24 03:10:00,1010.8
2026-07-24 03:20:00,1010.7633333333333
2026-07-24 03:30:00,1010.745
2026-07-24 03:40:00,1010.7599999999999
2026-07-24 03:50:00,1010.8299999999999
2026-07-24 04:00:00,1010.8333333333334
2026-07-24 04:10:00,1010.9
2026-07-24 04:20:00,1010.9233333333335
2026-07-24 04:30:00,1010.9300000000001
2026-07-24 04:40:00,1010.9233333333335
2026-07-24 04:50:00,1010.8599999999999
2026-07-24 05:00:00,1010.9566666666666
2026-07-24 05:10:00,1010.99
2026-07-24 05:20:00,1011.07
2026-07-24 05:30:00,1011.1650000000001
2026-07-24 05:40:00,1011.4066666666668
2026-07-24 05:50:00,1011.505
2026-07-24 06:00:00,1011.5233333333332
2026-07-24 06:10:00,1011.6450000000001
2026-07-24 06:20:00,1011.7566666666667
2026-07-24 06:30:00,1011.755
2026-07-24 06:40:00,1011.9633333333335
2026-07-24 06:50:00,1012.1750000000001
2026-07-24 07:00:00,1012.16
2026-07-24 07:10:00,1012.0799999999999
2026-07-24 07:20:00,1012.0633333333332
2026-07-24 07:30:00,1012.0899999999999
2026-07-24 07:40:00,1012.1333333333333
2026-07-24 07:50:00,1012.1350000000001
2026-07-24 08:00:00,1012.1866666666668
2026-07-24 08:10:00,1012.1700000000001
2026-07-24 08:20:00,1012.2000000000002
2026-07-24 08:30:00,1012.255
2026-07-24 08:40:00,1012.4
2026-07-24 08:50:00,1012.3950000000001
2026-07-24 09:00:00,1012.3766666666667
2026-07-24 09:10:00,1012.49
2026-07-24 09:20:00,1012.4066666666668
2026-07-24 09:30:00,1012.45
2026-07-24 09:40:00,1012.4033333333333
2026-07-24 09:50:00,1012.4000000000001
2026-07-24 10:00:00,1012.3233333333333
2026-07-24 10:10:00,1012.285
2026-07-24 10:20:00,1012.3233333333334
2026-07-24 10:30:00,1012.3700000000001
2026-07-24 10:40:00,1012.2766666666666
2026-07-24 10:50:00,1012.215
2026-07-24 11:00:00,1012.1666666666666
2026-07-24 11:10:00,1012.0799999999999
2026-07-24 11:20:00,1012.0433333333334
2026-07-24 11:30:00,1012.105
2026-07-24 11:40:00,1012.1333333333333
2026-07-24 11:50:00,1012.035
2026-07-24 12:00:00,1011.9100000000002
2026-07-24 12:10:00,1011.8449999999999
2026-07-24 12:20:00,1011.6733333333333
2026-07-24 12:30:00,1011.56
2026-07-24 12:40:00,1011.4533333333334
2026-07-24 12:50:00,1011.3199999999999
2026-07-24 13:00:00,1011.2533333333334
2026-07-24 13:10:00,1011.07
2026-07-24 13:20:00,1010.82
2026-07-24 13:30:00,1010.69
2026-07-24 13:40:00,1010.5933333333332
2026-07-24 13:50:00,1010.515
2026-07-24 14:00:00,1010.4366666666668
2026-07-24 14:10:00,1010.4100000000001
2026-07-24 14:20:00,1010.4150000000001
2026-07-24 14:30:00,1010.4699999999999
2026-07-24 14:40:00,1010.4250000000001
2026-07-24 14:50:00,1010.3933333333334
2026-07-24 15:00:00,1010.3349999999999
2026-07-24 15:10:00,1010.2633333333333
2026-07-24 15:20:00,1010.26
2026-07-24 15:30:00,1010.3166666666666
2026-07-24 15:40:00,1010.3249999999999
2026-07-24 15:50:00,1010.3333333333334
2026-07-24 16:00:00,1010.3249999999999
2026-07-24 16:10:00,1010.3366666666666
2026-07-24 16:20:00,1010.36
2026-07-24 16:30:00,1010.5566666666667
2026-07-24 16:40:00,1010.56
2026-07-24 16:50:00,1010.8533333333334
2026-07-24 17:00:00,1011.235
2026-07-24 17:10:00,1011.4533333333334
2026-07-24 17:20:00,1011.56
2026-07-24 17:30:00,1011.6566666666668
2026-07-24 17:40:00,1011.7
2026-07-24 17:50:00,1011.8633333333333
2026-07-24 18:00:00,1011.965
2026-07-24 18:10:00,1012.0366666666665
2026-07-24 18:20:00,1012.08
2026-07-24 18:30:00,1012.1833333333334
2026-07-24 18:40:00,1012.3
2026-07-24 18:50:00,1012.3733333333333
2026-07-24 19:00:00,1012.49
2026-07-24 19:10:00,1012.5333333333333
2026-07-24 19:20:00,1012.6750000000001
2026-07-24 19:30:00,1012.86
2026-07-24 19:40:00,1012.8950000000001
2026-07-24 19:50:00,1012.9466666666667
2026-07-24 20:00:00,1012.985
2026-07-24 20:10:00,1013.0225
2026-07-24 20:20:00,1013.06
2026-07-24 20:30:00,1013.1366666666668
2026-07-24 20:40:00,1013.0899999999999
2026-07-24 20:50:00,1013.12
2026-07-24 21:00:00,1013.1750000000001
2026-07-24 21:10:00,1013.2599999999999
2026-07-24 21:20:00,1013.34
2026-07-24 21:30:00,1013.36
2026-07-24 21:40:00,1013.3499999999999
2026-07-24 21:50:00,1013.3833333333333
2026-07-24 22:00:00,1013.3149999999999
2026-07-24 22:10:00,1013.2733333333332
2026-07-24 22:20:00,1013.24
2026-07-24 22:30:00,1013.1333333333333
2026-07-24 22:40:00,1012.95
2026-07-24 22:50:00,1012.9100000000002
2026-07-24 23:00:00,1013.02
2026-07-24 23:10:00,1013.0633333333332
2026-07-24 23:20:00,1013.0799999999999
2026-07-24 23:30:00,1013.0333333333333
2026-07-24 23:40:00,1013.05
2026-07-24 23:50:00,1013.12
2026-07-25 00:00:00,1013.205
2026-07-25 00:10:00,1013.1600000000002
2026-07-25 00:20:00,1013.1350000000001
2026-07-25 00:30:00,1012.9900000000001
2026-07-25 00:40:00,1012.8800000000001
2026-07-25 00:50:00,1012.8633333333333
2026-07-25 01:00:00,1012.8199999999999
2026-07-25 01:10:00,1012.71
2026-07-25 01:20:00,1012.6600000000001
2026-07-25 01:30:00,1012.56
2026-07-25 01:40:00,1012.3950000000001
2026-07-25 01:50:00,1012.2133333333335
2026-07-25 02:00:00,1012.095
2026-07-25 02:10:00,1011.9666666666667
2026-07-25 02:20:00,1011.855
2026-07-25 02:30:00,1011.7433333333333
2026-07-25 02:40:00,1011.82
2026-07-25 02:50:00,1011.89
2026-07-25 03:00:00,1011.9250000000001
2026-07-25 03:10:00,1012.06
2026-07-25 03:20:00,1012.055
2026-07-25 03:30:00,1012.0333333333333
2026-07-25 03:40:00,1012.06
2026-07-25 03:50:00,1012.0766666666665
2026-07-25 04:00:00,1012.055
2026-07-25 04:10:00,1012.0799999999999
2026-07-25 04:20:00,1012.135
2026-07-25 04:30:00,1012.1233333333333
2026-07-25 04:40:00,1012.1800000000001
2026-07-25 04:50:00,1012.1766666666667
2026-07-25 05:00:00,1012.235
2026-07-25 05:10:00,1012.285
2026-07-25 05:20:00,1012.3533333333331
2026-07-25 05:30:00,1012.4350000000001
2026-07-25 05:40:00,1012.5366666666665
2026-07-25 05:50:00,1012.59
2026-07-25 06:00:00,1012.75
2026-07-25 06:10:00,1012.8950000000001
2026-07-25 06:20:00,1012.8833333333333
2026-07-25 06:30:00,1012.9350000000001
2026-07-25 06:40:00,1013.1466666666666
2026-07-25 06:50:00,1013.3299999999999
2026-07-25 07:00:00,1013.3499999999999
2026-07-25 07:10:00,1013.3249999999999
2026-07-25 07:20:00,1013.2966666666666
2026-07-25 07:30:00,1013.4350000000001
2026-07-25 07:40:00,1013.4699999999999
2026-07-25 07:50:00,1013.565
2026-07-25 08:00:00,1013.6466666666669
2026-07-25 08:10:00,1013.745
2026-07-25 08:20:00,1013.715
2026-07-25 08:30:00,1013.75
2026-07-25 08:40:00,1013.78
2026-07-25 08:50:00,1013.64
2026-07-25 09:00:00,1013.6200000000001
2026-07-25 09:10:00,1013.7633333333333
2026-07-25 09:20:00,1013.885
2026-07-25 09:30:00,1014.0233333333332
2026-07-25 09:40:00,1014.03
2026-07-25 09:50:00,1014.1766666666666
2026-07-25 10:00:00,1014.19
2026-07-25 10:10:00,1014.2566666666667
2026-07-25 10:20:00,1014.265
2026-07-25 10:30:00,1014.2033333333334
2026-07-25 10:40:00,1014.015
2026-07-25 10:50:00,1013.9166666666666
2026-07-25 11:00:00,1013.8149999999999
2026-07-25 11:10:00,1013.7266666666668
2026-07-25 11:20:00,1013.6850000000001
2026-07-25 11:30:00,1013.54
2026-07-25 11:40:00,1013.405
2026-07-25 11:50:00,1013.3699999999999
2026-07-25 12:00:00,1013.3349999999999
2026-07-25 12:10:00,1013.27
2026-07-25 12:20:00,1013.24
2026-07-25 12:30:00,1013.0499999999998
2026-07-25 12:40:00,1012.955
2026-07-25 12:50:00,1012.8933333333333
2026-07-25 13:00:00,1012.72
2026-07-25 13:10:00,1012.6333333333333
2026-07-25 13:20:00,1012.445
2026-07-25 13:30:00,1012.4233333333335
2026-07-25 13:40:00,1012.51
2026-07-25 13:50:00,1012.485
2026-07-25 14:00:00,1012.3833333333332
2026-07-25 14:10:00,1012.4100000000001
2026-07-25 14:20:00,1012.4666666666667
2026-07-25 14:30:00,1012.3349999999999
2026-07-25 14:40:00,1012.1933333333333
2026-07-25 14:50:00,1012.295
2026-07-25 15:00:00,1012.1533333333333
2026-07-25 15:10:00,1011.895
2026-07-25 15:20:00,1012.0566666666667
2026-07-25 15:30:00,1012
2026-07-25 15:40:00,1011.9566666666666
2026-07-25 15:50:00,1012.05
2026-07-25 16:00:00,1012.0066666666667
2026-07-25 16:10:00,1012.01
2026-07-25 16:20:00,1012.1733333333333
2026-07-25 16:30:00,1012.19
2026-07-25 16:40:00,1012.2633333333333
2026-07-25 16:50:00,1012.3399999999999
2026-07-25 17:00:00,1012.25
2026-07-25 17:10:00,1012.1550000000001
2026-07-25 17:20:00,1012.2533333333334
2026-07-25 17:30:00,1012.535
2026-07-25 17:40:00,1012.7466666666666
2026-07-25 17:50:00,1012.6450000000001
2026-07-25 18:00:00,1012.6600000000002
2026-07-25 18:10:00,1012.72
2026-07-25 18:20:00,1012.8100000000001
2026-07-25 18:30:00,1012.945
2026-07-25 18:40:00,1012.98
2026-07-25 18:50:00,1012.9300000000001
2026-07-25 19:00:00,1012.8299999999999
2026-07-25 19:10:00,1012.805
2026-07-25 19:20:00,1012.9466666666667
2026-07-25 19:30:00,1013.0749999999999
2026-07-25 19:40:00,1013.1466666666666
2026-07-25 19:50:00,1013.15
2026-07-25 20:00:00,1013.0833333333334
2026-07-25 20:10:00,1013.1650000000001
2026-07-25 20:20:00,1013.1866666666668
2026-07-25 20:30:00,1013.23
2026-07-25 20:40:00,1013.2133333333335
2026-07-25 20:50:00,1013.21
2026-07-25 21:00:00,1013.2833333333333
2026-07-25 21:10:00,1013.3299999999999
2026-07-25 21:20:00,1013.44
2026-07-25 21:30:00,1013.45
2026-07-25 21:40:00,1013.4933333333333
2026-07-25 21:50:00,1013.515
2026-07-25 22:00:00,1013.5333333333333
2026-07-25 22:10:00,1013.545
2026-07-25 22:20:00,1013.4166666666666
2026-07-25 22:30:00,1013.3900000000001
2026-07-25 22:40:00,1013.4100000000002
2026-07-25 22:50:00,1013.44
2026-07-25 23:00:00,1013.4766666666668
2026-07-25 23:10:00,1013.3850000000001
2026-07-25 23:20:00,1013.3666666666668
2026-07-25 23:30:00,1013.365
2026-07-25 23:40:00,1013.2999999999998
2026-07-25 23:50:00,1013.2
2026-07-26 00:00:00,1013.1566666666668
2026-07-26 00:10:00,1013.115
2026-07-26 00:20:00,1013.1066666666666
2026-07-26 00:30:00,1013.015
2026-07-26 00:40:00,1012.97
2026-07-26 00:50:00,1012.8000000000001
2026-07-26 01:00:00,1012.6600000000001
2026-07-26 01:10:00,1012.6366666666667
2026-07-26 01:20:00,1012.595
2026-07-26 01:30:00,1012.5333333333333
2026-07-26 01:40:00,1012.465
2026-07-26 01:50:00,1012.4200000000001
2026-07-26 02:00:00,1012.3399999999999
2026-07-26 02:10:00,1012.2333333333332
2026-07-26 02:20:00,1012.31
2026-07-26 02:30:00,1012.3533333333334
2026-07-26 02:40:00,1012.485
2026-07-26 02:50:00,1012.5066666666667
2026-07-26 03:00:00,1012.4150000000001
2026-07-26 03:10:00,1012.3633333333333
2026-07-26 03:20:00,1012.225
2026-07-26 03:30:00,1012.25
2026-07-26 03:40:00,1012.4000000000001
2026-07-26 03:50:00,1012.4000000000001
2026-07-26 04:00:00,1012.505
2026-07-26 04:10:00,1012.3033333333333
2026-07-26 04:20:00,1012.3599999999999
2026-07-26 04:30:00,1012.3333333333334
2026-07-26 04:40:00,1012.45
2026-07-26 04:50:00,1012.4633333333335
2026-07-26 05:00:00,1012.545
2026-07-26 05:10:00,1012.6233333333333
2026-07-26 05:20:00,1012.6750000000001
2026-07-26 05:30:00,1012.7066666666666
2026-07-26 05:40:00,1012.6850000000001
2026-07-26 05:50:00,1012.6466666666669
2026-07-26 06:00:00,1012.705
2026-07-26 06:10:00,1012.8833333333333
2026-07-26 06:20:00,1012.98
2026-07-26 06:30:00,1013.0433333333334
2026-07-26 06:40:00,1013.045
2026-07-26 06:50:00,1013.1666666666666
2026-07-26 07:00:00,1013.3149999999999
2026-07-26 07:10:00,1013.4500000000002
2026-07-26 07:20:00,1013.54
2026-07-26 07:30:00,1013.4500000000002
2026-07-26 07:40:00,1013.485
2026-07-26 07:50:00,1013.6233333333333
2026-07-26 08:00:00,1013.625
2026-07-26 08:10:00,1013.86
2026-07-26 08:20:00,1014
2026-07-26 08:30:00,1014.1366666666668
2026-07-26 08:40:00,1014.0849999999999
2026-07-26 08:50:00,1014.0433333333334
2026-07-26 09:00:00,1014.0699999999999
2026-07-26 09:10:00,1013.9900000000001
2026-07-26 09:20:00,1013.9350000000001
2026-07-26 09:30:00,1014.0333333333333
2026-07-26 09:40:00,1013.975
2026-07-26 09:50:00,1013.8966666666669
2026-07-26 10:00:00,1013.76
2026-07-26 10:10:00,1013.8566666666666
2026-07-26 10:20:00,1013.765
2026-07-26 10:30:00,1013.7833333333333
2026-07-26 10:40:00,1013.73
2026-07-26 10:50:00,1013.6033333333334
2026-07-26 11:00:00,1013.535
2026-07-26 11:10:00,1013.3266666666667
2026-07-26 11:20:00,1013.24
2026-07-26 11:30:00,1013.1700000000001
2026-07-26 11:40:00,1013.225
2026-07-26 11:50:00,1013.1750000000001
2026-07-26 12:00:00,1013.2166666666667
2026-07-26 12:10:00,1013.165
2026-07-26 12:20:00,1012.9933333333333
2026-07-26 12:30:00,1012.9100000000001
2026-07-26 12:40:00,1012.8800000000001
2026-07-26 12:50:00,1012.86
2026-07-26 13:00:00,1012.6333333333332
2026-07-26 13:10:00,1012.425
2026-07-26 13:20:00,1012.07
2026-07-26 13:30:00,1011.965
2026-07-26 13:40:00,1012.2466666666666
2026-07-26 13:50:00,1012.1600000000001
2026-07-26 14:00:00,1012
2026-07-26 14:10:00,1012.02
2026-07-26 14:20:00,1011.7800000000001
2026-07-26 14:30:00,1011.955
2026-07-26 14:40:00,1011.9933333333333
2026-07-26 14:50:00,1012.0899999999999
2026-07-26 15:00:00,1011.8966666666665
2026-07-26 15:10:00,1011.795
2026-07-26 15:20:00,1011.8166666666666
2026-07-26 15:30:00,1011.59
2026-07-26 15:40:00,1011.6033333333334
2026-07-26 15:50:00,1011.605
2026-07-26 16:00:00,1011.5833333333334
2026-07-26 16:10:00,1011.68
2026-07-26 16:20:00,1011.9699999999999
2026-07-26 16:30:00,1012.4100000000001
2026-07-26 16:40:00,1012.5733333333334
2026-07-26 16:50:00,1012.3199999999999
2026-07-26 17:00:00,1012.2833333333333
2026-07-26 17:10:00,1012.485
2026-07-26 17:20:00,1012.4766666666668
2026-07-26 17:30:00,1012.5
2026-07-26 17:40:00,1012.3766666666667
2026-07-26 17:50:00,1012.31
2026-07-26 18:00:00,1012.6566666666668
2026-07-26 18:10:00,1013.005
2026-07-26 18:20:00,1013.0899999999998
2026-07-26 18:30:00,1012.965
2026-07-26 18:40:00,1012.7333333333332
2026-07-26 18:50:00,1012.76
2026-07-26 19:00:00,1012.9133333333333
2026-07-26 19:10:00,1013.0999999999999
2026-07-26 19:20:00,1013.2199999999999
2026-07-26 19:30:00,1013.1600000000001
2026-07-26 19:40:00,1013.3000000000001
2026-07-26 19:50:00,1013.3750000000001
2026-07-26 20:00:00,1013.4033333333333
2026-07-26 20:10:00,1013.4250000000001
2026-07-26 20:20:00,1013.4666666666667
2026-07-26 20:30:00,1013.5699999999999
2026-07-26 20:40:00,1013.6600000000002
2026-07-26 20:50:00,1013.6700000000001
2026-07-26 21:00:00,1013.7033333333334
2026-07-26 21:10:00,1013.6750000000001
2026-07-26 21:20:00,1013.7199999999999
2026-07-26 21:30:00,1013.8549999999999
2026-07-26 21:40:00,1013.8299999999999
2026-07-26 21:50:00,1013.735
2026-07-26 22:00:00,1013.5966666666667
2026-07-26 22:10:00,1013.69
2026-07-26 22:20:00,1013.7233333333334
2026-07-26 22:30:00,1013.6800000000001
2026-07-26 22:40:00,1013.5866666666666
2026-07-26 22:50:00,1013.48
2026-07-26 23:00:00,1013.3750000000001
2026-07-26 23:10:00,1013.4100000000002
2026-07-26 23:20:00,1013.4000000000001
2026-07-26 23:30:00,1013.3666666666667
2026-07-26 23:40:00,1013.27
2026-07-26 23:50:00,1013.18
2026-07-27 00:00:00,1013.21
2026-07-27 00:10:00,1013.0833333333334
2026-07-27 00:20:00,1013.02
2026-07-27 00:30:00,1012.9366666666668
2026-07-27 00:40:00,1012.8800000000001
2026-07-27 00:50:00,1012.79
2026-07-27 01:00:00,1012.605
2026-07-27 01:10:00,1012.4433333333333
2026-07-27 01:20:00,1012.37
2026-07-27 01:30:00,1012.2400000000001
2026-07-27 01:40:00,1012.0999999999999
2026-07-27 01:50:00,1012.0733333333333
2026-07-27 02:00:00,1011.955
2026-07-27 02:10:00,1011.9566666666666
2026-07-27 02:20:00,1011.9350000000001
2026-07-27 02:30:00,1011.7066666666666
2026-07-27 02:40:00,1011.56
2026-07-27 02:50:00,1011.5
2026-07-27 03:00:00,1011.5649999999999
2026-07-27 03:10:00,1011.6133333333333
2026-07-27 03:20:00,1011.585
2026-07-27 03:30:00,1011.4533333333334
2026-07-27 03:40:00,1011.45
2026-07-27 03:50:00,1011.4200000000001
2026-07-27 04:00:00,1011.345
2026-07-27 04:10:00,1011.3866666666668
2026-07-27 04:20:00,1011.37
2026-07-27 04:30:00,1011.3533333333334
2026-07-27 04:40:00,1011.3199999999999
2026-07-27 04:50:00,1011.3033333333333
2026-07-27 05:00:00,1011.355
2026-07-27 05:10:00,1011.4466666666667
2026-07-27 05:20:00,1011.455
2026-07-27 05:30:00,1011.4666666666667
2026-07-27 05:40:00,1011.485
2026-07-27 05:50:00,1011.69
2026-07-27 06:00:00,1011.895
2026-07-27 06:10:00,1012.1333333333332
2026-07-27 06:20:00,1012.1800000000001
2026-07-27 06:30:00,1012.0799999999999
2026-07-27 06:40:00,1012.0749999999999
2026-07-27 06:50:00,1012.2133333333335
2026-07-27 07:00:00,1012.245
2026-07-27 07:10:00,1012.2833333333334
2026-07-27 07:20:00,1012.4250000000001
2026-07-27 07:30:00,1012.5266666666666
2026-07-27 07:40:00,1012.645
2026-07-27 07:50:00,1012.6266666666667
2026-07-27 08:00:00,1012.72
2026-07-27 08:10:00,1012.9866666666667
2026-07-27 08:20:00,1013
2026-07-27 08:30:00,1013.12
2026-07-27 08:40:00,1013.1500000000001
2026-07-27 08:50:00,1013.0899999999998
2026-07-27 09:00:00,1013.1500000000001
2026-07-27 09:10:00,1013.2833333333333
2026-07-27 09:20:00,1013.3199999999999
2026-07-27 09:30:00,1013.3333333333334
2026-07-27 09:40:00,1013.2950000000001
2026-07-27 09:50:00,1013.2466666666666
2026-07-27 10:00:00,1013.3299999999999
2026-07-27 10:10:00,1013.3566666666666
2026-07-27 10:20:00,1013.33
2026-07-27 10:30:00,1013.39
2026-07-27 10:40:00,1013.3249999999999
2026-07-27 10:50:00,1013.3433333333332
2026-07-27 11:00:00,1013.1850000000001
2026-07-27 11:10:00,1012.9699999999999
2026-07-27 11:20:00,1012.9
2026-07-27 11:30:00,1012.8800000000001
2026-07-27 11:40:00,1012.69
2026-07-27 11:50:00,1012.7400000000001
2026-07-27 12:00:00,1012.705
2026-07-27 12:10:00,1012.6133333333333
2026-07-27 12:20:00,1012.505
2026-07-27 12:30:00,1012.2199999999999
2026-07-27 12:40:00,1012.08
2026-07-27 12:50:00,1011.9166666666666
2026-07-27 13:00:00,1011.855
2026-07-27 13:10:00,1011.8299999999999
2026-07-27 13:20:00,1011.6966666666667
2026-07-27 13:30:00,1011.5600000000001
2026-07-27 13:40:00,1011.4033333333333
2026-07-27 13:50:00,1011.375
2026-07-27 14:00:00,1011.2666666666668
2026-07-27 14:10:00,1011.1633333333334
2026-07-27 14:20:00,1011.2199999999999
2026-07-27 14:30:00,1011.326
2026-07-27 14:40:00,1011.3333333333334
2026-07-27 14:50:00,1011.3033333333333
2026-07-27 15:00:00,1011.2400000000001
2026-07-27 15:10:00,1011.1666666666666
2026-07-27 15:20:00,1011.0374999999999
2026-07-27 15:30:00,1011.0274999999999
2026-07-27 15:40:00,1011.02
2026-07-27 15:50:00,1011.0366666666665
2026-07-27 16:00:00,1011
2026-07-27 16:10:00,1011.0266666666666
2026-07-27 16:20:00,1011.005
2026-07-27 16:30:00,1011.06
2026-07-27 16:40:00,1011.265
2026-07-27 16:50:00,1011.32
2026-07-27 17:00:00,1011.195
2026-07-27 17:10:00,1011.2566666666667
2026-07-27 17:20:00,1011.46
2026-07-27 17:30:00,1011.38
2026-07-27 17:40:00,1011.3299999999999
2026-07-27 17:50:00,1011.515
2026-07-27 18:00:00,1011.3366666666666
2026-07-27 18:10:00,1011.3349999999999
2026-07-27 18:20:00,1011.3333333333334
2026-07-27 18:30:00,1011.28
2026-07-27 18:40:00,1011.4233333333333
2026-07-27 18:50:00,1011.67
2026-07-27 19:00:00,1011.8166666666666
2026-07-27 19:10:00,1011.95
2026-07-27 19:20:00,1012.0566666666667
2026-07-27 19:30:00,1012.375
2026-07-27 19:40:00,1012.1833333333334
2026-07-27 19:50:00,1012.025
2026-07-27 20:00:00,1012.1566666666668
2026-07-27 20:10:00,1012.345
2026-07-27 20:20:00,1012.5266666666666
2026-07-27 20:30:00,1012.6850000000001
2026-07-27 20:40:00,1012.81
2026-07-27 20:50:00,1012.8249999999999
2026-07-27 21:00:00,1012.9133333333334
2026-07-27 21:10:00,1013.08
2026-07-27 21:20:00,1013.2033333333334
2026-07-27 21:30:00,1013.3750000000001
2026-07-27 21:40:00,1013.3266666666665
2026-07-27 21:50:00,1013.28
2026-07-27 22:00:00,1013.2566666666667
2026-07-27 22:10:00,1013.4150000000001
2026-07-27 22:20:00,1013.2966666666667
2026-07-27 22:30:00,1013.065
2026-07-27 22:40:00,1012.9066666666668
2026-07-27 22:50:00,1012.9200000000001
2026-07-27 23:00:00,1012.9233333333335
2026-07-27 23:10:00,1012.9050000000001
2026-07-27 23:20:00,1012.8299999999999
2026-07-27 23:30:00,1012.75
2026-07-27 23:40:00,1012.7133333333335
2026-07-27 23:50:00,1012.6300000000001
2026-07-28 00:00:00,1012.5600000000001
2026-07-28 00:10:00,1012.375
2026-07-28 00:20:00,1012.27
2026-07-28 00:30:00,1011.96
2026-07-28 00:40:00,1011.7866666666665
2026-07-28 00:50:00,1011.6500000000001
2026-07-28 01:00:00,1011.5799999999999
2026-07-28 01:10:00,1011.5999999999999
2026-07-28 01:20:00,1011.6466666666669
2026-07-28 01:30:00,1011.495
2026-07-28 01:40:00,1011.4533333333334
2026-07-28 01:50:00,1011.375
2026-07-28 02:00:00,1011.1666666666666
2026-07-28 02:10:00,1011.03
2026-07-28 02:20:00,1010.9933333333333
2026-07-28 02:30:00,1010.985
2026-07-28 02:40:00,1011.0266666666666
2026-07-28 02:50:00,1011.1600000000001
2026-07-28 03:00:00,1011.1266666666667
2026-07-28 03:10:00,1011.015
2026-07-28 03:20:00,1011.0099999999999
2026-07-28 03:30:00,1011.1400000000001
2026-07-28 03:40:00,1011.0366666666665
2026-07-28 03:50:00,1010.9100000000001
2026-07-28 04:00:00,1010.8149999999999
2026-07-28 04:10:00,1010.8066666666667
2026-07-28 04:20:00,1010.72
2026-07-28 04:30:00,1010.6433333333334
2026-07-28 04:40:00,1010.61
2026-07-28 04:50:00,1010.5833333333334
2026-07-28 05:00:00,1010.5699999999999
2026-07-28 05:10:00,1010.5733333333333
2026-07-28 05:20:00,1010.595
2026-07-28 05:30:00,1010.6933333333333
2026-07-28 05:40:00,1010.69
2026-07-28 05:50:00,1010.7833333333333
2026-07-28 06:00:00,1010.86
2026-07-28 06:10:00,1011.0166666666668
2026-07-28 06:20:00,1011.1800000000001
2026-07-28 06:30:00,1011.2566666666667
2026-07-28 06:40:00,1011.36
2026-07-28 06:50:00,1011.5600000000001
2026-07-28 07:00:00,1011.825
2026-07-28 07:10:00,1011.8833333333333
2026-07-28 07:20:00,1011.865
2026-07-28 07:30:00,1011.93
2026-07-28 07:40:00,1012.105
2026-07-28 07:50:00,1012.14
2026-07-28 08:00:00,1012.1850000000001
2026-07-28 08:10:00,1012.32
2026-07-28 08:20:00,1012.455
2026-07-28 08:30:00,1012.3466666666667
2026-07-28 08:40:00,1012.38
2026-07-28 08:50:00,1012.4533333333334
2026-07-28 09:00:00,1012.49
2026-07-28 09:10:00,1012.4500000000002
2026-07-28 09:20:00,1012.4250000000001
2026-07-28 09:30:00,1012.4233333333335
2026-07-28 09:40:00,1012.4250000000001
2026-07-28 09:50:00,1012.4366666666668
2026-07-28 10:00:00,1012.4
2026-07-28 10:10:00,1012.4000000000001
2026-07-28 10:20:00,1012.445
2026-07-28 10:30:00,1012.3666666666667
2026-07-28 10:40:00,1012.265
2026-07-28 10:50:00,1012.1466666666669
2026-07-28 11:00:00,1012.0550000000001
2026-07-28 11:10:00,1011.9500000000002
2026-07-28 11:20:00,1011.79
2026-07-28 11:30:00,1011.69
2026-07-28 11:40:00,1011.6550000000001
2026-07-28 11:50:00,1011.6666666666666
2026-07-28 12:00:00,1011.69
2026-07-28 12:10:00,1011.6666666666666
2026-07-28 12:20:00,1011.6750000000001
2026-07-28 12:30:00,1011.6600000000002
2026-07-28 12:40:00,1011.6750000000001
2026-07-28 12:50:00,1011.5533333333333
2026-07-28 13:00:00,1011.38
2026-07-28 13:10:00,1011.2599999999999
2026-07-28 13:20:00,1011.125
2026-07-28 13:30:00,1011.0033333333334
2026-07-28 13:40:00,1010.9200000000001
2026-07-28 13:50:00,1010.8266666666665
2026-07-28 14:00:00,1010.6550000000001
2026-07-28 14:10:00,1010.5
2026-07-28 14:20:00,1010.27
2026-07-28 14:30:00,1010.1933333333333
2026-07-28 14:40:00,1010.25
2026-07-28 14:50:00,1010.14
2026-07-28 15:00:00,1010.06
2026-07-28 15:10:00,1009.9533333333334
2026-07-28 15:20:00,1009.9150000000001
2026-07-28 15:30:00,1009.945
2026-07-28 15:40:00,1009.8666666666668
2026-07-28 15:50:00,1009.74
2026-07-28 16:00:00,1009.77
2026-07-28 16:10:00,1009.6350000000001
2026-07-28 16:20:00,1009.7466666666666
2026-07-28 16:30:00,1009.86
2026-07-28 16:40:00,1009.9966666666666
2026-07-28 16:50:00,1010.065
2026-07-28 17:00:00,1010.1166666666668
2026-07-28 17:10:00,1010.4350000000001
2026-07-28 17:20:00,1010.4433333333333
2026-07-28 17:30:00,1010.57
2026-07-28 17:40:00,1010.65
2026-07-28 17:50:00,1010.715
2026-07-28 18:00:00,1010.8666666666667
2026-07-28 18:10:00,1011.08
2026-07-28 18:20:00,1011.2766666666666
2026-07-28 18:30:00,1011.295
2026-07-28 18:40:00,1011.2433333333333
2026-07-28 18:50:00,1011.33
2026-07-28 19:00:00,1011.6
2026-07-28 19:10:00,1011.735
2026-07-28 19:20:00,1011.8399999999998
2026-07-28 19:30:00,1011.8399999999999
2026-07-28 19:40:00,1011.8699999999999
2026-07-28 19:50:00,1011.985
2026-07-28 20:00:00,1012.07
2026-07-28 20:10:00,1011.98
2026-07-28 20:20:00,1011.9500000000002
2026-07-28 20:30:00,1012.05
2026-07-28 20:40:00,1012.0966666666667
2026-07-28 20:50:00,1012.225
2026-07-28 21:00:00,1012.3666666666668
2026-07-28 21:10:00,1012.4050000000001
2026-07-28 21:20:00,1012.5333333333333
2026-07-28 21:30:00,1012.5799999999999
2026-07-28 21:40:00,1012.5866666666667
2026-07-28 21:50:00,1012.615
2026-07-28 22:00:00,1012.6133333333333
2026-07-28 22:10:00,1012.5899999999999
2026-07-28 22:20:00,1012.5666666666666
2026-07-28 22:30:00,1012.525
2026-07-28 22:40:00,1012.6266666666667
2026-07-28 22:50:00,1012.615
2026-07-28 23:00:00,1012.6033333333334
2026-07-28 23:10:00,1012.5699999999999
2026-07-28 23:20:00,1012.48
2026-07-28 23:30:00,1012.4150000000001
2026-07-28 23:40:00,1012.2999999999998
2026-07-28 23:50:00,1012.22
2026-07-29 00:00:00,1012.13
2026-07-29 00:10:00,1011.97
2026-07-29 00:20:00,1011.8266666666667
2026-07-29 00:30:00,1011.71
2026-07-29 00:40:00,1011.5666666666666
2026-07-29 00:50:00,1011.475
2026-07-29 01:00:00,1011.3266666666667
2026-07-29 01:10:00,1011.1600000000001
2026-07-29 01:20:00,1011.1233333333333
2026-07-29 01:30:00,1010.965
2026-07-29 01:40:00,1010.7599999999999
2026-07-29 01:50:00,1010.6800000000001
2026-07-29 02:00:00,1010.6066666666667
2026-07-29 02:10:00,1010.505
2026-07-29 02:20:00,1010.5166666666668
2026-07-29 02:30:00,1010.545
2026-07-29 02:40:00,1010.4533333333334
2026-07-29 02:50:00,1010.3750000000001
2026-07-29 03:00:00,1010.3533333333334
2026-07-29 03:10:00,1010.305
2026-07-29 03:20:00,1010.305
2026-07-29 03:30:00,1010.1766666666667
2026-07-29 03:40:00,1010.1850000000001
2026-07-29 03:50:00,1010.1933333333333
2026-07-29 04:00:00,1010.1600000000001
2026-07-29 04:10:00,1010.3666666666668
2026-07-29 04:20:00,1010.375
2026-07-29 04:30:00,1010.3533333333334
2026-07-29 04:40:00,1010.36
2026-07-29 04:50:00,1010.2966666666666
2026-07-29 05:00:00,1010.3449999999999
2026-07-29 05:10:00,1010.3433333333332
2026-07-29 05:20:00,1010.3950000000001
2026-07-29 05:30:00,1010.35
2026-07-29 05:40:00,1010.4350000000001
2026-07-29 05:50:00,1010.6166666666667
2026-07-29 06:00:00,1010.7
2026-07-29 06:10:00,1010.8833333333333
2026-07-29 06:20:00,1010.965
2026-07-29 06:30:00,1011.0533333333333
2026-07-29 06:40:00,1011.1800000000001
2026-07-29 06:50:00,1011.2433333333333
2026-07-29 07:00:00,1011.445
2026-07-29 07:10:00,1011.6466666666666
2026-07-29 07:20:00,1011.775
2026-07-29 07:30:00,1011.7133333333335
2026-07-29 07:40:00,1011.6700000000001
2026-07-29 07:50:00,1011.7599999999999
2026-07-29 08:00:00,1011.785
2026-07-29 08:10:00,1011.86
2026-07-29 08:20:00,1011.89
2026-07-29 08:30:00,1012.0066666666667
2026-07-29 08:40:00,1012.12
2026-07-29 08:50:00,1011.9633333333335
2026-07-29 09:00:00,1012.025
2026-07-29 09:10:00,1012.0633333333334
2026-07-29 09:20:00,1012.0699999999999
2026-07-29 09:30:00,1012.0500000000001
2026-07-29 09:40:00,1012.0899999999999
2026-07-29 09:50:00,1012.11
2026-07-29 10:00:00,1012.225
2026-07-29 10:10:00,1012.2199999999999
2026-07-29 10:20:00,1012.1550000000001
2026-07-29 10:30:00,1012.18
2026-07-29 10:40:00,1012.1600000000001
2026-07-29 10:50:00,1012.0600000000001
2026-07-29 11:00:00,1011.8399999999999
2026-07-29 11:10:00,1011.84
2026-07-29 11:20:00,1011.74
2026-07-29 11:30:00,1011.7599999999999
2026-07-29 11:40:00,1011.63
2026-07-29 11:50:00,1011.4666666666667
2026-07-29 12:00:00,1011.44
2026-07-29 12:10:00,1011.2599999999999
2026-07-29 12:20:00,1011.055
2026-07-29 12:30:00,1011.0749999999999
2026-07-29 12:40:00,1011.0233333333332
2026-07-29 12:50:00,1010.96
2026-07-29 13:00:00,1010.8533333333334
2026-07-29 13:10:00,1010.7
2026-07-29 13:20:00,1010.64
2026-07-29 13:30:00,1010.535
2026-07-29 13:40:00,1010.3800000000001
2026-07-29 13:50:00,1010.1600000000001
2026-07-29 14:00:00,1010.0233333333332
2026-07-29 14:10:00,1009.835
2026-07-29 14:20:00,1009.7999999999998
2026-07-29 14:30:00,1009.6850000000001
2026-07-29 14:40:00,1009.7333333333332
2026-07-29 14:50:00,1009.715
2026-07-29 15:00:00,1009.5966666666667
2026-07-29 15:10:00,1009.71
2026-07-29 15:20:00,1009.8066666666667
2026-07-29 15:30:00,1009.815
2026-07-29 15:40:00,1009.6533333333333
2026-07-29 15:50:00,1009.495
2026-07-29 16:00:00,1009.4733333333334
2026-07-29 16:10:00,1009.595
2026-07-29 16:20:00,1009.5799999999999
2026-07-29 16:30:00,1009.545
2026-07-29 16:40:00,1009.5866666666667
2026-07-29 16:50:00,1009.725
2026-07-29 17:00:00,1009.75
2026-07-29 17:10:00,1009.745
2026-07-29 17:20:00,1009.7466666666666
2026-07-29 17:30:00,1009.8399999999999
2026-07-29 17:40:00,1009.7199999999999
2026-07-29 17:50:00,1009.9
2026-07-29 18:00:00,1010.14
2026-07-29 18:10:00,1010.035
2026-07-29 18:20:00,1010.0866666666666
2026-07-29 18:30:00,1010.11
2026-07-29 18:40:00,1010.2066666666666
2026-07-29 18:50:00,1010.3449999999999
2026-07-29 19:00:00,1010.5033333333334
2026-07-29 19:10:00,1010.56
2026-07-29 19:20:00,1010.62
2026-07-29 19:30:00,1010.59
2026-07-29 19:40:00,1010.73
2026-07-29 19:50:00,1010.865
2026-07-29 20:00:00,1010.8399999999998
2026-07-29 20:10:00,1010.87
2026-07-29 20:20:00,1011.0433333333334
2026-07-29 20:30:00,1011.045
2026-07-29 20:40:00,1011.1199999999999
2026-07-29 20:50:00,1011.275
2026-07-29 21:00:00,1011.3566666666666
2026-07-29 21:10:00,1011.55
2026-07-29 21:20:00,1011.6633333333334
2026-07-29 21:30:00,1011.74
2026-07-29 21:40:00,1011.77
2026-07-29 21:50:00,1011.8950000000001
2026-07-29 22:00:00,1011.96
2026-07-29 22:10:00,1012.0699999999999
2026-07-29 22:20:00,1012.0466666666666
2026-07-29 22:30:00,1011.955
2026-07-29 22:40:00,1011.8433333333332
2026-07-29 22:50:00,1011.745
2026-07-29 23:00:00,1011.7400000000001
2026-07-29 23:10:00,1011.6650000000001
2026-07-29 23:20:00,1011.6633333333333
2026-07-29 23:30:00,1011.5949999999999
2026-07-29 23:40:00,1011.555
2026-07-29 23:50:00,1011.4500000000002
2026-07-30 00:00:00,1011.385
2026-07-30 00:10:00,1011.2000000000002
2026-07-30 00:20:00,1011.0450000000001
2026-07-30 00:30:00,1010.93
2026-07-30 00:40:00,1010.955
2026-07-30 00:50:00,1010.8333333333334
2026-07-30 01:00:00,1010.6450000000001
2026-07-30 01:10:00,1010.5933333333332
2026-07-30 01:20:00,1010.625
2026-07-30 01:30:00,1010.4900000000001
2026-07-30 01:40:00,1010.495
2026-07-30 01:50:00,1010.4366666666668
2026-07-30 02:00:00,1010.29
2026-07-30 02:10:00,1010.2466666666666
2026-07-30 02:20:00,1010.1300000000001
2026-07-30 02:30:00,1010.25
2026-07-30 02:40:00,1010.245
2026-07-30 02:50:00,1010.2466666666666
2026-07-30 03:00:00,1010.115
2026-07-30 03:10:00,1010.0933333333332
2026-07-30 03:20:00,1010.035
2026-07-30 03:30:00,1010.0733333333333
2026-07-30 03:40:00,1010.1300000000001
2026-07-30 03:50:00,1010.1233333333333
2026-07-30 04:00:00,1010.115
2026-07-30 04:10:00,1010.1033333333335
2026-07-30 04:20:00,1010.1650000000001
2026-07-30 04:30:00,1010.0866666666667
2026-07-30 04:40:00,1010.0749999999999
2026-07-30 04:50:00,1010.1266666666667
2026-07-30 05:00:00,1010.11
2026-07-30 05:10:00,1010.1866666666668
2026-07-30 05:20:00,1010.295
2026-07-30 05:30:00,1010.2066666666666
2026-07-30 05:40:00,1010.35
2026-07-30 05:50:00,1010.4966666666666
2026-07-30 06:00:00,1010.495
2026-07-30 06:10:00,1010.71
2026-07-30 06:20:00,1010.88
2026-07-30 06:30:00,1010.9966666666666
2026-07-30 06:40:00,1011.1099999999999
2026-07-30 06:50:00,1011.1866666666668
2026-07-30 07:00:00,1011.13
2026-07-30 07:10:00,1011.2800000000001
2026-07-30 07:20:00,1011.3950000000001
2026-07-30 07:30:00,1011.4766666666668
2026-07-30 07:40:00,1011.5
2026-07-30 07:50:00,1011.54
2026-07-30 08:00:00,1011.5649999999999
2026-07-30 08:10:00,1011.5799999999999
2026-07-30 08:20:00,1011.6350000000001
2026-07-30 08:30:00,1011.6733333333333
2026-07-30 08:40:00,1011.89
2026-07-30 08:50:00,1011.9500000000002
2026-07-30 09:00:00,1011.9150000000001
2026-07-30 09:10:00,1011.9233333333335
2026-07-30 09:20:00,1012.015
2026-07-30 09:30:00,1011.9100000000002
2026-07-30 09:40:00,1011.875
2026-07-30 09:50:00,1011.9433333333333
2026-07-30 10:00:00,1012.04
2026-07-30 10:10:00,1011.9233333333335
2026-07-30 10:20:00,1011.875
2026-07-30 10:30:00,1011.8800000000001
2026-07-30 10:40:00,1011.875
2026-07-30 10:50:00,1011.9366666666668
2026-07-30 11:00:00,1011.925
2026-07-30 11:10:00,1011.9366666666666
2026-07-30 11:20:00,1011.865
2026-07-30 11:30:00,1011.815
2026-07-30 11:40:00,1011.65
2026-07-30 11:50:00,1011.5649999999999
2026-07-30 12:00:00,1011.4533333333334
2026-07-30 12:10:00,1011.32
2026-07-30 12:20:00,1011.1333333333332
2026-07-30 12:30:00,1011.0749999999999
2026-07-30 12:40:00,1010.9900000000001
2026-07-30 12:50:00,1010.8499999999999
2026-07-30 13:00:00,1010.7166666666667
2026-07-30 13:10:00,1010.59
2026-07-30 13:20:00,1010.5166666666668
2026-07-30 13:30:00,1010.605
2026-07-30 13:40:00,1010.5833333333334
2026-07-30 13:50:00,1010.47
2026-07-30 14:00:00,1010.4733333333334
2026-07-30 14:10:00,1010.34
2026-07-30 14:20:00,1010.3166666666666
2026-07-30 14:30:00,1010.175
2026-07-30 14:40:00,1010.12
2026-07-30 14:50:00,1010.02
2026-07-30 15:00:00,1009.9866666666667
2026-07-30 15:10:00,1009.9250000000001
2026-07-30 15:20:00,1009.77
2026-07-30 15:30:00,1009.755
2026-07-30 15:40:00,1009.6
2026-07-30 15:50:00,1009.64
2026-07-30 16:00:00,1009.5233333333332
2026-07-30 16:10:00,1009.535
2026-07-30 16:20:00,1009.6266666666667
2026-07-30 16:30:00,1009.695
2026-07-30 16:40:00,1009.89
2026-07-30 16:50:00,1009.8449999999999
2026-07-30 17:00:00,1009.9533333333334
2026-07-30 17:10:00,1010.0400000000001
2026-07-30 17:20:00,1010.1500000000001
2026-07-30 17:30:00,1010.1800000000001
2026-07-30 17:40:00,1010.3333333333334
2026-07-30 17:50:00,1010.46
2026-07-30 18:00:00,1010.48
2026-07-30 18:10:00,1010.5749999999999
2026-07-30 18:20:00,1010.6899999999999
2026-07-30 18:30:00,1010.79
2026-07-30 18:40:00,1010.9266666666667
2026-07-30 18:50:00,1011.01
2026-07-30 19:00:00,1011.1700000000001
2026-07-30 19:10:00,1011.1600000000001
2026-07-30 19:20:00,1011.1833333333334
2026-07-30 19:30:00,1011.3249999999999
2026-07-30 19:40:00,1011.4833333333332
2026-07-30 19:50:00,1011.59
2026-07-30 20:00:00,1011.6600000000002
2026-07-30 20:10:00,1011.6800000000001
2026-07-30 20:20:00,1011.7633333333333
2026-07-30 20:30:00,1011.795
2026-07-30 20:40:00,1011.8466666666667
2026-07-30 20:50:00,1011.8950000000001
2026-07-30 21:00:00,1011.9133333333333
2026-07-30 21:10:00,1011.76
2026-07-30 21:20:00,1011.91
2026-07-30 21:30:00,1011.995
2026-07-30 21:40:00,1012.0633333333332
2026-07-30 21:50:00,1011.93
2026-07-30 22:00:00,1011.9333333333334
2026-07-30 22:10:00,1011.985
2026-07-30 22:20:00,1012.1733333333333
2026-07-30 22:30:00,1012.25
2026-07-30 22:40:00,1012.2800000000001
2026-07-30 22:50:00,1012.3149999999999
2026-07-30 23:00:00,1012.44
2026-07-30 23:10:00,1012.38
2026-07-30 23:20:00,1012.2433333333333
2026-07-30 23:30:00,1012.1550000000001
2026-07-30 23:40:00,1011.9533333333334
2026-07-30 23:50:00,1011.76
2026-07-31 00:00:00,1011.765
2026-07-31 00:10:00,1011.6933333333333
2026-07-31 00:20:00,1011.555
2026-07-31 00:30:00,1011.46
2026-07-31 00:40:00,1011.37
2026-07-31 00:50:00,1011.44
2026-07-31 01:00:00,1011.44
2026-07-31 01:10:00,1011.1866666666666
2026-07-31 01:20:00,1011.0849999999999
2026-07-31 01:30:00,1011.1133333333333
2026-07-31 01:40:00,1010.8199999999999
2026-07-31 01:50:00,1010.79
2026-07-31 02:00:00,1010.83
2026-07-31 02:10:00,1010.66
2026-07-31 02:20:00,1010.6650000000001
2026-07-31 02:30:00,1010.7800000000001
2026-07-31 02:40:00,1010.74
2026-07-31 02:50:00,1010.4500000000002
2026-07-31 03:00:00,1010.3950000000001
2026-07-31 03:10:00,1010.5799999999999
2026-07-31 03:20:00,1010.675
2026-07-31 03:30:00,1010.63
2026-07-31 03:40:00,1010.495
2026-07-31 03:50:00,1010.4200000000001
2026-07-31 04:00:00,1010.3149999999999
2026-07-31 04:10:00,1010.3266666666665
2026-07-31 04:20:00,1010.365
2026-07-31 04:30:00,1010.4500000000002
2026-07-31 04:40:00,1010.265
2026-07-31 04:50:00,1010.2000000000002
2026-07-31 05:00:00,1009.945
2026-07-31 05:10:00,1010.0600000000001
2026-07-31 05:20:00,1010.2
2026-07-31 05:30:00,1010.2433333333333
2026-07-31 05:40:00,1010.23
2026-07-31 05:50:00,1010.4533333333333
2026-07-31 06:00:00,1010.69
2026-07-31 06:10:00,1010.8633333333333
2026-07-31 06:20:00,1011.0699999999999
2026-07-31 06:30:00,1011.1700000000001
2026-07-31 06:40:00,1011.25
2026-07-31 06:50:00,1011.4433333333333
2026-07-31 07:00:00,1011.64
2026-07-31 07:10:00,1011.7766666666666
2026-07-31 07:20:00,1011.97
2026-07-31 07:30:00,1011.93
2026-07-31 07:40:00,1011.8
2026-07-31 07:50:00,1011.9633333333335
2026-07-31 08:00:00,1012.06
2026-07-31 08:10:00,1012.1333333333332
2026-07-31 08:20:00,1012.28
2026-07-31 08:30:00,1012.5133333333333
2026-07-31 08:40:00,1012.44
2026-07-31 08:50:00,1012.3466666666667
2026-07-31 09:00:00,1012.3100000000001
2026-07-31 09:10:00,1012.2999999999998
2026-07-31 09:20:00,1012.305
2026-07-31 09:30:00,1012.3766666666667
2026-07-31 09:40:00,1012.4350000000001
2026-07-31 09:50:00,1012.3566666666667
2026-07-31 10:00:00,1012.19
2026-07-31 10:10:00,1012.02
2026-07-31 10:20:00,1011.885
2026-07-31 10:30:00,1011.9266666666667
2026-07-31 10:40:00,1011.97
2026-07-31 10:50:00,1011.91
2026-07-31 11:00:00,1011.6750000000001
2026-07-31 11:10:00,1011.6533333333333
2026-07-31 11:20:00,1011.5849999999999
2026-07-31 11:30:00,1011.6300000000001
2026-07-31 11:40:00,1011.55
2026-07-31 11:50:00,1011.5166666666668
2026-07-31 12:00:00,1011.3299999999999
2026-07-31 12:10:00,1011.28
2026-07-31 12:20:00,1011.2933333333334
2026-07-31 12:30:00,1011.405
2026-07-31 12:40:00,1011.4033333333333
2026-07-31 12:50:00,1011.1700000000001
2026-07-31 13:00:00,1011.0033333333334
2026-07-31 13:10:00,1010.96
2026-07-31 13:20:00,1011.0899999999998
2026-07-31 13:30:00,1010.88
2026-07-31 13:40:00,1010.79
2026-07-31 13:50:00,1010.83
2026-07-31 14:00:00,1010.61375
2026-07-31 14:10:00,1010.954
2026-07-31 14:20:00,1011.0242857142857
2026-07-31 14:30:00,1010.8825
2026-07-31 14:40:00,1010.9725000000001
2026-07-31 14:50:00,1011.01
2026-07-31 15:00:00,1010.86
2026-07-31 15:10:00,1010.74
2026-07-31 15:20:00,1010.7033333333333
2026-07-31 15:30:00,1010.5649999999999
2026-07-31 15:40:00,1010.5233333333332
2026-07-31 15:50:00,1010.71
2026-07-31 16:00:00,1010.5766666666667
2026-07-31 16:10:00,1010.62
2026-07-31 16:20:00,1010.6333333333333
2026-07-31 16:30:00,1010.6500000000001
2026-07-31 16:40:00,1010.6
2026-07-31 16:50:00,1010.6650000000001
2026-07-31 17:00:00,1010.5099999999999
2026-07-31 17:10:00,1010.52
2026-07-31 17:20:00,1010.66
2026-07-31 17:30:00,1010.775
2026-07-31 17:40:00,1010.9833333333332
2026-07-31 17:50:00,1010.855
2026-07-31 18:00:00,1010.93
2026-07-31 18:10:00,1011.4
2026-07-31 18:20:00,1011.4
2026-07-31 18:30:00,1011.37
2026-07-31 18:40:00,1011.5833333333334
2026-07-31 18:50:00,1011.495
2026-07-31 19:00:00,1011.4233333333333
2026-07-31 19:10:00,1011.695
2026-07-31 19:20:00,1011.4833333333332
2026-07-31 19:30:00,1011.415
2026-07-31 19:40:00,1011.63
2026-07-31 19:50:00,1011.635
2026-07-31 20:00:00,1011.7433333333333
2026-07-31 20:10:00,1011.965
2026-07-31 20:20:00,1012.1
2026-07-31 20:30:00,1011.99
2026-07-31 20:40:00,1011.7633333333333
2026-07-31 20:50:00,1011.785
2026-07-31 21:00:00,1011.785
2026-07-31 21:10:00,1012.0433333333334
2026-07-31 21:20:00,1011.945
2026-07-31 21:30:00,1012.06
2026-07-31 21:40:00,1012.3000000000001
2026-07-31 21:50:00,1012.27
2026-07-31 22:00:00,1012.195
2026-07-31 22:10:00,1012.2333333333332
2026-07-31 22:20:00,1012.4100000000001
2026-07-31 22:30:00,1012.5266666666666
2026-07-31 22:40:00,1012.3299999999999
2026-07-31 22:50:00,1012.4233333333335
2026-07-31 23:00:00,1012.47
2026-07-31 23:10:00,1012.43
2026-07-31 23:20:00,1012.46
2026-07-31 23:30:00,1012.0200000000001
2026-07-31 23:40:00,1012.145
2026-07-31 23:50:00,1011.8633333333333
2026-08-01 00:00:00,1011.9300000000001
2026-08-01 00:10:00,1011.8466666666667
2026-08-01 00:20:00,1011.89
2026-08-01 00:30:00,1011.7000000000002
2026-08-01 00:40:00,1011.25
2026-08-01 00:50:00,1011.4166666666666
2026-08-01 01:00:00,1011.45
2026-08-01 01:10:00,1011.3299999999999
2026-08-01 01:20:00,1011.375
2026-08-01 01:30:00,1011.6166666666667
2026-08-01 01:40:00,1011.26
2026-08-01 01:50:00,1011.0266666666666
2026-08-01 02:00:00,1010.845
2026-08-01 02:10:00,1010.8133333333334
2026-08-01 02:20:00,1010.6700000000001
2026-08-01 02:30:00,1010.7199999999999
2026-08-01 02:40:00,1010.4
2026-08-01 02:50:00,1010.2366666666667
2026-08-01 03:00:00,1010.1350000000001
2026-08-01 03:10:00,1010.36
2026-08-01 03:20:00,1010.29
2026-08-01 03:30:00,1010.0533333333333
2026-08-01 03:40:00,1010.075
2026-08-01 03:50:00,1010.1266666666667
2026-08-01 04:00:00,1009.955
2026-08-01 04:10:00,1009.7866666666665
2026-08-01 04:20:00,1009.8
2026-08-01 04:30:00,1009.71
2026-08-01 04:40:00,1009.73
2026-08-01 04:50:00,1009.7633333333333
2026-08-01 05:00:00,1009.83
2026-08-01 05:10:00,1009.8566666666666
2026-08-01 05:20:00,1010.1500000000001
2026-08-01 05:30:00,1010.1766666666667
2026-08-01 05:40:00,1010.25
2026-08-01 05:50:00,1010.4166666666666
2026-08-01 06:00:00,1010.5799999999999
2026-08-01 06:10:00,1010.8366666666667
2026-08-01 06:20:00,1011.085
2026-08-01 06:30:00,1011.1766666666667
2026-08-01 06:40:00,1011.1850000000001
2026-08-01 06:50:00,1011.11
2026-08-01 07:00:00,1010.875
2026-08-01 07:10:00,1010.9433333333333
2026-08-01 07:20:00,1011.06
2026-08-01 07:30:00,1011.1666666666666
2026-08-01 07:40:00,1011.27
2026-08-01 07:50:00,1011.3433333333332
2026-08-01 08:00:00,1011.245
2026-08-01 08:10:00,1011.1966666666667
2026-08-01 08:20:00,1011.295
2026-08-01 09:00:00,1011.6500000000001
2026-08-01 09:10:00,1011.69
2026-08-01 09:20:00,1011.5300000000001
2026-08-01 09:30:00,1011.47
2026-08-01 09:40:00,1011.3966666666666
2026-08-01 09:50:00,1011.38
2026-08-01 10:00:00,1011.3233333333334
2026-08-01 10:10:00,1011.155
2026-08-01 10:20:00,1011.2566666666667
2026-08-01 10:30:00,1011.555
2026-08-01 10:40:00,1011.6266666666667
2026-08-01 10:50:00,1011.605
2026-08-01 11:00:00,1011.5466666666667
2026-08-01 11:10:00,1011.5
2026-08-01 11:20:00,1011.7633333333333
2026-08-01 11:30:00,1011.77
2026-08-01 11:40:00,1011.5566666666667
2026-08-01 11:50:00,1011.5400000000001
2026-08-01 12:00:00,1011.1966666666667
2026-08-01 12:10:00,1010.7349999999999
2026-08-01 12:20:00,1010.4733333333334
2026-08-01 12:30:00,1010.595
2026-08-01 12:40:00,1010.7833333333334
2026-08-01 12:50:00,1011.025
2026-08-01 13:00:00,1010.9266666666666
2026-08-01 13:10:00,1010.9150000000001
2026-08-01 13:20:00,1010.8466666666667
2026-08-01 13:30:00,1010.8850000000001
2026-08-01 13:40:00,1010.5500000000001
2026-08-01 13:50:00,1010.475
2026-08-01 14:00:00,1010.0533333333333
2026-08-01 14:10:00,1010.18
2026-08-01 14:20:00,1010.3933333333334
2026-08-01 14:30:00,1010.3199999999999
2026-08-01 14:40:00,1010.4333333333334
2026-08-01 14:50:00,1010.345
2026-08-01 15:00:00,1010.3000000000001
2026-08-01 15:10:00,1010.1850000000001
2026-08-01 15:20:00,1009.9466666666667
2026-08-01 15:30:00,1009.8900000000001
2026-08-01 15:40:00,1009.8366666666667
2026-08-01 15:50:00,1009.715
2026-08-01 16:00:00,1009.6766666666667
2026-08-01 16:10:00,1009.6800000000001
2026-08-01 16:20:00,1009.7333333333332
2026-08-01 16:30:00,1009.6600000000001
2026-08-01 16:40:00,1009.6433333333334
2026-08-01 16:50:00,1009.6850000000001
2026-08-01 17:00:00,1010.0266666666666
2026-08-01 17:10:00,1010.275
2026-08-01 17:20:00,1010.3966666666669
2026-08-01 17:30:00,1010.3166666666666
2026-08-01 17:40:00,1010.245
2026-08-01 17:50:00,1010.3233333333334
2026-08-01 18:00:00,1010.5649999999999
2026-08-01 18:10:00,1010.6433333333334
2026-08-01 18:20:00,1010.5899999999999
2026-08-01 18:30:00,1010.89
2026-08-01 18:40:00,1011.125
2026-08-01 18:50:00,1011.3299999999999
2026-08-01 19:00:00,1011.505
2026-08-01 19:10:00,1011.5033333333334
2026-08-01 19:20:00,1011.29
2026-08-01 19:30:00,1011.3033333333333
2026-08-01 19:40:00,1011.215
2026-08-01 19:50:00,1011.25
2026-08-01 20:00:00,1011.125
2026-08-01 20:10:00,1011.16
2026-08-01 20:20:00,1011.28
2026-08-01 20:30:00,1011.4633333333335
2026-08-01 20:40:00,1011.6
2026-08-01 20:50:00,1011.9733333333334
2026-08-01 21:00:00,1012.0749999999999
2026-08-01 21:10:00,1011.8433333333332
2026-08-01 21:20:00,1011.81
2026-08-01 21:30:00,1011.5099999999999
2026-08-01 21:40:00,1011.34
2026-08-01 21:50:00,1011.6666666666666
2026-08-01 22:00:00,1012
2026-08-01 22:10:00,1012.22
2026-08-01 22:20:00,1012.1733333333333
2026-08-01 22:30:00,1012.1750000000001
2026-08-01 22:40:00,1012.1766666666667
2026-08-01 22:50:00,1012.0699999999999
2026-08-01 23:00:00,1011.8800000000001
2026-08-01 23:10:00,1011.85
2026-08-01 23:20:00,1011.8133333333334
2026-08-01 23:30:00,1011.5849999999999
2026-08-01 23:40:00,1011.5566666666667
2026-08-01 23:50:00,1011.465
2026-08-02 00:00:00,1011.4566666666666
2026-08-02 00:10:00,1011.26
2026-08-02 00:20:00,1011.1466666666669
2026-08-02 00:30:00,1011.015
2026-08-02 00:40:00,1010.7800000000001
2026-08-02 00:50:00,1010.6850000000001
2026-08-02 01:00:00,1010.5533333333333
2026-08-02 01:10:00,1010.405
2026-08-02 01:20:00,1010.29
2026-08-02 01:30:00,1010.025
2026-08-02 01:40:00,1009.9050000000001
2026-08-02 01:50:00,1009.79
2026-08-02 02:00:00,1009.8399999999999
2026-08-02 02:10:00,1009.9699999999999
2026-08-02 02:20:00,1009.9350000000001
2026-08-02 02:30:00,1009.9166666666666
2026-08-02 02:40:00,1009.9250000000001
2026-08-02 02:50:00,1009.6133333333333
2026-08-02 03:00:00,1009.5849999999999
2026-08-02 03:10:00,1009.6533333333333
2026-08-02 03:20:00,1009.715
2026-08-02 03:30:00,1009.8299999999999
2026-08-02 03:40:00,1009.6750000000001
2026-08-02 03:50:00,1009.7333333333332
2026-08-02 04:00:00,1009.705
2026-08-02 04:10:00,1009.7866666666665
2026-08-02 04:20:00,1010.03
2026-08-02 04:30:00,1009.9733333333334
2026-08-02 04:40:00,1010.14
2026-08-02 04:50:00,1010.3033333333333
2026-08-02 05:00:00,1010.2
2026-08-02 05:10:00,1010.1566666666668
2026-08-02 05:20:00,1010.235
2026-08-02 05:30:00,1010.4966666666666
2026-08-02 05:40:00,1010.61
2026-08-02 05:50:00,1010.6366666666667
2026-08-02 06:00:00,1010.5600000000001
2026-08-02 06:10:00,1010.7199999999999
2026-08-02 06:20:00,1010.89
2026-08-02 06:30:00,1011.1233333333333
2026-08-02 06:40:00,1011.245
2026-08-02 06:50:00,1011.4066666666668
2026-08-02 07:00:00,1011.455
2026-08-02 07:10:00,1011.5533333333333
2026-08-02 07:20:00,1011.5849999999999
2026-08-02 07:30:00,1011.4966666666666
2026-08-02 07:40:00,1011.505
2026-08-02 07:50:00,1011.5433333333334
2026-08-02 08:00:00,1011.5899999999999
2026-08-02 08:10:00,1011.48
2026-08-02 08:20:00,1011.38
2026-08-02 08:30:00,1011.36
2026-08-02 08:40:00,1011.62
2026-08-02 08:50:00,1011.71
2026-08-02 09:00:00,1011.525
2026-08-02 09:10:00,1011.5799999999999
2026-08-02 09:20:00,1011.53
2026-08-02 09:30:00,1011.4666666666667
2026-08-02 09:40:00,1011.48
2026-08-02 09:50:00,1011.4033333333333
2026-08-02 10:00:00,1011.505
2026-08-02 10:10:00,1011.4133333333334
2026-08-02 10:20:00,1011.11
2026-08-02 10:30:00,1010.9533333333334
2026-08-02 10:40:00,1011.0699999999999
2026-08-02 10:50:00,1011.1033333333334
2026-08-02 11:00:00,1011.3349999999999
2026-08-02 11:10:00,1011.3299999999999
2026-08-02 11:20:00,1011.295
2026-08-02 11:30:00,1011.1666666666666
2026-08-02 11:40:00,1011.205
2026-08-02 11:50:00,1011.0866666666667
2026-08-02 12:00:00,1011.055
2026-08-02 12:10:00,1011.1
2026-08-02 12:20:00,1011.1250000000001
2026-08-02 12:30:00,1011.0633333333334
2026-08-02 12:40:00,1011.025
2026-08-02 12:50:00,1011.0099999999999
2026-08-02 13:00:00,1010.9150000000001
2026-08-02 13:10:00,1010.7366666666667
2026-08-02 13:20:00,1010.555
2026-08-02 13:30:00,1010.62
2026-08-02 13:40:00,1010.6500000000001
2026-08-02 13:50:00,1010.545
2026-08-02 14:00:00,1010.3800000000001
2026-08-02 14:10:00,1010.29
2026-08-02 14:20:00,1010.1966666666667
2026-08-02 14:30:00,1010.22
2026-08-02 14:40:00,1010.1033333333334
2026-08-02 14:50:00,1010.1850000000001
2026-08-02 15:00:00,1010.11
2026-08-02 15:10:00,1010.005
2026-08-02 15:20:00,1009.9333333333334
2026-08-02 15:30:00,1009.8549999999999
2026-08-02 15:40:00,1009.73
2026-08-02 16:20:00,1009.5433333333334
2026-08-02 16:30:00,1009.495
2026-08-02 16:40:00,1009.5066666666667
2026-08-02 16:50:00,1009.49
2026-08-02 17:00:00,1009.5666666666666
2026-08-02 17:10:00,1009.79
2026-08-02 17:20:00,1009.9699999999999
2026-08-02 17:30:00,1010.215
2026-08-02 17:40:00,1010.4333333333334
2026-08-02 17:50:00,1010.535
2026-08-02 18:00:00,1010.57
2026-08-02 18:10:00,1010.54
2026-08-02 18:20:00,1010.6766666666667
2026-08-02 18:30:00,1010.72
2026-08-02 18:40:00,1010.7866666666665
2026-08-02 18:50:00,1010.795
2026-08-02 19:00:00,1010.8633333333333
2026-08-02 19:10:00,1010.915
2026-08-02 19:20:00,1011.1366666666667
2026-08-02 19:30:00,1011.1550000000001
2026-08-02 19:40:00,1011.0866666666666
2026-08-02 19:50:00,1011.2
2026-08-02 20:00:00,1011.3299999999999
2026-08-02 20:10:00,1011.4150000000001
2026-08-02 20:20:00,1011.45
2026-08-02 20:30:00,1011.4533333333334
2026-08-02 20:40:00,1011.57
2026-08-02 20:50:00,1011.9066666666668
2026-08-02 21:00:00,1011.995
2026-08-02 21:10:00,1011.8633333333333
2026-08-02 21:20:00,1011.74
2026-08-02 21:30:00,1011.8533333333334
2026-08-02 21:40:00,1011.735
2026-08-02 21:50:00,1011.8733333333333
2026-08-02 22:00:00,1011.945
2026-08-02 22:10:00,1012.0266666666666
2026-08-02 22:20:00,1012.05
2026-08-02 22:30:00,1011.9900000000001
2026-08-02 22:40:00,1011.9250000000001
2026-08-02 22:50:00,1011.6833333333334
2026-08-02 23:00:00,1011.6049999999999
2026-08-02 23:10:00,1011.5866666666666
2026-08-02 23:20:00,1011.53
2026-08-02 23:30:00,1011.4533333333334
2026-08-02 23:40:00,1011.4350000000001
2026-08-02 23:50:00,1011.5300000000001
2026-08-03 00:00:00,1011.545
2026-08-03 00:10:00,1011.4366666666668
2026-08-03 00:20:00,1011.4300000000001
2026-08-03 00:30:00,1011.2966666666666
2026-08-03 00:40:00,1011.19
2026-08-03 00:50:00,1011.1166666666667
2026-08-03 01:00:00,1011.0649999999999
2026-08-03 01:10:00,1010.9366666666668
2026-08-03 01:20:00,1010.865
2026-08-03 01:30:00,1010.9966666666666
2026-08-03 01:40:00,1011.01
2026-08-03 01:50:00,1010.8633333333333
2026-08-03 02:00:00,1010.74
2026-08-03 02:10:00,1010.6866666666668
2026-08-03 02:20:00,1010.605
2026-08-03 02:30:00,1010.4200000000001
2026-08-03 02:40:00,1010.3900000000001
2026-08-03 02:50:00,1010.3533333333334
2026-08-03 03:00:00,1010.35
2026-08-03 03:10:00,1010.4066666666668
2026-08-03 03:20:00,1010.4200000000001
2026-08-03 03:30:00,1010.5333333333333
2026-08-03 03:40:00,1010.54
2026-08-03 03:50:00,1010.5233333333332
2026-08-03 04:00:00,1010.49
2026-08-03 04:10:00,1010.5366666666665
2026-08-03 04:20:00,1010.6500000000001
2026-08-03 04:30:00,1010.6833333333334
2026-08-03 04:40:00,1010.6049999999999
2026-08-03 04:50:00,1010.59
2026-08-03 05:00:00,1010.5649999999999
2026-08-03 05:10:00,1010.6966666666667
2026-08-03 05:20:00,1010.8299999999999
2026-08-03 05:30:00,1010.8800000000001
2026-08-03 05:40:00,1010.985
2026-08-03 05:50:00,1011.04
2026-08-03 06:00:00,1011.19
2026-08-03 06:10:00,1011.1533333333333
2026-08-03 06:20:00,1011.12
2026-08-03 06:30:00,1011.14
2026-08-03 06:40:00,1011.26
2026-08-03 06:50:00,1011.3800000000001
2026-08-03 07:00:00,1011.44
2026-08-03 07:10:00,1011.4566666666666
2026-08-03 07:20:00,1011.545
2026-08-03 07:30:00,1011.6300000000001
2026-08-03 07:40:00,1011.6750000000001
2026-08-03 07:50:00,1011.65
2026-08-03 08:00:00,1011.6133333333333
2026-08-03 08:10:00,1011.625
2026-08-03 08:20:00,1011.75
2026-08-03 08:30:00,1011.9200000000001
2026-08-03 08:40:00,1012.0300000000001
2026-08-03 08:50:00,1012.0949999999999
2026-08-03 09:00:00,1012.18
2026-08-03 09:10:00,1012.1650000000001
2026-08-03 09:20:00,1012.0233333333332
2026-08-03 09:30:00,1012.02
2026-08-03 09:40:00,1012.0166666666668
2026-08-03 09:50:00,1011.95
2026-08-03 10:00:00,1011.9533333333334
2026-08-03 10:10:00,1011.89
2026-08-03 10:20:00,1011.8033333333333
2026-08-03 10:30:00,1011.75
2026-08-03 10:40:00,1011.6666666666666
2026-08-03 10:50:00,1011.695
2026-08-03 11:00:00,1011.4366666666668
2026-08-03 11:10:00,1011.4150000000001
2026-08-03 11:20:00,1011.2766666666666
2026-08-03 11:30:00,1011.3399999999999
2026-08-03 11:40:00,1011.1866666666668
2026-08-03 11:50:00,1011.245
2026-08-03 12:00:00,1011.3033333333333
2026-08-03 12:10:00,1011.29
2026-08-03 12:20:00,1011.2233333333334
2026-08-03 12:30:00,1011.06
2026-08-03 12:40:00,1010.9200000000001
2026-08-03 12:50:00,1010.67
2026-08-03 13:00:00,1010.5
2026-08-03 13:10:00,1010.315
2026-08-03 13:20:00,1010.1133333333333
2026-08-03 13:30:00,1010.195
2026-08-03 13:40:00,1009.8966666666666
2026-08-03 13:50:00,1009.96
2026-08-03 14:00:00,1009.9833333333332
2026-08-03 14:10:00,1010.1233333333333
2026-08-03 14:20:00,1010.015
2026-08-03 14:30:00,1010.1333333333333
2026-08-03 14:40:00,1009.845
2026-08-03 14:50:00,1010.1822727272728
2026-08-03 15:00:00,1010
2026-08-03 15:10:00,1009.8549999999999
2026-08-03 15:20:00,1009.5833333333334
2026-08-03 15:30:00,1009.345
2026-08-03 15:40:00,1009.68
2026-08-03 15:50:00,1009.83
2026-08-03 16:00:00,1009.6933333333333
2026-08-03 16:10:00,1009.6700000000001
2026-08-03 16:20:00,1009.66
2026-08-03 16:30:00,1009.78
2026-08-03 16:40:00,1009.5833333333334
2026-08-03 16:50:00,1009.8166666666666
2026-08-03 17:00:00,1009.9
2026-08-03 17:10:00,1010.0033333333334
2026-08-03 17:20:00,1010.055
2026-08-03 17:30:00,1010.2000000000002
2026-08-03 17:40:00,1010.37
2026-08-03 17:50:00,1010.4366666666668
2026-08-03 18:00:00,1010.515
2026-08-03 18:10:00,1010.39
2026-08-03 18:20:00,1010.3050000000001
2026-08-03 18:30:00,1010.12
2026-08-03 18:40:00,1009.98
2026-08-03 18:50:00,1009.9200000000001
2026-08-03 19:00:00,1010.0350000000001
2026-08-03 19:10:00,1010.2166666666667
2026-08-03 19:20:00,1010.31
2026-08-03 19:30:00,1010.3499999999999
2026-08-03 19:40:00,1010.56
2026-08-03 19:50:00,1010.7000000000002
2026-08-03 20:00:00,1010.865
2026-08-03 20:10:00,1010.8966666666669
2026-08-03 20:20:00,1010.955
2026-08-03 20:30:00,1010.9900000000001
2026-08-03 20:40:00,1011.0749999999999
2026-08-03 20:50:00,1011.1866666666666
2026-08-03 21:00:00,1011.23
2026-08-03 21:10:00,1011.21
2026-08-03 21:20:00,1011.4
2026-08-03 21:30:00,1011.4633333333335
2026-08-03 21:40:00,1011.5500000000001
2026-08-03 21:50:00,1011.6833333333334
2026-08-03 22:00:00,1011.74
2026-08-03 22:10:00,1011.7266666666668
2026-08-03 22:20:00,1011.735
2026-08-03 22:30:00,1011.6633333333333
2026-08-03 22:40:00,1011.5699999999999
2026-08-03 22:50:00,1011.4933333333333
2026-08-03 23:00:00,1011.445
2026-08-03 23:10:00,1011.2800000000001
2026-08-03 23:20:00,1011.2
2026-08-03 23:30:00,1011.1866666666668
2026-08-03 23:40:00,1011.19
2026-08-03 23:50:00,1011.2199999999999
2026-08-04 00:00:00,1011.085
2026-08-04 00:10:00,1010.7333333333332
2026-08-04 00:20:00,1010.6650000000001
2026-08-04 00:30:00,1010.6933333333333
2026-08-04 00:40:00,1010.62
2026-08-04 00:50:00,1010.3066666666667
2026-08-04 01:00:00,1010.085
2026-08-04 01:10:00,1009.9566666666666
2026-08-04 01:20:00,1009.97
2026-08-04 01:30:00,1009.9433333333333
2026-08-04 01:40:00,1009.95
2026-08-04 01:50:00,1009.86
2026-08-04 02:00:00,1009.705
2026-08-04 02:10:00,1009.6500000000001
2026-08-04 02:20:00,1009.545
2026-08-04 02:30:00,1009.5066666666667
2026-08-04 02:40:00,1009.455
2026-08-04 02:50:00,1009.3733333333333
2026-08-04 03:00:00,1009.35
2026-08-04 03:10:00,1009.3533333333334
2026-08-04 03:20:00,1009.33
2026-08-04 03:30:00,1009.2666666666668
2026-08-04 03:40:00,1009.1850000000001
2026-08-04 03:50:00,1009.3633333333333
2026-08-04 04:00:00,1009.515
2026-08-04 04:10:00,1009.56
2026-08-04 04:20:00,1009.53
2026-08-04 04:30:00,1009.5666666666666
2026-08-04 04:40:00,1009.705
2026-08-04 04:50:00,1009.805
2026-08-04 05:00:00,1009.6933333333333
2026-08-04 05:10:00,1009.6400000000001
2026-08-04 05:20:00,1009.7933333333334
2026-08-04 05:30:00,1009.885
2026-08-04 05:40:00,1009.9533333333334
2026-08-04 05:50:00,1010.005
2026-08-04 06:00:00,1010.1333333333333
2026-08-04 06:10:00,1010.29
2026-08-04 06:20:00,1010.1866666666668
2026-08-04 06:30:00,1010.3950000000001
2026-08-04 06:40:00,1010.86
2026-08-04 06:50:00,1011.01
2026-08-04 07:00:00,1011.2333333333335
2026-08-04 07:10:00,1011.5
2026-08-04 07:20:00,1011.31
2026-08-04 07:30:00,1011.245
2026-08-04 07:40:00,1011.5166666666668
2026-08-04 07:50:00,1011.74
2026-08-04 08:00:00,1011.9066666666668
2026-08-04 08:10:00,1011.89
2026-08-04 08:20:00,1012.0600000000001
2026-08-04 08:30:00,1012.045
2026-08-04 08:40:00,1011.8033333333333
2026-08-04 08:50:00,1011.865
2026-08-04 09:00:00,1011.9933333333333
2026-08-04 09:10:00,1011.955
2026-08-04 09:20:00,1011.86
2026-08-04 09:30:00,1011.8750000000001
2026-08-04 09:40:00,1011.9466666666667
2026-08-04 09:50:00,1012
2026-08-04 10:00:00,1011.9200000000001
2026-08-04 10:10:00,1011.975
2026-08-04 10:20:00,1011.9200000000001
2026-08-04 10:30:00,1011.79
2026-08-04 10:40:00,1011.6966666666667
2026-08-04 10:50:00,1011.455
2026-08-04 11:00:00,1011.4066666666668
2026-08-04 11:10:00,1011.305
2026-08-04 11:20:00,1011.4100000000002
2026-08-04 11:30:00,1011.365
2026-08-04 11:40:00,1011.2766666666666
2026-08-04 11:50:00,1011.3750000000001
2026-08-04 12:00:00,1011.3233333333334
2026-08-04 12:10:00,1011.205
2026-08-04 12:20:00,1011
2026-08-04 12:30:00,1010.76
2026-08-04 12:40:00,1010.6600000000002
2026-08-04 12:50:00,1010.6500000000001
2026-08-04 13:00:00,1010.6566666666668
2026-08-04 13:10:00,1010.505
2026-08-04 13:20:00,1010.4066666666666
2026-08-04 13:30:00,1010.22
2026-08-04 13:40:00,1010.1233333333333
2026-08-04 13:50:00,1010.01
2026-08-04 14:00:00,1009.9266666666666
2026-08-04 14:10:00,1010.005
2026-08-04 14:20:00,1009.9233333333335
2026-08-04 14:30:00,1009.895
2026-08-04 14:40:00,1009.9366666666668
2026-08-04 14:50:00,1009.98
2026-08-04 15:00:00,1009.8066666666667
2026-08-04 15:10:00,1009.9200000000001
2026-08-04 15:20:00,1009.8833333333332
2026-08-04 15:30:00,1009.86
2026-08-04 15:40:00,1009.5633333333332
2026-08-04 15:50:00,1009.4300000000001
2026-08-04 16:00:00,1009.5266666666666
2026-08-04 16:10:00,1009.71
2026-08-04 16:20:00,1009.8433333333334
2026-08-04 16:30:00,1009.96
2026-08-04 16:40:00,1010.2133333333333
2026-08-04 16:50:00,1010.27
2026-08-04 17:00:00,1010.2599999999999
2026-08-04 17:10:00,1010.155
2026-08-04 17:20:00,1010.2333333333332
2026-08-04 17:30:00,1010.285
2026-08-04 17:40:00,1010.2966666666666
2026-08-04 17:50:00,1010.195
2026-08-04 18:00:00,1010.2000000000002
2026-08-04 18:10:00,1010.245
2026-08-04 18:20:00,1010.1866666666668
2026-08-04 18:30:00,1010.23
2026-08-04 18:40:00,1010.54
2026-08-04 18:50:00,1010.715
2026-08-04 19:00:00,1010.7800000000001
2026-08-04 19:10:00,1010.79
2026-08-04 19:20:00,1010.9033333333333
2026-08-04 19:30:00,1011.12
2026-08-04 19:40:00,1011.1466666666669
2026-08-04 19:50:00,1011.135
2026-08-04 20:00:00,1011.0333333333333
2026-08-04 20:10:00,1010.97
2026-08-04 20:20:00,1011.0766666666665
2026-08-04 20:30:00,1011.1450000000001
2026-08-04 20:40:00,1011.1666666666666
2026-08-04 20:50:00,1011.3149999999999
2026-08-04 21:00:00,1011.4866666666667
2026-08-04 21:10:00,1011.455
2026-08-04 21:20:00,1011.23
2026-08-04 21:30:00,1011.4
2026-08-04 21:40:00,1011.5466666666667
2026-08-04 21:50:00,1011.5500000000001
2026-08-04 22:00:00,1011.4966666666666
2026-08-04 22:10:00,1011.61
2026-08-04 22:20:00,1011.7666666666668
2026-08-04 22:30:00,1011.85
2026-08-04 22:40:00,1011.79
2026-08-04 22:50:00,1011.6850000000001
2026-08-04 23:00:00,1011.6866666666668
2026-08-04 23:10:00,1011.77
2026-08-04 23:20:00,1011.6033333333334
2026-08-04 23:30:00,1011.49
2026-08-04 23:40:00,1011.6
2026-08-04 23:50:00,1011.5666666666666
2026-08-05 00:00:00,1011.2950000000001
2026-08-05 00:10:00,1011
2026-08-05 00:20:00,1010.81
2026-08-05 00:30:00,1010.7666666666668
2026-08-05 00:40:00,1010.7049999999999
2026-08-05 00:50:00,1011.1433333333334
2026-08-05 01:00:00,1011.3249999999999
2026-08-05 01:10:00,1011.1533333333333
2026-08-05 01:20:00,1011.035
2026-08-05 01:30:00,1010.8466666666667
2026-08-05 01:40:00,1010.645
2026-08-05 01:50:00,1010.6633333333334
2026-08-05 02:00:00,1010.5849999999999
2026-08-05 02:10:00,1010.46
2026-08-05 02:20:00,1010.145
2026-08-05 02:30:00,1009.7666666666668
2026-08-05 02:40:00,1009.5933333333332
2026-08-05 02:50:00,1009.55
2026-08-05 03:00:00,1009.5566666666667
2026-08-05 03:10:00,1009.76
2026-08-05 03:20:00,1009.84
2026-08-05 03:30:00,1009.77
2026-08-05 03:40:00,1009.82
2026-08-05 03:50:00,1009.8950000000001
2026-08-05 04:00:00,1010.1366666666667
2026-08-05 04:10:00,1010.22
2026-08-05 04:20:00,1010.2766666666666
2026-08-05 04:30:00,1010.24
2026-08-05 04:40:00,1010.2366666666667
2026-08-05 04:50:00,1010.1550000000001
2026-08-05 05:00:00,1010.1850000000001
2026-08-05 05:10:00,1010.3166666666666
2026-08-05 05:20:00,1010.475
2026-08-05 05:30:00,1010.54
2026-08-05 05:40:00,1010.6450000000001
2026-08-05 05:50:00,1010.7833333333333
2026-08-05 06:00:00,1011.045
2026-08-05 06:10:00,1011.0766666666665
2026-08-05 06:20:00,1011.15
2026-08-05 06:30:00,1011.2566666666667
2026-08-05 06:40:00,1011.205
2026-08-05 06:50:00,1011.0233333333332
2026-08-05 07:00:00,1011.0649999999999
2026-08-05 07:10:00,1011.2166666666666
2026-08-05 07:20:00,1011.485
2026-08-05 07:30:00,1011.52
2026-08-05 07:40:00,1011.4200000000001
2026-08-05 07:50:00,1011.5766666666665
2026-08-05 08:00:00,1011.635
2026-08-05 08:10:00,1011.8400000000001
2026-08-05 08:20:00,1011.945
2026-08-05 08:30:00,1011.8800000000001
2026-08-05 08:40:00,1011.8349999999999
2026-08-05 08:50:00,1012.02
2026-08-05 09:00:00,1012.02
2026-08-05 09:10:00,1011.9433333333333
2026-08-05 09:20:00,1011.8700000000001
2026-08-05 09:30:00,1011.7433333333333
2026-08-05 09:40:00,1011.7
2026-08-05 09:50:00,1011.65
2026-08-05 10:00:00,1011.535
2026-08-05 10:10:00,1011.6166666666668
2026-08-05 10:20:00,1011.55
2026-08-05 10:30:00,1011.48
2026-08-05 10:40:00,1011.5
2026-08-05 10:50:00,1011.5300000000001
2026-08-05 11:00:00,1011.4250000000001
2026-08-05 11:10:00,1011.3399999999998
2026-08-05 11:20:00,1011.35
2026-08-05 11:30:00,1011.3133333333334
2026-08-05 11:40:00,1011.3249999999999
2026-08-05 11:50:00,1011.2066666666666
2026-08-05 12:00:00,1011.09
2026-08-05 12:10:00,1011.0133333333333
2026-08-05 12:20:00,1010.8149999999999
2026-08-05 12:30:00,1010.7133333333335
2026-08-05 12:40:00,1010.51
2026-08-05 12:50:00,1010.2566666666667
2026-08-05 13:00:00,1010.165
2026-08-05 13:10:00,1010.06
2026-08-05 13:20:00,1009.945
2026-08-05 13:30:00,1009.9900000000001
2026-08-05 13:40:00,1009.88
2026-08-05 13:50:00,1009.8666666666667
2026-08-05 14:00:00,1009.85
2026-08-05 14:10:00,1009.8966666666666
2026-08-05 14:20:00,1009.9300000000001
2026-08-05 14:30:00,1009.9466666666667
2026-08-05 14:40:00,1009.9050000000001
2026-08-05 14:50:00,1009.8166666666666
2026-08-05 15:00:00,1009.785
2026-08-05 15:10:00,1010.008
2026-08-05 15:20:00,1009.7866666666667
2026-08-05 15:30:00,1009.72
2026-08-05 15:40:00,1009.6600000000002
2026-08-05 15:50:00,1009.725
2026-08-05 16:00:00,1009.8133333333334
2026-08-05 16:10:00,1009.945
2026-08-05 16:20:00,1009.82
2026-08-05 16:30:00,1009.99
2026-08-05 16:40:00,1010.0099999999999
2026-08-05 16:50:00,1010.1450000000001
2026-08-05 17:00:00,1010.1433333333334
2026-08-05 17:10:00,1010.265
2026-08-05 17:20:00,1010.3633333333333
2026-08-05 17:30:00,1010.535
2026-08-05 17:40:00,1010.64
2026-08-05 17:50:00,1010.725
2026-08-05 18:00:00,1010.8866666666667
2026-08-05 18:10:00,1011.03
2026-08-05 18:20:00,1011.1
2026-08-05 18:30:00,1011.015
2026-08-05 18:40:00,1010.8266666666667
2026-08-05 18:50:00,1010.6350000000001
2026-08-05 19:00:00,1010.6833333333334
2026-08-05 19:10:00,1011.035
2026-08-05 19:20:00,1011.3633333333333
2026-08-05 19:30:00,1011.65
2026-08-05 19:40:00,1011.85
2026-08-05 19:50:00,1012.045
2026-08-05 20:00:00,1012.2533333333334
2026-08-05 20:10:00,1012.265
2026-08-05 20:20:00,1012.4533333333333
2026-08-05 20:30:00,1012.7
2026-08-05 20:40:00,1012.7933333333334
2026-08-05 20:50:00,1012.8399999999998
2026-08-05 21:00:00,1012.82
2026-08-05 21:10:00,1012.7333333333332
2026-08-05 21:20:00,1012.6933333333333
2026-08-05 21:30:00,1012.72
2026-08-05 21:40:00,1012.77
2026-08-05 21:50:00,1012.775
2026-08-05 22:00:00,1012.7233333333334
2026-08-05 22:10:00,1012.695
2026-08-05 22:20:00,1012.6166666666668
2026-08-05 22:30:00,1012.5649999999999
2026-08-05 22:40:00,1012.41
2026-08-05 22:50:00,1012.375
2026-08-05 23:00:00,1012.2933333333334
2026-08-05 23:10:00,1012.26
2026-08-05 23:20:00,1012.2033333333334
2026-08-05 23:30:00,1012.0699999999999
2026-08-05 23:40:00,1012.0333333333333
2026-08-05 23:50:00,1011.99
2026-08-06 00:00:00,1011.8800000000001
2026-08-06 00:10:00,1011.8349999999999
2026-08-06 00:20:00,1011.9000000000001
2026-08-06 00:30:00,1012.0133333333333
2026-08-06 00:40:00,1012.0699999999999
2026-08-06 00:50:00,1011.94
2026-08-06 01:00:00,1011.9250000000001
2026-08-06 01:10:00,1011.9500000000002
2026-08-06 01:20:00,1011.8249999999999
2026-08-06 01:30:00,1011.7666666666668
2026-08-06 01:40:00,1011.69
2026-08-06 01:50:00,1011.69
2026-08-06 02:00:00,1011.625
2026-08-06 02:10:00,1011.57
2026-08-06 02:20:00,1011.6033333333334
2026-08-06 02:30:00,1011.61
2026-08-06 02:40:00,1011.71
2026-08-06 02:50:00,1011.7000000000002
2026-08-06 03:00:00,1011.665
2026-08-06 03:10:00,1011.6566666666668
2026-08-06 03:20:00,1011.7366666666667
2026-08-06 03:30:00,1011.765
2026-08-06 03:40:00,1011.7225000000001
2026-08-06 03:50:00,1011.6049999999999
2026-08-06 04:00:00,1011.6866666666668
2026-08-06 04:10:00,1011.7466666666666
2026-08-06 04:20:00,1011.6733333333333
2026-08-06 04:30:00,1011.62
2026-08-06 04:40:00,1011.9399999999999
2026-08-06 04:50:00,1011.9250000000001
2026-08-06 05:00:00,1011.9566666666666
2026-08-06 05:10:00,1011.9200000000001
2026-08-06 05:20:00,1012.0300000000001
2026-08-06 05:30:00,1012.1
2026-08-06 05:40:00,1012.0766666666665
2026-08-06 05:50:00,1012.0333333333333
2026-08-06 06:00:00,1012.035
2026-08-06 06:10:00,1012.0033333333334
2026-08-06 06:20:00,1012.0099999999999
2026-08-06 06:30:00,1011.94
2026-08-06 06:40:00,1011.7999999999998
2026-08-06 06:50:00,1011.6750000000001
2026-08-06 07:00:00,1011.5933333333332
2026-08-06 07:10:00,1011.6350000000001
2026-08-06 07:20:00,1011.6133333333333
2026-08-06 07:30:00,1011.56
2026-08-06 07:40:00,1011.5666666666666
2026-08-06 07:50:00,1011.465
2026-08-06 08:00:00,1011.7333333333332
2026-08-06 08:10:00,1011.84
2026-08-06 08:20:00,1012.0066666666667
2026-08-06 08:30:00,1012.165
2026-08-06 08:40:00,1012.2466666666666
2026-08-06 08:50:00,1012.28
2026-08-06 09:00:00,1012.2433333333333
2026-08-06 09:10:00,1012.0699999999999
2026-08-06 09:20:00,1011.93
2026-08-06 09:30:00,1012.11
2026-08-06 09:40:00,1012.1866666666668
2026-08-06 09:50:00,1012.235
2026-08-06 10:00:00,1012.3299999999999
2026-08-06 10:10:00,1012.485
2026-08-06 10:20:00,1012.5233333333332
2026-08-06 10:30:00,1012.5500000000001
2026-08-06 10:40:00,1012.615
2026-08-06 10:50:00,1012.6466666666666
2026-08-06 11:00:00,1012.62
2026-08-06 11:10:00,1012.6033333333334
2026-08-06 11:20:00,1012.6300000000001
2026-08-06 11:30:00,1012.7633333333333
2026-08-06 11:40:00,1012.795
2026-08-06 11:50:00,1012.7966666666666
2026-08-06 12:00:00,1012.78
2026-08-06 12:10:00,1012.7199999999999
2026-08-06 12:20:00,1012.6600000000001
2026-08-06 12:30:00,1012.7066666666666
2026-08-06 12:40:00,1012.555
2026-08-06 12:50:00,1012.5933333333332
2026-08-06 13:00:00,1012.51
2026-08-06 13:10:00,1012.3933333333334
2026-08-06 13:20:00,1012.35
2026-08-06 13:30:00,1012.3366666666667
2026-08-06 13:40:00,1012.305
2026-08-06 13:50:00,1012.2199999999999
2026-08-06 14:00:00,1012.22
2026-08-06 14:10:00,1012.2400000000001
2026-08-06 14:20:00,1012.2333333333332
2026-08-06 14:30:00,1012.1550000000001
2026-08-06 14:40:00,1012.07
2026-08-06 14:50:00,1011.835
2026-08-06 15:00:00,1011.7733333333332
2026-08-06 15:10:00,1011.71
2026-08-06 15:20:00,1011.6666666666666
2026-08-06 15:30:00,1011.7
2026-08-06 15:40:00,1011.7233333333334
2026-08-06 15:50:00,1011.715
2026-08-06 16:00:00,1011.6700000000001
2026-08-06 16:10:00,1011.72
2026-08-06 16:20:00,1011.8366666666667
2026-08-06 16:30:00,1012.01
2026-08-06 16:40:00,1011.93
2026-08-06 16:50:00,1011.9050000000001
2026-08-06 17:00:00,1011.9233333333335
2026-08-06 17:10:00,1012.005
2026-08-06 17:20:00,1012.0933333333332
2026-08-06 17:30:00,1012.1700000000001
2026-08-06 17:40:00,1012.2833333333333
2026-08-06 17:50:00,1012.3399999999999
2026-08-06 18:00:00,1012.5
2026-08-06 18:10:00,1012.525
2026-08-06 18:20:00,1012.5799999999999
2026-08-06 18:30:00,1012.58
2026-08-06 18:40:00,1012.6766666666667
2026-08-06 18:50:00,1012.84
2026-08-06 19:00:00,1012.86
2026-08-06 19:10:00,1012.8399999999999
2026-08-06 19:20:00,1012.9166666666666
2026-08-06 19:30:00,1012.9150000000001
2026-08-06 19:40:00,1013.0133333333333
2026-08-06 19:50:00,1013.04
2026-08-06 20:00:00,1013.1666666666666
2026-08-06 20:10:00,1013.24
2026-08-06 20:20:00,1013.2000000000002
2026-08-06 20:30:00,1013.195
2026-08-06 20:40:00,1013.2566666666667
2026-08-06 20:50:00,1013.2
2026-08-06 21:00:00,1013.1266666666667
2026-08-06 21:10:00,1013.19
2026-08-06 21:20:00,1013.2199999999999
2026-08-06 21:30:00,1013.295
2026-08-06 21:40:00,1013.4833333333332
2026-08-06 21:50:00,1013.45
2026-08-06 22:00:00,1013.4566666666666
2026-08-06 22:10:00,1013.45
2026-08-06 22:20:00,1013.44
2026-08-06 22:30:00,1013.455
2026-08-06 22:40:00,1013.4433333333333
2026-08-06 22:50:00,1013.375
2026-08-06 23:00:00,1013.4050000000001
2026-08-06 23:10:00,1013.4633333333335
2026-08-06 23:20:00,1013.335
2026-08-06 23:30:00,1013.0533333333333
2026-08-06 23:40:00,1012.9150000000001
2026-08-06 23:50:00,1012.8833333333336
2026-08-07 00:00:00,1012.755
2026-08-07 00:10:00,1012.5866666666667
2026-08-07 00:20:00,1012.37
2026-08-07 00:30:00,1012.3299999999999
2026-08-07 00:40:00,1012.215
2026-08-07 00:50:00,1012.0966666666667
2026-08-07 01:00:00,1011.8900000000001
2026-08-07 01:10:00,1011.85
2026-08-07 01:20:00,1011.75
2026-08-07 01:30:00,1011.6833333333334
2026-08-07 01:40:00,1011.6400000000001
2026-08-07 01:50:00,1011.5866666666667
2026-08-07 02:00:00,1011.525
2026-08-07 02:10:00,1011.4566666666666
2026-08-07 02:20:00,1011.4100000000001
2026-08-07 02:30:00,1011.3800000000001
2026-08-07 02:40:00,1011.42
2026-08-07 02:50:00,1011.4866666666667
2026-08-07 03:00:00,1011.4200000000001
2026-08-07 03:10:00,1011.4
2026-08-07 03:20:00,1011.465
2026-08-07 03:30:00,1011.5466666666666
2026-08-07 03:40:00,1011.61
2026-08-07 03:50:00,1011.6633333333334
2026-08-07 04:00:00,1011.6800000000001
2026-08-07 04:10:00,1011.6433333333334
2026-08-07 04:20:00,1011.52
2026-08-07 04:30:00,1011.4966666666666
2026-08-07 04:40:00,1011.445
2026-08-07 04:50:00,1011.4500000000002
2026-08-07 05:00:00,1011.49
2026-08-07 05:10:00,1011.5499999999998
2026-08-07 05:20:00,1011.5649999999999
2026-08-07 05:30:00,1011.5566666666667
2026-08-07 05:40:00,1011.635
2026-08-07 05:50:00,1011.66
2026-08-07 06:00:00,1011.8766666666667
2026-08-07 06:10:00,1011.98
2026-08-07 06:20:00,1012.1033333333334
2026-08-07 06:30:00,1012.32
2026-08-07 06:40:00,1012.4733333333334
2026-08-07 06:50:00,1012.5849999999999
2026-08-07 07:00:00,1012.65
2026-08-07 07:10:00,1012.735
2026-08-07 07:20:00,1012.7733333333334
2026-08-07 07:30:00,1012.79
2026-08-07 07:40:00,1012.77
2026-08-07 07:50:00,1012.8199999999999
2026-08-07 08:00:00,1012.8533333333334
2026-08-07 08:10:00,1012.955
2026-08-07 08:20:00,1012.9033333333333
2026-08-07 08:30:00,1012.9100000000001
2026-08-07 08:40:00,1013.0966666666667
2026-08-07 08:50:00,1013.12
2026-08-07 09:00:00,1013.1766666666666
2026-08-07 09:10:00,1013.31
2026-08-07 09:20:00,1013.23
2026-08-07 09:30:00,1013.195
2026-08-07 09:40:00,1013.2466666666666
2026-08-07 09:50:00,1013.09
2026-08-07 10:00:00,1013.0266666666666
2026-08-07 10:10:00,1012.9100000000001
2026-08-07 10:20:00,1012.89
2026-08-07 10:30:00,1012.89
2026-08-07 10:40:00,1012.9933333333333
2026-08-07 10:50:00,1012.9
2026-08-07 11:00:00,1012.7266666666668
2026-08-07 11:10:00,1012.5699999999999
2026-08-07 11:20:00,1012.4333333333334
2026-08-07 11:30:00,1012.44
2026-08-07 11:40:00,1012.3000000000001
2026-08-07 11:50:00,1012.1600000000001
2026-08-07 12:00:00,1011.9733333333334
2026-08-07 12:10:00,1011.9100000000001
2026-08-07 12:20:00,1011.7366666666667
2026-08-07 12:30:00,1011.54
2026-08-07 12:40:00,1011.3533333333334
2026-08-07 12:50:00,1011.27
2026-08-07 13:00:00,1010.9733333333334
2026-08-07 13:10:00,1010.755
2026-08-07 13:20:00,1010.7266666666668
2026-08-07 13:30:00,1010.6300000000001
2026-08-07 13:40:00,1010.5933333333332
2026-08-07 13:50:00,1010.55
2026-08-07 14:00:00,1010.5066666666667
2026-08-07 14:10:00,1010.4250000000001
2026-08-07 14:20:00,1010.4166666666666
2026-08-07 14:30:00,1010.31
2026-08-07 14:40:00,1010.1633333333333
2026-08-07 14:50:00,1010.1650000000001
2026-08-07 15:00:00,1010.15
2026-08-07 15:10:00,1010.115
2026-08-07 15:20:00,1010.1166666666668
2026-08-07 15:30:00,1010.1600000000001
2026-08-07 15:40:00,1010.1266666666667
2026-08-07 15:50:00,1010.11
2026-08-07 16:00:00,1010.21
2026-08-07 16:10:00,1010.18
2026-08-07 16:20:00,1010.2466666666666
2026-08-07 16:30:00,1010.27
2026-08-07 16:40:00,1010.3166666666666
2026-08-07 16:50:00,1010.345
2026-08-07 17:00:00,1010.4399999999999
2026-08-07 17:10:00,1010.58
2026-08-07 17:20:00,1010.6700000000001
2026-08-07 17:30:00,1010.6750000000001
2026-08-07 17:40:00,1010.5899999999998
2026-08-07 17:50:00,1010.6550000000001
2026-08-07 18:00:00,1010.775
2026-08-07 18:10:00,1010.9066666666668
2026-08-07 18:20:00,1010.9100000000001
2026-08-07 18:30:00,1010.9133333333334
2026-08-07 18:40:00,1010.96
2026-08-07 18:50:00,1010.9000000000001
2026-08-07 19:00:00,1010.8750000000001
2026-08-07 19:10:00,1010.9866666666667
2026-08-07 19:20:00,1011.2750000000001
2026-08-07 19:30:00,1011.5133333333333
2026-08-07 19:40:00,1011.705
2026-08-07 19:50:00,1011.65
2026-08-07 20:00:00,1011.545
2026-08-07 20:10:00,1011.6966666666667
2026-08-07 20:20:00,1011.755
2026-08-07 20:30:00,1011.8766666666667
2026-08-07 20:40:00,1011.99
2026-08-07 20:50:00,1012.0333333333333
2026-08-07 21:00:00,1012.115
2026-08-07 21:10:00,1012.1433333333334
2026-08-07 21:20:00,1012.275
2026-08-07 21:30:00,1012.3233333333333
2026-08-07 21:40:00,1012.285
2026-08-07 21:50:00,1012.46
2026-08-07 22:00:00,1012.535
2026-08-07 22:10:00,1012.5766666666665
2026-08-07 22:20:00,1012.4300000000001
2026-08-07 22:30:00,1012.2933333333334
2026-08-07 22:40:00,1012.225
2026-08-07 22:50:00,1012.1700000000001
2026-08-07 23:00:00,1012.05
2026-08-07 23:10:00,1011.9699999999999
2026-08-07 23:20:00,1012
2026-08-07 23:30:00,1011.7733333333334
2026-08-07 23:40:00,1011.6550000000001
2026-08-07 23:50:00,1011.6066666666666
2026-08-08 00:00:00,1011.525
2026-08-08 00:10:00,1011.43
2026-08-08 00:20:00,1011.285
2026-08-08 00:30:00,1011.25
2026-08-08 00:40:00,1011.205
2026-08-08 00:50:00,1011.1033333333334
2026-08-08 01:00:00,1011.025
2026-08-08 01:10:00,1010.9466666666667
2026-08-08 01:20:00,1010.785
2026-08-08 01:30:00,1010.7233333333334
2026-08-08 01:40:00,1010.605
2026-08-08 01:50:00,1010.56
2026-08-08 02:00:00,1010.56
2026-08-08 02:10:00,1010.4699999999999
2026-08-08 02:20:00,1010.4000000000001
2026-08-08 02:30:00,1010.2633333333333
2026-08-08 02:40:00,1010.245
2026-08-08 02:50:00,1010.1433333333334
2026-08-08 03:00:00,1010.1500000000001
2026-08-08 03:10:00,1010.0833333333334
2026-08-08 03:20:00,1010.115
2026-08-08 03:30:00,1010.1366666666667
2026-08-08 03:40:00,1010.1700000000001
2026-08-08 03:50:00,1010.3166666666666
2026-08-08 04:00:00,1010.3299999999999
2026-08-08 04:10:00,1010.4166666666666
2026-08-08 04:20:00,1010.495
2026-08-08 04:30:00,1010.4500000000002
2026-08-08 04:40:00,1010.63
2026-08-08 04:50:00,1010.7000000000002
2026-08-08 05:00:00,1010.74
2026-08-08 05:10:00,1010.8000000000001
2026-08-08 05:20:00,1010.96
2026-08-08 05:30:00,1011.02
2026-08-08 05:40:00,1011.1166666666668
2026-08-08 05:50:00,1011.3299999999999
2026-08-08 06:00:00,1011.4233333333335
2026-08-08 06:10:00,1011.545
2026-08-08 06:20:00,1011.6133333333333
2026-08-08 06:30:00,1011.605
2026-08-08 06:40:00,1011.7233333333334
2026-08-08 06:50:00,1011.975
2026-08-08 07:00:00,1012.1300000000001
2026-08-08 07:10:00,1012.05
2026-08-08 07:20:00,1012.1266666666667
2026-08-08 07:30:00,1012.23
2026-08-08 07:40:00,1012.3466666666667
2026-08-08 07:50:00,1012.355
2026-08-08 08:00:00,1012.3166666666666
2026-08-08 08:10:00,1012.45
2026-08-08 08:20:00,1012.5366666666665
2026-08-08 08:30:00,1012.735
2026-08-08 08:40:00,1012.7599999999999
2026-08-08 08:50:00,1012.85
2026-08-08 09:00:00,1012.7466666666666
2026-08-08 09:10:00,1012.805
2026-08-08 09:20:00,1012.68
2026-08-08 09:30:00,1012.655
2026-08-08 09:40:00,1012.43
2026-08-08 09:50:00,1012.3249999999999
2026-08-08 10:00:00,1012.2733333333332
2026-08-08 10:10:00,1012.305
2026-08-08 10:20:00,1012.0966666666667
2026-08-08 10:30:00,1011.94
2026-08-08 10:40:00,1011.8166666666666
2026-08-08 10:50:00,1011.9050000000001
2026-08-08 11:00:00,1011.7433333333333
2026-08-08 11:10:00,1011.6850000000001
2026-08-08 11:20:00,1011.7666666666668
2026-08-08 11:30:00,1011.575
2026-08-08 11:40:00,1011.4233333333335
2026-08-08 11:50:00,1011.37
2026-08-08 12:00:00,1011.3533333333335
2026-08-08 12:10:00,1011.245
2026-08-08 12:20:00,1010.9266666666667
2026-08-08 12:30:00,1010.805
2026-08-08 12:40:00,1010.8366666666667
2026-08-08 12:50:00,1010.785
2026-08-08 13:00:00,1010.6533333333333
2026-08-08 13:10:00,1010.51
2026-08-08 13:20:00,1010.5233333333332
2026-08-08 13:30:00,1010.27
2026-08-08 13:40:00,1009.9433333333333
2026-08-08 13:50:00,1009.89
2026-08-08 14:00:00,1009.7400000000001
2026-08-08 14:10:00,1009.76
2026-08-08 14:20:00,1009.8533333333334
2026-08-08 14:30:00,1009.765
2026-08-08 14:40:00,1009.8399999999998
2026-08-08 14:50:00,1009.855
2026-08-08 15:00:00,1009.6833333333334
2026-08-08 15:10:00,1009.6400000000001
2026-08-08 15:20:00,1009.5999999999999
2026-08-08 15:30:00,1009.5550000000001
2026-08-08 15:40:00,1009.44
2026-08-08 15:50:00,1009.53
2026-08-08 16:00:00,1009.5533333333333
2026-08-08 16:10:00,1009.69
2026-08-08 16:20:00,1009.73
2026-08-08 16:30:00,1009.645
2026-08-08 16:40:00,1009.8866666666667
2026-08-08 16:50:00,1009.9050000000001
2026-08-08 17:00:00,1009.9933333333333
2026-08-08 17:10:00,1010.1750000000001
2026-08-08 17:20:00,1010.3066666666667
2026-08-08 17:30:00,1010.4150000000001
2026-08-08 17:40:00,1010.3366666666667
2026-08-08 17:50:00,1010.1300000000001
2026-08-08 18:00:00,1010.1533333333333
2026-08-08 18:10:00,1010.1700000000001
2026-08-08 18:20:00,1010.18
2026-08-08 18:30:00,1010.15
2026-08-08 18:40:00,1010.3033333333333
2026-08-08 18:50:00,1010.5
2026-08-08 19:00:00,1010.4833333333332
2026-08-08 19:10:00,1010.54
2026-08-08 19:20:00,1010.5066666666667
2026-08-08 19:30:00,1010.915
2026-08-08 19:40:00,1010.9900000000001
2026-08-08 19:50:00,1010.9200000000001
2026-08-08 20:00:00,1011.0666666666666
2026-08-08 20:10:00,1011.15
2026-08-08 20:20:00,1011.1266666666667
2026-08-08 20:30:00,1011.33
2026-08-08 20:40:00,1011.3533333333334
2026-08-08 20:50:00,1011.47
2026-08-08 21:00:00,1011.4333333333334
2026-08-08 21:10:00,1011.36
2026-08-08 21:20:00,1011.3133333333334
2026-08-08 21:30:00,1011.48
2026-08-08 21:40:00,1011.4466666666667
2026-08-08 21:50:00,1011.275
2026-08-08 22:00:00,1011.3966666666669
2026-08-08 22:10:00,1011.395
2026-08-08 22:20:00,1011.285
2026-08-08 22:30:00,1011.3299999999999
2026-08-08 22:40:00,1011.4549999999999
2026-08-08 22:50:00,1011.5666666666666
2026-08-08 23:00:00,1011.355
2026-08-08 23:10:00,1011.2800000000001
2026-08-08 23:20:00,1011.215
2026-08-08 23:30:00,1011.2833333333333
2026-08-08 23:40:00,1011.21
2026-08-08 23:50:00,1011.0033333333334
2026-08-09 00:00:00,1010.875
2026-08-09 00:10:00,1010.9066666666668
2026-08-09 00:20:00,1010.855
2026-08-09 00:30:00,1010.6333333333333
2026-08-09 00:40:00,1010.6400000000001
2026-08-09 00:50:00,1010.4333333333334
2026-08-09 01:00:00,1010.39
2026-08-09 01:10:00,1010.2466666666666
2026-08-09 01:20:00,1010.1850000000001
2026-08-09 01:30:00,1010.0166666666668
2026-08-09 01:40:00,1010.245
2026-08-09 01:50:00,1010.1866666666668
2026-08-09 02:00:00,1010.1800000000001
2026-08-09 02:10:00,1010.15
2026-08-09 02:20:00,1010.025
2026-08-09 02:30:00,1009.8766666666667
2026-08-09 02:40:00,1010.005
2026-08-09 02:50:00,1010.1033333333334
2026-08-09 03:00:00,1010.0999999999999
2026-08-09 03:10:00,1010.1366666666667
2026-08-09 03:20:00,1010.235
2026-08-09 03:30:00,1010.2566666666668
2026-08-09 03:40:00,1010.445
2026-08-09 03:50:00,1010.1966666666667
2026-08-09 04:00:00,1010.155
2026-08-09 04:10:00,1010.1533333333333
2026-08-09 04:20:00,1010.195
2026-08-09 04:30:00,1010.2833333333333
2026-08-09 04:40:00,1010.465
2026-08-09 04:50:00,1010.4500000000002
2026-08-09 05:00:00,1010.525
2026-08-09 05:10:00,1010.6133333333333
2026-08-09 05:20:00,1010.47
2026-08-09 05:30:00,1010.7666666666668
2026-08-09 05:40:00,1011
2026-08-09 05:50:00,1011.2400000000001
2026-08-09 06:00:00,1011.285
2026-08-09 06:10:00,1011.4633333333333
2026-08-09 06:20:00,1011.51
2026-08-09 06:30:00,1011.6899999999999
2026-08-09 06:40:00,1011.7
2026-08-09 06:50:00,1011.7233333333334
2026-08-09 07:00:00,1011.8
2026-08-09 07:10:00,1011.8866666666667
2026-08-09 07:20:00,1012.05
2026-08-09 07:30:00,1012.1199999999999
2026-08-09 07:40:00,1012.3449999999999
2026-08-09 07:50:00,1012.3533333333334
2026-08-09 08:00:00,1012.4100000000001
2026-08-09 08:10:00,1012.5
2026-08-09 08:20:00,1012.605
2026-08-09 08:30:00,1012.6266666666667
2026-08-09 08:40:00,1012.6
2026-08-09 08:50:00,1012.6366666666667
2026-08-09 09:00:00,1012.525
2026-08-09 09:10:00,1012.6233333333333
2026-08-09 09:20:00,1012.5799999999999
2026-08-09 09:30:00,1012.5649999999999
2026-08-09 09:40:00,1012.5833333333334
2026-08-09 09:50:00,1012.53
2026-08-09 10:00:00,1012.5266666666666
2026-08-09 10:10:00,1012.5749999999999
2026-08-09 10:20:00,1012.59
2026-08-09 10:30:00,1012.5450000000001
2026-08-09 10:40:00,1012.4266666666666
2026-08-09 10:50:00,1012.3
2026-08-09 11:00:00,1012.2866666666667
2026-08-09 11:10:00,1012.245
2026-08-09 11:20:00,1012.2000000000002
2026-08-09 11:30:00,1012.1550000000001
2026-08-09 11:40:00,1011.9933333333333
2026-08-09 11:50:00,1011.8100000000001
2026-08-09 12:00:00,1011.7400000000001
2026-08-09 12:10:00,1011.49
2026-08-09 12:20:00,1011.44
2026-08-09 12:30:00,1011.375
2026-08-09 12:40:00,1011.3499999999999
2026-08-09 12:50:00,1011.305
2026-08-09 13:00:00,1011.2433333333333
2026-08-09 13:10:00,1011.105
2026-08-09 13:20:00,1011.0233333333332
2026-08-09 13:30:00,1010.895
2026-08-09 13:40:00,1010.7533333333334
2026-08-09 13:50:00,1010.735
2026-08-09 14:00:00,1010.5833333333334
2026-08-09 14:10:00,1010.445
2026-08-09 14:20:00,1010.46
2026-08-09 14:30:00,1010.33
2026-08-09 14:40:00,1010.2433333333332
2026-08-09 14:50:00,1010.1550000000001
2026-08-09 15:00:00,1010.2066666666666
2026-08-09 15:10:00,1010.1
2026-08-09 15:20:00,1010.14
2026-08-09 15:30:00,1009.95
2026-08-09 15:40:00,1009.9433333333333
2026-08-09 15:50:00,1010.04
2026-08-09 16:00:00,1009.86
2026-08-09 16:10:00,1009.945
2026-08-09 16:20:00,1009.9733333333334
2026-08-09 16:30:00,1010.12
2026-08-09 16:40:00,1010.27
2026-08-09 16:50:00,1010.26
2026-08-09 17:00:00,1010.3266666666667
2026-08-09 17:10:00,1010.3900000000001
2026-08-09 17:20:00,1010.38
2026-08-09 17:30:00,1010.46
2026-08-09 17:40:00,1010.5066666666667
2026-08-09 17:50:00,1010.655
2026-08-09 18:00:00,1010.6966666666667
2026-08-09 18:10:00,1010.665
2026-08-09 18:20:00,1010.7599999999999
2026-08-09 18:30:00,1010.94
2026-08-09 18:40:00,1011.0766666666665
2026-08-09 18:50:00,1011.1800000000001
2026-08-09 19:00:00,1011.3933333333334
2026-08-09 19:10:00,1011.455
2026-08-09 19:20:00,1011.5766666666667
2026-08-09 19:30:00,1011.525
2026-08-09 19:40:00,1011.5
2026-08-09 19:50:00,1011.615
2026-08-09 20:00:00,1011.6966666666667
2026-08-09 20:10:00,1011.85
2026-08-09 20:20:00,1012.0099999999999
2026-08-09 20:30:00,1012.1
2026-08-09 20:40:00,1012.2366666666667
2026-08-09 20:50:00,1012.22
2026-08-09 21:00:00,1012.1500000000001
2026-08-09 21:10:00,1012.1266666666667
2026-08-09 21:20:00,1012.22
2026-08-09 21:30:00,1012.2999999999998
2026-08-09 21:40:00,1012.46
2026-08-09 21:50:00,1012.5799999999999
2026-08-09 22:00:00,1012.745
2026-08-09 22:10:00,1012.6966666666667
2026-08-09 22:20:00,1012.79
2026-08-09 22:30:00,1012.8266666666665
2026-08-09 22:40:00,1012.83
2026-08-09 22:50:00,1012.6
2026-08-09 23:00:00,1012.4150000000001
2026-08-09 23:10:00,1012.36
2026-08-09 23:20:00,1012.495
2026-08-09 23:30:00,1012.3466666666667
2026-08-09 23:40:00,1012.1500000000001
2026-08-09 23:50:00,1011.9233333333333
2026-08-10 00:00:00,1011.63
2026-08-10 00:10:00,1011.3833333333333
2026-08-10 00:20:00,1011.4200000000001
2026-08-10 00:30:00,1011.2400000000001
2026-08-10 00:40:00,1010.99
2026-08-10 00:50:00,1011.0033333333334
2026-08-10 01:00:00,1011
2026-08-10 01:10:00,1010.85
2026-08-10 01:20:00,1010.63
2026-08-10 01:30:00,1010.5133333333333
2026-08-10 01:40:00,1010.255
2026-08-10 01:50:00,1010.2366666666667
2026-08-10 02:00:00,1010.0799999999999
2026-08-10 02:10:00,1010.1833333333334
2026-08-10 02:20:00,1010.1250000000001
2026-08-10 02:30:00,1010.1466666666666
2026-08-10 02:40:00,1010.105
2026-08-10 02:50:00,1010.1666666666666
2026-08-10 03:00:00,1010.125
2026-08-10 03:10:00,1010.0866666666666
2026-08-10 03:20:00,1010.245
2026-08-10 03:30:00,1010.3866666666667
2026-08-10 03:40:00,1010.28
2026-08-10 03:50:00,1010.3299999999999
2026-08-10 04:00:00,1010.215
2026-08-10 04:10:00,1010.1866666666666
2026-08-10 04:20:00,1010.095
2026-08-10 04:30:00,1010.0233333333332
2026-08-10 04:40:00,1010.1750000000001
2026-08-10 04:50:00,1010.38
2026-08-10 05:00:00,1010.53
2026-08-10 05:10:00,1010.4133333333334
2026-08-10 05:20:00,1010.5200000000001
2026-08-10 05:30:00,1010.9500000000002
2026-08-10 05:40:00,1011.3
2026-08-10 05:50:00,1011.3133333333334
2026-08-10 06:00:00,1011.375
2026-08-10 06:10:00,1011.6066666666666
2026-08-10 06:20:00,1011.785
2026-08-10 06:30:00,1011.7766666666666
2026-08-10 06:40:00,1011.955
2026-08-10 06:50:00,1012.19
2026-08-10 07:00:00,1012.1700000000001
2026-08-10 07:10:00,1012.35
2026-08-10 07:20:00,1012.4449999999999
2026-08-10 07:30:00,1012.7866666666665
2026-08-10 07:40:00,1012.99
2026-08-10 07:50:00,1013.1
2026-08-10 08:00:00,1013.06
2026-08-10 08:10:00,1013.0933333333332
2026-08-10 08:20:00,1013.1600000000001
2026-08-10 08:30:00,1013.27
2026-08-10 08:40:00,1013.23
2026-08-10 08:50:00,1013.4050000000001
2026-08-10 09:00:00,1013.4133333333334
2026-08-10 09:10:00,1013.48
2026-08-10 09:20:00,1013.5233333333332
2026-08-10 09:30:00,1013.455
2026-08-10 09:40:00,1013.4033333333333
2026-08-10 09:50:00,1013.245
2026-08-10 10:00:00,1013.2933333333334
2026-08-10 10:10:00,1013.23
2026-08-10 10:20:00,1013.2233333333334
2026-08-10 10:30:00,1013.19
2026-08-10 10:40:00,1013.18
2026-08-10 10:50:00,1013.2
2026-08-10 11:00:00,1013.0666666666666
2026-08-10 11:10:00,1013.06
2026-08-10 11:20:00,1012.9900000000001
2026-08-10 11:30:00,1012.9250000000001
2026-08-10 11:40:00,1012.9033333333333
2026-08-10 11:50:00,1012.8299999999999
2026-08-10 12:00:00,1012.7833333333333
2026-08-10 12:10:00,1012.705
2026-08-10 12:20:00,1012.4766666666668
2026-08-10 12:30:00,1012.275
2026-08-10 12:40:00,1012.3166666666666
2026-08-10 12:50:00,1012.025
2026-08-10 13:00:00,1011.8266666666668
2026-08-10 13:10:00,1011.775
2026-08-10 13:20:00,1011.5933333333332
2026-08-10 13:30:00,1011.485
2026-08-10 13:40:00,1011.3100000000001
2026-08-10 13:50:00,1011.125
2026-08-10 14:00:00,1011.07
2026-08-10 14:10:00,1010.945
2026-08-10 14:20:00,1010.8533333333334
2026-08-10 14:30:00,1010.87
2026-08-10 14:40:00,1010.8266666666667
2026-08-10 14:50:00,1010.745
2026-08-10 15:00:00,1010.5633333333334
2026-08-10 15:10:00,1010.485
2026-08-10 15:20:00,1010.4333333333334
2026-08-10 15:30:00,1010.445
2026-08-10 15:40:00,1010.5266666666666
2026-08-10 15:50:00,1010.455
2026-08-10 16:00:00,1010.5833333333334
2026-08-10 16:10:00,1010.53
2026-08-10 16:20:00,1010.63
2026-08-10 16:30:00,1010.715
2026-08-10 16:40:00,1010.7166666666667
2026-08-10 16:50:00,1010.78
2026-08-10 17:00:00,1010.77
2026-08-10 17:10:00,1010.9300000000001
2026-08-10 17:20:00,1011.1
2026-08-10 17:30:00,1011.225
2026-08-10 17:40:00,1011.3299999999999
2026-08-10 17:50:00,1011.445
2026-08-10 18:00:00,1011.4200000000001
2026-08-10 18:10:00,1011.48
2026-08-10 18:20:00,1011.6566666666668
2026-08-10 18:30:00,1011.705
2026-08-10 18:40:00,1011.6933333333333
2026-08-10 18:50:00,1011.85
2026-08-10 19:00:00,1012.1133333333333
2026-08-10 19:10:00,1012.255
2026-08-10 19:20:00,1012.1933333333333
2026-08-10 19:30:00,1012.12
2026-08-10 19:40:00,1012.1266666666667
2026-08-10 19:50:00,1012.1850000000001
2026-08-10 20:00:00,1012.2633333333333
2026-08-10 20:10:00,1012.3199999999999
2026-08-10 20:20:00,1012.4766666666668
2026-08-10 20:30:00,1012.595
2026-08-10 20:40:00,1012.7199999999999
2026-08-10 20:50:00,1012.82
2026-08-10 21:00:00,1012.9933333333333
2026-08-10 21:10:00,1013.1800000000001
2026-08-10 21:20:00,1013.0766666666667
2026-08-10 21:30:00,1013.04
2026-08-10 21:40:00,1013.0633333333332
2026-08-10 21:50:00,1013.115
2026-08-10 22:00:00,1013.045
2026-08-10 22:10:00,1012.9566666666666
2026-08-10 22:20:00,1012.94
2026-08-10 22:30:00,1012.81
2026-08-10 22:40:00,1012.94
2026-08-10 22:50:00,1012.9433333333333
2026-08-10 23:00:00,1012.895
2026-08-10 23:10:00,1012.7400000000001
2026-08-10 23:20:00,1012.6800000000001
2026-08-10 23:30:00,1012.4666666666667
2026-08-10 23:40:00,1012.28
2026-08-10 23:50:00,1012.12
2026-08-11 00:00:00,1011.98
2026-08-11 00:10:00,1011.9133333333334
2026-08-11 00:20:00,1011.79
2026-08-11 00:30:00,1011.6966666666667
2026-08-11 00:40:00,1011.5799999999999
2026-08-11 00:50:00,1011.68
2026-08-11 01:00:00,1011.725
2026-08-11 01:10:00,1011.7933333333334
2026-08-11 01:20:00,1011.745
2026-08-11 01:30:00,1011.5600000000001
2026-08-11 01:40:00,1011.28
2026-08-11 01:50:00,1011.1700000000001
2026-08-11 02:00:00,1011.1250000000001
2026-08-11 02:10:00,1011.1066666666666
2026-08-11 02:20:00,1011.04
2026-08-11 02:30:00,1011.1333333333333
2026-08-11 02:40:00,1011.055
2026-08-11 02:50:00,1011.0200000000001
2026-08-11 03:00:00,1010.95
2026-08-11 03:10:00,1011.0833333333334
2026-08-11 03:20:00,1011.1700000000001
2026-08-11 03:30:00,1011.21
2026-08-11 03:40:00,1011.225
2026-08-11 03:50:00,1011.0833333333334
2026-08-11 04:00:00,1011.045
2026-08-11 04:10:00,1011.0766666666667
2026-08-11 04:20:00,1011.025
2026-08-11 04:30:00,1010.96
2026-08-11 04:40:00,1010.9050000000001
2026-08-11 04:50:00,1010.89
2026-08-11 05:00:00,1010.88
2026-08-11 05:10:00,1010.8866666666668
2026-08-11 05:20:00,1010.94
2026-08-11 05:30:00,1011.0566666666667
2026-08-11 05:40:00,1011.1650000000001
2026-08-11 05:50:00,1011.2133333333335
2026-08-11 06:00:00,1011.27
2026-08-11 06:10:00,1011.5033333333334
2026-08-11 06:20:00,1011.755
2026-08-11 06:30:00,1011.8266666666665
2026-08-11 06:40:00,1011.865
2026-08-11 06:50:00,1011.8433333333332
2026-08-11 07:00:00,1012.0400000000001
2026-08-11 07:10:00,1012.0233333333332
2026-08-11 07:20:00,1012.115
2026-08-11 07:30:00,1012.3166666666666
2026-08-11 07:40:00,1012.47
2026-08-11 07:50:00,1012.54
2026-08-11 08:00:00,1012.6850000000001
2026-08-11 08:10:00,1012.8333333333334
2026-08-11 08:20:00,1012.6850000000001
2026-08-11 08:30:00,1012.68
2026-08-11 08:40:00,1012.575
2026-08-11 08:50:00,1012.5333333333333
2026-08-11 09:00:00,1012.445
2026-08-11 09:10:00,1012.4050000000001
2026-08-11 09:20:00,1012.3699999999999
2026-08-11 09:30:00,1012.31
2026-08-11 09:40:00,1012.29
2026-08-11 09:50:00,1012.25
2026-08-11 10:00:00,1012.3133333333332
2026-08-11 10:10:00,1012.285
2026-08-11 10:20:00,1012.2966666666666
2026-08-11 10:30:00,1012.1450000000001
2026-08-11 10:40:00,1012.0600000000001
2026-08-11 10:50:00,1012.12
2026-08-11 11:00:00,1011.9966666666666
2026-08-11 11:10:00,1011.82
2026-08-11 11:20:00,1011.6333333333333
2026-08-11 11:30:00,1011.575
2026-08-11 11:40:00,1011.4366666666666
2026-08-11 11:50:00,1011.355
2026-08-11 12:00:00,1011.3233333333333
2026-08-11 12:10:00,1011.25
2026-08-11 12:20:00,1011.2133333333335
2026-08-11 12:30:00,1011.255
2026-08-11 12:40:00,1011.1033333333335
2026-08-11 12:50:00,1011.135
2026-08-11 13:00:00,1010.8366666666667
2026-08-11 13:10:00,1010.675
2026-08-11 13:20:00,1010.6500000000001
2026-08-11 13:30:00,1010.465
2026-08-11 13:40:00,1010.32
2026-08-11 13:50:00,1010.1850000000001
2026-08-11 14:00:00,1010.18
2026-08-11 14:10:00,1010.21
2026-08-11 14:20:00,1010.1933333333333
2026-08-11 14:30:00,1010.1350000000001
2026-08-11 14:40:00,1010.1133333333333
2026-08-11 14:50:00,1009.965
2026-08-11 15:00:00,1009.8633333333333
2026-08-11 15:10:00,1009.78
2026-08-11 15:20:00,1009.71
2026-08-11 15:30:00,1009.6800000000001
2026-08-11 15:40:00,1009.84
2026-08-11 15:50:00,1009.8399999999999
2026-08-11 16:00:00,1009.7266666666668
2026-08-11 16:10:00,1009.6850000000001
2026-08-11 16:20:00,1009.7466666666666
2026-08-11 16:30:00,1009.805
2026-08-11 16:40:00,1009.73
2026-08-11 16:50:00,1009.87
2026-08-11 17:00:00,1010.0033333333334
2026-08-11 17:10:00,1010.1
2026-08-11 17:20:00,1010.1833333333334
2026-08-11 17:30:00,1010.3499999999999
2026-08-11 17:40:00,1010.5666666666666
2026-08-11 17:50:00,1010.5749999999999
2026-08-11 18:00:00,1010.61
2026-08-11 18:10:00,1010.84
2026-08-11 18:20:00,1011.1
2026-08-11 18:30:00,1011.3349999999999
2026-08-11 18:40:00,1011.35
2026-08-11 18:50:00,1011.3950000000001
2026-08-11 19:00:00,1011.3266666666665
2026-08-11 19:10:00,1011.4150000000001
2026-08-11 19:20:00,1011.6533333333333
2026-08-11 19:30:00,1011.6250000000001
2026-08-11 19:40:00,1011.7633333333333
2026-08-11 19:50:00,1011.805
2026-08-11 20:00:00,1011.9066666666668
2026-08-11 20:10:00,1011.89
2026-08-11 20:20:00,1011.9133333333334
2026-08-11 20:30:00,1012.035
2026-08-11 20:40:00,1012.1166666666668
2026-08-11 20:50:00,1012.275
2026-08-11 21:00:00,1012.4000000000001
2026-08-11 21:10:00,1012.4533333333334
2026-08-11 21:20:00,1012.505
2026-08-11 21:30:00,1012.7266666666668
2026-08-11 21:40:00,1012.78
2026-08-11 21:50:00,1012.7266666666668
2026-08-11 22:00:00,1012.745
2026-08-11 22:10:00,1012.6866666666668
2026-08-11 22:20:00,1012.455
2026-08-11 22:30:00,1012.4433333333333
2026-08-11 22:40:00,1012.445
2026-08-11 22:50:00,1012.3466666666667
2026-08-11 23:00:00,1012.24
2026-08-11 23:10:00,1012.1700000000001
2026-08-11 23:20:00,1012.1800000000001
2026-08-11 23:30:00,1011.93
2026-08-11 23:40:00,1011.8149999999999
2026-08-11 23:50:00,1011.6700000000001
2026-08-12 00:00:00,1011.54
2026-08-12 00:10:00,1011.5300000000001
2026-08-12 00:20:00,1011.5
2026-08-12 00:30:00,1011.5366666666665
2026-08-12 00:40:00,1011.635
2026-08-12 00:50:00,1011.68
2026-08-12 01:00:00,1011.53
2026-08-12 01:10:00,1011.4933333333335
2026-08-12 01:20:00,1011.315
2026-08-12 01:30:00,1011.1333333333333
2026-08-12 01:40:00,1010.9200000000001
2026-08-12 01:50:00,1010.7700000000001
2026-08-12 02:00:00,1010.615
2026-08-12 02:10:00,1010.6300000000001
2026-08-12 02:20:00,1010.615
2026-08-12 02:30:00,1010.6966666666667
2026-08-12 02:40:00,1010.74
2026-08-12 02:50:00,1010.61
2026-08-12 03:00:00,1010.7
2026-08-12 03:10:00,1010.8933333333334
2026-08-12 03:20:00,1010.915
2026-08-12 03:30:00,1010.85
2026-08-12 03:40:00,1010.79
2026-08-12 03:50:00,1010.7999999999998
2026-08-12 04:00:00,1010.8900000000001
2026-08-12 04:10:00,1010.8466666666667
2026-08-12 04:20:00,1010.75
2026-08-12 04:30:00,1010.5799999999999
2026-08-12 04:40:00,1010.5849999999999
2026-08-12 04:50:00,1010.6166666666668
2026-08-12 05:00:00,1010.6650000000001
2026-08-12 05:10:00,1010.7066666666666
2026-08-12 05:20:00,1010.815
2026-08-12 05:30:00,1010.98
2026-08-12 05:40:00,1010.875
2026-08-12 05:50:00,1010.8033333333333
2026-08-12 06:00:00,1010.785
2026-08-12 06:10:00,1010.75
2026-08-12 06:20:00,1010.7
2026-08-12 06:30:00,1011
2026-08-12 06:40:00,1011.11
2026-08-12 06:50:00,1011.36
2026-08-12 07:00:00,1011.465
2026-08-12 07:10:00,1011.3299999999999
2026-08-12 07:20:00,1011.46
2026-08-12 07:30:00,1011.7366666666667
2026-08-12 07:40:00,1011.48
2026-08-12 07:50:00,1011.4666666666667
2026-08-12 08:00:00,1011.7
2026-08-12 08:10:00,1011.7800000000001
2026-08-12 08:20:00,1011.785
2026-08-12 08:30:00,1011.9250000000001
2026-08-12 08:40:00,1011.8833333333333
2026-08-12 08:50:00,1011.8199999999999
2026-08-12 09:00:00,1011.9133333333333
2026-08-12 09:10:00,1011.86
2026-08-12 09:20:00,1011.9166666666666
2026-08-12 09:30:00,1011.9000000000001
2026-08-12 09:40:00,1011.9233333333335
2026-08-12 09:50:00,1011.94
2026-08-12 10:00:00,1011.8266666666667
2026-08-12 10:10:00,1011.755
2026-08-12 10:20:00,1011.6133333333333
2026-08-12 10:30:00,1011.6700000000001
2026-08-12 10:40:00,1011.64
2026-08-12 10:50:00,1011.605
2026-08-12 11:00:00,1011.5533333333333
2026-08-12 11:10:00,1011.8
2026-08-12 11:20:00,1011.8633333333333
2026-08-12 11:30:00,1011.81
2026-08-12 11:40:00,1011.77
2026-08-12 11:50:00,1011.865
2026-08-12 12:00:00,1011.9733333333334
2026-08-12 12:10:00,1011.97
2026-08-12 12:20:00,1011.85
2026-08-12 12:30:00,1011.64
2026-08-12 12:40:00,1011.3466666666667
2026-08-12 12:50:00,1011.11
2026-08-12 13:00:00,1010.91
2026-08-12 13:10:00,1010.95
2026-08-12 13:20:00,1010.8100000000001
2026-08-12 13:30:00,1010.59
2026-08-12 13:40:00,1010.5133333333333
2026-08-12 13:50:00,1010.4200000000001
2026-08-12 14:00:00,1010.3166666666666
2026-08-12 14:10:00,1010.23
2026-08-12 14:20:00,1010.2033333333334
2026-08-12 14:30:00,1010.23
2026-08-12 14:40:00,1010.0333333333334
2026-08-12 14:50:00,1009.885
2026-08-12 15:00:00,1010.1533333333333
2026-08-12 15:10:00,1009.975
2026-08-12 15:20:00,1009.7633333333333
2026-08-12 15:30:00,1009.905
2026-08-12 15:40:00,1010.0533333333333
2026-08-12 15:50:00,1009.935
2026-08-12 16:00:00,1009.75
2026-08-12 16:10:00,1009.72
2026-08-12 16:20:00,1009.84
2026-08-12 16:30:00,1009.88
2026-08-12 16:40:00,1009.8366666666667
2026-08-12 16:50:00,1010.0699999999999
2026-08-12 17:00:00,1010
2026-08-12 17:10:00,1009.99
2026-08-12 17:20:00,1010.09
2026-08-12 17:30:00,1010.245
2026-08-12 17:40:00,1010.3533333333334
2026-08-12 17:50:00,1010.5699999999999
2026-08-12 18:00:00,1010.61
2026-08-12 18:10:00,1010.5899999999999
2026-08-12 18:20:00,1010.6966666666667
2026-08-12 18:30:00,1010.9250000000001
2026-08-12 18:40:00,1011.0300000000001
2026-08-12 18:50:00,1011.055
2026-08-12 19:00:00,1011.39
2026-08-12 19:10:00,1011.36
2026-08-12 19:20:00,1011.15
2026-08-12 19:30:00,1010.975
2026-08-12 19:40:00,1011.0799999999999
2026-08-12 19:50:00,1011.2800000000001
2026-08-12 20:00:00,1011.6533333333333
2026-08-12 20:10:00,1011.755
2026-08-12 20:20:00,1011.98
2026-08-12 20:30:00,1012.09
2026-08-12 20:40:00,1012.1166666666668
2026-08-12 20:50:00,1012.125
2026-08-12 21:00:00,1012.1966666666667
2026-08-12 21:10:00,1012.24
2026-08-12 21:20:00,1012.28
2026-08-12 21:30:00,1012.4566666666666
2026-08-12 21:40:00,1012.455
2026-08-12 21:50:00,1012.6300000000001
2026-08-12 22:00:00,1012.73
2026-08-12 22:10:00,1012.8166666666666
2026-08-12 22:20:00,1012.665
2026-08-12 22:30:00,1012.5766666666667
2026-08-12 22:40:00,1012.655
2026-08-12 22:50:00,1012.5633333333332
2026-08-12 23:00:00,1012.375
2026-08-12 23:10:00,1012.2199999999999
2026-08-12 23:20:00,1012.0849999999999
2026-08-12 23:30:00,1011.9533333333334
2026-08-12 23:40:00,1011.9000000000001
2026-08-12 23:50:00,1011.82
2026-08-13 00:00:00,1011.755
2026-08-13 00:10:00,1011.6233333333333
2026-08-13 00:20:00,1011.515
2026-08-13 00:30:00,1011.2866666666665
2026-08-13 00:40:00,1011.22
2026-08-13 00:50:00,1011.0233333333332
2026-08-13 01:00:00,1011.0749999999999
2026-08-13 01:10:00,1011.1600000000002
2026-08-13 01:20:00,1011.0949999999999
2026-08-13 01:30:00,1011.0966666666667
2026-08-13 01:40:00,1011.005
2026-08-13 01:50:00,1011.0500000000001
2026-08-13 02:00:00,1011.26
2026-08-13 02:10:00,1011.4033333333333
2026-08-13 02:20:00,1011.3700000000001
2026-08-13 02:30:00,1011.3133333333332
2026-08-13 02:40:00,1011.205
2026-08-13 02:50:00,1011.2966666666666
2026-08-13 03:00:00,1011.22
2026-08-13 03:10:00,1011.1233333333333
2026-08-13 03:20:00,1011.035
2026-08-13 03:30:00,1011.0166666666668
2026-08-13 03:40:00,1011.1600000000001
2026-08-13 03:50:00,1011.07
2026-08-13 04:00:00,1010.9050000000001
2026-08-13 04:10:00,1010.9699999999999
2026-08-13 04:20:00,1011.045
2026-08-13 04:30:00,1011.0166666666668
2026-08-13 04:40:00,1010.8349999999999
2026-08-13 04:50:00,1010.7833333333333
2026-08-13 05:00:00,1010.9250000000001
2026-08-13 05:10:00,1011.0900000000001
2026-08-13 05:20:00,1011.1650000000001
2026-08-13 05:30:00,1011.2166666666667
2026-08-13 05:40:00,1011.36
2026-08-13 05:50:00,1011.6033333333335
2026-08-13 06:00:00,1011.75
2026-08-13 06:10:00,1011.8966666666666
2026-08-13 06:20:00,1011.8199999999999
2026-08-13 06:30:00,1012
2026-08-13 06:40:00,1012.1800000000001
2026-08-13 06:50:00,1012.29
2026-08-13 07:00:00,1012.49
2026-08-13 07:10:00,1012.5499999999998
2026-08-13 07:20:00,1012.54
2026-08-13 07:30:00,1012.5633333333332
2026-08-13 07:40:00,1012.74
2026-08-13 07:50:00,1012.93
2026-08-13 08:00:00,1012.8249999999999
2026-08-13 08:10:00,1012.9733333333334
2026-08-13 08:20:00,1012.98
2026-08-13 08:30:00,1012.9050000000001
2026-08-13 08:40:00,1013.0033333333332
2026-08-13 08:50:00,1012.915
2026-08-13 09:00:00,1012.69
2026-08-13 09:10:00,1012.76
2026-08-13 09:20:00,1012.7233333333334
2026-08-13 09:30:00,1012.775
2026-08-13 09:40:00,1012.8066666666667
2026-08-13 09:50:00,1012.79
2026-08-13 10:00:00,1012.8199999999999
2026-08-13 10:10:00,1012.9150000000001
2026-08-13 10:20:00,1012.7833333333333
2026-08-13 10:30:00,1012.8599999999999
2026-08-13 10:40:00,1012.8699999999999
2026-08-13 10:50:00,1013.02
2026-08-13 11:00:00,1012.8566666666666
2026-08-13 11:10:00,1012.455
2026-08-13 11:20:00,1012.3566666666667
2026-08-13 11:30:00,1012.515
2026-08-13 11:40:00,1012.6633333333334
2026-08-13 11:50:00,1012.85
2026-08-13 12:00:00,1013.1
2026-08-13 12:10:00,1013.0066666666667
2026-08-13 12:20:00,1012.88
2026-08-13 12:30:00,1013.0566666666667
2026-08-13 12:40:00,1012.6533333333333
2026-08-13 12:50:00,1011.8639999999999
2026-08-13 13:00:00,1011.2766666666666
2026-08-13 13:10:00,1011.2033333333334
2026-08-13 13:20:00,1011.1
2026-08-13 13:30:00,1010.8733333333333
2026-08-13 13:40:00,1011.0400000000001
2026-08-13 13:50:00,1011.1366666666667
2026-08-13 14:00:00,1011.6
2026-08-13 14:10:00,1011.7933333333334
2026-08-13 14:20:00,1011.75
2026-08-13 14:30:00,1011.6033333333334
2026-08-13 14:40:00,1011.485
2026-08-13 14:50:00,1011.36
2026-08-13 15:00:00,1011.18
2026-08-13 15:10:00,1011.07
2026-08-13 15:20:00,1010.955
2026-08-13 15:30:00,1011.1466666666666
2026-08-13 15:40:00,1011.225
2026-08-13 15:50:00,1011.2000000000002
2026-08-13 16:00:00,1011.0999999999999
2026-08-13 16:10:00,1011.0733333333333
2026-08-13 16:20:00,1011.125
2026-08-13 16:30:00,1011.0933333333332
2026-08-13 16:40:00,1011.0649999999999
2026-08-13 16:50:00,1011.0633333333332
2026-08-13 17:00:00,1011.04
2026-08-13 17:10:00,1011.0766666666665
2026-08-13 17:20:00,1011.14
2026-08-13 17:30:00,1011.0799999999999
2026-08-13 17:40:00,1011.185
2026-08-13 17:50:00,1011.3733333333333
2026-08-13 18:00:00,1011.62
2026-08-13 18:10:00,1011.7933333333334
2026-08-13 18:20:00,1011.865
2026-08-13 18:30:00,1011.9399999999999
2026-08-13 18:40:00,1012.1700000000001
2026-08-13 18:50:00,1012.1966666666667
2026-08-13 19:00:00,1012.1500000000001
2026-08-13 19:10:00,1012.32
2026-08-13 19:20:00,1012.4050000000001
2026-08-13 19:30:00,1012.4133333333333
2026-08-13 19:40:00,1012.46
2026-08-13 19:50:00,1012.4733333333334
2026-08-13 20:00:00,1012.635
2026-08-13 20:10:00,1012.6266666666667
2026-08-13 20:20:00,1012.47
2026-08-13 20:30:00,1012.4500000000002
2026-08-13 20:40:00,1012.485
2026-08-13 20:50:00,1012.5933333333332
2026-08-13 21:00:00,1012.795
2026-08-13 21:10:00,1012.875
2026-08-13 21:20:00,1012.9666666666667
2026-08-13 21:30:00,1013.0749999999999
2026-08-13 21:40:00,1013.11
2026-08-13 21:50:00,1013.1450000000001
2026-08-13 22:00:00,1013.1933333333333
2026-08-13 22:10:00,1013.0949999999999
2026-08-13 22:20:00,1013.1366666666667
2026-08-13 22:30:00,1013.1400000000001
2026-08-13 22:40:00,1013.1433333333334
2026-08-13 22:50:00,1013.1200000000001
2026-08-13 23:00:00,1012.9000000000001
2026-08-13 23:10:00,1012.95
2026-08-13 23:20:00,1012.9133333333334
2026-08-13 23:30:00,1012.785
2026-08-13 23:40:00,1012.54
2026-08-13 23:50:00,1012.465
2026-08-14 00:00:00,1012.35
2026-08-14 00:10:00,1012.085
2026-08-14 00:20:00,1012.0499999999998
2026-08-14 00:30:00,1012.02
2026-08-14 00:40:00,1011.9833333333332
2026-08-14 00:50:00,1011.965
2026-08-14 01:00:00,1011.8333333333334
2026-08-14 01:10:00,1011.765
2026-08-14 01:20:00,1011.5033333333334
2026-08-14 01:30:00,1011.3499999999999
2026-08-14 01:40:00,1011.35
2026-08-14 01:50:00,1011.485
2026-08-14 02:00:00,1011.4033333333333
2026-08-14 02:10:00,1011.21
2026-08-14 02:20:00,1010.9900000000001
2026-08-14 02:30:00,1010.98
2026-08-14 02:40:00,1011.0166666666668
2026-08-14 02:50:00,1010.985
2026-08-14 03:00:00,1011.0366666666665
2026-08-14 03:10:00,1010.98
2026-08-14 03:20:00,1010.89
2026-08-14 03:30:00,1010.945
2026-08-14 03:40:00,1011.11
2026-08-14 03:50:00,1011.19
2026-08-14 04:00:00,1011.2833333333333
2026-08-14 04:10:00,1011.3499999999999
2026-08-14 04:20:00,1011.4133333333333
2026-08-14 04:30:00,1011.4050000000001
2026-08-14 04:40:00,1011.3433333333334
2026-08-14 04:50:00,1011.27
2026-08-14 05:00:00,1011.4
2026-08-14 05:10:00,1011.455
2026-08-14 05:20:00,1011.4566666666666
2026-08-14 05:30:00,1011.3900000000001
2026-08-14 05:40:00,1011.2333333333332
2026-08-14 05:50:00,1011.155
2026-08-14 06:00:00,1011.1566666666668
2026-08-14 06:10:00,1011.26
2026-08-14 06:20:00,1011.5266666666666
2026-08-14 06:30:00,1011.715
2026-08-14 06:40:00,1011.8633333333333
2026-08-14 06:50:00,1011.9350000000001
2026-08-14 07:00:00,1012.18
2026-08-14 07:10:00,1012.4100000000001
2026-08-14 07:20:00,1012.5666666666666
2026-08-14 07:30:00,1012.775
2026-08-14 07:40:00,1012.89
2026-08-14 07:50:00,1012.9250000000001
2026-08-14 08:00:00,1012.9833333333332
2026-08-14 08:10:00,1013.03
2026-08-14 08:20:00,1013.04
2026-08-14 08:30:00,1013.0699999999999
2026-08-14 08:40:00,1013.11
2026-08-14 08:50:00,1013.1450000000001
2026-08-14 09:00:00,1013.22
2026-08-14 09:10:00,1013.11
2026-08-14 09:20:00,1013.285
2026-08-14 09:30:00,1013.1733333333335
2026-08-14 09:40:00,1012.92
2026-08-14 09:50:00,1012.8933333333334
2026-08-14 10:00:00,1012.88
2026-08-14 10:10:00,1012.89
2026-08-14 10:20:00,1012.9250000000001
2026-08-14 10:30:00,1012.7199999999999
2026-08-14 10:40:00,1012.54
2026-08-14 10:50:00,1012.5966666666667
2026-08-14 11:00:00,1012.6
2026-08-14 11:10:00,1012.5966666666667
2026-08-14 11:20:00,1012.535
2026-08-14 11:30:00,1012.4
2026-08-14 11:40:00,1012.115
2026-08-14 11:50:00,1012.0466666666666
2026-08-14 12:00:00,1011.9300000000001
2026-08-14 12:10:00,1011.8433333333334
2026-08-14 12:20:00,1011.795
2026-08-14 12:30:00,1011.77
2026-08-14 12:40:00,1011.77
2026-08-14 12:50:00,1011.5300000000001
2026-08-14 13:00:00,1011.385
2026-08-14 13:10:00,1011.1933333333333
2026-08-14 13:20:00,1010.83
2026-08-14 13:30:00,1010.8033333333333
2026-08-14 13:40:00,1010.74
2026-08-14 13:50:00,1010.5733333333334
2026-08-14 14:00:00,1010.655
2026-08-14 14:10:00,1010.8633333333333
2026-08-14 14:20:00,1010.8149999999999
2026-08-14 14:30:00,1010.6
2026-08-14 14:40:00,1010.29
2026-08-14 14:50:00,1010.3766666666667
2026-08-14 15:00:00,1010.455
2026-08-14 15:10:00,1010.6233333333333
2026-08-14 15:20:00,1010.47
2026-08-14 15:30:00,1010.4333333333334
2026-08-14 15:40:00,1010.495
2026-08-14 15:50:00,1010.4666666666667
2026-08-14 16:00:00,1010.505
2026-08-14 16:10:00,1010.3750000000001
2026-08-14 16:20:00,1010.5300000000001
2026-08-14 16:30:00,1010.47
2026-08-14 16:40:00,1010.5766666666667
2026-08-14 16:50:00,1010.715
2026-08-14 17:00:00,1010.9066666666668
2026-08-14 17:10:00,1011.025
2026-08-14 17:20:00,1011.04
2026-08-14 17:30:00,1011.11
2026-08-14 17:40:00,1011.0733333333334
2026-08-14 17:50:00,1011.0649999999999
2026-08-14 18:00:00,1011.07
2026-08-14 18:10:00,1011.1400000000001
2026-08-14 18:20:00,1011.1666666666666
2026-08-14 18:30:00,1011.35
2026-08-14 18:40:00,1011.43
2026-08-14 18:50:00,1011.3499999999999
2026-08-14 19:00:00,1011.3666666666667
2026-08-14 19:10:00,1011.395
2026-08-14 19:20:00,1011.57
2026-08-14 19:30:00,1011.605
2026-08-14 19:40:00,1011.8466666666667
2026-08-14 19:50:00,1011.8349999999999
2026-08-14 20:00:00,1011.7833333333333
2026-08-14 20:10:00,1012.05
2026-08-14 20:20:00,1012.04
2026-08-14 20:30:00,1012.22
2026-08-14 20:40:00,1012.265
2026-08-14 20:50:00,1012.4900000000001
2026-08-14 21:00:00,1012.645
2026-08-14 21:10:00,1012.57
2026-08-14 21:20:00,1012.405
2026-08-14 21:30:00,1012.3933333333334
2026-08-14 21:40:00,1012.52
2026-08-14 21:50:00,1012.6466666666666
2026-08-14 22:00:00,1012.755
2026-08-14 22:10:00,1012.7166666666667
2026-08-14 22:20:00,1012.63
2026-08-14 22:30:00,1012.7233333333334
2026-08-14 22:40:00,1012.6550000000001
2026-08-14 22:50:00,1012.59
2026-08-14 23:00:00,1012.305
2026-08-14 23:10:00,1011.9933333333333
2026-08-14 23:20:00,1011.865
2026-08-14 23:30:00,1011.9233333333335
2026-08-14 23:40:00,1011.855
2026-08-14 23:50:00,1011.5866666666667
2026-08-15 00:00:00,1011.47
2026-08-15 00:10:00,1011.5099999999999
2026-08-15 00:20:00,1011.45
2026-08-15 00:30:00,1011.4766666666668
2026-08-15 00:40:00,1011.195
2026-08-15 00:50:00,1011.1233333333333
2026-08-15 01:00:00,1011.11
2026-08-15 01:10:00,1011.2466666666666
2026-08-15 01:20:00,1011.105
2026-08-15 01:30:00,1010.8166666666666
2026-08-15 01:40:00,1010.4300000000001
2026-08-15 01:50:00,1010.3333333333334
2026-08-15 02:00:00,1010.55
2026-08-15 02:10:00,1010.5099999999999
2026-08-15 02:20:00,1010.46
2026-08-15 02:30:00,1010.3266666666667
2026-08-15 02:40:00,1010.105
2026-08-15 02:50:00,1010.2400000000001
2026-08-15 03:00:00,1010.3149999999999
2026-08-15 03:10:00,1010.4733333333334
2026-08-15 03:20:00,1010.56
2026-08-15 03:30:00,1010.6
2026-08-15 03:40:00,1010.745
2026-08-15 03:50:00,1010.8166666666666
2026-08-15 04:00:00,1010.8
2026-08-15 04:10:00,1010.5066666666667
2026-08-15 04:20:00,1010.61
2026-08-15 04:30:00,1010.5799999999999
2026-08-15 04:40:00,1010.455
2026-08-15 04:50:00,1010.44
2026-08-15 05:00:00,1010.48
2026-08-15 05:10:00,1010.6933333333333
2026-08-15 05:20:00,1010.765
2026-08-15 05:30:00,1010.7300000000001
2026-08-15 05:40:00,1010.87
2026-08-15 05:50:00,1010.9525
2026-08-15 06:00:00,1010.9533333333334
2026-08-15 06:10:00,1011.1540000000001
2026-08-15 06:20:00,1011.2128571428572
2026-08-15 06:30:00,1011.2479999999999
2026-08-15 06:40:00,1011.3033333333333
2026-08-15 06:50:00,1011.49
2026-08-15 07:00:00,1011.57
2026-08-15 07:10:00,1011.842
2026-08-15 07:20:00,1012.2490909090909
2026-08-15 07:30:00,1012.2699999999999
2026-08-15 07:40:00,1012.3275000000001
2026-08-15 07:50:00,1012.3425
2026-08-15 08:00:00,1012.1533333333333
2026-08-15 08:10:00,1012.0466666666666
2026-08-15 08:20:00,1011.7925
2026-08-15 08:30:00,1011.69
2026-08-15 08:40:00,1011.635
2026-08-15 08:50:00,1011.5033333333334
2026-08-15 09:00:00,1011.4300000000001
2026-08-15 09:10:00,1011.3733333333333
2026-08-15 09:20:00,1011.53
2026-08-15 09:30:00,1011.5633333333332
2026-08-15 09:40:00,1011.44
2026-08-15 09:50:00,1011.3699999999999
2026-08-15 10:00:00,1011.36
2026-08-15 10:10:00,1011.3233333333334
2026-08-15 10:20:00,1011.43
2026-08-15 10:30:00,1011.6433333333334
2026-08-15 10:40:00,1011.765
2026-08-15 10:50:00,1011.6266666666667
2026-08-15 11:00:00,1011.505
2026-08-15 11:10:00,1011.4366666666668
2026-08-15 11:20:00,1011.36
2026-08-15 11:30:00,1011.1833333333334
2026-08-15 11:40:00,1011.11
2026-08-15 11:50:00,1010.9966666666666
2026-08-15 12:00:00,1010.9100000000001
2026-08-15 12:10:00,1010.7933333333334
2026-08-15 12:20:00,1010.8
2026-08-15 12:30:00,1010.9866666666667
2026-08-15 12:40:00,1010.9350000000001
2026-08-15 12:50:00,1010.8833333333336
2026-08-15 13:00:00,1010.9000000000001
2026-08-15 13:10:00,1010.8333333333334
2026-08-15 13:20:00,1010.8399999999999
2026-08-15 13:30:00,1010.7800000000001
2026-08-15 13:40:00,1010.9250000000001
2026-08-15 13:50:00,1010.8433333333332
2026-08-15 14:00:00,1010.865
2026-08-15 14:10:00,1010.9766666666668
2026-08-15 14:20:00,1010.98
2026-08-15 14:30:00,1010.9133333333334
2026-08-15 14:40:00,1010.78
2026-08-15 14:50:00,1010.7966666666666
2026-08-15 15:00:00,1010.88
2026-08-15 15:10:00,1010.8866666666667
2026-08-15 15:20:00,1010.975
2026-08-15 15:30:00,1010.8233333333334
2026-08-15 15:40:00,1010.76
2026-08-15 15:50:00,1010.68
2026-08-15 16:00:00,1010.5200000000001
2026-08-15 16:10:00,1010.4675
2026-08-15 16:20:00,1010.575
2026-08-15 16:30:00,1010.7233333333334
2026-08-15 16:40:00,1011.0250000000001
2026-08-15 16:50:00,1011.2666666666668
2026-08-15 17:00:00,1011.3149999999999
2026-08-15 17:10:00,1011.21
2026-08-15 17:20:00,1011.025
2026-08-15 17:30:00,1011.0200000000001
2026-08-15 17:40:00,1011.24
2026-08-15 17:50:00,1011.46
2026-08-15 18:00:00,1011.4150000000001
2026-08-15 18:10:00,1011.5099999999999
2026-08-15 18:20:00,1011.535
2026-08-15 18:30:00,1011.6666666666666
2026-08-15 18:40:00,1011.8700000000001
2026-08-15 18:50:00,1011.7633333333333
2026-08-15 19:00:00,1011.8199999999999
2026-08-15 19:10:00,1011.72
2026-08-15 19:20:00,1011.7175
2026-08-15 19:30:00,1011.785
2026-08-15 19:40:00,1011.89
2026-08-15 19:50:00,1011.9266666666667
2026-08-15 20:00:00,1011.995
2026-08-15 20:10:00,1012.2199999999999
2026-08-15 20:20:00,1012.2733333333332
2026-08-15 20:30:00,1012.395
2026-08-15 20:40:00,1012.5919999999999
2026-08-15 20:50:00,1012.695
2026-08-15 21:00:00,1012.7433333333333
2026-08-15 21:10:00,1012.73
2026-08-15 21:20:00,1012.7400000000001
2026-08-15 21:30:00,1012.73
2026-08-15 21:40:00,1012.765
2026-08-15 21:50:00,1012.8266666666667
2026-08-15 22:00:00,1012.9050000000001
2026-08-15 22:10:00,1012.93
2026-08-15 22:20:00,1012.86
2026-08-15 22:30:00,1012.8766666666667
2026-08-15 22:40:00,1012.9200000000001
2026-08-15 22:50:00,1012.7833333333333
2026-08-15 23:00:00,1012.7833333333333
2026-08-15 23:10:00,1012.645
2026-08-15 23:20:00,1012.4766666666668
2026-08-15 23:30:00,1012.4350000000001
2026-08-15 23:40:00,1012.4000000000001
2026-08-15 23:50:00,1012.235
2026-08-16 00:00:00,1012.1333333333336
