time,value_lux
2026-04-07 19:10:00,58.449999999999996
2026-04-11 13:30:00,7114.82
2026-04-11 13:40:00,17554.314285714285
2026-04-11 13:50:00,17742.042857142857
2026-04-11 14:00:00,16750.55
2026-04-11 14:10:00,18763.77142857143
2026-04-11 14:20:00,16823.514285714286
2026-04-11 14:30:00,17377.38333333333
2026-04-11 14:40:00,15230.042857142855
2026-04-11 14:50:00,14627.342857142856
2026-04-11 15:00:00,13173.333333333334
2026-04-11 15:10:00,12154.67142857143
2026-04-11 15:20:00,12595.185714285715
2026-04-11 15:30:00,11996.366666666667
2026-04-11 15:40:00,10502.566666666666
2026-04-11 15:50:00,9516.457142857142
2026-04-11 16:00:00,9073.266666666666
2026-04-11 16:10:00,8593.628571428571
2026-04-11 16:20:00,7211.228571428571
2026-04-11 16:30:00,6135.816666666667
2026-04-11 16:40:00,5473.085714285714
2026-04-11 16:50:00,4026.471428571429
2026-04-11 17:00:00,3116.633333333333
2026-04-11 17:10:00,2287.1
2026-04-11 17:20:00,1603.2714285714285
2026-04-11 17:30:00,1063.7333333333333
2026-04-11 17:40:00,527.1714285714286
2026-04-11 17:50:00,196.61428571428573
2026-04-11 18:00:00,45.900000000000006
2026-04-11 18:10:00,2.471428571428571
2026-04-11 18:20:00,0
2026-04-11 18:30:00,0
2026-04-11 18:40:00,0
2026-04-11 18:50:00,0
2026-04-11 19:00:00,0
2026-04-11 19:10:00,0
2026-04-11 19:20:00,0
2026-04-11 19:30:00,0
2026-04-11 19:40:00,0
2026-04-11 19:50:00,0
2026-04-11 20:00:00,0
2026-04-11 20:10:00,0
2026-04-11 20:20:00,0
2026-04-11 20:30:00,0
2026-04-11 20:40:00,0
2026-04-11 20:50:00,0
2026-04-11 21:00:00,0
2026-04-11 21:10:00,0
2026-04-11 21:20:00,0
2026-04-11 21:30:00,0
2026-04-11 21:40:00,0
2026-04-11 21:50:00,0
2026-04-11 22:00:00,0
2026-04-11 22:10:00,0
2026-04-11 22:20:00,0
2026-04-11 22:30:00,0
2026-04-11 22:40:00,0
2026-04-11 22:50:00,0
2026-04-11 23:00:00,0
2026-04-11 23:10:00,0
2026-04-11 23:20:00,0
2026-04-11 23:30:00,0
2026-04-11 23:40:00,0
2026-04-11 23:50:00,0
2026-04-12 00:00:00,0
2026-04-12 00:10:00,0
2026-04-12 00:20:00,0
2026-04-12 00:30:00,0
2026-04-12 00:40:00,0
2026-04-12 00:50:00,0
2026-04-12 01:00:00,0
2026-04-12 01:10:00,0
2026-04-12 01:20:00,0
2026-04-12 01:30:00,0
2026-04-12 01:40:00,0
2026-04-12 01:50:00,0
2026-04-12 02:00:00,0
2026-04-12 02:10:00,0
2026-04-12 02:20:00,0
2026-04-12 02:30:00,0
2026-04-12 02:40:00,0
2026-04-12 02:50:00,0
2026-04-12 03:00:00,0
2026-04-12 03:10:00,0
2026-04-12 03:20:00,0
2026-04-12 03:30:00,0
2026-04-12 03:40:00,0
2026-04-12 03:50:00,0
2026-04-12 04:00:00,0
2026-04-12 04:10:00,0
2026-04-12 04:20:00,0
2026-04-12 04:30:00,0
2026-04-12 04:40:00,0
2026-04-12 04:50:00,0
2026-04-12 05:00:00,0
2026-04-12 05:10:00,0
2026-04-12 05:20:00,12.928571428571429
2026-04-12 05:30:00,111.44999999999999
2026-04-12 05:40:00,423.92857142857144
2026-04-12 05:50:00,1080.7285714285715
2026-04-12 06:00:00,1442.2166666666665
2026-04-12 06:10:00,1527.685714285714
2026-04-12 06:20:00,2458.828571428571
2026-04-12 06:30:00,3196.566666666666
2026-04-12 06:40:00,4930.257142857144
2026-04-12 06:50:00,6482.242857142856
2026-04-12 07:00:00,6938.633333333334
2026-04-12 07:10:00,7513.4857142857145
2026-04-12 07:20:00,7780.142857142857
2026-04-12 07:30:00,8101.616666666666
2026-04-12 07:40:00,8051.699999999999
2026-04-12 07:50:00,10080.157142857144
2026-04-12 08:00:00,11640.466666666667
2026-04-12 08:10:00,11503.128571428571
2026-04-12 08:20:00,15216.257142857143
2026-04-12 08:30:00,17750.833333333332
2026-04-12 08:40:00,17452.64285714286
2026-04-12 08:50:00,13264.585714285713
2026-04-12 09:00:00,13975.450000000003
2026-04-12 09:10:00,20478.57142857143
2026-04-12 09:20:00,25896.342857142856
2026-04-12 09:30:00,22929.71666666667
2026-04-12 09:40:00,23275.62857142857
2026-04-12 09:50:00,26331.67142857143
2026-04-12 10:00:00,26557.433333333334
2026-04-12 10:10:00,25283.17142857143
2026-04-12 10:20:00,20213.14285714286
2026-04-12 10:30:00,24952.18333333333
2026-04-12 10:40:00,25168.585714285717
2026-04-12 10:50:00,24489.371428571427
2026-04-12 11:00:00,25580.433333333334
2026-04-12 11:10:00,24658.62857142857
2026-04-12 11:20:00,23281.457142857143
2026-04-12 11:30:00,21759.18333333333
2026-04-12 11:40:00,24147.95
2026-04-12 11:50:00,19883.214285714286
2026-04-12 12:00:00,22049.483333333334
2026-04-12 12:10:00,24092.771428571432
2026-04-12 12:20:00,23312.785714285714
2026-04-12 12:30:00,20534.53333333333
2026-04-12 12:40:00,20832.742857142857
2026-04-12 12:50:00,19870.928571428572
2026-04-12 13:00:00,20087.633333333328
2026-04-12 13:10:00,17434.542857142857
2026-04-12 13:20:00,16353.471428571429
2026-04-12 13:30:00,15672.83333333333
2026-04-12 13:40:00,14347.771428571428
2026-04-12 13:50:00,14961.557142857144
2026-04-12 14:00:00,13607.383333333333
2026-04-12 14:10:00,9925.942857142858
2026-04-12 14:20:00,10317.614285714286
2026-04-12 14:30:00,13224.949999999999
2026-04-12 14:40:00,14820.871428571427
2026-04-12 14:50:00,14836.528571428571
2026-04-12 15:00:00,16764.883333333335
2026-04-12 15:10:00,15315.471428571429
2026-04-12 15:20:00,15078.9
2026-04-12 15:30:00,11589.949999999999
2026-04-12 15:40:00,10883.785714285714
2026-04-12 15:50:00,9446.714285714286
2026-04-12 16:00:00,7828.149999999999
2026-04-12 16:10:00,6792.5142857142855
2026-04-12 16:20:00,5941.5428571428565
2026-04-12 16:30:00,5863.066666666667
2026-04-12 16:40:00,5511.171428571428
2026-04-12 16:50:00,4247.342857142857
2026-04-12 17:00:00,3266.8333333333335
2026-04-12 17:10:00,2252.7
2026-04-12 17:20:00,1543.3857142857144
2026-04-12 17:30:00,1031.1000000000001
2026-04-12 17:40:00,491.5285714285714
2026-04-12 17:50:00,162.8
2026-04-12 18:00:00,34.76666666666667
2026-04-12 18:10:00,0.9285714285714286
2026-04-12 18:20:00,0
2026-04-12 18:30:00,0
2026-04-12 18:40:00,0
2026-04-12 18:50:00,0
2026-04-12 19:00:00,0
2026-04-12 19:10:00,0
2026-04-12 19:20:00,0
2026-04-12 19:30:00,0
2026-04-12 19:40:00,0
2026-04-12 19:50:00,0
2026-04-12 20:00:00,0
2026-04-12 20:10:00,0
2026-04-12 20:20:00,0
2026-04-12 20:30:00,0
2026-04-12 20:40:00,0
2026-04-12 20:50:00,0
2026-04-12 21:00:00,0
2026-04-12 21:10:00,0
2026-04-12 21:20:00,0
2026-04-12 21:30:00,0
2026-04-12 21:40:00,0
2026-04-12 21:50:00,0
2026-04-12 22:00:00,0
2026-04-12 22:10:00,0
2026-04-12 22:20:00,0
2026-04-12 22:30:00,0
2026-04-12 22:40:00,0
2026-04-12 22:50:00,0
2026-04-12 23:00:00,0
2026-04-12 23:10:00,0
2026-04-12 23:20:00,0
2026-04-12 23:30:00,0
2026-04-12 23:40:00,0
2026-04-12 23:50:00,0
2026-04-13 00:00:00,0
2026-04-13 00:10:00,0
2026-04-13 00:20:00,0
2026-04-13 00:30:00,0
2026-04-13 00:40:00,0
2026-04-13 00:50:00,0
2026-04-13 01:00:00,0
2026-04-13 01:10:00,0
2026-04-13 01:20:00,0
2026-04-13 01:30:00,0
2026-04-13 01:40:00,0
2026-04-13 01:50:00,0
2026-04-13 02:00:00,0
2026-04-13 02:10:00,0
2026-04-13 02:20:00,0
2026-04-13 02:30:00,0
2026-04-13 02:40:00,0
2026-04-13 02:50:00,0
2026-04-13 03:00:00,0
2026-04-13 03:10:00,0
2026-04-13 03:20:00,0
2026-04-13 03:30:00,0
2026-04-13 03:40:00,0
2026-04-13 03:50:00,0
2026-04-13 04:00:00,0
2026-04-13 04:10:00,0
2026-04-13 04:20:00,0
2026-04-13 04:30:00,0
2026-04-13 04:40:00,0
2026-04-13 04:50:00,0
2026-04-13 05:00:00,0
2026-04-13 05:10:00,0.3666666666666667
2026-04-13 05:20:00,23.071428571428573
2026-04-13 05:30:00,148.03333333333333
2026-04-13 05:40:00,437.7714285714286
2026-04-13 05:50:00,814.6857142857144
2026-04-13 06:00:00,1574.45
2026-04-13 06:10:00,2113.2428571428572
2026-04-13 06:20:00,3230.8142857142852
2026-04-13 06:30:00,4646.666666666666
2026-04-13 06:40:00,6203.3
2026-04-13 06:50:00,7697.528571428572
2026-04-13 07:00:00,9395.816666666668
2026-04-13 07:10:00,8512.8
2026-04-13 07:20:00,9117.4
2026-04-13 07:30:00,12164.800000000001
2026-04-13 07:40:00,9230.757142857143
2026-04-13 07:50:00,13820.92857142857
2026-04-13 08:00:00,15059.233333333332
2026-04-13 08:10:00,16814.285714285717
2026-04-13 08:20:00,17225.64285714286
2026-04-13 08:30:00,17214.683333333334
2026-04-13 08:40:00,18516.471428571425
2026-04-13 08:50:00,18226.785714285714
2026-04-13 09:00:00,20832.366666666665
2026-04-13 09:10:00,18447.04285714286
2026-04-13 09:20:00,21065.614285714284
2026-04-13 09:30:00,21683.566666666666
2026-04-13 09:40:00,17723.585714285717
2026-04-13 09:50:00,16052.2
2026-04-13 10:00:00,17429.350000000002
2026-04-13 10:10:00,18453.8
2026-04-13 10:20:00,18861.785714285717
2026-04-13 10:30:00,14219.883333333333
2026-04-13 10:40:00,18243.985714285714
2026-04-13 10:50:00,17503.328571428574
2026-04-13 11:00:00,16703.933333333334
2026-04-13 11:10:00,15403.328571428572
2026-04-13 11:20:00,14626.100000000002
2026-04-13 11:30:00,12876.233333333335
2026-04-13 11:40:00,15636.785714285714
2026-04-13 11:50:00,16646.242857142857
2026-04-13 12:00:00,11317.183333333332
2026-04-13 12:10:00,18387.77142857143
2026-04-13 12:20:00,20250.614285714284
2026-04-13 12:30:00,20295.466666666664
2026-04-13 12:40:00,24414.100000000002
2026-04-13 12:50:00,24701.95714285714
2026-04-13 13:00:00,23399.583333333332
2026-04-13 13:10:00,22912.228571428568
2026-04-13 13:20:00,23434.14285714286
2026-04-13 13:30:00,23265.86666666667
2026-04-13 13:40:00,22814.828571428567
2026-04-13 13:50:00,22311.314285714285
2026-04-13 14:00:00,21665.61666666667
2026-04-13 14:10:00,21579.242857142857
2026-04-13 14:20:00,20882.828571428574
2026-04-13 14:30:00,19808.05
2026-04-13 14:40:00,18595.757142857143
2026-04-13 14:50:00,18275.342857142856
2026-04-13 15:00:00,17940.45
2026-04-13 15:10:00,16904
2026-04-13 15:20:00,11838.557142857144
2026-04-13 15:30:00,8230.300000000001
2026-04-13 15:40:00,13099
2026-04-13 15:50:00,6763.614285714287
2026-04-13 16:00:00,4695.016666666666
2026-04-13 16:10:00,3970.871428571428
2026-04-13 16:20:00,3377.6571428571438
2026-04-13 16:30:00,3021.6666666666665
2026-04-13 16:40:00,2807.5
2026-04-13 16:50:00,2484.328571428571
2026-04-13 17:00:00,2172.9833333333336
2026-04-13 17:10:00,1918.7
2026-04-13 17:20:00,1334.4857142857145
2026-04-13 17:30:00,990.6166666666668
2026-04-13 17:40:00,605.6999999999999
2026-04-13 17:50:00,228.55714285714288
2026-04-13 18:00:00,51.98333333333333
2026-04-13 18:10:00,3.4
2026-04-13 18:20:00,0
2026-04-13 18:30:00,0
2026-04-13 18:40:00,0
2026-04-13 18:50:00,0
2026-04-13 19:00:00,0
2026-04-13 19:10:00,0
2026-04-13 19:20:00,0
2026-04-13 19:30:00,0
2026-04-13 19:40:00,0
2026-04-13 19:50:00,0
2026-04-13 20:00:00,0
2026-04-13 20:10:00,0
2026-04-13 20:20:00,0
2026-04-13 20:30:00,0
2026-04-13 20:40:00,0
2026-04-13 20:50:00,0
2026-04-13 21:00:00,0
2026-04-13 21:10:00,0
2026-04-13 21:20:00,0
2026-04-13 21:30:00,0
2026-04-13 21:40:00,0
2026-04-13 21:50:00,0
2026-04-13 22:00:00,0
2026-04-13 22:10:00,0
2026-04-13 22:20:00,0
2026-04-13 22:30:00,0
2026-04-13 22:40:00,0
2026-04-13 22:50:00,0
2026-04-13 23:00:00,0
2026-04-13 23:10:00,0
2026-04-13 23:20:00,0
2026-04-13 23:30:00,0
2026-04-13 23:40:00,0
2026-04-13 23:50:00,0
2026-04-14 00:00:00,0
2026-04-14 00:10:00,0
2026-04-14 00:20:00,0
2026-04-14 00:30:00,0
2026-04-14 00:40:00,0
2026-04-14 00:50:00,0
2026-04-14 01:00:00,0
2026-04-14 01:10:00,0
2026-04-14 01:20:00,0
2026-04-14 01:30:00,0
2026-04-14 01:40:00,0
2026-04-14 01:50:00,0
2026-04-14 02:00:00,0
2026-04-14 02:10:00,0
2026-04-14 02:20:00,0
2026-04-14 02:30:00,0
2026-04-14 02:40:00,0
2026-04-14 02:50:00,0
2026-04-14 03:00:00,0
2026-04-14 03:10:00,0
2026-04-14 03:20:00,0
2026-04-14 03:30:00,0
2026-04-14 03:40:00,0
2026-04-14 03:50:00,0
2026-04-14 04:00:00,0
2026-04-14 04:10:00,0
2026-04-14 04:20:00,0
2026-04-14 04:30:00,0
2026-04-14 04:40:00,0
2026-04-14 04:50:00,0
2026-04-14 05:00:00,0
2026-04-14 05:10:00,0.6285714285714287
2026-04-14 05:20:00,29.199999999999996
2026-04-14 05:30:00,170.23333333333332
2026-04-14 05:40:00,544.3571428571429
2026-04-14 05:50:00,1176.2857142857142
2026-04-14 06:00:00,1780.5333333333335
2026-04-14 06:10:00,2227.2000000000003
2026-04-14 06:20:00,2652.6857142857148
2026-04-14 06:30:00,2998.7166666666667
2026-04-14 06:40:00,3267.0714285714284
2026-04-14 06:50:00,7561.428571428572
2026-04-14 07:00:00,11526.866666666667
2026-04-14 07:10:00,11567.92857142857
2026-04-14 07:20:00,13885.757142857143
2026-04-14 07:30:00,13374.766666666668
2026-04-14 07:40:00,15179.371428571429
2026-04-14 07:50:00,16346.714285714288
2026-04-14 08:00:00,15495.066666666666
2026-04-14 08:10:00,15863.5
2026-04-14 08:20:00,17844.942857142854
2026-04-14 08:30:00,19716.3
2026-04-14 08:40:00,21018
2026-04-14 08:50:00,20753.18571428571
2026-04-14 09:00:00,21754.166666666668
2026-04-14 09:10:00,21720.885714285716
2026-04-14 09:20:00,21859.428571428572
2026-04-14 09:30:00,22388.166666666668
2026-04-14 09:40:00,23910.9
2026-04-14 09:50:00,24285.67142857143
2026-04-14 10:00:00,24634.283333333336
2026-04-14 10:10:00,24567.985714285714
2026-04-14 10:20:00,24894.87142857143
2026-04-14 10:30:00,25439.583333333332
2026-04-14 10:40:00,25615.257142857143
2026-04-14 10:50:00,25816.485714285718
2026-04-14 11:00:00,25951.733333333334
2026-04-14 11:10:00,26521.8
2026-04-14 11:20:00,26033.45
2026-04-14 11:30:00,25848.150000000005
2026-04-14 11:40:00,25645.37142857143
2026-04-14 11:50:00,24709.914285714283
2026-04-14 12:00:00,24621.016666666663
2026-04-14 12:10:00,24521.014285714286
2026-04-14 12:20:00,24380.014285714286
2026-04-14 12:30:00,24336.783333333336
2026-04-14 12:40:00,24100.157142857144
2026-04-14 12:50:00,23772.657142857144
2026-04-14 13:00:00,23529.683333333334
2026-04-14 13:10:00,23357.64285714286
2026-04-14 13:20:00,21910.12857142857
2026-04-14 13:30:00,23265.899999999998
2026-04-14 13:40:00,21788.785714285714
2026-04-14 13:50:00,21985.4
2026-04-14 14:00:00,21297.216666666664
2026-04-14 14:10:00,20761.8
2026-04-14 14:20:00,20162.471428571425
2026-04-14 14:30:00,19286.216666666667
2026-04-14 14:40:00,17968.114285714288
2026-04-14 14:50:00,17787.18571428571
2026-04-14 15:00:00,17145.866666666665
2026-04-14 15:10:00,16971.885714285712
2026-04-14 15:20:00,15309.224999999999
2026-04-14 15:30:00,15363.550000000001
2026-04-14 15:40:00,11908.914285714287
2026-04-14 15:50:00,8176.742857142859
2026-04-14 16:00:00,7257.233333333333
2026-04-14 16:10:00,6669.614285714286
2026-04-14 16:20:00,5405.800000000001
2026-04-14 16:30:00,4349.55
2026-04-14 16:40:00,3991.128571428572
2026-04-14 16:50:00,3205.9285714285716
2026-04-14 17:00:00,2875.0833333333335
2026-04-14 17:10:00,2224.742857142857
2026-04-14 17:20:00,1649.9714285714288
2026-04-14 17:30:00,1167.3166666666668
2026-04-14 17:40:00,649.4142857142857
2026-04-14 17:50:00,204.91428571428568
2026-04-14 18:00:00,38.699999999999996
2026-04-14 18:10:00,2.157142857142857
2026-04-14 18:20:00,0
2026-04-14 18:30:00,0
2026-04-14 18:40:00,0
2026-04-14 18:50:00,0
2026-04-14 19:00:00,0
2026-04-14 19:10:00,0
2026-04-14 19:20:00,0
2026-04-14 19:30:00,0
2026-04-14 19:40:00,0
2026-04-14 19:50:00,0
2026-04-14 20:00:00,0
2026-04-14 20:10:00,0
2026-04-14 20:20:00,0
2026-04-14 20:30:00,0
2026-04-14 20:40:00,0
2026-04-14 20:50:00,0
2026-04-14 21:00:00,0
2026-04-14 21:10:00,0
2026-04-14 21:20:00,0
2026-04-14 21:30:00,0
2026-04-14 21:40:00,0
2026-04-14 21:50:00,0
2026-04-14 22:00:00,0
2026-04-14 22:10:00,0
2026-04-14 22:20:00,0
2026-04-14 22:30:00,0
2026-04-14 22:40:00,0
2026-04-14 22:50:00,0
2026-04-14 23:00:00,0
2026-04-14 23:10:00,0
2026-04-14 23:20:00,0
2026-04-14 23:30:00,0
2026-04-14 23:40:00,0
2026-04-14 23:50:00,0
2026-04-15 00:00:00,0
2026-04-15 00:10:00,0
2026-04-15 00:20:00,0
2026-04-15 00:30:00,0
2026-04-15 00:40:00,0
2026-04-15 00:50:00,0
2026-04-15 01:00:00,0
2026-04-15 01:10:00,0
2026-04-15 01:20:00,0
2026-04-15 01:30:00,0
2026-04-15 01:40:00,0
2026-04-15 01:50:00,0
2026-04-15 02:00:00,0
2026-04-15 02:10:00,0
2026-04-15 02:20:00,0
2026-04-15 02:30:00,0
2026-04-15 02:40:00,0
2026-04-15 02:50:00,0
2026-04-15 03:00:00,0
2026-04-15 03:10:00,0
2026-04-15 03:20:00,0
2026-04-15 03:30:00,0
2026-04-15 03:40:00,0
2026-04-15 03:50:00,0
2026-04-15 04:00:00,0
2026-04-15 04:10:00,0
2026-04-15 04:20:00,0
2026-04-15 04:30:00,0
2026-04-15 04:40:00,0
2026-04-15 04:50:00,0
2026-04-15 05:00:00,0
2026-04-15 05:10:00,1.8571428571428572
2026-04-15 05:20:00,43.957142857142856
2026-04-15 05:30:00,234.0333333333333
2026-04-15 05:40:00,625.1571428571427
2026-04-15 05:50:00,1289.042857142857
2026-04-15 06:00:00,1731.0666666666666
2026-04-15 06:10:00,1928.375
2026-04-15 06:20:00,2244.1
2026-04-15 06:30:00,2472.2666666666664
2026-04-15 06:40:00,2691.6857142857143
2026-04-15 06:50:00,7357.757142857144
2026-04-15 07:00:00,12160.866666666667
2026-04-15 07:10:00,12069.285714285714
2026-04-15 07:20:00,12025.342857142856
2026-04-15 07:30:00,8916.983333333332
2026-04-15 07:40:00,9105.414285714287
2026-04-15 07:50:00,15544.300000000001
2026-04-15 08:00:00,17551.183333333334
2026-04-15 08:10:00,17614.557142857142
2026-04-15 08:20:00,18784.657142857144
2026-04-15 08:30:00,19283.350000000002
2026-04-15 08:40:00,20611.885714285716
2026-04-15 08:50:00,20933.842857142856
2026-04-15 09:00:00,21535.566666666666
2026-04-15 09:10:00,22292.257142857146
2026-04-15 09:20:00,23060.885714285712
2026-04-15 09:30:00,23113.566666666666
2026-04-15 09:40:00,21045.028571428575
2026-04-15 09:50:00,25394.385714285712
2026-04-15 10:00:00,24777.25
2026-04-15 10:10:00,19170.81428571429
2026-04-15 10:20:00,21455.14285714286
2026-04-15 10:30:00,22485.3
2026-04-15 10:40:00,26087.442857142858
2026-04-15 10:50:00,22368.157142857144
2026-04-15 11:00:00,16376.733333333332
2026-04-15 11:10:00,16291.428571428574
2026-04-15 11:20:00,14549
2026-04-15 11:30:00,16261.333333333334
2026-04-15 11:40:00,15377.800000000001
2026-04-15 11:50:00,20993.12857142857
2026-04-15 12:00:00,16758.416666666668
2026-04-15 12:10:00,18210.499999999996
2026-04-15 12:20:00,24185.87142857143
2026-04-15 12:30:00,21089.333333333332
2026-04-15 12:40:00,24278.014285714286
2026-04-15 12:50:00,23717.371428571434
2026-04-15 13:00:00,23954.366666666665
2026-04-15 13:10:00,23319.85714285714
2026-04-15 13:20:00,22599.157142857144
2026-04-15 13:30:00,22497.9
2026-04-15 13:40:00,22072.559999999998
2026-04-15 13:50:00,21778.64285714285
2026-04-15 14:00:00,21278.2
2026-04-15 14:10:00,20401.45714285714
2026-04-15 14:20:00,19714.557142857142
2026-04-15 14:30:00,19332.100000000002
2026-04-15 14:40:00,17357.72857142857
2026-04-15 14:50:00,17417.62857142857
2026-04-15 15:00:00,13005.266666666665
2026-04-15 15:10:00,15275.828571428572
2026-04-15 15:20:00,12289.214285714286
2026-04-15 15:30:00,10394.666666666666
2026-04-15 15:40:00,7884.585714285714
2026-04-15 15:50:00,8434.485714285716
2026-04-15 16:00:00,7214.95
2026-04-15 16:10:00,6400.214285714287
2026-04-15 16:20:00,5637.728571428573
2026-04-15 16:30:00,4940.566666666667
2026-04-15 16:40:00,3928.1571428571433
2026-04-15 16:50:00,3297.7714285714287
2026-04-15 17:00:00,3057.516666666667
2026-04-15 17:10:00,2674.1857142857143
2026-04-15 17:20:00,2160.5428571428574
2026-04-15 17:30:00,1476.9833333333336
2026-04-15 17:40:00,766.1714285714286
2026-04-15 17:50:00,176.02857142857144
2026-04-15 18:00:00,33.7
2026-04-15 18:10:00,1.8571428571428572
2026-04-15 18:20:00,0
2026-04-15 18:30:00,0
2026-04-15 18:40:00,0
2026-04-15 18:50:00,0
2026-04-15 19:00:00,0
2026-04-15 19:10:00,0
2026-04-15 19:20:00,0
2026-04-15 19:30:00,0
2026-04-15 19:40:00,0
2026-04-15 19:50:00,0
2026-04-15 20:00:00,0
2026-04-15 20:10:00,0
2026-04-15 20:20:00,0
2026-04-15 20:30:00,0
2026-04-15 20:40:00,0
2026-04-15 20:50:00,0
2026-04-15 21:00:00,0
2026-04-15 21:10:00,0
2026-04-15 21:20:00,0
2026-04-15 21:30:00,0
2026-04-15 21:40:00,0
2026-04-15 21:50:00,0
2026-04-15 22:00:00,0
2026-04-15 22:10:00,0
2026-04-15 22:20:00,0
2026-04-15 22:30:00,0
2026-04-15 22:40:00,0
2026-04-15 22:50:00,0
2026-04-15 23:00:00,0
2026-04-15 23:10:00,0
2026-04-15 23:20:00,0
2026-04-15 23:30:00,0
2026-04-15 23:40:00,0
2026-04-15 23:50:00,0
2026-04-16 00:00:00,0
2026-04-16 00:10:00,0
2026-04-16 00:20:00,0
2026-04-16 00:30:00,0
2026-04-16 00:40:00,0
2026-04-16 00:50:00,0
2026-04-16 01:00:00,0
2026-04-16 01:10:00,0
2026-04-16 01:20:00,0
2026-04-16 01:30:00,0
2026-04-16 01:40:00,0
2026-04-16 01:50:00,0
2026-04-16 02:00:00,0
2026-04-16 02:10:00,0
2026-04-16 02:20:00,0
2026-04-16 02:30:00,0
2026-04-16 02:40:00,0
2026-04-16 02:50:00,0
2026-04-16 03:00:00,0
2026-04-16 03:10:00,0
2026-04-16 03:20:00,0
2026-04-16 03:30:00,0
2026-04-16 03:40:00,0
2026-04-16 03:50:00,0
2026-04-16 04:00:00,0
2026-04-16 04:10:00,0
2026-04-16 04:20:00,0
2026-04-16 04:30:00,0
2026-04-16 04:40:00,0
2026-04-16 04:50:00,0
2026-04-16 05:00:00,0
2026-04-16 05:10:00,1.8571428571428572
2026-04-16 05:20:00,39.95714285714286
2026-04-16 05:30:00,197.46666666666667
2026-04-16 05:40:00,550.8285714285714
2026-04-16 05:50:00,1139.7142857142858
2026-04-16 06:00:00,1817.8166666666666
2026-04-16 06:10:00,2613.6714285714284
2026-04-16 06:20:00,3630.1857142857148
2026-04-16 06:30:00,4867.433333333333
2026-04-16 06:40:00,5951.385714285714
2026-04-16 06:50:00,6269.342857142858
2026-04-16 07:00:00,10481.05
2026-04-16 07:10:00,8275.357142857143
2026-04-16 07:20:00,13231.1
2026-04-16 07:30:00,13246.449999999997
2026-04-16 07:40:00,13817.528571428571
2026-04-16 07:50:00,13743.814285714285
2026-04-16 08:00:00,13002.75
2026-04-16 08:10:00,13779.442857142856
2026-04-16 08:20:00,14242.699999999999
2026-04-16 08:30:00,15350.266666666668
2026-04-16 08:40:00,16426.9
2026-04-16 08:50:00,18264.571428571428
2026-04-16 09:00:00,20192.61666666667
2026-04-16 09:10:00,22172.77142857143
2026-04-16 09:20:00,20274.899999999998
2026-04-16 09:30:00,18133.25
2026-04-16 09:40:00,13110.985714285713
2026-04-16 09:50:00,15143.72857142857
2026-04-16 10:00:00,13801.283333333333
2026-04-16 10:10:00,15699.428571428569
2026-04-16 10:20:00,14364.371428571429
2026-04-16 10:30:00,15777.85
2026-04-16 10:40:00,15619.871428571425
2026-04-16 10:50:00,15009.471428571429
2026-04-16 11:00:00,18317.833333333332
2026-04-16 11:10:00,16717.214285714286
2026-04-16 11:20:00,16496.942857142858
2026-04-16 11:30:00,19701.25
2026-04-16 11:40:00,19940.042857142857
2026-04-16 11:50:00,22000.75
2026-04-16 12:00:00,21627.3
2026-04-16 12:10:00,20277.35714285714
2026-04-16 12:20:00,21986.914285714283
2026-04-16 12:30:00,18068.38333333333
2026-04-16 12:40:00,19935.45714285714
2026-04-16 12:50:00,19476.485714285714
2026-04-16 13:00:00,21382.516666666663
2026-04-16 13:10:00,23298.35714285714
2026-04-16 13:20:00,22616.98571428571
2026-04-16 13:30:00,23695.266666666666
2026-04-16 13:40:00,22887.928571428572
2026-04-16 13:50:00,21272.68571428571
2026-04-16 14:00:00,20015.916666666668
2026-04-16 14:10:00,12948.471428571429
2026-04-16 14:20:00,8418.214285714286
2026-04-16 14:30:00,6799.583333333333
2026-04-16 14:40:00,5763.099999999999
2026-04-16 14:50:00,4229.542857142857
2026-04-16 15:00:00,3903.3333333333335
2026-04-16 15:10:00,3856.9
2026-04-16 15:20:00,4514.614285714286
2026-04-16 15:30:00,7235.016666666667
2026-04-16 15:40:00,10172.314285714285
2026-04-16 15:50:00,7930.371428571429
2026-04-16 16:00:00,6931.816666666667
2026-04-16 16:10:00,6967.614285714286
2026-04-16 16:20:00,5652.4857142857145
2026-04-16 16:30:00,5319.383333333332
2026-04-16 16:40:00,4122.942857142857
2026-04-16 16:50:00,3260.3142857142857
2026-04-16 17:00:00,2885.1166666666663
2026-04-16 17:10:00,2148.557142857143
2026-04-16 17:20:00,1287.757142857143
2026-04-16 17:30:00,1065.5166666666667
2026-04-16 17:40:00,529.3
2026-04-16 17:50:00,198.44285714285715
2026-04-16 18:00:00,58.78333333333333
2026-04-16 18:10:00,3.6999999999999997
2026-04-16 18:20:00,0
2026-04-16 18:30:00,0
2026-04-16 18:40:00,0
2026-04-16 18:50:00,0
2026-04-16 19:00:00,0
2026-04-16 19:10:00,0
2026-04-16 19:20:00,0
2026-04-16 19:30:00,0
2026-04-16 19:40:00,0
2026-04-16 19:50:00,0
2026-04-16 20:00:00,0
2026-04-16 20:10:00,0
2026-04-16 20:20:00,0
2026-04-16 20:30:00,0
2026-04-16 20:40:00,0
2026-04-16 20:50:00,0
2026-04-16 21:00:00,0
2026-04-16 21:10:00,0
2026-04-16 21:20:00,0
2026-04-16 21:30:00,0
2026-04-16 21:40:00,0
2026-04-16 21:50:00,0
2026-04-16 22:00:00,0
2026-04-16 22:10:00,0
2026-04-16 22:20:00,0
2026-04-16 22:30:00,0
2026-04-16 22:40:00,0
2026-04-16 22:50:00,0
2026-04-16 23:00:00,0
2026-04-16 23:10:00,0
2026-04-16 23:20:00,0
2026-04-16 23:30:00,0
2026-04-16 23:40:00,0
2026-04-16 23:50:00,0
2026-04-17 00:00:00,0
2026-04-17 00:10:00,0
2026-04-17 00:20:00,0
2026-04-17 00:30:00,0
2026-04-17 00:40:00,0
2026-04-17 00:50:00,0
2026-04-17 01:00:00,0
2026-04-17 01:10:00,0
2026-04-17 01:20:00,0
2026-04-17 01:30:00,0
2026-04-17 01:40:00,0
2026-04-17 01:50:00,0
2026-04-17 02:00:00,0
2026-04-17 02:10:00,0
2026-04-17 02:20:00,0
2026-04-17 02:30:00,0
2026-04-17 02:40:00,0
2026-04-17 02:50:00,0
2026-04-17 03:00:00,0
2026-04-17 03:10:00,0
2026-04-17 03:20:00,0
2026-04-17 03:30:00,0
2026-04-17 03:40:00,0
2026-04-17 03:50:00,0
2026-04-17 04:00:00,0
2026-04-17 04:10:00,0
2026-04-17 04:20:00,0
2026-04-17 04:30:00,0
2026-04-17 04:40:00,0
2026-04-17 04:50:00,0
2026-04-17 05:00:00,0
2026-04-17 05:10:00,2.157142857142857
2026-04-17 05:20:00,51.3
2026-04-17 05:30:00,236.53333333333333
2026-04-17 05:40:00,563.7142857142857
2026-04-17 05:50:00,922.5142857142857
2026-04-17 06:00:00,1213.8833333333334
2026-04-17 06:10:00,1502.8285714285716
2026-04-17 06:20:00,1724.0142857142855
2026-04-17 06:30:00,1969.05
2026-04-17 06:40:00,2389.1
2026-04-17 06:50:00,7842.814285714286
2026-04-17 07:00:00,11673.816666666668
2026-04-17 07:10:00,12107.685714285715
2026-04-17 07:20:00,13882.685714285715
2026-04-17 07:30:00,15423.733333333335
2026-04-17 07:40:00,12603.785714285714
2026-04-17 07:50:00,16453.928571428572
2026-04-17 08:00:00,14234.583333333334
2026-04-17 08:10:00,15044.199999999999
2026-04-17 08:20:00,16915.35714285714
2026-04-17 08:30:00,15735.550000000001
2026-04-17 08:40:00,14632.842857142858
2026-04-17 08:50:00,16042.6
2026-04-17 09:00:00,17529.7
2026-04-17 09:10:00,16485.585714285717
2026-04-17 09:20:00,21833.014285714286
2026-04-17 09:30:00,23412.483333333334
2026-04-17 09:40:00,23496.5
2026-04-17 09:50:00,23771.12857142857
2026-04-17 10:00:00,24512.4
2026-04-17 10:10:00,24603.416666666668
2026-04-17 10:20:00,24632.214285714286
2026-04-17 10:30:00,25211.3
2026-04-17 10:40:00,25379.34285714286
2026-04-17 10:50:00,25458.9
2026-04-17 11:00:00,25437.800000000003
2026-04-17 11:10:00,26074.828571428574
2026-04-17 11:20:00,26102.63333333333
2026-04-17 11:30:00,25488.316666666666
2026-04-17 11:40:00,25095.77142857143
2026-04-17 11:50:00,24549.27142857143
2026-04-17 12:00:00,24504.899999999998
2026-04-17 12:10:00,24385.242857142854
2026-04-17 12:20:00,24250.699999999993
2026-04-17 12:30:00,24114.566666666666
2026-04-17 12:40:00,23883.885714285716
2026-04-17 12:50:00,23534.285714285714
2026-04-17 13:00:00,23241.88333333333
2026-04-17 13:10:00,22870.114285714284
2026-04-17 13:20:00,22602.242857142854
2026-04-17 13:30:00,22385.666666666668
2026-04-17 13:40:00,16786.02857142857
2026-04-17 13:50:00,15332.971428571427
2026-04-17 14:00:00,16039.483333333332
2026-04-17 14:10:00,9408.300000000001
2026-04-17 14:20:00,9188.357142857143
2026-04-17 14:30:00,17623.25
2026-04-17 14:40:00,16791.857142857145
2026-04-17 14:50:00,13492.242857142857
2026-04-17 15:00:00,16258.816666666666
2026-04-17 15:10:00,12521.757142857143
2026-04-17 15:20:00,13028.057142857144
2026-04-17 15:30:00,6159.816666666667
2026-04-17 15:40:00,5085.685714285714
2026-04-17 15:50:00,5895.471428571429
2026-04-17 16:00:00,5508.5999999999985
2026-04-17 16:10:00,5546.2
2026-04-17 16:20:00,4844.542857142857
2026-04-17 16:30:00,3957.4666666666667
2026-04-17 16:40:00,3024.1666666666665
2026-04-17 16:50:00,2966.3142857142857
2026-04-17 17:00:00,2090.183333333333
2026-04-17 17:10:00,1211.5857142857144
2026-04-17 17:20:00,971.9750000000001
2026-04-17 17:30:00,571.7
2026-04-17 17:40:00,267.7166666666667
2026-04-17 17:50:00,63.61428571428571
2026-04-17 18:00:00,15.783333333333333
2026-04-17 18:10:00,0.9285714285714286
2026-04-17 18:20:00,0
2026-04-17 18:30:00,0
2026-04-17 18:40:00,0
2026-04-17 18:50:00,0
2026-04-17 19:00:00,0
2026-04-17 19:10:00,0
2026-04-17 19:20:00,0
2026-04-17 19:30:00,0
2026-04-17 19:40:00,0
2026-04-17 19:50:00,0
2026-04-17 20:00:00,0
2026-04-17 20:10:00,0
2026-04-17 20:20:00,0
2026-04-17 20:30:00,0
2026-04-17 20:40:00,0
2026-04-17 20:50:00,0
2026-04-17 21:00:00,0
2026-04-17 21:10:00,0
2026-04-17 21:20:00,0
2026-04-17 21:30:00,0
2026-04-17 21:40:00,0
2026-04-17 21:50:00,0
2026-04-17 22:00:00,0
2026-04-17 22:10:00,0
2026-04-17 22:20:00,0
2026-04-17 22:30:00,0
2026-04-17 22:40:00,0
2026-04-17 22:50:00,0
2026-04-17 23:00:00,0
2026-04-17 23:10:00,0
2026-04-17 23:20:00,0
2026-04-17 23:30:00,0
2026-04-17 23:40:00,0
2026-04-17 23:50:00,0
2026-04-18 00:00:00,0
2026-04-18 00:10:00,0
2026-04-18 00:20:00,0
2026-04-18 00:30:00,0
2026-04-18 00:40:00,0
2026-04-18 00:50:00,0
2026-04-18 01:00:00,0
2026-04-18 01:10:00,0
2026-04-18 01:20:00,0
2026-04-18 01:30:00,0
2026-04-18 01:40:00,0
2026-04-18 01:50:00,0
2026-04-18 02:00:00,0
2026-04-18 02:10:00,0
2026-04-18 02:20:00,0
2026-04-18 02:30:00,0
2026-04-18 02:40:00,0
2026-04-18 02:50:00,0
2026-04-18 03:00:00,0
2026-04-18 03:10:00,0
2026-04-18 03:20:00,0
2026-04-18 03:30:00,0
2026-04-18 03:40:00,0
2026-04-18 03:50:00,0
2026-04-18 04:00:00,0
2026-04-18 04:10:00,0
2026-04-18 04:20:00,0
2026-04-18 04:30:00,0
2026-04-18 04:40:00,0
2026-04-18 04:50:00,0
2026-04-18 05:00:00,0
2026-04-18 05:10:00,3.4
2026-04-18 05:20:00,62.042857142857144
2026-04-18 05:30:00,281.3333333333333
2026-04-18 05:40:00,664.157142857143
2026-04-18 05:50:00,1113.2857142857142
2026-04-18 06:00:00,1484.5
2026-04-18 06:10:00,1793.1000000000001
2026-04-18 06:20:00,2050.542857142857
2026-04-18 06:30:00,2231.0666666666666
2026-04-18 06:40:00,2434.542857142857
2026-04-18 06:50:00,8208.371428571429
2026-04-18 07:00:00,11393.883333333331
2026-04-18 07:10:00,12303.67142857143
2026-04-18 07:20:00,13694.371428571429
2026-04-18 07:30:00,14563.933333333334
2026-04-18 07:40:00,15359.985714285713
2026-04-18 07:50:00,16552.257142857143
2026-04-18 08:00:00,16875.249999999996
2026-04-18 08:10:00,17291.9
2026-04-18 08:20:00,18336.17142857143
2026-04-18 08:30:00,19052.54285714286
2026-04-18 08:40:00,19563.266666666666
2026-04-18 08:50:00,20713.87142857143
2026-04-18 09:00:00,21402.62857142857
2026-04-18 09:10:00,22088.55
2026-04-18 09:20:00,22572.442857142858
2026-04-18 09:30:00,22903.2
2026-04-18 09:40:00,23160.428571428572
2026-04-18 09:50:00,23647.35714285714
2026-04-18 10:00:00,24219.583333333332
2026-04-18 10:10:00,24387.68571428571
2026-04-18 10:20:00,24558.799999999996
2026-04-18 10:30:00,24912.38333333333
2026-04-18 10:40:00,25187.942857142858
2026-04-18 10:50:00,25391.928571428572
2026-04-18 11:00:00,25525.949999999997
2026-04-18 11:10:00,25496.071428571428
2026-04-18 11:20:00,25104.4
2026-04-18 11:30:00,24983.350000000002
2026-04-18 11:40:00,24708.7
2026-04-18 11:50:00,24430.985714285714
2026-04-18 12:00:00,24290.55
2026-04-18 12:10:00,24206.45714285714
2026-04-18 12:20:00,24373.85714285714
2026-04-18 12:30:00,17502.833333333332
2026-04-18 12:40:00,13851.042857142855
2026-04-18 12:50:00,12699.642857142857
2026-04-18 13:00:00,17858.016666666666
2026-04-18 13:10:00,17156.514285714286
2026-04-18 13:20:00,12437.599999999997
2026-04-18 13:30:00,13144.666666666666
2026-04-18 13:40:00,13343.828571428572
2026-04-18 13:50:00,19552.65714285714
2026-04-18 14:00:00,15896.833333333334
2026-04-18 14:10:00,12319.042857142858
2026-04-18 14:20:00,5029.771428571427
2026-04-18 14:30:00,5255.933333333333
2026-04-18 14:40:00,4216.014285714286
2026-04-18 14:50:00,4956.671428571428
2026-04-18 15:00:00,5924.716666666666
2026-04-18 15:10:00,5689.657142857142
2026-04-18 15:20:00,7475.400000000001
2026-04-18 15:30:00,6710.875
2026-04-18 15:40:00,12510.316666666668
2026-04-18 15:50:00,6710.785714285715
2026-04-18 16:00:00,5314.557142857143
2026-04-18 16:10:00,3195.4833333333336
2026-04-18 16:20:00,2431.5142857142855
2026-04-18 16:30:00,3514.3571428571427
2026-04-18 16:40:00,1814.2166666666665
2026-04-18 16:50:00,2421.3571428571427
2026-04-18 17:00:00,1395.5833333333333
2026-04-18 17:10:00,927.4285714285714
2026-04-18 17:20:00,422.69999999999993
2026-04-18 17:30:00,861.25
2026-04-18 17:40:00,538.5142857142856
2026-04-18 17:50:00,87.8714285714286
2026-04-18 18:00:00,17.583333333333332
2026-04-18 18:10:00,1.8571428571428572
2026-04-18 18:20:00,0
2026-04-18 18:30:00,0
2026-04-18 18:40:00,0
2026-04-18 18:50:00,0
2026-04-18 19:00:00,0
2026-04-18 19:10:00,0
2026-04-18 19:20:00,0
2026-04-18 19:30:00,0
2026-04-18 19:40:00,0
2026-04-18 19:50:00,0
2026-04-18 20:00:00,0
2026-04-18 20:10:00,0
2026-04-18 20:20:00,0
2026-04-18 20:30:00,0
2026-04-18 20:40:00,0
2026-04-18 20:50:00,0
2026-04-18 21:00:00,0
2026-04-18 21:10:00,0
2026-04-18 21:20:00,0
2026-04-18 21:30:00,0
2026-04-18 21:40:00,0
2026-04-18 21:50:00,0
2026-04-18 22:00:00,0
2026-04-18 22:10:00,0
2026-04-18 22:20:00,0
2026-04-18 22:30:00,0
2026-04-18 22:40:00,0
2026-04-18 22:50:00,0
2026-04-18 23:00:00,0
2026-04-18 23:10:00,0
2026-04-18 23:20:00,0
2026-04-18 23:30:00,0
2026-04-18 23:40:00,0
2026-04-18 23:50:00,0
2026-04-19 00:00:00,0
2026-04-19 00:10:00,0
2026-04-19 00:20:00,0
2026-04-19 00:30:00,0
2026-04-19 00:40:00,0
2026-04-19 00:50:00,0
2026-04-19 01:00:00,0
2026-04-19 01:10:00,0
2026-04-19 01:20:00,0
2026-04-19 01:30:00,0
2026-04-19 01:40:00,0
2026-04-19 01:50:00,0
2026-04-19 02:00:00,0
2026-04-19 02:10:00,0
2026-04-19 02:20:00,0
2026-04-19 02:30:00,0
2026-04-19 02:40:00,0
2026-04-19 02:50:00,0
2026-04-19 03:00:00,0
2026-04-19 03:10:00,0
2026-04-19 03:20:00,0
2026-04-19 03:30:00,0
2026-04-19 03:40:00,0
2026-04-19 03:50:00,0
2026-04-19 04:00:00,0
2026-04-19 04:10:00,0
2026-04-19 04:20:00,0
2026-04-19 04:30:00,0
2026-04-19 04:40:00,0
2026-04-19 04:50:00,0
2026-04-19 05:00:00,0
2026-04-19 05:10:00,4.314285714285714
2026-04-19 05:20:00,73.74285714285713
2026-04-19 05:30:00,321.1166666666667
2026-04-19 05:40:00,753.5428571428572
2026-04-19 05:50:00,1251.857142857143
2026-04-19 06:00:00,1659.0333333333335
2026-04-19 06:10:00,2010.6142857142859
2026-04-19 06:20:00,2266.5
2026-04-19 06:30:00,2535.628571428571
2026-04-19 06:40:00,2758.2666666666664
2026-04-19 06:50:00,8733.085714285715
2026-04-19 07:00:00,11546.699999999999
2026-04-19 07:10:00,12920.683333333334
2026-04-19 07:20:00,13924.757142857141
2026-04-19 07:30:00,14866.328571428572
2026-04-19 07:40:00,15668.183333333332
2026-04-19 07:50:00,16397.414285714287
2026-04-19 08:00:00,17361.085714285717
2026-04-19 08:10:00,17641.866666666665
2026-04-19 08:20:00,18546.6
2026-04-19 08:30:00,19344.371428571427
2026-04-19 08:40:00,20020.216666666664
2026-04-19 08:50:00,20964.257142857146
2026-04-19 09:00:00,21716.571428571428
2026-04-19 09:10:00,22363.45
2026-04-19 09:20:00,22901.14285714286
2026-04-19 09:30:00,23233.63333333333
2026-04-19 09:40:00,23490.34285714286
2026-04-19 09:50:00,24059.899999999998
2026-04-19 10:00:00,24559.349999999995
2026-04-19 10:10:00,24713.928571428572
2026-04-19 10:20:00,24865.071428571428
2026-04-19 10:30:00,25139.966666666664
2026-04-19 10:40:00,25744.271428571432
2026-04-19 10:50:00,25576.257142857143
2026-04-19 11:00:00,25637.066666666666
2026-04-19 11:10:00,25595
2026-04-19 11:20:00,25344
2026-04-19 11:30:00,25109.149999999998
2026-04-19 11:40:00,24829.12857142857
2026-04-19 11:50:00,24557.87142857143
2026-04-19 12:00:00,24479.083333333332
2026-04-19 12:10:00,24408.87142857143
2026-04-19 12:20:00,24206.12857142857
2026-04-19 12:30:00,24081.966666666664
2026-04-19 12:40:00,23792.342857142856
2026-04-19 12:50:00,23441.514285714286
2026-04-19 13:00:00,23105.350000000002
2026-04-19 13:10:00,22918.057142857146
2026-04-19 13:20:00,22400.71428571429
2026-04-19 13:30:00,22098.233333333334
2026-04-19 13:40:00,21701.116666666665
2026-04-19 13:50:00,21187.879999999997
2026-04-19 14:00:00,20822.31428571429
2026-04-19 14:10:00,20218.033333333336
2026-04-19 14:20:00,19632.842857142856
2026-04-19 14:30:00,18447.057142857142
2026-04-19 14:40:00,18045.816666666666
2026-04-19 14:50:00,17022.571428571424
2026-04-19 15:00:00,15917.271428571428
2026-04-19 15:10:00,14688.300000000001
2026-04-19 15:20:00,9403.07142857143
2026-04-19 15:30:00,4271.614285714286
2026-04-19 15:40:00,5119.033333333334
2026-04-19 15:50:00,5689.9285714285725
2026-04-19 16:00:00,5063.271428571429
2026-04-19 16:10:00,4390.4
2026-04-19 16:20:00,2332.871428571429
2026-04-19 16:30:00,1585.4428571428568
2026-04-19 16:40:00,1455.1166666666666
2026-04-19 16:50:00,3107.014285714286
2026-04-19 17:00:00,4334.885714285715
2026-04-19 17:10:00,2675.8166666666666
2026-04-19 17:20:00,1861.6428571428573
2026-04-19 17:30:00,1189.1714285714286
2026-04-19 17:40:00,687.7666666666665
2026-04-19 17:50:00,310.35
2026-04-19 18:00:00,59.86666666666667
2026-04-19 18:10:00,5.257142857142858
2026-04-19 18:20:00,0
2026-04-19 18:30:00,0
2026-04-19 18:40:00,0
2026-04-19 18:50:00,0
2026-04-19 19:00:00,0
2026-04-19 19:10:00,0
2026-04-19 19:20:00,0
2026-04-19 19:30:00,0
2026-04-19 19:40:00,0
2026-04-19 19:50:00,0
2026-04-19 20:00:00,0
2026-04-19 20:10:00,0
2026-04-19 20:20:00,0
2026-04-19 20:30:00,0
2026-04-19 20:40:00,0
2026-04-19 20:50:00,0
2026-04-19 21:00:00,0
2026-04-19 21:10:00,0
2026-04-19 21:20:00,0
2026-04-19 21:30:00,0
2026-04-19 21:40:00,0
2026-04-19 21:50:00,0
2026-04-19 22:00:00,0
2026-04-19 22:10:00,0
2026-04-19 22:20:00,0
2026-04-19 22:30:00,0
2026-04-19 22:40:00,0
2026-04-19 22:50:00,0
2026-04-19 23:00:00,0
2026-04-19 23:10:00,0
2026-04-19 23:20:00,0
2026-04-19 23:30:00,0
2026-04-19 23:40:00,0
2026-04-19 23:50:00,0
2026-04-20 00:00:00,0
2026-04-20 00:10:00,0
2026-04-20 00:20:00,0
2026-04-20 00:30:00,0
2026-04-20 00:40:00,0
2026-04-20 00:50:00,0
2026-04-20 01:00:00,0
2026-04-20 01:10:00,0
2026-04-20 01:20:00,0
2026-04-20 01:30:00,0
2026-04-20 01:40:00,0
2026-04-20 01:50:00,0
2026-04-20 02:00:00,0
2026-04-20 02:10:00,0
2026-04-20 02:20:00,0
2026-04-20 02:30:00,0
2026-04-20 02:40:00,0
2026-04-20 02:50:00,0
2026-04-20 03:00:00,0
2026-04-20 03:10:00,0
2026-04-20 03:20:00,0
2026-04-20 03:30:00,0
2026-04-20 03:40:00,0
2026-04-20 03:50:00,0
2026-04-20 04:00:00,0
2026-04-20 04:10:00,0
2026-04-20 04:20:00,0
2026-04-20 04:30:00,0
2026-04-20 04:40:00,0
2026-04-20 04:50:00,0
2026-04-20 05:00:00,0
2026-04-20 05:10:00,4.666666666666667
2026-04-20 05:20:00,68.21428571428571
2026-04-20 05:30:00,318.87142857142857
2026-04-20 05:40:00,679.8833333333333
2026-04-20 05:50:00,1031.2857142857142
2026-04-20 06:00:00,1337.857142857143
2026-04-20 06:10:00,1609.2333333333333
2026-04-20 06:20:00,1818.2857142857142
2026-04-20 06:30:00,2012.7714285714287
2026-04-20 06:40:00,2211.3333333333335
2026-04-20 06:50:00,8746
2026-04-20 07:00:00,11302.814285714285
2026-04-20 07:10:00,12812.800000000001
2026-04-20 07:20:00,13748.114285714284
2026-04-20 07:30:00,14741.6
2026-04-20 07:40:00,15508.683333333332
2026-04-20 07:50:00,16201.414285714287
2026-04-20 08:00:00,17194.91428571429
2026-04-20 08:10:00,17002.850000000002
2026-04-20 08:20:00,18326.314285714285
2026-04-20 08:30:00,19066.67142857143
2026-04-20 08:40:00,19706.616666666665
2026-04-20 08:50:00,20384.571428571428
2026-04-20 09:00:00,21406.31428571429
2026-04-20 09:10:00,21987.116666666665
2026-04-20 09:20:00,22493.785714285714
2026-04-20 09:30:00,22844.31428571429
2026-04-20 09:40:00,23112.850000000002
2026-04-20 09:50:00,23484.81428571429
2026-04-20 10:00:00,24176.942857142858
2026-04-20 10:10:00,24282.683333333334
2026-04-20 10:20:00,24370.18571428571
2026-04-20 10:30:00,24495.21666666667
2026-04-20 10:40:00,25298.528571428567
2026-04-20 10:50:00,25343.385714285716
2026-04-20 11:00:00,25498.733333333334
2026-04-20 11:10:00,24133.028571428575
2026-04-20 11:20:00,21259.785714285717
2026-04-20 11:30:00,15622.299999999997
2026-04-20 11:40:00,16624.114285714288
2026-04-20 11:50:00,16017.4
2026-04-20 12:00:00,16606.45
2026-04-20 12:10:00,15386.466666666669
2026-04-20 12:20:00,14905.642857142857
2026-04-20 12:30:00,14447.300000000001
2026-04-20 12:40:00,17988.8
2026-04-20 12:50:00,15197.800000000001
2026-04-20 13:00:00,19860.785714285714
2026-04-20 13:10:00,19962.516666666666
2026-04-20 13:20:00,14279.257142857141
2026-04-20 13:30:00,22357.385714285712
2026-04-20 13:40:00,13877.599999999999
2026-04-20 13:50:00,20653.342857142856
2026-04-20 14:00:00,16014.014285714287
2026-04-20 14:10:00,16219.4
2026-04-20 14:20:00,20813.114285714284
2026-04-20 14:30:00,18908.14285714286
2026-04-20 14:40:00,18033.966666666667
2026-04-20 14:50:00,17367.557142857146
2026-04-20 15:00:00,16095.128571428571
2026-04-20 15:10:00,15334.150000000001
2026-04-20 15:20:00,14459.57142857143
2026-04-20 15:30:00,12829.600000000002
2026-04-20 15:40:00,11414.316666666666
2026-04-20 15:50:00,6916.299999999998
2026-04-20 16:00:00,3995.128571428572
2026-04-20 16:10:00,2697.6666666666665
2026-04-20 16:20:00,3063.4
2026-04-20 16:30:00,2253.3
2026-04-20 16:40:00,1685.9333333333332
2026-04-20 16:50:00,1742.4428571428573
2026-04-20 17:00:00,1433.7142857142858
2026-04-20 17:10:00,1380.5500000000002
2026-04-20 17:20:00,1055.8428571428572
2026-04-20 17:30:00,743.4285714285714
2026-04-20 17:40:00,466.6333333333334
2026-04-20 17:50:00,165.8857142857143
2026-04-20 18:00:00,38.114285714285714
2026-04-20 18:10:00,2.883333333333333
2026-04-20 18:20:00,0
2026-04-20 18:30:00,0
2026-04-20 18:40:00,0
2026-04-20 18:50:00,0
2026-04-20 19:00:00,0
2026-04-20 19:10:00,0
2026-04-20 19:20:00,0
2026-04-20 19:30:00,0
2026-04-20 19:40:00,0
2026-04-20 19:50:00,0
2026-04-20 20:00:00,0
2026-04-20 20:10:00,0
2026-04-20 20:20:00,0
2026-04-20 20:30:00,0
2026-04-20 20:40:00,0
2026-04-20 20:50:00,0
2026-04-20 21:00:00,0
2026-04-20 21:10:00,0
2026-04-20 21:20:00,0
2026-04-20 21:30:00,0
2026-04-20 21:40:00,0
2026-04-20 21:50:00,0
2026-04-20 22:00:00,0
2026-04-20 22:10:00,0
2026-04-20 22:20:00,0
2026-04-20 22:30:00,0
2026-04-20 22:40:00,0
2026-04-20 22:50:00,0
2026-04-20 23:00:00,0
2026-04-20 23:10:00,0
2026-04-20 23:20:00,0
2026-04-20 23:30:00,0
2026-04-20 23:40:00,0
2026-04-20 23:50:00,0
2026-04-21 00:00:00,0
2026-04-21 00:10:00,0
2026-04-21 00:20:00,0
2026-04-21 00:30:00,0
2026-04-21 00:40:00,0
2026-04-21 00:50:00,0
2026-04-21 01:00:00,0
2026-04-21 01:10:00,0
2026-04-21 01:20:00,0
2026-04-21 01:30:00,0
2026-04-21 01:40:00,0
2026-04-21 01:50:00,0
2026-04-21 02:00:00,0
2026-04-21 02:10:00,0
2026-04-21 02:20:00,0
2026-04-21 02:30:00,0
2026-04-21 02:40:00,0
2026-04-21 02:50:00,0
2026-04-21 03:00:00,0
2026-04-21 03:10:00,0
2026-04-21 03:20:00,0
2026-04-21 03:30:00,0
2026-04-21 03:40:00,0
2026-04-21 03:50:00,0
2026-04-21 04:00:00,0
2026-04-21 04:10:00,0
2026-04-21 04:20:00,0
2026-04-21 04:30:00,0
2026-04-21 04:40:00,0
2026-04-21 04:50:00,0
2026-04-21 05:00:00,0
2026-04-21 05:10:00,3.966666666666667
2026-04-21 05:20:00,50.199999999999996
2026-04-21 05:30:00,280.48571428571427
2026-04-21 05:40:00,700.6833333333334
2026-04-21 05:50:00,1180.5714285714287
2026-04-21 06:00:00,1767.6285714285714
2026-04-21 06:10:00,2441.7833333333333
2026-04-21 06:20:00,3012.714285714286
2026-04-21 06:30:00,3468.585714285714
2026-04-21 06:40:00,3589.75
2026-04-21 06:50:00,3889.785714285714
2026-04-21 07:00:00,4872.816666666667
2026-04-21 07:10:00,4937.614285714285
2026-04-21 07:20:00,11476.67142857143
2026-04-21 07:30:00,14832.75
2026-04-21 07:40:00,8485.171428571428
2026-04-21 07:50:00,11122.785714285714
2026-04-21 08:00:00,15094.733333333335
2026-04-21 08:10:00,18134.328571428574
2026-04-21 08:20:00,18691.871428571427
2026-04-21 08:30:00,16899.98333333333
2026-04-21 08:40:00,19430.071428571428
2026-04-21 08:50:00,20639.22857142857
2026-04-21 09:00:00,21265.666666666668
2026-04-21 09:10:00,21960.18571428571
2026-04-21 09:20:00,22584.100000000002
2026-04-21 09:30:00,23447.96666666667
2026-04-21 09:40:00,19839.899999999998
2026-04-21 09:50:00,23262.72857142857
2026-04-21 10:00:00,24407.575
2026-04-21 10:10:00,22853.016666666666
2026-04-21 10:20:00,24492.157142857144
2026-04-21 10:30:00,18167.185714285715
2026-04-21 10:40:00,23317.533333333336
2026-04-21 10:50:00,23577.614285714288
2026-04-21 11:00:00,14138.885714285714
2026-04-21 11:10:00,13331.050000000001
2026-04-21 11:20:00,13520.814285714285
2026-04-21 11:30:00,18899.242857142854
2026-04-21 11:40:00,12088.816666666666
2026-04-21 11:50:00,14041.5
2026-04-21 12:00:00,12192.142857142857
2026-04-21 12:10:00,17243.7
2026-04-21 12:20:00,19011.385714285716
2026-04-21 12:30:00,22826.185714285715
2026-04-21 12:40:00,21699.7
2026-04-21 12:50:00,17241.285714285717
2026-04-21 13:00:00,16058.57142857143
2026-04-21 13:10:00,16725.8
2026-04-21 13:20:00,19873.399999999998
2026-04-21 13:30:00,18128.583333333332
2026-04-21 13:40:00,13255.971428571429
2026-04-21 13:50:00,20820.77142857143
2026-04-21 14:00:00,20233.11666666667
2026-04-21 14:10:00,19128.114285714284
2026-04-21 14:20:00,19974.15714285714
2026-04-21 14:30:00,18731.766666666666
2026-04-21 14:40:00,18153.05714285714
2026-04-21 14:50:00,17733.114285714288
2026-04-21 15:00:00,17216.11666666667
2026-04-21 15:10:00,16497.557142857146
2026-04-21 15:20:00,15223.3
2026-04-21 15:30:00,12328.599999999999
2026-04-21 15:40:00,7789.071428571428
2026-04-21 15:50:00,6204.650000000001
2026-04-21 16:00:00,4564.950000000001
2026-04-21 16:10:00,3714.657142857143
2026-04-21 16:20:00,3744.157142857143
2026-04-21 16:30:00,3500.1499999999996
2026-04-21 16:40:00,3400.7000000000003
2026-04-21 16:50:00,3079.9857142857145
2026-04-21 17:00:00,2361.5
2026-04-21 17:10:00,2048.6166666666663
2026-04-21 17:20:00,1423.575
2026-04-21 17:30:00,702.8714285714285
2026-04-21 17:40:00,373.43333333333334
2026-04-21 17:50:00,152.9714285714286
2026-04-21 18:00:00,31.042857142857144
2026-04-21 18:10:00,2.1666666666666665
2026-04-21 18:20:00,0
2026-04-21 18:30:00,0
2026-04-21 18:40:00,0
2026-04-21 18:50:00,0
2026-04-21 19:00:00,0
2026-04-21 19:10:00,0
2026-04-21 19:20:00,0
2026-04-21 19:30:00,0
2026-04-21 19:40:00,0
2026-04-21 19:50:00,0
2026-04-21 20:00:00,0
2026-04-21 20:10:00,0
2026-04-21 20:20:00,0
2026-04-21 20:30:00,0
2026-04-21 20:40:00,0
2026-04-21 20:50:00,0
2026-04-21 21:00:00,0
2026-04-21 21:10:00,0
2026-04-21 21:20:00,0
2026-04-21 21:30:00,0
2026-04-21 21:40:00,0
2026-04-21 21:50:00,0
2026-04-21 22:00:00,0
2026-04-21 22:10:00,0
2026-04-21 22:20:00,0
2026-04-21 22:30:00,0
2026-04-21 22:40:00,0
2026-04-21 22:50:00,0
2026-04-21 23:00:00,0
2026-04-21 23:10:00,0
2026-04-21 23:20:00,0
2026-04-21 23:30:00,0
2026-04-21 23:40:00,0
2026-04-21 23:50:00,0
2026-04-22 00:00:00,0
2026-04-22 00:10:00,0
2026-04-22 00:20:00,0
2026-04-22 00:30:00,0
2026-04-22 00:40:00,0
2026-04-22 00:50:00,0
2026-04-22 01:00:00,0
2026-04-22 01:10:00,0
2026-04-22 01:20:00,0
2026-04-22 01:30:00,0
2026-04-22 01:40:00,0
2026-04-22 01:50:00,0
2026-04-22 02:00:00,0
2026-04-22 02:10:00,0
2026-04-22 02:20:00,0
2026-04-22 02:30:00,0
2026-04-22 02:40:00,0
2026-04-22 02:50:00,0
2026-04-22 03:00:00,0
2026-04-22 03:10:00,0
2026-04-22 03:20:00,0
2026-04-22 03:30:00,0
2026-04-22 03:40:00,0
2026-04-22 03:50:00,0
2026-04-22 04:00:00,0
2026-04-22 04:10:00,0
2026-04-22 04:20:00,0
2026-04-22 04:30:00,0
2026-04-22 04:40:00,0
2026-04-22 04:50:00,0
2026-04-22 05:00:00,0
2026-04-22 05:10:00,4.316666666666666
2026-04-22 05:20:00,92.8
2026-04-22 05:30:00,367.1
2026-04-22 05:40:00,1007.8166666666666
2026-04-22 05:50:00,1892.957142857143
2026-04-22 06:00:00,2596.25
2026-04-22 06:10:00,3353.0999999999995
2026-04-22 06:20:00,4012.342857142857
2026-04-22 06:30:00,5252.35
2026-04-22 06:40:00,6267.4857142857145
2026-04-22 06:50:00,7020.742857142856
2026-04-22 07:00:00,8352.866666666667
2026-04-22 07:10:00,12218.557142857144
2026-04-22 07:20:00,10059.885714285716
2026-04-22 07:30:00,9532
2026-04-22 07:40:00,10479.814285714285
2026-04-22 07:50:00,13882.985714285713
2026-04-22 08:00:00,12008.199999999999
2026-04-22 08:10:00,14043.175000000001
2026-04-22 08:20:00,13911.82857142857
2026-04-22 08:30:00,17391.2
2026-04-22 08:40:00,19656.083333333332
2026-04-22 08:50:00,20744.614285714288
2026-04-22 09:00:00,21492.62857142857
2026-04-22 09:10:00,21110.13333333333
2026-04-22 09:20:00,22773.057142857146
2026-04-22 09:30:00,21562.057142857142
2026-04-22 09:40:00,22667.383333333335
2026-04-22 09:50:00,23692.171428571426
2026-04-22 10:00:00,24167.442857142854
2026-04-22 10:10:00,24335
2026-04-22 10:20:00,24435
2026-04-22 10:30:00,22587.471428571425
2026-04-22 10:40:00,16302.900000000001
2026-04-22 10:50:00,10886.242857142859
2026-04-22 11:00:00,11091.157142857144
2026-04-22 11:10:00,10027.683333333334
2026-04-22 11:20:00,9599.085714285715
2026-04-22 11:30:00,9291.242857142857
2026-04-22 11:40:00,8566.483333333332
2026-04-22 11:50:00,10900.67142857143
2026-04-22 12:00:00,14230.114285714286
2026-04-22 12:10:00,16776.350000000002
2026-04-22 12:20:00,17029.32857142857
2026-04-22 12:30:00,13662.72857142857
2026-04-22 12:40:00,11644.766666666668
2026-04-22 12:50:00,8309.442857142858
2026-04-22 13:00:00,7411.814285714286
2026-04-22 13:10:00,6932.516666666666
2026-04-22 13:20:00,5427.928571428572
2026-04-22 13:30:00,5239.914285714286
2026-04-22 13:40:00,4681.839999999999
2026-04-22 13:50:00,5021.214285714285
2026-04-22 14:00:00,6765.785714285715
2026-04-22 14:10:00,6251.2
2026-04-22 14:20:00,5551.085714285713
2026-04-22 14:30:00,5449.483333333334
2026-04-22 14:40:00,6860.085714285714
2026-04-22 14:50:00,9485.714285714286
2026-04-22 15:00:00,10320.500000000002
2026-04-22 15:10:00,9638.699999999999
2026-04-22 15:20:00,8839.583333333334
2026-04-22 15:30:00,6335.5
2026-04-22 15:40:00,6191.016666666666
2026-04-22 15:50:00,5963.9857142857145
2026-04-22 16:00:00,4410.142857142858
2026-04-22 16:10:00,3028.116666666667
2026-04-22 16:20:00,2306.457142857143
2026-04-22 16:30:00,2946.028571428571
2026-04-22 16:40:00,4189.35
2026-04-22 16:50:00,3712.2000000000003
2026-04-22 17:00:00,3036.371428571428
2026-04-22 17:10:00,2514.516666666667
2026-04-22 17:20:00,2040.7285714285715
2026-04-22 17:30:00,1127.7285714285715
2026-04-22 17:40:00,526.85
2026-04-22 17:50:00,178.79999999999998
2026-04-22 18:00:00,31.642857142857142
2026-04-22 18:10:00,1.8166666666666664
2026-04-22 18:20:00,0
2026-04-22 18:30:00,0
2026-04-22 18:40:00,0
2026-04-22 18:50:00,0
2026-04-22 19:00:00,0
2026-04-22 19:10:00,0
2026-04-22 19:20:00,0
2026-04-22 19:30:00,0
2026-04-22 19:40:00,0
2026-04-22 19:50:00,0
2026-04-22 20:00:00,0
2026-04-22 20:10:00,0
2026-04-22 20:20:00,0
2026-04-22 20:30:00,0
2026-04-22 20:40:00,0
2026-04-22 20:50:00,0
2026-04-22 21:00:00,0
2026-04-22 21:10:00,0
2026-04-22 21:20:00,0
2026-04-22 21:30:00,0
2026-04-22 21:40:00,0
2026-04-22 21:50:00,0
2026-04-22 22:00:00,0
2026-04-22 22:10:00,0
2026-04-22 22:20:00,0
2026-04-22 22:30:00,0
2026-04-22 22:40:00,0
2026-04-22 22:50:00,0
2026-04-22 23:00:00,0
2026-04-22 23:10:00,0
2026-04-22 23:20:00,0
2026-04-22 23:30:00,0
2026-04-22 23:40:00,0
2026-04-22 23:50:00,0
2026-04-23 00:00:00,0
2026-04-23 00:10:00,0
2026-04-23 00:20:00,0
2026-04-23 00:30:00,0
2026-04-23 00:40:00,0
2026-04-23 00:50:00,0
2026-04-23 01:00:00,0
2026-04-23 01:10:00,0
2026-04-23 01:20:00,0
2026-04-23 01:30:00,0
2026-04-23 01:40:00,0
2026-04-23 01:50:00,0
2026-04-23 02:00:00,0
2026-04-23 02:10:00,0
2026-04-23 02:20:00,0
2026-04-23 02:30:00,0
2026-04-23 02:40:00,0
2026-04-23 02:50:00,0
2026-04-23 03:00:00,0
2026-04-23 03:10:00,0
2026-04-23 03:20:00,0
2026-04-23 03:30:00,0
2026-04-23 03:40:00,0
2026-04-23 03:50:00,0
2026-04-23 04:00:00,0
2026-04-23 04:10:00,0
2026-04-23 04:20:00,0
2026-04-23 04:30:00,0
2026-04-23 04:40:00,0
2026-04-23 04:50:00,0
2026-04-23 05:00:00,0
2026-04-23 05:10:00,6.116666666666667
2026-04-23 05:20:00,78.04285714285713
2026-04-23 05:30:00,391.97142857142853
2026-04-23 05:40:00,908.5333333333333
2026-04-23 05:50:00,1281.0285714285715
2026-04-23 06:00:00,1693.9142857142858
2026-04-23 06:10:00,1933.75
2026-04-23 06:20:00,2473.6833333333334
2026-04-23 06:30:00,2756.5142857142855
2026-04-23 06:40:00,2949.633333333333
2026-04-23 06:50:00,4086.6714285714284
2026-04-23 07:00:00,8508.514285714286
2026-04-23 07:10:00,12264.449999999999
2026-04-23 07:20:00,13041.871428571429
2026-04-23 07:30:00,15199.642857142859
2026-04-23 07:40:00,16057.400000000001
2026-04-23 07:50:00,16758.057142857142
2026-04-23 08:00:00,18584.985714285714
2026-04-23 08:10:00,15675.333333333334
2026-04-23 08:20:00,17196.757142857143
2026-04-23 08:30:00,19537.314285714285
2026-04-23 08:40:00,21071.416666666668
2026-04-23 08:50:00,21860.057142857142
2026-04-23 09:00:00,20247.87142857143
2026-04-23 09:10:00,21171.05
2026-04-23 09:20:00,23062.728571428568
2026-04-23 09:30:00,23663.014285714286
2026-04-23 09:40:00,17593.166666666668
2026-04-23 09:50:00,14229.185714285713
2026-04-23 10:00:00,20629.414285714283
2026-04-23 10:10:00,22445.149999999998
2026-04-23 10:20:00,20803.257142857143
2026-04-23 10:30:00,17218.84285714286
2026-04-23 10:40:00,18929.600000000002
2026-04-23 10:50:00,16383.585714285711
2026-04-23 11:00:00,15584.857142857143
2026-04-23 11:10:00,20293.333333333332
2026-04-23 11:20:00,21792.457142857143
2026-04-23 11:30:00,16463.17142857143
2026-04-23 11:40:00,13427.449999999999
2026-04-23 11:50:00,18728.128571428573
2026-04-23 12:00:00,19449.442857142854
2026-04-23 12:10:00,23227.899999999998
2026-04-23 12:20:00,19925.299999999996
2026-04-23 12:30:00,16898.757142857143
2026-04-23 12:40:00,18938.21666666667
2026-04-23 12:50:00,23125.08571428571
2026-04-23 13:00:00,22947.84285714286
2026-04-23 13:10:00,21803.61666666667
2026-04-23 13:20:00,16866.2
2026-04-23 13:30:00,9584.942857142858
2026-04-23 13:40:00,9104.066666666668
2026-04-23 13:50:00,9397.257142857141
2026-04-23 14:00:00,9289.728571428572
2026-04-23 14:10:00,8269.35
2026-04-23 14:20:00,7211.5142857142855
2026-04-23 14:30:00,6777.157142857142
2026-04-23 14:40:00,6554.066666666667
2026-04-23 14:50:00,6265.0428571428565
2026-04-23 15:00:00,6359.357142857143
2026-04-23 15:10:00,5756.983333333334
2026-04-23 15:20:00,5012.885714285714
2026-04-23 15:30:00,4224.614285714286
2026-04-23 15:40:00,3553.5333333333333
2026-04-23 15:50:00,3497.485714285714
2026-04-23 16:00:00,4049.514285714286
2026-04-23 16:10:00,3569.6499999999996
2026-04-23 16:20:00,2975.2285714285717
2026-04-23 16:30:00,2080.9714285714285
2026-04-23 16:40:00,1471.6166666666668
2026-04-23 16:50:00,1190.7
2026-04-23 17:00:00,1062.9142857142856
2026-04-23 17:10:00,1033.6166666666666
2026-04-23 17:20:00,959.0571428571428
2026-04-23 17:30:00,875.5142857142856
2026-04-23 17:40:00,575.25
2026-04-23 17:50:00,204.27142857142857
2026-04-23 18:00:00,37.800000000000004
2026-04-23 18:10:00,2.516666666666666
2026-04-23 18:20:00,0
2026-04-23 18:30:00,0
2026-04-23 18:40:00,0
2026-04-23 18:50:00,0
2026-04-23 19:00:00,0
2026-04-23 19:10:00,0
2026-04-23 19:20:00,0
2026-04-23 19:30:00,0
2026-04-23 19:40:00,0
2026-04-23 19:50:00,0
2026-04-23 20:00:00,0
2026-04-23 20:10:00,0
2026-04-23 20:20:00,0
2026-04-23 20:30:00,0
2026-04-23 20:40:00,0
2026-04-23 20:50:00,0
2026-04-23 21:00:00,0
2026-04-23 21:10:00,0
2026-04-23 21:20:00,0
2026-04-23 21:30:00,0
2026-04-23 21:40:00,0
2026-04-23 21:50:00,0
2026-04-23 22:00:00,0
2026-04-23 22:10:00,0
2026-04-23 22:20:00,0
2026-04-23 22:30:00,0
2026-04-23 22:40:00,0
2026-04-23 22:50:00,0
2026-04-23 23:00:00,0
2026-04-23 23:10:00,0
2026-04-23 23:20:00,0
2026-04-23 23:30:00,0
2026-04-23 23:40:00,0
2026-04-23 23:50:00,0
2026-04-24 00:00:00,0
2026-04-24 00:10:00,0
2026-04-24 00:20:00,0
2026-04-24 00:30:00,0
2026-04-24 00:40:00,0
2026-04-24 00:50:00,0
2026-04-24 01:00:00,0
2026-04-24 01:10:00,0
2026-04-24 01:20:00,0
2026-04-24 01:30:00,0
2026-04-24 01:40:00,0
2026-04-24 01:50:00,0
2026-04-24 02:00:00,0
2026-04-24 02:10:00,0
2026-04-24 02:20:00,0
2026-04-24 02:30:00,0
2026-04-24 02:40:00,0
2026-04-24 02:50:00,0
2026-04-24 03:00:00,0
2026-04-24 03:10:00,0
2026-04-24 03:20:00,0
2026-04-24 03:30:00,0
2026-04-24 03:40:00,0
2026-04-24 03:50:00,0
2026-04-24 04:00:00,0
2026-04-24 04:10:00,0
2026-04-24 04:20:00,0
2026-04-24 04:30:00,0
2026-04-24 04:40:00,0
2026-04-24 04:50:00,0
2026-04-24 05:00:00,0
2026-04-24 05:10:00,4.666666666666667
2026-04-24 05:20:00,74.04285714285713
2026-04-24 05:30:00,307.2
2026-04-24 05:40:00,807.8333333333334
2026-04-24 05:50:00,1224.4857142857143
2026-04-24 06:00:00,1734.4428571428573
2026-04-24 06:10:00,1989.116666666667
2026-04-24 06:20:00,2686.157142857143
2026-04-24 06:30:00,3526.0428571428574
2026-04-24 06:40:00,4654.533333333333
2026-04-24 06:50:00,6485.614285714286
2026-04-24 07:00:00,6869.900000000001
2026-04-24 07:10:00,7887.316666666666
2026-04-24 07:20:00,11029.714285714286
2026-04-24 07:30:00,12382.614285714286
2026-04-24 07:40:00,13480.15
2026-04-24 07:50:00,13016.971428571429
2026-04-24 08:00:00,12556.785714285714
2026-04-24 08:10:00,12043.316666666666
2026-04-24 08:20:00,11826.585714285715
2026-04-24 08:30:00,12831.742857142857
2026-04-24 08:40:00,12731.433333333332
2026-04-24 08:50:00,16359.328571428572
2026-04-24 09:00:00,18460.257142857143
2026-04-24 09:10:00,17239.750000000004
2026-04-24 09:20:00,17727.585714285717
2026-04-24 09:30:00,20555.35714285714
2026-04-24 09:40:00,19933.516666666666
2026-04-24 09:50:00,17330.37142857143
2026-04-24 10:00:00,16386.97142857143
2026-04-24 10:10:00,17619.3
2026-04-24 10:20:00,17897.800000000003
2026-04-24 10:30:00,18246.442857142854
2026-04-24 10:40:00,18325.350000000002
2026-04-24 10:50:00,18007.12857142857
2026-04-24 11:00:00,19478.64285714286
2026-04-24 11:10:00,18542.883333333335
2026-04-24 11:20:00,20048.157142857144
2026-04-24 11:30:00,18363.500000000004
2026-04-24 11:40:00,18902.733333333334
2026-04-24 11:50:00,18530.55
2026-04-24 12:00:00,18947.185714285715
2026-04-24 12:10:00,19867.85714285714
2026-04-24 12:20:00,21155.26666666667
2026-04-24 12:30:00,17466.47142857143
2026-04-24 12:40:00,12483.416666666666
2026-04-24 12:50:00,13227.1
2026-04-24 13:00:00,13801.257142857143
2026-04-24 13:10:00,15709.383333333331
2026-04-24 13:20:00,15510.528571428571
2026-04-24 13:30:00,15249.114285714286
2026-04-24 13:40:00,14411.633333333331
2026-04-24 13:50:00,13197.6
2026-04-24 14:00:00,11670.82857142857
2026-04-24 14:10:00,11176.333333333334
2026-04-24 14:20:00,11519.1
2026-04-24 14:30:00,11109.9
2026-04-24 14:40:00,8613.066666666666
2026-04-24 14:50:00,5954.142857142858
2026-04-24 15:00:00,4112.5
2026-04-24 15:10:00,5741.566666666667
2026-04-24 15:20:00,8141.099999999999
2026-04-24 15:30:00,9018.77142857143
2026-04-24 15:40:00,9175.4
2026-04-24 15:50:00,8715.557142857144
2026-04-24 16:00:00,8205.014285714287
2026-04-24 16:10:00,7514.933333333334
2026-04-24 16:20:00,7273.900000000001
2026-04-24 16:30:00,5898.842857142858
2026-04-24 16:40:00,5143.766666666666
2026-04-24 16:50:00,4467.3
2026-04-24 17:00:00,3651.4
2026-04-24 17:10:00,2854.2833333333333
2026-04-24 17:20:00,2058.8571428571427
2026-04-24 17:30:00,1343.3714285714286
2026-04-24 17:40:00,676.6666666666666
2026-04-24 17:50:00,266.02857142857147
2026-04-24 18:00:00,54.07142857142857
2026-04-24 18:10:00,2.883333333333333
2026-04-24 18:20:00,0
2026-04-24 18:30:00,0
2026-04-24 18:40:00,0
2026-04-24 18:50:00,0
2026-04-24 19:00:00,0
2026-04-24 19:10:00,0
2026-04-24 19:20:00,0
2026-04-24 19:30:00,0
2026-04-24 19:40:00,0
2026-04-24 19:50:00,0
2026-04-24 20:00:00,0
2026-04-24 20:10:00,0
2026-04-24 20:20:00,0
2026-04-24 20:30:00,0
2026-04-24 20:40:00,0
2026-04-24 20:50:00,0
2026-04-24 21:00:00,0
2026-04-24 21:10:00,0
2026-04-24 21:20:00,0
2026-04-24 21:30:00,0
2026-04-24 21:40:00,0
2026-04-24 21:50:00,0
2026-04-24 22:00:00,0
2026-04-24 22:10:00,0
2026-04-24 22:20:00,0
2026-04-24 22:30:00,0
2026-04-24 22:40:00,0
2026-04-24 22:50:00,0
2026-04-24 23:00:00,0
2026-04-24 23:10:00,0
2026-04-24 23:20:00,0
2026-04-24 23:30:00,0
2026-04-24 23:40:00,0
2026-04-24 23:50:00,0
2026-04-25 00:00:00,0
2026-04-25 00:10:00,0
2026-04-25 00:20:00,0
2026-04-25 00:30:00,0
2026-04-25 00:40:00,0
2026-04-25 00:50:00,0
2026-04-25 01:00:00,0
2026-04-25 01:10:00,0
2026-04-25 01:20:00,0
2026-04-25 01:30:00,0
2026-04-25 01:40:00,0
2026-04-25 01:50:00,0
2026-04-25 02:00:00,0
2026-04-25 02:10:00,0
2026-04-25 02:20:00,0
2026-04-25 02:30:00,0
2026-04-25 02:40:00,0
2026-04-25 02:50:00,0
2026-04-25 03:00:00,0
2026-04-25 03:10:00,0
2026-04-25 03:20:00,0
2026-04-25 03:30:00,0
2026-04-25 03:40:00,0
2026-04-25 03:50:00,0
2026-04-25 04:00:00,0
2026-04-25 04:10:00,0
2026-04-25 04:20:00,0
2026-04-25 04:30:00,0
2026-04-25 04:40:00,0
2026-04-25 04:50:00,0
2026-04-25 05:00:00,0
2026-04-25 05:10:00,6.833333333333333
2026-04-25 05:20:00,84.78571428571429
2026-04-25 05:30:00,358.8142857142857
2026-04-25 05:40:00,981.9999999999999
2026-04-25 05:50:00,1689.2857142857142
2026-04-25 06:00:00,2143.9571428571426
2026-04-25 06:10:00,2640.3333333333335
2026-04-25 06:20:00,3208.0857142857144
2026-04-25 06:30:00,3635.714285714286
2026-04-25 06:40:00,4052.066666666666
2026-04-25 06:50:00,8352.757142857143
2026-04-25 07:00:00,10152.971428571429
2026-04-25 07:10:00,12209.983333333335
2026-04-25 07:20:00,12839.728571428572
2026-04-25 07:30:00,15027.92857142857
2026-04-25 07:40:00,16212.949999999999
2026-04-25 07:50:00,16535.342857142856
2026-04-25 08:00:00,14151.77142857143
2026-04-25 08:10:00,14074.383333333333
2026-04-25 08:20:00,16796.47142857143
2026-04-25 08:30:00,17346.057142857146
2026-04-25 08:40:00,18413.15
2026-04-25 08:50:00,19474.014285714286
2026-04-25 09:00:00,21702.442857142854
2026-04-25 09:10:00,21926.55
2026-04-25 09:20:00,22092.899999999998
2026-04-25 09:30:00,22778.557142857142
2026-04-25 09:40:00,23289.550000000003
2026-04-25 09:50:00,23515.228571428568
2026-04-25 10:00:00,23872.125
2026-04-25 10:10:00,24167.742857142857
2026-04-25 10:20:00,23403.149999999998
2026-04-25 10:30:00,25075.5
2026-04-25 10:40:00,22615.771428571425
2026-04-25 10:50:00,24714.883333333335
2026-04-25 11:00:00,25199.614285714284
2026-04-25 11:10:00,25140.32857142857
2026-04-25 11:20:00,25050.016666666663
2026-04-25 11:30:00,24597.8
2026-04-25 11:40:00,23641.8
2026-04-25 11:50:00,23785.93333333333
2026-04-25 12:00:00,23380.985714285714
2026-04-25 12:10:00,22486.114285714284
2026-04-25 12:20:00,19970.766666666666
2026-04-25 12:30:00,18517.7
2026-04-25 12:40:00,21143.971428571425
2026-04-25 12:50:00,21312.61666666667
2026-04-25 13:00:00,22299.028571428567
2026-04-25 13:10:00,19971.133333333335
2026-04-25 13:20:00,19474.342857142856
2026-04-25 13:30:00,20132.64285714286
2026-04-25 13:40:00,16730.466666666667
2026-04-25 13:50:00,18554.27142857143
2026-04-25 14:00:00,19980.585714285717
2026-04-25 14:10:00,12270.183333333334
2026-04-25 14:20:00,17713.14285714286
2026-04-25 14:30:00,9098.642857142859
2026-04-25 14:40:00,7999.833333333333
2026-04-25 14:50:00,8822.471428571429
2026-04-25 15:00:00,11583.271428571428
2026-04-25 15:10:00,10027.666666666666
2026-04-25 15:20:00,9407.085714285713
2026-04-25 15:30:00,7677.857142857143
2026-04-25 15:40:00,7361.916666666668
2026-04-25 15:50:00,7582.9285714285725
2026-04-25 16:00:00,7962.314285714286
2026-04-25 16:10:00,7620.649999999999
2026-04-25 16:20:00,6695.114285714285
2026-04-25 16:30:00,6042.328571428571
2026-04-25 16:40:00,5046.999999999999
2026-04-25 16:50:00,5633.099999999999
2026-04-25 17:00:00,4333.971428571428
2026-04-25 17:10:00,3853.1499999999996
2026-04-25 17:20:00,3341
2026-04-25 17:30:00,1078.2
2026-04-25 17:40:00,532.3714285714285
2026-04-25 17:50:00,178.83333333333334
2026-04-25 18:00:00,58.385714285714286
2026-04-25 18:10:00,5.857142857142857
2026-04-25 18:20:00,0
2026-04-25 18:30:00,0
2026-04-25 18:40:00,0
2026-04-25 18:50:00,0
2026-04-25 19:00:00,0
2026-04-25 19:10:00,0
2026-04-25 19:20:00,0
2026-04-25 19:30:00,0
2026-04-25 19:40:00,0
2026-04-25 19:50:00,0
2026-04-25 20:00:00,0
2026-04-25 20:10:00,0
2026-04-25 20:20:00,0
2026-04-25 20:30:00,0
2026-04-25 20:40:00,0
2026-04-25 20:50:00,0
2026-04-25 21:00:00,0
2026-04-25 21:10:00,0
2026-04-25 21:20:00,0
2026-04-25 21:30:00,0
2026-04-25 21:40:00,0
2026-04-25 21:50:00,0
2026-04-25 22:00:00,0
2026-04-25 22:10:00,0
2026-04-25 22:20:00,0
2026-04-25 22:30:00,0
2026-04-25 22:40:00,0
2026-04-25 22:50:00,0
2026-04-25 23:00:00,0
2026-04-25 23:10:00,0
2026-04-25 23:20:00,0
2026-04-25 23:30:00,0
2026-04-25 23:40:00,0
2026-04-25 23:50:00,0
2026-04-26 00:00:00,0
2026-04-26 00:10:00,0
2026-04-26 00:20:00,0
2026-04-26 00:30:00,0
2026-04-26 00:40:00,0
2026-04-26 00:50:00,0
2026-04-26 01:00:00,0
2026-04-26 01:10:00,0
2026-04-26 01:20:00,0
2026-04-26 01:30:00,0
2026-04-26 01:40:00,0
2026-04-26 01:50:00,0
2026-04-26 02:00:00,0
2026-04-26 02:10:00,0
2026-04-26 02:20:00,0
2026-04-26 02:30:00,0
2026-04-26 02:40:00,0
2026-04-26 02:50:00,0
2026-04-26 03:00:00,0
2026-04-26 03:10:00,0
2026-04-26 03:20:00,0
2026-04-26 03:30:00,0
2026-04-26 03:40:00,0
2026-04-26 03:50:00,0
2026-04-26 04:00:00,0
2026-04-26 04:10:00,0
2026-04-26 04:20:00,0
2026-04-26 04:30:00,0
2026-04-26 04:40:00,0
2026-04-26 04:50:00,0
2026-04-26 05:00:00,0
2026-04-26 05:10:00,12.314285714285713
2026-04-26 05:20:00,112.55
2026-04-26 05:30:00,487.2142857142857
2026-04-26 05:40:00,1256.1571428571426
2026-04-26 05:50:00,1885.9166666666667
2026-04-26 06:00:00,2626.2428571428572
2026-04-26 06:10:00,3349.4
2026-04-26 06:20:00,3875.0166666666664
2026-04-26 06:30:00,4789.857142857143
2026-04-26 06:40:00,5910.366666666666
2026-04-26 06:50:00,9776.342857142858
2026-04-26 07:00:00,10714.814285714285
2026-04-26 07:10:00,12259.800000000001
2026-04-26 07:20:00,13452.885714285714
2026-04-26 07:30:00,14166.842857142858
2026-04-26 07:40:00,15383.6
2026-04-26 07:50:00,15996.199999999999
2026-04-26 08:00:00,14383.714285714288
2026-04-26 08:10:00,15765.625
2026-04-26 08:20:00,18897
2026-04-26 08:30:00,13315.871428571429
2026-04-26 08:40:00,12813.014285714287
2026-04-26 08:50:00,18375.866666666665
2026-04-26 09:00:00,22427.757142857143
2026-04-26 09:10:00,18575.15714285714
2026-04-26 09:20:00,15325.533333333335
2026-04-26 09:30:00,15915.114285714288
2026-04-26 09:40:00,21269.6
2026-04-26 09:50:00,18461.533333333333
2026-04-26 10:00:00,9411.371428571429
2026-04-26 10:10:00,16452.714285714286
2026-04-26 10:20:00,25271.850000000002
2026-04-26 10:30:00,25062
2026-04-26 10:40:00,25232.485714285718
2026-04-26 10:50:00,25648.166666666668
2026-04-26 11:00:00,25766.714285714286
2026-04-26 11:10:00,25790.67142857143
2026-04-26 11:20:00,25264.333333333332
2026-04-26 11:30:00,25029.728571428575
2026-04-26 11:40:00,25154.457142857143
2026-04-26 11:50:00,25677.566666666666
2026-04-26 12:00:00,20118.514285714282
2026-04-26 12:10:00,16678.485714285714
2026-04-26 12:20:00,16472.78333333333
2026-04-26 12:30:00,9098.957142857143
2026-04-26 12:40:00,4330.9
2026-04-26 12:50:00,5601.05
2026-04-26 13:00:00,6927.057142857142
2026-04-26 13:10:00,6804.471428571429
2026-04-26 13:20:00,4879.966666666666
2026-04-26 13:30:00,1502.2142857142856
2026-04-26 13:40:00,1721.5571428571432
2026-04-26 13:50:00,4465.666666666667
2026-04-26 14:00:00,5632.214285714284
2026-04-26 14:10:00,7689.842857142858
2026-04-26 14:20:00,7037.200000000001
2026-04-26 14:30:00,4536.428571428572
2026-04-26 14:40:00,3624.957142857143
2026-04-26 14:50:00,3148.8999999999996
2026-04-26 15:00:00,1746.1285714285714
2026-04-26 15:10:00,1144.3999999999999
2026-04-26 15:20:00,2728.557142857143
2026-04-26 15:30:00,3073.8571428571427
2026-04-26 15:40:00,3467.525
2026-04-26 15:50:00,4030.933333333333
2026-04-26 16:00:00,5811.9285714285725
2026-04-26 16:10:00,5509.628571428571
2026-04-26 16:20:00,9837
2026-04-26 16:30:00,9058.4
2026-04-26 16:40:00,7898.128571428571
2026-04-26 16:50:00,6284.533333333333
2026-04-26 17:00:00,4680.185714285714
2026-04-26 17:10:00,3403.4428571428575
2026-04-26 17:20:00,2298.05
2026-04-26 17:30:00,1265.9714285714285
2026-04-26 17:40:00,456.7857142857142
2026-04-26 17:50:00,165.58333333333334
2026-04-26 18:00:00,44.871428571428574
2026-04-26 18:10:00,2.1714285714285713
2026-04-26 18:20:00,0
2026-04-26 18:30:00,0
2026-04-26 18:40:00,0
2026-04-26 18:50:00,0
2026-04-26 19:00:00,0
2026-04-26 19:10:00,0
2026-04-26 19:20:00,0
2026-04-26 19:30:00,0
2026-04-26 19:40:00,0
2026-04-26 19:50:00,0
2026-04-26 20:00:00,0
2026-04-26 20:10:00,0
2026-04-26 20:20:00,0
2026-04-26 20:30:00,0
2026-04-26 20:40:00,0
2026-04-26 20:50:00,0
2026-04-26 21:00:00,0
2026-04-26 21:10:00,0
2026-04-26 21:20:00,0
2026-04-26 21:30:00,0
2026-04-26 21:40:00,0
2026-04-26 21:50:00,0
2026-04-26 22:00:00,0
2026-04-26 22:10:00,0
2026-04-26 22:20:00,0
2026-04-26 22:30:00,0
2026-04-26 22:40:00,0
2026-04-26 22:50:00,0
2026-04-26 23:00:00,0
2026-04-26 23:10:00,0
2026-04-26 23:20:00,0
2026-04-26 23:30:00,0
2026-04-26 23:40:00,0
2026-04-26 23:50:00,0
2026-04-27 00:00:00,0
2026-04-27 00:10:00,0
2026-04-27 00:20:00,0
2026-04-27 00:30:00,0
2026-04-27 00:40:00,0
2026-04-27 00:50:00,0
2026-04-27 01:00:00,0
2026-04-27 01:10:00,0
2026-04-27 01:20:00,0
2026-04-27 01:30:00,0
2026-04-27 01:40:00,0
2026-04-27 01:50:00,0
2026-04-27 02:00:00,0
2026-04-27 02:10:00,0
2026-04-27 02:20:00,0
2026-04-27 02:30:00,0
2026-04-27 02:40:00,0
2026-04-27 02:50:00,0
2026-04-27 03:00:00,0
2026-04-27 03:10:00,0
2026-04-27 03:20:00,0
2026-04-27 03:30:00,0
2026-04-27 03:40:00,0
2026-04-27 03:50:00,0
2026-04-27 04:00:00,0
2026-04-27 04:10:00,0
2026-04-27 04:20:00,0
2026-04-27 04:30:00,0
2026-04-27 04:40:00,0
2026-04-27 04:50:00,0
2026-04-27 05:00:00,0
2026-04-27 05:10:00,16.914285714285715
2026-04-27 05:20:00,125.8
2026-04-27 05:30:00,448.8142857142857
2026-04-27 05:40:00,1036.1857142857143
2026-04-27 05:50:00,1903.45
2026-04-27 06:00:00,3025.6142857142863
2026-04-27 06:10:00,4049.514285714286
2026-04-27 06:20:00,3961.46
2026-04-27 06:30:00,4438.42
2026-04-27 06:40:00,5756.014285714286
2026-04-27 06:50:00,10038.066666666666
2026-04-27 07:00:00,10760.6
2026-04-27 07:10:00,12119.657142857144
2026-04-27 07:20:00,12987.35
2026-04-27 07:30:00,13958.871428571427
2026-04-27 07:40:00,14619.32857142857
2026-04-27 07:50:00,15354.566666666666
2026-04-27 08:00:00,16172.528571428573
2026-04-27 08:10:00,16664.37142857143
2026-04-27 08:20:00,17365.183333333334
2026-04-27 08:30:00,18376.714285714286
2026-04-27 08:40:00,19346.857142857138
2026-04-27 08:50:00,20272.55
2026-04-27 09:00:00,18899.257142857143
2026-04-27 09:10:00,21550.985714285714
2026-04-27 09:20:00,22037.666666666668
2026-04-27 09:30:00,18299.9
2026-04-27 09:40:00,22961.957142857143
2026-04-27 09:50:00,23721.05
2026-04-27 10:00:00,23857.25
2026-04-27 10:10:00,16184.82857142857
2026-04-27 10:20:00,23593.11666666667
2026-04-27 10:30:00,23615.07142857143
2026-04-27 10:40:00,23532.757142857143
2026-04-27 10:50:00,25132.416666666668
2026-04-27 11:00:00,17355.87142857143
2026-04-27 11:10:00,21091.442857142858
2026-04-27 11:20:00,25158.233333333334
2026-04-27 11:30:00,24731.742857142854
2026-04-27 11:40:00,23276.542857142857
2026-04-27 11:50:00,16477.083333333336
2026-04-27 12:00:00,24064.814285714285
2026-04-27 12:10:00,23735.5
2026-04-27 12:20:00,23865.133333333335
2026-04-27 12:30:00,23793.557142857146
2026-04-27 12:40:00,23585.285714285714
2026-04-27 12:50:00,23453.316666666662
2026-04-27 13:00:00,22553.700000000004
2026-04-27 13:10:00,19820.242857142854
2026-04-27 13:20:00,19986.899999999998
2026-04-27 13:30:00,16939.314285714285
2026-04-27 13:40:00,13808.92857142857
2026-04-27 13:50:00,5907.133333333334
2026-04-27 14:00:00,5530.2
2026-04-27 14:10:00,3851.0714285714284
2026-04-27 14:20:00,2885.4666666666667
2026-04-27 14:30:00,3173.3857142857146
2026-04-27 14:40:00,3296.5571428571425
2026-04-27 14:50:00,2325.6666666666665
2026-04-27 15:00:00,1149.5285714285715
2026-04-27 15:10:00,1084.7285714285715
2026-04-27 15:20:00,1506.716666666667
2026-04-27 15:30:00,1534.457142857143
2026-04-27 15:40:00,1033.4285714285713
2026-04-27 15:50:00,925.3833333333333
2026-04-27 16:00:00,927.7571428571428
2026-04-27 16:10:00,954.7857142857143
2026-04-27 16:20:00,412.8833333333334
2026-04-27 16:30:00,478
2026-04-27 16:40:00,743.7285714285715
2026-04-27 16:50:00,1249.75
2026-04-27 17:00:00,1868.3999999999999
2026-04-27 17:10:00,1313.9
2026-04-27 17:20:00,590.3166666666666
2026-04-27 17:30:00,450.9571428571429
2026-04-27 17:40:00,201.20000000000002
2026-04-27 17:50:00,80.28333333333333
2026-04-27 18:00:00,27.985714285714288
2026-04-27 18:10:00,2.471428571428571
2026-04-27 18:20:00,0
2026-04-27 18:30:00,0
2026-04-27 18:40:00,0
2026-04-27 18:50:00,0
2026-04-27 19:00:00,0
2026-04-27 19:10:00,0
2026-04-27 19:20:00,0
2026-04-27 19:30:00,0
2026-04-27 19:40:00,0
2026-04-27 19:50:00,0
2026-04-27 20:00:00,0
2026-04-27 20:10:00,0
2026-04-27 20:20:00,0
2026-04-27 20:30:00,0
2026-04-27 20:40:00,0
2026-04-27 20:50:00,0
2026-04-27 21:00:00,0
2026-04-27 21:10:00,0
2026-04-27 21:20:00,0
2026-04-27 21:30:00,0
2026-04-27 21:40:00,0
2026-04-27 21:50:00,0
2026-04-27 22:00:00,0
2026-04-27 22:10:00,0
2026-04-27 22:20:00,0
2026-04-27 22:30:00,0
2026-04-27 22:40:00,0
2026-04-27 22:50:00,0
2026-04-27 23:00:00,0
2026-04-27 23:10:00,0
2026-04-27 23:20:00,0
2026-04-27 23:30:00,0
2026-04-27 23:40:00,0
2026-04-27 23:50:00,0
2026-04-28 00:00:00,0
2026-04-28 00:10:00,0
2026-04-28 00:20:00,0
2026-04-28 00:30:00,0
2026-04-28 00:40:00,0
2026-04-28 00:50:00,0
2026-04-28 01:00:00,0
2026-04-28 01:10:00,0
2026-04-28 01:20:00,0
2026-04-28 01:30:00,0
2026-04-28 01:40:00,0
2026-04-28 01:50:00,0
2026-04-28 02:00:00,0
2026-04-28 02:10:00,0
2026-04-28 02:20:00,0
2026-04-28 02:30:00,0
2026-04-28 02:40:00,0
2026-04-28 02:50:00,0
2026-04-28 03:00:00,0
2026-04-28 03:10:00,0
2026-04-28 03:20:00,0
2026-04-28 03:30:00,0
2026-04-28 03:40:00,0
2026-04-28 03:50:00,0
2026-04-28 04:00:00,0
2026-04-28 04:10:00,0
2026-04-28 04:20:00,0
2026-04-28 04:30:00,0
2026-04-28 04:40:00,0
2026-04-28 04:50:00,0
2026-04-28 05:00:00,0
2026-04-28 05:10:00,14.471428571428573
2026-04-28 05:20:00,98.93333333333334
2026-04-28 05:30:00,351.74285714285713
2026-04-28 05:40:00,676.4428571428572
2026-04-28 05:50:00,1152.6166666666666
2026-04-28 06:00:00,1751.957142857143
2026-04-28 06:10:00,2461.2999999999997
2026-04-28 06:20:00,3623.7833333333333
2026-04-28 06:30:00,4419.671428571428
2026-04-28 06:40:00,5642.9571428571435
2026-04-28 06:50:00,6422.533333333333
2026-04-28 07:00:00,7092.942857142858
2026-04-28 07:10:00,9570.82857142857
2026-04-28 07:20:00,9525.9
2026-04-28 07:30:00,9666.042857142858
2026-04-28 07:40:00,14737.628571428571
2026-04-28 07:50:00,13714.183333333334
2026-04-28 08:00:00,10871.800000000001
2026-04-28 08:10:00,13440.314285714283
2026-04-28 08:20:00,14800.483333333335
2026-04-28 08:30:00,19856.8
2026-04-28 08:40:00,20472.114285714284
2026-04-28 08:50:00,20175.766666666666
2026-04-28 09:00:00,19509.95714285714
2026-04-28 09:10:00,16712.3
2026-04-28 09:20:00,19901.233333333334
2026-04-28 09:30:00,16265.628571428571
2026-04-28 09:40:00,18920.757142857146
2026-04-28 09:50:00,18533.93333333333
2026-04-28 10:00:00,19327.8
2026-04-28 10:10:00,20470.571428571428
2026-04-28 10:20:00,21609.016666666666
2026-04-28 10:30:00,23838.7
2026-04-28 10:40:00,19525.942857142854
2026-04-28 10:50:00,21392.899999999998
2026-04-28 11:00:00,26043.81428571429
2026-04-28 11:10:00,24685.35714285715
2026-04-28 11:20:00,25897.616666666665
2026-04-28 11:30:00,22394.585714285717
2026-04-28 11:40:00,22072.328571428574
2026-04-28 11:50:00,22000.033333333336
2026-04-28 12:00:00,25429.550000000003
2026-04-28 12:10:00,22441.242857142857
2026-04-28 12:20:00,22905.157142857144
2026-04-28 12:30:00,22315.050000000003
2026-04-28 12:40:00,23058.428571428572
2026-04-28 12:50:00,19625.983333333334
2026-04-28 13:00:00,17688.257142857143
2026-04-28 13:10:00,19111.528571428575
2026-04-28 13:20:00,19800.88333333333
2026-04-28 13:30:00,18936.1
2026-04-28 13:40:00,18524.77142857143
2026-04-28 13:50:00,20255.316666666666
2026-04-28 14:00:00,21184.200000000004
2026-04-28 14:10:00,20194.085714285717
2026-04-28 14:20:00,20009.483333333334
2026-04-28 14:30:00,20410.385714285716
2026-04-28 14:40:00,20150.471428571425
2026-04-28 14:50:00,19127.083333333332
2026-04-28 15:00:00,18851.928571428572
2026-04-28 15:10:00,18393.914285714283
2026-04-28 15:20:00,16736.216666666664
2026-04-28 15:30:00,14615.671428571428
2026-04-28 15:40:00,15822.957142857145
2026-04-28 15:50:00,11241.216666666667
2026-04-28 16:00:00,10633.114285714284
2026-04-28 16:10:00,10756.300000000001
2026-04-28 16:20:00,9036.333333333334
2026-04-28 16:30:00,9530.27142857143
2026-04-28 16:40:00,9512.142857142857
2026-04-28 16:50:00,7056.183333333334
2026-04-28 17:00:00,2781.7
2026-04-28 17:10:00,1152.0142857142857
2026-04-28 17:20:00,486.3500000000001
2026-04-28 17:30:00,358.5
2026-04-28 17:40:00,203.68571428571428
2026-04-28 17:50:00,77.4
2026-04-28 18:00:00,21.21428571428572
2026-04-28 18:10:00,0.6285714285714287
2026-04-28 18:20:00,0
2026-04-28 18:30:00,0
2026-04-28 18:40:00,0
2026-04-28 18:50:00,0
2026-04-28 19:00:00,0
2026-04-28 19:10:00,0
2026-04-28 19:20:00,0
2026-04-28 19:30:00,0
2026-04-28 19:40:00,0
2026-04-28 19:50:00,0
2026-04-28 20:00:00,0
2026-04-28 20:10:00,0
2026-04-28 20:20:00,0
2026-04-28 20:30:00,0
2026-04-28 20:40:00,0
2026-04-28 20:50:00,0
2026-04-28 21:00:00,0
2026-04-28 21:10:00,0
2026-04-28 21:20:00,0
2026-04-28 21:30:00,0
2026-04-28 21:40:00,0
2026-04-28 21:50:00,0
2026-04-28 22:00:00,0
2026-04-28 22:10:00,0
2026-04-28 22:20:00,0
2026-04-28 22:30:00,0
2026-04-28 22:40:00,0
2026-04-28 22:50:00,0
2026-04-28 23:00:00,0
2026-04-28 23:10:00,0
2026-04-28 23:20:00,0
2026-04-28 23:30:00,0
2026-04-28 23:40:00,0
2026-04-28 23:50:00,0
2026-04-29 00:00:00,0
2026-04-29 00:10:00,0
2026-04-29 00:20:00,0
2026-04-29 00:30:00,0
2026-04-29 00:40:00,0
2026-04-29 00:50:00,0
2026-04-29 01:00:00,0
2026-04-29 01:10:00,0
2026-04-29 01:20:00,0
2026-04-29 01:30:00,0
2026-04-29 01:40:00,0
2026-04-29 01:50:00,0
2026-04-29 02:00:00,0
2026-04-29 02:10:00,0
2026-04-29 02:20:00,0
2026-04-29 02:30:00,0
2026-04-29 02:40:00,0
2026-04-29 02:50:00,0
2026-04-29 03:00:00,0
2026-04-29 03:10:00,0
2026-04-29 03:20:00,0
2026-04-29 03:30:00,0
2026-04-29 03:40:00,0
2026-04-29 03:50:00,0
2026-04-29 04:00:00,0
2026-04-29 04:10:00,0
2026-04-29 04:20:00,0
2026-04-29 04:30:00,0
2026-04-29 04:40:00,0
2026-04-29 04:50:00,0
2026-04-29 05:00:00,0
2026-04-29 05:10:00,15.985714285714284
2026-04-29 05:20:00,140.85
2026-04-29 05:30:00,399.0571428571428
2026-04-29 05:40:00,826.3714285714286
2026-04-29 05:50:00,1161.9333333333334
2026-04-29 06:00:00,1355.0571428571432
2026-04-29 06:10:00,1655.8142857142855
2026-04-29 06:20:00,2007.05
2026-04-29 06:30:00,2212.7714285714287
2026-04-29 06:40:00,4140.142857142857
2026-04-29 06:50:00,10371.75
2026-04-29 07:00:00,10935.414285714285
2026-04-29 07:10:00,12605.942857142858
2026-04-29 07:20:00,13436.049999999997
2026-04-29 07:30:00,14244.871428571429
2026-04-29 07:40:00,15143.72857142857
2026-04-29 07:50:00,15831.25
2026-04-29 08:00:00,16529.22857142857
2026-04-29 08:10:00,17227.785714285714
2026-04-29 08:20:00,19658.96666666667
2026-04-29 08:30:00,17100.285714285714
2026-04-29 08:40:00,18632.31428571429
2026-04-29 08:50:00,20401.916666666668
2026-04-29 09:00:00,20751.671428571426
2026-04-29 09:10:00,21481.285714285714
2026-04-29 09:20:00,21850.216666666664
2026-04-29 09:30:00,22382.571428571428
2026-04-29 09:40:00,22546.928571428576
2026-04-29 09:50:00,23152.633333333335
2026-04-29 10:00:00,23699.871428571427
2026-04-29 10:10:00,23881.775
2026-04-29 10:20:00,24219.342857142856
2026-04-29 10:30:00,24386.95
2026-04-29 10:40:00,25129.58571428571
2026-04-29 10:50:00,25187.64285714286
2026-04-29 11:00:00,25250.366666666665
2026-04-29 11:10:00,25052.471428571433
2026-04-29 11:20:00,24619.32857142857
2026-04-29 11:30:00,24275.516666666666
2026-04-29 11:40:00,24016.885714285712
2026-04-29 11:50:00,23817.514285714286
2026-04-29 12:00:00,23833.233333333334
2026-04-29 12:10:00,23750.557142857142
2026-04-29 12:20:00,23809.214285714283
2026-04-29 12:30:00,23669.8
2026-04-29 12:40:00,23384.071428571428
2026-04-29 12:50:00,22997.3
2026-04-29 13:00:00,22707.13333333333
2026-04-29 13:10:00,22448.342857142856
2026-04-29 13:20:00,22142.3
2026-04-29 13:30:00,21941.757142857143
2026-04-29 13:40:00,21086.2
2026-04-29 13:50:00,21022.316666666666
2026-04-29 14:00:00,20691.77142857143
2026-04-29 14:10:00,20125.899999999998
2026-04-29 14:20:00,19196.61666666667
2026-04-29 14:30:00,18486.985714285718
2026-04-29 14:40:00,17601.042857142857
2026-04-29 14:50:00,16792.45
2026-04-29 15:00:00,16221.07142857143
2026-04-29 15:10:00,12718.371428571427
2026-04-29 15:20:00,14219.166666666666
2026-04-29 15:30:00,12408.714285714286
2026-04-29 15:40:00,11889.571428571426
2026-04-29 15:50:00,7559.033333333334
2026-04-29 16:00:00,4271.914285714285
2026-04-29 16:10:00,4555.157142857142
2026-04-29 16:20:00,5440.150000000001
2026-04-29 16:30:00,6186.385714285714
2026-04-29 16:40:00,5251.271428571429
2026-04-29 16:50:00,4027.683333333333
2026-04-29 17:00:00,4230.757142857143
2026-04-29 17:10:00,3454.157142857143
2026-04-29 17:20:00,1955.0833333333333
2026-04-29 17:30:00,1216.2142857142858
2026-04-29 17:40:00,727.3750000000001
2026-04-29 17:50:00,390.7571428571428
2026-04-29 18:00:00,97.13333333333333
2026-04-29 18:10:00,9.85714285714286
2026-04-29 18:20:00,0
2026-04-29 18:30:00,0
2026-04-29 18:40:00,0
2026-04-29 18:50:00,0
2026-04-29 19:00:00,0
2026-04-29 19:10:00,0
2026-04-29 19:20:00,0
2026-04-29 19:30:00,0
2026-04-29 19:40:00,0
2026-04-29 19:50:00,0
2026-04-29 20:00:00,0
2026-04-29 20:10:00,0
2026-04-29 20:20:00,0
2026-04-29 20:30:00,0
2026-04-29 20:40:00,0
2026-04-29 20:50:00,0
2026-04-29 21:00:00,0
2026-04-29 21:10:00,0
2026-04-29 21:20:00,0
2026-04-29 21:30:00,0
2026-04-29 21:40:00,0
2026-04-29 21:50:00,0
2026-04-29 22:00:00,0
2026-04-29 22:10:00,0
2026-04-29 22:20:00,0
2026-04-29 22:30:00,0
2026-04-29 22:40:00,0
2026-04-29 22:50:00,0
2026-04-29 23:00:00,0
2026-04-29 23:10:00,0
2026-04-29 23:20:00,0
2026-04-29 23:30:00,0
2026-04-29 23:40:00,0
2026-04-29 23:50:00,0
2026-04-30 00:00:00,0
2026-04-30 00:10:00,0
2026-04-30 00:20:00,0
2026-04-30 00:30:00,0
2026-04-30 00:40:00,0
2026-04-30 00:50:00,0
2026-04-30 01:00:00,0
2026-04-30 01:10:00,0
2026-04-30 01:20:00,0
2026-04-30 01:30:00,0
2026-04-30 01:40:00,0
2026-04-30 01:50:00,0
2026-04-30 02:00:00,0
2026-04-30 02:10:00,0
2026-04-30 02:20:00,0
2026-04-30 02:30:00,0
2026-04-30 02:40:00,0
2026-04-30 02:50:00,0
2026-04-30 03:00:00,0
2026-04-30 03:10:00,0
2026-04-30 03:20:00,0
2026-04-30 03:30:00,0
2026-04-30 03:40:00,0
2026-04-30 03:50:00,0
2026-04-30 04:00:00,0
2026-04-30 04:10:00,0
2026-04-30 04:20:00,0
2026-04-30 04:30:00,0
2026-04-30 04:40:00,0
2026-04-30 04:50:00,0
2026-04-30 05:00:00,0
2026-04-30 05:10:00,9.857142857142858
2026-04-30 05:20:00,100.15714285714284
2026-04-30 05:30:00,311.81666666666666
2026-04-30 05:40:00,615.6142857142856
2026-04-30 05:50:00,964.4666666666668
2026-04-30 06:00:00,1431.8428571428572
2026-04-30 06:10:00,2060.085714285714
2026-04-30 06:20:00,2656.116666666667
2026-04-30 06:30:00,3700.8285714285707
2026-04-30 06:40:00,6266.571428571428
2026-04-30 06:50:00,9917.633333333333
2026-04-30 07:00:00,7931.885714285714
2026-04-30 07:10:00,9692.171428571428
2026-04-30 07:20:00,12476.983333333332
2026-04-30 07:30:00,13835.671428571428
2026-04-30 07:40:00,13905.1
2026-04-30 07:50:00,15190.416666666666
2026-04-30 08:00:00,16835.171428571426
2026-04-30 08:10:00,17382.914285714283
2026-04-30 08:20:00,18011.760000000002
2026-04-30 08:30:00,18776.859999999997
2026-04-30 08:40:00,19349.614285714288
2026-04-30 08:50:00,17748.485714285714
2026-04-30 09:00:00,18452.216666666667
2026-04-30 09:10:00,21024.12857142857
2026-04-30 09:20:00,19804.871428571427
2026-04-30 09:30:00,21145.233333333334
2026-04-30 09:40:00,21979.54285714286
2026-04-30 09:50:00,22163.571428571428
2026-04-30 10:00:00,19665.75
2026-04-30 10:10:00,18173.34285714286
2026-04-30 10:20:00,20359.671428571426
2026-04-30 10:30:00,18181.999999999996
2026-04-30 10:40:00,20301.614285714288
2026-04-30 10:50:00,19082.64285714286
2026-04-30 11:00:00,14682.583333333334
2026-04-30 11:10:00,15770.114285714284
2026-04-30 11:20:00,17876.600000000002
2026-04-30 11:30:00,16403.983333333334
2026-04-30 11:40:00,15294.57142857143
2026-04-30 11:50:00,13066.442857142856
2026-04-30 12:00:00,11770.949999999999
2026-04-30 12:10:00,15106.542857142855
2026-04-30 12:20:00,17383.228571428575
2026-04-30 12:30:00,15282.549999999997
2026-04-30 12:40:00,14570.814285714285
2026-04-30 12:50:00,13674.699999999999
2026-04-30 13:00:00,13650.033333333335
2026-04-30 13:10:00,8297.785714285714
2026-04-30 13:20:00,10566.442857142856
2026-04-30 13:30:00,10385
2026-04-30 13:40:00,7235.8
2026-04-30 13:50:00,8581.328571428572
2026-04-30 14:00:00,9921.216666666665
2026-04-30 14:10:00,10614.685714285713
2026-04-30 14:20:00,13069.050000000001
2026-04-30 14:30:00,17351.257142857146
2026-04-30 14:40:00,13567.185714285715
2026-04-30 14:50:00,10538.033333333333
2026-04-30 15:00:00,9157.928571428569
2026-04-30 15:10:00,8454.771428571428
2026-04-30 15:20:00,10326.933333333332
2026-04-30 15:30:00,8332.5
2026-04-30 15:40:00,9627.971428571429
2026-04-30 15:50:00,8867.175
2026-04-30 16:00:00,6298.166666666667
2026-04-30 16:10:00,5685.042857142857
2026-04-30 16:20:00,4470.057142857143
2026-04-30 16:30:00,5060.983333333334
2026-04-30 16:40:00,4205.557142857143
2026-04-30 16:50:00,4424.3
2026-04-30 17:00:00,4858.466666666666
2026-04-30 17:10:00,3790.842857142857
2026-04-30 17:20:00,2815.171428571429
2026-04-30 17:30:00,1992.3333333333333
2026-04-30 17:40:00,1113.2714285714287
2026-04-30 17:50:00,274.34285714285716
2026-04-30 18:00:00,44.81666666666666
2026-04-30 18:10:00,2.157142857142857
2026-04-30 18:20:00,0
2026-04-30 18:30:00,0
2026-04-30 18:40:00,0
2026-04-30 18:50:00,0
2026-04-30 19:00:00,0
2026-04-30 19:10:00,0
2026-04-30 19:20:00,0
2026-04-30 19:30:00,0
2026-04-30 19:40:00,0
2026-04-30 19:50:00,0
2026-04-30 20:00:00,0
2026-04-30 20:10:00,0
2026-04-30 20:20:00,0
2026-04-30 20:30:00,0
2026-04-30 20:40:00,0
2026-04-30 20:50:00,0
2026-04-30 21:00:00,0
2026-04-30 21:10:00,0
2026-04-30 21:20:00,0
2026-04-30 21:30:00,0
2026-04-30 21:40:00,0
2026-04-30 21:50:00,0
2026-04-30 22:00:00,0
2026-04-30 22:10:00,0
2026-04-30 22:20:00,0
2026-04-30 22:30:00,0
2026-04-30 22:40:00,0
2026-04-30 22:50:00,0
2026-04-30 23:00:00,0
2026-04-30 23:10:00,0
2026-04-30 23:20:00,0
2026-04-30 23:30:00,0
2026-04-30 23:40:00,0
2026-04-30 23:50:00,0
2026-05-01 00:00:00,0
2026-05-01 00:10:00,0
2026-05-01 00:20:00,0
2026-05-01 00:30:00,0
2026-05-01 00:40:00,0
2026-05-01 00:50:00,0
2026-05-01 01:00:00,0
2026-05-01 01:10:00,0
2026-05-01 01:20:00,0
2026-05-01 01:30:00,0
2026-05-01 01:40:00,0
2026-05-01 01:50:00,0
2026-05-01 02:00:00,0
2026-05-01 02:10:00,0
2026-05-01 02:20:00,0
2026-05-01 02:30:00,0
2026-05-01 02:40:00,0
2026-05-01 02:50:00,0
2026-05-01 03:00:00,0
2026-05-01 03:10:00,0
2026-05-01 03:20:00,0
2026-05-01 03:30:00,0
2026-05-01 03:40:00,0
2026-05-01 03:50:00,0
2026-05-01 04:00:00,0
2026-05-01 04:10:00,0
2026-05-01 04:20:00,0
2026-05-01 04:30:00,0
2026-05-01 04:40:00,0
2026-05-01 04:50:00,0
2026-05-01 05:00:00,0
2026-05-01 05:10:00,10.471428571428572
2026-05-01 05:20:00,96.78571428571429
2026-05-01 05:30:00,317.5333333333333
2026-05-01 05:40:00,752.0285714285714
2026-05-01 05:50:00,1325.5714285714287
2026-05-01 06:00:00,1833.9333333333332
2026-05-01 06:10:00,2638.842857142857
2026-05-01 06:20:00,3083.6857142857143
2026-05-01 06:30:00,3549.5833333333335
2026-05-01 06:40:00,4644.85
2026-05-01 06:50:00,4567.442857142857
2026-05-01 07:00:00,5649.099999999999
2026-05-01 07:10:00,10740.614285714286
2026-05-01 07:20:00,12472.014285714284
2026-05-01 07:30:00,13191.633333333333
2026-05-01 07:40:00,13174.9
2026-05-01 07:50:00,14638.985714285713
2026-05-01 08:00:00,15353.5
2026-05-01 08:10:00,15871.814285714287
2026-05-01 08:20:00,14581.557142857142
2026-05-01 08:30:00,17880.56666666667
2026-05-01 08:40:00,17980.399999999998
2026-05-01 08:50:00,20345.242857142854
2026-05-01 09:00:00,20879.68333333333
2026-05-01 09:10:00,18457.81428571429
2026-05-01 09:20:00,15937.228571428574
2026-05-01 09:30:00,15801.133333333333
2026-05-01 09:40:00,16140.27142857143
2026-05-01 09:50:00,15530.214285714286
2026-05-01 10:00:00,16783.149999999998
2026-05-01 10:10:00,19233.785714285714
2026-05-01 10:20:00,16343.357142857143
2026-05-01 10:30:00,15683.933333333334
2026-05-01 10:40:00,15481.957142857145
2026-05-01 10:50:00,10270
2026-05-01 11:00:00,9989.333333333334
2026-05-01 11:10:00,15651.22857142857
2026-05-01 11:20:00,16411.528571428575
2026-05-01 11:30:00,10076.4
2026-05-01 11:40:00,8720.485714285713
2026-05-01 11:50:00,5193.514285714286
2026-05-01 12:00:00,4519.083333333333
2026-05-01 12:10:00,8165.385714285714
2026-05-01 12:20:00,15948.271428571428
2026-05-01 12:30:00,21393.25
2026-05-01 12:40:00,12322.7
2026-05-01 12:50:00,12576.157142857144
2026-05-01 13:00:00,11482.049999999997
2026-05-01 13:10:00,6991.857142857143
2026-05-01 13:20:00,6762.085714285714
2026-05-01 13:30:00,6347.616666666668
2026-05-01 13:40:00,4352.728571428572
2026-05-01 13:50:00,4291.571428571428
2026-05-01 14:00:00,6717.833333333333
2026-05-01 14:10:00,7388.485714285714
2026-05-01 14:20:00,6523.7
2026-05-01 14:30:00,4984.25
2026-05-01 14:40:00,4164.714285714285
2026-05-01 14:50:00,4567.442857142857
2026-05-01 15:00:00,4401.849999999999
2026-05-01 15:10:00,5463.257142857144
2026-05-01 15:20:00,4817.5
2026-05-01 15:30:00,3705.85
2026-05-01 15:40:00,3259.7
2026-05-01 15:50:00,3436.9285714285716
2026-05-01 16:00:00,3348.1666666666665
2026-05-01 16:10:00,3216.0714285714284
2026-05-01 16:20:00,3243.128571428571
2026-05-01 16:30:00,3312.7000000000003
2026-05-01 16:40:00,2987.842857142857
2026-05-01 16:50:00,2531.342857142857
2026-05-01 17:00:00,2043.5833333333333
2026-05-01 17:10:00,1572.8714285714286
2026-05-01 17:20:00,1033.7142857142858
2026-05-01 17:30:00,560.8833333333333
2026-05-01 17:40:00,272.4857142857143
2026-05-01 17:50:00,74.02857142857144
2026-05-01 18:00:00,19.73333333333333
2026-05-01 18:10:00,0.31428571428571433
2026-05-01 18:20:00,0
2026-05-01 18:30:00,0
2026-05-01 18:40:00,0
2026-05-01 18:50:00,0
2026-05-01 19:00:00,0
2026-05-01 19:10:00,0
2026-05-01 19:20:00,0
2026-05-01 19:30:00,0
2026-05-01 19:40:00,0
2026-05-01 19:50:00,0
2026-05-01 20:00:00,0
2026-05-01 20:10:00,0
2026-05-01 20:20:00,0
2026-05-01 20:30:00,0
2026-05-01 20:40:00,0
2026-05-01 20:50:00,0
2026-05-01 21:00:00,0
2026-05-01 21:10:00,0
2026-05-01 21:20:00,0
2026-05-01 21:30:00,0
2026-05-01 21:40:00,0
2026-05-01 21:50:00,0
2026-05-01 22:00:00,0
2026-05-01 22:10:00,0
2026-05-01 22:20:00,0
2026-05-01 22:30:00,0
2026-05-01 22:40:00,0
2026-05-01 22:50:00,0
2026-05-01 23:00:00,0
2026-05-01 23:10:00,0
2026-05-01 23:20:00,0
2026-05-01 23:30:00,0
2026-05-01 23:40:00,0
2026-05-01 23:50:00,0
2026-05-02 00:00:00,0
2026-05-02 00:10:00,0
2026-05-02 00:20:00,0
2026-05-02 00:30:00,0
2026-05-02 00:40:00,0
2026-05-02 00:50:00,0
2026-05-02 01:00:00,0
2026-05-02 01:10:00,0
2026-05-02 01:20:00,0
2026-05-02 01:30:00,0
2026-05-02 01:40:00,0
2026-05-02 01:50:00,0
2026-05-02 02:00:00,0
2026-05-02 02:10:00,0
2026-05-02 02:20:00,0
2026-05-02 02:30:00,0
2026-05-02 02:40:00,0
2026-05-02 02:50:00,0
2026-05-02 03:00:00,0
2026-05-02 03:10:00,0
2026-05-02 03:20:00,0
2026-05-02 03:30:00,0
2026-05-02 03:40:00,0
2026-05-02 03:50:00,0
2026-05-02 04:00:00,0
2026-05-02 04:10:00,0
2026-05-02 04:20:00,0
2026-05-02 04:30:00,0
2026-05-02 04:40:00,0
2026-05-02 04:50:00,0
2026-05-02 05:00:00,0
2026-05-02 05:10:00,4.928571428571429
2026-05-02 05:20:00,39.65714285714286
2026-05-02 05:30:00,157.33333333333334
2026-05-02 05:40:00,467.85714285714283
2026-05-02 05:50:00,1719.7000000000003
2026-05-02 06:00:00,2635.3
2026-05-02 06:10:00,2665.2571428571428
2026-05-02 06:20:00,4317.385714285714
2026-05-02 06:30:00,4458.133333333333
2026-05-02 06:40:00,5716.071428571428
2026-05-02 06:50:00,8551.214285714286
2026-05-02 07:00:00,10497.550000000001
2026-05-02 07:10:00,12297.214285714286
2026-05-02 07:20:00,12902.4
2026-05-02 07:30:00,13828.866666666667
2026-05-02 07:40:00,14360.07142857143
2026-05-02 07:50:00,14943.742857142859
2026-05-02 08:00:00,16068.866666666667
2026-05-02 08:10:00,16047.199999999999
2026-05-02 08:20:00,17249.585714285717
2026-05-02 08:30:00,18359.383333333335
2026-05-02 08:40:00,18821.528571428575
2026-05-02 08:50:00,16128.92857142857
2026-05-02 09:00:00,20368.95
2026-05-02 09:10:00,16298.199999999999
2026-05-02 09:20:00,21455.471428571433
2026-05-02 09:30:00,21340.2
2026-05-02 09:40:00,21223.214285714286
2026-05-02 09:50:00,22611.14285714286
2026-05-02 10:00:00,21254.899999999998
2026-05-02 10:10:00,22946.614285714284
2026-05-02 10:20:00,23654.7
2026-05-02 10:30:00,23842.55
2026-05-02 10:40:00,22772.742857142854
2026-05-02 10:50:00,14517.342857142858
2026-05-02 11:00:00,20634.533333333336
2026-05-02 11:10:00,23456.257142857143
2026-05-02 11:20:00,23019.414285714283
2026-05-02 11:30:00,21362.083333333332
2026-05-02 11:40:00,20098.27142857143
2026-05-02 11:50:00,17796.7
2026-05-02 12:00:00,22045.55
2026-05-02 12:10:00,18513.875
2026-05-02 12:20:00,21938.399999999998
2026-05-02 12:30:00,17234.22857142857
2026-05-02 12:40:00,15334.920000000002
2026-05-02 12:50:00,10365.842857142856
2026-05-02 13:00:00,9861.033333333333
2026-05-02 13:10:00,14794.442857142856
2026-05-02 13:20:00,9138.285714285714
2026-05-02 13:30:00,8237.1
2026-05-02 13:40:00,9020.328571428572
2026-05-02 13:50:00,8788.371428571429
2026-05-02 14:00:00,6458.366666666668
2026-05-02 14:10:00,5565.228571428571
2026-05-02 14:20:00,5210.414285714286
2026-05-02 14:30:00,4353.849999999999
2026-05-02 14:40:00,2884
2026-05-02 14:50:00,1994.6571428571428
2026-05-02 15:00:00,2443.5666666666666
2026-05-02 15:10:00,3004.714285714286
2026-05-02 15:20:00,3440.028571428571
2026-05-02 15:30:00,3012.683333333334
2026-05-02 15:40:00,2773.085714285714
2026-05-02 15:50:00,2442.8571428571427
2026-05-02 16:00:00,2139.3
2026-05-02 16:10:00,1816.7714285714285
2026-05-02 16:20:00,1472.4142857142856
2026-05-02 16:30:00,1163.0166666666667
2026-05-02 16:40:00,921.2857142857143
2026-05-02 16:50:00,714.842857142857
2026-05-02 17:00:00,555.1666666666666
2026-05-02 17:10:00,391.07142857142856
2026-05-02 17:20:00,244.5142857142857
2026-05-02 17:30:00,155.91666666666666
2026-05-02 17:40:00,79.25714285714285
2026-05-02 17:50:00,24.3
2026-05-02 18:00:00,4.683333333333334
2026-05-02 18:10:00,0
2026-05-02 18:20:00,0
2026-05-02 18:30:00,0
2026-05-02 18:40:00,0
2026-05-02 18:50:00,0
2026-05-02 19:00:00,0
2026-05-02 19:10:00,0
2026-05-02 19:20:00,0
2026-05-02 19:30:00,0
2026-05-02 19:40:00,0
2026-05-02 19:50:00,0
2026-05-02 20:00:00,0
2026-05-02 20:10:00,0
2026-05-02 20:20:00,0
2026-05-02 20:30:00,0
2026-05-02 20:40:00,0
2026-05-02 20:50:00,0
2026-05-02 21:00:00,0
2026-05-02 21:10:00,0
2026-05-02 21:20:00,0
2026-05-02 21:30:00,0
2026-05-02 21:40:00,0
2026-05-02 21:50:00,0
2026-05-02 22:00:00,0
2026-05-02 22:10:00,0
2026-05-02 22:20:00,0
2026-05-02 22:30:00,0
2026-05-02 22:40:00,0
2026-05-02 22:50:00,0
2026-05-02 23:00:00,0
2026-05-02 23:10:00,0
2026-05-02 23:20:00,0
2026-05-02 23:30:00,0
2026-05-02 23:40:00,0
2026-05-02 23:50:00,0
2026-05-03 00:00:00,0
2026-05-03 00:10:00,0
2026-05-03 00:20:00,0
2026-05-03 00:30:00,0
2026-05-03 00:40:00,0
2026-05-03 00:50:00,0
2026-05-03 01:00:00,0
2026-05-03 01:10:00,0
2026-05-03 01:20:00,0
2026-05-03 01:30:00,0
2026-05-03 01:40:00,0
2026-05-03 01:50:00,0
2026-05-03 02:00:00,0
2026-05-03 02:10:00,0
2026-05-03 02:20:00,0
2026-05-03 02:30:00,0
2026-05-03 02:40:00,0
2026-05-03 02:50:00,0
2026-05-03 03:00:00,0
2026-05-03 03:10:00,0
2026-05-03 03:20:00,0
2026-05-03 03:30:00,0
2026-05-03 03:40:00,0
2026-05-03 03:50:00,0
2026-05-03 04:00:00,0
2026-05-03 04:10:00,0
2026-05-03 04:20:00,0
2026-05-03 04:30:00,0
2026-05-03 04:40:00,0
2026-05-03 04:50:00,0
2026-05-03 05:00:00,0.31428571428571433
2026-05-03 05:10:00,16.516666666666666
2026-05-03 05:20:00,128.72857142857143
2026-05-03 05:30:00,396.59999999999997
2026-05-03 05:40:00,919.9999999999999
2026-05-03 05:50:00,1612.4857142857145
2026-05-03 06:00:00,2607.2000000000003
2026-05-03 06:10:00,3598.7000000000003
2026-05-03 06:20:00,4622.757142857144
2026-05-03 06:30:00,5661.283333333333
2026-05-03 06:40:00,6926.128571428571
2026-05-03 06:50:00,7740.214285714285
2026-05-03 07:00:00,8118.849999999999
2026-05-03 07:10:00,8214.528571428571
2026-05-03 07:20:00,8558.271428571428
2026-05-03 07:30:00,9042.433333333332
2026-05-03 07:40:00,9180.971428571429
2026-05-03 07:50:00,9171.485714285713
2026-05-03 08:00:00,9154.616666666667
2026-05-03 08:10:00,9128.128571428571
2026-05-03 08:20:00,9242.1
2026-05-03 08:30:00,9440.25
2026-05-03 08:40:00,10089.357142857143
2026-05-03 08:50:00,10987.314285714285
2026-05-03 09:00:00,11943.683333333334
2026-05-03 09:10:00,15815.271428571428
2026-05-03 09:20:00,17611.457142857143
2026-05-03 09:30:00,15067.483333333332
2026-05-03 09:40:00,18035.4
2026-05-03 09:50:00,21987.214285714286
2026-05-03 10:00:00,18902.328571428574
2026-05-03 10:10:00,19552.516666666666
2026-05-03 10:20:00,24497.657142857144
2026-05-03 10:30:00,19960.928571428576
2026-05-03 10:40:00,21318.7
2026-05-03 10:50:00,14490.466666666667
2026-05-03 11:00:00,21118.471428571433
2026-05-03 11:10:00,25546.03333333333
2026-05-03 11:20:00,23983.08571428571
2026-05-03 11:30:00,23969.05
2026-05-03 11:40:00,23906.614285714284
2026-05-03 11:50:00,22417.299999999996
2026-05-03 12:00:00,19223.5
2026-05-03 12:10:00,10358.833333333334
2026-05-03 12:20:00,10433.016666666666
2026-05-03 12:30:00,12058.733333333332
2026-05-03 12:40:00,10721.57142857143
2026-05-03 12:50:00,10970.128571428573
2026-05-03 13:00:00,17308.566666666666
2026-05-03 13:10:00,17939.557142857142
2026-05-03 13:20:00,12822.82857142857
2026-05-03 13:30:00,13670.449999999999
2026-05-03 13:40:00,16989.085714285717
2026-05-03 13:50:00,17479.68571428571
2026-05-03 14:00:00,13907.016666666665
2026-05-03 14:10:00,10015.028571428571
2026-05-03 14:20:00,6431.5428571428565
2026-05-03 14:30:00,6553.683333333333
2026-05-03 14:40:00,5920.957142857143
2026-05-03 14:50:00,4574.814285714286
2026-05-03 15:00:00,2800.1666666666665
2026-05-03 15:10:00,2908.2571428571428
2026-05-03 15:20:00,4014.7999999999997
2026-05-03 15:30:00,5499.650000000001
2026-05-03 15:40:00,5376.599999999999
2026-05-03 15:50:00,3625.2714285714283
2026-05-03 16:00:00,3007.3333333333335
2026-05-03 16:10:00,1630.9285714285718
2026-05-03 16:20:00,1342.4714285714285
2026-05-03 16:30:00,989.9166666666665
2026-05-03 16:40:00,504.1285714285714
2026-05-03 16:50:00,431.9142857142857
2026-05-03 17:00:00,296.25
2026-05-03 17:10:00,289.2166666666667
2026-05-03 17:20:00,272.5
2026-05-03 17:30:00,138.84285714285713
2026-05-03 17:40:00,66.66666666666667
2026-05-03 17:50:00,22.75714285714286
2026-05-03 18:00:00,3.3999999999999995
2026-05-03 18:10:00,0
2026-05-03 18:20:00,0
2026-05-03 18:30:00,0
2026-05-03 18:40:00,0
2026-05-03 18:50:00,0
2026-05-03 19:00:00,0
2026-05-03 19:10:00,0
2026-05-03 19:20:00,0
2026-05-03 19:30:00,0
2026-05-03 19:40:00,0
2026-05-03 19:50:00,0
2026-05-03 20:00:00,0
2026-05-03 20:10:00,0
2026-05-03 20:20:00,0
2026-05-03 20:30:00,0
2026-05-03 20:40:00,0
2026-05-03 20:50:00,0
2026-05-03 21:00:00,0
2026-05-03 21:10:00,0
2026-05-03 21:20:00,0
2026-05-03 21:30:00,0
2026-05-03 21:40:00,0
2026-05-03 21:50:00,0
2026-05-03 22:00:00,0
2026-05-03 22:10:00,0
2026-05-03 22:20:00,0
2026-05-03 22:30:00,0
2026-05-03 22:40:00,0
2026-05-03 22:50:00,0
2026-05-03 23:00:00,0
2026-05-03 23:10:00,0
2026-05-03 23:20:00,0
2026-05-03 23:30:00,0
2026-05-03 23:40:00,0
2026-05-03 23:50:00,0
2026-05-04 00:00:00,0
2026-05-04 00:10:00,0
2026-05-04 00:20:00,0
2026-05-04 00:30:00,0
2026-05-04 00:40:00,0
2026-05-04 00:50:00,0
2026-05-04 01:00:00,0
2026-05-04 01:10:00,0
2026-05-04 01:20:00,0
2026-05-04 01:30:00,0
2026-05-04 01:40:00,0
2026-05-04 01:50:00,0
2026-05-04 02:00:00,0
2026-05-04 02:10:00,0
2026-05-04 02:20:00,0
2026-05-04 02:30:00,0
2026-05-04 02:40:00,0
2026-05-04 02:50:00,0
2026-05-04 03:00:00,0
2026-05-04 03:10:00,0
2026-05-04 03:20:00,0
2026-05-04 03:30:00,0
2026-05-04 03:40:00,0
2026-05-04 03:50:00,0
2026-05-04 04:00:00,0
2026-05-04 04:10:00,0
2026-05-04 04:20:00,0
2026-05-04 04:30:00,0
2026-05-04 04:40:00,0
2026-05-04 04:50:00,0
2026-05-04 05:00:00,0
2026-05-04 05:10:00,15.071428571428571
2026-05-04 05:20:00,129.95714285714286
2026-05-04 05:30:00,376.31666666666666
2026-05-04 05:40:00,718.5428571428571
2026-05-04 05:50:00,1125.2714285714285
2026-05-04 06:00:00,1465.5166666666667
2026-05-04 06:10:00,1942.4428571428568
2026-05-04 06:20:00,2421.057142857143
2026-05-04 06:30:00,2737.8333333333335
2026-05-04 06:40:00,5458.928571428572
2026-05-04 06:50:00,10349.871428571429
2026-05-04 07:00:00,12028.966666666665
2026-05-04 07:10:00,13430.785714285714
2026-05-04 07:20:00,14568.957142857142
2026-05-04 07:30:00,15423.75
2026-05-04 07:40:00,15835.842857142858
2026-05-04 07:50:00,16444.1
2026-05-04 08:00:00,17187.22857142857
2026-05-04 08:10:00,16983.15
2026-05-04 08:20:00,18236.3
2026-05-04 08:30:00,18988.32857142857
2026-05-04 08:40:00,19980.433333333334
2026-05-04 08:50:00,20475.5
2026-05-04 09:00:00,21126.442857142858
2026-05-04 09:10:00,21586.783333333336
2026-05-04 09:20:00,22328.828571428574
2026-05-04 09:30:00,22823.428571428572
2026-05-04 09:40:00,23124.333333333332
2026-05-04 09:50:00,23501.72857142857
2026-05-04 10:00:00,23827.971428571433
2026-05-04 10:10:00,24170.133333333335
2026-05-04 10:20:00,24619.3
2026-05-04 10:30:00,24739.72857142857
2026-05-04 10:40:00,22260.95
2026-05-04 10:50:00,16177.442857142858
2026-05-04 11:00:00,16601.700000000004
2026-05-04 11:10:00,20094.416666666668
2026-05-04 11:20:00,23665.14285714286
2026-05-04 11:30:00,22195.17142857143
2026-05-04 11:40:00,20991.149999999998
2026-05-04 11:50:00,18357.971428571433
2026-05-04 12:00:00,16145.566666666666
2026-05-04 12:10:00,15267.5
2026-05-04 12:20:00,10928.328571428572
2026-05-04 12:30:00,8020.983333333334
2026-05-04 12:40:00,9304.471428571429
2026-05-04 12:50:00,7461.257142857144
2026-05-04 13:00:00,6744.733333333334
2026-05-04 13:10:00,7765.100000000001
2026-05-04 13:20:00,9512.771428571428
2026-05-04 13:30:00,7536.433333333333
2026-05-04 13:40:00,7516.242857142856
2026-05-04 13:50:00,5967.657142857142
2026-05-04 14:00:00,4058.5166666666664
2026-05-04 14:10:00,3561.0571428571425
2026-05-04 14:20:00,3970.257142857143
2026-05-04 14:30:00,3708.35
2026-05-04 14:40:00,5383.357142857143
2026-05-04 14:50:00,5373.528571428571
2026-05-04 15:00:00,4253.85
2026-05-04 15:10:00,1998.083333333333
2026-05-04 15:20:00,1510.4399999999998
2026-05-04 15:30:00,2195.8714285714286
2026-05-04 15:40:00,1605.6333333333334
2026-05-04 15:50:00,1093.6142857142856
2026-05-04 16:00:00,860.4714285714284
2026-05-04 16:10:00,813.9333333333334
2026-05-04 16:20:00,728.0571428571428
2026-05-04 16:30:00,615.6285714285714
2026-05-04 16:40:00,474.86666666666673
2026-05-04 16:50:00,372.0142857142857
2026-05-04 17:00:00,301.3714285714286
2026-05-04 17:10:00,178.48333333333332
2026-05-04 17:20:00,117.65714285714286
2026-05-04 17:30:00,77.1
2026-05-04 17:40:00,33
2026-05-04 17:50:00,10.157142857142858
2026-05-04 18:00:00,1.2428571428571427
2026-05-04 18:10:00,0
2026-05-04 18:20:00,0
2026-05-04 18:30:00,0
2026-05-04 18:40:00,0
2026-05-04 18:50:00,0
2026-05-04 19:00:00,0
2026-05-04 19:10:00,0
2026-05-04 19:20:00,0
2026-05-04 19:30:00,0
2026-05-04 19:40:00,0
2026-05-04 19:50:00,0
2026-05-04 20:00:00,0
2026-05-04 20:10:00,0
2026-05-04 20:20:00,0
2026-05-04 20:30:00,0
2026-05-04 20:40:00,0
2026-05-04 20:50:00,0
2026-05-04 21:00:00,0
2026-05-04 21:10:00,0
2026-05-04 21:20:00,0
2026-05-04 21:30:00,0
2026-05-04 21:40:00,0
2026-05-04 21:50:00,0
2026-05-04 22:00:00,0
2026-05-04 22:10:00,0
2026-05-04 22:20:00,0
2026-05-04 22:30:00,0
2026-05-04 22:40:00,0
2026-05-04 22:50:00,0
2026-05-04 23:00:00,0
2026-05-04 23:10:00,0
2026-05-04 23:20:00,0
2026-05-04 23:30:00,0
2026-05-04 23:40:00,0
2026-05-04 23:50:00,0
2026-05-05 00:00:00,0
2026-05-05 00:10:00,0
2026-05-05 00:20:00,0
2026-05-05 00:30:00,0
2026-05-05 00:40:00,0
2026-05-05 00:50:00,0
2026-05-05 01:00:00,0
2026-05-05 01:10:00,0
2026-05-05 01:20:00,0
2026-05-05 01:30:00,0
2026-05-05 01:40:00,0
2026-05-05 01:50:00,0
2026-05-05 02:00:00,0
2026-05-05 02:10:00,0
2026-05-05 02:20:00,0
2026-05-05 02:30:00,0
2026-05-05 02:40:00,0
2026-05-05 02:50:00,0
2026-05-05 03:00:00,0
2026-05-05 03:10:00,0
2026-05-05 03:20:00,0
2026-05-05 03:30:00,0
2026-05-05 03:40:00,0
2026-05-05 03:50:00,0
2026-05-05 04:00:00,0
2026-05-05 04:10:00,0
2026-05-05 04:20:00,0
2026-05-05 04:30:00,0
2026-05-05 04:40:00,0
2026-05-05 04:50:00,0
2026-05-05 05:00:00,0
2026-05-05 05:10:00,16.914285714285715
2026-05-05 05:20:00,149.31428571428572
2026-05-05 05:30:00,593.15
2026-05-05 05:40:00,1141.8857142857144
2026-05-05 05:50:00,1431.8166666666666
2026-05-05 06:00:00,1632.5800000000002
2026-05-05 06:10:00,2514.9
2026-05-05 06:20:00,2508.9
2026-05-05 06:30:00,2394.6142857142854
2026-05-05 06:40:00,2834.9500000000003
2026-05-05 06:50:00,4576.971428571428
2026-05-05 07:00:00,6048.142857142857
2026-05-05 07:10:00,7485.183333333332
2026-05-05 07:20:00,8499.614285714286
2026-05-05 07:30:00,6530.757142857144
2026-05-05 07:40:00,5408.616666666666
2026-05-05 07:50:00,9153.642857142857
2026-05-05 08:00:00,13491.914285714285
2026-05-05 08:10:00,11055.916666666666
2026-05-05 08:20:00,9576.957142857145
2026-05-05 08:30:00,10211.014285714284
2026-05-05 08:40:00,9931.616666666667
2026-05-05 08:50:00,10930.8
2026-05-05 09:00:00,11662.528571428571
2026-05-05 09:10:00,12180.216666666667
2026-05-05 09:20:00,17179.22857142857
2026-05-05 09:30:00,17867.37142857143
2026-05-05 09:40:00,18069.083333333332
2026-05-05 09:50:00,14352.671428571428
2026-05-05 10:00:00,13822.771428571428
2026-05-05 10:10:00,14053.216666666667
2026-05-05 10:20:00,16283.742857142859
2026-05-05 10:30:00,14373.885714285714
2026-05-05 10:40:00,12821.733333333332
2026-05-05 10:50:00,8887.271428571428
2026-05-05 11:00:00,7161.742857142856
2026-05-05 11:10:00,6912.816666666667
2026-05-05 11:20:00,10115.471428571429
2026-05-05 11:30:00,11370.7
2026-05-05 11:40:00,10877.45
2026-05-05 11:50:00,14378.771428571428
2026-05-05 12:00:00,14278.971428571429
2026-05-05 12:10:00,11596.033333333335
2026-05-05 12:20:00,10954.142857142857
2026-05-05 12:30:00,11796
2026-05-05 12:40:00,14875.871428571429
2026-05-05 12:50:00,15894.528571428573
2026-05-05 13:00:00,19693.35
2026-05-05 13:10:00,20038.95714285714
2026-05-05 13:20:00,14627.525000000001
2026-05-05 13:30:00,13911.22857142857
2026-05-05 13:40:00,14386.533333333335
2026-05-05 13:50:00,14797.528571428571
2026-05-05 14:00:00,12894.1
2026-05-05 14:10:00,13284.449999999999
2026-05-05 14:20:00,18331.84285714286
2026-05-05 14:30:00,16063.185714285715
2026-05-05 14:40:00,12021.800000000001
2026-05-05 14:50:00,8526.971428571427
2026-05-05 15:00:00,7603.485714285715
2026-05-05 15:10:00,7781.583333333333
2026-05-05 15:20:00,8604.057142857144
2026-05-05 15:30:00,5998.057142857142
2026-05-05 15:40:00,1808.8499999999997
2026-05-05 15:50:00,1963.3285714285714
2026-05-05 16:00:00,1501.2857142857142
2026-05-05 16:10:00,970.5500000000001
2026-05-05 16:20:00,723.1714285714287
2026-05-05 16:30:00,537.2857142857142
2026-05-05 16:40:00,532.9333333333334
2026-05-05 16:50:00,576.9428571428572
2026-05-05 17:00:00,434.37142857142857
2026-05-05 17:10:00,430.43333333333334
2026-05-05 17:20:00,365.87142857142857
2026-05-05 17:30:00,186.7571428571429
2026-05-05 17:40:00,90.33333333333333
2026-05-05 17:50:00,46.714285714285715
2026-05-05 18:00:00,20.3
2026-05-05 18:10:00,1.0833333333333333
2026-05-05 18:20:00,0
2026-05-05 18:30:00,0
2026-05-05 18:40:00,0
2026-05-05 18:50:00,0
2026-05-05 19:00:00,0
2026-05-05 19:10:00,0
2026-05-05 19:20:00,0
2026-05-05 19:30:00,0
2026-05-05 19:40:00,0
2026-05-05 19:50:00,0
2026-05-05 20:00:00,0
2026-05-05 20:10:00,0
2026-05-05 20:20:00,0
2026-05-05 20:30:00,0
2026-05-05 20:40:00,0
2026-05-05 20:50:00,0
2026-05-05 21:00:00,0
2026-05-05 21:10:00,0
2026-05-05 21:20:00,0
2026-05-05 21:30:00,0
2026-05-05 21:40:00,0
2026-05-05 21:50:00,0
2026-05-05 22:00:00,0
2026-05-05 22:10:00,0
2026-05-05 22:20:00,0
2026-05-05 22:30:00,0
2026-05-05 22:40:00,0
2026-05-05 22:50:00,0
2026-05-05 23:00:00,0
2026-05-05 23:10:00,0
2026-05-05 23:20:00,0
2026-05-05 23:30:00,0
2026-05-05 23:40:00,0
2026-05-05 23:50:00,0
2026-05-06 00:00:00,0
2026-05-06 00:10:00,0
2026-05-06 00:20:00,0
2026-05-06 00:30:00,0
2026-05-06 00:40:00,0
2026-05-06 00:50:00,0
2026-05-06 01:00:00,0
2026-05-06 01:10:00,0
2026-05-06 01:20:00,0
2026-05-06 01:30:00,0
2026-05-06 01:40:00,0
2026-05-06 01:50:00,0
2026-05-06 02:00:00,0
2026-05-06 02:10:00,0
2026-05-06 02:20:00,0
2026-05-06 02:30:00,0
2026-05-06 02:40:00,0
2026-05-06 02:50:00,0
2026-05-06 03:00:00,0
2026-05-06 03:10:00,0
2026-05-06 03:20:00,0
2026-05-06 03:30:00,0
2026-05-06 03:40:00,0
2026-05-06 03:50:00,0
2026-05-06 04:00:00,0
2026-05-06 04:10:00,0
2026-05-06 04:20:00,0
2026-05-06 04:30:00,0
2026-05-06 04:40:00,0
2026-05-06 04:50:00,0
2026-05-06 05:00:00,0.9285714285714286
2026-05-06 05:10:00,30.116666666666664
2026-05-06 05:20:00,201.5142857142857
2026-05-06 05:30:00,600.2714285714286
2026-05-06 05:40:00,1070.2
2026-05-06 05:50:00,1550.7428571428572
2026-05-06 06:00:00,1982.6714285714284
2026-05-06 06:10:00,2411.65
2026-05-06 06:20:00,2772.485714285714
2026-05-06 06:30:00,3013.0142857142855
2026-05-06 06:40:00,6383.45
2026-05-06 06:50:00,7431.5
2026-05-06 07:00:00,12394.6
2026-05-06 07:10:00,14095.15
2026-05-06 07:20:00,14065.457142857142
2026-05-06 07:30:00,8880.242857142857
2026-05-06 07:40:00,11795.283333333333
2026-05-06 07:50:00,15788.242857142855
2026-05-06 08:00:00,14330.557142857142
2026-05-06 08:10:00,9501.550000000001
2026-05-06 08:20:00,9528.128571428571
2026-05-06 08:30:00,12911.3
2026-05-06 08:40:00,15483.249999999998
2026-05-06 08:50:00,17330.416666666664
2026-05-06 09:00:00,16706.471428571425
2026-05-06 09:10:00,13525.300000000001
2026-05-06 09:20:00,12943.871428571429
2026-05-06 09:30:00,11543.628571428573
2026-05-06 09:40:00,9242.416666666666
2026-05-06 09:50:00,10566.757142857143
2026-05-06 10:00:00,12185.699999999997
2026-05-06 10:10:00,19200.199999999997
2026-05-06 10:20:00,13309.757142857143
2026-05-06 10:30:00,17016.114285714284
2026-05-06 10:40:00,14667.516666666668
2026-05-06 10:50:00,13608.642857142857
2026-05-06 11:00:00,13057.242857142857
2026-05-06 11:10:00,12166.58333333333
2026-05-06 11:20:00,10337.257142857143
2026-05-06 11:30:00,13313.125
2026-05-06 11:40:00,16379.233333333332
2026-05-06 11:50:00,16688.957142857143
2026-05-06 12:00:00,20761.18571428571
2026-05-06 12:10:00,23068.05
2026-05-06 12:20:00,21637.04285714286
2026-05-06 12:30:00,15165.542857142855
2026-05-06 12:40:00,18853.966666666667
2026-05-06 12:50:00,23106.971428571425
2026-05-06 13:00:00,23708.17142857143
2026-05-06 13:10:00,23502.449999999997
2026-05-06 13:20:00,22135.6
2026-05-06 13:30:00,17825.9
2026-05-06 13:40:00,20540.983333333334
2026-05-06 13:50:00,8851.042857142857
2026-05-06 14:00:00,6122.185714285714
2026-05-06 14:10:00,4280.733333333334
2026-05-06 14:20:00,5090.314285714286
2026-05-06 14:30:00,5854
2026-05-06 14:40:00,6288.5
2026-05-06 14:50:00,6895.742857142856
2026-05-06 15:00:00,8869.171428571428
2026-05-06 15:10:00,7895.566666666667
2026-05-06 15:20:00,6920.285714285713
2026-05-06 15:30:00,5475.228571428571
2026-05-06 15:40:00,4531.966666666667
2026-05-06 15:50:00,4224.0142857142855
2026-05-06 16:00:00,4226.142857142858
2026-05-06 16:10:00,2924.5499999999997
2026-05-06 16:20:00,1803.571428571429
2026-05-06 16:30:00,1580.857142857143
2026-05-06 16:40:00,1655.4499999999998
2026-05-06 16:50:00,2233.942857142857
2026-05-06 17:00:00,2813.0285714285715
2026-05-06 17:10:00,3115.5833333333335
2026-05-06 17:20:00,2153.4857142857145
2026-05-06 17:30:00,1261.6571428571428
2026-05-06 17:40:00,737.2166666666667
2026-05-06 17:50:00,212.57142857142858
2026-05-06 18:00:00,34.74285714285714
2026-05-06 18:10:00,1.8166666666666664
2026-05-06 18:20:00,0
2026-05-06 18:30:00,0
2026-05-06 18:40:00,0
2026-05-06 18:50:00,0
2026-05-06 19:00:00,0
2026-05-06 19:10:00,0
2026-05-06 19:20:00,0
2026-05-06 19:30:00,0
2026-05-06 19:40:00,0
2026-05-06 19:50:00,0
2026-05-06 20:00:00,0
2026-05-06 20:10:00,0
2026-05-06 20:20:00,0
2026-05-06 20:30:00,0
2026-05-06 20:40:00,0
2026-05-06 20:50:00,0
2026-05-06 21:00:00,0
2026-05-06 21:10:00,0
2026-05-06 21:20:00,0
2026-05-06 21:30:00,0
2026-05-06 21:40:00,0
2026-05-06 21:50:00,0
2026-05-06 22:00:00,0
2026-05-06 22:10:00,0
2026-05-06 22:20:00,0
2026-05-06 22:30:00,0
2026-05-06 22:40:00,0
2026-05-06 22:50:00,0
2026-05-06 23:00:00,0
2026-05-06 23:10:00,0
2026-05-06 23:20:00,0
2026-05-06 23:30:00,0
2026-05-06 23:40:00,0
2026-05-06 23:50:00,0
2026-05-07 00:00:00,0
2026-05-07 00:10:00,0
2026-05-07 00:20:00,0
2026-05-07 00:30:00,0
2026-05-07 00:40:00,0
2026-05-07 00:50:00,0
2026-05-07 01:00:00,0
2026-05-07 01:10:00,0
2026-05-07 01:20:00,0
2026-05-07 01:30:00,0
2026-05-07 01:40:00,0
2026-05-07 01:50:00,0
2026-05-07 02:00:00,0
2026-05-07 02:10:00,0
2026-05-07 02:20:00,0
2026-05-07 02:30:00,0
2026-05-07 02:40:00,0
2026-05-07 02:50:00,0
2026-05-07 03:00:00,0
2026-05-07 03:10:00,0
2026-05-07 03:20:00,0
2026-05-07 03:30:00,0
2026-05-07 03:40:00,0
2026-05-07 03:50:00,0
2026-05-07 04:00:00,0
2026-05-07 04:10:00,0
2026-05-07 04:20:00,0
2026-05-07 04:30:00,0
2026-05-07 04:40:00,0
2026-05-07 04:50:00,0
2026-05-07 05:00:00,0.31428571428571433
2026-05-07 05:10:00,16.849999999999998
2026-05-07 05:20:00,100.75714285714285
2026-05-07 05:30:00,390.12857142857143
2026-05-07 05:40:00,812.5166666666668
2026-05-07 05:50:00,1416.814285714286
2026-05-07 06:00:00,2005.7000000000003
2026-05-07 06:10:00,2562.9166666666665
2026-05-07 06:20:00,3288.6
2026-05-07 06:30:00,3169.371428571428
2026-05-07 06:40:00,4569.95
2026-05-07 06:50:00,7262.5142857142855
2026-05-07 07:00:00,8658.428571428572
2026-05-07 07:10:00,9073.6
2026-05-07 07:20:00,10307.485714285716
2026-05-07 07:30:00,7599.214285714285
2026-05-07 07:40:00,7905.95
2026-05-07 07:50:00,14496.142857142857
2026-05-07 08:00:00,12020.428571428574
2026-05-07 08:10:00,8011.3
2026-05-07 08:20:00,9849.142857142857
2026-05-07 08:30:00,9328.442857142858
2026-05-07 08:40:00,9957.449999999999
2026-05-07 08:50:00,10485.97142857143
2026-05-07 09:00:00,11966.357142857143
2026-05-07 09:10:00,12037.933333333332
2026-05-07 09:20:00,15011.642857142857
2026-05-07 09:30:00,16498.485714285714
2026-05-07 09:40:00,16517.775
2026-05-07 09:50:00,15957.033333333335
2026-05-07 10:00:00,18004.071428571428
2026-05-07 10:10:00,24017.45
2026-05-07 10:20:00,22940.471428571425
2026-05-07 10:30:00,23228.32857142857
2026-05-07 10:40:00,17800.666666666668
2026-05-07 10:50:00,15656.742857142857
2026-05-07 11:00:00,18414.8
2026-05-07 11:10:00,18680.516666666666
2026-05-07 11:20:00,19643.585714285717
2026-05-07 11:30:00,20839.214285714286
2026-05-07 11:40:00,25559.666666666668
2026-05-07 11:50:00,25149.542857142857
2026-05-07 12:00:00,24533.899999999998
2026-05-07 12:10:00,24422.833333333332
2026-05-07 12:20:00,22875.34285714286
2026-05-07 12:30:00,22081.842857142856
2026-05-07 12:40:00,21506.833333333332
2026-05-07 12:50:00,21797.68571428571
2026-05-07 13:00:00,19433.485714285714
2026-05-07 13:10:00,18160.116666666665
2026-05-07 13:20:00,17704.542857142857
2026-05-07 13:30:00,16425.985714285714
2026-05-07 13:40:00,13495.183333333332
2026-05-07 13:50:00,12181.4
2026-05-07 14:00:00,14872.171428571428
2026-05-07 14:10:00,14627.75
2026-05-07 14:20:00,12339.614285714288
2026-05-07 14:30:00,12262.5
2026-05-07 14:40:00,9091.15
2026-05-07 14:50:00,6153.842857142858
2026-05-07 15:00:00,5488.1285714285705
2026-05-07 15:10:00,6743.3
2026-05-07 15:20:00,7588.4571428571435
2026-05-07 15:30:00,8701.128571428571
2026-05-07 15:40:00,8001.649999999999
2026-05-07 15:50:00,7188.471428571429
2026-05-07 16:00:00,3952.4285714285716
2026-05-07 16:10:00,2756.7999999999997
2026-05-07 16:20:00,2737.7571428571428
2026-05-07 16:30:00,3039.442857142857
2026-05-07 16:40:00,2771.5
2026-05-07 16:50:00,1899.7285714285715
2026-05-07 17:00:00,1727.0571428571425
2026-05-07 17:10:00,1728.3999999999999
2026-05-07 17:20:00,1457.6166666666668
2026-05-07 17:30:00,815.3
2026-05-07 17:40:00,406.4142857142857
2026-05-07 17:50:00,161.63333333333333
2026-05-07 18:00:00,45.785714285714285
2026-05-07 18:10:00,2.157142857142857
2026-05-07 18:20:00,0
2026-05-07 18:30:00,0
2026-05-07 18:40:00,0
2026-05-07 18:50:00,0
2026-05-07 19:00:00,0
2026-05-07 19:10:00,0
2026-05-07 19:20:00,0
2026-05-07 19:30:00,0
2026-05-07 19:40:00,0
2026-05-07 19:50:00,0
2026-05-07 20:00:00,0
2026-05-07 20:10:00,0
2026-05-07 20:20:00,0
2026-05-07 20:30:00,0
2026-05-07 20:40:00,0
2026-05-07 20:50:00,0
2026-05-07 21:00:00,0
2026-05-07 21:10:00,0
2026-05-07 21:20:00,0
2026-05-07 21:30:00,0
2026-05-07 21:40:00,0
2026-05-07 21:50:00,0
2026-05-07 22:00:00,0
2026-05-07 22:10:00,0
2026-05-07 22:20:00,0
2026-05-07 22:30:00,0
2026-05-07 22:40:00,0
2026-05-07 22:50:00,0
2026-05-07 23:00:00,0
2026-05-07 23:10:00,0
2026-05-07 23:20:00,0
2026-05-07 23:30:00,0
2026-05-07 23:40:00,0
2026-05-07 23:50:00,0
2026-05-08 00:00:00,0
2026-05-08 00:10:00,0
2026-05-08 00:20:00,0
2026-05-08 00:30:00,0
2026-05-08 00:40:00,0
2026-05-08 00:50:00,0
2026-05-08 01:00:00,0
2026-05-08 01:10:00,0
2026-05-08 01:20:00,0
2026-05-08 01:30:00,0
2026-05-08 01:40:00,0
2026-05-08 01:50:00,0
2026-05-08 02:00:00,0
2026-05-08 02:10:00,0
2026-05-08 02:20:00,0
2026-05-08 02:30:00,0
2026-05-08 02:40:00,0
2026-05-08 02:50:00,0
2026-05-08 03:00:00,0
2026-05-08 03:10:00,0
2026-05-08 03:20:00,0
2026-05-08 03:30:00,0
2026-05-08 03:40:00,0
2026-05-08 03:50:00,0
2026-05-08 04:00:00,0
2026-05-08 04:10:00,0
2026-05-08 04:20:00,0
2026-05-08 04:30:00,0
2026-05-08 04:40:00,0
2026-05-08 04:50:00,0
2026-05-08 05:00:00,1.8571428571428572
2026-05-08 05:10:00,49.48333333333333
2026-05-08 05:20:00,274.3285714285714
2026-05-08 05:30:00,777.2
2026-05-08 05:40:00,1386.6666666666667
2026-05-08 05:50:00,1864.0857142857142
2026-05-08 06:00:00,2199.871428571428
2026-05-08 06:10:00,2469.733333333333
2026-05-08 06:20:00,2727.628571428572
2026-05-08 06:30:00,2931.6
2026-05-08 06:40:00,6222.55
2026-05-08 06:50:00,10093.971428571429
2026-05-08 07:00:00,10975.028571428573
2026-05-08 07:10:00,11529.716666666667
2026-05-08 07:20:00,12331
2026-05-08 07:30:00,13953.657142857142
2026-05-08 07:40:00,15023.433333333332
2026-05-08 07:50:00,15620.133333333331
2026-05-08 08:00:00,17006.22
2026-05-08 08:10:00,17035.157142857144
2026-05-08 08:20:00,17366.966666666667
2026-05-08 08:30:00,17849.557142857142
2026-05-08 08:40:00,19666.942857142858
2026-05-08 08:50:00,20416.616666666665
2026-05-08 09:00:00,20885
2026-05-08 09:10:00,21139.042857142857
2026-05-08 09:20:00,21331.61666666667
2026-05-08 09:30:00,22293.528571428567
2026-05-08 09:40:00,22844.628571428573
2026-05-08 09:50:00,23227.899999999998
2026-05-08 10:00:00,23361.62857142857
2026-05-08 10:10:00,23683.27142857143
2026-05-08 10:20:00,24027.500000000004
2026-05-08 10:30:00,24560.342857142856
2026-05-08 10:40:00,23221.257142857146
2026-05-08 10:50:00,25298.399999999998
2026-05-08 11:00:00,25621.085714285717
2026-05-08 11:10:00,25070.416666666668
2026-05-08 11:20:00,23748.414285714283
2026-05-08 11:30:00,24369.857142857138
2026-05-08 11:40:00,24237.166666666668
2026-05-08 11:50:00,23805.84285714286
2026-05-08 12:00:00,23671.299999999996
2026-05-08 12:10:00,23520.016666666666
2026-05-08 12:20:00,23397.285714285714
2026-05-08 12:30:00,23188.385714285712
2026-05-08 12:40:00,23056.933333333334
2026-05-08 12:50:00,22799.45714285714
2026-05-08 13:00:00,22510.100000000002
2026-05-08 13:10:00,22055.21666666667
2026-05-08 13:20:00,21661.914285714283
2026-05-08 13:30:00,21539.942857142858
2026-05-08 13:40:00,21059.599999999995
2026-05-08 13:50:00,20743.071428571428
2026-05-08 14:00:00,19768.014285714286
2026-05-08 14:10:00,19134.63333333333
2026-05-08 14:20:00,18693.12857142857
2026-05-08 14:30:00,17971.2
2026-05-08 14:40:00,17202.850000000002
2026-05-08 14:50:00,16387.58571428571
2026-05-08 15:00:00,15664.42857142857
2026-05-08 15:10:00,14187.983333333335
2026-05-08 15:20:00,12328.775
2026-05-08 15:30:00,12394.914285714287
2026-05-08 15:40:00,8647.985714285714
2026-05-08 15:50:00,9384.366666666667
2026-05-08 16:00:00,4746.228571428571
2026-05-08 16:10:00,3347.8571428571427
2026-05-08 16:20:00,3194.783333333333
2026-05-08 16:30:00,3057.2571428571428
2026-05-08 16:40:00,2778.6142857142863
2026-05-08 16:50:00,2530.316666666667
2026-05-08 17:00:00,2260.671428571429
2026-05-08 17:10:00,1961.785714285714
2026-05-08 17:20:00,1621.3999999999999
2026-05-08 17:30:00,1250.6285714285714
2026-05-08 17:40:00,780.5857142857143
2026-05-08 17:50:00,336.18333333333334
2026-05-08 18:00:00,89.10000000000001
2026-05-08 18:10:00,6.771428571428571
2026-05-08 18:20:00,0
2026-05-08 18:30:00,0
2026-05-08 18:40:00,0
2026-05-08 18:50:00,0
2026-05-08 19:00:00,0
2026-05-08 19:10:00,0
2026-05-08 19:20:00,0
2026-05-08 19:30:00,0
2026-05-08 19:40:00,0
2026-05-08 19:50:00,0
2026-05-08 20:00:00,0
2026-05-08 20:10:00,0
2026-05-08 20:20:00,0
2026-05-08 20:30:00,0
2026-05-08 20:40:00,0
2026-05-08 20:50:00,0
2026-05-08 21:00:00,0
2026-05-08 21:10:00,0
2026-05-08 21:20:00,0
2026-05-08 21:30:00,0
2026-05-08 21:40:00,0
2026-05-08 21:50:00,0
2026-05-08 22:00:00,0
2026-05-08 22:10:00,0
2026-05-08 22:20:00,0
2026-05-08 22:30:00,0
2026-05-08 22:40:00,0
2026-05-08 22:50:00,0
2026-05-08 23:00:00,0
2026-05-08 23:10:00,0
2026-05-08 23:20:00,0
2026-05-08 23:30:00,0
2026-05-08 23:40:00,0
2026-05-08 23:50:00,0
2026-05-09 00:00:00,0
2026-05-09 00:10:00,0
2026-05-09 00:20:00,0
2026-05-09 00:30:00,0
2026-05-09 00:40:00,0
2026-05-09 00:50:00,0
2026-05-09 01:00:00,0
2026-05-09 01:10:00,0
2026-05-09 01:20:00,0
2026-05-09 01:30:00,0
2026-05-09 01:40:00,0
2026-05-09 01:50:00,0
2026-05-09 02:00:00,0
2026-05-09 02:10:00,0
2026-05-09 02:20:00,0
2026-05-09 02:30:00,0
2026-05-09 02:40:00,0
2026-05-09 02:50:00,0
2026-05-09 03:00:00,0
2026-05-09 03:10:00,0
2026-05-09 03:20:00,0
2026-05-09 03:30:00,0
2026-05-09 03:40:00,0
2026-05-09 03:50:00,0
2026-05-09 04:00:00,0
2026-05-09 04:10:00,0
2026-05-09 04:20:00,0
2026-05-09 04:30:00,0
2026-05-09 04:40:00,0
2026-05-09 04:50:00,0
2026-05-09 05:00:00,0.9285714285714286
2026-05-09 05:10:00,30.48333333333333
2026-05-09 05:20:00,182.4714285714286
2026-05-09 05:30:00,533.3000000000001
2026-05-09 05:40:00,953.3333333333334
2026-05-09 05:50:00,1387
2026-05-09 06:00:00,1716.6285714285714
2026-05-09 06:10:00,2231.05
2026-05-09 06:20:00,2526
2026-05-09 06:30:00,2844.371428571429
2026-05-09 06:40:00,6172.271428571429
2026-05-09 06:50:00,8603.733333333334
2026-05-09 07:00:00,10607.6
2026-05-09 07:10:00,12341.757142857141
2026-05-09 07:20:00,13084.116666666667
2026-05-09 07:30:00,13558.585714285715
2026-05-09 07:40:00,14529.342857142856
2026-05-09 07:50:00,15705.433333333334
2026-05-09 08:00:00,16135.985714285713
2026-05-09 08:10:00,16853.285714285714
2026-05-09 08:20:00,17457.31666666667
2026-05-09 08:30:00,18299.885714285716
2026-05-09 08:40:00,19222.114285714284
2026-05-09 08:50:00,19865.399999999998
2026-05-09 09:00:00,20299.142857142862
2026-05-09 09:10:00,20796.514285714286
2026-05-09 09:20:00,21419.766666666666
2026-05-09 09:30:00,21783.54285714286
2026-05-09 09:40:00,22220.985714285714
2026-05-09 09:50:00,22892.083333333332
2026-05-09 10:00:00,23181.928571428572
2026-05-09 10:10:00,23422.457142857143
2026-05-09 10:20:00,23722.5
2026-05-09 10:30:00,24337.62857142857
2026-05-09 10:40:00,24544.971428571425
2026-05-09 10:50:00,24750.75
2026-05-09 11:00:00,24742.199999999993
2026-05-09 11:10:00,24415.62857142857
2026-05-09 11:20:00,24069.083333333332
2026-05-09 11:30:00,23770.828571428574
2026-05-09 11:40:00,23488.466666666664
2026-05-09 11:50:00,23366.85714285714
2026-05-09 12:00:00,23318.928571428572
2026-05-09 12:10:00,23282.016666666666
2026-05-09 12:20:00,22766.899999999998
2026-05-09 12:30:00,23017.242857142854
2026-05-09 12:40:00,22236.183333333334
2026-05-09 12:50:00,20802.657142857144
2026-05-09 13:00:00,22482.12857142857
2026-05-09 13:10:00,22081.38333333333
2026-05-09 13:20:00,21860.971428571433
2026-05-09 13:30:00,21363.15
2026-05-09 13:40:00,21002.657142857144
2026-05-09 13:50:00,20330.216666666667
2026-05-09 14:00:00,19177.27142857143
2026-05-09 14:10:00,19155.14285714286
2026-05-09 14:20:00,18540.05
2026-05-09 14:30:00,17810.22857142857
2026-05-09 14:40:00,17134.071428571428
2026-05-09 14:50:00,16247.683333333334
2026-05-09 15:00:00,15465.071428571431
2026-05-09 15:10:00,13568.714285714286
2026-05-09 15:20:00,11519.700000000003
2026-05-09 15:30:00,12610.871428571429
2026-05-09 15:40:00,8376.742857142857
2026-05-09 15:50:00,8783.65
2026-05-09 16:00:00,5445.728571428571
2026-05-09 16:10:00,3816.6571428571433
2026-05-09 16:20:00,3168.25
2026-05-09 16:30:00,2919
2026-05-09 16:40:00,2742.057142857143
2026-05-09 16:50:00,2483.35
2026-05-09 17:00:00,2241.342857142857
2026-05-09 17:10:00,1944.8999999999999
2026-05-09 17:20:00,1617.8166666666666
2026-05-09 17:30:00,1181.7857142857142
2026-05-09 17:40:00,646.6428571428571
2026-05-09 17:50:00,245.85
2026-05-09 18:00:00,56.228571428571435
2026-05-09 18:10:00,3.4
2026-05-09 18:20:00,0
2026-05-09 18:30:00,0
2026-05-09 18:40:00,0
2026-05-09 18:50:00,0
2026-05-09 19:00:00,0
2026-05-09 19:10:00,0
2026-05-09 19:20:00,0
2026-05-09 19:30:00,0
2026-05-09 19:40:00,0
2026-05-09 19:50:00,0
2026-05-09 20:00:00,0
2026-05-09 20:10:00,0
2026-05-09 20:20:00,0
2026-05-09 20:30:00,0
2026-05-09 20:40:00,0
2026-05-09 20:50:00,0
2026-05-09 21:00:00,0
2026-05-09 21:10:00,0
2026-05-09 21:20:00,0
2026-05-09 21:30:00,0
2026-05-09 21:40:00,0
2026-05-09 21:50:00,0
2026-05-09 22:00:00,0
2026-05-09 22:10:00,0
2026-05-09 22:20:00,0
2026-05-09 22:30:00,0
2026-05-09 22:40:00,0
2026-05-09 22:50:00,0
2026-05-09 23:00:00,0
2026-05-09 23:10:00,0
2026-05-09 23:20:00,0
2026-05-09 23:30:00,0
2026-05-09 23:40:00,0
2026-05-09 23:50:00,0
2026-05-10 00:00:00,0
2026-05-10 00:10:00,0
2026-05-10 00:20:00,0
2026-05-10 00:30:00,0
2026-05-10 00:40:00,0
2026-05-10 00:50:00,0
2026-05-10 01:00:00,0
2026-05-10 01:10:00,0
2026-05-10 01:20:00,0
2026-05-10 01:30:00,0
2026-05-10 01:40:00,0
2026-05-10 01:50:00,0
2026-05-10 02:00:00,0
2026-05-10 02:10:00,0
2026-05-10 02:20:00,0
2026-05-10 02:30:00,0
2026-05-10 02:40:00,0
2026-05-10 02:50:00,0
2026-05-10 03:00:00,0
2026-05-10 03:10:00,0
2026-05-10 03:20:00,0
2026-05-10 03:30:00,0
2026-05-10 03:40:00,0
2026-05-10 03:50:00,0
2026-05-10 04:00:00,0
2026-05-10 04:10:00,0
2026-05-10 04:20:00,0
2026-05-10 04:30:00,0
2026-05-10 04:40:00,0
2026-05-10 04:50:00,0
2026-05-10 05:00:00,0.6285714285714287
2026-05-10 05:10:00,25.814285714285713
2026-05-10 05:20:00,145.86666666666667
2026-05-10 05:30:00,455.58571428571435
2026-05-10 05:40:00,878.2857142857143
2026-05-10 05:50:00,1154.0500000000002
2026-05-10 06:00:00,1617.7142857142858
2026-05-10 06:10:00,2002.9428571428573
2026-05-10 06:20:00,2087.666666666667
2026-05-10 06:30:00,3056.042857142857
2026-05-10 06:40:00,3905.4285714285716
2026-05-10 06:50:00,3586.516666666667
2026-05-10 07:00:00,3460.914285714286
2026-05-10 07:10:00,4059.657142857143
2026-05-10 07:20:00,5669.150000000001
2026-05-10 07:30:00,9908.114285714284
2026-05-10 07:40:00,14871.242857142857
2026-05-10 07:50:00,15571.766666666668
2026-05-10 08:00:00,16121.857142857145
2026-05-10 08:10:00,16639.785714285717
2026-05-10 08:20:00,17407.149999999998
2026-05-10 08:30:00,18165.657142857144
2026-05-10 08:40:00,19282.942857142854
2026-05-10 08:50:00,19803.033333333333
2026-05-10 09:00:00,20193.785714285714
2026-05-10 09:10:00,20668.72857142857
2026-05-10 09:20:00,21236.266666666666
2026-05-10 09:30:00,19570.485714285714
2026-05-10 09:40:00,22647.714285714286
2026-05-10 09:50:00,22970.21666666667
2026-05-10 10:00:00,23365.642857142862
2026-05-10 10:10:00,23623.071428571424
2026-05-10 10:20:00,23888.083333333332
2026-05-10 10:30:00,24086.628571428566
2026-05-10 10:40:00,24672.77142857143
2026-05-10 10:50:00,22598.2
2026-05-10 11:00:00,24736.971428571425
2026-05-10 11:10:00,24320.72857142857
2026-05-10 11:20:00,23646.166666666668
2026-05-10 11:30:00,23574.528571428575
2026-05-10 11:40:00,23470.025
2026-05-10 11:50:00,23325.38333333333
2026-05-10 12:00:00,23751.157142857144
2026-05-10 12:10:00,23579.442857142858
2026-05-10 12:20:00,23423.93333333333
2026-05-10 12:30:00,23078.385714285712
2026-05-10 12:40:00,22809.914285714283
2026-05-10 12:50:00,22780.983333333334
2026-05-10 13:00:00,23177.91428571428
2026-05-10 13:10:00,23073.8
2026-05-10 13:20:00,22225.46666666667
2026-05-10 13:30:00,21061.028571428567
2026-05-10 13:40:00,20978.35714285714
2026-05-10 13:50:00,20701.18333333333
2026-05-10 14:00:00,19205.528571428575
2026-05-10 14:10:00,19051.614285714284
2026-05-10 14:20:00,16684.983333333334
2026-05-10 14:30:00,18117.114285714284
2026-05-10 14:40:00,17427.757142857146
2026-05-10 14:50:00,14101.616666666667
2026-05-10 15:00:00,15542.471428571427
2026-05-10 15:10:00,13701.714285714284
2026-05-10 15:20:00,12229.316666666666
2026-05-10 15:30:00,13323.585714285715
2026-05-10 15:40:00,9411.971428571429
2026-05-10 15:50:00,9294.750000000002
2026-05-10 16:00:00,6590.9857142857145
2026-05-10 16:10:00,4275
2026-05-10 16:20:00,4590.75
2026-05-10 16:30:00,5024.571428571429
2026-05-10 16:40:00,5102.599999999999
2026-05-10 16:50:00,4825.849999999999
2026-05-10 17:00:00,3420.9714285714285
2026-05-10 17:10:00,1957.4714285714288
2026-05-10 17:20:00,1582
2026-05-10 17:30:00,1204.8428571428572
2026-05-10 17:40:00,768.0142857142856
2026-05-10 17:50:00,350.5
2026-05-10 18:00:00,97.68571428571428
2026-05-10 18:10:00,7.385714285714286
2026-05-10 18:20:00,0
2026-05-10 18:30:00,0
2026-05-10 18:40:00,0
2026-05-10 18:50:00,0
2026-05-10 19:00:00,0
2026-05-10 19:10:00,0
2026-05-10 19:20:00,0
2026-05-10 19:30:00,0
2026-05-10 19:40:00,0
2026-05-10 19:50:00,0
2026-05-10 20:00:00,0
2026-05-10 20:10:00,0
2026-05-10 20:20:00,0
2026-05-10 20:30:00,0
2026-05-10 20:40:00,0
2026-05-10 20:50:00,0
2026-05-10 21:00:00,0
2026-05-10 21:10:00,0
2026-05-10 21:20:00,0
2026-05-10 21:30:00,0
2026-05-10 21:40:00,0
2026-05-10 21:50:00,0
2026-05-10 22:00:00,0
2026-05-10 22:10:00,0
2026-05-10 22:20:00,0
2026-05-10 22:30:00,0
2026-05-10 22:40:00,0
2026-05-10 22:50:00,0
2026-05-10 23:00:00,0
2026-05-10 23:10:00,0
2026-05-10 23:20:00,0
2026-05-10 23:30:00,0
2026-05-10 23:40:00,0
2026-05-10 23:50:00,0
2026-05-11 00:00:00,0
2026-05-11 00:10:00,0
2026-05-11 00:20:00,0
2026-05-11 00:30:00,0
2026-05-11 00:40:00,0
2026-05-11 00:50:00,0
2026-05-11 01:00:00,0
2026-05-11 01:10:00,0
2026-05-11 01:20:00,0
2026-05-11 01:30:00,0
2026-05-11 01:40:00,0
2026-05-11 01:50:00,0
2026-05-11 02:00:00,0
2026-05-11 02:10:00,0
2026-05-11 02:20:00,0
2026-05-11 02:30:00,0
2026-05-11 02:40:00,0
2026-05-11 02:50:00,0
2026-05-11 03:00:00,0
2026-05-11 03:10:00,0
2026-05-11 03:20:00,0
2026-05-11 03:30:00,0
2026-05-11 03:40:00,0
2026-05-11 03:50:00,0
2026-05-11 04:00:00,0
2026-05-11 04:10:00,0
2026-05-11 04:20:00,0
2026-05-11 04:30:00,0
2026-05-11 04:40:00,0
2026-05-11 04:50:00,0
2026-05-11 05:00:00,1.2428571428571427
2026-05-11 05:10:00,35.34285714285714
2026-05-11 05:20:00,182.4333333333333
2026-05-11 05:30:00,498.27142857142854
2026-05-11 05:40:00,1010.9857142857144
2026-05-11 05:50:00,1659.75
2026-05-11 06:00:00,1655.4857142857143
2026-05-11 06:10:00,1783.9142857142854
2026-05-11 06:20:00,1960.45
2026-05-11 06:30:00,2541.457142857143
2026-05-11 06:40:00,6810.614285714286
2026-05-11 06:50:00,9820.133333333333
2026-05-11 07:00:00,9965.257142857143
2026-05-11 07:10:00,11992.471428571429
2026-05-11 07:20:00,12640.416666666666
2026-05-11 07:30:00,13551.514285714284
2026-05-11 07:40:00,14288.171428571426
2026-05-11 07:50:00,15048.516666666665
2026-05-11 08:00:00,15825.1
2026-05-11 08:10:00,16134.128571428571
2026-05-11 08:20:00,17106.083333333332
2026-05-11 08:30:00,17866.72857142857
2026-05-11 08:40:00,18637.52857142857
2026-05-11 08:50:00,19388.7
2026-05-11 09:00:00,19765.557142857142
2026-05-11 09:10:00,20331.4
2026-05-11 09:20:00,20852.766666666666
2026-05-11 09:30:00,21122.471428571433
2026-05-11 09:40:00,21789.7
2026-05-11 09:50:00,22375.475
2026-05-11 10:00:00,22952.94
2026-05-11 10:10:00,23111.257142857146
2026-05-11 10:20:00,21666.716666666667
2026-05-11 10:30:00,23521.37142857143
2026-05-11 10:40:00,24074.014285714286
2026-05-11 10:50:00,24485.88333333333
2026-05-11 11:00:00,22555.257142857146
2026-05-11 11:10:00,20008.242857142857
2026-05-11 11:20:00,22597.466666666664
2026-05-11 11:30:00,21255.14285714286
2026-05-11 11:40:00,23517.085714285717
2026-05-11 11:50:00,21929.8
2026-05-11 12:00:00,23156.728571428575
2026-05-11 12:10:00,19682.32857142857
2026-05-11 12:20:00,23661.216666666664
2026-05-11 12:30:00,21559.285714285714
2026-05-11 12:40:00,20869.328571428574
2026-05-11 12:50:00,22348.75
2026-05-11 13:00:00,22099.35714285714
2026-05-11 13:10:00,21698.14285714286
2026-05-11 13:20:00,21320.5
2026-05-11 13:30:00,21585.414285714283
2026-05-11 13:40:00,17681.828571428574
2026-05-11 13:50:00,16547.699999999997
2026-05-11 14:00:00,16198.057142857144
2026-05-11 14:10:00,18174.27142857143
2026-05-11 14:20:00,13497.700000000003
2026-05-11 14:30:00,12668.92857142857
2026-05-11 14:40:00,14255.314285714285
2026-05-11 14:50:00,10574.233333333335
2026-05-11 15:00:00,10084.77142857143
2026-05-11 15:10:00,9644.557142857142
2026-05-11 15:20:00,8565.050000000001
2026-05-11 15:30:00,6818
2026-05-11 15:40:00,5418.385714285714
2026-05-11 15:50:00,5917.549999999999
2026-05-11 16:00:00,5003.685714285714
2026-05-11 16:10:00,3753.042857142857
2026-05-11 16:20:00,3822.683333333333
2026-05-11 16:30:00,4490.028571428571
2026-05-11 16:40:00,4254.4
2026-05-11 16:50:00,3949.9166666666665
2026-05-11 17:00:00,2590.914285714286
2026-05-11 17:10:00,1351.0714285714287
2026-05-11 17:20:00,729.7333333333332
2026-05-11 17:30:00,390.14285714285717
2026-05-11 17:40:00,244.82857142857142
2026-05-11 17:50:00,139.0666666666667
2026-05-11 18:00:00,51.942857142857136
2026-05-11 18:10:00,3.4
2026-05-11 18:20:00,0
2026-05-11 18:30:00,0
2026-05-11 18:40:00,0
2026-05-11 18:50:00,0
2026-05-11 19:00:00,0
2026-05-11 19:10:00,0
2026-05-11 19:20:00,0
2026-05-11 19:30:00,0
2026-05-11 19:40:00,0
2026-05-11 19:50:00,0
2026-05-11 20:00:00,0
2026-05-11 20:10:00,0
2026-05-11 20:20:00,0
2026-05-11 20:30:00,0
2026-05-11 20:40:00,0
2026-05-11 20:50:00,0
2026-05-11 21:00:00,0
2026-05-11 21:10:00,0
2026-05-11 21:20:00,0
2026-05-11 21:30:00,0
2026-05-11 21:40:00,0
2026-05-11 21:50:00,0
2026-05-11 22:00:00,0
2026-05-11 22:10:00,0
2026-05-11 22:20:00,0
2026-05-11 22:30:00,0
2026-05-11 22:40:00,0
2026-05-11 22:50:00,0
2026-05-11 23:00:00,0
2026-05-11 23:10:00,0
2026-05-11 23:20:00,0
2026-05-11 23:30:00,0
2026-05-11 23:40:00,0
2026-05-11 23:50:00,0
2026-05-12 00:00:00,0
2026-05-12 00:10:00,0
2026-05-12 00:20:00,0
2026-05-12 00:30:00,0
2026-05-12 00:40:00,0
2026-05-12 00:50:00,0
2026-05-12 01:00:00,0
2026-05-12 01:10:00,0
2026-05-12 01:20:00,0
2026-05-12 01:30:00,0
2026-05-12 01:40:00,0
2026-05-12 01:50:00,0
2026-05-12 02:00:00,0
2026-05-12 02:10:00,0
2026-05-12 02:20:00,0
2026-05-12 02:30:00,0
2026-05-12 02:40:00,0
2026-05-12 02:50:00,0
2026-05-12 03:00:00,0
2026-05-12 03:10:00,0
2026-05-12 03:20:00,0
2026-05-12 03:30:00,0
2026-05-12 03:40:00,0
2026-05-12 03:50:00,0
2026-05-12 04:00:00,0
2026-05-12 04:10:00,0
2026-05-12 04:20:00,0
2026-05-12 04:30:00,0
2026-05-12 04:40:00,0
2026-05-12 04:50:00,0
2026-05-12 05:00:00,0.6285714285714287
2026-05-12 05:10:00,35.042857142857144
2026-05-12 05:20:00,189.23333333333335
2026-05-12 05:30:00,569.8571428571429
2026-05-12 05:40:00,1055.5285714285715
2026-05-12 05:50:00,1704.5333333333335
2026-05-12 06:00:00,3608.371428571429
2026-05-12 06:10:00,3729.714285714286
2026-05-12 06:20:00,3528.816666666666
2026-05-12 06:30:00,3253.2571428571428
2026-05-12 06:40:00,4199.428571428572
2026-05-12 06:50:00,7242.533333333333
2026-05-12 07:00:00,13155.228571428572
2026-05-12 07:10:00,12497.5
2026-05-12 07:20:00,13690.166666666666
2026-05-12 07:30:00,13940.128571428573
2026-05-12 07:40:00,8827.1
2026-05-12 07:50:00,8846.033333333335
2026-05-12 08:00:00,9430.728571428572
2026-05-12 08:10:00,18544.525
2026-05-12 08:20:00,16924.285714285714
2026-05-12 08:30:00,18804.183333333334
2026-05-12 08:40:00,18695.899999999998
2026-05-12 08:50:00,15280.366666666667
2026-05-12 09:00:00,16151.957142857142
2026-05-12 09:10:00,16174.085714285715
2026-05-12 09:20:00,18788.416666666668
2026-05-12 09:30:00,15024.842857142858
2026-05-12 09:40:00,16069.942857142856
2026-05-12 09:50:00,13417.783333333333
2026-05-12 10:00:00,15128.057142857146
2026-05-12 10:10:00,19428.242857142857
2026-05-12 10:20:00,23501
2026-05-12 10:30:00,18486.685714285715
2026-05-12 10:40:00,18360.742857142857
2026-05-12 10:50:00,23584.149999999998
2026-05-12 11:00:00,13681.457142857142
2026-05-12 11:10:00,10242.942857142856
2026-05-12 11:20:00,7905.216666666666
2026-05-12 11:30:00,7200.142857142857
2026-05-12 11:40:00,6911.085714285714
2026-05-12 11:50:00,9442.383333333333
2026-05-12 12:00:00,9761.57142857143
2026-05-12 12:10:00,9959.742857142857
2026-05-12 12:20:00,11420.050000000001
2026-05-12 12:30:00,11129.857142857141
2026-05-12 12:40:00,14082.042857142858
2026-05-12 12:50:00,18890.883333333335
2026-05-12 13:00:00,19202.442857142858
2026-05-12 13:10:00,21004.18571428571
2026-05-12 13:20:00,19043.599999999995
2026-05-12 13:30:00,19141.942857142854
2026-05-12 13:40:00,21071.457142857143
2026-05-12 13:50:00,18221.03333333333
2026-05-12 14:00:00,20182.714285714286
2026-05-12 14:10:00,21866.485714285714
2026-05-12 14:20:00,21593.95
2026-05-12 14:30:00,12174.042857142858
2026-05-12 14:40:00,10553.557142857142
2026-05-12 14:50:00,7097.733333333334
2026-05-12 15:00:00,5589.171428571428
2026-05-12 15:10:00,6313.885714285715
2026-05-12 15:20:00,7925.666666666667
2026-05-12 15:30:00,5459.325
2026-05-12 15:40:00,4434.128571428571
2026-05-12 15:50:00,4533.971428571429
2026-05-12 16:00:00,5892.8
2026-05-12 16:10:00,3924.1714285714284
2026-05-12 16:20:00,1848.1000000000001
2026-05-12 16:30:00,1557.966666666667
2026-05-12 16:40:00,1340.6142857142856
2026-05-12 16:50:00,1819.6166666666666
2026-05-12 17:00:00,2290.785714285714
2026-05-12 17:10:00,1979.5857142857144
2026-05-12 17:20:00,1578.7666666666664
2026-05-12 17:30:00,1075.814285714286
2026-05-12 17:40:00,564.0285714285716
2026-05-12 17:50:00,211.79999999999998
2026-05-12 18:00:00,75.89999999999999
2026-05-12 18:10:00,5.557142857142858
2026-05-12 18:20:00,0
2026-05-12 18:30:00,0
2026-05-12 18:40:00,0
2026-05-12 18:50:00,0
2026-05-12 19:00:00,0
2026-05-12 19:10:00,0
2026-05-12 19:20:00,0
2026-05-12 19:30:00,0
2026-05-12 19:40:00,0
2026-05-12 19:50:00,0
2026-05-12 20:00:00,0
2026-05-12 20:10:00,0
2026-05-12 20:20:00,0
2026-05-12 20:30:00,0
2026-05-12 20:40:00,0
2026-05-12 20:50:00,0
2026-05-12 21:00:00,0
2026-05-12 21:10:00,0
2026-05-12 21:20:00,0
2026-05-12 21:30:00,0
2026-05-12 21:40:00,0
2026-05-12 21:50:00,0
2026-05-12 22:00:00,0
2026-05-12 22:10:00,0
2026-05-12 22:20:00,0
2026-05-12 22:30:00,0
2026-05-12 22:40:00,0
2026-05-12 22:50:00,0
2026-05-12 23:00:00,0
2026-05-12 23:10:00,0
2026-05-12 23:20:00,0
2026-05-12 23:30:00,0
2026-05-12 23:40:00,0
2026-05-12 23:50:00,0
2026-05-13 00:00:00,0
2026-05-13 00:10:00,0
2026-05-13 00:20:00,0
2026-05-13 00:30:00,0
2026-05-13 00:40:00,0
2026-05-13 00:50:00,0
2026-05-13 01:00:00,0
2026-05-13 01:10:00,0
2026-05-13 01:20:00,0
2026-05-13 01:30:00,0
2026-05-13 01:40:00,0
2026-05-13 01:50:00,0
2026-05-13 02:00:00,0
2026-05-13 02:10:00,0
2026-05-13 02:20:00,0
2026-05-13 02:30:00,0
2026-05-13 02:40:00,0
2026-05-13 02:50:00,0
2026-05-13 03:00:00,0
2026-05-13 03:10:00,0
2026-05-13 03:20:00,0
2026-05-13 03:30:00,0
2026-05-13 03:40:00,0
2026-05-13 03:50:00,0
2026-05-13 04:00:00,0
2026-05-13 04:10:00,0
2026-05-13 04:20:00,0
2026-05-13 04:30:00,0
2026-05-13 04:40:00,0
2026-05-13 04:50:00,0
2026-05-13 05:00:00,0.31428571428571433
2026-05-13 05:10:00,22.44285714285714
2026-05-13 05:20:00,111.13333333333333
2026-05-13 05:30:00,359.09999999999997
2026-05-13 05:40:00,749.8857142857142
2026-05-13 05:50:00,1128.6166666666666
2026-05-13 06:00:00,1468.4142857142856
2026-05-13 06:10:00,2025.0714285714287
2026-05-13 06:20:00,2162.2000000000003
2026-05-13 06:30:00,2706.983333333333
2026-05-13 06:40:00,4349.9571428571435
2026-05-13 06:50:00,5564
2026-05-13 07:00:00,6164.500000000001
2026-05-13 07:10:00,7078.528571428571
2026-05-13 07:20:00,8510.671428571428
2026-05-13 07:30:00,11231.166666666666
2026-05-13 07:40:00,13920.785714285714
2026-05-13 07:50:00,15485.642857142859
2026-05-13 08:00:00,12890.583333333334
2026-05-13 08:10:00,12851.714285714286
2026-05-13 08:20:00,15975.614285714286
2026-05-13 08:30:00,18470.166666666668
2026-05-13 08:40:00,18782.81428571429
2026-05-13 08:50:00,18982.5
2026-05-13 09:00:00,20235.983333333334
2026-05-13 09:10:00,19811.62857142857
2026-05-13 09:20:00,20938.433333333334
2026-05-13 09:30:00,21242.571428571428
2026-05-13 09:40:00,21994.285714285714
2026-05-13 09:50:00,20839.166666666668
2026-05-13 10:00:00,23165.942857142854
2026-05-13 10:10:00,20184.87142857143
2026-05-13 10:20:00,16091.449999999997
2026-05-13 10:30:00,17155.285714285714
2026-05-13 10:40:00,12754.342857142858
2026-05-13 10:50:00,21935.866666666665
2026-05-13 11:00:00,23118.342857142856
2026-05-13 11:10:00,17018.885714285712
2026-05-13 11:20:00,12667.300000000001
2026-05-13 11:30:00,16336.57142857143
2026-05-13 11:40:00,11245.357142857143
2026-05-13 11:50:00,8136.016666666667
2026-05-13 12:00:00,9479.585714285713
2026-05-13 12:10:00,9901.671428571428
2026-05-13 12:20:00,9232.033333333333
2026-05-13 12:30:00,8968.4
2026-05-13 12:40:00,6822.3
2026-05-13 12:50:00,9650.983333333332
2026-05-13 13:00:00,16013.414285714285
2026-05-13 13:10:00,13596.357142857143
2026-05-13 13:20:00,12991.283333333333
2026-05-13 13:30:00,11995.857142857143
2026-05-13 13:40:00,13106.175000000001
2026-05-13 13:50:00,16723.957142857143
2026-05-13 14:00:00,10314.4
2026-05-13 14:10:00,10049.414285714287
2026-05-13 14:20:00,9343.471428571429
2026-05-13 14:30:00,8827.050000000001
2026-05-13 14:40:00,8938.6
2026-05-13 14:50:00,12752.17142857143
2026-05-13 15:00:00,12043.316666666666
2026-05-13 15:10:00,12296.885714285714
2026-05-13 15:20:00,11938.714285714286
2026-05-13 15:30:00,11560.916666666666
2026-05-13 15:40:00,10400.57142857143
2026-05-13 15:50:00,8028.685714285716
2026-05-13 16:00:00,7270.133333333334
2026-05-13 16:10:00,6870.828571428571
2026-05-13 16:20:00,6390.085714285714
2026-05-13 16:30:00,5418.65
2026-05-13 16:40:00,4354.871428571429
2026-05-13 16:50:00,4004.657142857143
2026-05-13 17:00:00,3641.7000000000003
2026-05-13 17:10:00,2687.3857142857146
2026-05-13 17:20:00,1932.5857142857144
2026-05-13 17:30:00,1002.0833333333334
2026-05-13 17:40:00,330.54285714285714
2026-05-13 17:50:00,140.48333333333335
2026-05-13 18:00:00,66.68571428571428
2026-05-13 18:10:00,4
2026-05-13 18:20:00,0
2026-05-13 18:30:00,0
2026-05-13 18:40:00,0
2026-05-13 18:50:00,0
2026-05-13 19:00:00,0
2026-05-13 19:10:00,0
2026-05-13 19:20:00,0
2026-05-13 19:30:00,0
2026-05-13 19:40:00,0
2026-05-13 19:50:00,0
2026-05-13 20:00:00,0
2026-05-13 20:10:00,0
2026-05-13 20:20:00,0
2026-05-13 20:30:00,0
2026-05-13 20:40:00,0
2026-05-13 20:50:00,0
2026-05-13 21:00:00,0
2026-05-13 21:10:00,0
2026-05-13 21:20:00,0
2026-05-13 21:30:00,0
2026-05-13 21:40:00,0
2026-05-13 21:50:00,0
2026-05-13 22:00:00,0
2026-05-13 22:10:00,0
2026-05-13 22:20:00,0
2026-05-13 22:30:00,0
2026-05-13 22:40:00,0
2026-05-13 22:50:00,0
2026-05-13 23:00:00,0
2026-05-13 23:10:00,0
2026-05-13 23:20:00,0
2026-05-13 23:30:00,0
2026-05-13 23:40:00,0
2026-05-13 23:50:00,0
2026-05-14 00:00:00,0
2026-05-14 00:10:00,0
2026-05-14 00:20:00,0
2026-05-14 00:30:00,0
2026-05-14 00:40:00,0
2026-05-14 00:50:00,0
2026-05-14 01:00:00,0
2026-05-14 01:10:00,0
2026-05-14 01:20:00,0
2026-05-14 01:30:00,0
2026-05-14 01:40:00,0
2026-05-14 01:50:00,0
2026-05-14 02:00:00,0
2026-05-14 02:10:00,0
2026-05-14 02:20:00,0
2026-05-14 02:30:00,0
2026-05-14 02:40:00,0
2026-05-14 02:50:00,0
2026-05-14 03:00:00,0
2026-05-14 03:10:00,0
2026-05-14 03:20:00,0
2026-05-14 03:30:00,0
2026-05-14 03:40:00,0
2026-05-14 03:50:00,0
2026-05-14 04:00:00,0
2026-05-14 04:10:00,0
2026-05-14 04:20:00,0
2026-05-14 04:30:00,0
2026-05-14 04:40:00,0
2026-05-14 04:50:00,0
2026-05-14 05:00:00,2.1666666666666665
2026-05-14 05:10:00,34.114285714285714
2026-05-14 05:20:00,152.07142857142858
2026-05-14 05:30:00,443.3333333333333
2026-05-14 05:40:00,1003.9142857142858
2026-05-14 05:50:00,1728.6142857142856
2026-05-14 06:00:00,1989.8166666666666
2026-05-14 06:10:00,2022.6142857142856
2026-05-14 06:20:00,2166.3714285714286
2026-05-14 06:30:00,3425.9500000000003
2026-05-14 06:40:00,5761.242857142856
2026-05-14 06:50:00,7027.2
2026-05-14 07:00:00,7275.133333333334
2026-05-14 07:10:00,11804.142857142857
2026-05-14 07:20:00,12452.342857142856
2026-05-14 07:30:00,13318.116666666667
2026-05-14 07:40:00,14035.957142857142
2026-05-14 07:50:00,14946.2
2026-05-14 08:00:00,16277.099999999999
2026-05-14 08:10:00,16742.1
2026-05-14 08:20:00,16500.657142857144
2026-05-14 08:30:00,16560.933333333334
2026-05-14 08:40:00,18706.042857142857
2026-05-14 08:50:00,18067.657142857144
2026-05-14 09:00:00,19570.43333333333
2026-05-14 09:10:00,20063.528571428567
2026-05-14 09:20:00,20399.914285714283
2026-05-14 09:30:00,18353.666666666668
2026-05-14 09:40:00,21588.8
2026-05-14 09:50:00,18946.816666666666
2026-05-14 10:00:00,13446.757142857143
2026-05-14 10:10:00,18552.114285714284
2026-05-14 10:20:00,18120
2026-05-14 10:30:00,22870.714285714286
2026-05-14 10:40:00,19789.528571428575
2026-05-14 10:50:00,13112.416666666666
2026-05-14 11:00:00,23412.028571428575
2026-05-14 11:10:00,19160.985714285714
2026-05-14 11:20:00,11935.449999999999
2026-05-14 11:30:00,16412.77142857143
2026-05-14 11:40:00,21267.757142857143
2026-05-14 11:50:00,17562.34
2026-05-14 12:00:00,20073.120000000003
2026-05-14 12:10:00,23724.757142857143
2026-05-14 12:20:00,15750.471428571429
2026-05-14 12:30:00,14202.683333333332
2026-05-14 12:40:00,14610.128571428573
2026-05-14 12:50:00,14897.057142857142
2026-05-14 13:00:00,14811.233333333335
2026-05-14 13:10:00,14745.6
2026-05-14 13:20:00,18262.72857142857
2026-05-14 13:30:00,13792.300000000001
2026-05-14 13:40:00,11104.971428571429
2026-05-14 13:50:00,10045.128571428573
2026-05-14 14:00:00,10278.9
2026-05-14 14:10:00,8242.785714285714
2026-05-14 14:20:00,9035.657142857144
2026-05-14 14:30:00,8868.6
2026-05-14 14:40:00,7132.885714285715
2026-05-14 14:50:00,5679.828571428572
2026-05-14 15:00:00,4461.716666666666
2026-05-14 15:10:00,5307.800000000001
2026-05-14 15:20:00,5922.814285714286
2026-05-14 15:30:00,4163.183333333333
2026-05-14 15:40:00,2162.985714285714
2026-05-14 15:50:00,1471.814285714286
2026-05-14 16:00:00,1308.8999999999999
2026-05-14 16:10:00,641.1428571428571
2026-05-14 16:20:00,958.4714285714284
2026-05-14 16:30:00,1077.7166666666665
2026-05-14 16:40:00,818.7
2026-05-14 16:50:00,1240.4714285714288
2026-05-14 17:00:00,1192.7666666666667
2026-05-14 17:10:00,914.5285714285716
2026-05-14 17:20:00,650.9571428571428
2026-05-14 17:30:00,492.79999999999995
2026-05-14 17:40:00,597.2
2026-05-14 17:50:00,324.35
2026-05-14 18:00:00,71.9
2026-05-14 18:10:00,8.314285714285715
2026-05-14 18:20:00,0
2026-05-14 18:30:00,0
2026-05-14 18:40:00,0
2026-05-14 18:50:00,0
2026-05-14 19:00:00,0
2026-05-14 19:10:00,0
2026-05-14 19:20:00,0
2026-05-14 19:30:00,0
2026-05-14 19:40:00,0
2026-05-14 19:50:00,0
2026-05-14 20:00:00,0
2026-05-14 20:10:00,0
2026-05-14 20:20:00,0
2026-05-14 20:30:00,0
2026-05-14 20:40:00,0
2026-05-14 20:50:00,0
2026-05-14 21:00:00,0
2026-05-14 21:10:00,0
2026-05-14 21:20:00,0
2026-05-14 21:30:00,0
2026-05-14 21:40:00,0
2026-05-14 21:50:00,0
2026-05-14 22:00:00,0
2026-05-14 22:10:00,0
2026-05-14 22:20:00,0
2026-05-14 22:30:00,0
2026-05-14 22:40:00,0
2026-05-14 22:50:00,0
2026-05-14 23:00:00,0
2026-05-14 23:10:00,0
2026-05-14 23:20:00,0
2026-05-14 23:30:00,0
2026-05-14 23:40:00,0
2026-05-14 23:50:00,0
2026-05-15 00:00:00,0
2026-05-15 00:10:00,0
2026-05-15 00:20:00,0
2026-05-15 00:30:00,0
2026-05-15 00:40:00,0
2026-05-15 00:50:00,0
2026-05-15 01:00:00,0
2026-05-15 01:10:00,0
2026-05-15 01:20:00,0
2026-05-15 01:30:00,0
2026-05-15 01:40:00,0
2026-05-15 01:50:00,0
2026-05-15 02:00:00,0
2026-05-15 02:10:00,0
2026-05-15 02:20:00,0
2026-05-15 02:30:00,0
2026-05-15 02:40:00,0
2026-05-15 02:50:00,0
2026-05-15 03:00:00,0
2026-05-15 03:10:00,0
2026-05-15 03:20:00,0
2026-05-15 03:30:00,0
2026-05-15 03:40:00,0
2026-05-15 03:50:00,0
2026-05-15 04:00:00,0
2026-05-15 04:10:00,0
2026-05-15 04:20:00,0
2026-05-15 04:30:00,0
2026-05-15 04:40:00,0
2026-05-15 04:50:00,0
2026-05-15 05:00:00,0.9285714285714286
2026-05-15 05:10:00,29.485714285714284
2026-05-15 05:20:00,137.61666666666667
2026-05-15 05:30:00,383.37142857142857
2026-05-15 05:40:00,916.3857142857144
2026-05-15 05:50:00,1499.216666666667
2026-05-15 06:00:00,1713.8571428571427
2026-05-15 06:10:00,2359.2999999999997
2026-05-15 06:20:00,2609.1666666666674
2026-05-15 06:30:00,3160.4571428571426
2026-05-15 06:40:00,4102.342857142858
2026-05-15 06:50:00,3599.066666666667
2026-05-15 07:00:00,3346.942857142857
2026-05-15 07:10:00,4127.557142857143
2026-05-15 07:20:00,6928.933333333333
2026-05-15 07:30:00,6666.5428571428565
2026-05-15 07:40:00,7248.4
2026-05-15 07:50:00,6305.700000000001
2026-05-15 08:00:00,6501.885714285714
2026-05-15 08:10:00,12145.157142857142
2026-05-15 08:20:00,11991.316666666666
2026-05-15 08:30:00,15871.785714285714
2026-05-15 08:40:00,18391.471428571425
2026-05-15 08:50:00,19344.283333333336
2026-05-15 09:00:00,20155.7
2026-05-15 09:10:00,20506.814285714285
2026-05-15 09:20:00,21018.016666666666
2026-05-15 09:30:00,21966.042857142857
2026-05-15 09:40:00,18651.957142857143
2026-05-15 09:50:00,18774.7
2026-05-15 10:00:00,20612.879999999997
2026-05-15 10:10:00,14031.67142857143
2026-05-15 10:20:00,22176
2026-05-15 10:30:00,14541.314285714287
2026-05-15 10:40:00,14529.014285714284
2026-05-15 10:50:00,19569.016666666666
2026-05-15 11:00:00,19481.399999999998
2026-05-15 11:10:00,16175.92857142857
2026-05-15 11:20:00,17203.916666666664
2026-05-15 11:30:00,16261.928571428574
2026-05-15 11:40:00,16831.5
2026-05-15 11:50:00,14408.766666666665
2026-05-15 12:00:00,16797.385714285712
2026-05-15 12:10:00,23049.528571428575
2026-05-15 12:20:00,21846.61666666667
2026-05-15 12:30:00,19601.500000000004
2026-05-15 12:40:00,18884.799999999996
2026-05-15 12:50:00,11745.15
2026-05-15 13:00:00,10394.42857142857
2026-05-15 13:10:00,9817.485714285713
2026-05-15 13:20:00,12555.466666666665
2026-05-15 13:30:00,9200.014285714286
2026-05-15 13:40:00,9478.671428571428
2026-05-15 13:50:00,10963.466666666667
2026-05-15 14:00:00,16113.571428571426
2026-05-15 14:10:00,12901.185714285715
2026-05-15 14:20:00,14028.133333333333
2026-05-15 14:30:00,14015.385714285716
2026-05-15 14:40:00,15043.9
2026-05-15 14:50:00,14040.683333333334
2026-05-15 15:00:00,10537.557142857142
2026-05-15 15:10:00,5258.642857142858
2026-05-15 15:20:00,3001.9666666666667
2026-05-15 15:30:00,1587.9142857142858
2026-05-15 15:40:00,1064.1285714285714
2026-05-15 15:50:00,1030.7333333333333
2026-05-15 16:00:00,1082.8714285714284
2026-05-15 16:10:00,1694.8285714285714
2026-05-15 16:20:00,3329.9
2026-05-15 16:30:00,4236.914285714286
2026-05-15 16:40:00,5415.942857142857
2026-05-15 16:50:00,4373.183333333333
2026-05-15 17:00:00,3493.785714285714
2026-05-15 17:10:00,3000.1
2026-05-15 17:20:00,2697.3333333333335
2026-05-15 17:30:00,2809.657142857143
2026-05-15 17:40:00,1741.2142857142858
2026-05-15 17:50:00,721.1
2026-05-15 18:00:00,200.28571428571428
2026-05-15 18:10:00,15.385714285714286
2026-05-15 18:20:00,0
2026-05-15 18:30:00,0
2026-05-15 18:40:00,0
2026-05-15 18:50:00,0
2026-05-15 19:00:00,0
2026-05-15 19:10:00,0
2026-05-15 19:20:00,0
2026-05-15 19:30:00,0
2026-05-15 19:40:00,0
2026-05-15 19:50:00,0
2026-05-15 20:00:00,0
2026-05-15 20:10:00,0
2026-05-15 20:20:00,0
2026-05-15 20:30:00,0
2026-05-15 20:40:00,0
2026-05-15 20:50:00,0
2026-05-15 21:00:00,0
2026-05-15 21:10:00,0
2026-05-15 21:20:00,0
2026-05-15 21:30:00,0
2026-05-15 21:40:00,0
2026-05-15 21:50:00,0
2026-05-15 22:00:00,0
2026-05-15 22:10:00,0
2026-05-15 22:20:00,0
2026-05-15 22:30:00,0
2026-05-15 22:40:00,0
2026-05-15 22:50:00,0
2026-05-15 23:00:00,0
2026-05-15 23:10:00,0
2026-05-15 23:20:00,0
2026-05-15 23:30:00,0
2026-05-15 23:40:00,0
2026-05-15 23:50:00,0
2026-05-16 00:00:00,0
2026-05-16 00:10:00,0
2026-05-16 00:20:00,0
2026-05-16 00:30:00,0
2026-05-16 00:40:00,0
2026-05-16 00:50:00,0
2026-05-16 01:00:00,0
2026-05-16 01:10:00,0
2026-05-16 01:20:00,0
2026-05-16 01:30:00,0
2026-05-16 01:40:00,0
2026-05-16 01:50:00,0
2026-05-16 02:00:00,0
2026-05-16 02:10:00,0
2026-05-16 02:20:00,0
2026-05-16 02:30:00,0
2026-05-16 02:40:00,0
2026-05-16 02:50:00,0
2026-05-16 03:00:00,0
2026-05-16 03:10:00,0
2026-05-16 03:20:00,0
2026-05-16 03:30:00,0
2026-05-16 03:40:00,0
2026-05-16 03:50:00,0
2026-05-16 04:00:00,0
2026-05-16 04:10:00,0
2026-05-16 04:20:00,0
2026-05-16 04:30:00,0
2026-05-16 04:40:00,0
2026-05-16 04:50:00,0
2026-05-16 05:00:00,0.9285714285714286
2026-05-16 05:10:00,27.057142857142857
2026-05-16 05:20:00,116.11666666666667
2026-05-16 05:30:00,359.7142857142857
2026-05-16 05:40:00,716.1
2026-05-16 05:50:00,1037.9166666666667
2026-05-16 06:00:00,1477.9285714285713
2026-05-16 06:10:00,1905.5571428571432
2026-05-16 06:20:00,2305.233333333333
2026-05-16 06:30:00,2847.457142857143
2026-05-16 06:40:00,4225.528571428572
2026-05-16 06:50:00,5743.366666666666
2026-05-16 07:00:00,6395.585714285714
2026-05-16 07:10:00,7721.771428571429
2026-05-16 07:20:00,7188.783333333334
2026-05-16 07:30:00,11330.142857142857
2026-05-16 07:40:00,14278.942857142858
2026-05-16 07:50:00,13609.883333333333
2026-05-16 08:00:00,12136.242857142859
2026-05-16 08:10:00,9896.7
2026-05-16 08:20:00,8151.8
2026-05-16 08:30:00,11620.442857142858
2026-05-16 08:40:00,10683.514285714287
2026-05-16 08:50:00,9645.633333333335
2026-05-16 09:00:00,10141.585714285713
2026-05-16 09:10:00,12905.471428571429
2026-05-16 09:20:00,11869.833333333334
2026-05-16 09:30:00,14657.771428571428
2026-05-16 09:40:00,17696.571428571428
2026-05-16 09:50:00,14029.933333333334
2026-05-16 10:00:00,11081.614285714284
2026-05-16 10:10:00,11990.92857142857
2026-05-16 10:20:00,15628.383333333333
2026-05-16 10:30:00,22051.442857142858
2026-05-16 10:40:00,23655.614285714284
2026-05-16 10:50:00,22915.733333333334
2026-05-16 11:00:00,22674.757142857146
2026-05-16 11:10:00,23212.957142857143
2026-05-16 11:20:00,22165.96666666667
2026-05-16 11:30:00,23558.557142857142
2026-05-16 11:40:00,16658.214285714286
2026-05-16 11:50:00,16447.31666666667
2026-05-16 12:00:00,12360.185714285715
2026-05-16 12:10:00,13061.542857142858
2026-05-16 12:20:00,11582.433333333334
2026-05-16 12:30:00,9601.828571428572
2026-05-16 12:40:00,10176.92857142857
2026-05-16 12:50:00,12177.366666666669
2026-05-16 13:00:00,19862.31428571429
2026-05-16 13:10:00,17127.942857142854
2026-05-16 13:20:00,15767.466666666665
2026-05-16 13:30:00,7710.414285714287
2026-05-16 13:40:00,4687.871428571429
2026-05-16 13:50:00,5846.583333333333
2026-05-16 14:00:00,6236.785714285715
2026-05-16 14:10:00,4490.028571428572
2026-05-16 14:20:00,4485
2026-05-16 14:30:00,5992.242857142856
2026-05-16 14:40:00,8851.671428571428
2026-05-16 14:50:00,11305.366666666667
2026-05-16 15:00:00,11592.514285714287
2026-05-16 15:10:00,9555.442857142858
2026-05-16 15:20:00,6941.483333333333
2026-05-16 15:30:00,6370.575
2026-05-16 15:40:00,6571.314285714286
2026-05-16 15:50:00,4948.066666666667
2026-05-16 16:00:00,3901.4285714285716
2026-05-16 16:10:00,4280.828571428572
2026-05-16 16:20:00,3414.816666666667
2026-05-16 16:30:00,2205.385714285714
2026-05-16 16:40:00,2515.328571428571
2026-05-16 16:50:00,2443.9333333333334
2026-05-16 17:00:00,2628.714285714286
2026-05-16 17:10:00,2723.0285714285715
2026-05-16 17:20:00,2374.766666666667
2026-05-16 17:30:00,2173.1428571428573
2026-05-16 17:40:00,1195.6142857142856
2026-05-16 17:50:00,440.11666666666673
2026-05-16 18:00:00,171.1
2026-05-16 18:10:00,20
2026-05-16 18:20:00,0
2026-05-16 18:30:00,0
2026-05-16 18:40:00,0
2026-05-16 18:50:00,0
2026-05-16 19:00:00,0
2026-05-16 19:10:00,0
2026-05-16 19:20:00,0
2026-05-16 19:30:00,0
2026-05-16 19:40:00,0
2026-05-16 19:50:00,0
2026-05-16 20:00:00,0
2026-05-16 20:10:00,0
2026-05-16 20:20:00,0
2026-05-16 20:30:00,0
2026-05-16 20:40:00,0
2026-05-16 20:50:00,0
2026-05-16 21:00:00,0
2026-05-16 21:10:00,0
2026-05-16 21:20:00,0
2026-05-16 21:30:00,0
2026-05-16 21:40:00,0
2026-05-16 21:50:00,0
2026-05-16 22:00:00,0
2026-05-16 22:10:00,0
2026-05-16 22:20:00,0
2026-05-16 22:30:00,0
2026-05-16 22:40:00,0
2026-05-16 22:50:00,0
2026-05-16 23:00:00,0
2026-05-16 23:10:00,0
2026-05-16 23:20:00,0
2026-05-16 23:30:00,0
2026-05-16 23:40:00,0
2026-05-16 23:50:00,0
2026-05-17 00:00:00,0
2026-05-17 00:10:00,0
2026-05-17 00:20:00,0
2026-05-17 00:30:00,0
2026-05-17 00:40:00,0
2026-05-17 00:50:00,0
2026-05-17 01:00:00,0
2026-05-17 01:10:00,0
2026-05-17 01:20:00,0
2026-05-17 01:30:00,0
2026-05-17 01:40:00,0
2026-05-17 01:50:00,0
2026-05-17 02:00:00,0
2026-05-17 02:10:00,0
2026-05-17 02:20:00,0
2026-05-17 02:30:00,0
2026-05-17 02:40:00,0
2026-05-17 02:50:00,0
2026-05-17 03:00:00,0
2026-05-17 03:10:00,0
2026-05-17 03:20:00,0
2026-05-17 03:30:00,0
2026-05-17 03:40:00,0
2026-05-17 03:50:00,0
2026-05-17 04:00:00,0
2026-05-17 04:10:00,0
2026-05-17 04:20:00,0
2026-05-17 04:30:00,0
2026-05-17 04:40:00,0
2026-05-17 04:50:00,0
2026-05-17 05:00:00,1.8571428571428572
2026-05-17 05:10:00,25.514285714285712
2026-05-17 05:20:00,115.76666666666667
2026-05-17 05:30:00,343.15714285714284
2026-05-17 05:40:00,740.9571428571428
2026-05-17 05:50:00,1001.4
2026-05-17 06:00:00,1240.4857142857145
2026-05-17 06:10:00,1624.142857142857
2026-05-17 06:20:00,2098.25
2026-05-17 06:30:00,3469.3000000000006
2026-05-17 06:40:00,6040.77142857143
2026-05-17 06:50:00,6679.457142857143
2026-05-17 07:00:00,8292.65
2026-05-17 07:10:00,7095.4
2026-05-17 07:20:00,9376.1
2026-05-17 07:30:00,8945.042857142857
2026-05-17 07:40:00,8234.185714285715
2026-05-17 07:50:00,9638.449999999999
2026-05-17 08:00:00,10033.757142857141
2026-05-17 08:10:00,10923.128571428571
2026-05-17 08:20:00,11348.383333333331
2026-05-17 08:30:00,10101.042857142858
2026-05-17 08:40:00,11074.27142857143
2026-05-17 08:50:00,10881.749999999998
2026-05-17 09:00:00,14563.742857142857
2026-05-17 09:10:00,20763.028571428575
2026-05-17 09:20:00,18641.466666666667
2026-05-17 09:30:00,21031.22857142857
2026-05-17 09:40:00,19180.04285714286
2026-05-17 09:50:00,13060.816666666666
2026-05-17 10:00:00,20070.314285714285
2026-05-17 10:10:00,19431.314285714285
2026-05-17 10:20:00,20393.31666666667
2026-05-17 10:30:00,21723.04285714286
2026-05-17 10:40:00,24007.7
2026-05-17 10:50:00,18412.8
2026-05-17 11:00:00,16795.242857142857
2026-05-17 11:10:00,11645.657142857144
2026-05-17 11:20:00,10758.433333333332
2026-05-17 11:30:00,8514.371428571427
2026-05-17 11:40:00,8371.485714285714
2026-05-17 11:50:00,8594.416666666666
2026-05-17 12:00:00,9428.285714285714
2026-05-17 12:10:00,13815.085714285713
2026-05-17 12:20:00,15959.200000000003
2026-05-17 12:30:00,14114.300000000001
2026-05-17 12:40:00,14224.885714285714
2026-05-17 12:50:00,21391.100000000002
2026-05-17 13:00:00,12965.071428571426
2026-05-17 13:10:00,10682.571428571426
2026-05-17 13:20:00,8705.9
2026-05-17 13:30:00,12020.414285714287
2026-05-17 13:40:00,11081.55
2026-05-17 13:50:00,9833.785714285714
2026-05-17 14:00:00,14492.616666666667
2026-05-17 14:10:00,11918.442857142858
2026-05-17 14:20:00,9608
2026-05-17 14:30:00,6510.7
2026-05-17 14:40:00,6806.314285714287
2026-05-17 14:50:00,8828
2026-05-17 15:00:00,8486.933333333332
2026-05-17 15:10:00,8245.871428571429
2026-05-17 15:20:00,8943.516666666665
2026-05-17 15:30:00,9948.371428571429
2026-05-17 15:40:00,8816.32857142857
2026-05-17 15:50:00,5698.200000000001
2026-05-17 16:00:00,6398.671428571428
2026-05-17 16:10:00,5710.228571428571
2026-05-17 16:20:00,5305.400000000001
2026-05-17 16:30:00,5274.6285714285705
2026-05-17 16:40:00,4942.542857142857
2026-05-17 16:50:00,3745.266666666667
2026-05-17 17:00:00,2634.5285714285715
2026-05-17 17:10:00,2139.9571428571426
2026-05-17 17:20:00,1137.5500000000002
2026-05-17 17:30:00,721.6142857142858
2026-05-17 17:40:00,464.50000000000006
2026-05-17 17:50:00,147.28333333333333
2026-05-17 18:00:00,39.34285714285714
2026-05-17 18:10:00,3.4
2026-05-17 18:20:00,0
2026-05-17 18:30:00,0
2026-05-17 18:40:00,0
2026-05-17 18:50:00,0
2026-05-17 19:00:00,0
2026-05-17 19:10:00,0
2026-05-17 19:20:00,0
2026-05-17 19:30:00,0
2026-05-17 19:40:00,0
2026-05-17 19:50:00,0
2026-05-17 20:00:00,0
2026-05-17 20:10:00,0
2026-05-17 20:20:00,0
2026-05-17 20:30:00,0
2026-05-17 20:40:00,0
2026-05-17 20:50:00,0
2026-05-17 21:00:00,0
2026-05-17 21:10:00,0
2026-05-17 21:20:00,0
2026-05-17 21:30:00,0
2026-05-17 21:40:00,0
2026-05-17 21:50:00,0
2026-05-17 22:00:00,0
2026-05-17 22:10:00,0
2026-05-17 22:20:00,0
2026-05-17 22:30:00,0
2026-05-17 22:40:00,0
2026-05-17 22:50:00,0
2026-05-17 23:00:00,0
2026-05-17 23:10:00,0
2026-05-17 23:20:00,0
2026-05-17 23:30:00,0
2026-05-17 23:40:00,0
2026-05-17 23:50:00,0
2026-05-18 00:00:00,0
2026-05-18 00:10:00,0
2026-05-18 00:20:00,0
2026-05-18 00:30:00,0
2026-05-18 00:40:00,0
2026-05-18 00:50:00,0
2026-05-18 01:00:00,0
2026-05-18 01:10:00,0
2026-05-18 01:20:00,0
2026-05-18 01:30:00,0
2026-05-18 01:40:00,0
2026-05-18 01:50:00,0
2026-05-18 02:00:00,0
2026-05-18 02:10:00,0
2026-05-18 02:20:00,0
2026-05-18 02:30:00,0
2026-05-18 02:40:00,0
2026-05-18 02:50:00,0
2026-05-18 03:00:00,0
2026-05-18 03:10:00,0
2026-05-18 03:20:00,0
2026-05-18 03:30:00,0
2026-05-18 03:40:00,0
2026-05-18 03:50:00,0
2026-05-18 04:00:00,0
2026-05-18 04:10:00,0
2026-05-18 04:20:00,0
2026-05-18 04:30:00,0
2026-05-18 04:40:00,0
2026-05-18 04:50:00,0
2026-05-18 05:00:00,1.0833333333333333
2026-05-18 05:10:00,43.942857142857136
2026-05-18 05:20:00,174.17142857142858
2026-05-18 05:30:00,416.48333333333335
2026-05-18 05:40:00,820.2285714285714
2026-05-18 05:50:00,1133.8857142857141
2026-05-18 06:00:00,1837.8666666666668
2026-05-18 06:10:00,2675.714285714286
2026-05-18 06:20:00,3356.785714285714
2026-05-18 06:30:00,3530.9500000000003
2026-05-18 06:40:00,3918.9285714285716
2026-05-18 06:50:00,4919.814285714286
2026-05-18 07:00:00,5635.849999999999
2026-05-18 07:10:00,6975.285714285715
2026-05-18 07:20:00,9894.9
2026-05-18 07:30:00,10652.699999999999
2026-05-18 07:40:00,12656.628571428573
2026-05-18 07:50:00,14777.9
2026-05-18 08:00:00,15225.77142857143
2026-05-18 08:10:00,15256.471428571427
2026-05-18 08:20:00,13767.216666666665
2026-05-18 08:30:00,11418.6
2026-05-18 08:40:00,12480.300000000001
2026-05-18 08:50:00,14833.1
2026-05-18 09:00:00,16466.528571428575
2026-05-18 09:10:00,18228.028571428567
2026-05-18 09:20:00,17674.86666666667
2026-05-18 09:30:00,16880.65714285714
2026-05-18 09:40:00,19026.414285714283
2026-05-18 09:50:00,19656.100000000002
2026-05-18 10:00:00,16951.58571428571
2026-05-18 10:10:00,17412.399999999998
2026-05-18 10:20:00,19089.466666666664
2026-05-18 10:30:00,18972.971428571425
2026-05-18 10:40:00,20985.757142857146
2026-05-18 10:50:00,19224.583333333332
2026-05-18 11:00:00,15309.614285714284
2026-05-18 11:10:00,17000.14285714286
2026-05-18 11:20:00,18071.250000000004
2026-05-18 11:30:00,16464.057142857142
2026-05-18 11:40:00,18057.828571428574
2026-05-18 11:50:00,14465.720000000001
2026-05-18 12:00:00,14377.16
2026-05-18 12:10:00,14498
2026-05-18 12:20:00,12954.914285714285
2026-05-18 12:30:00,13708.800000000001
2026-05-18 12:40:00,12842.814285714287
2026-05-18 12:50:00,14635.628571428571
2026-05-18 13:00:00,12684.85
2026-05-18 13:10:00,18180.100000000002
2026-05-18 13:20:00,12749.414285714287
2026-05-18 13:30:00,11046.25
2026-05-18 13:40:00,16647.18571428571
2026-05-18 13:50:00,18789.87142857143
2026-05-18 14:00:00,15705.799999999997
2026-05-18 14:10:00,14606.128571428571
2026-05-18 14:20:00,15433.114285714286
2026-05-18 14:30:00,14371.116666666667
2026-05-18 14:40:00,13788.057142857144
2026-05-18 14:50:00,13552.742857142859
2026-05-18 15:00:00,12781.266666666665
2026-05-18 15:10:00,13316.2
2026-05-18 15:20:00,14132.742857142857
2026-05-18 15:30:00,9315.533333333333
2026-05-18 15:40:00,7589.057142857143
2026-05-18 15:50:00,5820.433333333333
2026-05-18 16:00:00,3996.357142857142
2026-05-18 16:10:00,3044.0571428571425
2026-05-18 16:20:00,2580.8333333333335
2026-05-18 16:30:00,2311.985714285714
2026-05-18 16:40:00,2137.8142857142857
2026-05-18 16:50:00,2474.4166666666665
2026-05-18 17:00:00,2527.328571428571
2026-05-18 17:10:00,2186.342857142857
2026-05-18 17:20:00,1619.25
2026-05-18 17:30:00,926.2285714285715
2026-05-18 17:40:00,480.4571428571429
2026-05-18 17:50:00,212.9
2026-05-18 18:00:00,71.89999999999999
2026-05-18 18:10:00,8.942857142857141
2026-05-18 18:20:00,0
2026-05-18 18:30:00,0
2026-05-18 18:40:00,0
2026-05-18 18:50:00,0
2026-05-18 19:00:00,0
2026-05-18 19:10:00,0
2026-05-18 19:20:00,0
2026-05-18 19:30:00,0
2026-05-18 19:40:00,0
2026-05-18 19:50:00,0
2026-05-18 20:00:00,0
2026-05-18 20:10:00,0
2026-05-18 20:20:00,0
2026-05-18 20:30:00,0
2026-05-18 20:40:00,0
2026-05-18 20:50:00,0
2026-05-18 21:00:00,0
2026-05-18 21:10:00,0
2026-05-18 21:20:00,0
2026-05-18 21:30:00,0
2026-05-18 21:40:00,0
2026-05-18 21:50:00,0
2026-05-18 22:00:00,0
2026-05-18 22:10:00,0
2026-05-18 22:20:00,0
2026-05-18 22:30:00,0
2026-05-18 22:40:00,0
2026-05-18 22:50:00,0
2026-05-18 23:00:00,0
2026-05-18 23:10:00,0
2026-05-18 23:20:00,0
2026-05-18 23:30:00,0
2026-05-18 23:40:00,0
2026-05-18 23:50:00,0
2026-05-19 00:00:00,0
2026-05-19 00:10:00,0
2026-05-19 00:20:00,0
2026-05-19 00:30:00,0
2026-05-19 00:40:00,0
2026-05-19 00:50:00,0
2026-05-19 01:00:00,0
2026-05-19 01:10:00,0
2026-05-19 01:20:00,0
2026-05-19 01:30:00,0
2026-05-19 01:40:00,0
2026-05-19 01:50:00,0
2026-05-19 02:00:00,0
2026-05-19 02:10:00,0
2026-05-19 02:20:00,0
2026-05-19 02:30:00,0
2026-05-19 02:40:00,0
2026-05-19 02:50:00,0
2026-05-19 03:00:00,0
2026-05-19 03:10:00,0
2026-05-19 03:20:00,0
2026-05-19 03:30:00,0
2026-05-19 03:40:00,0
2026-05-19 03:50:00,0
2026-05-19 04:00:00,0
2026-05-19 04:10:00,0
2026-05-19 04:20:00,0
2026-05-19 04:30:00,0
2026-05-19 04:40:00,0
2026-05-19 04:50:00,0
2026-05-19 05:00:00,0.3666666666666667
2026-05-19 05:10:00,17.228571428571428
2026-05-19 05:20:00,91.55714285714285
2026-05-19 05:30:00,216.43333333333337
2026-05-19 05:40:00,328.1
2026-05-19 05:50:00,419.0285714285714
2026-05-19 06:00:00,527.1833333333333
2026-05-19 06:10:00,488.12857142857143
2026-05-19 06:20:00,388.61428571428576
2026-05-19 06:30:00,441.88333333333327
2026-05-19 06:40:00,495.1857142857143
2026-05-19 06:50:00,473.3999999999999
2026-05-19 07:00:00,467.7166666666667
2026-05-19 07:10:00,631.9142857142858
2026-05-19 07:20:00,703.1714285714287
2026-05-19 07:30:00,825.0333333333333
2026-05-19 07:40:00,1321.857142857143
2026-05-19 07:50:00,2361.7428571428572
2026-05-19 08:00:00,3181.15
2026-05-19 08:10:00,4313.685714285714
2026-05-19 08:20:00,5339.450000000001
2026-05-19 08:30:00,5299.800000000001
2026-05-19 08:40:00,4765.285714285715
2026-05-19 08:50:00,3189.0499999999997
2026-05-19 09:00:00,4969.885714285714
2026-05-19 09:10:00,5870.6
2026-05-19 09:20:00,4973.166666666667
2026-05-19 09:30:00,6038.628571428571
2026-05-19 09:40:00,7425.642857142858
2026-05-19 09:50:00,8300.55
2026-05-19 10:00:00,11598.642857142857
2026-05-19 10:10:00,16602.15
2026-05-19 10:20:00,16881.557142857142
2026-05-19 10:30:00,17259.466666666664
2026-05-19 10:40:00,19028.27142857143
2026-05-19 10:50:00,17617.6
2026-05-19 11:00:00,18370.5
2026-05-19 11:10:00,18714.62857142857
2026-05-19 11:20:00,17598.257142857143
2026-05-19 11:30:00,16035.166666666666
2026-05-19 11:40:00,16084.685714285715
2026-05-19 11:50:00,16148.9
2026-05-19 12:00:00,12702.433333333334
2026-05-19 12:10:00,16288.371428571429
2026-05-19 12:20:00,20825.08571428571
2026-05-19 12:30:00,18596.283333333336
2026-05-19 12:40:00,15305.314285714287
2026-05-19 12:50:00,19438.085714285717
2026-05-19 13:00:00,19057.56666666667
2026-05-19 13:10:00,16398.62857142857
2026-05-19 13:20:00,22681.514285714286
2026-05-19 13:30:00,23211.783333333336
2026-05-19 13:40:00,16656.35714285714
2026-05-19 13:50:00,8162.314285714286
2026-05-19 14:00:00,5991.400000000001
2026-05-19 14:10:00,6915.7
2026-05-19 14:20:00,7912.857142857143
2026-05-19 14:30:00,7768.683333333333
2026-05-19 14:40:00,7841.285714285715
2026-05-19 14:50:00,11991.842857142858
2026-05-19 15:00:00,12529.316666666666
2026-05-19 15:10:00,9225.828571428572
2026-05-19 15:20:00,12994.57142857143
2026-05-19 15:30:00,14194.1
2026-05-19 15:40:00,11650.857142857141
2026-05-19 15:50:00,10141.885714285714
2026-05-19 16:00:00,8298.766666666668
2026-05-19 16:10:00,6261.671428571428
2026-05-19 16:20:00,5547.316666666667
2026-05-19 16:30:00,5228.8714285714295
2026-05-19 16:40:00,5217.199999999999
2026-05-19 16:50:00,4886.416666666667
2026-05-19 17:00:00,4375.142857142857
2026-05-19 17:10:00,3493.4714285714285
2026-05-19 17:20:00,2746.4
2026-05-19 17:30:00,2141.775
2026-05-19 17:40:00,1254.9
2026-05-19 17:50:00,436.2142857142857
2026-05-19 18:00:00,126.51666666666667
2026-05-19 18:10:00,15.371428571428572
2026-05-19 18:20:00,0
2026-05-19 18:30:00,0
2026-05-19 18:40:00,0
2026-05-19 18:50:00,0
2026-05-19 19:00:00,0
2026-05-19 19:10:00,0
2026-05-19 19:20:00,0
2026-05-19 19:30:00,0
2026-05-19 19:40:00,0
2026-05-19 19:50:00,0
2026-05-19 20:00:00,0
2026-05-19 20:10:00,0
2026-05-19 20:20:00,0
2026-05-19 20:30:00,0
2026-05-19 20:40:00,0
2026-05-19 20:50:00,0
2026-05-19 21:00:00,0
2026-05-19 21:10:00,0
2026-05-19 21:20:00,0
2026-05-19 21:30:00,0
2026-05-19 21:40:00,0
2026-05-19 21:50:00,0
2026-05-19 22:00:00,0
2026-05-19 22:10:00,0
2026-05-19 22:20:00,0
2026-05-19 22:30:00,0
2026-05-19 22:40:00,0
2026-05-19 22:50:00,0
2026-05-19 23:00:00,0
2026-05-19 23:10:00,0
2026-05-19 23:20:00,0
2026-05-19 23:30:00,0
2026-05-19 23:40:00,0
2026-05-19 23:50:00,0
2026-05-20 00:00:00,0
2026-05-20 00:10:00,0
2026-05-20 00:20:00,0
2026-05-20 00:30:00,0
2026-05-20 00:40:00,0
2026-05-20 00:50:00,0
2026-05-20 01:00:00,0
2026-05-20 01:10:00,0
2026-05-20 01:20:00,0
2026-05-20 01:30:00,0
2026-05-20 01:40:00,0
2026-05-20 01:50:00,0
2026-05-20 02:00:00,0
2026-05-20 02:10:00,0
2026-05-20 02:20:00,0
2026-05-20 02:30:00,0
2026-05-20 02:40:00,0
2026-05-20 02:50:00,0
2026-05-20 03:00:00,0
2026-05-20 03:10:00,0
2026-05-20 03:20:00,0
2026-05-20 03:30:00,0
2026-05-20 03:40:00,0
2026-05-20 03:50:00,0
2026-05-20 04:00:00,0
2026-05-20 04:10:00,0
2026-05-20 04:20:00,0
2026-05-20 04:30:00,0
2026-05-20 04:40:00,0
2026-05-20 04:50:00,0
2026-05-20 05:00:00,0.7333333333333334
2026-05-20 05:10:00,18.457142857142856
2026-05-20 05:20:00,99.84285714285714
2026-05-20 05:30:00,239.4
2026-05-20 05:40:00,476.45714285714286
2026-05-20 05:50:00,720.0571428571428
2026-05-20 06:00:00,1006.0166666666668
2026-05-20 06:10:00,1372.5714285714287
2026-05-20 06:20:00,1727.3857142857141
2026-05-20 06:30:00,1975.5
2026-05-20 06:40:00,1964.2428571428572
2026-05-20 06:50:00,2042.5571428571427
2026-05-20 07:00:00,2683.7000000000003
2026-05-20 07:10:00,2673.542857142857
2026-05-20 07:20:00,3296.5571428571425
2026-05-20 07:30:00,3095.133333333333
2026-05-20 07:40:00,3062.4857142857145
2026-05-20 07:50:00,4640.242857142857
2026-05-20 08:00:00,5497.150000000001
2026-05-20 08:10:00,5911.442857142858
2026-05-20 08:20:00,5731.924999999999
2026-05-20 08:30:00,5589.933333333333
2026-05-20 08:40:00,6679.728571428573
2026-05-20 08:50:00,8884.542857142858
2026-05-20 09:00:00,9343.116666666669
2026-05-20 09:10:00,9046.728571428572
2026-05-20 09:20:00,8894.357142857143
2026-05-20 09:30:00,8722.733333333334
2026-05-20 09:40:00,8304.528571428571
2026-05-20 09:50:00,9529.657142857144
2026-05-20 10:00:00,8833.5
2026-05-20 10:10:00,10336.657142857142
2026-05-20 10:20:00,9858.671428571428
2026-05-20 10:30:00,9210.166666666666
2026-05-20 10:40:00,6915.400000000001
2026-05-20 10:50:00,2878.1428571428573
2026-05-20 11:00:00,2713.8333333333335
2026-05-20 11:10:00,3403.457142857143
2026-05-20 11:20:00,6019.271428571429
2026-05-20 11:30:00,6948.649999999999
2026-05-20 11:40:00,8224.342857142856
2026-05-20 11:50:00,6697.571428571428
2026-05-20 12:00:00,6365.533333333333
2026-05-20 12:10:00,6644.728571428573
2026-05-20 12:20:00,5756
2026-05-20 12:30:00,5672.383333333334
2026-05-20 12:40:00,7844.0428571428565
2026-05-20 12:50:00,10836.8
2026-05-20 13:00:00,11503.916666666666
2026-05-20 13:10:00,9252.871428571427
2026-05-20 13:20:00,7197.071428571428
2026-05-20 13:30:00,6912.816666666666
2026-05-20 13:40:00,8163.842857142858
2026-05-20 13:50:00,10499.185714285715
2026-05-20 14:00:00,11927.199999999999
2026-05-20 14:10:00,11154.742857142859
2026-05-20 14:20:00,11474.22857142857
2026-05-20 14:30:00,13312.416666666666
2026-05-20 14:40:00,17011.816666666666
2026-05-20 14:50:00,14645.142857142857
2026-05-20 15:00:00,13270.116666666663
2026-05-20 15:10:00,11978.657142857144
2026-05-20 15:20:00,11419.257142857143
2026-05-20 15:30:00,9723.016666666666
2026-05-20 15:40:00,9477.875
2026-05-20 15:50:00,9302
2026-05-20 16:00:00,9171.083333333334
2026-05-20 16:10:00,9661.42857142857
2026-05-20 16:20:00,8438.185714285715
2026-05-20 16:30:00,7875.483333333334
2026-05-20 16:40:00,7511.9571428571435
2026-05-20 16:50:00,5991.328571428572
2026-05-20 17:00:00,4574.966666666667
2026-05-20 17:10:00,3965.628571428572
2026-05-20 17:20:00,3179.8428571428567
2026-05-20 17:30:00,2270.1
2026-05-20 17:40:00,1489.6000000000001
2026-05-20 17:50:00,650.3428571428573
2026-05-20 18:00:00,92.46666666666665
2026-05-20 18:10:00,13.857142857142856
2026-05-20 18:20:00,0
2026-05-20 18:30:00,0
2026-05-20 18:40:00,0
2026-05-20 18:50:00,0
2026-05-20 19:00:00,0
2026-05-20 19:10:00,0
2026-05-20 19:20:00,0
2026-05-20 19:30:00,0
2026-05-20 19:40:00,0
2026-05-20 19:50:00,0
2026-05-20 20:00:00,0
2026-05-20 20:10:00,0
2026-05-20 20:20:00,0
2026-05-20 20:30:00,0
2026-05-20 20:40:00,0
2026-05-20 20:50:00,0
2026-05-20 21:00:00,0
2026-05-20 21:10:00,0
2026-05-20 21:20:00,0
2026-05-20 21:30:00,0
2026-05-20 21:40:00,0
2026-05-20 21:50:00,0
2026-05-20 22:00:00,0
2026-05-20 22:10:00,0
2026-05-20 22:20:00,0
2026-05-20 22:30:00,0
2026-05-20 22:40:00,0
2026-05-20 22:50:00,0
2026-05-20 23:00:00,0
2026-05-20 23:10:00,0
2026-05-20 23:20:00,0
2026-05-20 23:30:00,0
2026-05-20 23:40:00,0
2026-05-20 23:50:00,0
2026-05-21 00:00:00,0
2026-05-21 00:10:00,0
2026-05-21 00:20:00,0
2026-05-21 00:30:00,0
2026-05-21 00:40:00,0
2026-05-21 00:50:00,0
2026-05-21 01:00:00,0
2026-05-21 01:10:00,0
2026-05-21 01:20:00,0
2026-05-21 01:30:00,0
2026-05-21 01:40:00,0
2026-05-21 01:50:00,0
2026-05-21 02:00:00,0
2026-05-21 02:10:00,0
2026-05-21 02:20:00,0
2026-05-21 02:30:00,0
2026-05-21 02:40:00,0
2026-05-21 02:50:00,0
2026-05-21 03:00:00,0
2026-05-21 03:10:00,0
2026-05-21 03:20:00,0
2026-05-21 03:30:00,0
2026-05-21 03:40:00,0
2026-05-21 03:50:00,0
2026-05-21 04:00:00,0
2026-05-21 04:10:00,0
2026-05-21 04:20:00,0
2026-05-21 04:30:00,0
2026-05-21 04:40:00,0
2026-05-21 04:50:00,0
2026-05-21 05:00:00,2.5166666666666666
2026-05-21 05:10:00,48.57142857142857
2026-05-21 05:20:00,242.3857142857143
2026-05-21 05:30:00,550.5
2026-05-21 05:40:00,935.7428571428572
2026-05-21 05:50:00,1473.6571428571428
2026-05-21 06:00:00,1914.5666666666666
2026-05-21 06:10:00,2031.5000000000002
2026-05-21 06:20:00,2045.3285714285714
2026-05-21 06:30:00,3382.6
2026-05-21 06:40:00,6547.071428571428
2026-05-21 06:50:00,5620.857142857144
2026-05-21 07:00:00,7052.599999999999
2026-05-21 07:10:00,10696.414285714287
2026-05-21 07:20:00,12143
2026-05-21 07:30:00,13483.016666666668
2026-05-21 07:40:00,14201.557142857142
2026-05-21 07:50:00,15074.914285714287
2026-05-21 08:00:00,15909.75
2026-05-21 08:10:00,16517.542857142857
2026-05-21 08:20:00,17435.428571428572
2026-05-21 08:30:00,18468.68333333333
2026-05-21 08:40:00,18959.771428571432
2026-05-21 08:50:00,19180.342857142856
2026-05-21 09:00:00,19980.783333333333
2026-05-21 09:10:00,20142.814285714285
2026-05-21 09:20:00,20015.285714285714
2026-05-21 09:30:00,20333.100000000002
2026-05-21 09:40:00,20381.485714285714
2026-05-21 09:50:00,21855.742857142854
2026-05-21 10:00:00,21809.333333333332
2026-05-21 10:10:00,22658.771428571432
2026-05-21 10:20:00,23080.85714285714
2026-05-21 10:30:00,23406.399999999998
2026-05-21 10:40:00,23710.328571428574
2026-05-21 10:50:00,21973.1
2026-05-21 11:00:00,20829.11666666667
2026-05-21 11:10:00,22117.171428571433
2026-05-21 11:20:00,22754
2026-05-21 11:30:00,22271.333333333332
2026-05-21 11:40:00,19460.514285714286
2026-05-21 11:50:00,16890.471428571425
2026-05-21 12:00:00,21626.183333333334
2026-05-21 12:10:00,20939.042857142857
2026-05-21 12:20:00,22072.914285714283
2026-05-21 12:30:00,21462.066666666666
2026-05-21 12:40:00,21107.7
2026-05-21 12:50:00,21457.928571428572
2026-05-21 13:00:00,21417.25
2026-05-21 13:10:00,21073.914285714283
2026-05-21 13:20:00,21245.971428571433
2026-05-21 13:30:00,14791.150000000001
2026-05-21 13:40:00,10991
2026-05-21 13:50:00,14031.779999999999
2026-05-21 14:00:00,11723.633333333333
2026-05-21 14:10:00,8107.733333333333
2026-05-21 14:20:00,6160.599999999999
2026-05-21 14:30:00,4853.742857142856
2026-05-21 14:40:00,4338.049999999999
2026-05-21 14:50:00,4313.400000000001
2026-05-21 15:00:00,3715.5333333333333
2026-05-21 15:10:00,3735.557142857143
2026-05-21 15:20:00,5059.271428571427
2026-05-21 15:30:00,4970.650000000001
2026-05-21 15:40:00,4081.4571428571426
2026-05-21 15:50:00,3243.4
2026-05-21 16:00:00,4100.466666666666
2026-05-21 16:10:00,3370.6
2026-05-21 16:20:00,3451.7000000000003
2026-05-21 16:30:00,3819.4666666666667
2026-05-21 16:40:00,3885.7571428571428
2026-05-21 16:50:00,3732.1571428571433
2026-05-21 17:00:00,3344.933333333333
2026-05-21 17:10:00,2722.7000000000003
2026-05-21 17:20:00,1897.257142857143
2026-05-21 17:30:00,1135.3999999999999
2026-05-21 17:40:00,764.3000000000001
2026-05-21 17:50:00,272.7714285714286
2026-05-21 18:00:00,57.71666666666667
2026-05-21 18:10:00,7.085714285714286
2026-05-21 18:20:00,0
2026-05-21 18:30:00,0
2026-05-21 18:40:00,0
2026-05-21 18:50:00,0
2026-05-21 19:00:00,0
2026-05-21 19:10:00,0
2026-05-21 19:20:00,0
2026-05-21 19:30:00,0
2026-05-21 19:40:00,0
2026-05-21 19:50:00,0
2026-05-21 20:00:00,0
2026-05-21 20:10:00,0
2026-05-21 20:20:00,0
2026-05-21 20:30:00,0
2026-05-21 20:40:00,0
2026-05-21 20:50:00,0
2026-05-21 21:00:00,0
2026-05-21 21:10:00,0
2026-05-21 21:20:00,0
2026-05-21 21:30:00,0
2026-05-21 21:40:00,0
2026-05-21 21:50:00,0
2026-05-21 22:00:00,0
2026-05-21 22:10:00,0
2026-05-21 22:20:00,0
2026-05-21 22:30:00,0
2026-05-21 22:40:00,0
2026-05-21 22:50:00,0
2026-05-21 23:00:00,0
2026-05-21 23:10:00,0
2026-05-21 23:20:00,0
2026-05-21 23:30:00,0
2026-05-21 23:40:00,0
2026-05-21 23:50:00,0
2026-05-22 00:00:00,0
2026-05-22 00:10:00,0
2026-05-22 00:20:00,0
2026-05-22 00:30:00,0
2026-05-22 00:40:00,0
2026-05-22 00:50:00,0
2026-05-22 01:00:00,0
2026-05-22 01:10:00,0
2026-05-22 01:20:00,0
2026-05-22 01:30:00,0
2026-05-22 01:40:00,0
2026-05-22 01:50:00,0
2026-05-22 02:00:00,0
2026-05-22 02:10:00,0
2026-05-22 02:20:00,0
2026-05-22 02:30:00,0
2026-05-22 02:40:00,0
2026-05-22 02:50:00,0
2026-05-22 03:00:00,0
2026-05-22 03:10:00,0
2026-05-22 03:20:00,0
2026-05-22 03:30:00,0
2026-05-22 03:40:00,0
2026-05-22 03:50:00,0
2026-05-22 04:00:00,0
2026-05-22 04:10:00,0
2026-05-22 04:20:00,0
2026-05-22 04:30:00,0
2026-05-22 04:40:00,0
2026-05-22 04:50:00,0
2026-05-22 05:00:00,0.9285714285714286
2026-05-22 05:10:00,30.483333333333334
2026-05-22 05:20:00,157.27142857142857
2026-05-22 05:30:00,563.7142857142857
2026-05-22 05:40:00,1139
2026-05-22 05:50:00,1674.5571428571427
2026-05-22 06:00:00,2345.785714285714
2026-05-22 06:10:00,2913.0833333333326
2026-05-22 06:20:00,3137.442857142857
2026-05-22 06:30:00,3241.871428571429
2026-05-22 06:40:00,6898.483333333333
2026-05-22 06:50:00,7785.685714285714
2026-05-22 07:00:00,6655.849999999999
2026-05-22 07:10:00,8036.671428571429
2026-05-22 07:20:00,11523.085714285715
2026-05-22 07:30:00,10431.6
2026-05-22 07:40:00,14538.871428571429
2026-05-22 07:50:00,10158.185714285715
2026-05-22 08:00:00,11173.833333333334
2026-05-22 08:10:00,7684.3142857142875
2026-05-22 08:20:00,6163.9571428571435
2026-05-22 08:30:00,7683.7333333333345
2026-05-22 08:40:00,7070.2
2026-05-22 08:50:00,7222.585714285714
2026-05-22 09:00:00,7776.566666666667
2026-05-22 09:10:00,8433.557142857142
2026-05-22 09:20:00,7624.4
2026-05-22 09:30:00,8419.166666666666
2026-05-22 09:40:00,10438.957142857142
2026-05-22 09:50:00,9510.585714285715
2026-05-22 10:00:00,8460.383333333333
2026-05-22 10:10:00,11686.800000000001
2026-05-22 10:20:00,11778.657142857144
2026-05-22 10:30:00,13260.049999999997
2026-05-22 10:40:00,11070.885714285714
2026-05-22 10:50:00,7010.928571428572
2026-05-22 11:00:00,7201.333333333333
2026-05-22 11:10:00,8738.9
2026-05-22 11:20:00,9256.242857142857
2026-05-22 11:30:00,9918.016666666666
2026-05-22 11:40:00,8734
2026-05-22 11:50:00,10669.057142857142
2026-05-22 12:00:00,13349.316666666666
2026-05-22 12:10:00,14448.525
2026-05-22 12:20:00,14555.442857142858
2026-05-22 12:30:00,14283.257142857141
2026-05-22 12:40:00,13171.566666666666
2026-05-22 12:50:00,12649.885714285716
2026-05-22 13:00:00,10661.385714285714
2026-05-22 13:10:00,10303.633333333333
2026-05-22 13:20:00,9378.185714285715
2026-05-22 13:30:00,10009.5
2026-05-22 13:40:00,15779.633333333333
2026-05-22 13:50:00,18334.942857142858
2026-05-22 14:00:00,14913.314285714285
2026-05-22 14:10:00,13948.949999999997
2026-05-22 14:20:00,17862.128571428573
2026-05-22 14:30:00,18317.742857142857
2026-05-22 14:40:00,16449.483333333337
2026-05-22 14:50:00,13288.557142857144
2026-05-22 15:00:00,14198.75
2026-05-22 15:10:00,7383.557142857142
2026-05-22 15:20:00,6095.771428571429
2026-05-22 15:30:00,5637.650000000001
2026-05-22 15:40:00,6339.385714285714
2026-05-22 15:50:00,6867.757142857142
2026-05-22 16:00:00,6952.966666666667
2026-05-22 16:10:00,6005.157142857142
2026-05-22 16:20:00,4538.557142857143
2026-05-22 16:30:00,4174.266666666667
2026-05-22 16:40:00,3853.2142857142862
2026-05-22 16:50:00,3061.871428571428
2026-05-22 17:00:00,2813.4500000000003
2026-05-22 17:10:00,2358.6857142857143
2026-05-22 17:20:00,1705.2714285714285
2026-05-22 17:30:00,968.0499999999998
2026-05-22 17:40:00,521.0142857142857
2026-05-22 17:50:00,201.20000000000002
2026-05-22 18:00:00,43.75
2026-05-22 18:10:00,5.557142857142857
2026-05-22 18:20:00,0
2026-05-22 18:30:00,0
2026-05-22 18:40:00,0
2026-05-22 18:50:00,0
2026-05-22 19:00:00,0
2026-05-22 19:10:00,0
2026-05-22 19:20:00,0
2026-05-22 19:30:00,0
2026-05-22 19:40:00,0
2026-05-22 19:50:00,0
2026-05-22 20:00:00,0
2026-05-22 20:10:00,0
2026-05-22 20:20:00,0
2026-05-22 20:30:00,0
2026-05-22 20:40:00,0
2026-05-22 20:50:00,0
2026-05-22 21:00:00,0
2026-05-22 21:10:00,0
2026-05-22 21:20:00,0
2026-05-22 21:30:00,0
2026-05-22 21:40:00,0
2026-05-22 21:50:00,0
2026-05-22 22:00:00,0
2026-05-22 22:10:00,0
2026-05-22 22:20:00,0
2026-05-22 22:30:00,0
2026-05-22 22:40:00,0
2026-05-22 22:50:00,0
2026-05-22 23:00:00,0
2026-05-22 23:10:00,0
2026-05-22 23:20:00,0
2026-05-22 23:30:00,0
2026-05-22 23:40:00,0
2026-05-22 23:50:00,0
2026-05-23 00:00:00,0
2026-05-23 00:10:00,0
2026-05-23 00:20:00,0
2026-05-23 00:30:00,0
2026-05-23 00:40:00,0
2026-05-23 00:50:00,0
2026-05-23 01:00:00,0
2026-05-23 01:10:00,0
2026-05-23 01:20:00,0
2026-05-23 01:30:00,0
2026-05-23 01:40:00,0
2026-05-23 01:50:00,0
2026-05-23 02:00:00,0
2026-05-23 02:10:00,0
2026-05-23 02:20:00,0
2026-05-23 02:30:00,0
2026-05-23 02:40:00,0
2026-05-23 02:50:00,0
2026-05-23 03:00:00,0
2026-05-23 03:10:00,0
2026-05-23 03:20:00,0
2026-05-23 03:30:00,0
2026-05-23 03:40:00,0
2026-05-23 03:50:00,0
2026-05-23 04:00:00,0
2026-05-23 04:10:00,0
2026-05-23 04:20:00,0
2026-05-23 04:30:00,0
2026-05-23 04:40:00,0
2026-05-23 04:50:00,0
2026-05-23 05:00:00,2.157142857142857
2026-05-23 05:10:00,34.43333333333333
2026-05-23 05:20:00,148.37142857142857
2026-05-23 05:30:00,435.0142857142857
2026-05-23 05:40:00,935.4333333333334
2026-05-23 05:50:00,1363.6571428571428
2026-05-23 06:00:00,1223.2714285714285
2026-05-23 06:10:00,1500.6166666666668
2026-05-23 06:20:00,2094.2
2026-05-23 06:30:00,2847.7571428571428
2026-05-23 06:40:00,3975.383333333333
2026-05-23 06:50:00,3595.785714285714
2026-05-23 07:00:00,8968.085714285713
2026-05-23 07:10:00,10794.283333333333
2026-05-23 07:20:00,12266.5
2026-05-23 07:30:00,13181.028571428571
2026-05-23 07:40:00,11963.050000000001
2026-05-23 07:50:00,11267.171428571428
2026-05-23 08:00:00,14863.566666666666
2026-05-23 08:10:00,15460.442857142858
2026-05-23 08:20:00,15928.942857142854
2026-05-23 08:30:00,17803.166666666668
2026-05-23 08:40:00,19161.600000000002
2026-05-23 08:50:00,15991.942857142858
2026-05-23 09:00:00,19518.46666666667
2026-05-23 09:10:00,20306.54285714286
2026-05-23 09:20:00,19400.91428571429
2026-05-23 09:30:00,21490.38333333333
2026-05-23 09:40:00,14006.471428571429
2026-05-23 09:50:00,16751.6
2026-05-23 10:00:00,18937.850000000002
2026-05-23 10:10:00,17064.02857142857
2026-05-23 10:20:00,18534.3
2026-05-23 10:30:00,19763.714285714286
2026-05-23 10:40:00,19426.733333333334
2026-05-23 10:50:00,12831.128571428573
2026-05-23 11:00:00,14659.871428571429
2026-05-23 11:10:00,21128.75
2026-05-23 11:20:00,22865.514285714286
2026-05-23 11:30:00,13852.271428571428
2026-05-23 11:40:00,15699.35
2026-05-23 11:50:00,20272.12857142857
2026-05-23 12:00:00,22369.183333333334
2026-05-23 12:10:00,21470.683333333334
2026-05-23 12:20:00,18343.228571428568
2026-05-23 12:30:00,21803.214285714286
2026-05-23 12:40:00,21507.95
2026-05-23 12:50:00,18110.97142857143
2026-05-23 13:00:00,11309.257142857141
2026-05-23 13:10:00,14097.666666666666
2026-05-23 13:20:00,8821.857142857143
2026-05-23 13:30:00,6819.528571428572
2026-05-23 13:40:00,5111.5
2026-05-23 13:50:00,5840.485714285714
2026-05-23 14:00:00,5100.442857142857
2026-05-23 14:10:00,3982.183333333334
2026-05-23 14:20:00,3494.085714285714
2026-05-23 14:30:00,2612.100000000001
2026-05-23 14:40:00,1992.3333333333333
2026-05-23 14:50:00,2035.5142857142857
2026-05-23 15:00:00,2058.214285714286
2026-05-23 15:10:00,2168.6833333333334
2026-05-23 15:20:00,1942.1
2026-05-23 15:30:00,1403.5857142857144
2026-05-23 15:40:00,1117.5
2026-05-23 15:50:00,833.1285714285714
2026-05-23 16:00:00,613.4857142857144
2026-05-23 16:10:00,496.73333333333335
2026-05-23 16:20:00,389.5285714285714
2026-05-23 16:30:00,333.6666666666667
2026-05-23 16:40:00,305.35714285714295
2026-05-23 16:50:00,299.84285714285716
2026-05-23 17:00:00,293.18333333333334
2026-05-23 17:10:00,283.25714285714287
2026-05-23 17:20:00,267.8857142857143
2026-05-23 17:30:00,213.58333333333334
2026-05-23 17:40:00,108.6
2026-05-23 17:50:00,52.52857142857143
2026-05-23 18:00:00,10.471428571428572
2026-05-23 18:10:00,0.3666666666666667
2026-05-23 18:20:00,0
2026-05-23 18:30:00,0
2026-05-23 18:40:00,0
2026-05-23 18:50:00,0
2026-05-23 19:00:00,0
2026-05-23 19:10:00,0
2026-05-23 19:20:00,0
2026-05-23 19:30:00,0
2026-05-23 19:40:00,0
2026-05-23 19:50:00,0
2026-05-23 20:00:00,0
2026-05-23 20:10:00,0
2026-05-23 20:20:00,0
2026-05-23 20:30:00,0
2026-05-23 20:40:00,0
2026-05-23 20:50:00,0
2026-05-23 21:00:00,0
2026-05-23 21:10:00,0
2026-05-23 21:20:00,0
2026-05-23 21:30:00,0
2026-05-23 21:40:00,0
2026-05-23 21:50:00,0
2026-05-23 22:00:00,0
2026-05-23 22:10:00,0
2026-05-23 22:20:00,0
2026-05-23 22:30:00,0
2026-05-23 22:40:00,0
2026-05-23 22:50:00,0
2026-05-23 23:00:00,0
2026-05-23 23:10:00,0
2026-05-23 23:20:00,0
2026-05-23 23:30:00,0
2026-05-23 23:40:00,0
2026-05-23 23:50:00,0
2026-05-24 00:00:00,0
2026-05-24 00:10:00,0
2026-05-24 00:20:00,0
2026-05-24 00:30:00,0
2026-05-24 00:40:00,0
2026-05-24 00:50:00,0
2026-05-24 01:00:00,0
2026-05-24 01:10:00,0
2026-05-24 01:20:00,0
2026-05-24 01:30:00,0
2026-05-24 01:40:00,0
2026-05-24 01:50:00,0
2026-05-24 02:00:00,0
2026-05-24 02:10:00,0
2026-05-24 02:20:00,0
2026-05-24 02:30:00,0
2026-05-24 02:40:00,0
2026-05-24 02:50:00,0
2026-05-24 03:00:00,0
2026-05-24 03:10:00,0
2026-05-24 03:20:00,0
2026-05-24 03:30:00,0
2026-05-24 03:40:00,0
2026-05-24 03:50:00,0
2026-05-24 04:00:00,0
2026-05-24 04:10:00,0
2026-05-24 04:20:00,0
2026-05-24 04:30:00,0
2026-05-24 04:40:00,0
2026-05-24 04:50:00,0
2026-05-24 05:00:00,0.31428571428571433
2026-05-24 05:10:00,16.5
2026-05-24 05:20:00,94.64285714285714
2026-05-24 05:30:00,248.38333333333333
2026-05-24 05:40:00,335.1166666666666
2026-05-24 05:50:00,602.7285714285715
2026-05-24 06:00:00,1477.3285714285714
2026-05-24 06:10:00,1949.3333333333333
2026-05-24 06:20:00,2525.1857142857148
2026-05-24 06:30:00,2463.2999999999997
2026-05-24 06:40:00,2990.133333333333
2026-05-24 06:50:00,3638.171428571429
2026-05-24 07:00:00,3652.2857142857138
2026-05-24 07:10:00,3384.35
2026-05-24 07:20:00,4082.071428571428
2026-05-24 07:30:00,6738.428571428572
2026-05-24 07:40:00,9689.35
2026-05-24 07:50:00,12270.485714285713
2026-05-24 08:00:00,15057.399999999998
2026-05-24 08:10:00,16689.266666666666
2026-05-24 08:20:00,17124.542857142857
2026-05-24 08:30:00,16374.225000000002
2026-05-24 08:40:00,15611.549999999997
2026-05-24 08:50:00,18273.171428571426
2026-05-24 09:00:00,18423.4
2026-05-24 09:10:00,19640.3
2026-05-24 09:20:00,18260.585714285717
2026-05-24 09:30:00,21382.957142857143
2026-05-24 09:40:00,21082.166666666668
2026-05-24 09:50:00,21862.5
2026-05-24 10:00:00,14842.07142857143
2026-05-24 10:10:00,18002.416666666668
2026-05-24 10:20:00,23392.371428571427
2026-05-24 10:30:00,22652.32857142857
2026-05-24 10:40:00,23142.616666666665
2026-05-24 10:50:00,21330.114285714288
2026-05-24 11:00:00,23514.64285714286
2026-05-24 11:10:00,14973.233333333332
2026-05-24 11:20:00,15464.142857142857
2026-05-24 11:30:00,14032.6
2026-05-24 11:40:00,14008.433333333332
2026-05-24 11:50:00,17595.51428571429
2026-05-24 12:00:00,9750.828571428572
2026-05-24 12:10:00,9526.283333333333
2026-05-24 12:20:00,10815.9
2026-05-24 12:30:00,12718.371428571429
2026-05-24 12:40:00,11219
2026-05-24 12:50:00,6358.414285714286
2026-05-24 13:00:00,9685.685714285715
2026-05-24 13:10:00,11606.416666666666
2026-05-24 13:20:00,14565.383333333333
2026-05-24 13:30:00,10145.585714285715
2026-05-24 13:40:00,18457.233333333334
2026-05-24 13:50:00,21025.100000000002
2026-05-24 14:00:00,16752.22857142857
2026-05-24 14:10:00,12128.950000000003
2026-05-24 14:20:00,16682.17142857143
2026-05-24 14:30:00,9457.142857142857
2026-05-24 14:40:00,3961.3999999999996
2026-05-24 14:50:00,4008.671428571429
2026-05-24 15:00:00,3182.285714285714
2026-05-24 15:10:00,2632.1
2026-05-24 15:20:00,2848.342857142857
2026-05-24 15:30:00,2785.3857142857146
2026-05-24 15:40:00,3126.2400000000002
2026-05-24 15:50:00,3300.44
2026-05-24 16:00:00,3009.042857142857
2026-05-24 16:10:00,2232.8333333333335
2026-05-24 16:20:00,1623.857142857143
2026-05-24 16:30:00,2784.7571428571428
2026-05-24 16:40:00,2752.133333333333
2026-05-24 16:50:00,2383.5714285714284
2026-05-24 17:00:00,2409.057142857143
2026-05-24 17:10:00,2083.75
2026-05-24 17:20:00,1466.5714285714287
2026-05-24 17:30:00,1098.5428571428572
2026-05-24 17:40:00,715.3833333333333
2026-05-24 17:50:00,344.67142857142863
2026-05-24 18:00:00,66.05714285714286
2026-05-24 18:10:00,10.783333333333333
2026-05-24 18:20:00,0
2026-05-24 18:30:00,0
2026-05-24 18:40:00,0
2026-05-24 18:50:00,0
2026-05-24 19:00:00,0
2026-05-24 19:10:00,0
2026-05-24 19:20:00,0
2026-05-24 19:30:00,0
2026-05-24 19:40:00,0
2026-05-24 19:50:00,0
2026-05-24 20:00:00,0
2026-05-24 20:10:00,0
2026-05-24 20:20:00,0
2026-05-24 20:30:00,0
2026-05-24 20:40:00,0
2026-05-24 20:50:00,0
2026-05-24 21:00:00,0
2026-05-24 21:10:00,0
2026-05-24 21:20:00,0
2026-05-24 21:30:00,0
2026-05-24 21:40:00,0
2026-05-24 21:50:00,0
2026-05-24 22:00:00,0
2026-05-24 22:10:00,0
2026-05-24 22:20:00,0
2026-05-24 22:30:00,0
2026-05-24 22:40:00,0
2026-05-24 22:50:00,0
2026-05-24 23:00:00,0
2026-05-24 23:10:00,0
2026-05-24 23:20:00,0
2026-05-24 23:30:00,0
2026-05-24 23:40:00,0
2026-05-24 23:50:00,0
2026-05-25 00:00:00,0
2026-05-25 00:10:00,0
2026-05-25 00:20:00,0
2026-05-25 00:30:00,0
2026-05-25 00:40:00,0
2026-05-25 00:50:00,0
2026-05-25 01:00:00,0
2026-05-25 01:10:00,0
2026-05-25 01:20:00,0
2026-05-25 01:30:00,0
2026-05-25 01:40:00,0
2026-05-25 01:50:00,0
2026-05-25 02:00:00,0
2026-05-25 02:10:00,0
2026-05-25 02:20:00,0
2026-05-25 02:30:00,0
2026-05-25 02:40:00,0
2026-05-25 02:50:00,0
2026-05-25 03:00:00,0
2026-05-25 03:10:00,0
2026-05-25 03:20:00,0
2026-05-25 03:30:00,0
2026-05-25 03:40:00,0
2026-05-25 03:50:00,0
2026-05-25 04:00:00,0
2026-05-25 04:10:00,0
2026-05-25 04:20:00,0
2026-05-25 04:30:00,0
2026-05-25 04:40:00,0
2026-05-25 04:50:00,0
2026-05-25 05:00:00,1.2428571428571427
2026-05-25 05:10:00,29.76666666666667
2026-05-25 05:20:00,144.68571428571428
2026-05-25 05:30:00,539.4428571428572
2026-05-25 05:40:00,921.0833333333334
2026-05-25 05:50:00,1546.4571428571428
2026-05-25 06:00:00,2293.557142857143
2026-05-25 06:10:00,2893.7333333333336
2026-05-25 06:20:00,3761.057142857143
2026-05-25 06:30:00,4392.175
2026-05-25 06:40:00,5073.866666666667
2026-05-25 06:50:00,5673.071428571429
2026-05-25 07:00:00,6677.928571428572
2026-05-25 07:10:00,7050.8
2026-05-25 07:20:00,7478.171428571428
2026-05-25 07:30:00,8679.942857142856
2026-05-25 07:40:00,8260.433333333332
2026-05-25 07:50:00,8283.042857142858
2026-05-25 08:00:00,11044.457142857142
2026-05-25 08:10:00,13157.216666666665
2026-05-25 08:20:00,12800.714285714288
2026-05-25 08:30:00,13445.528571428571
2026-05-25 08:40:00,14194.066666666666
2026-05-25 08:50:00,14716.128571428573
2026-05-25 09:00:00,16488.042857142857
2026-05-25 09:10:00,17907.100000000002
2026-05-25 09:20:00,17838.500000000004
2026-05-25 09:30:00,17599.18571428571
2026-05-25 09:40:00,17768.38333333333
2026-05-25 09:50:00,18095.31428571429
2026-05-25 10:00:00,18209.285714285714
2026-05-25 10:10:00,18802.016666666666
2026-05-25 10:20:00,19748.657142857144
2026-05-25 10:30:00,20366.442857142854
2026-05-25 10:40:00,20285.083333333332
2026-05-25 10:50:00,19945.58571428571
2026-05-25 11:00:00,19877.08571428572
2026-05-25 11:10:00,20656.016666666666
2026-05-25 11:20:00,19871.82857142857
2026-05-25 11:30:00,19416.257142857143
2026-05-25 11:40:00,18635.699999999997
2026-05-25 11:50:00,18189.62857142857
2026-05-25 12:00:00,20391.62857142857
2026-05-25 12:10:00,19563.61666666667
2026-05-25 12:20:00,19627.628571428573
2026-05-25 12:30:00,19813.77142857143
2026-05-25 12:40:00,16869.516666666666
2026-05-25 12:50:00,15759.67142857143
2026-05-25 13:00:00,13261.814285714285
2026-05-25 13:10:00,12545.083333333334
2026-05-25 13:20:00,16884.32857142857
2026-05-25 13:30:00,14547.157142857144
2026-05-25 13:40:00,15212.65
2026-05-25 13:50:00,16831.183333333334
2026-05-25 14:00:00,16283.24
2026-05-25 14:10:00,13543.233333333335
2026-05-25 14:20:00,13899.857142857143
2026-05-25 14:30:00,15454.914285714285
2026-05-25 14:40:00,14353.9
2026-05-25 14:50:00,14874.014285714287
2026-05-25 15:00:00,14854.957142857145
2026-05-25 15:10:00,13539.283333333335
2026-05-25 15:20:00,13240.014285714284
2026-05-25 15:30:00,10346.185714285715
2026-05-25 15:40:00,7866.149999999999
2026-05-25 15:50:00,6928.271428571429
2026-05-25 16:00:00,5502.571428571428
2026-05-25 16:10:00,5311.833333333333
2026-05-25 16:20:00,4813.5142857142855
2026-05-25 16:30:00,2917.7571428571428
2026-05-25 16:40:00,2538.2000000000003
2026-05-25 16:50:00,2814.2714285714283
2026-05-25 17:00:00,2387.8571428571427
2026-05-25 17:10:00,1669.783333333333
2026-05-25 17:20:00,1221.4285714285713
2026-05-25 17:30:00,871.842857142857
2026-05-25 17:40:00,595.65
2026-05-25 17:50:00,288.7714285714286
2026-05-25 18:00:00,85.7
2026-05-25 18:10:00,10.783333333333333
2026-05-25 18:20:00,0
2026-05-25 18:30:00,0
2026-05-25 18:40:00,0
2026-05-25 18:50:00,0
2026-05-25 19:00:00,0
2026-05-25 19:10:00,0
2026-05-25 19:20:00,0
2026-05-25 19:30:00,0
2026-05-25 19:40:00,0
2026-05-25 19:50:00,0
2026-05-25 20:00:00,0
2026-05-25 20:10:00,0
2026-05-25 20:20:00,0
2026-05-25 20:30:00,0
2026-05-25 20:40:00,0
2026-05-25 20:50:00,0
2026-05-25 21:00:00,0
2026-05-25 21:10:00,0
2026-05-25 21:20:00,0
2026-05-25 21:30:00,0
2026-05-25 21:40:00,0
2026-05-25 21:50:00,0
2026-05-25 22:00:00,0
2026-05-25 22:10:00,0
2026-05-25 22:20:00,0
2026-05-25 22:30:00,0
2026-05-25 22:40:00,0
2026-05-25 22:50:00,0
2026-05-25 23:00:00,0
2026-05-25 23:10:00,0
2026-05-25 23:20:00,0
2026-05-25 23:30:00,0
2026-05-25 23:40:00,0
2026-05-25 23:50:00,0
2026-05-26 00:00:00,0
2026-05-26 00:10:00,0
2026-05-26 00:20:00,0
2026-05-26 00:30:00,0
2026-05-26 00:40:00,0
2026-05-26 00:50:00,0
2026-05-26 01:00:00,0
2026-05-26 01:10:00,0
2026-05-26 01:20:00,0
2026-05-26 01:30:00,0
2026-05-26 01:40:00,0
2026-05-26 01:50:00,0
2026-05-26 02:00:00,0
2026-05-26 02:10:00,0
2026-05-26 02:20:00,0
2026-05-26 02:30:00,0
2026-05-26 02:40:00,0
2026-05-26 02:50:00,0
2026-05-26 03:00:00,0
2026-05-26 03:10:00,0
2026-05-26 03:20:00,0
2026-05-26 03:30:00,0
2026-05-26 03:40:00,0
2026-05-26 03:50:00,0
2026-05-26 04:00:00,0
2026-05-26 04:10:00,0
2026-05-26 04:20:00,0
2026-05-26 04:30:00,0
2026-05-26 04:40:00,0
2026-05-26 04:50:00,0
2026-05-26 05:00:00,3.4
2026-05-26 05:10:00,48.75
2026-05-26 05:20:00,446.35714285714283
2026-05-26 05:30:00,2019.8285714285714
2026-05-26 05:40:00,2829.2166666666667
2026-05-26 05:50:00,2770.014285714286
2026-05-26 06:00:00,3315.5999999999995
2026-05-26 06:10:00,4011.933333333333
2026-05-26 06:20:00,4545.642857142858
2026-05-26 06:30:00,5024.271428571429
2026-05-26 06:40:00,5176.733333333333
2026-05-26 06:50:00,4422.742857142857
2026-05-26 07:00:00,3194.5857142857144
2026-05-26 07:10:00,2542.133333333333
2026-05-26 07:20:00,2058.2285714285717
2026-05-26 07:30:00,1711.4142857142858
2026-05-26 07:40:00,2038.2
2026-05-26 07:50:00,2211.542857142857
2026-05-26 08:00:00,2559.285714285714
2026-05-26 08:10:00,3070.4
2026-05-26 08:20:00,3166.928571428571
2026-05-26 08:30:00,3607.1571428571433
2026-05-26 08:40:00,4313.7
2026-05-26 08:50:00,4487.571428571428
2026-05-26 09:00:00,4588.042857142857
2026-05-26 09:10:00,4610.833333333333
2026-05-26 09:20:00,4674.971428571428
2026-05-26 09:30:00,4810.757142857142
2026-05-26 09:40:00,5110.05
2026-05-26 09:50:00,5789.814285714286
2026-05-26 10:00:00,6884.985714285714
2026-05-26 10:10:00,7611.333333333333
2026-05-26 10:20:00,7762.0142857142855
2026-05-26 10:30:00,7914.385714285716
2026-05-26 10:40:00,8363.983333333334
2026-05-26 10:50:00,8824.314285714285
2026-05-26 11:00:00,9356.385714285714
2026-05-26 11:10:00,9860.65
2026-05-26 11:20:00,10150.2
2026-05-26 11:30:00,10212.242857142859
2026-05-26 11:40:00,10338.766666666665
2026-05-26 11:50:00,9032.285714285714
2026-05-26 12:00:00,8194.257142857141
2026-05-26 12:10:00,8480.675
2026-05-26 12:20:00,8970.383333333333
2026-05-26 12:30:00,10272.45
2026-05-26 12:40:00,10124.4
2026-05-26 12:50:00,9951.699999999999
2026-05-26 13:00:00,10553.871428571429
2026-05-26 13:10:00,10972.416666666666
2026-05-26 13:20:00,10693.642857142855
2026-05-26 13:30:00,10322.214285714286
2026-05-26 13:40:00,10166.733333333334
2026-05-26 13:50:00,8916.800000000001
2026-05-26 14:00:00,7077.285714285715
2026-05-26 14:10:00,6725.366666666666
2026-05-26 14:20:00,7462.185714285714
2026-05-26 14:30:00,8938.285714285714
2026-05-26 14:40:00,9693.316666666668
2026-05-26 14:50:00,9585.857142857145
2026-05-26 15:00:00,9198.800000000001
2026-05-26 15:10:00,8173.666666666667
2026-05-26 15:20:00,7699.971428571429
2026-05-26 15:30:00,7342.385714285714
2026-05-26 15:40:00,6855.133333333332
2026-05-26 15:50:00,6486.214285714285
2026-05-26 16:00:00,6003.3
2026-05-26 16:10:00,5051.650000000001
2026-05-26 16:20:00,4032.3
2026-05-26 16:30:00,3486.7
2026-05-26 16:40:00,3043.9
2026-05-26 16:50:00,2540.557142857143
2026-05-26 17:00:00,1916
2026-05-26 17:10:00,1297.783333333333
2026-05-26 17:20:00,800.2571428571429
2026-05-26 17:30:00,551.4285714285714
2026-05-26 17:40:00,358.76666666666665
2026-05-26 17:50:00,169.88333333333335
2026-05-26 18:00:00,38.1
2026-05-26 18:10:00,5.18
2026-05-26 18:20:00,0
2026-05-26 18:30:00,0
2026-05-26 18:40:00,0
2026-05-26 18:50:00,0
2026-05-26 19:00:00,0
2026-05-26 19:10:00,0
2026-05-26 19:20:00,0
2026-05-26 19:30:00,0
2026-05-26 19:40:00,0
2026-05-26 19:50:00,0
2026-05-26 20:00:00,0
2026-05-26 20:10:00,0
2026-05-26 20:20:00,0
2026-05-26 20:30:00,0
2026-05-26 20:40:00,0
2026-05-26 20:50:00,0
2026-05-26 21:00:00,0
2026-05-26 21:10:00,0
2026-05-26 21:20:00,0
2026-05-26 21:30:00,0
2026-05-26 21:40:00,0
2026-05-26 21:50:00,0
2026-05-26 22:00:00,0
2026-05-26 22:10:00,0
2026-05-26 22:20:00,0
2026-05-26 22:30:00,0
2026-05-26 22:40:00,0
2026-05-26 22:50:00,0
2026-05-26 23:00:00,0
2026-05-26 23:10:00,0
2026-05-26 23:20:00,0
2026-05-26 23:30:00,0
2026-05-26 23:40:00,0
2026-05-26 23:50:00,0
2026-05-27 00:00:00,0
2026-05-27 00:10:00,0
2026-05-27 00:20:00,0
2026-05-27 00:30:00,0
2026-05-27 00:40:00,0
2026-05-27 00:50:00,0
2026-05-27 01:00:00,0
2026-05-27 01:10:00,0
2026-05-27 01:20:00,0
2026-05-27 01:30:00,0
2026-05-27 01:40:00,0
2026-05-27 01:50:00,0
2026-05-27 02:00:00,0
2026-05-27 02:10:00,0
2026-05-27 02:20:00,0
2026-05-27 02:30:00,0
2026-05-27 02:40:00,0
2026-05-27 02:50:00,0
2026-05-27 03:00:00,0
2026-05-27 03:10:00,0
2026-05-27 03:20:00,0
2026-05-27 03:30:00,0
2026-05-27 03:40:00,0
2026-05-27 03:50:00,0
2026-05-27 04:00:00,0
2026-05-27 04:10:00,0
2026-05-27 04:20:00,0
2026-05-27 04:30:00,0
2026-05-27 04:40:00,0
2026-05-27 04:50:00,0
2026-05-27 05:00:00,0.31428571428571433
2026-05-27 05:10:00,15.783333333333337
2026-05-27 05:20:00,69.55
2026-05-27 05:30:00,165.27142857142854
2026-05-27 05:40:00,262.62857142857143
2026-05-27 05:50:00,353.3833333333334
2026-05-27 06:00:00,556.342857142857
2026-05-27 06:10:00,1022.6571428571427
2026-05-27 06:20:00,1750.0666666666666
2026-05-27 06:30:00,2018.3
2026-05-27 06:40:00,2477.871428571428
2026-05-27 06:50:00,2759.683333333333
2026-05-27 07:00:00,2474.8
2026-05-27 07:10:00,2892.2833333333333
2026-05-27 07:20:00,2959.5714285714284
2026-05-27 07:30:00,3548.485714285714
2026-05-27 07:40:00,6843.649999999999
2026-05-27 07:50:00,9232.6
2026-05-27 08:00:00,10579.357142857143
2026-05-27 08:10:00,10886.049999999997
2026-05-27 08:20:00,10544.671428571428
2026-05-27 08:30:00,11197.442857142856
2026-05-27 08:40:00,12228.966666666667
2026-05-27 08:50:00,12096.314285714285
2026-05-27 09:00:00,12214.257142857141
2026-05-27 09:10:00,13342.166666666666
2026-05-27 09:20:00,15517.585714285715
2026-05-27 09:30:00,14874.942857142858
2026-05-27 09:40:00,14851.383333333333
2026-05-27 09:50:00,15898.528571428571
2026-05-27 10:00:00,17428.685714285715
2026-05-27 10:10:00,20012.683333333334
2026-05-27 10:20:00,23158.175000000003
2026-05-27 10:30:00,21670.18571428571
2026-05-27 10:40:00,21901.214285714286
2026-05-27 10:50:00,20067.516666666666
2026-05-27 11:00:00,20869.014285714286
2026-05-27 11:10:00,19845.114285714288
2026-05-27 11:20:00,18734.283333333333
2026-05-27 11:30:00,20847.2
2026-05-27 11:40:00,20942.12857142857
2026-05-27 11:50:00,23736.466666666664
2026-05-27 12:00:00,20560.585714285717
2026-05-27 12:10:00,17756.471428571425
2026-05-27 12:20:00,17632.916666666668
2026-05-27 12:30:00,20839.528571428567
2026-05-27 12:40:00,19097.385714285712
2026-05-27 12:50:00,16247.716666666665
2026-05-27 13:00:00,16434.585714285713
2026-05-27 13:10:00,16541.2
2026-05-27 13:20:00,16108.283333333335
2026-05-27 13:30:00,15898.82857142857
2026-05-27 13:40:00,18193.914285714283
2026-05-27 13:50:00,15651.316666666666
2026-05-27 14:00:00,18104.214285714286
2026-05-27 14:10:00,18811.7
2026-05-27 14:20:00,12918.15
2026-05-27 14:30:00,18473.47142857143
2026-05-27 14:40:00,10809.742857142857
2026-05-27 14:50:00,8205.199999999999
2026-05-27 15:00:00,8837.842857142858
2026-05-27 15:10:00,8121.4571428571435
2026-05-27 15:20:00,2926.683333333333
2026-05-27 15:30:00,1291.7857142857142
2026-05-27 15:40:00,2288.3833333333337
2026-05-27 15:50:00,2697.857142857142
2026-05-27 16:00:00,1760.2571428571428
2026-05-27 16:10:00,1916
2026-05-27 16:20:00,637.1142857142858
2026-05-27 16:30:00,560.9571428571429
2026-05-27 16:40:00,483.8333333333334
2026-05-27 16:50:00,305.6714285714285
2026-05-27 17:00:00,202.42857142857147
2026-05-27 17:10:00,128.31666666666666
2026-05-27 17:20:00,68.81428571428572
2026-05-27 17:30:00,30.428571428571427
2026-05-27 17:40:00,26.900000000000002
2026-05-27 17:50:00,14.757142857142856
2026-05-27 18:00:00,1.2428571428571427
2026-05-27 18:10:00,0
2026-05-27 18:20:00,0
2026-05-27 18:30:00,0
2026-05-27 18:40:00,0
2026-05-27 18:50:00,0
2026-05-27 19:00:00,0
2026-05-27 19:10:00,0
2026-05-27 19:20:00,0
2026-05-27 19:30:00,0
2026-05-27 19:40:00,0
2026-05-27 19:50:00,0
2026-05-27 20:00:00,0
2026-05-27 20:10:00,0
2026-05-27 20:20:00,0
2026-05-27 20:30:00,0
2026-05-27 20:40:00,0
2026-05-27 20:50:00,0
2026-05-27 21:00:00,0
2026-05-27 21:10:00,0
2026-05-27 21:20:00,0
2026-05-27 21:30:00,0
2026-05-27 21:40:00,0
2026-05-27 21:50:00,0
2026-05-27 22:00:00,0
2026-05-27 22:10:00,0
2026-05-27 22:20:00,0
2026-05-27 22:30:00,0
2026-05-27 22:40:00,0
2026-05-27 22:50:00,0
2026-05-27 23:00:00,0
2026-05-27 23:10:00,0
2026-05-27 23:20:00,0
2026-05-27 23:30:00,0
2026-05-27 23:40:00,0
2026-05-27 23:50:00,0
2026-05-28 00:00:00,0
2026-05-28 00:10:00,0
2026-05-28 00:20:00,0
2026-05-28 00:30:00,0
2026-05-28 00:40:00,0
2026-05-28 00:50:00,0
2026-05-28 01:00:00,0
2026-05-28 01:10:00,0
2026-05-28 01:20:00,0
2026-05-28 01:30:00,0
2026-05-28 01:40:00,0
2026-05-28 01:50:00,0
2026-05-28 02:00:00,0
2026-05-28 02:10:00,0
2026-05-28 02:20:00,0
2026-05-28 02:30:00,0
2026-05-28 02:40:00,0
2026-05-28 02:50:00,0
2026-05-28 03:00:00,0
2026-05-28 03:10:00,0
2026-05-28 03:20:00,0
2026-05-28 03:30:00,0
2026-05-28 03:40:00,0
2026-05-28 03:50:00,0
2026-05-28 04:00:00,0
2026-05-28 04:10:00,0
2026-05-28 04:20:00,0
2026-05-28 04:30:00,0
2026-05-28 04:40:00,0
2026-05-28 04:50:00,0
2026-05-28 05:00:00,0.9285714285714286
2026-05-28 05:10:00,30.12857142857143
2026-05-28 05:20:00,125.45
2026-05-28 05:30:00,385.84285714285716
2026-05-28 05:40:00,712.0857142857142
2026-05-28 05:50:00,1073.05
2026-05-28 06:00:00,1604.1857142857145
2026-05-28 06:10:00,1936.2857142857142
2026-05-28 06:20:00,2164.7333333333336
2026-05-28 06:30:00,2797.371428571428
2026-05-28 06:40:00,5855.842857142858
2026-05-28 06:50:00,8017.400000000001
2026-05-28 07:00:00,8346.314285714285
2026-05-28 07:10:00,9211.085714285715
2026-05-28 07:20:00,9843.116666666667
2026-05-28 07:30:00,14113.085714285713
2026-05-28 07:40:00,14072.214285714286
2026-05-28 07:50:00,14100.166666666666
2026-05-28 08:00:00,15075.542857142858
2026-05-28 08:10:00,15787.614285714288
2026-05-28 08:20:00,16355.233333333332
2026-05-28 08:30:00,12900.542857142858
2026-05-28 08:40:00,10820.116666666667
2026-05-28 08:50:00,15380.585714285715
2026-05-28 09:00:00,16057.342857142856
2026-05-28 09:10:00,16401.083333333332
2026-05-28 09:20:00,17621.885714285712
2026-05-28 09:30:00,21058.516666666666
2026-05-28 09:40:00,20235.633333333335
2026-05-28 09:50:00,12364.185714285715
2026-05-28 10:00:00,18323.571428571428
2026-05-28 10:10:00,18318.183333333334
2026-05-28 10:20:00,13127.585714285715
2026-05-28 10:30:00,12309.800000000001
2026-05-28 10:40:00,12610.300000000001
2026-05-28 10:50:00,13381.925
2026-05-28 11:00:00,13809.271428571428
2026-05-28 11:10:00,16291.4
2026-05-28 11:20:00,14928.066666666668
2026-05-28 11:30:00,16090.199999999999
2026-05-28 11:40:00,12449.285714285714
2026-05-28 11:50:00,9636.666666666666
2026-05-28 12:00:00,7110.142857142856
2026-05-28 12:10:00,5840.171428571428
2026-05-28 12:20:00,9514.433333333332
2026-05-28 12:30:00,11590.942857142858
2026-05-28 12:40:00,12183.228571428572
2026-05-28 12:50:00,12815.300000000001
2026-05-28 13:00:00,10781.171428571428
2026-05-28 13:10:00,9122.014285714287
2026-05-28 13:20:00,12866.199999999999
2026-05-28 13:30:00,12427.771428571428
2026-05-28 13:40:00,10505.92857142857
2026-05-28 13:50:00,8004.866666666668
2026-05-28 14:00:00,4812.285714285715
2026-05-28 14:10:00,6686.1857142857125
2026-05-28 14:20:00,10706.15
2026-05-28 14:30:00,9862.657142857144
2026-05-28 14:40:00,7839.128571428571
2026-05-28 14:50:00,6327.533333333333
2026-05-28 15:00:00,3839.6857142857148
2026-05-28 15:10:00,1922.142857142857
2026-05-28 15:20:00,1868.6999999999998
2026-05-28 15:30:00,1765.1714285714286
2026-05-28 15:40:00,1085.642857142857
2026-05-28 15:50:00,790.25
2026-05-28 16:00:00,641.9000000000001
2026-05-28 21:30:00,0
2026-05-28 21:40:00,0
2026-05-28 21:50:00,0
2026-05-28 22:00:00,0
2026-05-28 22:10:00,0
2026-05-28 22:20:00,0
2026-05-28 22:30:00,0
2026-05-28 22:40:00,0
2026-05-28 22:50:00,0
2026-05-28 23:00:00,0
2026-05-28 23:10:00,0
2026-05-28 23:20:00,0
2026-05-28 23:30:00,0
2026-05-28 23:40:00,0
2026-05-28 23:50:00,0
2026-05-29 00:00:00,0
2026-05-29 00:10:00,0
2026-05-29 00:20:00,0
2026-05-29 00:30:00,0
2026-05-29 00:40:00,0
2026-05-29 00:50:00,0
2026-05-29 01:00:00,0
2026-05-29 01:10:00,0
2026-05-29 01:20:00,0
2026-05-29 01:30:00,0
2026-05-29 01:40:00,0
2026-05-29 01:50:00,0
2026-05-29 02:00:00,0
2026-05-29 02:10:00,0
2026-05-29 02:20:00,0
2026-05-29 02:30:00,0
2026-05-29 02:40:00,0
2026-05-29 02:50:00,0
2026-05-29 03:00:00,0
2026-05-29 03:10:00,0
2026-05-29 03:20:00,0
2026-05-29 03:30:00,0
2026-05-29 03:40:00,0
2026-05-29 03:50:00,0
2026-05-29 04:00:00,0
2026-05-29 04:10:00,0
2026-05-29 04:20:00,0
2026-05-29 04:30:00,0
2026-05-29 04:40:00,0
2026-05-29 04:50:00,0
2026-05-29 05:00:00,0.31428571428571433
2026-05-29 05:10:00,24.271428571428572
2026-05-29 05:20:00,122.21666666666665
2026-05-29 05:30:00,349.2857142857143
2026-05-29 05:40:00,583.0714285714286
2026-05-29 05:50:00,789.5333333333333
2026-05-29 06:00:00,1040.4857142857143
2026-05-29 06:10:00,1464.7285714285715
2026-05-29 06:20:00,2055.4166666666665
2026-05-29 06:30:00,2689.5428571428565
2026-05-29 06:40:00,3932.1571428571433
2026-05-29 06:50:00,6053.05
2026-05-29 07:00:00,7346.9857142857145
2026-05-29 07:10:00,8299.628571428571
2026-05-29 07:20:00,9284.733333333334
2026-05-29 07:30:00,11642.871428571429
2026-05-29 07:40:00,13269.214285714286
2026-05-29 07:50:00,14447.483333333335
2026-05-29 08:00:00,13452
2026-05-29 08:10:00,13066.128571428573
2026-05-29 08:20:00,13094.15
2026-05-29 08:30:00,12497.82857142857
2026-05-29 08:40:00,14674.32857142857
2026-05-29 08:50:00,12441.133333333333
2026-05-29 09:00:00,15888.7
2026-05-29 09:10:00,16495.414285714283
2026-05-29 09:20:00,17841.5
2026-05-29 09:30:00,18345.999999999996
2026-05-29 09:40:00,17654.15714285714
2026-05-29 09:50:00,16114.416666666666
2026-05-29 10:00:00,21511.657142857144
2026-05-29 10:10:00,20418.64285714286
2026-05-29 10:20:00,19180.5
2026-05-29 10:30:00,16666.514285714286
2026-05-29 10:40:00,18044.61428571428
2026-05-29 10:50:00,23902.400000000005
2026-05-29 11:00:00,24145.914285714283
2026-05-29 11:10:00,16303.714285714286
2026-05-29 11:20:00,16401.833333333332
2026-05-29 11:30:00,17666.742857142857
2026-05-29 11:40:00,16582.35714285714
2026-05-29 11:50:00,16318.666666666666
2026-05-29 12:00:00,15564.614285714286
2026-05-29 12:10:00,13094.483333333332
2026-05-29 12:20:00,5424.62
2026-05-29 12:30:00,2685.4999999999995
2026-05-29 12:40:00,2583.35
2026-05-29 12:50:00,3332.7666666666664
2026-05-29 13:00:00,4237.514285714286
2026-05-29 13:10:00,3951.5142857142855
2026-05-29 13:20:00,4665.3
2026-05-29 13:30:00,6363.028571428571
2026-05-29 13:40:00,7571.557142857142
2026-05-29 13:50:00,10420.833333333334
2026-05-29 14:00:00,12056.357142857143
2026-05-29 14:10:00,13561.657142857144
2026-05-29 14:20:00,15774.983333333332
2026-05-29 14:30:00,14330.57142857143
2026-05-29 14:40:00,14885.371428571427
2026-05-29 14:50:00,11835.800000000001
2026-05-29 15:00:00,11218.328571428572
2026-05-29 15:10:00,9389.27142857143
2026-05-29 15:20:00,6733.25
2026-05-29 15:30:00,5231
2026-05-29 15:40:00,5668.128571428571
2026-05-29 15:50:00,6010
2026-05-29 16:00:00,6410.328571428571
2026-05-29 16:10:00,4645.471428571428
2026-05-29 16:20:00,4128.400000000001
2026-05-29 16:30:00,3436.328571428571
2026-05-29 16:40:00,3232.3428571428567
2026-05-29 16:50:00,3151.7833333333333
2026-05-29 17:00:00,2039.185714285714
2026-05-29 17:10:00,1199.0142857142857
2026-05-29 17:20:00,742.9666666666667
2026-05-29 17:30:00,425.15714285714284
2026-05-29 17:40:00,258.9714285714286
2026-05-29 17:50:00,124.7333333333333
2026-05-29 18:00:00,42.728571428571435
2026-05-29 18:10:00,5.557142857142857
2026-05-29 18:20:00,0
2026-05-29 18:30:00,0
2026-05-29 18:40:00,0
2026-05-29 18:50:00,0
2026-05-29 19:00:00,0
2026-05-29 19:10:00,0
2026-05-29 19:20:00,0
2026-05-29 19:30:00,0
2026-05-29 19:40:00,0
2026-05-29 19:50:00,0
2026-05-29 20:00:00,0
2026-05-29 20:10:00,0
2026-05-29 20:20:00,0
2026-05-29 20:30:00,0
2026-05-29 20:40:00,0
2026-05-29 20:50:00,0
2026-05-29 21:00:00,0
2026-05-29 21:10:00,0
2026-05-29 21:20:00,0
2026-05-29 21:30:00,0
2026-05-29 21:40:00,0
2026-05-29 21:50:00,0
2026-05-29 22:00:00,0
2026-05-29 22:10:00,0
2026-05-29 22:20:00,0
2026-05-29 22:30:00,0
2026-05-29 22:40:00,0
2026-05-29 22:50:00,0
2026-05-29 23:00:00,0
2026-05-29 23:10:00,0
2026-05-29 23:20:00,0
2026-05-29 23:30:00,0
2026-05-29 23:40:00,0
2026-05-29 23:50:00,0
2026-05-30 00:00:00,0
2026-05-30 00:10:00,0
2026-05-30 00:20:00,0
2026-05-30 00:30:00,0
2026-05-30 00:40:00,0
2026-05-30 00:50:00,0
2026-05-30 01:00:00,0
2026-05-30 01:10:00,0
2026-05-30 01:20:00,0
2026-05-30 01:30:00,0
2026-05-30 01:40:00,0
2026-05-30 01:50:00,0
2026-05-30 02:00:00,0
2026-05-30 02:10:00,0
2026-05-30 02:20:00,0
2026-05-30 02:30:00,0
2026-05-30 02:40:00,0
2026-05-30 02:50:00,0
2026-05-30 03:00:00,0
2026-05-30 03:10:00,0
2026-05-30 03:20:00,0
2026-05-30 03:30:00,0
2026-05-30 03:40:00,0
2026-05-30 03:50:00,0
2026-05-30 04:00:00,0
2026-05-30 04:10:00,0
2026-05-30 04:20:00,0
2026-05-30 04:30:00,0
2026-05-30 04:40:00,0
2026-05-30 04:50:00,0
2026-05-30 05:00:00,2.1666666666666665
2026-05-30 05:10:00,46.114285714285714
2026-05-30 05:20:00,214.33333333333334
2026-05-30 05:30:00,559.4285714285714
2026-05-30 05:40:00,947.7142857142859
2026-05-30 05:50:00,1264.0833333333333
2026-05-30 06:00:00,1555.0571428571427
2026-05-30 06:10:00,1803.8714285714286
2026-05-30 06:20:00,1965.1166666666668
2026-05-30 06:30:00,2111.0571428571425
2026-05-30 06:40:00,7008.457142857143
2026-05-30 06:50:00,9802.949999999999
2026-05-30 07:00:00,10328.985714285713
2026-05-30 07:10:00,11327.07142857143
2026-05-30 07:20:00,12545.816666666666
2026-05-30 07:30:00,13472.57142857143
2026-05-30 07:40:00,14349.628571428573
2026-05-30 07:50:00,15015.866666666667
2026-05-30 08:00:00,14086.657142857144
2026-05-30 08:10:00,12861.228571428572
2026-05-30 08:20:00,14933.083333333334
2026-05-30 08:30:00,14190.800000000001
2026-05-30 08:40:00,17886.72857142857
2026-05-30 08:50:00,18802.03333333333
2026-05-30 09:00:00,19396.31428571429
2026-05-30 09:10:00,19799.64285714286
2026-05-30 09:20:00,19636.733333333334
2026-05-30 09:30:00,16461.314285714285
2026-05-30 09:40:00,14729
2026-05-30 09:50:00,15361.016666666668
2026-05-30 10:00:00,16096.028571428573
2026-05-30 10:10:00,20434.942857142858
2026-05-30 10:20:00,20309.816666666666
2026-05-30 10:30:00,21845.925
2026-05-30 10:40:00,16895.714285714286
2026-05-30 10:50:00,20559.657142857144
2026-05-30 11:00:00,20635.95
2026-05-30 11:10:00,20790.985714285714
2026-05-30 11:20:00,15381.785714285712
2026-05-30 11:30:00,15253.5
2026-05-30 11:40:00,13440.92857142857
2026-05-30 11:50:00,14405.842857142856
2026-05-30 12:00:00,17281.333333333336
2026-05-30 12:10:00,19063.585714285717
2026-05-30 12:20:00,20130.214285714286
2026-05-30 12:30:00,16935.116666666665
2026-05-30 12:40:00,19344.071428571428
2026-05-30 12:50:00,16236.442857142858
2026-05-30 13:00:00,14751.383333333333
2026-05-30 13:10:00,7467.128571428571
2026-05-30 13:20:00,3647.3857142857137
2026-05-30 13:30:00,2236.05
2026-05-30 13:40:00,2284.657142857143
2026-05-30 13:50:00,3594.7666666666664
2026-05-30 14:00:00,3778.542857142857
2026-05-30 14:10:00,3758.914285714286
2026-05-30 14:20:00,3238.85
2026-05-30 14:30:00,3073.842857142857
2026-05-30 14:40:00,5344.657142857142
2026-05-30 14:50:00,3258.1999999999994
2026-05-30 15:00:00,2460.0571428571425
2026-05-30 15:10:00,3358.9285714285716
2026-05-30 15:20:00,3505.516666666667
2026-05-30 15:30:00,1976.8285714285716
2026-05-30 15:40:00,2139.014285714286
2026-05-30 15:50:00,2429.9500000000003
2026-05-30 16:00:00,1591.2833333333335
2026-05-30 16:10:00,775.657142857143
2026-05-30 16:20:00,484.9166666666667
2026-05-30 16:30:00,331.80000000000007
2026-05-30 16:40:00,297.07142857142856
2026-05-30 16:50:00,301.78333333333336
2026-05-30 17:00:00,209.18571428571425
2026-05-30 17:10:00,302.90000000000003
2026-05-30 17:20:00,267.3666666666667
2026-05-30 17:30:00,175.7142857142857
2026-05-30 17:40:00,19.057142857142857
2026-05-30 17:50:00,4.875
2026-05-30 18:00:00,0
2026-05-30 18:10:00,0
2026-05-30 18:20:00,0
2026-05-30 18:30:00,0
2026-05-30 18:40:00,0
2026-05-30 18:50:00,0
2026-05-30 19:00:00,0
2026-05-30 19:10:00,0
2026-05-30 19:20:00,0
2026-05-30 19:30:00,0
2026-05-30 19:40:00,0
2026-05-30 19:50:00,0
2026-05-30 20:00:00,0
2026-05-30 20:10:00,0
2026-05-30 20:20:00,0
2026-06-01 08:20:00,14952.057142857146
2026-06-01 08:30:00,18239.714285714286
2026-06-01 08:40:00,15811.9
2026-06-01 08:50:00,15213.171428571426
2026-06-01 09:00:00,9987.671428571428
2026-06-01 09:10:00,9199.416666666668
2026-06-01 09:20:00,7601.371428571429
2026-06-01 09:30:00,6621.385714285715
2026-06-01 09:40:00,7225.7
2026-06-01 09:50:00,9352.999999999998
2026-06-01 10:00:00,12068.357142857143
2026-06-01 10:10:00,14649.233333333332
2026-06-01 10:20:00,17622.82857142857
2026-06-01 10:30:00,18976.971428571425
2026-06-01 10:40:00,16913.600000000002
2026-06-01 11:10:00,15594.700000000003
2026-06-01 11:20:00,15330.199999999999
2026-06-01 11:30:00,15556.000000000002
2026-06-01 11:40:00,15762.049999999997
2026-06-01 11:50:00,15377.214285714286
2026-06-01 12:00:00,13945.333333333334
2026-06-01 12:10:00,12217.85
2026-06-01 12:20:00,11960.199999999999
2026-06-01 12:30:00,14911.185714285715
2026-06-01 12:40:00,12278.066666666666
2026-06-01 12:50:00,10524.07142857143
2026-06-01 13:00:00,8609.585714285715
2026-06-01 13:10:00,10178.916666666668
2026-06-01 13:20:00,10880.1
2026-06-01 13:30:00,14344.714285714286
2026-06-01 13:40:00,16329.766666666665
2026-06-01 13:50:00,14087.271428571428
2026-06-01 14:00:00,10720.971428571429
2026-06-01 14:10:00,11950.116666666667
2026-06-01 14:20:00,10612.22857142857
2026-06-01 14:30:00,11639.199999999999
2026-06-01 14:40:00,10986.400000000001
2026-06-01 14:50:00,10162.800000000001
2026-06-01 15:00:00,12614.242857142859
2026-06-01 15:10:00,13505.233333333335
2026-06-01 15:20:00,10238.971428571429
2026-06-01 15:30:00,7598.557142857143
2026-06-01 15:40:00,10720.099999999999
2026-06-01 15:50:00,9552.385714285714
2026-06-01 16:00:00,9491.257142857143
2026-06-01 16:10:00,5303.6
2026-06-01 16:20:00,4037.842857142857
2026-06-01 16:30:00,4333.042857142857
2026-06-01 16:40:00,4218.716666666666
2026-06-01 16:50:00,4009.2714285714287
2026-06-01 17:00:00,3362
2026-06-01 17:10:00,2726.366666666667
2026-06-01 17:20:00,2185.4142857142856
2026-06-01 17:30:00,1512.9714285714285
2026-06-01 17:40:00,1031.1166666666666
2026-06-01 17:50:00,516.4142857142857
2026-06-01 18:00:00,140.67142857142858
2026-06-01 18:10:00,20.816666666666666
2026-06-01 18:20:00,0.6285714285714287
2026-06-01 18:30:00,0
2026-06-01 18:40:00,0
2026-06-01 18:50:00,0
2026-06-01 19:00:00,0
2026-06-01 19:10:00,0
2026-06-01 19:20:00,0
2026-06-01 19:30:00,0
2026-06-01 19:40:00,0
2026-06-01 19:50:00,0
2026-06-01 20:00:00,0
2026-06-01 20:10:00,0
2026-06-01 20:20:00,0
2026-06-01 20:30:00,0
2026-06-01 20:40:00,0
2026-06-01 20:50:00,0
2026-06-01 21:00:00,0
2026-06-01 21:10:00,0
2026-06-01 21:20:00,0
2026-06-01 21:30:00,0
2026-06-01 21:40:00,0
2026-06-01 21:50:00,0
2026-06-01 22:00:00,0
2026-06-01 22:10:00,0
2026-06-01 22:20:00,0
2026-06-01 22:30:00,0
2026-06-01 22:40:00,0
2026-06-01 22:50:00,0
2026-06-01 23:00:00,0
2026-06-01 23:10:00,0
2026-06-01 23:20:00,0
2026-06-01 23:30:00,0
2026-06-01 23:40:00,0
2026-06-01 23:50:00,0
2026-06-02 00:00:00,0
2026-06-02 00:10:00,0
2026-06-02 00:20:00,0
2026-06-02 00:30:00,0
2026-06-02 00:40:00,0
2026-06-02 00:50:00,0
2026-06-02 01:00:00,0
2026-06-02 01:10:00,0
2026-06-02 01:20:00,0
2026-06-02 01:30:00,0
2026-06-02 01:40:00,0
2026-06-02 01:50:00,0
2026-06-02 02:00:00,0
2026-06-02 02:10:00,0
2026-06-02 02:20:00,0
2026-06-02 02:30:00,0
2026-06-02 02:40:00,0
2026-06-02 02:50:00,0
2026-06-02 03:00:00,0
2026-06-02 03:10:00,0
2026-06-02 03:20:00,0
2026-06-02 03:30:00,0
2026-06-02 03:40:00,0
2026-06-02 03:50:00,0
2026-06-02 04:00:00,0
2026-06-02 04:10:00,0
2026-06-02 04:20:00,0
2026-06-02 04:30:00,0
2026-06-02 04:40:00,0
2026-06-02 04:50:00,0
2026-06-02 05:00:00,0.9285714285714286
2026-06-02 05:10:00,29.416666666666668
2026-06-02 05:20:00,129.65714285714284
2026-06-02 05:30:00,455.88571428571424
2026-06-02 05:40:00,916.4166666666666
2026-06-02 05:50:00,1581.1714285714284
2026-06-02 06:00:00,2277.285714285714
2026-06-02 06:10:00,3032.7666666666664
2026-06-02 06:20:00,3796.9714285714285
2026-06-02 06:30:00,4741.957142857143
2026-06-02 06:40:00,5649.433333333333
2026-06-02 06:50:00,6559.0428571428565
2026-06-02 07:00:00,8421.899999999998
2026-06-02 07:10:00,9439.533333333333
2026-06-02 07:20:00,10044.2
2026-06-02 07:30:00,11462.557142857142
2026-06-02 07:40:00,11852.300000000001
2026-06-02 07:50:00,12971.814285714285
2026-06-02 08:00:00,13111
2026-06-02 08:10:00,13084.816666666666
2026-06-02 08:20:00,14290.014285714284
2026-06-02 08:30:00,13079.971428571429
2026-06-02 08:40:00,12304.25
2026-06-02 08:50:00,12333.471428571429
2026-06-02 09:00:00,18855.614285714288
2026-06-02 09:10:00,17413.96
2026-06-02 09:20:00,13310.539999999999
2026-06-02 09:30:00,13384.699999999999
2026-06-02 09:40:00,14879.366666666667
2026-06-02 09:50:00,10131.457142857145
2026-06-02 10:00:00,10678.257142857145
2026-06-02 10:10:00,9429.866666666667
2026-06-02 10:20:00,9410.142857142857
2026-06-02 10:30:00,8938.285714285714
2026-06-02 10:40:00,9887.9
2026-06-02 10:50:00,9173.92857142857
2026-06-02 11:00:00,8927.557142857142
2026-06-02 11:10:00,9815.866666666667
2026-06-02 11:20:00,13425.885714285712
2026-06-02 11:30:00,15413.457142857145
2026-06-02 11:40:00,15555.616666666669
2026-06-02 11:50:00,18511.257142857143
2026-06-02 12:00:00,18477.47142857143
2026-06-02 12:10:00,18114.96666666667
2026-06-02 12:20:00,15681.028571428571
2026-06-02 12:30:00,16403.87142857143
2026-06-02 12:40:00,21523.716666666664
2026-06-02 12:50:00,18949.014285714286
2026-06-02 13:00:00,18936.714285714286
2026-06-02 13:10:00,17591.366666666665
2026-06-02 13:20:00,17193.35714285714
2026-06-02 13:30:00,19464.8
2026-06-02 13:40:00,19145.366666666665
2026-06-02 13:50:00,17647.114285714284
2026-06-02 14:00:00,17050.814285714285
2026-06-02 14:10:00,15189.716666666667
2026-06-02 14:20:00,16335.971428571427
2026-06-02 14:30:00,16908.3
2026-06-02 14:40:00,15624.800000000001
2026-06-02 14:50:00,14209.542857142855
2026-06-02 15:00:00,11690.8
2026-06-02 15:10:00,11344.800000000001
2026-06-02 15:20:00,11358.414285714287
2026-06-02 15:30:00,8567.828571428572
2026-06-02 15:40:00,6028.283333333333
2026-06-02 15:50:00,5247.885714285714
2026-06-02 16:00:00,4984.314285714286
2026-06-02 16:10:00,5141.25
2026-06-02 16:20:00,4772.957142857143
2026-06-02 16:30:00,3859.9714285714285
2026-06-02 16:40:00,3834.7
2026-06-02 16:50:00,3901.2000000000003
2026-06-02 17:00:00,3468.6
2026-06-02 17:10:00,2587.214285714286
2026-06-02 17:20:00,1823.8833333333332
2026-06-02 17:30:00,1248.142857142857
2026-06-02 17:40:00,752.65
2026-06-02 17:50:00,348.35714285714283
2026-06-02 18:00:00,78.95714285714287
2026-06-02 18:10:00,10.416666666666668
2026-06-02 18:20:00,0
2026-06-02 18:30:00,0
2026-06-02 18:40:00,0
2026-06-02 18:50:00,0
2026-06-02 19:00:00,0
2026-06-02 19:10:00,0
2026-06-02 19:20:00,0
2026-06-02 19:30:00,0
2026-06-02 19:40:00,0
2026-06-02 19:50:00,0
2026-06-02 20:00:00,0
2026-06-02 20:10:00,0
2026-06-02 20:20:00,0
2026-06-02 20:30:00,0
2026-06-02 20:40:00,0
2026-06-02 20:50:00,0
2026-06-02 21:00:00,0
2026-06-02 21:10:00,0
2026-06-02 21:20:00,0
2026-06-02 21:30:00,0
2026-06-02 21:40:00,0
2026-06-02 21:50:00,0
2026-06-02 22:00:00,0
2026-06-02 22:10:00,0
2026-06-02 22:20:00,0
2026-06-02 22:30:00,0
2026-06-02 22:40:00,0
2026-06-02 22:50:00,0
2026-06-02 23:00:00,0
2026-06-02 23:10:00,0
2026-06-02 23:20:00,0
2026-06-02 23:30:00,0
2026-06-02 23:40:00,0
2026-06-02 23:50:00,0
2026-06-03 00:00:00,0
2026-06-03 00:10:00,0
2026-06-03 00:20:00,0
2026-06-03 00:30:00,0
2026-06-03 00:40:00,0
2026-06-03 00:50:00,0
2026-06-03 01:00:00,0
2026-06-03 01:10:00,0
2026-06-03 01:20:00,0
2026-06-03 01:30:00,0
2026-06-03 01:40:00,0
2026-06-03 01:50:00,0
2026-06-03 02:00:00,0
2026-06-03 02:10:00,0
2026-06-03 02:20:00,0
2026-06-03 02:30:00,0
2026-06-03 02:40:00,0
2026-06-03 02:50:00,0
2026-06-03 03:00:00,0
2026-06-03 03:10:00,0
2026-06-03 03:20:00,0
2026-06-03 03:30:00,0
2026-06-03 03:40:00,0
2026-06-03 03:50:00,0
2026-06-03 04:00:00,0
2026-06-03 04:10:00,0
2026-06-03 04:20:00,0
2026-06-03 04:30:00,0
2026-06-03 04:40:00,0
2026-06-03 04:50:00,0
2026-06-03 05:00:00,0.31428571428571433
2026-06-03 05:10:00,17.933333333333334
2026-06-03 05:20:00,88.79999999999998
2026-06-03 05:30:00,238.3714285714286
2026-06-03 05:40:00,488.51666666666665
2026-06-03 05:50:00,818.3857142857142
2026-06-03 06:00:00,1250
2026-06-03 06:10:00,1786.6166666666668
2026-06-03 06:20:00,2366.671428571429
2026-06-03 06:30:00,3168.7714285714287
2026-06-03 06:40:00,4120.883333333334
2026-06-03 06:50:00,5150.214285714285
2026-06-03 07:00:00,8537.1
2026-06-03 07:10:00,9670.333333333332
2026-06-03 07:20:00,7876.299999999998
2026-06-03 07:30:00,7619.424999999999
2026-06-03 07:40:00,6664.085714285715
2026-06-03 07:50:00,6401.383333333334
2026-06-03 08:00:00,5983.328571428572
2026-06-03 08:10:00,16079.457142857142
2026-06-03 08:20:00,11059.5
2026-06-03 08:30:00,13512.185714285713
2026-06-03 08:40:00,9719.199999999999
2026-06-03 08:50:00,9404.050000000001
2026-06-03 09:00:00,8538.92857142857
2026-06-03 09:10:00,12048.371428571429
2026-06-03 09:20:00,15729.449999999999
2026-06-03 09:30:00,14435.942857142858
2026-06-03 09:40:00,15469.385714285714
2026-06-03 09:50:00,21165.683333333334
2026-06-03 10:00:00,21794.62857142857
2026-06-03 10:10:00,21969.566666666666
2026-06-03 10:20:00,22453.84285714286
2026-06-03 10:30:00,22642.17142857143
2026-06-03 10:40:00,23625
2026-06-03 10:50:00,19923.757142857143
2026-06-03 11:00:00,23791.399999999998
2026-06-03 11:10:00,22734.033333333336
2026-06-03 11:20:00,18008.071428571428
2026-06-03 11:30:00,15163.085714285715
2026-06-03 11:40:00,10208.300000000001
2026-06-03 11:50:00,8079.057142857142
2026-06-03 12:00:00,9595.1
2026-06-03 12:10:00,9838.416666666666
2026-06-03 12:20:00,10615.3
2026-06-03 12:30:00,12242.828571428572
2026-06-03 12:40:00,10605.766666666668
2026-06-03 12:50:00,8175.814285714286
2026-06-03 13:00:00,9148.714285714286
2026-06-03 13:10:00,8923.3
2026-06-03 13:20:00,5449.757142857142
2026-06-03 13:30:00,4418.457142857143
2026-06-03 13:40:00,4962.416666666667
2026-06-03 13:50:00,4727.814285714287
2026-06-03 14:00:00,4012.957142857143
2026-06-03 14:10:00,3080.7999999999997
2026-06-03 14:20:00,2471.1428571428573
2026-06-03 14:30:00,2126.742857142857
2026-06-03 14:40:00,1835.0166666666664
2026-06-03 14:50:00,2091.25
2026-06-03 15:00:00,2259.4571428571426
2026-06-03 15:10:00,2012.4571428571428
2026-06-03 15:20:00,1564.3999999999999
2026-06-03 15:30:00,1610.3428571428572
2026-06-03 15:40:00,1050.3285714285714
2026-06-03 15:50:00,978.4333333333333
2026-06-03 16:00:00,919.1428571428572
2026-06-03 16:10:00,710.2428571428571
2026-06-03 16:20:00,379.9166666666667
2026-06-03 16:30:00,408.27142857142854
2026-06-03 16:40:00,283.54285714285714
2026-06-03 16:50:00,207.85000000000002
2026-06-03 17:00:00,177.22857142857143
2026-06-03 17:10:00,155.12857142857143
2026-06-03 17:20:00,143.71666666666667
2026-06-03 17:30:00,137.29999999999998
2026-06-03 17:40:00,109.98571428571428
2026-06-03 17:50:00,47.666666666666664
2026-06-03 18:00:00,9.857142857142858
2026-06-03 18:10:00,0.3666666666666667
2026-06-03 18:20:00,0
2026-06-03 18:30:00,0
2026-06-03 18:40:00,0
2026-06-03 18:50:00,0
2026-06-03 19:00:00,0
2026-06-03 19:10:00,0
2026-06-03 19:20:00,0
2026-06-03 19:30:00,0
2026-06-03 19:40:00,0
2026-06-03 19:50:00,0
2026-06-03 20:00:00,0
2026-06-03 20:10:00,0
2026-06-03 20:20:00,0
2026-06-03 20:30:00,0
2026-06-03 20:40:00,0
2026-06-03 20:50:00,0
2026-06-03 21:00:00,0
2026-06-03 21:10:00,0
2026-06-03 21:20:00,0
2026-06-03 21:30:00,0
2026-06-03 21:40:00,0
2026-06-03 21:50:00,0
2026-06-03 22:00:00,0
2026-06-03 22:10:00,0
2026-06-03 22:20:00,0
2026-06-03 22:30:00,0
2026-06-03 22:40:00,0
2026-06-03 22:50:00,0
2026-06-03 23:00:00,0
2026-06-03 23:10:00,0
2026-06-03 23:20:00,0
2026-06-03 23:30:00,0
2026-06-03 23:40:00,0
2026-06-03 23:50:00,0
2026-06-04 00:00:00,0
2026-06-04 00:10:00,0
2026-06-04 00:20:00,0
2026-06-04 00:30:00,0
2026-06-04 00:40:00,0
2026-06-04 00:50:00,0
2026-06-04 01:00:00,0
2026-06-04 01:10:00,0
2026-06-04 01:20:00,0
2026-06-04 01:30:00,0
2026-06-04 01:40:00,0
2026-06-04 01:50:00,0
2026-06-04 02:00:00,0
2026-06-04 02:10:00,0
2026-06-04 02:20:00,0
2026-06-04 02:30:00,0
2026-06-04 02:40:00,0
2026-06-04 02:50:00,0
2026-06-04 03:00:00,0
2026-06-04 03:10:00,0
2026-06-04 03:20:00,0
2026-06-04 03:30:00,0
2026-06-04 03:40:00,0
2026-06-04 03:50:00,0
2026-06-04 04:00:00,0
2026-06-04 04:10:00,0
2026-06-04 04:20:00,0
2026-06-04 04:30:00,0
2026-06-04 04:40:00,0
2026-06-04 04:50:00,0
2026-06-04 05:00:00,1.5571428571428572
2026-06-04 05:10:00,34.78333333333333
2026-06-04 05:20:00,212.27142857142857
2026-06-04 05:30:00,619.3142857142857
2026-06-04 05:40:00,970.3499999999999
2026-06-04 05:50:00,1138.9999999999998
2026-06-04 06:00:00,1412.2
2026-06-04 06:10:00,1766.1
2026-06-04 06:20:00,2192
2026-06-04 06:30:00,2550.671428571429
2026-06-04 06:40:00,5864.757142857144
2026-06-04 06:50:00,9289.716666666667
2026-06-04 07:00:00,4043.6857142857148
2026-06-04 07:10:00,8110.714285714285
2026-06-04 07:20:00,12049.4
2026-06-04 07:30:00,14114.614285714286
2026-06-04 07:40:00,14860.771428571428
2026-06-04 07:50:00,15785.016666666665
2026-06-04 08:00:00,16855.757142857143
2026-06-04 08:10:00,14783.399999999998
2026-06-04 08:20:00,17677.733333333334
2026-06-04 08:30:00,19113.071428571428
2026-06-04 08:40:00,18511.242857142857
2026-06-04 08:50:00,11704.283333333333
2026-06-04 09:00:00,16354.114285714284
2026-06-04 09:10:00,20566.114285714284
2026-06-04 09:20:00,21005.833333333332
2026-06-04 09:30:00,21043.2
2026-06-04 09:40:00,21460.057142857142
2026-06-04 09:50:00,21674.583333333332
2026-06-04 10:00:00,20211.32857142857
2026-06-04 10:10:00,23079.014285714286
2026-06-04 10:20:00,22982.05
2026-06-04 10:30:00,18486.042857142857
2026-06-04 10:40:00,14253.933333333334
2026-06-04 10:50:00,13822.157142857142
2026-06-04 11:00:00,14866.942857142858
2026-06-04 11:10:00,14241.033333333333
2026-06-04 11:20:00,9503.842857142856
2026-06-04 11:30:00,6425.7
2026-06-04 11:40:00,6250.849999999999
2026-06-04 11:50:00,4987.685714285714
2026-06-04 12:00:00,5542.185714285714
2026-06-04 12:10:00,6976.599999999999
2026-06-04 12:20:00,5250.357142857143
2026-06-04 12:30:00,3518.3571428571427
2026-06-04 12:40:00,2448.5833333333335
2026-06-04 12:50:00,5361.857142857143
2026-06-04 13:00:00,5374.4
2026-06-04 13:10:00,4729.028571428571
2026-06-04 13:20:00,4066.7333333333336
2026-06-04 13:30:00,4862.057142857143
2026-06-04 13:40:00,5337.9
2026-06-04 13:50:00,6523.599999999999
2026-06-04 14:00:00,6740.5714285714275
2026-06-04 14:10:00,6846.571428571428
2026-06-04 14:20:00,5566.316666666667
2026-06-04 14:30:00,3801.899999999999
2026-06-04 14:40:00,3171.842857142857
2026-06-04 14:50:00,3586.1499999999996
2026-06-04 15:00:00,2053.942857142857
2026-06-04 15:10:00,1635.2428571428572
2026-06-04 15:20:00,1852.2166666666665
2026-06-04 15:30:00,1504.9857142857143
2026-06-04 15:40:00,1910.4714285714285
2026-06-04 15:50:00,2905.883333333333
2026-06-04 16:00:00,3348.8
2026-06-04 16:10:00,3146.642857142858
2026-06-04 16:20:00,2059.0333333333333
2026-06-04 16:30:00,783.6714285714286
2026-06-04 16:40:00,462.02857142857147
2026-06-04 16:50:00,458.0333333333333
2026-06-04 17:00:00,458.32857142857137
2026-06-04 17:10:00,481.07142857142856
2026-06-04 17:20:00,442.96666666666664
2026-06-04 17:30:00,505.62857142857143
2026-06-04 17:40:00,402.12857142857143
2026-06-04 17:50:00,131.20000000000002
2026-06-04 18:00:00,33.50000000000001
2026-06-04 18:10:00,3.0857142857142854
2026-06-04 18:20:00,0
2026-06-04 18:30:00,0
2026-06-04 18:40:00,0
2026-06-04 18:50:00,0
2026-06-04 19:00:00,0
2026-06-04 19:10:00,0
2026-06-04 19:20:00,0
2026-06-04 19:30:00,0
2026-06-04 19:40:00,0
2026-06-04 19:50:00,0
2026-06-04 20:00:00,0
2026-06-04 20:10:00,0
2026-06-04 20:20:00,0
2026-06-04 20:30:00,0
2026-06-04 20:40:00,0
2026-06-04 20:50:00,0
2026-06-04 21:00:00,0
2026-06-04 21:10:00,0
2026-06-04 21:20:00,0
2026-06-04 21:30:00,0
2026-06-04 21:40:00,0
2026-06-04 21:50:00,0
2026-06-04 22:00:00,0
2026-06-04 22:10:00,0
2026-06-04 22:20:00,0
2026-06-04 22:30:00,0
2026-06-04 22:40:00,0
2026-06-04 22:50:00,0
2026-06-04 23:00:00,0
2026-06-04 23:10:00,0
2026-06-04 23:20:00,0
2026-06-04 23:30:00,0
2026-06-04 23:40:00,0
2026-06-04 23:50:00,0
2026-06-05 00:00:00,0
2026-06-05 00:10:00,0
2026-06-05 00:20:00,0
2026-06-05 00:30:00,0
2026-06-05 00:40:00,0
2026-06-05 00:50:00,0
2026-06-05 01:00:00,0
2026-06-05 01:10:00,0
2026-06-05 01:20:00,0
2026-06-05 01:30:00,0
2026-06-05 01:40:00,0
2026-06-05 01:50:00,0
2026-06-05 02:00:00,0
2026-06-05 02:10:00,0
2026-06-05 02:20:00,0
2026-06-05 02:30:00,0
2026-06-05 02:40:00,0
2026-06-05 02:50:00,0
2026-06-05 03:00:00,0
2026-06-05 03:10:00,0
2026-06-05 03:20:00,0
2026-06-05 03:30:00,0
2026-06-05 03:40:00,0
2026-06-05 03:50:00,0
2026-06-05 04:00:00,0
2026-06-05 04:10:00,0
2026-06-05 04:20:00,0
2026-06-05 04:30:00,0
2026-06-05 04:40:00,0
2026-06-05 04:50:00,0
2026-06-05 05:00:00,0.9285714285714286
2026-06-05 05:10:00,31.357142857142858
2026-06-05 05:20:00,135.46666666666667
2026-06-05 05:30:00,420.2714285714286
2026-06-05 05:40:00,854.9285714285714
2026-06-05 05:50:00,1252.9666666666665
2026-06-05 06:00:00,1692.357142857143
2026-06-05 06:10:00,2138.128571428572
2026-06-05 06:20:00,2379.4
2026-06-05 06:30:00,2567.2714285714283
2026-06-05 06:40:00,4980.028571428571
2026-06-05 06:50:00,9386.116666666667
2026-06-05 07:00:00,10158.5
2026-06-05 07:10:00,11412.471428571427
2026-06-05 07:20:00,11133.35
2026-06-05 07:30:00,13199.157142857144
2026-06-05 07:40:00,13019.72857142857
2026-06-05 07:50:00,15094.033333333333
2026-06-05 08:00:00,15945.814285714287
2026-06-05 08:10:00,16709.214285714286
2026-06-05 08:20:00,17145.483333333334
2026-06-05 08:30:00,17564.442857142858
2026-06-05 08:40:00,17335.9
2026-06-05 08:50:00,18505.283333333336
2026-06-05 09:00:00,19170.81428571429
2026-06-05 09:10:00,19692.14285714286
2026-06-05 09:20:00,19923.116666666665
2026-06-05 09:30:00,20668.428571428572
2026-06-05 09:40:00,18897.399999999998
2026-06-05 09:50:00,17667.333333333332
2026-06-05 10:00:00,19985.81428571429
2026-06-05 10:10:00,21425.657142857144
2026-06-05 10:20:00,16648.783333333333
2026-06-05 10:30:00,11096.371428571427
2026-06-05 10:40:00,3899.2857142857138
2026-06-05 10:50:00,1411.75
2026-06-05 11:00:00,1206.9714285714288
2026-06-05 11:10:00,1078.95
2026-06-05 11:20:00,2136.7833333333333
2026-06-05 11:30:00,4556.4
2026-06-05 11:40:00,8540.771428571428
2026-06-05 11:50:00,11959.433333333334
2026-06-05 12:00:00,5666.928571428572
2026-06-05 12:10:00,4981.542857142857
2026-06-05 12:20:00,4598.283333333334
2026-06-05 12:30:00,6062.9
2026-06-05 12:40:00,6897.242857142856
2026-06-05 12:50:00,6228.633333333334
2026-06-05 13:00:00,5502.557142857143
2026-06-05 13:10:00,4037.8571428571427
2026-06-05 13:20:00,3757.483333333333
2026-06-05 13:30:00,3462.7571428571423
2026-06-05 13:40:00,5336.357142857143
2026-06-05 13:50:00,6703.866666666668
2026-06-05 14:00:00,4700.171428571428
2026-06-05 14:10:00,5158.5
2026-06-05 14:20:00,2296.2500000000005
2026-06-05 14:30:00,2318.7285714285717
2026-06-05 14:40:00,1411.5714285714287
2026-06-05 14:50:00,1967.25
2026-06-05 15:00:00,2157.157142857143
2026-06-05 15:10:00,1967.6285714285714
2026-06-05 15:20:00,1604.1833333333334
2026-06-05 15:30:00,1314.5142857142857
2026-06-05 15:40:00,776.6142857142856
2026-06-05 15:50:00,654.4333333333334
2026-06-05 16:00:00,1089.6285714285714
2026-06-05 16:10:00,1263.8142857142855
2026-06-05 16:20:00,1298.4833333333333
2026-06-05 16:30:00,1218.0428571428572
2026-06-05 16:40:00,941.5714285714286
2026-06-05 16:50:00,696
2026-06-05 17:00:00,509.32857142857137
2026-06-05 17:10:00,305.65714285714284
2026-06-05 17:20:00,179.9
2026-06-05 17:30:00,154.51428571428573
2026-06-05 17:40:00,68.8142857142857
2026-06-05 17:50:00,20.099999999999998
2026-06-05 18:00:00,6.171428571428571
2026-06-05 18:10:00,0.31428571428571433
2026-06-05 18:20:00,0
2026-06-05 18:30:00,0
2026-06-05 18:40:00,0
2026-06-05 18:50:00,0
2026-06-05 19:00:00,0
2026-06-05 19:10:00,0
2026-06-05 19:20:00,0
2026-06-05 19:30:00,0
2026-06-05 19:40:00,0
2026-06-05 19:50:00,0
2026-06-05 20:00:00,0
2026-06-05 20:10:00,0
2026-06-05 20:20:00,0
2026-06-05 20:30:00,0
2026-06-05 20:40:00,0
2026-06-05 20:50:00,0
2026-06-05 21:00:00,0
2026-06-05 21:10:00,0
2026-06-05 21:20:00,0
2026-06-05 21:30:00,0
2026-06-05 21:40:00,0
2026-06-05 21:50:00,0
2026-06-05 22:00:00,0
2026-06-05 22:10:00,0
2026-06-05 22:20:00,0
2026-06-05 22:30:00,0
2026-06-05 22:40:00,0
2026-06-05 22:50:00,0
2026-06-05 23:00:00,0
2026-06-05 23:10:00,0
2026-06-05 23:20:00,0
2026-06-05 23:30:00,0
2026-06-05 23:40:00,0
2026-06-05 23:50:00,0
2026-06-06 00:00:00,0
2026-06-06 00:10:00,0
2026-06-06 00:20:00,0
2026-06-06 00:30:00,0
2026-06-06 00:40:00,0
2026-06-06 00:50:00,0
2026-06-06 01:00:00,0
2026-06-06 01:10:00,0
2026-06-06 01:20:00,0
2026-06-06 01:30:00,0
2026-06-06 01:40:00,0
2026-06-06 01:50:00,0
2026-06-06 02:00:00,0
2026-06-06 02:10:00,0
2026-06-06 02:20:00,0
2026-06-06 02:30:00,0
2026-06-06 02:40:00,0
2026-06-06 02:50:00,0
2026-06-06 03:00:00,0
2026-06-06 03:10:00,0
2026-06-06 03:20:00,0
2026-06-06 03:30:00,0
2026-06-06 03:40:00,0
2026-06-06 03:50:00,0
2026-06-06 04:00:00,0
2026-06-06 04:10:00,0
2026-06-06 04:20:00,0
2026-06-06 04:30:00,0
2026-06-06 04:40:00,0
2026-06-06 04:50:00,0
2026-06-06 05:00:00,0.31428571428571433
2026-06-06 05:10:00,17.228571428571428
2026-06-06 05:20:00,74.56666666666668
2026-06-06 05:30:00,305.65714285714284
2026-06-06 05:40:00,845.742857142857
2026-06-06 05:50:00,1534.6499999999999
2026-06-06 06:00:00,2458.214285714286
2026-06-06 06:10:00,3192.1142857142854
2026-06-06 06:20:00,3583.633333333333
2026-06-06 06:30:00,4024.9285714285716
2026-06-06 06:40:00,4945.928571428572
2026-06-06 06:50:00,6045.833333333333
2026-06-06 07:00:00,7205.0714285714275
2026-06-06 07:10:00,8451.685714285715
2026-06-06 07:20:00,9763.183333333332
2026-06-06 07:30:00,11652.4
2026-06-06 07:40:00,10791.628571428573
2026-06-06 07:50:00,11153.050000000001
2026-06-06 08:00:00,11859.757142857143
2026-06-06 08:10:00,11064.42857142857
2026-06-06 08:20:00,12612.083333333334
2026-06-06 08:30:00,11981.1
2026-06-06 08:40:00,13435.4
2026-06-06 08:50:00,17282.05
2026-06-06 09:00:00,17644.97142857143
2026-06-06 09:10:00,17167.87142857143
2026-06-06 09:20:00,18360.120000000003
2026-06-06 09:30:00,18151.120000000003
2026-06-06 09:40:00,19827.299999999996
2026-06-06 09:50:00,21539.850000000002
2026-06-06 10:00:00,14226.72857142857
2026-06-06 10:10:00,11584.814285714285
2026-06-06 10:20:00,9210.866666666667
2026-06-06 10:30:00,11720.942857142858
2026-06-06 10:40:00,14109.085714285713
2026-06-06 10:50:00,18126.1
2026-06-06 11:00:00,12176.785714285714
2026-06-06 11:10:00,10360.92857142857
2026-06-06 11:20:00,8120.6500000000015
2026-06-06 11:30:00,7651.442857142858
2026-06-06 11:40:00,5232.242857142858
2026-06-06 11:50:00,4567.8
2026-06-06 12:00:00,4990.471428571429
2026-06-06 12:10:00,7043.171428571429
2026-06-06 12:20:00,7122.8499999999985
2026-06-06 12:30:00,5892.414285714286
2026-06-06 12:40:00,3083.3571428571427
2026-06-06 12:50:00,4023.733333333333
2026-06-06 13:00:00,6254.585714285714
2026-06-06 13:10:00,5422.400000000001
2026-06-06 13:20:00,4304.75
2026-06-06 13:30:00,6098.528571428572
2026-06-06 13:40:00,6077.642857142857
2026-06-06 13:50:00,4771.016666666667
2026-06-06 14:00:00,4690.657142857142
2026-06-06 14:10:00,2551.585714285714
2026-06-06 14:20:00,2851.7833333333333
2026-06-06 14:30:00,3381.028571428571
2026-06-06 14:40:00,1684.9857142857143
2026-06-06 14:50:00,1005.3166666666666
2026-06-06 15:00:00,1070.3
2026-06-06 15:10:00,1031.8857142857144
2026-06-06 15:20:00,488.5
2026-06-06 15:30:00,468.4857142857143
2026-06-06 15:40:00,715.7714285714285
2026-06-06 15:50:00,1034.7
2026-06-06 16:00:00,1032.4857142857143
2026-06-06 16:10:00,997.157142857143
2026-06-06 16:20:00,1009.9666666666667
2026-06-06 16:30:00,1009.1428571428571
2026-06-06 16:40:00,1085.942857142857
2026-06-06 16:50:00,1227.325
2026-06-06 17:00:00,1088.45
2026-06-06 17:10:00,839.2714285714285
2026-06-06 17:20:00,934.6999999999999
2026-06-06 17:30:00,766.7714285714285
2026-06-06 17:40:00,436.54285714285714
2026-06-06 17:50:00,170.25
2026-06-06 18:00:00,42.4
2026-06-06 18:10:00,7.700000000000001
2026-06-06 18:20:00,0
2026-06-06 18:30:00,0
2026-06-06 18:40:00,0
2026-06-06 18:50:00,0
2026-06-06 19:00:00,0
2026-06-06 19:10:00,0
2026-06-06 19:20:00,0
2026-06-06 19:30:00,0
2026-06-06 19:40:00,0
2026-06-06 19:50:00,0
2026-06-06 20:00:00,0
2026-06-06 20:10:00,0
2026-06-06 20:20:00,0
2026-06-06 20:30:00,0
2026-06-06 20:40:00,0
2026-06-06 20:50:00,0
2026-06-06 21:00:00,0
2026-06-06 21:10:00,0
2026-06-06 21:20:00,0
2026-06-06 21:30:00,0
2026-06-06 21:40:00,0
2026-06-06 21:50:00,0
2026-06-06 22:00:00,0
2026-06-06 22:10:00,0
2026-06-06 22:20:00,0
2026-06-06 22:30:00,0
2026-06-06 22:40:00,0
2026-06-06 22:50:00,0
2026-06-06 23:00:00,0
2026-06-06 23:10:00,0
2026-06-06 23:20:00,0
2026-06-06 23:30:00,0
2026-06-06 23:40:00,0
2026-06-06 23:50:00,0
2026-06-07 00:00:00,0
2026-06-07 00:10:00,0
2026-06-07 00:20:00,0
2026-06-07 00:30:00,0
2026-06-07 00:40:00,0
2026-06-07 00:50:00,0
2026-06-07 01:00:00,0
2026-06-07 01:10:00,0
2026-06-07 01:20:00,0
2026-06-07 01:30:00,0
2026-06-07 01:40:00,0
2026-06-07 01:50:00,0
2026-06-07 02:00:00,0
2026-06-07 02:10:00,0
2026-06-07 02:20:00,0
2026-06-07 02:30:00,0
2026-06-07 02:40:00,0
2026-06-07 02:50:00,0
2026-06-07 03:00:00,0
2026-06-07 03:10:00,0
2026-06-07 03:20:00,0
2026-06-07 03:30:00,0
2026-06-07 03:40:00,0
2026-06-07 03:50:00,0
2026-06-07 04:00:00,0
2026-06-07 04:10:00,0
2026-06-07 04:20:00,0
2026-06-07 04:30:00,0
2026-06-07 04:40:00,0
2026-06-07 04:50:00,0
2026-06-07 05:00:00,0.31428571428571433
2026-06-07 05:10:00,18.457142857142856
2026-06-07 05:20:00,76.35
2026-06-07 05:30:00,360.04285714285714
2026-06-07 05:40:00,846.0285714285716
2026-06-07 05:50:00,1265.8500000000001
2026-06-07 06:00:00,1683.7714285714285
2026-06-07 06:10:00,2178.657142857143
2026-06-07 06:20:00,2719.5499999999997
2026-06-07 06:30:00,3218.828571428571
2026-06-07 06:40:00,4035.9857142857145
2026-06-07 06:50:00,4727.650000000001
2026-06-07 07:00:00,5622.657142857142
2026-06-07 07:10:00,6243.214285714285
2026-06-07 07:20:00,6417.866666666668
2026-06-07 07:30:00,6455.8
2026-06-07 07:40:00,5519.549999999999
2026-06-07 07:50:00,5468.471428571429
2026-06-07 08:00:00,6816.066666666667
2026-06-07 08:10:00,7333.485714285714
2026-06-07 08:20:00,5418.7
2026-06-07 08:30:00,7256.516666666667
2026-06-07 08:40:00,9944.371428571429
2026-06-07 08:50:00,9264.228571428572
2026-06-07 09:00:00,9035.983333333335
2026-06-07 09:10:00,7615.4857142857145
2026-06-07 09:20:00,8038.183333333333
2026-06-07 09:30:00,6739.642857142857
2026-06-07 09:40:00,11974.042857142858
2026-06-07 09:50:00,12737.183333333334
2026-06-07 10:00:00,11192.814285714285
2026-06-07 10:10:00,11998.942857142858
2026-06-07 10:20:00,11477.033333333333
2026-06-07 10:30:00,10687.785714285716
2026-06-07 10:40:00,11425.714285714284
2026-06-07 10:50:00,11186.016666666665
2026-06-07 11:00:00,13102.385714285714
2026-06-07 11:10:00,14742.842857142856
2026-06-07 11:20:00,15496.15
2026-06-07 11:30:00,11022.342857142858
2026-06-07 11:40:00,13267.342857142856
2026-06-07 11:50:00,15814.766666666668
2026-06-07 12:00:00,16074.871428571429
2026-06-07 12:10:00,14108.157142857142
2026-06-07 12:20:00,13706.299999999997
2026-06-07 12:30:00,14660.814285714285
2026-06-07 12:40:00,14764.014285714284
2026-06-07 12:50:00,13994.800000000001
2026-06-07 13:00:00,12030.857142857143
2026-06-07 13:10:00,13255.371428571427
2026-06-07 13:20:00,11850.5
2026-06-07 13:30:00,10192.271428571428
2026-06-07 13:40:00,12530.699999999999
2026-06-07 13:50:00,11684.933333333334
2026-06-07 14:00:00,10713.014285714284
2026-06-07 14:10:00,12332.214285714286
2026-06-07 14:20:00,9118.433333333332
2026-06-07 14:30:00,6345.814285714287
2026-06-07 14:40:00,5487.214285714287
2026-06-07 14:50:00,3820.9166666666665
2026-06-07 15:00:00,4723.375
2026-06-07 15:10:00,7688.271428571427
2026-06-07 15:20:00,6146.4571428571435
2026-06-07 15:30:00,5601.433333333333
2026-06-07 15:40:00,5265.099999999999
2026-06-07 15:50:00,6380.228571428571
2026-06-07 16:00:00,5458.433333333333
2026-06-07 16:10:00,4679.871428571429
2026-06-07 16:20:00,4018.4857142857145
2026-06-07 16:30:00,2996.2166666666667
2026-06-07 16:40:00,2445.9285714285716
2026-06-07 16:50:00,2372.2000000000003
2026-06-07 17:00:00,1251.1833333333332
2026-06-07 17:10:00,1098.242857142857
2026-06-07 17:20:00,741.1666666666666
2026-06-07 17:30:00,958.7571428571429
2026-06-07 17:40:00,606.4285714285714
2026-06-07 17:50:00,184.23333333333335
2026-06-07 18:00:00,32.27142857142857
2026-06-07 18:10:00,3.4
2026-06-07 18:20:00,0
2026-06-07 18:30:00,0
2026-06-07 18:40:00,0
2026-06-07 18:50:00,0
2026-06-07 19:00:00,0
2026-06-07 19:10:00,0
2026-06-07 19:20:00,0
2026-06-07 19:30:00,0
2026-06-07 19:40:00,0
2026-06-07 19:50:00,0
2026-06-07 20:00:00,0
2026-06-07 20:10:00,0
2026-06-07 20:20:00,0
2026-06-07 20:30:00,0
2026-06-07 20:40:00,0
2026-06-07 20:50:00,0
2026-06-07 21:00:00,0
2026-06-07 21:10:00,0
2026-06-07 21:20:00,0
2026-06-07 21:30:00,0
2026-06-07 21:40:00,0
2026-06-07 21:50:00,0
2026-06-07 22:00:00,0
2026-06-07 22:10:00,0
2026-06-07 22:20:00,0
2026-06-07 22:30:00,0
2026-06-07 22:40:00,0
2026-06-07 22:50:00,0
2026-06-07 23:00:00,0
2026-06-07 23:10:00,0
2026-06-07 23:20:00,0
2026-06-07 23:30:00,0
2026-06-07 23:40:00,0
2026-06-07 23:50:00,0
2026-06-08 00:00:00,0
2026-06-08 00:10:00,0
2026-06-08 00:20:00,0
2026-06-08 00:30:00,0
2026-06-08 00:40:00,0
2026-06-08 00:50:00,0
2026-06-08 01:00:00,0
2026-06-08 01:10:00,0
2026-06-08 01:20:00,0
2026-06-08 01:30:00,0
2026-06-08 01:40:00,0
2026-06-08 01:50:00,0
2026-06-08 02:00:00,0
2026-06-08 02:10:00,0
2026-06-08 02:20:00,0
2026-06-08 02:30:00,0
2026-06-08 02:40:00,0
2026-06-08 02:50:00,0
2026-06-08 03:00:00,0
2026-06-08 03:10:00,0
2026-06-08 03:20:00,0
2026-06-08 03:30:00,0
2026-06-08 03:40:00,0
2026-06-08 03:50:00,0
2026-06-08 04:00:00,0
2026-06-08 04:10:00,0
2026-06-08 04:20:00,0
2026-06-08 04:30:00,0
2026-06-08 04:40:00,0
2026-06-08 04:50:00,0
2026-06-08 05:00:00,0
2026-06-08 05:10:00,8.014285714285714
2026-06-08 05:20:00,62.75
2026-06-08 05:30:00,180.92857142857142
2026-06-08 05:40:00,237.45714285714286
2026-06-08 05:50:00,260.225
2026-06-08 06:00:00,413.95
2026-06-08 06:10:00,457.7
2026-06-08 06:20:00,1143.1000000000001
2026-06-08 06:30:00,1298.1333333333332
2026-06-08 06:40:00,2419.5
2026-06-08 06:50:00,3134.371428571428
2026-06-08 07:00:00,3247.4499999999994
2026-06-08 07:10:00,2161.457142857143
2026-06-08 07:20:00,1131.1142857142856
2026-06-08 07:30:00,2061.866666666667
2026-06-08 07:40:00,3488.2714285714283
2026-06-08 07:50:00,3570.600000000001
2026-06-08 08:00:00,4237.716666666667
2026-06-08 08:10:00,3496.542857142857
2026-06-08 08:20:00,3608.371428571428
2026-06-08 08:30:00,5860.916666666667
2026-06-08 08:40:00,8057.257142857142
2026-06-08 08:50:00,6890.4857142857145
2026-06-08 09:00:00,8145
2026-06-08 09:10:00,7848.657142857142
2026-06-08 09:20:00,8890.985714285716
2026-06-08 09:30:00,21943.400000000005
2026-06-08 09:40:00,18888.18571428571
2026-06-08 09:50:00,13742.483333333335
2026-06-08 10:00:00,9512.114285714286
2026-06-08 10:10:00,10849.371428571427
2026-06-08 10:20:00,11364.116666666667
2026-06-08 10:30:00,11432.457142857142
2026-06-08 10:40:00,10081.985714285713
2026-06-08 10:50:00,13033.199999999999
2026-06-08 11:00:00,14208.92857142857
2026-06-08 11:10:00,10910.514285714284
2026-06-08 11:20:00,8918.066666666668
2026-06-08 11:30:00,7571.857142857143
2026-06-08 11:40:00,5200.285714285715
2026-06-08 11:50:00,9362.116666666667
2026-06-08 12:00:00,10506.542857142855
2026-06-08 12:10:00,9299.257142857143
2026-06-08 12:20:00,7463.666666666667
2026-06-08 12:30:00,5474.0142857142855
2026-06-08 12:40:00,6059.828571428571
2026-06-08 12:50:00,6264.483333333334
2026-06-08 13:00:00,7305.828571428572
2026-06-08 13:10:00,7254.375
2026-06-08 13:20:00,4610.757142857143
2026-06-08 13:30:00,4998.233333333334
2026-06-08 13:40:00,4869.114285714285
2026-06-08 13:50:00,3918.0285714285715
2026-06-08 14:00:00,4813.333333333333
2026-06-08 14:10:00,6970.057142857142
2026-06-08 14:20:00,6343.685714285713
2026-06-08 14:30:00,6280.583333333333
2026-06-08 14:40:00,3737.7000000000003
2026-06-08 14:50:00,4677.128571428571
2026-06-08 15:00:00,3934.866666666667
2026-06-08 15:10:00,2980.757142857143
2026-06-08 15:20:00,4213.242857142856
2026-06-08 15:30:00,4283.233333333333
2026-06-08 15:40:00,3906.9857142857145
2026-06-08 15:50:00,2775.2428571428572
2026-06-08 16:00:00,3686.866666666667
2026-06-08 16:10:00,2374.6428571428564
2026-06-08 16:20:00,2075.1428571428573
2026-06-08 16:30:00,2146.0833333333335
2026-06-08 16:40:00,2083.4285714285716
2026-06-08 16:50:00,1146.457142857143
2026-06-08 17:00:00,1987.3499999999997
2026-06-08 17:10:00,1683.142857142857
2026-06-08 17:20:00,1422.3428571428572
2026-06-08 17:30:00,960.8666666666668
2026-06-08 17:40:00,705.3285714285714
2026-06-08 17:50:00,417.1666666666667
2026-06-08 18:00:00,96.14285714285714
2026-06-08 18:10:00,5.871428571428572
2026-06-08 18:20:00,0
2026-06-08 18:30:00,0
2026-06-08 18:40:00,0
2026-06-08 18:50:00,0
2026-06-08 19:00:00,0
2026-06-08 19:10:00,0
2026-06-08 19:20:00,0
2026-06-08 19:30:00,0
2026-06-08 19:40:00,0
2026-06-08 19:50:00,0
2026-06-08 20:00:00,0
2026-06-08 20:10:00,0
2026-06-08 20:20:00,0
2026-06-08 20:30:00,0
2026-06-08 20:40:00,0
2026-06-08 20:50:00,0
2026-06-08 21:00:00,0
2026-06-08 21:10:00,0
2026-06-08 21:20:00,0
2026-06-08 21:30:00,0
2026-06-08 21:40:00,0
2026-06-08 21:50:00,0
2026-06-08 22:00:00,0
2026-06-08 22:10:00,0
2026-06-08 22:20:00,0
2026-06-08 22:30:00,0
2026-06-08 22:40:00,0
2026-06-08 22:50:00,0
2026-06-08 23:00:00,0
2026-06-08 23:10:00,0
2026-06-08 23:20:00,0
2026-06-08 23:30:00,0
2026-06-08 23:40:00,0
2026-06-08 23:50:00,0
2026-06-09 00:00:00,0
2026-06-09 00:10:00,0
2026-06-09 00:20:00,0
2026-06-09 00:30:00,0
2026-06-09 00:40:00,0
2026-06-09 00:50:00,0
2026-06-09 01:00:00,0
2026-06-09 01:10:00,0
2026-06-09 01:20:00,0
2026-06-09 01:30:00,0
2026-06-09 01:40:00,0
2026-06-09 01:50:00,0
2026-06-09 02:00:00,0
2026-06-09 02:10:00,0
2026-06-09 02:20:00,0
2026-06-09 02:30:00,0
2026-06-09 02:40:00,0
2026-06-09 02:50:00,0
2026-06-09 03:00:00,0
2026-06-09 03:10:00,0
2026-06-09 03:20:00,0
2026-06-09 03:30:00,0
2026-06-09 03:40:00,0
2026-06-09 03:50:00,0
2026-06-09 04:00:00,0
2026-06-09 04:10:00,0
2026-06-09 04:20:00,0
2026-06-09 04:30:00,0
2026-06-09 04:40:00,0
2026-06-09 04:50:00,0
2026-06-09 05:00:00,0
2026-06-09 05:10:00,8.628571428571428
2026-06-09 05:20:00,76.2
2026-06-09 05:30:00,335.45
2026-06-09 05:40:00,1064.7571428571428
2026-06-09 05:50:00,2023.214285714286
2026-06-09 06:00:00,2692.6666666666665
2026-06-09 06:10:00,3121.7714285714283
2026-06-09 06:20:00,3004.7285714285717
2026-06-09 06:30:00,3021.3333333333335
2026-06-09 06:40:00,3287.3428571428567
2026-06-09 06:50:00,3090.7428571428572
2026-06-09 07:00:00,2535.3333333333335
2026-06-09 07:10:00,2563.5857142857144
2026-06-09 07:20:00,3016.085714285714
2026-06-09 07:30:00,4087.566666666666
2026-06-09 07:40:00,5647.257142857144
2026-06-09 07:50:00,6991.271428571429
2026-06-09 08:00:00,7913.466666666666
2026-06-09 08:10:00,7235.4857142857145
2026-06-09 08:20:00,4941.328571428571
2026-06-09 08:30:00,4586.416666666667
2026-06-09 08:40:00,4553.6285714285705
2026-06-09 08:50:00,5118.885714285715
2026-06-09 09:00:00,6685.600000000001
2026-06-09 09:10:00,8441.557142857144
2026-06-09 09:20:00,8169.057142857143
2026-06-09 09:30:00,10180.35
2026-06-09 09:40:00,11169.485714285713
2026-06-09 09:50:00,12174.342857142858
2026-06-09 10:00:00,11575.233333333332
2026-06-09 10:10:00,9437.8
2026-06-09 10:20:00,9529.833333333334
2026-06-09 10:30:00,11625.971428571429
2026-06-09 10:40:00,13605.885714285716
2026-06-09 10:50:00,11885.616666666667
2026-06-09 11:00:00,10300.72857142857
2026-06-09 11:10:00,11613.07142857143
2026-06-09 11:20:00,12249.725
2026-06-09 11:30:00,14419.15
2026-06-09 11:40:00,15782.085714285715
2026-06-09 11:50:00,13718.014285714287
2026-06-09 12:00:00,16873.116666666665
2026-06-09 12:10:00,13558.899999999998
2026-06-09 12:20:00,6631.828571428572
2026-06-09 12:30:00,7346.133333333334
2026-06-09 12:40:00,9251.32857142857
2026-06-09 12:50:00,11258.571428571431
2026-06-09 13:00:00,13093.066666666668
2026-06-09 13:10:00,13957.014285714287
2026-06-09 13:20:00,13993.57142857143
2026-06-09 13:30:00,16115.450000000003
2026-06-09 13:40:00,16242.000000000002
2026-06-09 13:50:00,16189.442857142858
2026-06-09 14:00:00,13502.716666666667
2026-06-09 14:10:00,11961.457142857142
2026-06-09 14:20:00,12656.342857142858
2026-06-09 14:30:00,11953
2026-06-09 14:40:00,12282.157142857144
2026-06-09 14:50:00,9483.857142857143
2026-06-09 15:00:00,8468.616666666667
2026-06-09 15:10:00,7396.757142857144
2026-06-09 15:20:00,7161.157142857142
2026-06-09 15:30:00,7197.383333333332
2026-06-09 15:40:00,6217.114285714286
2026-06-09 15:50:00,6152.914285714286
2026-06-09 16:00:00,3515.9
2026-06-09 16:10:00,794.7285714285715
2026-06-09 16:20:00,599.3571428571429
2026-06-09 16:30:00,1612.4333333333334
2026-06-09 16:40:00,2302.1571428571433
2026-06-09 16:50:00,3143.585714285714
2026-06-09 17:00:00,3474.316666666666
2026-06-09 17:10:00,3181.971428571429
2026-06-09 17:20:00,2466.8142857142857
2026-06-09 17:30:00,1892.3666666666668
2026-06-09 17:40:00,1053.3857142857144
2026-06-09 17:50:00,470.3142857142857
2026-06-09 18:00:00,162.35000000000002
2026-06-09 18:10:00,29.2
2026-06-09 18:20:00,1.0833333333333333
2026-06-09 18:30:00,0
2026-06-09 18:40:00,0
2026-06-09 18:50:00,0
2026-06-09 19:00:00,0
2026-06-09 19:10:00,0
2026-06-09 19:20:00,0
2026-06-09 19:30:00,0
2026-06-09 19:40:00,0
2026-06-09 19:50:00,0
2026-06-09 20:00:00,0
2026-06-09 20:10:00,0
2026-06-09 20:20:00,0
2026-06-09 20:30:00,0
2026-06-09 20:40:00,0
2026-06-09 20:50:00,0
2026-06-09 21:00:00,0
2026-06-09 21:10:00,0
2026-06-09 21:20:00,0
2026-06-09 21:30:00,0
2026-06-09 21:40:00,0
2026-06-09 21:50:00,0
2026-06-09 22:00:00,0
2026-06-09 22:10:00,0
2026-06-09 22:20:00,0
2026-06-09 22:30:00,0
2026-06-09 22:40:00,0
2026-06-09 22:50:00,0
2026-06-09 23:00:00,0
2026-06-09 23:10:00,0
2026-06-09 23:20:00,0
2026-06-09 23:30:00,0
2026-06-09 23:40:00,0
2026-06-09 23:50:00,0
2026-06-10 00:00:00,0
2026-06-10 00:10:00,0
2026-06-10 00:20:00,0
2026-06-10 00:30:00,0
2026-06-10 00:40:00,0
2026-06-10 00:50:00,0
2026-06-10 01:00:00,0
2026-06-10 01:10:00,0
2026-06-10 01:20:00,0
2026-06-10 01:30:00,0
2026-06-10 01:40:00,0
2026-06-10 01:50:00,0
2026-06-10 02:00:00,0
2026-06-10 02:10:00,0
2026-06-10 02:20:00,0
2026-06-10 02:30:00,0
2026-06-10 02:40:00,0
2026-06-10 02:50:00,0
2026-06-10 03:00:00,0
2026-06-10 03:10:00,0
2026-06-10 03:20:00,0
2026-06-10 03:30:00,0
2026-06-10 03:40:00,0
2026-06-10 03:50:00,0
2026-06-10 04:00:00,0
2026-06-10 04:10:00,0
2026-06-10 04:20:00,0
2026-06-10 04:30:00,0
2026-06-10 04:40:00,0
2026-06-10 04:50:00,0
2026-06-10 05:00:00,0.3666666666666667
2026-06-10 05:10:00,20.900000000000002
2026-06-10 05:20:00,139.77142857142857
2026-06-10 05:30:00,506.4166666666667
2026-06-10 05:40:00,1311.4428571428573
2026-06-10 05:50:00,2002.314285714286
2026-06-10 06:00:00,2501.2666666666664
2026-06-10 06:10:00,2801.342857142857
2026-06-10 06:20:00,3336.2000000000003
2026-06-10 06:30:00,3697.2666666666664
2026-06-10 06:40:00,5934.199999999999
2026-06-10 06:50:00,9672.185714285715
2026-06-10 07:00:00,9824.1
2026-06-10 07:10:00,11008.528571428573
2026-06-10 07:20:00,10953.82857142857
2026-06-10 07:30:00,11485.300000000001
2026-06-10 07:40:00,11641.342857142858
2026-06-10 07:50:00,13956.685714285715
2026-06-10 08:00:00,15138.816666666666
2026-06-10 08:10:00,16200.514285714287
2026-06-10 08:20:00,15581.185714285715
2026-06-10 08:30:00,18153.68333333333
2026-06-10 08:40:00,12760.185714285713
2026-06-10 08:50:00,17735.885714285712
2026-06-10 09:00:00,19493.016666666666
2026-06-10 09:10:00,19666.32857142857
2026-06-10 09:20:00,18326.314285714285
2026-06-10 09:30:00,17600.5
2026-06-10 09:40:00,19928.816666666666
2026-06-10 09:50:00,19700.128571428573
2026-06-10 10:00:00,22001.433333333334
2026-06-10 10:10:00,21926.399999999998
2026-06-10 10:20:00,22417.3
2026-06-10 10:30:00,22725.050000000003
2026-06-10 10:40:00,22346.942857142858
2026-06-10 10:50:00,21993.67142857143
2026-06-10 11:00:00,13980.116666666667
2026-06-10 11:10:00,13350.3
2026-06-10 11:20:00,11899.085714285715
2026-06-10 11:30:00,12600.633333333331
2026-06-10 11:40:00,14183.128571428573
2026-06-10 11:50:00,16820.428571428572
2026-06-10 12:00:00,14441.016666666668
2026-06-10 12:10:00,14679.557142857142
2026-06-10 12:20:00,13800.342857142856
2026-06-10 12:30:00,11527.933333333334
2026-06-10 12:40:00,11867.442857142856
2026-06-10 12:50:00,13040.92857142857
2026-06-10 13:00:00,13168.716666666667
2026-06-10 13:10:00,12868.314285714285
2026-06-10 13:20:00,12439.742857142859
2026-06-10 13:30:00,12808.866666666667
2026-06-10 13:40:00,13381
2026-06-10 13:50:00,13195.785714285714
2026-06-10 14:00:00,15197.216666666667
2026-06-10 14:10:00,15340.957142857145
2026-06-10 14:20:00,11121.242857142857
2026-06-10 14:30:00,12965.833333333334
2026-06-10 14:40:00,11867.442857142858
2026-06-10 14:50:00,9722.57142857143
2026-06-10 15:00:00,9354.25
2026-06-10 15:10:00,10301.942857142858
2026-06-10 15:20:00,10770.42857142857
2026-06-10 15:30:00,8798.733333333334
2026-06-10 15:40:00,6017.128571428571
2026-06-10 15:50:00,6448.428571428572
2026-06-10 16:00:00,4291.116666666666
2026-06-10 16:10:00,5315.471428571429
2026-06-10 16:20:00,3242.5
2026-06-10 16:30:00,2573.2999999999997
2026-06-10 16:40:00,1990.357142857143
2026-06-10 16:50:00,1772.5285714285715
2026-06-10 17:00:00,1493.8333333333333
2026-06-10 17:10:00,2124.9
2026-06-10 17:20:00,1416.5
2026-06-10 17:30:00,915.3499999999999
2026-06-10 17:40:00,1054.6142857142859
2026-06-10 17:50:00,595.3571428571429
2026-06-10 18:00:00,138.33333333333334
2026-06-10 18:10:00,29.814285714285713
2026-06-10 18:20:00,0.9285714285714286
2026-06-10 18:30:00,0
2026-06-10 18:40:00,0
2026-06-10 18:50:00,0
2026-06-10 19:00:00,0
2026-06-10 19:10:00,0
2026-06-10 19:20:00,0
2026-06-10 19:30:00,0
2026-06-10 19:40:00,0
2026-06-10 19:50:00,0
2026-06-10 20:00:00,0
2026-06-10 20:10:00,0
2026-06-10 20:20:00,0
2026-06-10 20:30:00,0
2026-06-10 20:40:00,0
2026-06-10 20:50:00,0
2026-06-10 21:00:00,0
2026-06-10 21:10:00,0
2026-06-10 21:20:00,0
2026-06-10 21:30:00,0
2026-06-10 21:40:00,0
2026-06-10 21:50:00,0
2026-06-10 22:00:00,0
2026-06-10 22:10:00,0
2026-06-10 22:20:00,0
2026-06-10 22:30:00,0
2026-06-10 22:40:00,0
2026-06-10 22:50:00,0
2026-06-10 23:00:00,0
2026-06-10 23:10:00,0
2026-06-10 23:20:00,0
2026-06-10 23:30:00,0
2026-06-10 23:40:00,0
2026-06-10 23:50:00,0
2026-06-11 00:00:00,0
2026-06-11 00:10:00,0
2026-06-11 00:20:00,0
2026-06-11 00:30:00,0
2026-06-11 00:40:00,0
2026-06-11 00:50:00,0
2026-06-11 01:00:00,0
2026-06-11 01:10:00,0
2026-06-11 01:20:00,0
2026-06-11 01:30:00,0
2026-06-11 01:40:00,0
2026-06-11 01:50:00,0
2026-06-11 02:00:00,0
2026-06-11 02:10:00,0
2026-06-11 02:20:00,0
2026-06-11 02:30:00,0
2026-06-11 02:40:00,0
2026-06-11 02:50:00,0
2026-06-11 03:00:00,0
2026-06-11 03:10:00,0
2026-06-11 03:20:00,0
2026-06-11 03:30:00,0
2026-06-11 03:40:00,0
2026-06-11 03:50:00,0
2026-06-11 04:00:00,0
2026-06-11 04:10:00,0
2026-06-11 04:20:00,0
2026-06-11 04:30:00,0
2026-06-11 04:40:00,0
2026-06-11 04:50:00,0
2026-06-11 05:00:00,1.0833333333333333
2026-06-11 05:10:00,31.97142857142857
2026-06-11 05:20:00,196
2026-06-11 05:30:00,601.4
2026-06-11 05:40:00,1082.2714285714285
2026-06-11 05:50:00,1516.642857142857
2026-06-11 06:00:00,1811.3666666666666
2026-06-11 06:10:00,2030.6000000000001
2026-06-11 06:20:00,2196.485714285714
2026-06-11 06:30:00,2309.883333333333
2026-06-11 06:40:00,3721.7285714285713
2026-06-11 06:50:00,9860.2
2026-06-11 07:00:00,10256.683333333334
2026-06-11 07:10:00,11519.699999999999
2026-06-11 07:20:00,11838.871428571429
2026-06-11 07:30:00,12959.016666666668
2026-06-11 07:40:00,13486.949999999999
2026-06-11 07:50:00,14451.1
2026-06-11 08:00:00,15047.416666666666
2026-06-11 08:10:00,15659.514285714287
2026-06-11 08:20:00,16429.071428571428
2026-06-11 08:30:00,16990.683333333334
2026-06-11 08:40:00,17758
2026-06-11 08:50:00,18255.071428571428
2026-06-11 09:00:00,18745.399999999998
2026-06-11 09:10:00,19227.028571428575
2026-06-11 09:20:00,19649.414285714283
2026-06-11 09:30:00,19944.600000000002
2026-06-11 09:40:00,20769.81428571429
2026-06-11 09:50:00,20913.571428571428
2026-06-11 10:00:00,21149.533333333336
2026-06-11 10:10:00,21427.214285714286
2026-06-11 10:20:00,21662.200000000004
2026-06-11 10:30:00,21940.88333333333
2026-06-11 10:40:00,22511.3
2026-06-11 10:50:00,22603.485714285718
2026-06-11 11:00:00,22515.75
2026-06-11 11:10:00,22302.100000000002
2026-06-11 11:20:00,22192.428571428572
2026-06-11 11:30:00,22320.083333333332
2026-06-11 11:40:00,22236.985714285714
2026-06-11 11:50:00,22874.114285714284
2026-06-11 12:00:00,21274.25
2026-06-11 12:10:00,15541.885714285714
2026-06-11 12:20:00,12524.842857142858
2026-06-11 12:30:00,19841.016666666666
2026-06-11 12:40:00,14292.785714285714
2026-06-11 12:50:00,10443.257142857143
2026-06-11 13:00:00,13616.33333333333
2026-06-11 13:10:00,12377.685714285715
2026-06-11 13:20:00,16433.985714285714
2026-06-11 13:30:00,16778.85
2026-06-11 13:40:00,15866.571428571426
2026-06-11 13:50:00,18711.557142857146
2026-06-11 14:00:00,11515.733333333332
2026-06-11 14:10:00,8773.014285714287
2026-06-11 14:20:00,7798.271428571427
2026-06-11 14:30:00,6592.383333333332
2026-06-11 14:40:00,9908.414285714285
2026-06-11 14:50:00,6617.085714285714
2026-06-11 15:00:00,6780.216666666667
2026-06-11 15:10:00,5675.45
2026-06-11 15:20:00,3535.8571428571427
2026-06-11 15:30:00,3552.8000000000006
2026-06-11 15:40:00,3325.7428571428572
2026-06-11 15:50:00,2182.342857142857
2026-06-11 16:00:00,2149.683333333333
2026-06-11 16:10:00,2646.214285714286
2026-06-11 16:20:00,2720.2714285714283
2026-06-11 16:30:00,1782.6833333333334
2026-06-11 16:40:00,1505.5857142857144
2026-06-11 16:50:00,1365.5142857142857
2026-06-11 17:00:00,766.6166666666667
2026-06-11 17:10:00,886.2571428571428
2026-06-11 17:20:00,1244.4714285714288
2026-06-11 17:30:00,1717.45
2026-06-11 17:40:00,1209.142857142857
2026-06-11 17:50:00,395.0571428571428
2026-06-11 18:00:00,127.60000000000001
2026-06-11 18:10:00,31.957142857142856
2026-06-11 18:20:00,0.9285714285714286
2026-06-11 18:30:00,0
2026-06-11 18:40:00,0
2026-06-11 18:50:00,0
2026-06-11 19:00:00,0
2026-06-11 19:10:00,0
2026-06-11 19:20:00,0
2026-06-11 19:30:00,0
2026-06-11 19:40:00,0
2026-06-11 19:50:00,0
2026-06-11 20:00:00,0
2026-06-11 20:10:00,0
2026-06-11 20:20:00,0
2026-06-11 20:30:00,0
2026-06-11 20:40:00,0
2026-06-11 20:50:00,0
2026-06-11 21:00:00,0
2026-06-11 21:10:00,0
2026-06-11 21:20:00,0
2026-06-11 21:30:00,0
2026-06-11 21:40:00,0
2026-06-11 21:50:00,0
2026-06-11 22:00:00,0
2026-06-11 22:10:00,0
2026-06-11 22:20:00,0
2026-06-11 22:30:00,0
2026-06-11 22:40:00,0
2026-06-11 22:50:00,0
2026-06-11 23:00:00,0
2026-06-11 23:10:00,0
2026-06-11 23:20:00,0
2026-06-11 23:30:00,0
2026-06-11 23:40:00,0
2026-06-11 23:50:00,0
2026-06-12 00:00:00,0
2026-06-12 00:10:00,0
2026-06-12 00:20:00,0
2026-06-12 00:30:00,0
2026-06-12 00:40:00,0
2026-06-12 00:50:00,0
2026-06-12 01:00:00,0
2026-06-12 01:10:00,0
2026-06-12 01:20:00,0
2026-06-12 01:30:00,0
2026-06-12 01:40:00,0
2026-06-12 01:50:00,0
2026-06-12 02:10:00,0
2026-06-12 02:20:00,0
2026-06-12 02:30:00,0
2026-06-12 02:40:00,0
2026-06-12 02:50:00,0
2026-06-12 03:00:00,0
2026-06-12 03:10:00,0
2026-06-12 03:20:00,0
2026-06-12 03:30:00,0
2026-06-12 03:40:00,0
2026-06-12 03:50:00,0
2026-06-12 04:00:00,0
2026-06-12 04:10:00,0
2026-06-12 04:20:00,0
2026-06-12 04:30:00,0
2026-06-12 04:40:00,0
2026-06-12 04:50:00,0
2026-06-12 05:00:00,0.9285714285714286
2026-06-12 05:10:00,22.96666666666667
2026-06-12 05:20:00,113.37142857142855
2026-06-12 05:30:00,387.6857142857143
2026-06-12 05:40:00,831.8333333333334
2026-06-12 05:50:00,1212.2000000000003
2026-06-12 06:00:00,1485.6
2026-06-12 06:10:00,1641.4666666666665
2026-06-12 06:20:00,1774.0857142857142
2026-06-12 06:30:00,2081.285714285714
2026-06-12 06:40:00,2343.5833333333335
2026-06-12 06:50:00,2401.7000000000003
2026-06-12 07:00:00,3156.785714285714
2026-06-12 07:10:00,5335.500000000001
2026-06-12 07:20:00,6563.0142857142855
2026-06-12 07:30:00,8151.842857142857
2026-06-12 07:40:00,10216.9
2026-06-12 07:50:00,10737.557142857142
2026-06-12 08:00:00,14216.614285714286
2026-06-12 08:10:00,16332.299999999997
2026-06-12 08:20:00,17000.77142857143
2026-06-12 08:30:00,17415.77142857143
2026-06-12 08:40:00,17976.633333333335
2026-06-12 08:50:00,18281.47142857143
2026-06-12 09:00:00,17666.45714285714
2026-06-12 09:10:00,17978.416666666668
2026-06-12 09:20:00,19566.514285714282
2026-06-12 09:30:00,20848.65
2026-06-12 09:40:00,20580.766666666666
2026-06-12 09:50:00,18456.87142857143
2026-06-12 10:00:00,16202.342857142858
2026-06-12 10:10:00,12269.450000000003
2026-06-12 10:20:00,17810.228571428568
2026-06-12 10:30:00,19145.32857142857
2026-06-12 10:40:00,20482.899999999998
2026-06-12 10:50:00,16856.37142857143
2026-06-12 11:00:00,18596.042857142857
2026-06-12 11:10:00,22044.46666666667
2026-06-12 11:20:00,19526.871428571427
2026-06-12 11:30:00,19947.728571428568
2026-06-12 11:40:00,16515.8
2026-06-12 11:50:00,18385.914285714283
2026-06-12 12:00:00,12776.142857142859
2026-06-12 12:10:00,11124.366666666667
2026-06-12 12:20:00,10955.971428571427
2026-06-12 12:30:00,10107.828571428572
2026-06-12 12:40:00,9969.266666666666
2026-06-12 12:50:00,10684.414285714285
2026-06-12 13:00:00,11276.985714285713
2026-06-12 13:10:00,9500.466666666665
2026-06-12 13:20:00,8679.628571428571
2026-06-12 13:30:00,10194.428571428574
2026-06-12 13:40:00,12440.416666666666
2026-06-12 13:50:00,12709.485714285716
2026-06-12 14:00:00,12862.77142857143
2026-06-12 14:10:00,13174.799999999997
2026-06-12 14:20:00,13338.314285714287
2026-06-12 14:30:00,15135.142857142857
2026-06-12 14:40:00,17499.250000000004
2026-06-12 14:50:00,10263.542857142855
2026-06-12 15:00:00,11133.228571428572
2026-06-12 15:10:00,13683.366666666667
2026-06-12 15:20:00,13385.300000000001
2026-06-12 15:30:00,9300.471428571429
2026-06-12 15:40:00,9649.550000000001
2026-06-12 15:50:00,11130.471428571427
2026-06-12 16:00:00,10988.242857142857
2026-06-12 16:10:00,6972.683333333333
2026-06-12 16:20:00,5211.357142857143
2026-06-12 16:30:00,4204.9571428571435
2026-06-12 16:40:00,4167.833333333333
2026-06-12 16:50:00,4073.4
2026-06-12 17:00:00,3864.2714285714283
2026-06-12 17:10:00,3861.0499999999997
2026-06-12 17:20:00,2933.128571428572
2026-06-12 17:30:00,2068.6714285714284
2026-06-12 17:40:00,1281.65
2026-06-12 17:50:00,710.2571428571429
2026-06-12 18:00:00,256.21428571428567
2026-06-12 18:10:00,53.416666666666664
2026-06-12 18:20:00,3.6999999999999997
2026-06-12 18:30:00,0
2026-06-12 18:40:00,0
2026-06-12 18:50:00,0
2026-06-12 19:00:00,0
2026-06-12 19:10:00,0
2026-06-12 19:20:00,0
2026-06-12 19:30:00,0
2026-06-12 19:40:00,0
2026-06-12 19:50:00,0
2026-06-12 20:00:00,0
2026-06-12 20:10:00,0
2026-06-12 20:20:00,0
2026-06-12 20:30:00,0
2026-06-12 20:40:00,0
2026-06-12 20:50:00,0
2026-06-12 21:00:00,0
2026-06-12 21:10:00,0
2026-06-12 21:20:00,0
2026-06-12 21:30:00,0
2026-06-12 21:40:00,0
2026-06-12 21:50:00,0
2026-06-12 22:00:00,0
2026-06-12 22:10:00,0
2026-06-12 22:20:00,0
2026-06-12 22:30:00,0
2026-06-12 22:40:00,0
2026-06-12 22:50:00,0
2026-06-12 23:00:00,0
2026-06-12 23:10:00,0
2026-06-12 23:20:00,0
2026-06-12 23:30:00,0
2026-06-12 23:40:00,0
2026-06-12 23:50:00,0
2026-06-13 00:00:00,0
2026-06-13 00:10:00,0
2026-06-13 00:20:00,0
2026-06-13 00:30:00,0
2026-06-13 00:40:00,0
2026-06-13 00:50:00,0
2026-06-13 01:00:00,0
2026-06-13 01:10:00,0
2026-06-13 01:20:00,0
2026-06-13 01:30:00,0
2026-06-13 01:40:00,0
2026-06-13 01:50:00,0
2026-06-13 02:00:00,0
2026-06-13 02:10:00,0
2026-06-13 02:20:00,0
2026-06-13 02:30:00,0
2026-06-13 02:40:00,0
2026-06-13 02:50:00,0
2026-06-13 03:00:00,0
2026-06-13 03:10:00,0
2026-06-13 03:20:00,0
2026-06-13 03:30:00,0
2026-06-13 03:40:00,0
2026-06-13 03:50:00,0
2026-06-13 04:00:00,0
2026-06-13 04:10:00,0
2026-06-13 04:20:00,0
2026-06-13 04:30:00,0
2026-06-13 04:40:00,0
2026-06-13 04:50:00,0
2026-06-13 05:00:00,1.2428571428571427
2026-06-13 05:10:00,36.56666666666667
2026-06-13 05:20:00,175.08571428571426
2026-06-13 05:30:00,355.74285714285713
2026-06-13 05:40:00,532.9333333333333
2026-06-13 05:50:00,1733.5285714285712
2026-06-13 06:00:00,2504.6
2026-06-13 06:10:00,2005.6166666666668
2026-06-13 06:20:00,2040.7428571428572
2026-06-13 06:30:00,2281.5857142857144
2026-06-13 06:40:00,4267.833333333333
2026-06-13 06:50:00,9217.228571428572
2026-06-13 07:00:00,10220.857142857143
2026-06-13 07:10:00,7543.933333333333
2026-06-13 07:20:00,6257.057142857143
2026-06-13 07:30:00,7136.271428571427
2026-06-13 07:40:00,6091.366666666666
2026-06-13 07:50:00,6637.342857142857
2026-06-13 08:00:00,10340.957142857142
2026-06-13 08:10:00,11528.283333333333
2026-06-13 08:20:00,6796.8
2026-06-13 08:30:00,12770.314285714287
2026-06-13 08:40:00,17809.233333333334
2026-06-13 08:50:00,18149.68571428571
2026-06-13 09:00:00,18614.157142857144
2026-06-13 09:10:00,19208.8
2026-06-13 09:20:00,19892.442857142854
2026-06-13 09:30:00,20165.542857142857
2026-06-13 09:40:00,20497.233333333334
2026-06-13 09:50:00,20705.885714285716
2026-06-13 10:00:00,21225.35714285714
2026-06-13 10:10:00,17756.933333333334
2026-06-13 10:20:00,20270.9
2026-06-13 10:30:00,15694.228571428572
2026-06-13 10:40:00,18111.033333333333
2026-06-13 10:50:00,15414.671428571428
2026-06-13 11:00:00,12506.428571428574
2026-06-13 11:10:00,12255.150000000001
2026-06-13 11:20:00,11584.814285714285
2026-06-13 11:30:00,12103.357142857141
2026-06-13 11:40:00,10837.65
2026-06-13 11:50:00,12963.214285714286
2026-06-13 12:00:00,13132.485714285713
2026-06-13 12:10:00,11192.85
2026-06-13 12:20:00,20128.34285714286
2026-06-13 12:30:00,19831.9
2026-06-13 12:40:00,16364.183333333334
2026-06-13 12:50:00,17938.942857142854
2026-06-13 13:00:00,19949.557142857146
2026-06-13 13:10:00,15566.016666666668
2026-06-13 13:20:00,19657.714285714286
2026-06-13 13:30:00,14592.314285714285
2026-06-13 13:40:00,15747.016666666668
2026-06-13 13:50:00,15414.371428571429
2026-06-13 14:00:00,8926.614285714286
2026-06-13 14:10:00,15978.550000000001
2026-06-13 14:20:00,16426.585714285717
2026-06-13 14:30:00,13546.914285714287
2026-06-13 14:40:00,15191.133333333333
2026-06-13 14:50:00,9741.3
2026-06-13 15:00:00,10965.76
2026-06-13 15:10:00,8490.15
2026-06-13 15:20:00,7419.583333333332
2026-06-13 15:30:00,6472.699999999999
2026-06-13 15:40:00,5838.0142857142855
2026-06-13 15:50:00,8294.45
2026-06-13 16:00:00,5951.685714285713
2026-06-13 16:10:00,2482.983333333333
2026-06-13 16:20:00,1742.7428571428572
2026-06-13 16:30:00,1589.1714285714284
2026-06-13 16:40:00,1505.2666666666664
2026-06-13 16:50:00,1405.4428571428575
2026-06-13 17:00:00,1340.314285714286
2026-06-13 17:10:00,1161.5833333333333
2026-06-13 17:20:00,947.4
2026-06-13 17:30:00,812.5428571428572
2026-06-13 17:40:00,540.8166666666666
2026-06-13 17:50:00,337.61428571428576
2026-06-13 18:00:00,145.62857142857143
2026-06-13 18:10:00,38.71666666666666
2026-06-13 18:20:00,4.314285714285714
2026-06-13 18:30:00,0
2026-06-13 18:40:00,0
2026-06-13 18:50:00,0
2026-06-13 19:00:00,0
2026-06-13 19:10:00,0
2026-06-13 19:20:00,0
2026-06-13 19:30:00,0
2026-06-13 19:40:00,0
2026-06-13 19:50:00,0
2026-06-13 20:00:00,0
2026-06-13 20:10:00,0
2026-06-13 20:20:00,0
2026-06-13 20:30:00,0
2026-06-13 20:40:00,0
2026-06-13 20:50:00,0
2026-06-13 21:00:00,0
2026-06-13 21:10:00,0
2026-06-13 21:20:00,0
2026-06-13 21:30:00,0
2026-06-13 21:40:00,0
2026-06-13 21:50:00,0
2026-06-13 22:00:00,0
2026-06-13 22:10:00,0
2026-06-13 22:20:00,0
2026-06-13 22:30:00,0
2026-06-13 22:40:00,0
2026-06-13 22:50:00,0
2026-06-13 23:00:00,0
2026-06-13 23:10:00,0
2026-06-13 23:20:00,0
2026-06-13 23:30:00,0
2026-06-13 23:40:00,0
2026-06-13 23:50:00,0
2026-06-14 00:00:00,0
2026-06-14 00:10:00,0
2026-06-14 00:20:00,0
2026-06-14 00:30:00,0
2026-06-14 00:40:00,0
2026-06-14 00:50:00,0
2026-06-14 01:00:00,0
2026-06-14 01:10:00,0
2026-06-14 01:20:00,0
2026-06-14 01:30:00,0
2026-06-14 01:40:00,0
2026-06-14 01:50:00,0
2026-06-14 02:00:00,0
2026-06-14 02:10:00,0
2026-06-14 02:20:00,0
2026-06-14 02:30:00,0
2026-06-14 02:40:00,0
2026-06-14 02:50:00,0
2026-06-14 03:00:00,0
2026-06-14 03:10:00,0
2026-06-14 03:20:00,0
2026-06-14 03:30:00,0
2026-06-14 03:40:00,0
2026-06-14 03:50:00,0
2026-06-14 04:00:00,0
2026-06-14 04:10:00,0
2026-06-14 04:20:00,0
2026-06-14 04:30:00,0
2026-06-14 04:40:00,0
2026-06-14 04:50:00,0
2026-06-14 05:00:00,0
2026-06-14 05:10:00,2.1666666666666665
2026-06-14 05:20:00,15.37142857142857
2026-06-14 05:30:00,48.857142857142854
2026-06-14 05:40:00,100.71666666666665
2026-06-14 05:50:00,206.425
2026-06-14 06:00:00,391.0571428571428
2026-06-14 06:10:00,841.1285714285714
2026-06-14 06:20:00,1586.6499999999999
2026-06-14 06:30:00,2396.485714285714
2026-06-14 06:40:00,3378.6
2026-06-14 06:50:00,4065.35
2026-06-14 07:00:00,4376.371428571429
2026-06-14 07:10:00,4975.114285714285
2026-06-14 07:20:00,5489.633333333332
2026-06-14 07:30:00,6670.542857142857
2026-06-14 07:40:00,8343.257142857143
2026-06-14 07:50:00,10515.816666666666
2026-06-14 08:00:00,10600.22857142857
2026-06-14 08:10:00,8935.633333333333
2026-06-14 08:20:00,9442.1
2026-06-14 08:30:00,10055.871428571429
2026-06-14 08:40:00,10392.516666666666
2026-06-14 08:50:00,11643.814285714287
2026-06-14 09:00:00,11892.014285714284
2026-06-14 09:10:00,11674.883333333337
2026-06-14 09:20:00,13008.371428571427
2026-06-14 09:30:00,12540.800000000001
2026-06-14 09:40:00,13215.983333333335
2026-06-14 09:50:00,19479.85714285714
2026-06-14 10:00:00,20964.85714285714
2026-06-14 10:10:00,17739.333333333332
2026-06-14 10:20:00,14697.985714285716
2026-06-14 10:30:00,15231.914285714287
2026-06-14 10:40:00,14834.533333333333
2026-06-14 10:50:00,17833.257142857143
2026-06-14 11:00:00,19396.628571428573
2026-06-14 11:10:00,18497.016666666666
2026-06-14 11:20:00,17929.1
2026-06-14 11:30:00,19286.32857142857
2026-06-14 11:40:00,20557.45
2026-06-14 11:50:00,18440.314285714285
2026-06-14 12:00:00,19228.571428571428
2026-06-14 12:10:00,20219.499999999996
2026-06-14 12:20:00,20966.100000000002
2026-06-14 12:30:00,21383.571428571428
2026-06-14 12:40:00,20975.733333333334
2026-06-14 12:50:00,15618.071428571431
2026-06-14 13:00:00,15218.085714285715
2026-06-14 13:10:00,12283.075
2026-06-14 13:20:00,17675.550000000003
2026-06-14 13:30:00,12211.2
2026-06-14 13:40:00,10920.642857142857
2026-06-14 13:50:00,10919
2026-06-14 14:00:00,11977.128571428573
2026-06-14 14:10:00,11665.014285714287
2026-06-14 14:20:00,11525.766666666665
2026-06-14 14:30:00,11213.714285714286
2026-06-14 14:40:00,10596.542857142855
2026-06-14 14:50:00,9411.583333333334
2026-06-14 15:00:00,8401.614285714286
2026-06-14 15:10:00,7834.828571428571
2026-06-14 15:20:00,9409.416666666666
2026-06-14 15:30:00,9443.028571428571
2026-06-14 15:40:00,4281.442857142857
2026-06-14 15:50:00,3662.15
2026-06-14 16:00:00,3204.714285714286
2026-06-14 16:10:00,2965.4
2026-06-14 16:20:00,2363.633333333333
2026-06-14 16:30:00,2478.7999999999997
2026-06-14 16:40:00,2744.283333333333
2026-06-14 16:50:00,2021.0714285714287
2026-06-14 17:00:00,2072.671428571429
2026-06-14 17:10:00,1938.5833333333333
2026-06-14 17:20:00,906.842857142857
2026-06-14 17:30:00,542.2142857142857
2026-06-14 17:40:00,382.76666666666665
2026-06-14 17:50:00,325.3285714285715
2026-06-14 18:00:00,109.07142857142857
2026-06-14 18:10:00,26.55
2026-06-14 18:20:00,2.157142857142857
2026-06-14 18:30:00,0
2026-06-14 18:40:00,0
2026-06-14 18:50:00,0
2026-06-14 19:00:00,0
2026-06-14 19:10:00,0
2026-06-14 19:20:00,0
2026-06-14 19:30:00,0
2026-06-14 19:40:00,0
2026-06-14 19:50:00,0
2026-06-14 20:00:00,0
2026-06-14 20:10:00,0
2026-06-14 20:20:00,0
2026-06-14 20:30:00,0
2026-06-14 20:40:00,0
2026-06-14 20:50:00,0
2026-06-14 21:00:00,0
2026-06-14 21:10:00,0
2026-06-14 21:20:00,0
2026-06-14 21:30:00,0
2026-06-14 21:40:00,0
2026-06-14 21:50:00,0
2026-06-14 22:00:00,0
2026-06-14 22:10:00,0
2026-06-14 22:20:00,0
2026-06-14 22:30:00,0
2026-06-14 22:40:00,0
2026-06-14 22:50:00,0
2026-06-14 23:00:00,0
2026-06-14 23:10:00,0
2026-06-14 23:20:00,0
2026-06-14 23:30:00,0
2026-06-14 23:40:00,0
2026-06-14 23:50:00,0
2026-06-15 00:00:00,0
2026-06-15 00:10:00,0
2026-06-15 00:20:00,0
2026-06-15 00:30:00,0
2026-06-15 00:40:00,0
2026-06-15 00:50:00,0
2026-06-15 01:00:00,0
2026-06-15 01:10:00,0
2026-06-15 01:20:00,0
2026-06-15 01:30:00,0
2026-06-15 01:40:00,0
2026-06-15 01:50:00,0
2026-06-15 02:00:00,0
2026-06-15 02:10:00,0
2026-06-15 02:20:00,0
2026-06-15 02:30:00,0
2026-06-15 02:40:00,0
2026-06-15 02:50:00,0
2026-06-15 03:00:00,0
2026-06-15 03:10:00,0
2026-06-15 03:20:00,0
2026-06-15 03:30:00,0
2026-06-15 03:40:00,0
2026-06-15 03:50:00,0
2026-06-15 04:00:00,0
2026-06-15 04:10:00,0
2026-06-15 04:20:00,0
2026-06-15 04:30:00,0
2026-06-15 04:40:00,0
2026-06-15 04:50:00,0
2026-06-15 05:00:00,0.31428571428571433
2026-06-15 05:10:00,20.599999999999998
2026-06-15 05:20:00,106.45
2026-06-15 05:30:00,401.8142857142857
2026-06-15 05:40:00,1059.5285714285715
2026-06-15 05:50:00,1743.6166666666666
2026-06-15 06:00:00,2033.042857142857
2026-06-15 06:10:00,2712.2714285714283
2026-06-15 06:20:00,3153.9166666666665
2026-06-15 06:30:00,3765.9285714285716
2026-06-15 06:40:00,5386.742857142856
2026-06-15 06:50:00,9378.25
2026-06-15 07:00:00,7560.5
2026-06-15 07:10:00,7462.2
2026-06-15 07:20:00,7919.200000000001
2026-06-15 07:30:00,9875.557142857142
2026-06-15 07:40:00,8495.614285714286
2026-06-15 07:50:00,9893.633333333333
2026-06-15 08:00:00,11653.328571428572
2026-06-15 08:10:00,11653.642857142857
2026-06-15 08:20:00,15706.15
2026-06-15 08:30:00,16406.942857142858
2026-06-15 08:40:00,17145.850000000002
2026-06-15 08:50:00,17527.914285714283
2026-06-15 09:00:00,18005.285714285714
2026-06-15 09:10:00,18658.3
2026-06-15 09:20:00,19094.62857142857
2026-06-15 09:30:00,19777.84285714286
2026-06-15 09:40:00,19944.6
2026-06-15 09:50:00,21214.928571428572
2026-06-15 10:00:00,21302.471428571433
2026-06-15 10:10:00,21063.516666666666
2026-06-15 10:20:00,17174.299999999996
2026-06-15 10:30:00,18374.84285714286
2026-06-15 10:40:00,13720.966666666665
2026-06-15 10:50:00,8483.328571428572
2026-06-15 11:00:00,15473.357142857143
2026-06-15 11:10:00,21138.083333333332
2026-06-15 11:20:00,21273.9
2026-06-15 11:30:00,21306.516666666666
2026-06-15 11:40:00,21211.85714285714
2026-06-15 11:50:00,21060.65
2026-06-15 12:00:00,19855.557142857142
2026-06-15 12:10:00,19273.428571428572
2026-06-15 12:20:00,18540.766666666666
2026-06-15 12:30:00,18775.457142857143
2026-06-15 12:40:00,16561.157142857144
2026-06-15 12:50:00,19251.45
2026-06-15 13:00:00,19308.742857142854
2026-06-15 13:10:00,15302.871428571429
2026-06-15 13:20:00,14731.666666666666
2026-06-15 13:30:00,13990.5
2026-06-15 13:40:00,12929.742857142859
2026-06-15 13:50:00,10141.633333333333
2026-06-15 14:00:00,9875.242857142857
2026-06-15 14:10:00,10972.9
2026-06-15 14:20:00,10317.983333333334
2026-06-15 14:30:00,10282.9
2026-06-15 14:40:00,9168.7
2026-06-15 14:50:00,9106.949999999999
2026-06-15 15:00:00,8868.871428571429
2026-06-15 15:10:00,9112.157142857144
2026-06-15 15:20:00,8448.2
2026-06-15 15:30:00,6700.342857142858
2026-06-15 15:40:00,6166.757142857142
2026-06-15 15:50:00,6344.033333333334
2026-06-15 16:00:00,6060.757142857142
2026-06-15 16:10:00,4799.685714285714
2026-06-15 16:20:00,4222.666666666667
2026-06-15 16:30:00,3902.6857142857143
2026-06-15 16:40:00,3335.8857142857137
2026-06-15 16:50:00,2719.5166666666664
2026-06-15 17:00:00,2196.785714285714
2026-06-15 17:10:00,1755.4333333333334
2026-06-15 17:20:00,1534.1571428571428
2026-06-15 17:30:00,1092.7142857142858
2026-06-15 17:40:00,600.6666666666666
2026-06-15 17:50:00,317.3285714285715
2026-06-15 18:00:00,100.14285714285714
2026-06-15 18:10:00,31.183333333333334
2026-06-15 18:20:00,2.157142857142857
2026-06-15 18:30:00,0
2026-06-15 18:40:00,0
2026-06-15 18:50:00,0
2026-06-15 19:00:00,0
2026-06-15 19:10:00,0
2026-06-15 19:20:00,0
2026-06-15 19:30:00,0
2026-06-15 19:40:00,0
2026-06-15 19:50:00,0
2026-06-15 20:00:00,0
2026-06-15 20:10:00,0
2026-06-15 20:20:00,0
2026-06-15 20:30:00,0
2026-06-15 20:40:00,0
2026-06-15 20:50:00,0
2026-06-15 21:00:00,0
2026-06-15 21:10:00,0
2026-06-15 21:20:00,0
2026-06-15 21:30:00,0
2026-06-15 21:40:00,0
2026-06-15 21:50:00,0
2026-06-15 22:00:00,0
2026-06-15 22:10:00,0
2026-06-15 22:20:00,0
2026-06-15 22:30:00,0
2026-06-15 22:40:00,0
2026-06-15 22:50:00,0
2026-06-15 23:00:00,0
2026-06-15 23:10:00,0
2026-06-15 23:20:00,0
2026-06-15 23:30:00,0
2026-06-15 23:40:00,0
2026-06-15 23:50:00,0
2026-06-16 00:00:00,0
2026-06-16 00:10:00,0
2026-06-16 00:20:00,0
2026-06-16 00:30:00,0
2026-06-16 00:40:00,0
2026-06-16 00:50:00,0
2026-06-16 01:00:00,0
2026-06-16 01:10:00,0
2026-06-16 01:20:00,0
2026-06-16 01:30:00,0
2026-06-16 01:40:00,0
2026-06-16 01:50:00,0
2026-06-16 02:00:00,0
2026-06-16 02:10:00,0
2026-06-16 02:20:00,0
2026-06-16 02:30:00,0
2026-06-16 02:40:00,0
2026-06-16 02:50:00,0
2026-06-16 03:00:00,0
2026-06-16 03:10:00,0
2026-06-16 03:20:00,0
2026-06-16 03:30:00,0
2026-06-16 03:40:00,0
2026-06-16 03:50:00,0
2026-06-16 04:00:00,0
2026-06-16 04:10:00,0
2026-06-16 04:20:00,0
2026-06-16 04:30:00,0
2026-06-16 04:40:00,0
2026-06-16 04:50:00,0
2026-06-16 05:00:00,0.31428571428571433
2026-06-16 05:10:00,23.357142857142858
2026-06-16 05:20:00,127.58333333333331
2026-06-16 05:30:00,392.2714285714286
2026-06-16 05:40:00,732.0571428571428
2026-06-16 05:50:00,1020.0166666666668
2026-06-16 06:00:00,1465.3428571428572
2026-06-16 06:10:00,1939.0285714285712
2026-06-16 06:20:00,2198.4166666666665
2026-06-16 06:30:00,2827.4714285714285
2026-06-16 06:40:00,3667.0428571428574
2026-06-16 06:50:00,5572.75
2026-06-16 07:00:00,8885.757142857145
2026-06-16 07:10:00,7472.942857142858
2026-06-16 07:20:00,8262.199999999999
2026-06-16 07:30:00,12381.385714285714
2026-06-16 07:40:00,5681.357142857143
2026-06-16 07:50:00,6254.783333333333
2026-06-16 08:00:00,11641.628571428571
2026-06-16 08:10:00,13826.142857142857
2026-06-16 08:20:00,10974.550000000001
2026-06-16 08:30:00,13957.014285714287
2026-06-16 08:40:00,15923.714285714284
2026-06-16 08:50:00,13820.633333333333
2026-06-16 09:00:00,13148.457142857142
2026-06-16 09:10:00,15399.366666666667
2026-06-16 09:20:00,11839.785714285716
2026-06-16 09:30:00,13604.866666666667
2026-06-16 09:40:00,9604.54
2026-06-16 09:50:00,13109.183333333334
2026-06-16 10:00:00,12938.957142857142
2026-06-16 10:10:00,11028.485714285716
2026-06-16 10:20:00,9187.6
2026-06-16 10:30:00,6086.257142857144
2026-06-16 10:40:00,6389.771428571429
2026-06-16 10:50:00,5436.933333333333
2026-06-16 11:00:00,5362.4857142857145
2026-06-16 11:10:00,5080.171428571429
2026-06-16 11:20:00,8496.949999999999
2026-06-16 11:30:00,15156.642857142855
2026-06-16 11:40:00,21124.314285714285
2026-06-16 11:50:00,21019.783333333336
2026-06-16 12:00:00,19876.14285714286
2026-06-16 12:10:00,22324.514285714286
2026-06-16 12:20:00,19951.766666666666
2026-06-16 12:30:00,10255.885714285716
2026-06-16 12:40:00,6780.814285714284
2026-06-16 12:50:00,5755.183333333333
2026-06-16 13:00:00,4976.028571428571
2026-06-16 13:10:00,6594.057142857142
2026-06-16 13:20:00,6530.416666666667
2026-06-16 13:30:00,5578.428571428572
2026-06-16 13:40:00,4968.328571428572
2026-06-16 13:50:00,6628.983333333334
2026-06-16 14:00:00,6924.914285714286
2026-06-16 14:10:00,6837.057142857143
2026-06-16 14:20:00,3543.133333333333
2026-06-16 14:30:00,1600.814285714286
2026-06-16 14:40:00,3023.171428571429
2026-06-16 14:50:00,2595.183333333333
2026-06-16 15:00:00,2122.128571428571
2026-06-16 15:10:00,2145.8
2026-06-16 15:20:00,2178
2026-06-16 15:30:00,1363.0714285714287
2026-06-16 15:40:00,2016.4857142857145
2026-06-16 15:50:00,1923.533333333333
2026-06-16 16:00:00,1980.214285714286
2026-06-16 16:10:00,1940.8857142857141
2026-06-16 16:20:00,2853.2333333333336
2026-06-16 16:30:00,3203.1857142857143
2026-06-16 16:40:00,2419.5
2026-06-16 16:50:00,1250.1166666666668
2026-06-16 17:00:00,1121.975
2026-06-16 17:10:00,1042
2026-06-16 17:20:00,726.4666666666667
2026-06-16 17:30:00,564.6285714285714
2026-06-16 17:40:00,285.0857142857143
2026-06-16 17:50:00,163.7833333333333
2026-06-16 18:00:00,103.84285714285714
2026-06-16 18:10:00,26.142857142857142
2026-06-16 18:20:00,1.0833333333333333
2026-06-16 18:30:00,0
2026-06-16 18:40:00,0
2026-06-16 18:50:00,0
2026-06-16 19:00:00,0
2026-06-16 19:10:00,0
2026-06-16 19:20:00,0
2026-06-16 19:30:00,0
2026-06-16 19:40:00,0
2026-06-16 19:50:00,0
2026-06-16 20:00:00,0
2026-06-16 20:10:00,0
2026-06-16 20:20:00,0
2026-06-16 20:30:00,0
2026-06-16 20:40:00,0
2026-06-16 20:50:00,0
2026-06-16 21:00:00,0
2026-06-16 21:10:00,0
2026-06-16 21:20:00,0
2026-06-16 21:30:00,0
2026-06-16 21:40:00,0
2026-06-16 21:50:00,0
2026-06-16 22:00:00,0
2026-06-16 22:10:00,0
2026-06-16 22:20:00,0
2026-06-16 22:30:00,0
2026-06-16 22:40:00,0
2026-06-16 22:50:00,0
2026-06-16 23:00:00,0
2026-06-16 23:10:00,0
2026-06-16 23:20:00,0
2026-06-16 23:30:00,0
2026-06-16 23:40:00,0
2026-06-16 23:50:00,0
2026-06-17 00:00:00,0
2026-06-17 00:10:00,0
2026-06-17 00:20:00,0
2026-06-17 00:30:00,0
2026-06-17 00:40:00,0
2026-06-17 00:50:00,0
2026-06-17 01:00:00,0
2026-06-17 01:10:00,0
2026-06-17 01:20:00,0
2026-06-17 01:30:00,0
2026-06-17 01:40:00,0
2026-06-17 01:50:00,0
2026-06-17 02:00:00,0
2026-06-17 02:10:00,0
2026-06-17 02:20:00,0
2026-06-17 02:30:00,0
2026-06-17 02:40:00,0
2026-06-17 02:50:00,0
2026-06-17 03:00:00,0
2026-06-17 03:10:00,0
2026-06-17 03:20:00,0
2026-06-17 03:30:00,0
2026-06-17 03:40:00,0
2026-06-17 03:50:00,0
2026-06-17 04:00:00,0
2026-06-17 04:10:00,0
2026-06-17 04:20:00,0
2026-06-17 04:30:00,0
2026-06-17 04:40:00,0
2026-06-17 04:50:00,0
2026-06-17 05:00:00,0
2026-06-17 05:10:00,16
2026-06-17 05:20:00,85.3
2026-06-17 05:30:00,269.1
2026-06-17 05:40:00,631.9285714285714
2026-06-17 05:50:00,1119.2833333333333
2026-06-17 06:00:00,1802.042857142857
2026-06-17 06:10:00,3081.542857142857
2026-06-17 06:20:00,4054.5833333333335
2026-06-17 06:30:00,4176.085714285714
2026-06-17 06:40:00,5482.599999999999
2026-06-17 06:50:00,6069.866666666666
2026-06-17 07:00:00,6457.942857142857
2026-06-17 07:10:00,6496.971428571428
2026-06-17 07:20:00,7384.833333333333
2026-06-17 07:30:00,8191.171428571428
2026-06-17 07:40:00,10091.82857142857
2026-06-17 07:50:00,10840.199999999999
2026-06-17 08:00:00,10593.185714285715
2026-06-17 08:10:00,13002.871428571429
2026-06-17 08:20:00,13304.166666666666
2026-06-17 08:30:00,17679.35714285714
2026-06-17 08:40:00,15216.857142857143
2026-06-17 08:50:00,15554.900000000001
2026-06-17 09:00:00,14207.071428571426
2026-06-17 09:10:00,15884.071428571431
2026-06-17 09:20:00,16861.983333333334
2026-06-17 09:30:00,14521.957142857142
2026-06-17 09:40:00,14432.557142857142
2026-06-17 09:50:00,15185.416666666666
2026-06-17 10:00:00,14645.757142857141
2026-06-17 10:10:00,14291.542857142858
2026-06-17 10:20:00,11570.583333333334
2026-06-17 10:30:00,8959.8
2026-06-17 10:40:00,11462.257142857143
2026-06-17 10:50:00,15978.9
2026-06-17 11:00:00,14151.185714285715
2026-06-17 11:10:00,12429.300000000001
2026-06-17 11:20:00,11408.583333333336
2026-06-17 11:30:00,13852.257142857143
2026-06-17 11:40:00,11041.4
2026-06-17 11:50:00,15885.016666666665
2026-06-17 12:00:00,15059.242857142859
2026-06-17 12:10:00,17349.414285714283
2026-06-17 12:20:00,14616.633333333331
2026-06-17 12:30:00,12894.72857142857
2026-06-17 12:40:00,19776.31428571429
2026-06-17 12:50:00,21373.550000000003
2026-06-17 13:00:00,18408.67142857143
2026-06-17 13:10:00,21068.700000000004
2026-06-17 13:20:00,20516.233333333334
2026-06-17 13:30:00,19039.64285714285
2026-06-17 13:40:00,18976.985714285714
2026-06-17 13:50:00,19205.2
2026-06-17 14:00:00,18244.300000000003
2026-06-17 14:10:00,19273.428571428572
2026-06-17 14:20:00,15287.183333333332
2026-06-17 14:30:00,12455.714285714286
2026-06-17 14:40:00,12709.171428571428
2026-06-17 14:50:00,14554.266666666668
2026-06-17 15:00:00,13655.328571428574
2026-06-17 15:10:00,12347.599999999999
2026-06-17 15:20:00,12860.466666666667
2026-06-17 15:30:00,9311.871428571429
2026-06-17 15:40:00,5955.385714285715
2026-06-17 15:50:00,7183.400000000001
2026-06-17 16:00:00,6108.971428571429
2026-06-17 16:10:00,4938.242857142856
2026-06-17 16:20:00,3259.2999999999997
2026-06-17 16:30:00,2700.585714285714
2026-06-17 16:40:00,2470.8142857142852
2026-06-17 16:50:00,1880.8833333333334
2026-06-17 17:00:00,1277.642857142857
2026-06-17 17:10:00,728.3714285714286
2026-06-17 17:20:00,567.7166666666666
2026-06-17 17:30:00,220.54285714285714
2026-06-17 17:40:00,185.22857142857143
2026-06-17 17:50:00,126.5
2026-06-17 18:00:00,70.65714285714286
2026-06-17 18:10:00,30.11428571428571
2026-06-17 18:20:00,1.45
2026-06-17 18:30:00,0
2026-06-17 18:40:00,0
2026-06-17 18:50:00,0
2026-06-17 19:00:00,0
2026-06-17 19:10:00,0
2026-06-17 19:20:00,0
2026-06-17 19:30:00,0
2026-06-17 19:40:00,0
2026-06-17 19:50:00,0
2026-06-17 20:00:00,0
2026-06-17 20:10:00,0
2026-06-17 20:20:00,0
2026-06-17 20:30:00,0
2026-06-17 20:40:00,0
2026-06-17 20:50:00,0
2026-06-17 21:00:00,0
2026-06-17 21:10:00,0
2026-06-17 21:20:00,0
2026-06-17 21:30:00,0
2026-06-17 21:40:00,0
2026-06-17 21:50:00,0
2026-06-17 22:00:00,0
2026-06-17 22:10:00,0
2026-06-17 22:20:00,0
2026-06-17 22:30:00,0
2026-06-17 22:40:00,0
2026-06-17 22:50:00,0
2026-06-17 23:00:00,0
2026-06-17 23:10:00,0
2026-06-17 23:20:00,0
2026-06-17 23:30:00,0
2026-06-17 23:40:00,0
2026-06-17 23:50:00,0
2026-06-18 00:00:00,0
2026-06-18 00:10:00,0
2026-06-18 00:20:00,0
2026-06-18 00:30:00,0
2026-06-18 00:40:00,0
2026-06-18 00:50:00,0
2026-06-18 01:00:00,0
2026-06-18 01:10:00,0
2026-06-18 01:20:00,0
2026-06-18 01:30:00,0
2026-06-18 01:40:00,0
2026-06-18 01:50:00,0
2026-06-18 02:00:00,0
2026-06-18 02:10:00,0
2026-06-18 02:20:00,0
2026-06-18 02:30:00,0
2026-06-18 02:40:00,0
2026-06-18 02:50:00,0
2026-06-18 03:00:00,0
2026-06-18 03:10:00,0
2026-06-18 03:20:00,0
2026-06-18 03:30:00,0
2026-06-18 03:40:00,0
2026-06-18 03:50:00,0
2026-06-18 04:00:00,0
2026-06-18 04:10:00,0
2026-06-18 04:20:00,0
2026-06-18 04:30:00,0
2026-06-18 04:40:00,0
2026-06-18 04:50:00,0
2026-06-18 05:00:00,0
2026-06-18 05:10:00,14.157142857142857
2026-06-18 05:20:00,96.06666666666666
2026-06-18 05:30:00,429.45714285714286
2026-06-18 05:40:00,1120.6714285714284
2026-06-18 05:50:00,1726.4166666666663
2026-06-18 06:00:00,2229.9500000000003
2026-06-18 06:10:00,2696.9142857142856
2026-06-18 06:20:00,3400.7000000000003
2026-06-18 06:30:00,4283.966666666667
2026-06-18 06:40:00,5227.3
2026-06-18 06:50:00,8532.485714285713
2026-06-18 07:00:00,9926.233333333332
2026-06-18 07:10:00,10252.185714285715
2026-06-18 07:20:00,11277.416666666666
2026-06-18 07:30:00,12591.199999999999
2026-06-18 07:40:00,13340.485714285713
2026-06-18 07:50:00,13806.633333333331
2026-06-18 08:00:00,13765.32857142857
2026-06-18 08:10:00,13526.314285714287
2026-06-18 08:20:00,14276.516666666668
2026-06-18 08:30:00,15002.4
2026-06-18 08:40:00,15217.157142857142
2026-06-18 08:50:00,17199.25
2026-06-18 09:00:00,17446.799999999996
2026-06-18 09:10:00,16788.771428571432
2026-06-18 09:20:00,10770.65
2026-06-18 09:30:00,14450.371428571429
2026-06-18 09:40:00,11899.100000000002
2026-06-18 09:50:00,17100.683333333334
2026-06-18 10:00:00,19434.68571428571
2026-06-18 10:10:00,20254.914285714283
2026-06-18 10:20:00,21021.95
2026-06-18 10:30:00,21593.385714285712
2026-06-18 10:40:00,21347.314285714285
2026-06-18 10:50:00,21556.7
2026-06-18 11:00:00,21066.242857142854
2026-06-18 11:10:00,20942.14285714286
2026-06-18 11:20:00,20781.45
2026-06-18 11:30:00,20907.414285714283
2026-06-18 11:40:00,21632.100000000002
2026-06-18 11:50:00,15312.283333333333
2026-06-18 12:00:00,12417.942857142858
2026-06-18 12:10:00,5829.742857142858
2026-06-18 12:20:00,3988.6166666666672
2026-06-18 12:30:00,2836.6857142857143
2026-06-18 12:40:00,2067.4714285714285
2026-06-18 12:50:00,1919.9333333333334
2026-06-18 13:00:00,1683.4857142857143
2026-06-18 13:10:00,1371.6571428571428
2026-06-18 13:20:00,1505.25
2026-06-18 13:30:00,832.2166666666667
2026-06-18 13:40:00,252.21428571428575
2026-06-18 13:50:00,514.5571428571428
2026-06-18 14:00:00,873.7999999999998
2026-06-18 14:10:00,913
2026-06-18 14:20:00,540.6857142857142
2026-06-18 14:30:00,534.3666666666667
2026-06-18 14:40:00,605.2
2026-06-18 14:50:00,625.4714285714286
2026-06-18 15:00:00,564.4833333333333
2026-06-18 15:10:00,568.9428571428571
2026-06-18 15:20:00,622.1833333333333
2026-06-18 15:30:00,592.2857142857143
2026-06-18 15:40:00,522.5428571428572
2026-06-18 15:50:00,677.3833333333333
2026-06-18 16:00:00,659.2571428571429
2026-06-18 16:10:00,714.5428571428571
2026-06-18 16:20:00,754.0500000000001
2026-06-18 16:30:00,736.0428571428571
2026-06-18 16:40:00,703.8
2026-06-18 16:50:00,637.6
2026-06-18 17:00:00,548.3714285714286
2026-06-18 17:10:00,489.6571428571428
2026-06-18 17:20:00,426.1333333333334
2026-06-18 17:30:00,346.2428571428572
2026-06-18 17:40:00,251.88571428571427
2026-06-18 17:50:00,172.36666666666665
2026-06-18 18:00:00,72.2
2026-06-18 18:10:00,14.771428571428572
2026-06-18 18:20:00,0.3666666666666667
2026-06-18 18:30:00,0
2026-06-18 18:40:00,0
2026-06-18 18:50:00,0
2026-06-18 19:00:00,0
2026-06-18 19:10:00,0
2026-06-18 19:20:00,0
2026-06-18 19:30:00,0
2026-06-18 19:40:00,0
2026-06-18 19:50:00,0
2026-06-18 20:00:00,0
2026-06-18 20:10:00,0
2026-06-18 20:20:00,0
2026-06-18 20:30:00,0
2026-06-18 20:40:00,0
2026-06-18 20:50:00,0
2026-06-18 21:00:00,0
2026-06-18 21:10:00,0
2026-06-18 21:20:00,0
2026-06-18 21:30:00,0
2026-06-18 21:40:00,0
2026-06-18 21:50:00,0
2026-06-18 22:00:00,0
2026-06-18 22:10:00,0
2026-06-18 22:20:00,0
2026-06-18 22:30:00,0
2026-06-18 22:40:00,0
2026-06-18 22:50:00,0
2026-06-18 23:00:00,0
2026-06-18 23:10:00,0
2026-06-18 23:20:00,0
2026-06-18 23:30:00,0
2026-06-18 23:40:00,0
2026-06-18 23:50:00,0
2026-06-19 00:00:00,0
2026-06-19 00:10:00,0
2026-06-19 00:20:00,0
2026-06-19 00:30:00,0
2026-06-19 00:40:00,0
2026-06-19 00:50:00,0
2026-06-19 01:00:00,0
2026-06-19 01:10:00,0
2026-06-19 01:20:00,0
2026-06-19 01:30:00,0
2026-06-19 01:40:00,0
2026-06-19 01:50:00,0
2026-06-19 02:00:00,0
2026-06-19 02:10:00,0
2026-06-19 02:20:00,0
2026-06-19 02:30:00,0
2026-06-19 02:40:00,0
2026-06-19 02:50:00,0
2026-06-19 03:00:00,0
2026-06-19 03:10:00,0
2026-06-19 03:20:00,0
2026-06-19 03:30:00,0
2026-06-19 03:40:00,0
2026-06-19 03:50:00,0
2026-06-19 04:00:00,0
2026-06-19 04:10:00,0
2026-06-19 04:20:00,0
2026-06-19 04:30:00,0
2026-06-19 04:40:00,0
2026-06-19 04:50:00,0
2026-06-19 05:00:00,0
2026-06-19 05:10:00,17.214285714285715
2026-06-19 05:20:00,142.82857142857142
2026-06-19 05:30:00,426.48333333333335
2026-06-19 05:40:00,850.0285714285714
2026-06-19 05:50:00,1366.4428571428573
2026-06-19 06:00:00,1881.6000000000001
2026-06-19 06:10:00,2527.6428571428573
2026-06-19 06:20:00,3438.485714285714
2026-06-19 06:30:00,4116.95
2026-06-19 06:40:00,4850.071428571428
2026-06-19 06:50:00,8262.17142857143
2026-06-19 07:00:00,9698.666666666668
2026-06-19 07:10:00,11261.642857142857
2026-06-19 07:20:00,12075.414285714285
2026-06-19 07:30:00,13581.216666666667
2026-06-19 07:40:00,14856.199999999999
2026-06-19 07:50:00,12804.566666666668
2026-06-19 08:00:00,14583.085714285715
2026-06-19 08:10:00,12715.628571428571
2026-06-19 08:20:00,12308.166666666666
2026-06-19 08:30:00,12619.485714285713
2026-06-19 08:40:00,13498.357142857143
2026-06-19 08:50:00,14108.049999999997
2026-06-19 09:00:00,15485.657142857144
2026-06-19 09:10:00,17300.885714285712
2026-06-19 09:20:00,18553.283333333336
2026-06-19 09:30:00,19714.85714285714
2026-06-19 09:40:00,20028.200000000004
2026-06-19 09:50:00,20866.766666666666
2026-06-19 10:00:00,19825.442857142858
2026-06-19 10:10:00,19958.785714285714
2026-06-19 10:20:00,19506.983333333334
2026-06-19 10:30:00,20454.3
2026-06-19 10:40:00,19615.64285714286
2026-06-19 10:50:00,18644.666666666668
2026-06-19 11:00:00,18821.828571428574
2026-06-19 11:10:00,18525.08571428571
2026-06-19 11:20:00,18614.933333333334
2026-06-19 11:30:00,18594.516666666666
2026-06-19 11:40:00,18910.620000000003
2026-06-19 11:50:00,18573.3
2026-06-19 12:00:00,19982.56666666667
2026-06-19 12:10:00,18717.7
2026-06-19 12:20:00,17256.34285714286
2026-06-19 12:30:00,13788.016666666668
2026-06-19 12:40:00,11933.500000000002
2026-06-19 12:50:00,13130.328571428572
2026-06-19 13:00:00,12116.450000000003
2026-06-19 13:10:00,11655.171428571428
2026-06-19 13:20:00,15649.07142857143
2026-06-19 13:30:00,14700.866666666667
2026-06-19 13:40:00,14248.857142857143
2026-06-19 13:50:00,15240.814285714285
2026-06-19 14:00:00,14210.566666666666
2026-06-19 14:10:00,11795.57142857143
2026-06-19 14:20:00,18056.9
2026-06-19 14:30:00,14921.983333333335
2026-06-19 14:40:00,16528.585714285717
2026-06-19 14:50:00,9981.242857142857
2026-06-19 15:00:00,9050.316666666668
2026-06-19 15:10:00,8323.9
2026-06-19 15:20:00,6106.5142857142855
2026-06-19 15:30:00,4212.983333333334
2026-06-19 15:40:00,5706.557142857143
2026-06-19 15:50:00,5637.633333333332
2026-06-19 16:00:00,5986.4285714285725
2026-06-19 16:10:00,4435.3714285714295
2026-06-19 16:20:00,2319.5499999999997
2026-06-19 16:30:00,1572.8714285714286
2026-06-19 16:40:00,2005.6999999999996
2026-06-19 16:50:00,1804.8833333333334
2026-06-19 17:00:00,1618.6142857142856
2026-06-19 17:10:00,1231.257142857143
2026-06-19 17:20:00,759.4499999999999
2026-06-19 17:30:00,542.5142857142856
2026-06-19 17:40:00,425.8
2026-06-19 17:50:00,224.71666666666667
2026-06-19 18:00:00,82.65714285714286
2026-06-19 18:10:00,16.914285714285715
2026-06-19 18:20:00,1.0833333333333333
2026-06-19 18:30:00,0
2026-06-19 18:40:00,0
2026-06-19 18:50:00,0
2026-06-19 19:00:00,0
2026-06-19 19:10:00,0
2026-06-19 19:20:00,0
2026-06-19 19:30:00,0
2026-06-19 19:40:00,0
2026-06-19 19:50:00,0
2026-06-19 20:00:00,0
2026-06-19 20:10:00,0
2026-06-19 20:20:00,0
2026-06-19 20:30:00,0
2026-06-19 20:40:00,0
2026-06-19 20:50:00,0
2026-06-19 21:00:00,0
2026-06-19 21:10:00,0
2026-06-19 21:20:00,0
2026-06-19 21:30:00,0
2026-06-19 21:40:00,0
2026-06-19 21:50:00,0
2026-06-19 22:00:00,0
2026-06-19 22:10:00,0
2026-06-19 22:20:00,0
2026-06-19 22:30:00,0
2026-06-19 22:40:00,0
2026-06-19 22:50:00,0
2026-06-19 23:00:00,0
2026-06-19 23:10:00,0
2026-06-19 23:20:00,0
2026-06-19 23:30:00,0
2026-06-19 23:40:00,0
2026-06-19 23:50:00,0
2026-06-20 00:00:00,0
2026-06-20 00:10:00,0
2026-06-20 00:20:00,0
2026-06-20 00:30:00,0
2026-06-20 00:40:00,0
2026-06-20 00:50:00,0
2026-06-20 01:00:00,0
2026-06-20 01:10:00,0
2026-06-20 01:20:00,0
2026-06-20 01:30:00,0
2026-06-20 01:40:00,0
2026-06-20 01:50:00,0
2026-06-20 02:00:00,0
2026-06-20 02:10:00,0
2026-06-20 02:20:00,0
2026-06-20 02:30:00,0
2026-06-20 02:40:00,0
2026-06-20 02:50:00,0
2026-06-20 03:00:00,0
2026-06-20 03:10:00,0
2026-06-20 03:20:00,0
2026-06-20 03:30:00,0
2026-06-20 03:40:00,0
2026-06-20 03:50:00,0
2026-06-20 04:00:00,0
2026-06-20 04:10:00,0
2026-06-20 04:20:00,0
2026-06-20 04:30:00,0
2026-06-20 04:40:00,0
2026-06-20 04:50:00,0
2026-06-20 05:00:00,0
2026-06-20 05:10:00,17.52857142857143
2026-06-20 05:20:00,105.37142857142858
2026-06-20 05:30:00,378.8333333333333
2026-06-20 05:40:00,817.7714285714285
2026-06-20 05:50:00,1482.5285714285715
2026-06-20 06:00:00,2192.35
2026-06-20 06:10:00,2748.214285714286
2026-06-20 06:20:00,3449.2285714285717
2026-06-20 06:30:00,4165.683333333333
2026-06-20 06:40:00,4879.885714285714
2026-06-20 06:50:00,7009.071428571428
2026-06-20 07:00:00,6802.433333333333
2026-06-20 07:10:00,6037.114285714287
2026-06-20 07:20:00,6149.557142857142
2026-06-20 07:30:00,6617.866666666666
2026-06-20 07:40:00,7360.814285714286
2026-06-20 07:50:00,9252.542857142858
2026-06-20 08:00:00,13175.85
2026-06-20 08:10:00,16521.528571428575
2026-06-20 08:20:00,17224.7
2026-06-20 08:30:00,16530.14285714286
2026-06-20 08:40:00,14883.228571428572
2026-06-20 08:50:00,14977.883333333331
2026-06-20 09:00:00,11502.785714285714
2026-06-20 09:10:00,13031.128571428571
2026-06-20 09:20:00,13714.883333333333
2026-06-20 09:30:00,16897.842857142856
2026-06-20 09:40:00,20029.428571428572
2026-06-20 09:50:00,20194.949999999997
2026-06-20 10:00:00,20589.733333333334
2026-06-20 10:10:00,17546.02857142857
2026-06-20 10:20:00,16304.314285714285
2026-06-20 10:30:00,22103.233333333334
2026-06-20 10:40:00,15053.114285714286
2026-06-20 10:50:00,17810.528571428575
2026-06-20 11:00:00,17528.61666666667
2026-06-20 11:10:00,22207.499999999996
2026-06-20 11:20:00,21538.728571428568
2026-06-20 11:30:00,21499.35
2026-06-20 11:40:00,21582.62857142857
2026-06-20 11:50:00,21651.77142857143
2026-06-20 12:00:00,22456.61666666667
2026-06-20 12:10:00,21957.12857142857
2026-06-20 12:20:00,22547.87142857143
2026-06-20 12:30:00,18585.933333333334
2026-06-20 12:40:00,18778.514285714286
2026-06-20 12:50:00,21186.657142857144
2026-06-20 13:00:00,20164.316666666666
2026-06-20 13:10:00,21003.27142857143
2026-06-20 13:20:00,20634.928571428572
2026-06-20 13:30:00,20119.166666666664
2026-06-20 13:40:00,19401.18571428571
2026-06-20 13:50:00,19399.35714285714
2026-06-20 14:00:00,18748.600000000002
2026-06-20 14:10:00,18739.828571428574
2026-06-20 14:20:00,10607.914285714285
2026-06-20 14:30:00,10929.400000000001
2026-06-20 14:40:00,11571.914285714285
2026-06-20 14:50:00,6110.814285714286
2026-06-20 15:00:00,4126.283333333334
2026-06-20 15:10:00,3389.0285714285715
2026-06-20 15:20:00,2871.3857142857146
2026-06-20 15:30:00,2561.4833333333336
2026-06-20 15:40:00,2570.342857142857
2026-06-20 15:50:00,2350.3857142857146
2026-06-20 16:00:00,2041.0833333333333
2026-06-20 16:10:00,2103.7000000000003
2026-06-20 16:20:00,2483
2026-06-20 16:30:00,1334.1714285714286
2026-06-20 16:40:00,1168.6142857142856
2026-06-20 16:50:00,1961.1833333333334
2026-06-20 17:00:00,1022.6857142857143
2026-06-20 17:10:00,805.825
2026-06-20 17:20:00,668.157142857143
2026-06-20 17:30:00,485.98333333333335
2026-06-20 17:40:00,478.0142857142857
2026-06-20 17:50:00,214.74285714285716
2026-06-20 18:00:00,52.70000000000001
2026-06-20 18:10:00,14.757142857142856
2026-06-20 18:20:00,0.6142857142857142
2026-06-20 18:30:00,0
2026-06-20 18:40:00,0
2026-06-20 18:50:00,0
2026-06-20 19:00:00,0
2026-06-20 19:10:00,0
2026-06-20 19:20:00,0
2026-06-20 19:30:00,0
2026-06-20 19:40:00,0
2026-06-20 19:50:00,0
2026-06-20 20:00:00,0
2026-06-20 20:10:00,0
2026-06-20 20:20:00,0
2026-06-20 20:30:00,0
2026-06-20 20:40:00,0
2026-06-20 20:50:00,0
2026-06-20 21:00:00,0
2026-06-20 21:10:00,0
2026-06-20 21:20:00,0
2026-06-20 21:30:00,0
2026-06-20 21:40:00,0
2026-06-20 21:50:00,0
2026-06-20 22:00:00,0
2026-06-20 22:10:00,0
2026-06-20 22:20:00,0
2026-06-20 22:30:00,0
2026-06-20 22:40:00,0
2026-06-20 22:50:00,0
2026-06-20 23:00:00,0
2026-06-20 23:10:00,0
2026-06-20 23:20:00,0
2026-06-20 23:30:00,0
2026-06-20 23:40:00,0
2026-06-20 23:50:00,0
2026-06-21 00:00:00,0
2026-06-21 00:10:00,0
2026-06-21 00:20:00,0
2026-06-21 00:30:00,0
2026-06-21 00:40:00,0
2026-06-21 00:50:00,0
2026-06-21 01:00:00,0
2026-06-21 01:10:00,0
2026-06-21 01:20:00,0
2026-06-21 01:30:00,0
2026-06-21 01:40:00,0
2026-06-21 01:50:00,0
2026-06-21 02:00:00,0
2026-06-21 02:10:00,0
2026-06-21 02:20:00,0
2026-06-21 02:30:00,0
2026-06-21 02:40:00,0
2026-06-21 02:50:00,0
2026-06-21 03:00:00,0
2026-06-21 03:10:00,0
2026-06-21 03:20:00,0
2026-06-21 03:30:00,0
2026-06-21 03:40:00,0
2026-06-21 03:50:00,0
2026-06-21 04:00:00,0
2026-06-21 04:10:00,0
2026-06-21 04:20:00,0
2026-06-21 04:30:00,0
2026-06-21 04:40:00,0
2026-06-21 04:50:00,0
2026-06-21 05:00:00,0
2026-06-21 05:10:00,13.557142857142855
2026-06-21 05:20:00,101.67142857142858
2026-06-21 05:30:00,400.7
2026-06-21 05:40:00,982.7428571428571
2026-06-21 05:50:00,1762.1142857142856
2026-06-21 06:00:00,2453.6
2026-06-21 06:10:00,3205.942857142857
2026-06-21 06:20:00,3971.7714285714287
2026-06-21 06:30:00,4560.65
2026-06-21 06:40:00,5233.128571428571
2026-06-21 06:50:00,7472.328571428572
2026-06-21 07:00:00,9424.116666666667
2026-06-21 07:10:00,8637.871428571429
2026-06-21 07:20:00,9212.928571428572
2026-06-21 07:30:00,10505.433333333332
2026-06-21 07:40:00,10691.814285714285
2026-06-21 07:50:00,10708.7
2026-06-21 08:00:00,11159.833333333334
2026-06-21 08:10:00,11042.92857142857
2026-06-21 08:20:00,9780.028571428571
2026-06-21 08:30:00,10290.4
2026-06-21 08:40:00,12472.614285714286
2026-06-21 08:50:00,14316.742857142857
2026-06-21 09:00:00,14702.633333333333
2026-06-21 09:10:00,14627.314285714285
2026-06-21 09:20:00,14147.471428571429
2026-06-21 09:30:00,13607
2026-06-21 09:40:00,13922.3
2026-06-21 09:50:00,14194.800000000001
2026-06-21 10:00:00,14352.833333333334
2026-06-21 10:10:00,14580.92857142857
2026-06-21 10:20:00,14596.285714285714
2026-06-21 10:30:00,14486.516666666665
2026-06-21 10:40:00,15034.057142857144
2026-06-21 10:50:00,16247.800000000001
2026-06-21 11:00:00,14467.533333333335
2026-06-21 11:10:00,9135.514285714287
2026-06-21 11:20:00,10165.557142857142
2026-06-21 11:30:00,18757.060000000005
2026-06-21 11:40:00,19739.742857142854
2026-06-21 11:50:00,20161.22857142857
2026-06-21 12:00:00,19479.033333333333
2026-06-21 12:10:00,14714.871428571432
2026-06-21 12:20:00,7159.314285714287
2026-06-21 12:30:00,7123.916666666667
2026-06-21 12:40:00,5828.5
2026-06-21 12:50:00,9282.057142857144
2026-06-21 13:00:00,9621.949999999999
2026-06-21 13:10:00,12746.942857142856
2026-06-21 13:20:00,9274.357142857143
2026-06-21 13:30:00,6072.016666666666
2026-06-21 13:40:00,3063.1
2026-06-21 13:50:00,2889.8142857142857
2026-06-21 14:00:00,2720.616666666667
2026-06-21 14:10:00,5443.585714285714
2026-06-21 14:20:00,6629.0714285714275
2026-06-21 14:30:00,5186.766666666666
2026-06-21 14:40:00,7010.914285714285
2026-06-21 14:50:00,8261.842857142856
2026-06-21 15:00:00,7688.75
2026-06-21 15:10:00,5472.157142857143
2026-06-21 15:20:00,3478.275
2026-06-21 15:30:00,2467.9166666666665
2026-06-21 15:40:00,1831.8428571428572
2026-06-21 15:50:00,1670.857142857143
2026-06-21 16:00:00,1249.7333333333333
2026-06-21 16:10:00,1646.6000000000001
2026-06-21 16:20:00,1236.1714285714286
2026-06-21 16:30:00,904.25
2026-06-21 16:40:00,672.4571428571429
2026-06-21 16:50:00,324.41428571428565
2026-06-21 17:00:00,261.9833333333333
2026-06-21 17:10:00,346.52857142857147
2026-06-21 17:20:00,308.15714285714284
2026-06-21 17:30:00,223.99999999999997
2026-06-21 17:40:00,126.57142857142858
2026-06-21 17:50:00,49.17142857142857
2026-06-21 18:00:00,4.7
2026-06-21 18:10:00,1.2571428571428573
2026-06-21 18:20:00,0
2026-06-21 18:30:00,0
2026-06-21 18:40:00,0
2026-06-21 18:50:00,0
2026-06-21 19:00:00,0
2026-06-21 19:10:00,0
2026-06-21 19:20:00,0
2026-06-21 19:30:00,0
2026-06-21 19:40:00,0
2026-06-21 19:50:00,0
2026-06-21 20:00:00,0
2026-06-21 20:10:00,0
2026-06-21 20:20:00,0
2026-06-21 20:30:00,0
2026-06-21 20:40:00,0
2026-06-21 20:50:00,0
2026-06-21 21:00:00,0
2026-06-21 21:10:00,0
2026-06-21 21:20:00,0
2026-06-21 21:30:00,0
2026-06-21 21:40:00,0
2026-06-21 21:50:00,0
2026-06-21 22:00:00,0
2026-06-21 22:10:00,0
2026-06-21 22:20:00,0
2026-06-21 22:30:00,0
2026-06-21 22:40:00,0
2026-06-21 22:50:00,0
2026-06-21 23:00:00,0
2026-06-21 23:10:00,0
2026-06-21 23:20:00,0
2026-06-21 23:30:00,0
2026-06-21 23:40:00,0
2026-06-21 23:50:00,0
2026-06-22 00:00:00,0
2026-06-22 00:10:00,0
2026-06-22 00:20:00,0
2026-06-22 00:30:00,0
2026-06-22 00:40:00,0
2026-06-22 00:50:00,0
2026-06-22 01:00:00,0
2026-06-22 01:10:00,0
2026-06-22 01:20:00,0
2026-06-22 01:30:00,0
2026-06-22 01:40:00,0
2026-06-22 01:50:00,0
2026-06-22 02:00:00,0
2026-06-22 02:10:00,0
2026-06-22 02:20:00,0
2026-06-22 02:30:00,0
2026-06-22 02:40:00,0
2026-06-22 02:50:00,0
2026-06-22 03:00:00,0
2026-06-22 03:10:00,0
2026-06-22 03:20:00,0
2026-06-22 03:30:00,0
2026-06-22 03:40:00,0
2026-06-22 03:50:00,0
2026-06-22 04:00:00,0
2026-06-22 04:10:00,0
2026-06-22 04:20:00,0
2026-06-22 04:30:00,0
2026-06-22 04:40:00,0
2026-06-22 04:50:00,0
2026-06-22 05:00:00,0
2026-06-22 05:10:00,3.7142857142857144
2026-06-22 05:20:00,25.52857142857143
2026-06-22 05:30:00,89.25
2026-06-22 05:40:00,301.37142857142857
2026-06-22 05:50:00,477.08571428571435
2026-06-22 06:00:00,688.1333333333333
2026-06-22 06:10:00,782.7249999999999
2026-06-22 06:20:00,906.5571428571428
2026-06-22 06:30:00,1029.3166666666666
2026-06-22 06:40:00,1379.3285714285714
2026-06-22 06:50:00,1808.1714285714286
2026-06-22 07:00:00,2316.7
2026-06-22 07:10:00,3020.3857142857146
2026-06-22 07:20:00,3869.8142857142857
2026-06-22 07:30:00,4517.983333333334
2026-06-22 07:40:00,4925.342857142858
2026-06-22 07:50:00,5344.971428571428
2026-06-22 08:00:00,5923.650000000001
2026-06-22 08:10:00,6555.9571428571435
2026-06-22 08:20:00,6998.614285714285
2026-06-22 08:30:00,7176.233333333334
2026-06-22 08:40:00,6973.742857142856
2026-06-22 08:50:00,8526.342857142858
2026-06-22 09:00:00,9117.333333333334
2026-06-22 09:10:00,9569.57142857143
2026-06-22 09:20:00,10002.42857142857
2026-06-22 09:30:00,10277.483333333334
2026-06-22 09:40:00,9990.442857142856
2026-06-22 09:50:00,9601.542857142858
2026-06-22 10:00:00,9474.300000000001
2026-06-22 10:10:00,9729.628571428571
2026-06-22 10:20:00,9913.042857142858
2026-06-22 10:30:00,10007.25
2026-06-22 10:40:00,9859.9
2026-06-22 10:50:00,10353.857142857143
2026-06-22 11:00:00,10225.483333333332
2026-06-22 11:10:00,10187.657142857144
2026-06-22 11:20:00,10695.785714285714
2026-06-22 11:30:00,10866.699999999999
2026-06-22 11:40:00,12302.742857142857
2026-06-22 11:50:00,12822.828571428572
2026-06-22 12:00:00,13347.533333333333
2026-06-22 12:10:00,12453.557142857144
2026-06-22 12:20:00,12468.328571428572
2026-06-22 12:30:00,13384.083333333334
2026-06-22 12:40:00,14114.614285714286
2026-06-22 12:50:00,13177.042857142855
2026-06-22 13:00:00,11905.699999999999
2026-06-22 13:10:00,10710.828571428572
2026-06-22 13:20:00,11061.628571428573
2026-06-22 13:30:00,11509.4
2026-06-22 13:40:00,11680.96
2026-06-22 13:50:00,11547.642857142857
2026-06-22 14:00:00,10033.383333333331
2026-06-22 14:10:00,10049.42857142857
2026-06-22 14:20:00,10632.185714285715
2026-06-22 14:30:00,10093.616666666667
2026-06-22 14:40:00,10256.5
2026-06-22 14:50:00,13907.542857142858
2026-06-22 15:00:00,14745.983333333332
2026-06-22 15:10:00,12406.585714285713
2026-06-22 15:20:00,9929.014285714287
2026-06-22 15:30:00,7800.233333333333
2026-06-22 15:40:00,11168.885714285714
2026-06-22 15:50:00,11023.557142857142
2026-06-22 16:00:00,8248.583333333334
2026-06-22 16:10:00,6788.814285714286
2026-06-22 16:20:00,5320.4
2026-06-22 16:30:00,3880.766666666667
2026-06-22 16:40:00,4177.914285714285
2026-06-22 16:50:00,4181.3
2026-06-22 17:00:00,3442.783333333333
2026-06-22 17:10:00,3038.214285714286
2026-06-22 17:20:00,2440.1
2026-06-22 17:30:00,2087.3333333333335
2026-06-22 17:40:00,1403.2857142857142
2026-06-22 17:50:00,673.0857142857143
2026-06-22 18:00:00,206.41666666666666
2026-06-22 18:10:00,43.34285714285714
2026-06-22 18:20:00,2.7857142857142856
2026-06-22 18:30:00,0
2026-06-22 18:40:00,0
2026-06-22 18:50:00,0
2026-06-22 19:00:00,0
2026-06-22 19:10:00,0
2026-06-22 19:20:00,0
2026-06-22 19:30:00,0
2026-06-22 19:40:00,0
2026-06-22 19:50:00,0
2026-06-22 20:00:00,0
2026-06-22 20:10:00,0
2026-06-22 20:20:00,0
2026-06-22 20:30:00,0
2026-06-22 20:40:00,0
2026-06-22 20:50:00,0
2026-06-22 21:00:00,0
2026-06-22 21:10:00,0
2026-06-22 21:20:00,0
2026-06-22 21:30:00,0
2026-06-22 21:40:00,0
2026-06-22 21:50:00,0
2026-06-22 22:00:00,0
2026-06-22 22:10:00,0
2026-06-22 22:20:00,0
2026-06-22 22:30:00,0
2026-06-22 22:40:00,0
2026-06-22 22:50:00,0
2026-06-22 23:00:00,0
2026-06-22 23:10:00,0
2026-06-22 23:20:00,0
2026-06-22 23:30:00,0
2026-06-22 23:40:00,0
2026-06-22 23:50:00,0
2026-06-23 00:00:00,0
2026-06-23 00:10:00,0
2026-06-23 00:20:00,0
2026-06-23 00:30:00,0
2026-06-23 00:40:00,0
2026-06-23 00:50:00,0
2026-06-23 01:00:00,0
2026-06-23 01:10:00,0
2026-06-23 01:20:00,0
2026-06-23 01:30:00,0
2026-06-23 01:40:00,0
2026-06-23 01:50:00,0
2026-06-23 02:00:00,0
2026-06-23 02:10:00,0
2026-06-23 02:20:00,0
2026-06-23 02:30:00,0
2026-06-23 02:40:00,0
2026-06-23 02:50:00,0
2026-06-23 03:00:00,0
2026-06-23 03:10:00,0
2026-06-23 03:20:00,0
2026-06-23 03:30:00,0
2026-06-23 03:40:00,0
2026-06-23 03:50:00,0
2026-06-23 04:00:00,0
2026-06-23 04:10:00,0
2026-06-23 04:20:00,0
2026-06-23 04:30:00,0
2026-06-23 04:40:00,0
2026-06-23 04:50:00,0
2026-06-23 05:00:00,0
2026-06-23 05:10:00,11.685714285714287
2026-06-23 05:20:00,80.17142857142858
2026-06-23 05:30:00,195.6833333333333
2026-06-23 05:40:00,361.8857142857143
2026-06-23 05:50:00,563.4
2026-06-23 06:00:00,726.1166666666667
2026-06-23 06:10:00,948.9285714285714
2026-06-23 06:20:00,1559.042857142857
2026-06-23 06:30:00,2694.0833333333335
2026-06-23 06:40:00,3674.1142857142863
2026-06-23 06:50:00,4048.6
2026-06-23 07:00:00,4028.8000000000006
2026-06-23 07:10:00,4050.428571428572
2026-06-23 07:20:00,4537.9571428571435
2026-06-23 07:30:00,5204.683333333333
2026-06-23 07:40:00,5789.4857142857145
2026-06-23 07:50:00,6108.685714285714
2026-06-23 08:00:00,5906.783333333333
2026-06-23 08:10:00,5195.971428571428
2026-06-23 08:20:00,4423.685714285714
2026-06-23 08:30:00,3882.183333333333
2026-06-23 08:40:00,3594.5571428571425
2026-06-23 08:50:00,3409.9285714285716
2026-06-23 09:00:00,3280.083333333334
2026-06-23 09:10:00,3657.8142857142852
2026-06-23 09:20:00,4289.142857142857
2026-06-23 09:30:00,4479.283333333334
2026-06-23 09:40:00,4667.285714285715
2026-06-23 09:50:00,4814.225
2026-06-23 10:00:00,5838.942857142857
2026-06-23 10:10:00,8096.8714285714295
2026-06-23 10:20:00,11750.849999999999
2026-06-23 10:30:00,12656.028571428571
2026-06-23 10:40:00,13828.92857142857
2026-06-23 10:50:00,14656.433333333334
2026-06-23 11:00:00,14390.485714285713
2026-06-23 11:10:00,13416.328571428572
2026-06-23 11:20:00,12580.199999999999
2026-06-23 11:30:00,15281.657142857142
2026-06-23 11:40:00,17663.071428571428
2026-06-23 11:50:00,17169.85
2026-06-23 12:00:00,16162.399999999998
2026-06-23 12:10:00,17515.31428571429
2026-06-23 12:20:00,16380.300000000001
2026-06-23 12:30:00,10863.199999999999
2026-06-23 12:40:00,10927.100000000002
2026-06-23 12:50:00,15502.933333333332
2026-06-23 13:00:00,15728.957142857145
2026-06-23 13:10:00,16354.4
2026-06-23 13:20:00,21025.183333333334
2026-06-23 13:30:00,20792.214285714286
2026-06-23 13:40:00,20851.18571428571
2026-06-23 13:50:00,19777.583333333332
2026-06-23 14:00:00,14803.657142857142
2026-06-23 14:10:00,13626.733333333332
2026-06-23 14:20:00,12346.971428571429
2026-06-23 14:30:00,13592.685714285715
2026-06-23 14:40:00,12182.366666666667
2026-06-23 14:50:00,10381.828571428572
2026-06-23 15:00:00,9243.328571428572
2026-06-23 15:10:00,7537.5
2026-06-23 15:20:00,6146.457142857143
2026-06-23 15:30:00,4979.714285714285
2026-06-23 15:40:00,4229.833333333333
2026-06-23 15:50:00,3494.9999999999995
2026-06-23 16:00:00,2870.7714285714283
2026-06-23 16:10:00,2506.6666666666665
2026-06-23 16:20:00,2312.9285714285716
2026-06-23 16:30:00,2104.6285714285714
2026-06-23 16:40:00,1823.8999999999999
2026-06-23 16:50:00,1473.3285714285714
2026-06-23 17:00:00,998.7
2026-06-23 17:10:00,691.9
2026-06-23 17:20:00,585.6333333333333
2026-06-23 17:30:00,618.1000000000001
2026-06-23 17:40:00,486.59999999999997
2026-06-23 17:50:00,249.44999999999996
2026-06-23 18:00:00,104.14285714285714
2026-06-23 18:10:00,31.65714285714285
2026-06-23 18:20:00,1.0833333333333333
2026-06-23 18:30:00,0
2026-06-23 18:40:00,0
2026-06-23 18:50:00,0
2026-06-23 19:00:00,0
2026-06-23 19:10:00,0
2026-06-23 19:20:00,0
2026-06-23 19:30:00,0
2026-06-23 19:40:00,0
2026-06-23 19:50:00,0
2026-06-23 20:00:00,0
2026-06-23 20:10:00,0
2026-06-23 20:20:00,0
2026-06-23 20:30:00,0
2026-06-23 20:40:00,0
2026-06-23 20:50:00,0
2026-06-23 21:00:00,0
2026-06-23 21:10:00,0
2026-06-23 21:20:00,0
2026-06-23 21:30:00,0
2026-06-23 21:40:00,0
2026-06-23 21:50:00,0
2026-06-23 22:00:00,0
2026-06-23 22:10:00,0
2026-06-23 22:20:00,0
2026-06-23 22:30:00,0
2026-06-23 22:40:00,0
2026-06-23 22:50:00,0
2026-06-23 23:00:00,0
2026-06-23 23:10:00,0
2026-06-23 23:20:00,0
2026-06-23 23:30:00,0
2026-06-23 23:40:00,0
2026-06-23 23:50:00,0
2026-06-24 00:00:00,0
2026-06-24 00:10:00,0
2026-06-24 00:20:00,0
2026-06-24 00:30:00,0
2026-06-24 00:40:00,0
2026-06-24 00:50:00,0
2026-06-24 01:00:00,0
2026-06-24 01:10:00,0
2026-06-24 01:20:00,0
2026-06-24 01:30:00,0
2026-06-24 01:40:00,0
2026-06-24 01:50:00,0
2026-06-24 02:00:00,0
2026-06-24 02:10:00,0
2026-06-24 02:20:00,0
2026-06-24 02:30:00,0
2026-06-24 02:40:00,0
2026-06-24 02:50:00,0
2026-06-24 03:00:00,0
2026-06-24 03:10:00,0
2026-06-24 03:20:00,0
2026-06-24 03:30:00,0
2026-06-24 03:40:00,0
2026-06-24 03:50:00,0
2026-06-24 04:00:00,0
2026-06-24 04:10:00,0
2026-06-24 04:20:00,0
2026-06-24 04:30:00,0
2026-06-24 04:40:00,0
2026-06-24 04:50:00,0
2026-06-24 05:00:00,0.31428571428571433
2026-06-24 05:10:00,16.150000000000002
2026-06-24 05:20:00,99.24285714285715
2026-06-24 05:30:00,350.5285714285714
2026-06-24 05:40:00,766.9499999999999
2026-06-24 05:50:00,1360.6000000000001
2026-06-24 06:00:00,1537.5571428571427
2026-06-24 06:10:00,1959.0166666666667
2026-06-24 06:20:00,2533.785714285714
2026-06-24 06:30:00,2874.171428571429
2026-06-24 06:40:00,3030.283333333333
2026-06-24 06:50:00,5625.742857142856
2026-06-24 07:00:00,6469.628571428572
2026-06-24 07:10:00,6753.7
2026-06-24 07:20:00,8437.871428571427
2026-06-24 07:30:00,9152.400000000001
2026-06-24 07:40:00,4137
2026-06-24 07:50:00,6154.457142857143
2026-06-24 08:00:00,11893.300000000001
2026-06-24 08:10:00,14575.414285714287
2026-06-24 08:20:00,15148.849999999999
2026-06-24 08:30:00,16164.857142857143
2026-06-24 08:40:00,16495.714285714286
2026-06-24 08:50:00,17147.649999999998
2026-06-24 09:00:00,17992.4
2026-06-24 09:10:00,16940.85714285714
2026-06-24 09:20:00,18877.3
2026-06-24 09:30:00,19083.585714285717
2026-06-24 09:40:00,19676.471428571433
2026-06-24 09:50:00,20020.566666666666
2026-06-24 10:00:00,20358.742857142854
2026-06-24 10:10:00,20646
2026-06-24 10:20:00,20935.56666666667
2026-06-24 10:30:00,21244.742857142854
2026-06-24 10:40:00,21936.85714285714
2026-06-24 10:50:00,19200.216666666664
2026-06-24 11:00:00,21308.31428571429
2026-06-24 11:10:00,21445.942857142858
2026-06-24 11:20:00,21339.133333333335
2026-06-24 11:30:00,21318.457142857143
2026-06-24 11:40:00,21335.042857142857
2026-06-24 11:50:00,21349.899999999998
2026-06-24 12:00:00,21159.928571428572
2026-06-24 12:10:00,21741.616666666665
2026-06-24 12:20:00,21681.87142857143
2026-06-24 12:30:00,21555.028571428567
2026-06-24 12:40:00,21048.833333333332
2026-06-24 12:50:00,21535.342857142856
2026-06-24 13:00:00,21556.528571428575
2026-06-24 13:10:00,20551.366666666665
2026-06-24 13:20:00,20305.6
2026-06-24 13:30:00,19474.62857142857
2026-06-24 13:40:00,19344.649999999998
2026-06-24 13:50:00,18655.64285714286
2026-06-24 14:00:00,18423.100000000002
2026-06-24 14:10:00,17763.4
2026-06-24 14:20:00,17249.9
2026-06-24 14:30:00,16607.85714285714
2026-06-24 14:40:00,15949.166666666666
2026-06-24 14:50:00,15235.285714285712
2026-06-24 15:00:00,13176.428571428574
2026-06-24 15:10:00,11958.016666666668
2026-06-24 15:20:00,12636.1
2026-06-24 15:30:00,7427.92
2026-06-24 15:40:00,8129.1285714285705
2026-06-24 15:50:00,5047.333333333333
2026-06-24 16:00:00,2747.899999999999
2026-06-24 16:10:00,2305.8571428571427
2026-06-24 16:20:00,2117.4333333333334
2026-06-24 16:30:00,1972.2285714285717
2026-06-24 16:40:00,1837.6428571428569
2026-06-24 16:50:00,1688.4333333333334
2026-06-24 17:00:00,1951.9428571428573
2026-06-24 17:10:00,1849.3428571428572
2026-06-24 17:20:00,1539.7
2026-06-24 17:30:00,1332.3285714285714
2026-06-24 17:40:00,1037.3999999999999
2026-06-24 17:50:00,723.25
2026-06-24 18:00:00,314.8714285714286
2026-06-24 18:10:00,70.35714285714286
2026-06-24 18:20:00,6.833333333333333
2026-06-24 18:30:00,0
2026-06-24 18:40:00,0
2026-06-24 18:50:00,0
2026-06-24 19:00:00,0
2026-06-24 19:10:00,0
2026-06-24 19:20:00,0
2026-06-24 19:30:00,0
2026-06-24 19:40:00,0
2026-06-24 19:50:00,0
2026-06-24 20:00:00,0
2026-06-24 20:10:00,0
2026-06-24 20:20:00,0
2026-06-24 20:30:00,0
2026-06-24 20:40:00,0
2026-06-24 20:50:00,0
2026-06-24 21:00:00,0
2026-06-24 21:10:00,0
2026-06-24 21:20:00,0
2026-06-24 21:30:00,0
2026-06-24 21:40:00,0
2026-06-24 21:50:00,0
2026-06-24 22:00:00,0
2026-06-24 22:10:00,0
2026-06-24 22:20:00,0
2026-06-24 22:30:00,0
2026-06-24 22:40:00,0
2026-06-24 22:50:00,0
2026-06-24 23:00:00,0
2026-06-24 23:10:00,0
2026-06-24 23:20:00,0
2026-06-24 23:30:00,0
2026-06-24 23:40:00,0
2026-06-24 23:50:00,0
2026-06-25 00:00:00,0
2026-06-25 00:10:00,0
2026-06-25 00:20:00,0
2026-06-25 00:30:00,0
2026-06-25 00:40:00,0
2026-06-25 00:50:00,0
2026-06-25 01:00:00,0
2026-06-25 01:10:00,0
2026-06-25 01:20:00,0
2026-06-25 01:30:00,0
2026-06-25 01:40:00,0
2026-06-25 01:50:00,0
2026-06-25 02:00:00,0
2026-06-25 02:10:00,0
2026-06-25 02:20:00,0
2026-06-25 02:30:00,0
2026-06-25 02:40:00,0
2026-06-25 02:50:00,0
2026-06-25 03:00:00,0
2026-06-25 03:10:00,0
2026-06-25 03:20:00,0
2026-06-25 03:30:00,0
2026-06-25 03:40:00,0
2026-06-25 03:50:00,0
2026-06-25 04:00:00,0
2026-06-25 04:10:00,0
2026-06-25 04:20:00,0
2026-06-25 04:30:00,0
2026-06-25 04:40:00,0
2026-06-25 04:50:00,0
2026-06-25 05:00:00,0.31428571428571433
2026-06-25 05:10:00,18.65
2026-06-25 05:20:00,95.84285714285716
2026-06-25 05:30:00,329
2026-06-25 05:40:00,714.6500000000001
2026-06-25 05:50:00,1181.1714285714284
2026-06-25 06:00:00,1701.5
2026-06-25 06:10:00,1970.1499999999999
2026-06-25 06:20:00,2207.214285714286
2026-06-25 06:30:00,2381.4000000000005
2026-06-25 06:40:00,3045.683333333334
2026-06-25 06:50:00,7544.228571428573
2026-06-25 07:00:00,8329.114285714286
2026-06-25 07:10:00,9108.016666666668
2026-06-25 07:20:00,10328.057142857142
2026-06-25 07:30:00,9936.371428571429
2026-06-25 07:40:00,11941.533333333333
2026-06-25 07:50:00,13136.185714285713
2026-06-25 08:00:00,13940.442857142858
2026-06-25 08:10:00,14237.800000000001
2026-06-25 08:20:00,14979.4
2026-06-25 08:30:00,15634.642857142857
2026-06-25 08:40:00,16178.533333333333
2026-06-25 08:50:00,16782.957142857143
2026-06-25 09:00:00,17186.3
2026-06-25 09:10:00,17703.516666666666
2026-06-25 09:20:00,18502.35714285714
2026-06-25 09:30:00,18893.414285714283
2026-06-25 09:40:00,19246.816666666666
2026-06-25 09:50:00,19610.41428571429
2026-06-25 10:00:00,20108.68571428571
2026-06-25 10:10:00,20424.15
2026-06-25 10:20:00,20818.942857142854
2026-06-25 10:30:00,21209.68571428571
2026-06-25 10:40:00,21349.533333333336
2026-06-25 10:50:00,21453.014285714286
2026-06-25 11:00:00,21234.27142857143
2026-06-25 11:10:00,21203.283333333336
2026-06-25 11:20:00,21184.8
2026-06-25 11:30:00,21147.314285714285
2026-06-25 11:40:00,21138.066666666666
2026-06-25 11:50:00,21009.7
2026-06-25 12:00:00,21544.85714285714
2026-06-25 12:10:00,21391.466666666664
2026-06-25 12:20:00,21347.942857142858
2026-06-25 12:30:00,21107.714285714286
2026-06-25 12:40:00,20961.716666666667
2026-06-25 12:50:00,20910.171428571426
2026-06-25 13:00:00,20866.87142857143
2026-06-25 13:10:00,20787.55
2026-06-25 13:20:00,19644.82857142857
2026-06-25 13:30:00,19189.075
2026-06-25 13:40:00,18563.7
2026-06-25 13:50:00,19096.771428571432
2026-06-25 14:00:00,19002.471428571433
2026-06-25 14:10:00,18677.300000000003
2026-06-25 14:20:00,18197.928571428572
2026-06-25 14:30:00,15740
2026-06-25 14:40:00,13522.449999999999
2026-06-25 14:50:00,13104.857142857143
2026-06-25 15:00:00,13501.771428571428
2026-06-25 15:10:00,11392.833333333334
2026-06-25 15:20:00,12760.471428571429
2026-06-25 15:30:00,10318.228571428572
2026-06-25 15:40:00,9819.1
2026-06-25 15:50:00,9235.042857142857
2026-06-25 16:00:00,7489.828571428572
2026-06-25 16:10:00,4018.0166666666664
2026-06-25 16:20:00,3644.0000000000005
2026-06-25 16:30:00,3894.6714285714284
2026-06-25 16:40:00,3723.7833333333333
2026-06-25 16:50:00,2688.3142857142857
2026-06-25 17:00:00,2387.5571428571425
2026-06-25 17:10:00,2266.883333333333
2026-06-25 17:20:00,1934.1285714285716
2026-06-25 17:30:00,1597.7285714285713
2026-06-25 17:40:00,1221.7833333333333
2026-06-25 17:50:00,748.6571428571427
2026-06-25 18:00:00,247
2026-06-25 18:10:00,87.44999999999999
2026-06-25 18:20:00,11.685714285714285
2026-06-25 18:30:00,0
2026-06-25 18:40:00,0
2026-06-25 18:50:00,0
2026-06-25 19:00:00,0
2026-06-25 19:10:00,0
2026-06-25 19:20:00,0
2026-06-25 19:30:00,0
2026-06-25 19:40:00,0
2026-06-25 19:50:00,0
2026-06-25 20:00:00,0
2026-06-25 20:10:00,0
2026-06-25 20:20:00,0
2026-06-25 20:30:00,0
2026-06-25 20:40:00,0
2026-06-25 20:50:00,0
2026-06-25 21:00:00,0
2026-06-25 21:10:00,0
2026-06-25 21:20:00,0
2026-06-25 21:30:00,0
2026-06-25 21:40:00,0
2026-06-25 21:50:00,0
2026-06-25 22:00:00,0
2026-06-25 22:10:00,0
2026-06-25 22:20:00,0
2026-06-25 22:30:00,0
2026-06-25 22:40:00,0
2026-06-25 22:50:00,0
2026-06-25 23:00:00,0
2026-06-25 23:10:00,0
2026-06-25 23:20:00,0
2026-06-25 23:30:00,0
2026-06-25 23:40:00,0
2026-06-25 23:50:00,0
2026-06-26 00:00:00,0
2026-06-26 00:10:00,0
2026-06-26 00:20:00,0
2026-06-26 00:30:00,0
2026-06-26 00:40:00,0
2026-06-26 00:50:00,0
2026-06-26 01:00:00,0
2026-06-26 01:10:00,0
2026-06-26 01:20:00,0
2026-06-26 01:30:00,0
2026-06-26 01:40:00,0
2026-06-26 01:50:00,0
2026-06-26 02:00:00,0
2026-06-26 02:10:00,0
2026-06-26 02:20:00,0
2026-06-26 02:30:00,0
2026-06-26 02:40:00,0
2026-06-26 02:50:00,0
2026-06-26 03:00:00,0
2026-06-26 03:10:00,0
2026-06-26 03:20:00,0
2026-06-26 03:30:00,0
2026-06-26 03:40:00,0
2026-06-26 03:50:00,0
2026-06-26 04:00:00,0
2026-06-26 04:10:00,0
2026-06-26 04:20:00,0
2026-06-26 04:30:00,0
2026-06-26 04:40:00,0
2026-06-26 04:50:00,0
2026-06-26 05:00:00,0
2026-06-26 05:10:00,7.8999999999999995
2026-06-26 05:20:00,59.300000000000004
2026-06-26 05:30:00,168.34285714285716
2026-06-26 05:40:00,359.5
2026-06-26 05:50:00,582.1428571428571
2026-06-26 06:00:00,804.8571428571429
2026-06-26 06:10:00,996.7166666666667
2026-06-26 06:20:00,1251.8285714285714
2026-06-26 06:30:00,1509.5714285714287
2026-06-26 06:40:00,1919.9166666666667
2026-06-26 06:50:00,2287.714285714286
2026-06-26 07:00:00,3384.128571428571
2026-06-26 07:10:00,4230.2
2026-06-26 07:20:00,5329.599999999999
2026-06-26 07:30:00,6442.614285714285
2026-06-26 07:40:00,7507.400000000001
2026-06-26 07:50:00,9906.271428571428
2026-06-26 08:00:00,9847.914285714287
2026-06-26 08:10:00,10389.65
2026-06-26 08:20:00,10490.885714285714
2026-06-26 08:30:00,5124.099999999999
2026-06-26 08:40:00,6292.783333333334
2026-06-26 08:50:00,10271.528571428571
2026-06-26 09:00:00,12100.300000000001
2026-06-26 09:10:00,13165.116666666667
2026-06-26 09:20:00,16453.014285714286
2026-06-26 09:30:00,16040.77142857143
2026-06-26 09:40:00,15945.933333333334
2026-06-26 09:50:00,15373.228571428572
2026-06-26 10:00:00,15326.228571428572
2026-06-26 10:10:00,16812.55
2026-06-26 10:20:00,16128.3
2026-06-26 10:30:00,16972.5
2026-06-26 10:40:00,16634.416666666668
2026-06-26 10:50:00,16972.785714285714
2026-06-26 11:00:00,18543.82857142857
2026-06-26 11:10:00,18731.433333333334
2026-06-26 11:20:00,20317.285714285714
2026-06-26 11:30:00,20588.22857142857
2026-06-26 11:40:00,19167.966666666664
2026-06-26 11:50:00,17966.3
2026-06-26 12:00:00,17864.285714285714
2026-06-26 12:10:00,18160.133333333335
2026-06-26 12:20:00,18791.742857142857
2026-06-26 12:30:00,18733.98571428571
2026-06-26 12:40:00,18707.766666666666
2026-06-26 12:50:00,18228.014285714286
2026-06-26 13:00:00,15566.114285714288
2026-06-26 13:10:00,15963.133333333333
2026-06-26 13:20:00,16127.371428571429
2026-06-26 13:30:00,18744.114285714284
2026-06-26 13:40:00,16422.25
2026-06-26 13:50:00,17828.957142857143
2026-06-26 14:00:00,16912.571428571428
2026-06-26 14:10:00,16897.133333333335
2026-06-26 14:20:00,15496.714285714286
2026-06-26 14:30:00,15281.971428571429
2026-06-26 14:40:00,10697.166666666666
2026-06-26 14:50:00,12440.057142857142
2026-06-26 15:00:00,13753.971428571429
2026-06-26 15:10:00,11582.049999999997
2026-06-26 15:20:00,6955.914285714285
2026-06-26 15:30:00,7029.0428571428565
2026-06-26 15:40:00,8437.800000000001
2026-06-26 15:50:00,9069.471428571429
2026-06-26 16:00:00,9476.842857142856
2026-06-26 16:10:00,6339.75
2026-06-26 16:20:00,6751.942857142857
2026-06-26 16:30:00,6275.471428571428
2026-06-26 16:40:00,5583.166666666667
2026-06-26 16:50:00,4489.114285714285
2026-06-26 17:00:00,3965.942857142857
2026-06-26 17:10:00,3661.4
2026-06-26 17:20:00,2604.7428571428572
2026-06-26 17:30:00,1967.928571428571
2026-06-26 17:40:00,1897.3666666666668
2026-06-26 17:50:00,1450.285714285714
2026-06-26 18:00:00,546.2
2026-06-26 18:10:00,136.56666666666666
2026-06-26 18:20:00,3.4
2026-06-26 18:30:00,0
2026-06-26 18:40:00,0
2026-06-26 18:50:00,0
2026-06-26 19:00:00,0
2026-06-26 19:10:00,0
2026-06-26 19:20:00,0
2026-06-26 19:30:00,0
2026-06-26 19:40:00,0
2026-06-26 19:50:00,0
2026-06-26 20:00:00,0
2026-06-26 20:10:00,0
2026-06-26 20:20:00,0
2026-06-26 20:30:00,0
2026-06-26 20:40:00,0
2026-06-26 20:50:00,0
2026-06-26 21:00:00,0
2026-06-26 21:10:00,0
2026-06-26 21:20:00,0
2026-06-26 21:30:00,0
2026-06-26 21:40:00,0
2026-06-26 21:50:00,0
2026-06-26 22:00:00,0
2026-06-26 22:10:00,0
2026-06-26 22:20:00,0
2026-06-26 22:30:00,0
2026-06-26 22:40:00,0
2026-06-26 22:50:00,0
2026-06-26 23:00:00,0
2026-06-26 23:10:00,0
2026-06-26 23:20:00,0
2026-06-26 23:30:00,0
2026-06-26 23:40:00,0
2026-06-26 23:50:00,0
2026-06-27 00:00:00,0
2026-06-27 00:10:00,0
2026-06-27 00:20:00,0
2026-06-27 00:30:00,0
2026-06-27 00:40:00,0
2026-06-27 00:50:00,0
2026-06-27 01:00:00,0
2026-06-27 01:10:00,0
2026-06-27 01:20:00,0
2026-06-27 01:30:00,0
2026-06-27 01:40:00,0
2026-06-27 01:50:00,0
2026-06-27 02:00:00,0
2026-06-27 02:10:00,0
2026-06-27 02:20:00,0
2026-06-27 02:30:00,0
2026-06-27 02:40:00,0
2026-06-27 02:50:00,0
2026-06-27 03:00:00,0
2026-06-27 03:10:00,0
2026-06-27 03:20:00,0
2026-06-27 03:30:00,0
2026-06-27 03:40:00,0
2026-06-27 03:50:00,0
2026-06-27 04:00:00,0
2026-06-27 04:10:00,0
2026-06-27 04:20:00,0
2026-06-27 04:30:00,0
2026-06-27 04:40:00,0
2026-06-27 04:50:00,0
2026-06-27 05:00:00,0
2026-06-27 05:10:00,10.783333333333333
2026-06-27 05:20:00,83.55714285714285
2026-06-27 05:30:00,251.59999999999997
2026-06-27 05:40:00,445.8333333333333
2026-06-27 05:50:00,699.2
2026-06-27 06:00:00,1042.0142857142857
2026-06-27 06:10:00,1712.7833333333335
2026-06-27 06:20:00,1971.3142857142855
2026-06-27 06:30:00,2880.2999999999997
2026-06-27 06:40:00,2269.383333333333
2026-06-27 06:50:00,5456.8
2026-06-27 07:00:00,8527.271428571428
2026-06-27 07:10:00,4868.533333333333
2026-06-27 07:20:00,3346.942857142857
2026-06-27 07:30:00,6527.085714285715
2026-06-27 07:40:00,11591.733333333335
2026-06-27 07:50:00,9762.814285714285
2026-06-27 08:00:00,9561.9
2026-06-27 08:10:00,11019.716666666665
2026-06-27 08:20:00,15358.142857142855
2026-06-27 08:30:00,9552.385714285716
2026-06-27 08:40:00,9191.533333333333
2026-06-27 08:50:00,12774.914285714285
2026-06-27 09:00:00,15541.557142857142
2026-06-27 09:10:00,15043.116666666663
2026-06-27 09:20:00,15249.114285714286
2026-06-27 09:30:00,15866.871428571429
2026-06-27 09:40:00,19718.45
2026-06-27 09:50:00,19986.375
2026-06-27 10:00:00,19197.557142857146
2026-06-27 10:10:00,19552.866666666665
2026-06-27 10:20:00,19660.799999999996
2026-06-27 10:30:00,20488.08571428571
2026-06-27 10:40:00,20503.333333333332
2026-06-27 10:50:00,21483.12857142857
2026-06-27 11:00:00,21510.757142857143
2026-06-27 11:10:00,16042.349999999999
2026-06-27 11:20:00,18451.342857142856
2026-06-27 11:30:00,16986.62857142857
2026-06-27 11:40:00,21498.25
2026-06-27 11:50:00,21845.3
2026-06-27 12:00:00,19531.757142857143
2026-06-27 12:10:00,19622.05
2026-06-27 12:20:00,14361.285714285714
2026-06-27 12:30:00,16153.185714285715
2026-06-27 12:40:00,16987.100000000002
2026-06-27 12:50:00,21169.157142857148
2026-06-27 13:00:00,19656.785714285714
2026-06-27 13:10:00,17022.916666666668
2026-06-27 13:20:00,16084.685714285715
2026-06-27 13:30:00,16713.514285714286
2026-06-27 13:40:00,16868.45
2026-06-27 13:50:00,17632.971428571425
2026-06-27 14:00:00,16629.342857142856
2026-06-27 14:10:00,17418.233333333334
2026-06-27 14:20:00,17745.1
2026-06-27 14:30:00,16900.928571428572
2026-06-27 14:40:00,15454.566666666668
2026-06-27 14:50:00,15131.128571428571
2026-06-27 15:00:00,12975.842857142858
2026-06-27 15:10:00,11256.633333333333
2026-06-27 15:20:00,10327.742857142857
2026-06-27 15:30:00,10392.57142857143
2026-06-27 15:40:00,10593.6
2026-06-27 15:50:00,10064.471428571429
2026-06-27 16:00:00,8990.814285714285
2026-06-27 16:10:00,5357.349999999999
2026-06-27 16:20:00,4265.171428571429
2026-06-27 16:30:00,3782.242857142857
2026-06-27 16:40:00,3168.9666666666667
2026-06-27 16:50:00,2950.3571428571427
2026-06-27 17:00:00,2395.528571428571
2026-06-27 17:10:00,2094.92
2026-06-27 17:20:00,1754.7399999999998
2026-06-27 17:30:00,1470.5571428571427
2026-06-27 17:40:00,993.1333333333336
2026-06-27 17:50:00,553.5857142857143
2026-06-27 18:00:00,236.54285714285717
2026-06-27 18:10:00,76.35000000000001
2026-06-27 18:20:00,10.457142857142857
2026-06-27 18:30:00,0
2026-06-27 18:40:00,0
2026-06-27 18:50:00,0
2026-06-27 19:00:00,0
2026-06-27 19:10:00,0
2026-06-27 19:20:00,0
2026-06-27 19:30:00,0
2026-06-27 19:40:00,0
2026-06-27 19:50:00,0
2026-06-27 20:00:00,0
2026-06-27 20:10:00,0
2026-06-27 20:20:00,0
2026-06-27 20:30:00,0
2026-06-27 20:40:00,0
2026-06-27 20:50:00,0
2026-06-27 21:00:00,0
2026-06-27 21:10:00,0
2026-06-27 21:20:00,0
2026-06-27 21:30:00,0
2026-06-27 21:40:00,0
2026-06-27 21:50:00,0
2026-06-27 22:00:00,0
2026-06-27 22:10:00,0
2026-06-27 22:20:00,0
2026-06-27 22:30:00,0
2026-06-27 22:40:00,0
2026-06-27 22:50:00,0
2026-06-27 23:00:00,0
2026-06-27 23:10:00,0
2026-06-27 23:20:00,0
2026-06-27 23:30:00,0
2026-06-27 23:40:00,0
2026-06-27 23:50:00,0
2026-06-28 00:00:00,0
2026-06-28 00:10:00,0
2026-06-28 00:20:00,0
2026-06-28 00:30:00,0
2026-06-28 00:40:00,0
2026-06-28 00:50:00,0
2026-06-28 01:00:00,0
2026-06-28 01:10:00,0
2026-06-28 01:20:00,0
2026-06-28 01:30:00,0
2026-06-28 01:40:00,0
2026-06-28 01:50:00,0
2026-06-28 02:00:00,0
2026-06-28 02:10:00,0
2026-06-28 02:20:00,0
2026-06-28 02:30:00,0
2026-06-28 02:40:00,0
2026-06-28 02:50:00,0
2026-06-28 03:00:00,0
2026-06-28 03:10:00,0
2026-06-28 03:20:00,0
2026-06-28 03:30:00,0
2026-06-28 03:40:00,0
2026-06-28 03:50:00,0
2026-06-28 04:00:00,0
2026-06-28 04:10:00,0
2026-06-28 04:20:00,0
2026-06-28 04:30:00,0
2026-06-28 04:40:00,0
2026-06-28 04:50:00,0
2026-06-28 05:00:00,0.31428571428571433
2026-06-28 05:10:00,16.150000000000002
2026-06-28 05:20:00,118.58571428571427
2026-06-28 05:30:00,374.4714285714286
2026-06-28 05:40:00,728.2833333333333
2026-06-28 05:50:00,1125.5714285714287
2026-06-28 06:00:00,1564.5857142857142
2026-06-28 06:10:00,1959
2026-06-28 06:20:00,2280.9571428571426
2026-06-28 06:30:00,2771.871428571429
2026-06-28 06:40:00,3815.5333333333333
2026-06-28 06:50:00,6592.2
2026-06-28 07:00:00,7971.528571428571
2026-06-28 07:10:00,8553.2
2026-06-28 07:20:00,9572.971428571429
2026-06-28 07:30:00,10247.257142857141
2026-06-28 07:40:00,11431.166666666666
2026-06-28 07:50:00,12273.871428571429
2026-06-28 08:00:00,12869.625
2026-06-28 08:10:00,13670.816666666666
2026-06-28 08:20:00,14609.2
2026-06-28 08:30:00,15243.257142857141
2026-06-28 08:40:00,15663.166666666664
2026-06-28 08:50:00,16280.042857142858
2026-06-28 09:00:00,16861.585714285717
2026-06-28 09:10:00,17402.13333333333
2026-06-28 09:20:00,17792.414285714283
2026-06-28 09:30:00,18852.257142857143
2026-06-28 09:40:00,18950.383333333335
2026-06-28 09:50:00,19278.028571428575
2026-06-28 10:00:00,19701.057142857142
2026-06-28 10:10:00,20002.666666666668
2026-06-28 10:20:00,20283.485714285714
2026-06-28 10:30:00,20852.114285714284
2026-06-28 10:40:00,21025.916666666668
2026-06-28 10:50:00,21038.285714285714
2026-06-28 11:00:00,20977.77142857143
2026-06-28 11:10:00,20962.816666666666
2026-06-28 11:20:00,21621.04285714286
2026-06-28 11:30:00,21064.071428571428
2026-06-28 11:40:00,21492.516666666666
2026-06-28 11:50:00,21664.68571428571
2026-06-28 12:00:00,21077.3
2026-06-28 12:10:00,20930.2
2026-06-28 12:20:00,21039.214285714286
2026-06-28 12:30:00,20821.41428571429
2026-06-28 12:40:00,20578.61666666667
2026-06-28 12:50:00,20590.37142857143
2026-06-28 13:00:00,20210.7
2026-06-28 13:10:00,19701.25
2026-06-28 13:20:00,19403.385714285712
2026-06-28 13:30:00,18996.014285714286
2026-06-28 13:40:00,18802.733333333337
2026-06-28 13:50:00,17373.7
2026-06-28 14:00:00,17405.04285714286
2026-06-28 14:10:00,16984.583333333332
2026-06-28 14:20:00,16530.128571428573
2026-06-28 14:30:00,15849.671428571428
2026-06-28 14:40:00,15141.683333333334
2026-06-28 14:50:00,14505.057142857144
2026-06-28 15:00:00,13022.514285714284
2026-06-28 15:10:00,10340.199999999999
2026-06-28 15:20:00,11684.971428571427
2026-06-28 15:30:00,9167.175
2026-06-28 15:40:00,7876.549999999999
2026-06-28 15:50:00,8426.485714285713
2026-06-28 16:00:00,7751.571428571428
2026-06-28 16:10:00,3689.0000000000005
2026-06-28 16:20:00,3079.716666666667
2026-06-28 16:30:00,2815.7999999999997
2026-06-28 16:40:00,2652.883333333333
2026-06-28 16:50:00,2434.871428571428
2026-06-28 17:00:00,2214.5857142857144
2026-06-28 17:10:00,1987.3333333333333
2026-06-28 17:20:00,1688.3857142857141
2026-06-28 17:30:00,1361.8285714285716
2026-06-28 17:40:00,1047.6000000000001
2026-06-28 17:50:00,678.9142857142858
2026-06-28 18:00:00,318.57142857142856
2026-06-28 18:10:00,97.13333333333333
2026-06-28 18:20:00,11.37142857142857
2026-06-28 18:30:00,0
2026-06-28 18:40:00,0
2026-06-28 18:50:00,0
2026-06-28 19:00:00,0
2026-06-28 19:10:00,0
2026-06-28 19:20:00,0
2026-06-28 19:30:00,0
2026-06-28 19:40:00,0
2026-06-28 19:50:00,0
2026-06-28 20:00:00,0
2026-06-28 20:10:00,0
2026-06-28 20:20:00,0
2026-06-28 20:30:00,0
2026-06-28 20:40:00,0
2026-06-28 20:50:00,0
2026-06-28 21:00:00,0
2026-06-28 21:10:00,0
2026-06-28 21:20:00,0
2026-06-28 21:30:00,0
2026-06-28 21:40:00,0
2026-06-28 21:50:00,0
2026-06-28 22:00:00,0
2026-06-28 22:10:00,0
2026-06-28 22:20:00,0
2026-06-28 22:30:00,0
2026-06-28 22:40:00,0
2026-06-28 22:50:00,0
2026-06-28 23:00:00,0
2026-06-28 23:10:00,0
2026-06-28 23:20:00,0
2026-06-28 23:30:00,0
2026-06-28 23:40:00,0
2026-06-28 23:50:00,0
2026-06-29 00:00:00,0
2026-06-29 00:10:00,0
2026-06-29 00:20:00,0
2026-06-29 00:30:00,0
2026-06-29 00:40:00,0
2026-06-29 00:50:00,0
2026-06-29 01:00:00,0
2026-06-29 01:10:00,0
2026-06-29 01:20:00,0
2026-06-29 01:30:00,0
2026-06-29 01:40:00,0
2026-06-29 01:50:00,0
2026-06-29 02:00:00,0
2026-06-29 02:10:00,0
2026-06-29 02:20:00,0
2026-06-29 02:30:00,0
2026-06-29 02:40:00,0
2026-06-29 02:50:00,0
2026-06-29 03:00:00,0
2026-06-29 03:10:00,0
2026-06-29 03:20:00,0
2026-06-29 03:30:00,0
2026-06-29 03:40:00,0
2026-06-29 03:50:00,0
2026-06-29 04:00:00,0
2026-06-29 04:10:00,0
2026-06-29 04:20:00,0
2026-06-29 04:30:00,0
2026-06-29 04:40:00,0
2026-06-29 04:50:00,0
2026-06-29 05:00:00,0.31428571428571433
2026-06-29 05:10:00,12.200000000000001
2026-06-29 05:20:00,80.5
2026-06-29 05:30:00,264.1857142857143
2026-06-29 05:40:00,621.4833333333332
2026-06-29 05:50:00,1088.7142857142858
2026-06-29 06:00:00,1487.1571428571426
2026-06-29 06:10:00,1893.6399999999999
2026-06-29 06:20:00,2509.96
2026-06-29 06:30:00,3180.7571428571428
2026-06-29 06:40:00,4110.833333333333
2026-06-29 06:50:00,6194.385714285714
2026-06-29 07:00:00,8851.985714285714
2026-06-29 07:10:00,9267.15
2026-06-29 07:20:00,9741.642857142857
2026-06-29 07:30:00,7750.0428571428565
2026-06-29 07:40:00,7891.599999999999
2026-06-29 07:50:00,7908.8714285714295
2026-06-29 08:00:00,10527.114285714286
2026-06-29 08:10:00,13679.066666666668
2026-06-29 08:20:00,12466.77142857143
2026-06-29 08:30:00,14062.1
2026-06-29 08:40:00,14516.266666666663
2026-06-29 08:50:00,16253.449999999999
2026-06-29 09:00:00,16823.5
2026-06-29 09:10:00,18331.81666666667
2026-06-29 09:20:00,17231.128571428573
2026-06-29 09:30:00,14438.371428571429
2026-06-29 09:40:00,17507.46666666667
2026-06-29 09:50:00,16801.071428571428
2026-06-29 10:00:00,19778.157142857144
2026-06-29 10:10:00,20094.399999999998
2026-06-29 10:20:00,20868.4
2026-06-29 10:30:00,21387.257142857143
2026-06-29 10:40:00,20869.983333333334
2026-06-29 10:50:00,21528.242857142857
2026-06-29 11:00:00,21142.728571428568
2026-06-29 11:10:00,21123.75
2026-06-29 11:20:00,17260.34285714286
2026-06-29 11:30:00,21010.014285714286
2026-06-29 11:40:00,19143.21666666667
2026-06-29 11:50:00,20089.342857142856
2026-06-29 12:00:00,18753.64285714286
2026-06-29 12:10:00,22297.13333333333
2026-06-29 12:20:00,22036.67142857143
2026-06-29 12:30:00,21795.828571428574
2026-06-29 12:40:00,21125.166666666668
2026-06-29 12:50:00,21089.27142857143
2026-06-29 13:00:00,21297.85714285714
2026-06-29 13:10:00,20913
2026-06-29 13:20:00,20314.214285714286
2026-06-29 13:30:00,19510.899999999998
2026-06-29 13:40:00,17732.2
2026-06-29 13:50:00,18250.14285714286
2026-06-29 14:00:00,18827.071428571428
2026-06-29 14:10:00,17705.316666666666
2026-06-29 14:20:00,17182.942857142858
2026-06-29 14:30:00,14922.542857142858
2026-06-29 14:40:00,8615.566666666668
2026-06-29 14:50:00,8274.742857142857
2026-06-29 15:00:00,10030.399999999998
2026-06-29 15:10:00,9208.733333333334
2026-06-29 15:20:00,10429.128571428571
2026-06-29 15:30:00,9127.857142857143
2026-06-29 15:40:00,2684.066666666666
2026-06-29 15:50:00,4266.685714285714
2026-06-29 16:00:00,3397
2026-06-29 16:10:00,3286.183333333334
2026-06-29 16:20:00,3211.471428571429
2026-06-29 16:30:00,3055.3857142857137
2026-06-29 16:40:00,3723.4166666666665
2026-06-29 16:50:00,2786.9285714285716
2026-06-29 17:00:00,2185.4
2026-06-29 17:10:00,2136.05
2026-06-29 17:20:00,1725.542857142857
2026-06-29 17:30:00,1371.6571428571428
2026-06-29 17:40:00,1049.3999999999999
2026-06-29 17:50:00,660.7857142857144
2026-06-29 18:00:00,298.2857142857143
2026-06-29 18:10:00,74.91666666666666
2026-06-29 18:20:00,9.542857142857143
2026-06-29 18:30:00,0
2026-06-29 18:40:00,0
2026-06-29 18:50:00,0
2026-06-29 19:00:00,0
2026-06-29 19:10:00,0
2026-06-29 19:20:00,0
2026-06-29 19:30:00,0
2026-06-29 19:40:00,0
2026-06-29 19:50:00,0
2026-06-29 20:00:00,0
2026-06-29 20:10:00,0
2026-06-29 20:20:00,0
2026-06-29 20:30:00,0
2026-06-29 20:40:00,0
2026-06-29 20:50:00,0
2026-06-29 21:00:00,0
2026-06-29 21:10:00,0
2026-06-29 21:20:00,0
2026-06-29 21:30:00,0
2026-06-29 21:40:00,0
2026-06-29 21:50:00,0
2026-06-29 22:00:00,0
2026-06-29 22:10:00,0
2026-06-29 22:20:00,0
2026-06-29 22:30:00,0
2026-06-29 22:40:00,0
2026-06-29 22:50:00,0
2026-06-29 23:00:00,0
2026-06-29 23:10:00,0
2026-06-29 23:20:00,0
2026-06-29 23:30:00,0
2026-06-29 23:40:00,0
2026-06-29 23:50:00,0
2026-06-30 00:00:00,0
2026-06-30 00:10:00,0
2026-06-30 00:20:00,0
2026-06-30 00:30:00,0
2026-06-30 00:40:00,0
2026-06-30 00:50:00,0
2026-06-30 01:00:00,0
2026-06-30 01:10:00,0
2026-06-30 01:20:00,0
2026-06-30 01:30:00,0
2026-06-30 01:40:00,0
2026-06-30 01:50:00,0
2026-06-30 02:00:00,0
2026-06-30 02:10:00,0
2026-06-30 02:20:00,0
2026-06-30 02:30:00,0
2026-06-30 02:40:00,0
2026-06-30 02:50:00,0
2026-06-30 03:00:00,0
2026-06-30 03:10:00,0
2026-06-30 03:20:00,0
2026-06-30 03:30:00,0
2026-06-30 03:40:00,0
2026-06-30 03:50:00,0
2026-06-30 04:00:00,0
2026-06-30 04:10:00,0
2026-06-30 04:20:00,0
2026-06-30 04:30:00,0
2026-06-30 04:40:00,0
2026-06-30 04:50:00,0
2026-06-30 05:00:00,0
2026-06-30 05:10:00,11.5
2026-06-30 05:20:00,87.57142857142857
2026-06-30 05:30:00,242.07142857142858
2026-06-30 05:40:00,468.7833333333333
2026-06-30 05:50:00,779.0571428571428
2026-06-30 06:00:00,1098.242857142857
2026-06-30 06:10:00,1679.466666666667
2026-06-30 06:20:00,2371.8857142857146
2026-06-30 06:30:00,2877.8428571428567
2026-06-30 06:40:00,2803.033333333333
2026-06-30 06:50:00,2955.8857142857146
2026-06-30 07:00:00,4482.971428571428
2026-06-30 07:10:00,5169.55
2026-06-30 07:20:00,6040.157142857143
2026-06-30 07:30:00,5009.185714285714
2026-06-30 07:40:00,3770.716666666667
2026-06-30 07:50:00,4298.042857142857
2026-06-30 08:00:00,4323.5428571428565
2026-06-30 08:10:00,6058.400000000001
2026-06-30 08:20:00,9138.285714285714
2026-06-30 08:30:00,10277.685714285715
2026-06-30 08:40:00,14987.583333333334
2026-06-30 08:50:00,15620.800000000001
2026-06-30 09:00:00,17526.057142857146
2026-06-30 09:10:00,12051.550000000001
2026-06-30 09:20:00,14576.028571428573
2026-06-30 09:30:00,17718.985714285714
2026-06-30 09:40:00,19653.933333333334
2026-06-30 09:50:00,14308.442857142856
2026-06-30 10:00:00,17655.414285714283
2026-06-30 10:10:00,13436.416666666666
2026-06-30 10:20:00,21540.85714285714
2026-06-30 10:30:00,14252.242857142859
2026-06-30 10:40:00,20897.216666666664
2026-06-30 10:50:00,17473.22857142857
2026-06-30 11:00:00,20948.899999999998
2026-06-30 11:10:00,21167.81666666667
2026-06-30 11:20:00,21163.314285714285
2026-06-30 11:30:00,18882.37142857143
2026-06-30 11:40:00,16527.61666666667
2026-06-30 11:50:00,18741.8
2026-06-30 12:00:00,21142.414285714283
2026-06-30 12:10:00,17951.183333333334
2026-06-30 12:20:00,20945.81428571429
2026-06-30 12:30:00,16820.428571428572
2026-06-30 12:40:00,12796.683333333332
2026-06-30 12:50:00,14726.871428571427
2026-06-30 13:00:00,13098.414285714285
2026-06-30 13:10:00,11786.333333333334
2026-06-30 13:20:00,13604.057142857144
2026-06-30 13:30:00,13555.52857142857
2026-06-30 13:40:00,15572.133333333331
2026-06-30 13:50:00,15008.257142857145
2026-06-30 14:00:00,18592.971428571433
2026-06-30 14:10:00,15755.283333333335
2026-06-30 14:20:00,17568.157142857144
2026-06-30 14:30:00,16724.885714285716
2026-06-30 14:40:00,15895.016666666668
2026-06-30 14:50:00,15203.314285714287
2026-06-30 15:00:00,13800.657142857144
2026-06-30 15:10:00,12415.333333333334
2026-06-30 15:20:00,11344.885714285714
2026-06-30 15:30:00,10000.285714285714
2026-06-30 15:40:00,6449.400000000001
2026-06-30 15:50:00,6292.3714285714295
2026-06-30 16:00:00,4850.057142857142
2026-06-30 16:10:00,4193.283333333334
2026-06-30 16:20:00,4018.1714285714284
2026-06-30 16:30:00,3923.5571428571425
2026-06-30 16:40:00,3408.7500000000005
2026-06-30 16:50:00,3201.328571428571
2026-06-30 17:00:00,2431.1857142857148
2026-06-30 17:10:00,1874.0833333333333
2026-06-30 17:20:00,1609.1
2026-06-30 17:30:00,1363.0428571428572
2026-06-30 17:40:00,991.6999999999999
2026-06-30 17:50:00,577.2142857142858
2026-06-30 18:00:00,243.31428571428575
2026-06-30 18:10:00,67.03333333333333
2026-06-30 18:20:00,9.242857142857144
2026-06-30 18:30:00,0
2026-06-30 18:40:00,0
2026-06-30 18:50:00,0
2026-06-30 19:00:00,0
2026-06-30 19:10:00,0
2026-06-30 19:20:00,0
2026-06-30 19:30:00,0
2026-06-30 19:40:00,0
2026-06-30 19:50:00,0
2026-06-30 20:00:00,0
2026-06-30 20:10:00,0
2026-06-30 20:20:00,0
2026-06-30 20:30:00,0
2026-06-30 20:40:00,0
2026-06-30 20:50:00,0
2026-06-30 21:00:00,0
2026-06-30 21:10:00,0
2026-06-30 21:20:00,0
2026-06-30 21:30:00,0
2026-06-30 21:40:00,0
2026-06-30 21:50:00,0
2026-06-30 22:00:00,0
2026-06-30 22:10:00,0
2026-06-30 22:20:00,0
2026-06-30 22:30:00,0
2026-06-30 22:40:00,0
2026-06-30 22:50:00,0
2026-06-30 23:00:00,0
2026-06-30 23:10:00,0
2026-06-30 23:20:00,0
2026-06-30 23:30:00,0
2026-06-30 23:40:00,0
2026-06-30 23:50:00,0
2026-07-01 00:00:00,0
2026-07-01 00:10:00,0
2026-07-01 00:20:00,0
2026-07-01 00:30:00,0
2026-07-01 00:40:00,0
2026-07-01 00:50:00,0
2026-07-01 01:00:00,0
2026-07-01 01:10:00,0
2026-07-01 01:20:00,0
2026-07-01 01:30:00,0
2026-07-01 01:40:00,0
2026-07-01 01:50:00,0
2026-07-01 02:00:00,0
2026-07-01 02:10:00,0
2026-07-01 02:20:00,0
2026-07-01 02:30:00,0
2026-07-01 02:40:00,0
2026-07-01 02:50:00,0
2026-07-01 03:00:00,0
2026-07-01 03:10:00,0
2026-07-01 03:20:00,0
2026-07-01 03:30:00,0
2026-07-01 03:40:00,0
2026-07-01 03:50:00,0
2026-07-01 04:00:00,0
2026-07-01 04:10:00,0
2026-07-01 04:20:00,0
2026-07-01 04:30:00,0
2026-07-01 04:40:00,0
2026-07-01 04:50:00,0
2026-07-01 05:00:00,0
2026-07-01 05:10:00,6.116666666666667
2026-07-01 05:20:00,53.48571428571428
2026-07-01 05:30:00,194.7428571428571
2026-07-01 05:40:00,428.2833333333333
2026-07-01 05:50:00,716.0857142857142
2026-07-01 06:00:00,944.0428571428571
2026-07-01 06:10:00,1336.8500000000001
2026-07-01 06:20:00,2054.557142857143
2026-07-01 06:30:00,1552.6000000000001
2026-07-01 06:40:00,2422.0499999999997
2026-07-01 06:50:00,3161.1
2026-07-01 07:00:00,3981.0142857142855
2026-07-01 07:10:00,5649.816666666667
2026-07-01 07:20:00,6926.975
2026-07-01 07:30:00,6772.542857142857
2026-07-01 07:40:00,7698.428571428572
2026-07-01 07:50:00,8423.85
2026-07-01 08:00:00,12470.785714285714
2026-07-01 08:10:00,8560.714285714284
2026-07-01 08:20:00,11537.949999999999
2026-07-01 08:30:00,14275.885714285716
2026-07-01 08:40:00,13703.27142857143
2026-07-01 08:50:00,17643.3
2026-07-01 09:00:00,15602.085714285711
2026-07-01 09:10:00,17252.028571428567
2026-07-01 09:20:00,17263.766666666666
2026-07-01 09:30:00,11498.550000000001
2026-07-01 11:20:00,18875.133333333335
2026-07-01 11:30:00,21556.828571428574
2026-07-01 11:40:00,20440.649999999998
2026-07-01 11:50:00,20900.671428571426
2026-07-01 12:00:00,18938.56666666667
2026-07-01 12:10:00,22239.128571428573
2026-07-01 12:20:00,21832.385714285712
2026-07-01 12:30:00,21631.800000000007
2026-07-01 12:40:00,16673.850000000002
2026-07-01 12:50:00,14143.185714285715
2026-07-01 13:00:00,11902.77142857143
2026-07-01 13:10:00,16212.933333333334
2026-07-01 13:20:00,20375.957142857143
2026-07-01 13:30:00,19694.433333333334
2026-07-01 13:40:00,19471.87142857143
2026-07-01 13:50:00,18651.042857142857
2026-07-01 14:00:00,18436.81666666667
2026-07-01 14:10:00,18180.4
2026-07-01 14:20:00,17238.514285714286
2026-07-01 14:30:00,16973.466666666664
2026-07-01 14:40:00,17281.22857142857
2026-07-01 14:50:00,16696.028571428567
2026-07-01 15:00:00,12194.183333333334
2026-07-01 15:10:00,8481.785714285714
2026-07-01 15:20:00,12781.371428571429
2026-07-01 15:30:00,14400.166666666666
2026-07-01 15:40:00,10708.685714285715
2026-07-01 15:50:00,10042.371428571427
2026-07-01 16:00:00,7840.7
2026-07-01 16:10:00,5719.757142857144
2026-07-01 16:20:00,3906.057142857143
2026-07-01 16:30:00,3233.133333333333
2026-07-01 16:40:00,2501.8428571428567
2026-07-01 16:50:00,1879.4285714285713
2026-07-01 17:00:00,1978.3666666666668
2026-07-01 17:10:00,2069.9285714285716
2026-07-01 17:20:00,1738.7714285714283
2026-07-01 17:30:00,1303.8666666666668
2026-07-01 17:40:00,863.5285714285716
2026-07-01 17:50:00,460.5142857142857
2026-07-01 18:00:00,211.1
2026-07-01 18:10:00,56.82857142857143
2026-07-01 18:20:00,4
2026-07-01 18:30:00,0
2026-07-01 18:40:00,0
2026-07-01 18:50:00,0
2026-07-01 19:00:00,0
2026-07-01 19:10:00,0
2026-07-01 19:20:00,0
2026-07-01 19:30:00,0
2026-07-01 19:40:00,0
2026-07-01 19:50:00,0
2026-07-01 20:00:00,0
2026-07-01 20:10:00,0
2026-07-01 20:20:00,0
2026-07-01 20:30:00,0
2026-07-01 20:40:00,0
2026-07-01 20:50:00,0
2026-07-01 21:00:00,0
2026-07-01 21:10:00,0
2026-07-01 21:20:00,0
2026-07-01 21:30:00,0
2026-07-01 21:40:00,0
2026-07-01 21:50:00,0
2026-07-01 22:00:00,0
2026-07-01 22:10:00,0
2026-07-01 22:20:00,0
2026-07-01 22:30:00,0
2026-07-01 22:40:00,0
2026-07-01 22:50:00,0
2026-07-01 23:00:00,0
2026-07-01 23:10:00,0
2026-07-01 23:20:00,0
2026-07-01 23:30:00,0
2026-07-01 23:40:00,0
2026-07-01 23:50:00,0
2026-07-02 00:00:00,0
2026-07-02 00:10:00,0
2026-07-02 00:20:00,0
2026-07-02 00:30:00,0
2026-07-02 00:40:00,0
2026-07-02 00:50:00,0
2026-07-02 01:00:00,0
2026-07-02 01:10:00,0
2026-07-02 01:20:00,0
2026-07-02 01:30:00,0
2026-07-02 01:40:00,0
2026-07-02 01:50:00,0
2026-07-02 02:00:00,0
2026-07-02 02:10:00,0
2026-07-02 02:20:00,0
2026-07-02 02:30:00,0
2026-07-02 02:40:00,0
2026-07-02 02:50:00,0
2026-07-02 03:00:00,0
2026-07-02 03:10:00,0
2026-07-02 03:20:00,0
2026-07-02 03:30:00,0
2026-07-02 03:40:00,0
2026-07-02 03:50:00,0
2026-07-02 04:00:00,0
2026-07-02 04:10:00,0
2026-07-02 04:20:00,0
2026-07-02 04:30:00,0
2026-07-02 04:40:00,0
2026-07-02 04:50:00,0
2026-07-02 05:00:00,0
2026-07-02 05:10:00,4.942857142857143
2026-07-02 05:20:00,50.385714285714286
2026-07-02 05:30:00,182.0666666666667
2026-07-02 05:40:00,576.9142857142857
2026-07-02 05:50:00,982.7285714285715
2026-07-02 06:00:00,1115.3500000000001
2026-07-02 06:10:00,1339.7
2026-07-02 06:20:00,1513.2714285714285
2026-07-02 06:30:00,3137.4166666666665
2026-07-02 06:40:00,3670.7571428571423
2026-07-02 06:50:00,2930.985714285714
2026-07-02 07:00:00,4573.183333333333
2026-07-02 07:10:00,6932.885714285715
2026-07-02 07:20:00,7948.800000000001
2026-07-02 07:30:00,8818.433333333332
2026-07-02 07:40:00,8689.457142857142
2026-07-02 07:50:00,8973.628571428571
2026-07-02 08:00:00,7571.55
2026-07-02 08:10:00,6973.742857142856
2026-07-02 08:20:00,7212.1285714285705
2026-07-02 08:30:00,9162.483333333332
2026-07-02 08:40:00,10200.871428571429
2026-07-02 08:50:00,10920.357142857143
2026-07-02 09:00:00,13117.066666666666
2026-07-02 09:10:00,14326.57142857143
2026-07-02 09:20:00,14979.683333333332
2026-07-02 09:30:00,13277.439999999999
2026-07-02 09:40:00,14860.016666666668
2026-07-02 09:50:00,9831.614285714286
2026-07-02 10:00:00,7199.857142857142
2026-07-02 10:10:00,3254.633333333333
2026-07-02 10:20:00,1534.1571428571428
2026-07-02 10:30:00,1980.2000000000003
2026-07-02 10:40:00,1990.8999999999996
2026-07-02 10:50:00,1657.9571428571428
2026-07-02 11:00:00,1646.2857142857142
2026-07-02 11:10:00,1975.1499999999999
2026-07-02 11:20:00,2358.6857142857143
2026-07-02 11:30:00,3028.0714285714284
2026-07-02 11:40:00,3863.566666666667
2026-07-02 11:50:00,5133
2026-07-02 12:00:00,6040.466666666667
2026-07-02 12:10:00,6313.285714285715
2026-07-02 12:20:00,7188.771428571429
2026-07-02 12:30:00,6935.033333333333
2026-07-02 12:40:00,6227.571428571428
2026-07-02 12:50:00,6145.228571428571
2026-07-02 13:00:00,5112.583333333333
2026-07-02 13:10:00,5533.9
2026-07-02 13:20:00,5354.471428571429
2026-07-02 13:30:00,4888.233333333334
2026-07-02 13:40:00,4125.400000000001
2026-07-02 13:50:00,3454.7571428571428
2026-07-02 14:00:00,3526.2833333333333
2026-07-02 14:10:00,3670.128571428571
2026-07-02 14:20:00,3843.9999999999995
2026-07-02 14:30:00,3459.633333333333
2026-07-02 14:40:00,2819.4714285714285
2026-07-02 14:50:00,2436.714285714286
2026-07-02 15:00:00,2806.616666666667
2026-07-02 15:10:00,4719.214285714285
2026-07-02 15:20:00,5705.928571428572
2026-07-02 15:30:00,5308.633333333334
2026-07-02 15:40:00,4715.828571428572
2026-07-02 15:50:00,4818.757142857144
2026-07-02 16:00:00,4617.983333333334
2026-07-02 16:10:00,3879.3142857142857
2026-07-02 16:20:00,3455.371428571428
2026-07-02 16:30:00,2811.2999999999997
2026-07-02 16:40:00,2105.2428571428572
2026-07-02 16:50:00,1532.7
2026-07-02 17:00:00,1584.5285714285715
2026-07-02 17:10:00,1398.1333333333334
2026-07-02 17:20:00,900.4142857142857
2026-07-02 17:30:00,530.8428571428572
2026-07-02 17:40:00,342.65000000000003
2026-07-02 17:50:00,211.95714285714286
2026-07-02 18:00:00,65.75714285714285
2026-07-02 18:10:00,17.95
2026-07-02 18:20:00,1.8571428571428572
2026-07-02 18:30:00,0
2026-07-02 18:40:00,0
2026-07-02 18:50:00,0
2026-07-02 19:00:00,0
2026-07-02 19:10:00,0
2026-07-02 19:20:00,0
2026-07-02 19:30:00,0
2026-07-02 19:40:00,0
2026-07-02 19:50:00,0
2026-07-02 20:00:00,0
2026-07-02 20:10:00,0
2026-07-02 20:20:00,0
2026-07-02 20:30:00,0
2026-07-02 20:40:00,0
2026-07-02 20:50:00,0
2026-07-02 21:00:00,0
2026-07-02 21:10:00,0
2026-07-02 21:20:00,0
2026-07-02 21:30:00,0
2026-07-02 21:40:00,0
2026-07-02 21:50:00,0
2026-07-02 22:00:00,0
2026-07-02 22:10:00,0
2026-07-02 22:20:00,0
2026-07-02 22:30:00,0
2026-07-02 22:40:00,0
2026-07-02 22:50:00,0
2026-07-02 23:00:00,0
2026-07-02 23:10:00,0
2026-07-02 23:20:00,0
2026-07-02 23:30:00,0
2026-07-02 23:40:00,0
2026-07-02 23:50:00,0
2026-07-03 00:00:00,0
2026-07-03 00:10:00,0
2026-07-03 00:20:00,0
2026-07-03 00:30:00,0
2026-07-03 00:40:00,0
2026-07-03 00:50:00,0
2026-07-03 01:00:00,0
2026-07-03 01:10:00,0
2026-07-03 01:20:00,0
2026-07-03 01:30:00,0
2026-07-03 01:40:00,0
2026-07-03 01:50:00,0
2026-07-03 02:00:00,0
2026-07-03 02:10:00,0
2026-07-03 02:20:00,0
2026-07-03 02:30:00,0
2026-07-03 02:40:00,0
2026-07-03 02:50:00,0
2026-07-03 03:00:00,0
2026-07-03 03:10:00,0
2026-07-03 03:20:00,0
2026-07-03 03:30:00,0
2026-07-03 03:40:00,0
2026-07-03 03:50:00,0
2026-07-03 04:00:00,0
2026-07-03 04:10:00,0
2026-07-03 04:20:00,0
2026-07-03 04:30:00,0
2026-07-03 04:40:00,0
2026-07-03 04:50:00,0
2026-07-03 05:00:00,0
2026-07-03 05:10:00,0.6285714285714287
2026-07-03 05:20:00,21.514285714285712
2026-07-03 05:30:00,70.61666666666666
2026-07-03 05:40:00,241.15714285714284
2026-07-03 05:50:00,344.43333333333334
2026-07-03 06:00:00,616.0833333333334
2026-07-03 06:10:00,1037.1
2026-07-03 06:20:00,2031.8285714285714
2026-07-03 06:30:00,2750.0166666666664
2026-07-03 06:40:00,3999.742857142857
2026-07-03 06:50:00,3646.157142857143
2026-07-03 07:00:00,3437.3999999999996
2026-07-03 07:10:00,4064.557142857143
2026-07-03 07:20:00,5231.300000000001
2026-07-03 07:30:00,5995.316666666667
2026-07-03 07:40:00,5958.750000000001
2026-07-03 07:50:00,6129.857142857143
2026-07-03 08:00:00,5701.0142857142855
2026-07-03 08:10:00,7505.249999999999
2026-07-03 08:20:00,7849.257142857144
2026-07-03 08:30:00,9081.128571428571
2026-07-03 08:40:00,10846.283333333333
2026-07-03 08:50:00,11597.128571428573
2026-07-03 09:00:00,11000.016666666668
2026-07-03 09:10:00,11402.5
2026-07-03 09:20:00,12977.342857142856
2026-07-03 09:30:00,11740.557142857144
2026-07-03 09:40:00,10811.499999999998
2026-07-03 09:50:00,10722.82857142857
2026-07-03 10:00:00,11883.72857142857
2026-07-03 10:10:00,13028.549999999997
2026-07-03 10:20:00,14109.699999999999
2026-07-03 10:30:00,15283.199999999999
2026-07-03 10:40:00,14066.116666666663
2026-07-03 10:50:00,14608.57142857143
2026-07-03 11:00:00,13339.857142857141
2026-07-03 11:10:00,19803.05
2026-07-03 11:20:00,17386.3
2026-07-03 11:30:00,14047.028571428571
2026-07-03 11:40:00,17033.3
2026-07-03 11:50:00,17551.257142857143
2026-07-03 12:00:00,12597.357142857143
2026-07-03 12:10:00,21317.266666666666
2026-07-03 12:20:00,17969.342857142856
2026-07-03 12:30:00,16696.32857142857
2026-07-03 12:40:00,14367.199999999999
2026-07-03 12:50:00,18659.014285714286
2026-07-03 13:00:00,14534.242857142857
2026-07-03 13:10:00,15660.633333333331
2026-07-03 13:20:00,15865.02857142857
2026-07-03 13:30:00,14857.1
2026-07-03 13:40:00,10113.683333333334
2026-07-03 13:50:00,7205.9857142857145
2026-07-03 14:00:00,5592.285714285716
2026-07-03 14:10:00,4469.983333333333
2026-07-03 14:20:00,3201.942857142857
2026-07-03 14:30:00,2902.1142857142854
2026-07-03 14:40:00,3104.1000000000004
2026-07-03 14:50:00,3383.185714285714
2026-07-03 15:00:00,3669.5285714285715
2026-07-03 15:10:00,2819.1666666666665
2026-07-03 15:20:00,2864.6428571428573
2026-07-03 15:30:00,3223.757142857143
2026-07-03 15:40:00,3434.9166666666674
2026-07-03 15:50:00,3186.2857142857138
2026-07-03 16:00:00,4360.685714285713
2026-07-03 16:10:00,2941.0333333333333
2026-07-03 16:20:00,2186.6428571428573
2026-07-03 16:30:00,1978.3750000000002
2026-07-03 16:40:00,1681.3
2026-07-03 16:50:00,1605.9833333333333
2026-07-03 17:00:00,1125.5714285714287
2026-07-03 17:10:00,628.6166666666667
2026-07-03 17:20:00,393.2285714285714
2026-07-03 17:30:00,531.7571428571429
2026-07-03 17:40:00,582.7666666666665
2026-07-03 17:50:00,286.92857142857144
2026-07-03 18:00:00,81.12857142857142
2026-07-03 18:10:00,18.316666666666666
2026-07-03 18:20:00,0.9285714285714286
2026-07-03 18:30:00,0
2026-07-03 18:40:00,0
2026-07-03 18:50:00,0
2026-07-03 19:00:00,0
2026-07-03 19:10:00,0
2026-07-03 19:20:00,0
2026-07-03 19:30:00,0
2026-07-03 19:40:00,0
2026-07-03 19:50:00,0
2026-07-03 20:00:00,0
2026-07-03 20:10:00,0
2026-07-03 20:20:00,0
2026-07-03 20:30:00,0
2026-07-03 20:40:00,0
2026-07-03 20:50:00,0
2026-07-03 21:00:00,0
2026-07-03 21:10:00,0
2026-07-03 21:20:00,0
2026-07-03 21:30:00,0
2026-07-03 21:40:00,0
2026-07-03 21:50:00,0
2026-07-03 22:00:00,0
2026-07-03 22:10:00,0
2026-07-03 22:20:00,0
2026-07-03 22:30:00,0
2026-07-03 22:40:00,0
2026-07-03 22:50:00,0
2026-07-03 23:00:00,0
2026-07-03 23:10:00,0
2026-07-03 23:20:00,0
2026-07-03 23:30:00,0
2026-07-03 23:40:00,0
2026-07-03 23:50:00,0
2026-07-04 00:00:00,0
2026-07-04 00:10:00,0
2026-07-04 00:20:00,0
2026-07-04 00:30:00,0
2026-07-04 00:40:00,0
2026-07-04 00:50:00,0
2026-07-04 01:00:00,0
2026-07-04 01:10:00,0
2026-07-04 01:20:00,0
2026-07-04 01:30:00,0
2026-07-04 01:40:00,0
2026-07-04 01:50:00,0
2026-07-04 02:00:00,0
2026-07-04 02:10:00,0
2026-07-04 02:20:00,0
2026-07-04 02:30:00,0
2026-07-04 02:40:00,0
2026-07-04 02:50:00,0
2026-07-04 03:00:00,0
2026-07-04 03:10:00,0
2026-07-04 03:20:00,0
2026-07-04 03:30:00,0
2026-07-04 03:40:00,0
2026-07-04 03:50:00,0
2026-07-04 04:00:00,0
2026-07-04 04:10:00,0
2026-07-04 04:20:00,0
2026-07-04 04:30:00,0
2026-07-04 04:40:00,0
2026-07-04 04:50:00,0
2026-07-04 05:00:00,0
2026-07-04 05:10:00,0
2026-07-04 05:20:00,5.557142857142858
2026-07-04 05:30:00,30.428571428571427
2026-07-04 05:40:00,83.16666666666667
2026-07-04 05:50:00,173.55714285714288
2026-07-04 06:00:00,359.42857142857144
2026-07-04 06:10:00,647.9833333333333
2026-07-04 06:20:00,948.942857142857
2026-07-04 06:30:00,1352.3
2026-07-04 06:40:00,1606.6833333333334
2026-07-04 06:50:00,1951.9428571428575
2026-07-04 07:00:00,2279.1142857142854
2026-07-04 07:10:00,2084.58
2026-07-04 07:20:00,1643.3200000000002
2026-07-04 07:30:00,1562.3999999999999
2026-07-04 07:40:00,1533.2285714285715
2026-07-04 07:50:00,1581.6166666666668
2026-07-04 08:00:00,1815.242857142857
2026-07-04 08:10:00,2268.985714285714
2026-07-04 08:20:00,2544.2666666666664
2026-07-04 08:30:00,2684
2026-07-04 08:40:00,3150.942857142857
2026-07-04 08:50:00,3790.066666666666
2026-07-04 09:00:00,4100.499999999999
2026-07-04 09:10:00,4596.849999999999
2026-07-04 09:20:00,5075.557142857143
2026-07-04 09:30:00,5745.257142857144
2026-07-04 09:40:00,6551.916666666667
2026-07-04 09:50:00,7535.614285714286
2026-07-04 10:00:00,8423.728571428572
2026-07-04 10:10:00,9258.2
2026-07-04 10:20:00,9937.914285714287
2026-07-04 10:30:00,10138.528571428571
2026-07-04 10:40:00,10767.766666666666
2026-07-04 10:50:00,12155.6
2026-07-04 11:00:00,13201.32857142857
2026-07-04 11:10:00,14447.449999999999
2026-07-04 11:20:00,15141.885714285714
2026-07-04 11:30:00,14729.914285714285
2026-07-04 11:40:00,14363.250000000002
2026-07-04 11:50:00,14003.085714285713
2026-07-04 12:00:00,12197.685714285715
2026-07-04 12:10:00,11887.416666666666
2026-07-04 12:20:00,11476.985714285716
2026-07-04 12:30:00,11337.842857142858
2026-07-04 12:40:00,11019.716666666667
2026-07-04 12:50:00,10628.199999999999
2026-07-04 13:00:00,10283.542857142858
2026-07-04 13:10:00,10388.216666666667
2026-07-04 13:20:00,10561.542857142855
2026-07-04 13:30:00,10704.085714285713
2026-07-04 13:40:00,10695.733333333332
2026-07-04 13:50:00,11048.742857142857
2026-07-04 14:00:00,11270.257142857143
2026-07-04 14:10:00,10441.6
2026-07-04 14:20:00,9750.828571428572
2026-07-04 14:30:00,9441.485714285713
2026-07-04 14:40:00,9779.475
2026-07-04 14:50:00,9934.833333333334
2026-07-04 15:00:00,9610.442857142858
2026-07-04 15:10:00,9188.057142857144
2026-07-04 15:20:00,9167.133333333333
2026-07-04 15:30:00,8846.42857142857
2026-07-04 15:40:00,8137.728571428571
2026-07-04 15:50:00,7001.7
2026-07-04 16:00:00,6024.814285714287
2026-07-04 16:10:00,5317.628571428571
2026-07-04 16:20:00,4639.133333333332
2026-07-04 16:30:00,3975.7714285714283
2026-07-04 16:40:00,3173.7000000000003
2026-07-04 16:50:00,2705.216666666667
2026-07-04 17:00:00,2096.0285714285715
2026-07-04 17:10:00,1504.3714285714286
2026-07-04 17:20:00,973.7666666666665
2026-07-04 17:30:00,553.5714285714286
2026-07-04 17:40:00,344.78333333333336
2026-07-04 17:50:00,165.8714285714286
2026-07-04 18:00:00,70.97142857142858
2026-07-04 18:10:00,24.01666666666667
2026-07-04 18:20:00,2.7857142857142856
2026-07-04 18:30:00,0
2026-07-04 18:40:00,0
2026-07-04 18:50:00,0
2026-07-04 19:00:00,0
2026-07-04 19:10:00,0
2026-07-04 19:20:00,0
2026-07-04 19:30:00,0
2026-07-04 19:40:00,0
2026-07-04 19:50:00,0
2026-07-04 20:00:00,0
2026-07-04 20:10:00,0
2026-07-04 20:20:00,0
2026-07-04 20:30:00,0
2026-07-04 20:40:00,0
2026-07-04 20:50:00,0
2026-07-04 21:00:00,0
2026-07-04 21:10:00,0
2026-07-04 21:20:00,0
2026-07-04 21:30:00,0
2026-07-04 21:40:00,0
2026-07-04 21:50:00,0
2026-07-04 22:00:00,0
2026-07-04 22:10:00,0
2026-07-04 22:20:00,0
2026-07-04 22:30:00,0
2026-07-04 22:40:00,0
2026-07-04 22:50:00,0
2026-07-04 23:00:00,0
2026-07-04 23:10:00,0
2026-07-04 23:20:00,0
2026-07-04 23:30:00,0
2026-07-04 23:40:00,0
2026-07-04 23:50:00,0
2026-07-05 00:00:00,0
2026-07-05 00:10:00,0
2026-07-05 00:20:00,0
2026-07-05 00:30:00,0
2026-07-05 00:40:00,0
2026-07-05 00:50:00,0
2026-07-05 01:00:00,0
2026-07-05 01:10:00,0
2026-07-05 01:20:00,0
2026-07-05 01:30:00,0
2026-07-05 01:40:00,0
2026-07-05 01:50:00,0
2026-07-05 02:00:00,0
2026-07-05 02:10:00,0
2026-07-05 02:20:00,0
2026-07-05 02:30:00,0
2026-07-05 02:40:00,0
2026-07-05 02:50:00,0
2026-07-05 03:00:00,0
2026-07-05 03:10:00,0
2026-07-05 03:20:00,0
2026-07-05 03:30:00,0
2026-07-05 03:40:00,0
2026-07-05 03:50:00,0
2026-07-05 04:00:00,0
2026-07-05 04:10:00,0
2026-07-05 04:20:00,0
2026-07-05 04:30:00,0
2026-07-05 04:40:00,0
2026-07-05 04:50:00,0
2026-07-05 05:00:00,0
2026-07-05 05:10:00,2.1666666666666665
2026-07-05 05:20:00,37.625
2026-07-05 05:30:00,124.41428571428571
2026-07-05 05:40:00,344.65714285714284
2026-07-05 05:50:00,611.4499999999999
2026-07-05 06:00:00,677.6714285714287
2026-07-05 06:10:00,929.9
2026-07-05 06:20:00,1631.0833333333333
2026-07-05 06:30:00,2754.957142857143
2026-07-05 06:40:00,3601.0142857142855
2026-07-05 06:50:00,4233.766666666666
2026-07-05 07:00:00,5323.771428571429
2026-07-05 07:10:00,10162.171428571428
2026-07-05 07:20:00,9278.616666666667
2026-07-05 07:30:00,8769.642857142859
2026-07-05 07:40:00,5794.114285714285
2026-07-05 07:50:00,6607.45
2026-07-05 08:00:00,6872.971428571429
2026-07-05 08:10:00,6701.871428571429
2026-07-05 08:20:00,6871.82
2026-07-05 08:30:00,8508.22857142857
2026-07-05 08:40:00,10434.057142857142
2026-07-05 08:50:00,11716.800000000001
2026-07-05 09:00:00,11238.285714285716
2026-07-05 09:10:00,9795.371428571429
2026-07-05 09:20:00,9713.366666666667
2026-07-05 09:30:00,8404.057142857144
2026-07-05 09:40:00,8582.266666666665
2026-07-05 09:50:00,8760.733333333334
2026-07-05 10:00:00,12415.785714285714
2026-07-05 10:10:00,13651.800000000001
2026-07-05 10:20:00,15811.27142857143
2026-07-05 10:30:00,18443.685714285715
2026-07-05 10:40:00,15029.14
2026-07-05 10:50:00,14450.685714285713
2026-07-05 11:00:00,14198.77142857143
2026-07-05 11:10:00,15848.1
2026-07-05 11:20:00,13634.471428571427
2026-07-05 11:30:00,13591.742857142857
2026-07-05 11:40:00,14509.483333333332
2026-07-05 11:50:00,16194.057142857142
2026-07-05 12:00:00,19465.12857142857
2026-07-05 12:10:00,21236.616666666665
2026-07-05 12:20:00,18473.485714285714
2026-07-05 12:30:00,16950.37142857143
2026-07-05 12:40:00,21784.6
2026-07-05 12:50:00,22733.316666666666
2026-07-05 13:00:00,21548.85714285714
2026-07-05 13:10:00,20863.5
2026-07-05 13:20:00,19543.899999999998
2026-07-05 13:30:00,17926.957142857143
2026-07-05 13:40:00,14768.642857142857
2026-07-05 13:50:00,13973.633333333331
2026-07-05 14:00:00,14595.371428571427
2026-07-05 14:10:00,10544.328571428572
2026-07-05 14:20:00,13313.116666666667
2026-07-05 14:30:00,15726.471428571429
2026-07-05 14:40:00,14763.414285714287
2026-07-05 14:50:00,11870.216666666665
2026-07-05 15:00:00,14150.271428571428
2026-07-05 15:10:00,13972.07142857143
2026-07-05 15:20:00,16402.933333333334
2026-07-05 15:30:00,7874.771428571429
2026-07-05 15:40:00,4639.942857142857
2026-07-05 15:50:00,3236.35
2026-07-05 16:00:00,2923.0142857142855
2026-07-05 16:10:00,2707.671428571429
2026-07-05 16:20:00,2465.7833333333333
2026-07-05 16:30:00,2344.842857142857
2026-07-05 16:40:00,1816.1571428571428
2026-07-05 16:50:00,1181.2666666666667
2026-07-05 17:00:00,1634.0142857142857
2026-07-05 17:10:00,1859.4857142857143
2026-07-05 17:20:00,1404.216666666667
2026-07-05 17:30:00,1475.4857142857143
2026-07-05 17:40:00,1196.5571428571427
2026-07-05 17:50:00,643.3166666666667
2026-07-05 18:00:00,306.57142857142856
2026-07-05 18:10:00,86.01666666666667
2026-07-05 18:20:00,9.857142857142858
2026-07-05 18:30:00,0
2026-07-05 18:40:00,0
2026-07-05 18:50:00,0
2026-07-05 19:00:00,0
2026-07-05 19:10:00,0
2026-07-05 19:20:00,0
2026-07-05 19:30:00,0
2026-07-05 19:40:00,0
2026-07-05 19:50:00,0
2026-07-05 20:00:00,0
2026-07-05 20:10:00,0
2026-07-05 20:20:00,0
2026-07-05 20:30:00,0
2026-07-05 20:40:00,0
2026-07-05 20:50:00,0
2026-07-05 21:00:00,0
2026-07-05 21:10:00,0
2026-07-05 21:20:00,0
2026-07-05 21:30:00,0
2026-07-05 21:40:00,0
2026-07-05 21:50:00,0
2026-07-05 22:00:00,0
2026-07-05 22:10:00,0
2026-07-05 22:20:00,0
2026-07-05 22:30:00,0
2026-07-05 22:40:00,0
2026-07-05 22:50:00,0
2026-07-05 23:00:00,0
2026-07-05 23:10:00,0
2026-07-05 23:20:00,0
2026-07-05 23:30:00,0
2026-07-05 23:40:00,0
2026-07-05 23:50:00,0
2026-07-06 00:00:00,0
2026-07-06 00:10:00,0
2026-07-06 00:20:00,0
2026-07-06 00:30:00,0
2026-07-06 00:40:00,0
2026-07-06 00:50:00,0
2026-07-06 01:00:00,0
2026-07-06 01:10:00,0
2026-07-06 01:20:00,0
2026-07-06 01:30:00,0
2026-07-06 01:40:00,0
2026-07-06 01:50:00,0
2026-07-06 02:00:00,0
2026-07-06 02:10:00,0
2026-07-06 02:20:00,0
2026-07-06 02:30:00,0
2026-07-06 02:40:00,0
2026-07-06 02:50:00,0
2026-07-06 03:00:00,0
2026-07-06 03:10:00,0
2026-07-06 03:20:00,0
2026-07-06 03:30:00,0
2026-07-06 03:40:00,0
2026-07-06 03:50:00,0
2026-07-06 04:00:00,0
2026-07-06 04:10:00,0
2026-07-06 04:20:00,0
2026-07-06 04:30:00,0
2026-07-06 04:40:00,0
2026-07-06 04:50:00,0
2026-07-06 05:00:00,0
2026-07-06 05:10:00,6.471428571428571
2026-07-06 05:20:00,52.31666666666666
2026-07-06 05:30:00,178.78571428571428
2026-07-06 05:40:00,375.4142857142857
2026-07-06 05:50:00,574.1666666666666
2026-07-06 06:00:00,913.0000000000001
2026-07-06 06:10:00,1547.9714285714288
2026-07-06 06:20:00,2300.933333333334
2026-07-06 06:30:00,4432.599999999999
2026-07-06 06:40:00,3802.8142857142857
2026-07-06 06:50:00,5272.783333333333
2026-07-06 07:00:00,5862.614285714285
2026-07-06 07:10:00,8216.699999999999
2026-07-06 07:20:00,8362.166666666666
2026-07-06 07:30:00,9075.614285714286
2026-07-06 07:40:00,11447.185714285715
2026-07-06 07:50:00,12488.833333333334
2026-07-06 08:00:00,13229.257142857141
2026-07-06 08:10:00,14152.714285714286
2026-07-06 08:20:00,15081.116666666667
2026-07-06 08:30:00,15687.485714285713
2026-07-06 08:40:00,16363.328571428572
2026-07-06 08:50:00,15347.433333333334
2026-07-06 09:00:00,17579.82857142857
2026-07-06 09:10:00,17949.37142857143
2026-07-06 09:20:00,19688.35
2026-07-06 09:30:00,19638.68571428571
2026-07-06 09:40:00,16352.885714285714
2026-07-06 09:50:00,20047.46666666667
2026-07-06 10:00:00,20307.77142857143
2026-07-06 10:10:00,20512.985714285714
2026-07-06 10:20:00,20890.066666666666
2026-07-06 10:30:00,21214.614285714284
2026-07-06 10:40:00,21601.833333333332
2026-07-06 10:50:00,21309.01666666667
2026-07-06 11:00:00,13200
2026-07-06 11:10:00,18357.97142857143
2026-07-06 11:20:00,22089.983333333334
2026-07-06 11:30:00,22411.77142857143
2026-07-06 11:40:00,21656.68571428571
2026-07-06 11:50:00,21655.949999999997
2026-07-06 12:00:00,21926.37142857143
2026-07-06 12:10:00,23263.64285714286
2026-07-06 12:20:00,21546.649999999998
2026-07-06 12:30:00,20668.714285714286
2026-07-06 12:40:00,21427.185714285715
2026-07-06 12:50:00,21158.833333333332
2026-07-06 13:00:00,20005.17142857143
2026-07-06 13:10:00,10721.885714285714
2026-07-06 13:20:00,9243.833333333332
2026-07-06 13:30:00,11983.871428571429
2026-07-06 13:40:00,18804.928571428572
2026-07-06 13:50:00,20785.75
2026-07-06 14:00:00,17965.042857142857
2026-07-06 14:10:00,14813.485714285713
2026-07-06 14:20:00,18038.633333333335
2026-07-06 14:30:00,13134.028571428571
2026-07-06 14:40:00,8935.842857142856
2026-07-06 14:50:00,14152.866666666669
2026-07-06 15:00:00,15705.300000000001
2026-07-06 15:10:00,9093.728571428572
2026-07-06 15:20:00,11906.75
2026-07-06 15:30:00,11815.214285714286
2026-07-06 15:40:00,8251.085714285715
2026-07-06 15:50:00,10267.083333333334
2026-07-06 16:00:00,10246.971428571427
2026-07-06 16:10:00,5415.928571428572
2026-07-06 16:20:00,5566.683333333333
2026-07-06 16:30:00,4929.628571428571
2026-07-06 16:40:00,3352.7857142857138
2026-07-06 16:50:00,2546.7999999999997
2026-07-06 17:00:00,3079.671428571429
2026-07-06 17:10:00,3713.4285714285716
2026-07-06 17:20:00,2762.8999999999996
2026-07-06 17:30:00,2045.9571428571433
2026-07-06 17:40:00,1664.1142857142856
2026-07-06 17:50:00,1029.7
2026-07-06 18:00:00,471.5571428571428
2026-07-06 18:10:00,137.92857142857142
2026-07-06 18:20:00,11.5
2026-07-06 18:30:00,0
2026-07-06 18:40:00,0
2026-07-06 18:50:00,0
2026-07-06 19:00:00,0
2026-07-06 19:10:00,0
2026-07-06 19:20:00,0
2026-07-06 19:30:00,0
2026-07-06 19:40:00,0
2026-07-06 19:50:00,0
2026-07-06 20:00:00,0
2026-07-06 20:10:00,0
2026-07-06 20:20:00,0
2026-07-06 20:30:00,0
2026-07-06 20:40:00,0
2026-07-06 20:50:00,0
2026-07-06 21:00:00,0
2026-07-06 21:10:00,0
2026-07-06 21:20:00,0
2026-07-06 21:30:00,0
2026-07-06 21:40:00,0
2026-07-06 21:50:00,0
2026-07-06 22:00:00,0
2026-07-06 22:10:00,0
2026-07-06 22:20:00,0
2026-07-06 22:30:00,0
2026-07-06 22:40:00,0
2026-07-06 22:50:00,0
2026-07-06 23:00:00,0
2026-07-06 23:10:00,0
2026-07-06 23:20:00,0
2026-07-06 23:30:00,0
2026-07-06 23:40:00,0
2026-07-06 23:50:00,0
2026-07-07 00:00:00,0
2026-07-07 00:10:00,0
2026-07-07 00:20:00,0
2026-07-07 00:30:00,0
2026-07-07 00:40:00,0
2026-07-07 00:50:00,0
2026-07-07 01:00:00,0
2026-07-07 01:10:00,0
2026-07-07 01:20:00,0
2026-07-07 01:30:00,0
2026-07-07 01:40:00,0
2026-07-07 01:50:00,0
2026-07-07 02:00:00,0
2026-07-07 02:10:00,0
2026-07-07 02:20:00,0
2026-07-07 02:30:00,0
2026-07-07 02:40:00,0
2026-07-07 02:50:00,0
2026-07-07 03:00:00,0
2026-07-07 03:10:00,0
2026-07-07 03:20:00,0
2026-07-07 03:30:00,0
2026-07-07 03:40:00,0
2026-07-07 03:50:00,0
2026-07-07 04:00:00,0
2026-07-07 04:10:00,0
2026-07-07 04:20:00,0
2026-07-07 04:30:00,0
2026-07-07 04:40:00,0
2026-07-07 04:50:00,0
2026-07-07 05:00:00,0
2026-07-07 05:10:00,4.316666666666666
2026-07-07 05:20:00,51.01428571428572
2026-07-07 05:30:00,200.90000000000003
2026-07-07 05:40:00,461.26666666666665
2026-07-07 05:50:00,997.1714285714286
2026-07-07 06:00:00,1339.685714285714
2026-07-07 06:10:00,1741.8166666666666
2026-07-07 06:20:00,1207.3142857142855
2026-07-07 06:30:00,1489.3285714285714
2026-07-07 06:40:00,2093.8
2026-07-07 06:50:00,2953.1142857142854
2026-07-07 07:00:00,3140.1857142857148
2026-07-07 07:10:00,3388.6666666666665
2026-07-07 07:20:00,3705.442857142857
2026-07-07 07:30:00,4273.771428571429
2026-07-07 07:40:00,6457.666666666667
2026-07-07 07:50:00,6116.657142857142
2026-07-07 08:00:00,8116.22857142857
2026-07-07 08:10:00,13575.85
2026-07-07 08:20:00,10619.914285714287
2026-07-07 08:30:00,8776.714285714286
2026-07-07 08:40:00,8899.083333333334
2026-07-07 08:50:00,9533.92857142857
2026-07-07 09:00:00,10121.925000000001
2026-07-07 09:10:00,13901.1
2026-07-07 09:20:00,9608.333333333334
2026-07-07 09:30:00,13815.699999999999
2026-07-07 09:40:00,14463.899999999998
2026-07-07 09:50:00,14380.800000000001
2026-07-07 10:00:00,15570.128571428568
2026-07-07 10:10:00,17452.02857142857
2026-07-07 10:20:00,18486.600000000002
2026-07-07 10:30:00,17092.614285714284
2026-07-07 10:40:00,16252.100000000002
2026-07-07 10:50:00,18621.75
2026-07-07 11:00:00,13593.92857142857
2026-07-07 11:10:00,8693.42857142857
2026-07-07 11:20:00,10177.833333333334
2026-07-07 11:30:00,10820.199999999999
2026-07-07 11:40:00,11592.5
2026-07-07 11:50:00,11143.383333333333
2026-07-07 12:00:00,13325.728571428574
2026-07-07 12:10:00,14121.671428571428
2026-07-07 12:20:00,14086.916666666666
2026-07-07 12:30:00,14977.857142857143
2026-07-07 12:40:00,14366.814285714285
2026-07-07 12:50:00,15273.583333333334
2026-07-07 13:00:00,20161.214285714286
2026-07-07 13:10:00,13127.885714285714
2026-07-07 13:20:00,18259.033333333333
2026-07-07 13:30:00,14470.357142857143
2026-07-07 13:40:00,15741.283333333333
2026-07-07 13:50:00,9818.128571428571
2026-07-07 14:00:00,9872.471428571429
2026-07-07 14:10:00,8613.433333333332
2026-07-07 14:20:00,8723.57142857143
2026-07-07 14:30:00,7743.300000000001
2026-07-07 14:40:00,8026.733333333334
2026-07-07 14:50:00,8224.028571428571
2026-07-07 15:00:00,9779.114285714286
2026-07-07 15:10:00,6515.366666666666
2026-07-07 15:20:00,7414.900000000001
2026-07-07 15:30:00,7403.828571428571
2026-07-07 15:40:00,8627.050000000001
2026-07-07 15:50:00,8399.142857142857
2026-07-07 16:00:00,10979.314285714285
2026-07-07 16:10:00,5618.983333333334
2026-07-07 16:20:00,5329.75
2026-07-07 16:30:00,5084.142857142857
2026-07-07 16:40:00,4032.9
2026-07-07 16:50:00,3314.4833333333336
2026-07-07 17:00:00,2946.057142857143
2026-07-07 17:10:00,2541.442857142857
2026-07-07 17:20:00,2164.75
2026-07-07 17:30:00,1727.3714285714284
2026-07-07 17:40:00,1142.142857142857
2026-07-07 17:50:00,749.4166666666666
2026-07-07 18:00:00,401.82857142857137
2026-07-07 18:10:00,129.64285714285717
2026-07-07 18:20:00,15.816666666666665
2026-07-07 18:30:00,0.31428571428571433
2026-07-07 18:40:00,0
2026-07-07 18:50:00,0
2026-07-07 19:00:00,0
2026-07-07 19:10:00,0
2026-07-07 19:20:00,0
2026-07-07 19:30:00,0
2026-07-07 19:40:00,0
2026-07-07 19:50:00,0
2026-07-07 20:00:00,0
2026-07-07 20:10:00,0
2026-07-07 20:20:00,0
2026-07-07 20:30:00,0
2026-07-07 20:40:00,0
2026-07-07 20:50:00,0
2026-07-07 21:00:00,0
2026-07-07 21:10:00,0
2026-07-07 21:20:00,0
2026-07-07 21:30:00,0
2026-07-07 21:40:00,0
2026-07-07 21:50:00,0
2026-07-07 22:00:00,0
2026-07-07 22:10:00,0
2026-07-07 22:20:00,0
2026-07-07 22:30:00,0
2026-07-07 22:40:00,0
2026-07-07 22:50:00,0
2026-07-07 23:00:00,0
2026-07-07 23:10:00,0
2026-07-07 23:20:00,0
2026-07-07 23:30:00,0
2026-07-07 23:40:00,0
2026-07-07 23:50:00,0
2026-07-08 00:00:00,0
2026-07-08 00:10:00,0
2026-07-08 00:20:00,0
2026-07-08 00:30:00,0
2026-07-08 00:40:00,0
2026-07-08 00:50:00,0
2026-07-08 01:00:00,0
2026-07-08 01:10:00,0
2026-07-08 01:20:00,0
2026-07-08 01:30:00,0
2026-07-08 01:40:00,0
2026-07-08 01:50:00,0
2026-07-08 02:00:00,0
2026-07-08 02:10:00,0
2026-07-08 02:20:00,0
2026-07-08 02:30:00,0
2026-07-08 02:40:00,0
2026-07-08 02:50:00,0
2026-07-08 03:00:00,0
2026-07-08 03:10:00,0
2026-07-08 03:20:00,0
2026-07-08 03:30:00,0
2026-07-08 03:40:00,0
2026-07-08 03:50:00,0
2026-07-08 04:00:00,0
2026-07-08 04:10:00,0
2026-07-08 04:20:00,0
2026-07-08 04:30:00,0
2026-07-08 04:40:00,0
2026-07-08 04:50:00,0
2026-07-08 05:00:00,0
2026-07-08 05:10:00,5.557142857142857
2026-07-08 05:20:00,51.28333333333333
2026-07-08 05:30:00,178.77142857142857
2026-07-08 05:40:00,769.5428571428571
2026-07-08 05:50:00,1994.1166666666668
2026-07-08 06:00:00,1945.4857142857143
2026-07-08 06:10:00,2267.95
2026-07-08 06:20:00,2435.7999999999997
2026-07-08 06:30:00,2337.8
2026-07-08 06:40:00,2727.7999999999997
2026-07-08 06:50:00,2397.085714285714
2026-07-08 07:00:00,3438.485714285714
2026-07-08 07:10:00,4505.625
2026-07-08 07:20:00,4882.849999999999
2026-07-08 07:30:00,8167.500000000001
2026-07-08 07:40:00,5988.242857142858
2026-07-08 07:50:00,9312.283333333333
2026-07-08 08:00:00,15183.971428571429
2026-07-08 08:10:00,14023.07142857143
2026-07-08 08:20:00,11274.516666666668
2026-07-08 08:30:00,10853.371428571427
2026-07-08 08:40:00,12266.485714285713
2026-07-08 08:50:00,12364.450000000003
2026-07-08 09:00:00,16689.257142857143
2026-07-08 09:10:00,17437.285714285714
2026-07-08 09:20:00,19212.75
2026-07-08 09:30:00,19314.58571428571
2026-07-08 09:40:00,16217.714285714288
2026-07-08 09:50:00,15301.900000000001
2026-07-08 10:00:00,15023.614285714284
2026-07-08 10:10:00,14226.114285714284
2026-07-08 10:20:00,15187.199999999999
2026-07-08 10:30:00,15689
2026-07-08 10:40:00,19978.14285714286
2026-07-08 10:50:00,15251.699999999999
2026-07-08 11:00:00,15424.528571428571
2026-07-08 11:10:00,19103.842857142856
2026-07-08 11:20:00,14510.900000000001
2026-07-08 11:30:00,12122.414285714287
2026-07-08 11:40:00,12117.828571428572
2026-07-08 11:50:00,12344.349999999999
2026-07-08 12:00:00,13377.957142857145
2026-07-08 12:10:00,14011.699999999999
2026-07-08 12:20:00,11267.4
2026-07-08 12:30:00,13111.314285714285
2026-07-08 12:40:00,11023.885714285714
2026-07-08 12:50:00,9489
2026-07-08 13:00:00,9400.014285714287
2026-07-08 13:10:00,11516.92857142857
2026-07-08 13:20:00,16317.966666666665
2026-07-08 13:30:00,19968.3
2026-07-08 13:40:00,19254.057142857142
2026-07-08 13:50:00,17268.433333333334
2026-07-08 14:00:00,11089.942857142856
2026-07-08 14:10:00,8481.516666666668
2026-07-08 14:20:00,8026.528571428571
2026-07-08 14:30:00,9748.325
2026-07-08 14:40:00,10200.271428571428
2026-07-08 14:50:00,10214.05
2026-07-08 15:00:00,16009.72857142857
2026-07-08 15:10:00,14611.357142857145
2026-07-08 15:20:00,7515.283333333333
2026-07-08 15:30:00,10604.242857142857
2026-07-08 15:40:00,9781.871428571427
2026-07-08 15:50:00,9768.9
2026-07-08 16:00:00,9716.742857142859
2026-07-08 16:10:00,5719.157142857142
2026-07-08 16:20:00,5579.583333333333
2026-07-08 16:30:00,5258.342857142858
2026-07-08 16:40:00,4737.328571428572
2026-07-08 16:50:00,5181.733333333334
2026-07-08 17:00:00,4131.214285714285
2026-07-08 17:10:00,3753.6714285714293
2026-07-08 17:20:00,2764.366666666667
2026-07-08 17:30:00,1218.357142857143
2026-07-08 17:40:00,745.8857142857142
2026-07-08 17:50:00,532.9333333333333
2026-07-08 18:00:00,318.57142857142856
2026-07-08 18:10:00,113.35714285714286
2026-07-08 18:20:00,16.15
2026-07-08 18:30:00,0.31428571428571433
2026-07-08 18:40:00,0
2026-07-08 18:50:00,0
2026-07-08 19:00:00,0
2026-07-08 19:10:00,0
2026-07-08 19:20:00,0
2026-07-08 19:30:00,0
2026-07-08 19:40:00,0
2026-07-08 19:50:00,0
2026-07-08 20:00:00,0
2026-07-08 20:10:00,0
2026-07-08 20:20:00,0
2026-07-08 20:30:00,0
2026-07-08 20:40:00,0
2026-07-08 20:50:00,0
2026-07-08 21:00:00,0
2026-07-08 21:10:00,0
2026-07-08 21:20:00,0
2026-07-08 21:30:00,0
2026-07-08 21:40:00,0
2026-07-08 21:50:00,0
2026-07-08 22:00:00,0
2026-07-08 22:10:00,0
2026-07-08 22:20:00,0
2026-07-08 22:30:00,0
2026-07-08 22:40:00,0
2026-07-08 22:50:00,0
2026-07-08 23:00:00,0
2026-07-08 23:10:00,0
2026-07-08 23:20:00,0
2026-07-08 23:30:00,0
2026-07-08 23:40:00,0
2026-07-08 23:50:00,0
2026-07-09 00:00:00,0
2026-07-09 00:10:00,0
2026-07-09 00:20:00,0
2026-07-09 00:30:00,0
2026-07-09 00:40:00,0
2026-07-09 00:50:00,0
2026-07-09 01:00:00,0
2026-07-09 01:10:00,0
2026-07-09 01:20:00,0
2026-07-09 01:30:00,0
2026-07-09 01:40:00,0
2026-07-09 01:50:00,0
2026-07-09 02:00:00,0
2026-07-09 02:10:00,0
2026-07-09 02:20:00,0
2026-07-09 02:30:00,0
2026-07-09 02:40:00,0
2026-07-09 02:50:00,0
2026-07-09 03:00:00,0
2026-07-09 03:10:00,0
2026-07-09 03:20:00,0
2026-07-09 03:30:00,0
2026-07-09 03:40:00,0
2026-07-09 03:50:00,0
2026-07-09 04:00:00,0
2026-07-09 04:10:00,0
2026-07-09 04:20:00,0
2026-07-09 04:30:00,0
2026-07-09 04:40:00,0
2026-07-09 04:50:00,0
2026-07-09 05:00:00,0
2026-07-09 05:10:00,7.55
2026-07-09 05:20:00,67.75
2026-07-09 05:30:00,204.58571428571426
2026-07-09 05:40:00,384.61428571428576
2026-07-09 05:50:00,577.0333333333333
2026-07-09 06:00:00,832.1857142857142
2026-07-09 06:10:00,1109.2857142857142
2026-07-09 06:20:00,1676.9499999999998
2026-07-09 06:30:00,1615.242857142857
2026-07-09 06:40:00,2919.9
2026-07-09 06:50:00,3802.616666666667
2026-07-09 07:00:00,3126.6857142857143
2026-07-09 07:10:00,4741.0142857142855
2026-07-09 07:20:00,8276.9
2026-07-09 07:30:00,8969.3
2026-07-09 07:40:00,8580.1
2026-07-09 07:50:00,8189.083333333333
2026-07-09 08:00:00,8810.485714285714
2026-07-09 08:10:00,9376.642857142857
2026-07-09 08:20:00,12235.766666666668
2026-07-09 08:30:00,14233.485714285713
2026-07-09 08:40:00,15366.457142857145
2026-07-09 08:50:00,16031.233333333332
2026-07-09 09:00:00,17948.471428571425
2026-07-09 09:10:00,18772.7
2026-07-09 09:20:00,19727.416666666668
2026-07-09 09:30:00,19964
2026-07-09 09:40:00,17278.157142857144
2026-07-09 09:50:00,21361.366666666665
2026-07-09 10:00:00,13816.014285714287
2026-07-09 10:10:00,16094.5
2026-07-09 10:20:00,20085.833333333332
2026-07-09 10:30:00,20156.014285714286
2026-07-09 10:40:00,21915.64285714286
2026-07-09 10:50:00,21152.399999999998
2026-07-09 11:00:00,20854.557142857142
2026-07-09 11:10:00,21214.614285714284
2026-07-09 11:20:00,22034.433333333334
2026-07-09 11:30:00,22353.100000000002
2026-07-09 11:40:00,16641.32857142857
2026-07-09 11:50:00,21525.849999999995
2026-07-09 12:00:00,21967.257142857146
2026-07-09 12:10:00,21803.82857142857
2026-07-09 12:20:00,22011.116666666665
2026-07-09 12:30:00,19366.5
2026-07-09 12:40:00,20916.314285714285
2026-07-09 12:50:00,20914.083333333332
2026-07-09 13:00:00,19854.342857142856
2026-07-09 13:10:00,19573.85714285714
2026-07-09 13:20:00,17000.22
2026-07-09 13:30:00,18001.014285714286
2026-07-09 13:40:00,16550.916666666668
2026-07-09 13:50:00,17355.86
2026-07-09 14:00:00,15607.600000000002
2026-07-09 14:10:00,15897.6
2026-07-09 14:20:00,13494.466666666667
2026-07-09 14:30:00,14674.342857142858
2026-07-09 14:40:00,15003.357142857143
2026-07-09 14:50:00,14587.250000000002
2026-07-09 15:00:00,11434.614285714286
2026-07-09 15:10:00,11005.742857142859
2026-07-09 15:20:00,7255.099999999999
2026-07-09 15:30:00,5515.157142857142
2026-07-09 15:40:00,5412.5428571428565
2026-07-09 15:50:00,4363.133333333333
2026-07-09 16:00:00,3782.8857142857137
2026-07-09 16:10:00,3798.2285714285713
2026-07-09 16:20:00,4127.683333333333
2026-07-09 16:30:00,3910.0428571428574
2026-07-09 16:40:00,3792.3857142857146
2026-07-09 16:50:00,3713.4
2026-07-09 17:00:00,3590.2571428571428
2026-07-09 17:10:00,2958.342857142857
2026-07-09 17:20:00,2401.2833333333333
2026-07-09 17:30:00,1857.0142857142857
2026-07-09 17:40:00,1195.3142857142855
2026-07-09 17:50:00,565.5500000000001
2026-07-09 18:00:00,195.3571428571429
2026-07-09 18:10:00,104.77142857142857
2026-07-09 18:20:00,12.216666666666667
2026-07-09 18:30:00,0
2026-07-09 18:40:00,0
2026-07-09 18:50:00,0
2026-07-09 19:00:00,0
2026-07-09 19:10:00,0
2026-07-09 19:20:00,0
2026-07-09 19:30:00,0
2026-07-09 19:40:00,0
2026-07-09 19:50:00,0
2026-07-09 20:00:00,0
2026-07-09 20:10:00,0
2026-07-09 20:20:00,0
2026-07-09 20:30:00,0
2026-07-09 20:40:00,0
2026-07-09 20:50:00,0
2026-07-09 21:00:00,0
2026-07-09 21:10:00,0
2026-07-09 21:20:00,0
2026-07-09 21:30:00,0
2026-07-09 21:40:00,0
2026-07-09 21:50:00,0
2026-07-09 22:00:00,0
2026-07-09 22:10:00,0
2026-07-09 22:20:00,0
2026-07-09 22:30:00,0
2026-07-09 22:40:00,0
2026-07-09 22:50:00,0
2026-07-09 23:00:00,0
2026-07-09 23:10:00,0
2026-07-09 23:20:00,0
2026-07-09 23:30:00,0
2026-07-09 23:40:00,0
2026-07-09 23:50:00,0
2026-07-10 00:00:00,0
2026-07-10 00:10:00,0
2026-07-10 00:20:00,0
2026-07-10 00:30:00,0
2026-07-10 00:40:00,0
2026-07-10 00:50:00,0
2026-07-10 01:00:00,0
2026-07-10 01:10:00,0
2026-07-10 01:20:00,0
2026-07-10 01:30:00,0
2026-07-10 01:40:00,0
2026-07-10 01:50:00,0
2026-07-10 02:00:00,0
2026-07-10 02:10:00,0
2026-07-10 02:20:00,0
2026-07-10 02:30:00,0
2026-07-10 02:40:00,0
2026-07-10 02:50:00,0
2026-07-10 03:00:00,0
2026-07-10 03:10:00,0
2026-07-10 03:20:00,0
2026-07-10 03:30:00,0
2026-07-10 03:40:00,0
2026-07-10 03:50:00,0
2026-07-10 04:00:00,0
2026-07-10 04:10:00,0
2026-07-10 04:20:00,0
2026-07-10 04:30:00,0
2026-07-10 04:40:00,0
2026-07-10 04:50:00,0
2026-07-10 05:00:00,0
2026-07-10 05:10:00,1.8571428571428572
2026-07-10 05:20:00,15.066666666666665
2026-07-10 05:30:00,108.14285714285714
2026-07-10 05:40:00,380.94285714285706
2026-07-10 05:50:00,736.1666666666666
2026-07-10 06:00:00,1137.5571428571427
2026-07-10 06:10:00,1673
2026-07-10 06:20:00,2167.983333333333
2026-07-10 06:30:00,2584.171428571429
2026-07-10 06:40:00,3194.5714285714284
2026-07-10 06:50:00,3675.4
2026-07-10 07:00:00,4538.271428571428
2026-07-10 07:10:00,5575.9857142857145
2026-07-10 07:20:00,5508.599999999999
2026-07-10 07:30:00,5703.157142857142
2026-07-10 07:40:00,6044.457142857143
2026-07-10 07:50:00,8951.416666666666
2026-07-10 08:00:00,9622.72857142857
2026-07-10 08:10:00,9612.614285714286
2026-07-10 08:20:00,9893.283333333335
2026-07-10 08:30:00,11851.771428571428
2026-07-10 08:40:00,17706.714285714286
2026-07-10 08:50:00,16576
2026-07-10 09:00:00,15349.871428571429
2026-07-10 09:10:00,14935.757142857143
2026-07-10 09:20:00,11290.333333333334
2026-07-10 09:30:00,9000.042857142858
2026-07-10 09:40:00,9023.085714285715
2026-07-10 09:50:00,7621.75
2026-07-10 10:00:00,6893.8714285714295
2026-07-10 10:10:00,8047.414285714286
2026-07-10 10:20:00,8153.600000000001
2026-07-10 10:30:00,8015.157142857142
2026-07-10 10:40:00,8367.2
2026-07-10 10:50:00,8187.5
2026-07-10 11:00:00,9207.283333333333
2026-07-10 11:10:00,6508.657142857142
2026-07-10 11:20:00,6768.242857142856
2026-07-10 11:30:00,6558.366666666666
2026-07-10 11:40:00,5481.985714285714
2026-07-10 11:50:00,9330.285714285714
2026-07-10 12:00:00,10232.683333333334
2026-07-10 12:10:00,9784.92857142857
2026-07-10 12:20:00,10260.616666666667
2026-07-10 12:30:00,8740.457142857143
2026-07-10 12:40:00,9173.599999999999
2026-07-10 12:50:00,9132.366666666667
2026-07-10 13:00:00,8984.385714285714
2026-07-10 13:10:00,8864.57142857143
2026-07-10 13:20:00,7293.816666666666
2026-07-10 13:30:00,7617.642857142857
2026-07-10 13:40:00,8093.799999999998
2026-07-10 13:50:00,7329.283333333333
2026-07-10 14:00:00,6614.942857142858
2026-07-10 14:10:00,4879.557142857143
2026-07-10 14:20:00,3941.35
2026-07-10 14:30:00,2447.7714285714287
2026-07-10 14:40:00,2935.285714285714
2026-07-10 14:50:00,3436.683333333334
2026-07-10 15:00:00,2967.542857142857
2026-07-10 15:10:00,2840.9857142857145
2026-07-10 15:20:00,1933.5666666666666
2026-07-10 15:30:00,1853.6142857142859
2026-07-10 15:40:00,2113.214285714286
2026-07-10 15:50:00,3165.0333333333333
2026-07-10 16:00:00,4042.757142857143
2026-07-10 16:10:00,4284.214285714285
2026-07-10 16:20:00,4772.45
2026-07-10 16:30:00,4596.928571428571
2026-07-10 16:40:00,4307.857142857143
2026-07-10 16:50:00,3759.2333333333336
2026-07-10 17:00:00,3127.9142857142856
2026-07-10 17:10:00,2437.0285714285715
2026-07-10 17:20:00,1838.6000000000001
2026-07-10 17:30:00,1321.5571428571427
2026-07-10 17:40:00,681.0571428571428
2026-07-10 17:50:00,383.8666666666666
2026-07-10 18:00:00,189.66
2026-07-10 18:10:00,38.35
2026-07-10 18:20:00,3.4
2026-07-10 18:30:00,0
2026-07-10 18:40:00,0
2026-07-10 18:50:00,0
2026-07-10 19:00:00,0
2026-07-10 19:10:00,0
2026-07-10 19:20:00,0
2026-07-10 19:30:00,0
2026-07-10 19:40:00,0
2026-07-10 19:50:00,0
2026-07-10 20:00:00,0
2026-07-10 20:10:00,0
2026-07-10 20:20:00,0
2026-07-10 20:30:00,0
2026-07-10 20:40:00,0
2026-07-10 20:50:00,0
2026-07-10 21:00:00,0
2026-07-10 21:10:00,0
2026-07-10 21:20:00,0
2026-07-10 21:30:00,0
2026-07-10 21:40:00,0
2026-07-10 21:50:00,0
2026-07-10 22:00:00,0
2026-07-10 22:10:00,0
2026-07-10 22:20:00,0
2026-07-10 22:30:00,0
2026-07-10 22:40:00,0
2026-07-10 22:50:00,0
2026-07-10 23:00:00,0
2026-07-10 23:10:00,0
2026-07-10 23:20:00,0
2026-07-10 23:30:00,0
2026-07-10 23:40:00,0
2026-07-10 23:50:00,0
2026-07-11 00:00:00,0
2026-07-11 00:10:00,0
2026-07-11 00:20:00,0
2026-07-11 00:30:00,0
2026-07-11 00:40:00,0
2026-07-11 00:50:00,0
2026-07-11 01:00:00,0
2026-07-11 01:10:00,0
2026-07-11 01:20:00,0
2026-07-11 01:30:00,0
2026-07-11 01:40:00,0
2026-07-11 01:50:00,0
2026-07-11 02:00:00,0
2026-07-11 02:10:00,0
2026-07-11 02:20:00,0
2026-07-11 02:30:00,0
2026-07-11 02:40:00,0
2026-07-11 02:50:00,0
2026-07-11 03:00:00,0
2026-07-11 03:10:00,0
2026-07-11 03:20:00,0
2026-07-11 03:30:00,0
2026-07-11 03:40:00,0
2026-07-11 03:50:00,0
2026-07-11 04:00:00,0
2026-07-11 04:10:00,0
2026-07-11 04:20:00,0
2026-07-11 04:30:00,0
2026-07-11 04:40:00,0
2026-07-11 04:50:00,0
2026-07-11 05:00:00,0
2026-07-11 05:10:00,0.6142857142857142
2026-07-11 05:20:00,21.183333333333334
2026-07-11 05:30:00,77.11428571428571
2026-07-11 05:40:00,272.4857142857143
2026-07-11 05:50:00,621.4666666666667
2026-07-11 06:00:00,1081.9571428571428
2026-07-11 06:10:00,1658.5857142857142
2026-07-11 06:20:00,2472.25
2026-07-11 06:30:00,3028.0857142857144
2026-07-11 06:40:00,3680.871428571428
2026-07-11 06:50:00,4373.916666666667
2026-07-11 07:00:00,4875.571428571428
2026-07-11 07:10:00,5430.057142857143
2026-07-11 07:20:00,6089.933333333334
2026-07-11 07:30:00,7446.199999999999
2026-07-11 07:40:00,8470.742857142857
2026-07-11 07:50:00,8556.816666666668
2026-07-11 08:00:00,8922.642857142857
2026-07-11 08:10:00,9497.685714285715
2026-07-11 08:20:00,9819.1
2026-07-11 08:30:00,10132.385714285716
2026-07-11 08:40:00,10642.642857142857
2026-07-11 08:50:00,10387.5
2026-07-11 09:00:00,11388.866666666667
2026-07-11 09:10:00,11968.814285714285
2026-07-11 09:20:00,11850.557142857142
2026-07-11 09:30:00,11982.4
2026-07-11 09:40:00,12300.885714285716
2026-07-11 09:50:00,10855.528571428571
2026-07-11 10:00:00,9342.750000000002
2026-07-11 10:10:00,9860.499999999998
2026-07-11 10:20:00,13764.714285714286
2026-07-11 10:30:00,11704.983333333332
2026-07-11 10:40:00,12336.557142857142
2026-07-11 10:50:00,12685.828571428574
2026-07-11 11:00:00,11414.683333333334
2026-07-11 11:10:00,6547.657142857143
2026-07-11 11:20:00,5658.628571428571
2026-07-11 11:30:00,12546.85
2026-07-11 11:40:00,17068.65714285714
2026-07-11 11:50:00,17731.885714285712
2026-07-11 12:00:00,16950.866666666665
2026-07-11 12:10:00,16066.257142857141
2026-07-11 12:20:00,15646
2026-07-11 12:30:00,15486.116666666667
2026-07-11 12:40:00,15020.557142857142
2026-07-11 12:50:00,6177.749999999999
2026-07-11 13:00:00,2633.3142857142852
2026-07-11 13:10:00,2090.1857142857143
2026-07-11 13:20:00,3360.0000000000005
2026-07-11 13:30:00,2644.0714285714284
2026-07-11 13:40:00,4456.542857142857
2026-07-11 13:50:00,5224.4
2026-07-11 14:00:00,4772.642857142857
2026-07-11 14:10:00,2853.585714285714
2026-07-11 14:20:00,2520.6333333333337
2026-07-11 14:30:00,2494.1428571428564
2026-07-11 14:40:00,2755
2026-07-11 14:50:00,3399.4
2026-07-11 15:00:00,3261.242857142857
2026-07-11 15:10:00,3291.971428571429
2026-07-11 15:20:00,3599.4166666666674
2026-07-11 15:30:00,4174.228571428571
2026-07-11 15:40:00,4776.0428571428565
2026-07-11 15:50:00,5080.683333333333
2026-07-11 16:00:00,4729.042857142857
2026-07-11 16:10:00,4228.400000000001
2026-07-11 16:20:00,4236.7
2026-07-11 16:30:00,4392.900000000001
2026-07-11 16:40:00,4348.728571428571
2026-07-11 16:50:00,4049.8142857142857
2026-07-11 17:00:00,3581.8500000000004
2026-07-11 17:10:00,2967.8571428571427
2026-07-11 17:20:00,2262.2285714285713
2026-07-11 17:30:00,1640.4000000000003
2026-07-11 17:40:00,1025.1428571428573
2026-07-11 17:50:00,474.31428571428575
2026-07-11 18:00:00,170.25000000000003
2026-07-11 18:10:00,51.300000000000004
2026-07-11 18:20:00,4
2026-07-11 18:30:00,0
2026-07-11 18:40:00,0
2026-07-11 18:50:00,0
2026-07-11 19:00:00,0
2026-07-11 19:10:00,0
2026-07-11 19:20:00,0
2026-07-11 19:30:00,0
2026-07-11 19:40:00,0
2026-07-11 19:50:00,0
2026-07-11 20:00:00,0
2026-07-11 20:10:00,0
2026-07-11 20:20:00,0
2026-07-11 20:30:00,0
2026-07-11 20:40:00,0
2026-07-11 20:50:00,0
2026-07-11 21:00:00,0
2026-07-11 21:10:00,0
2026-07-11 21:20:00,0
2026-07-11 21:30:00,0
2026-07-11 21:40:00,0
2026-07-11 21:50:00,0
2026-07-11 22:00:00,0
2026-07-11 22:10:00,0
2026-07-11 22:20:00,0
2026-07-11 22:30:00,0
2026-07-11 22:40:00,0
2026-07-11 22:50:00,0
2026-07-11 23:00:00,0
2026-07-11 23:10:00,0
2026-07-11 23:20:00,0
2026-07-11 23:30:00,0
2026-07-11 23:40:00,0
2026-07-11 23:50:00,0
2026-07-12 00:00:00,0
2026-07-12 00:10:00,0
2026-07-12 00:20:00,0
2026-07-12 00:30:00,0
2026-07-12 00:40:00,0
2026-07-12 00:50:00,0
2026-07-12 01:00:00,0
2026-07-12 01:10:00,0
2026-07-12 01:20:00,0
2026-07-12 01:30:00,0
2026-07-12 01:40:00,0
2026-07-12 01:50:00,0
2026-07-12 02:00:00,0
2026-07-12 02:10:00,0
2026-07-12 02:20:00,0
2026-07-12 02:30:00,0
2026-07-12 02:40:00,0
2026-07-12 02:50:00,0
2026-07-12 03:00:00,0
2026-07-12 03:10:00,0
2026-07-12 03:20:00,0
2026-07-12 03:30:00,0
2026-07-12 03:40:00,0
2026-07-12 03:50:00,0
2026-07-12 04:00:00,0
2026-07-12 04:10:00,0
2026-07-12 04:20:00,0
2026-07-12 04:30:00,0
2026-07-12 04:40:00,0
2026-07-12 04:50:00,0
2026-07-12 05:00:00,0
2026-07-12 05:10:00,0
2026-07-12 05:20:00,3.616666666666667
2026-07-12 05:30:00,63.9
2026-07-12 05:40:00,246.67142857142858
2026-07-12 05:50:00,582.0500000000001
2026-07-12 06:00:00,864.1571428571427
2026-07-12 06:10:00,1212.814285714286
2026-07-12 06:20:00,1340.7833333333335
2026-07-12 06:30:00,1049.3857142857144
2026-07-12 06:40:00,1675.457142857143
2026-07-12 06:50:00,2498.0666666666666
2026-07-12 07:00:00,2839.8
2026-07-12 07:10:00,3076.1499999999996
2026-07-12 07:20:00,3788.685714285714
2026-07-12 07:30:00,4414.033333333333
2026-07-12 07:40:00,5001.528571428571
2026-07-12 07:50:00,5336.671428571428
2026-07-12 08:00:00,5386.400000000001
2026-07-12 08:10:00,6000.842857142858
2026-07-12 08:20:00,6512.942857142857
2026-07-12 08:30:00,6432.916666666667
2026-07-12 08:40:00,4245.185714285714
2026-07-12 08:50:00,6238.314285714286
2026-07-12 09:00:00,8514.166666666666
2026-07-12 09:10:00,9714.585714285713
2026-07-12 09:20:00,10292.442857142856
2026-07-12 09:30:00,9809.75
2026-07-12 09:40:00,10560.6
2026-07-12 09:50:00,10080.157142857144
2026-07-12 10:00:00,10182.15
2026-07-12 10:10:00,11660.385714285714
2026-07-12 10:20:00,12609.642857142859
2026-07-12 10:30:00,12358.683333333334
2026-07-12 10:40:00,10561.22857142857
2026-07-12 10:50:00,10821.442857142858
2026-07-12 11:00:00,9578.616666666667
2026-07-12 11:10:00,11318.185714285715
2026-07-12 11:20:00,13845.185714285715
2026-07-12 11:30:00,14790.449999999999
2026-07-12 11:40:00,15558.457142857142
2026-07-12 11:50:00,18778.528571428575
2026-07-12 12:00:00,19016.7
2026-07-12 12:10:00,19729.928571428572
2026-07-12 12:20:00,16895.085714285713
2026-07-12 12:30:00,17526.833333333332
2026-07-12 12:40:00,12280.914285714285
2026-07-12 12:50:00,12587.016666666668
2026-07-12 13:00:00,12199.242857142857
2026-07-12 13:10:00,11304.357142857143
2026-07-12 13:20:00,9931.25
2026-07-12 13:30:00,10528.371428571427
2026-07-12 13:40:00,11515.07142857143
2026-07-12 13:50:00,12065.166666666666
2026-07-12 14:00:00,11136
2026-07-12 14:10:00,10225.757142857143
2026-07-12 14:20:00,8582.25
2026-07-12 14:30:00,7831.775
2026-07-12 14:40:00,7390
2026-07-12 14:50:00,6747.9571428571435
2026-07-12 15:00:00,6336.150000000001
2026-07-12 15:10:00,4419.371428571429
2026-07-12 15:20:00,3892.828571428571
2026-07-12 15:30:00,4461
2026-07-12 15:40:00,4906
2026-07-12 15:50:00,3612.671428571429
2026-07-12 16:00:00,2727.7999999999997
2026-07-12 16:10:00,3328.214285714286
2026-07-12 16:20:00,4297.428571428571
2026-07-12 16:30:00,4210.133333333332
2026-07-12 16:40:00,4041.528571428571
2026-07-12 16:50:00,3849.514285714286
2026-07-12 17:00:00,3334.5500000000006
2026-07-12 17:10:00,2632.7000000000003
2026-07-12 17:20:00,2093.2714285714287
2026-07-12 17:30:00,1538.6166666666668
2026-07-12 17:40:00,988.5714285714286
2026-07-12 17:50:00,556.0428571428572
2026-07-12 18:00:00,240.83333333333334
2026-07-12 18:10:00,70.04285714285714
2026-07-12 18:20:00,6.771428571428571
2026-07-12 18:30:00,0
2026-07-12 18:40:00,0
2026-07-12 18:50:00,0
2026-07-12 19:00:00,0
2026-07-12 19:10:00,0
2026-07-12 19:20:00,0
2026-07-12 19:30:00,0
2026-07-12 19:40:00,0
2026-07-12 19:50:00,0
2026-07-12 20:00:00,0
2026-07-12 20:10:00,0
2026-07-12 20:20:00,0
2026-07-12 20:30:00,0
2026-07-12 20:40:00,0
2026-07-12 20:50:00,0
2026-07-12 21:00:00,0
2026-07-12 21:10:00,0
2026-07-12 21:20:00,0
2026-07-12 21:30:00,0
2026-07-12 21:40:00,0
2026-07-12 21:50:00,0
2026-07-12 22:00:00,0
2026-07-12 22:10:00,0
2026-07-12 22:20:00,0
2026-07-12 22:30:00,0
2026-07-12 22:40:00,0
2026-07-12 22:50:00,0
2026-07-12 23:00:00,0
2026-07-12 23:10:00,0
2026-07-12 23:20:00,0
2026-07-12 23:30:00,0
2026-07-12 23:40:00,0
2026-07-12 23:50:00,0
2026-07-13 00:00:00,0
2026-07-13 00:10:00,0
2026-07-13 00:20:00,0
2026-07-13 00:30:00,0
2026-07-13 00:40:00,0
2026-07-13 00:50:00,0
2026-07-13 01:00:00,0
2026-07-13 01:10:00,0
2026-07-13 01:20:00,0
2026-07-13 01:30:00,0
2026-07-13 01:40:00,0
2026-07-13 01:50:00,0
2026-07-13 02:00:00,0
2026-07-13 02:10:00,0
2026-07-13 02:20:00,0
2026-07-13 02:30:00,0
2026-07-13 02:40:00,0
2026-07-13 02:50:00,0
2026-07-13 03:00:00,0
2026-07-13 03:10:00,0
2026-07-13 03:20:00,0
2026-07-13 03:30:00,0
2026-07-13 03:40:00,0
2026-07-13 03:50:00,0
2026-07-13 04:00:00,0
2026-07-13 04:10:00,0
2026-07-13 04:20:00,0
2026-07-13 04:30:00,0
2026-07-13 04:40:00,0
2026-07-13 04:50:00,0
2026-07-13 05:00:00,0
2026-07-13 05:10:00,1.0833333333333333
2026-07-13 05:20:00,45.58
2026-07-13 05:30:00,136.16666666666666
2026-07-13 05:40:00,353.5857142857143
2026-07-13 05:50:00,564.0142857142856
2026-07-13 06:00:00,922.8833333333333
2026-07-13 06:10:00,1571.0285714285712
2026-07-13 06:20:00,2131.9714285714285
2026-07-13 06:30:00,2244.6666666666665
2026-07-13 06:40:00,3065.8571428571427
2026-07-13 06:50:00,3503.014285714286
2026-07-13 07:00:00,4202.616666666667
2026-07-13 07:10:00,5708.7
2026-07-13 07:20:00,8604.657142857142
2026-07-13 07:30:00,9192.966666666667
2026-07-13 07:40:00,7548.800000000001
2026-07-13 07:50:00,7618.257142857144
2026-07-13 08:00:00,8426.699999999999
2026-07-13 08:10:00,9327.214285714286
2026-07-13 08:20:00,10055.885714285716
2026-07-13 08:30:00,9967.466666666667
2026-07-13 08:40:00,13096.557142857144
2026-07-13 08:50:00,17646.785714285714
2026-07-13 09:00:00,17931.483333333334
2026-07-13 09:10:00,16170.085714285717
2026-07-13 09:20:00,19357.58571428571
2026-07-13 09:30:00,17757.616666666665
2026-07-13 09:40:00,19741.9
2026-07-13 09:50:00,15039.585714285715
2026-07-13 10:00:00,13846.083333333334
2026-07-13 10:10:00,11592.514285714287
2026-07-13 10:20:00,9759.742857142857
2026-07-13 10:30:00,12275.550000000003
2026-07-13 10:40:00,12501.214285714286
2026-07-13 10:50:00,11838.257142857141
2026-07-13 11:00:00,11488.5
2026-07-13 11:10:00,13847.04285714286
2026-07-13 11:20:00,13875.300000000001
2026-07-13 11:30:00,16113.316666666668
2026-07-13 11:40:00,11213.399999999998
2026-07-13 11:50:00,10219.014285714287
2026-07-13 12:00:00,9768.533333333333
2026-07-13 12:10:00,6332.300000000001
2026-07-13 12:20:00,4656.228571428571
2026-07-13 12:30:00,4616.216666666666
2026-07-13 12:40:00,5851.25
2026-07-13 12:50:00,6710.485714285714
2026-07-13 13:00:00,6676.266666666666
2026-07-13 13:10:00,8715.871428571429
2026-07-13 13:20:00,9445.485714285713
2026-07-13 13:30:00,5054.883333333333
2026-07-13 13:40:00,6315.400000000001
2026-07-13 13:50:00,3926.6428571428564
2026-07-13 14:00:00,1565.8500000000001
2026-07-13 14:10:00,2118.1428571428573
2026-07-13 14:20:00,4045.2142857142862
2026-07-13 14:30:00,5861.616666666668
2026-07-13 14:40:00,5595.9571428571435
2026-07-13 14:50:00,5016.285714285715
2026-07-13 15:00:00,4492.566666666667
2026-07-13 15:10:00,3510.057142857143
2026-07-13 15:20:00,2155.3
2026-07-13 15:30:00,1495.2333333333333
2026-07-13 15:40:00,1278.2428571428572
2026-07-13 15:50:00,1395.3285714285714
2026-07-13 16:00:00,1492.0166666666667
2026-07-13 16:10:00,1385.7857142857142
2026-07-13 16:20:00,1156.6
2026-07-13 16:30:00,867.3166666666666
2026-07-13 16:40:00,664.7857142857143
2026-07-13 16:50:00,637.1428571428571
2026-07-13 17:00:00,689.9166666666666
2026-07-13 17:10:00,727.4428571428572
2026-07-13 17:20:00,732.342857142857
2026-07-13 17:30:00,670.5833333333334
2026-07-13 17:40:00,532.6714285714286
2026-07-13 17:50:00,340.6857142857143
2026-07-13 18:00:00,135.46666666666667
2026-07-13 18:10:00,38.41428571428571
2026-07-13 18:20:00,3.4
2026-07-13 18:30:00,0
2026-07-13 18:40:00,0
2026-07-13 18:50:00,0
2026-07-13 19:00:00,0
2026-07-13 19:10:00,0
2026-07-13 19:20:00,0
2026-07-13 19:30:00,0
2026-07-13 19:40:00,0
2026-07-13 19:50:00,0
2026-07-13 20:00:00,0
2026-07-13 20:10:00,0
2026-07-13 20:20:00,0
2026-07-13 20:30:00,0
2026-07-13 20:40:00,0
2026-07-13 20:50:00,0
2026-07-13 21:00:00,0
2026-07-13 21:10:00,0
2026-07-13 21:20:00,0
2026-07-13 21:30:00,0
2026-07-13 21:40:00,0
2026-07-13 21:50:00,0
2026-07-13 22:00:00,0
2026-07-13 22:10:00,0
2026-07-13 22:20:00,0
2026-07-13 22:30:00,0
2026-07-13 22:40:00,0
2026-07-13 22:50:00,0
2026-07-13 23:00:00,0
2026-07-13 23:10:00,0
2026-07-13 23:20:00,0
2026-07-13 23:30:00,0
2026-07-13 23:40:00,0
2026-07-13 23:50:00,0
2026-07-14 00:00:00,0
2026-07-14 00:10:00,0
2026-07-14 00:20:00,0
2026-07-14 00:30:00,0
2026-07-14 00:40:00,0
2026-07-14 00:50:00,0
2026-07-14 01:00:00,0
2026-07-14 01:10:00,0
2026-07-14 01:20:00,0
2026-07-14 01:30:00,0
2026-07-14 01:40:00,0
2026-07-14 01:50:00,0
2026-07-14 02:00:00,0
2026-07-14 02:10:00,0
2026-07-14 02:20:00,0
2026-07-14 02:30:00,0
2026-07-14 02:40:00,0
2026-07-14 02:50:00,0
2026-07-14 03:00:00,0
2026-07-14 03:10:00,0
2026-07-14 03:20:00,0
2026-07-14 03:30:00,0
2026-07-14 03:40:00,0
2026-07-14 03:50:00,0
2026-07-14 04:00:00,0
2026-07-14 04:10:00,0
2026-07-14 04:20:00,0
2026-07-14 04:30:00,0
2026-07-14 04:40:00,0
2026-07-14 04:50:00,0
2026-07-14 05:00:00,0
2026-07-14 05:10:00,0.6285714285714287
2026-07-14 05:20:00,18.442857142857143
2026-07-14 05:30:00,65.96666666666667
2026-07-14 05:40:00,220.2571428571429
2026-07-14 05:50:00,530.5285714285714
2026-07-14 06:00:00,912.15
2026-07-14 06:10:00,1429.1000000000001
2026-07-14 06:20:00,2160.842857142857
2026-07-14 06:30:00,3005.183333333333
2026-07-14 06:40:00,3830.7714285714287
2026-07-14 06:50:00,5017.8
2026-07-14 07:00:00,7119.616666666668
2026-07-14 07:10:00,9160.085714285715
2026-07-14 07:20:00,9775.414285714285
2026-07-14 07:30:00,8892.983333333334
2026-07-14 07:40:00,10337.9
2026-07-14 07:50:00,11097.271428571428
2026-07-14 08:00:00,11420.4
2026-07-14 08:10:00,13155.528571428571
2026-07-14 08:20:00,10560.6
2026-07-14 08:30:00,12319.266666666665
2026-07-14 08:40:00,12093.542857142858
2026-07-14 08:50:00,9923.471428571429
2026-07-14 09:00:00,9574.300000000001
2026-07-14 09:10:00,8979.757142857143
2026-07-14 09:20:00,7601.042857142857
2026-07-14 09:30:00,7969.383333333334
2026-07-14 09:40:00,9085.42857142857
2026-07-14 09:50:00,10324.685714285715
2026-07-14 10:00:00,11339.4
2026-07-14 10:10:00,11846.857142857143
2026-07-14 10:20:00,13031.728571428572
2026-07-14 10:30:00,13705.566666666668
2026-07-14 10:40:00,15621.457142857142
2026-07-14 10:50:00,19507.9
2026-07-14 11:00:00,23771.625
2026-07-14 11:10:00,22633.3
2026-07-14 11:20:00,18956.399999999998
2026-07-14 11:30:00,21555.899999999998
2026-07-14 11:40:00,21855.25
2026-07-14 11:50:00,19208.3
2026-07-14 12:00:00,17786.27142857143
2026-07-14 12:10:00,17826.433333333334
2026-07-14 12:20:00,21398.928571428572
2026-07-14 12:30:00,19977.514285714286
2026-07-14 12:40:00,19259
2026-07-14 12:50:00,19128.114285714288
2026-07-14 13:00:00,16222.3
2026-07-14 13:10:00,16373.85
2026-07-14 13:20:00,15540.92857142857
2026-07-14 13:30:00,16627.5
2026-07-14 13:40:00,21056.733333333334
2026-07-14 13:50:00,18245.82857142857
2026-07-14 14:00:00,17545.1
2026-07-14 14:10:00,15177.883333333331
2026-07-14 14:20:00,12710.399999999998
2026-07-14 14:30:00,13650.128571428571
2026-07-14 14:40:00,12976.216666666669
2026-07-14 14:50:00,13280.871428571429
2026-07-14 15:00:00,9030.142857142857
2026-07-14 15:10:00,8661.45
2026-07-14 15:20:00,7560.5142857142855
2026-07-14 15:30:00,6466.857142857143
2026-07-14 15:40:00,7433.583333333335
2026-07-14 15:50:00,6697.271428571429
2026-07-14 16:00:00,5349.5714285714275
2026-07-14 16:10:00,5919.316666666667
2026-07-14 16:20:00,4590.814285714287
2026-07-14 16:30:00,5057.742857142856
2026-07-14 16:40:00,3337.4166666666665
2026-07-14 16:50:00,3002.2714285714287
2026-07-14 17:00:00,2634.2285714285717
2026-07-14 17:10:00,2530.3166666666666
2026-07-14 17:20:00,2227.2000000000003
2026-07-14 17:30:00,1712.6285714285714
2026-07-14 17:40:00,1152.25
2026-07-14 17:50:00,504.4285714285714
2026-07-14 18:00:00,214.74285714285716
2026-07-14 18:10:00,74.55
2026-07-14 18:20:00,3.7749999999999995
2026-07-14 18:30:00,0
2026-07-14 18:40:00,0
2026-07-14 18:50:00,0
2026-07-14 19:00:00,0
2026-07-14 19:10:00,0
2026-07-14 19:20:00,0
2026-07-14 19:30:00,0
2026-07-14 19:40:00,0
2026-07-14 19:50:00,0
2026-07-14 20:00:00,0
2026-07-14 20:10:00,0
2026-07-14 20:20:00,0
2026-07-14 20:30:00,0
2026-07-14 20:40:00,0
2026-07-14 20:50:00,0
2026-07-14 21:00:00,0
2026-07-14 21:10:00,0
2026-07-14 21:20:00,0
2026-07-14 21:30:00,0
2026-07-14 21:40:00,0
2026-07-14 21:50:00,0
2026-07-14 22:00:00,0
2026-07-14 22:10:00,0
2026-07-14 22:20:00,0
2026-07-14 22:30:00,0
2026-07-14 22:40:00,0
2026-07-14 22:50:00,0
2026-07-14 23:00:00,0
2026-07-14 23:10:00,0
2026-07-14 23:20:00,0
2026-07-14 23:30:00,0
2026-07-14 23:40:00,0
2026-07-14 23:50:00,0
2026-07-15 00:00:00,0
2026-07-15 00:10:00,0
2026-07-15 00:20:00,0
2026-07-15 00:30:00,0
2026-07-15 00:40:00,0
2026-07-15 00:50:00,0
2026-07-15 01:00:00,0
2026-07-15 01:10:00,0
2026-07-15 01:20:00,0
2026-07-15 01:30:00,0
2026-07-15 01:40:00,0
2026-07-15 01:50:00,0
2026-07-15 02:00:00,0
2026-07-15 02:10:00,0
2026-07-15 02:20:00,0
2026-07-15 02:30:00,0
2026-07-15 02:40:00,0
2026-07-15 02:50:00,0
2026-07-15 03:00:00,0
2026-07-15 03:10:00,0
2026-07-15 03:20:00,0
2026-07-15 03:30:00,0
2026-07-15 03:40:00,0
2026-07-15 03:50:00,0
2026-07-15 04:00:00,0
2026-07-15 04:10:00,0
2026-07-15 04:20:00,0
2026-07-15 04:30:00,0
2026-07-15 04:40:00,0
2026-07-15 04:50:00,0
2026-07-15 05:00:00,0
2026-07-15 05:10:00,0.3666666666666667
2026-07-15 05:20:00,13.542857142857144
2026-07-15 05:30:00,67.28571428571429
2026-07-15 05:40:00,290.6666666666667
2026-07-15 05:50:00,627.3000000000001
2026-07-15 06:00:00,905.3142857142858
2026-07-15 06:10:00,1128.9666666666667
2026-07-15 06:20:00,1462.2857142857142
2026-07-15 06:30:00,2020.4714285714285
2026-07-15 06:40:00,2321.35
2026-07-15 06:50:00,3381.6714285714284
2026-07-15 07:00:00,3875.9428571428575
2026-07-15 07:10:00,5097.900000000001
2026-07-15 07:20:00,5380.928571428572
2026-07-15 07:30:00,6492.9857142857145
2026-07-15 07:40:00,10664.199999999999
2026-07-15 07:50:00,13120.814285714287
2026-07-15 08:00:00,14153.014285714284
2026-07-15 08:10:00,14763.58333333333
2026-07-15 08:20:00,11479.442857142856
2026-07-15 08:30:00,14988.585714285713
2026-07-15 08:40:00,15191.116666666667
2026-07-15 08:50:00,17080.014285714286
2026-07-15 09:00:00,14431.76
2026-07-15 09:10:00,18524.42
2026-07-15 09:20:00,18588.071428571428
2026-07-15 09:30:00,18955.157142857144
2026-07-15 09:40:00,19638.5
2026-07-15 09:50:00,20473.657142857144
2026-07-15 10:00:00,19636.82857142857
2026-07-15 10:10:00,20172.183333333334
2026-07-15 10:20:00,18842.12857142857
2026-07-15 10:30:00,19089.72857142857
2026-07-15 10:40:00,21824.416666666668
2026-07-15 10:50:00,22280.600000000002
2026-07-15 11:00:00,21548.557142857142
2026-07-15 11:10:00,18276.616666666665
2026-07-15 11:20:00,14486.614285714286
2026-07-15 11:30:00,17108.585714285717
2026-07-15 11:40:00,17523.233333333334
2026-07-15 11:50:00,15023.328571428572
2026-07-15 12:00:00,16300.642857142855
2026-07-15 12:10:00,13990.849999999999
2026-07-15 12:20:00,21524.585714285717
2026-07-15 12:30:00,20472.414285714283
2026-07-15 12:40:00,16045.933333333332
2026-07-15 12:50:00,17102.742857142857
2026-07-15 13:00:00,14912.714285714286
2026-07-15 13:10:00,12615.333333333334
2026-07-15 13:20:00,12485.514285714287
2026-07-15 13:30:00,12222.871428571427
2026-07-15 13:40:00,15583.6
2026-07-15 13:50:00,12658.800000000001
2026-07-15 14:00:00,9556.371428571429
2026-07-15 14:10:00,13505.933333333334
2026-07-15 14:20:00,9611.057142857142
2026-07-15 14:30:00,13434.471428571429
2026-07-15 14:40:00,15964.583333333334
2026-07-15 14:50:00,8344.157142857144
2026-07-15 15:00:00,2829.928571428571
2026-07-15 15:10:00,2140
2026-07-15 15:20:00,1732.6
2026-07-15 15:30:00,1649.6714285714284
2026-07-15 15:40:00,1589.5166666666664
2026-07-15 15:50:00,1978.0714285714287
2026-07-15 16:00:00,2210.628571428572
2026-07-15 16:10:00,2457.55
2026-07-15 16:20:00,2443.1571428571433
2026-07-15 16:30:00,2010.625
2026-07-15 16:40:00,1872.2833333333335
2026-07-15 16:50:00,1859.8
2026-07-15 17:00:00,1883.742857142857
2026-07-15 17:10:00,1948.5999999999997
2026-07-15 17:20:00,1558.4285714285713
2026-07-15 17:30:00,1018.3857142857142
2026-07-15 17:40:00,799.9499999999999
2026-07-15 17:50:00,725.3
2026-07-15 18:00:00,384
2026-07-15 18:10:00,111.48333333333333
2026-07-15 18:20:00,15.685714285714287
2026-07-15 18:30:00,0
2026-07-15 18:40:00,0
2026-07-15 18:50:00,0
2026-07-15 19:00:00,0
2026-07-15 19:10:00,0
2026-07-15 19:20:00,0
2026-07-15 19:30:00,0
2026-07-15 19:40:00,0
2026-07-15 19:50:00,0
2026-07-15 20:00:00,0
2026-07-15 20:10:00,0
2026-07-15 20:20:00,0
2026-07-15 20:30:00,0
2026-07-15 20:40:00,0
2026-07-15 20:50:00,0
2026-07-15 21:00:00,0
2026-07-15 21:10:00,0
2026-07-15 21:20:00,0
2026-07-15 21:30:00,0
2026-07-15 21:40:00,0
2026-07-15 21:50:00,0
2026-07-15 22:00:00,0
2026-07-15 22:10:00,0
2026-07-15 22:20:00,0
2026-07-15 22:30:00,0
2026-07-15 22:40:00,0
2026-07-15 22:50:00,0
2026-07-15 23:00:00,0
2026-07-15 23:10:00,0
2026-07-15 23:20:00,0
2026-07-15 23:30:00,0
2026-07-15 23:40:00,0
2026-07-15 23:50:00,0
2026-07-16 00:00:00,0
2026-07-16 00:10:00,0
2026-07-16 00:20:00,0
2026-07-16 00:30:00,0
2026-07-16 00:40:00,0
2026-07-16 00:50:00,0
2026-07-16 01:00:00,0
2026-07-16 01:10:00,0
2026-07-16 01:20:00,0
2026-07-16 01:30:00,0
2026-07-16 01:40:00,0
2026-07-16 01:50:00,0
2026-07-16 02:00:00,0
2026-07-16 02:10:00,0
2026-07-16 02:20:00,0
2026-07-16 02:30:00,0
2026-07-16 02:40:00,0
2026-07-16 02:50:00,0
2026-07-16 03:00:00,0
2026-07-16 03:10:00,0
2026-07-16 03:20:00,0
2026-07-16 03:30:00,0
2026-07-16 03:40:00,0
2026-07-16 03:50:00,0
2026-07-16 04:00:00,0
2026-07-16 04:10:00,0
2026-07-16 04:20:00,0
2026-07-16 04:30:00,0
2026-07-16 04:40:00,0
2026-07-16 04:50:00,0
2026-07-16 05:00:00,0
2026-07-16 05:10:00,0.3666666666666667
2026-07-16 05:20:00,27.97142857142857
2026-07-16 05:30:00,95.54285714285713
2026-07-16 05:40:00,252.3166666666667
2026-07-16 05:50:00,452.5142857142858
2026-07-16 06:00:00,704.1
2026-07-16 06:10:00,1069.45
2026-07-16 06:20:00,1834.6000000000001
2026-07-16 06:30:00,2106.7714285714287
2026-07-16 06:40:00,2163.3166666666666
2026-07-16 06:50:00,3118.0714285714284
2026-07-16 07:00:00,4302.642857142857
2026-07-16 07:10:00,4614.766666666667
2026-07-16 07:20:00,6015.75
2026-07-16 07:30:00,4964.3714285714295
2026-07-16 07:40:00,6168.585714285715
2026-07-16 07:50:00,9672.866666666667
2026-07-16 08:00:00,8459.4
2026-07-16 08:10:00,12609.6
2026-07-16 08:20:00,8215.742857142857
2026-07-16 08:30:00,12810.842857142856
2026-07-16 08:40:00,16700.000000000004
2026-07-16 08:50:00,16786.34285714286
2026-07-16 09:00:00,17021.942857142854
2026-07-16 09:10:00,15827.283333333333
2026-07-16 09:20:00,18157.071428571428
2026-07-16 09:30:00,18943.485714285714
2026-07-16 09:40:00,17856.583333333332
2026-07-16 09:50:00,18004.37142857143
2026-07-16 10:00:00,19427.928571428572
2026-07-16 10:10:00,19905.916666666668
2026-07-16 10:20:00,20799.87142857143
2026-07-16 10:30:00,21469.285714285714
2026-07-16 10:40:00,18751.133333333335
2026-07-16 10:50:00,22355.257142857146
2026-07-16 11:00:00,21782.014285714286
2026-07-16 11:10:00,21247.750000000004
2026-07-16 11:20:00,19960.614285714288
2026-07-16 11:30:00,15636.785714285712
2026-07-16 11:40:00,15108.683333333334
2026-07-16 11:50:00,19972.600000000002
2026-07-16 12:00:00,21269.600000000002
2026-07-16 12:10:00,18682.68333333333
2026-07-16 12:20:00,21840.7
2026-07-16 12:30:00,16017.1
2026-07-16 12:40:00,15526.599999999999
2026-07-16 12:50:00,14635.32857142857
2026-07-16 13:00:00,16033.085714285715
2026-07-16 13:10:00,15850.583333333334
2026-07-16 13:20:00,17930.642857142855
2026-07-16 13:30:00,17049
2026-07-16 13:40:00,13208.833333333334
2026-07-16 13:50:00,12648.042857142858
2026-07-16 14:00:00,12458.214285714286
2026-07-16 14:10:00,11765.200000000003
2026-07-16 14:20:00,11078.242857142857
2026-07-16 14:30:00,8522.342857142858
2026-07-16 14:40:00,7794.65
2026-07-16 14:50:00,8268.65
2026-07-16 15:00:00,8800.657142857144
2026-07-16 15:10:00,10729.257142857143
2026-07-16 15:20:00,10331.25
2026-07-16 15:30:00,8806.5
2026-07-16 15:40:00,8646.142857142857
2026-07-16 15:50:00,7952.883333333334
2026-07-16 16:00:00,7707.328571428571
2026-07-16 16:10:00,7010.9285714285725
2026-07-16 16:20:00,5995.666666666667
2026-07-16 16:30:00,3934.9285714285716
2026-07-16 16:40:00,3065.75
2026-07-16 16:50:00,3763.8
2026-07-16 17:00:00,3240.6428571428573
2026-07-16 17:10:00,2673.3166666666666
2026-07-16 17:20:00,2099.114285714286
2026-07-16 17:30:00,1620.1571428571426
2026-07-16 17:40:00,1221.8
2026-07-16 17:50:00,808.2428571428571
2026-07-16 18:00:00,267.25714285714287
2026-07-16 18:10:00,65.95
2026-07-16 18:20:00,7.385714285714286
2026-07-16 18:30:00,0
2026-07-16 18:40:00,0
2026-07-16 18:50:00,0
2026-07-16 19:00:00,0
2026-07-16 19:10:00,0
2026-07-16 19:20:00,0
2026-07-16 19:30:00,0
2026-07-16 19:40:00,0
2026-07-16 19:50:00,0
2026-07-16 20:00:00,0
2026-07-16 20:10:00,0
2026-07-16 20:20:00,0
2026-07-16 20:30:00,0
2026-07-16 20:40:00,0
2026-07-16 20:50:00,0
2026-07-16 21:00:00,0
2026-07-16 21:10:00,0
2026-07-16 21:20:00,0
2026-07-16 21:30:00,0
2026-07-16 21:40:00,0
2026-07-16 21:50:00,0
2026-07-16 22:00:00,0
2026-07-16 22:10:00,0
2026-07-16 22:20:00,0
2026-07-16 22:30:00,0
2026-07-16 22:40:00,0
2026-07-16 22:50:00,0
2026-07-16 23:00:00,0
2026-07-16 23:10:00,0
2026-07-16 23:20:00,0
2026-07-16 23:30:00,0
2026-07-16 23:40:00,0
2026-07-16 23:50:00,0
2026-07-17 00:00:00,0
2026-07-17 00:10:00,0
2026-07-17 00:20:00,0
2026-07-17 00:30:00,0
2026-07-17 00:40:00,0
2026-07-17 00:50:00,0
2026-07-17 01:00:00,0
2026-07-17 01:10:00,0
2026-07-17 01:20:00,0
2026-07-17 01:30:00,0
2026-07-17 01:40:00,0
2026-07-17 01:50:00,0
2026-07-17 02:00:00,0
2026-07-17 02:10:00,0
2026-07-17 02:20:00,0
2026-07-17 02:30:00,0
2026-07-17 02:40:00,0
2026-07-17 02:50:00,0
2026-07-17 03:00:00,0
2026-07-17 03:10:00,0
2026-07-17 03:20:00,0
2026-07-17 03:30:00,0
2026-07-17 03:40:00,0
2026-07-17 03:50:00,0
2026-07-17 04:00:00,0
2026-07-17 04:10:00,0
2026-07-17 04:20:00,0
2026-07-17 04:30:00,0
2026-07-17 04:40:00,0
2026-07-17 04:50:00,0
2026-07-17 05:00:00,0
2026-07-17 05:10:00,0.7166666666666667
2026-07-17 05:20:00,36.27142857142857
2026-07-17 05:30:00,225.25
2026-07-17 05:40:00,546.2
2026-07-17 05:50:00,1136.1333333333332
2026-07-17 06:00:00,1998.9428571428573
2026-07-17 06:10:00,2575.8857142857146
2026-07-17 06:20:00,2261.1499999999996
2026-07-17 06:30:00,2878.7571428571428
2026-07-17 06:40:00,3887.6428571428573
2026-07-17 06:50:00,5151.650000000001
2026-07-17 07:00:00,7173.114285714286
2026-07-17 07:10:00,7523.314285714286
2026-07-17 07:20:00,7856.483333333333
2026-07-17 07:30:00,8292.542857142858
2026-07-17 07:40:00,11892.028571428571
2026-07-17 07:50:00,12546.15
2026-07-17 08:00:00,12565.4
2026-07-17 08:10:00,10305.028571428573
2026-07-17 08:20:00,12932.483333333332
2026-07-17 08:30:00,12789.342857142856
2026-07-17 08:40:00,10863.833333333334
2026-07-17 08:50:00,9813.199999999999
2026-07-17 09:00:00,13212.985714285716
2026-07-17 09:10:00,18849.7
2026-07-17 09:20:00,9479.27142857143
2026-07-17 09:30:00,14480.800000000001
2026-07-17 09:40:00,19877.916666666668
2026-07-17 09:50:00,16634.557142857146
2026-07-17 10:00:00,18056.899999999998
2026-07-17 10:10:00,21332.68333333333
2026-07-17 10:20:00,17663.057142857142
2026-07-17 10:30:00,21068.071428571428
2026-07-17 10:40:00,21442.7
2026-07-17 10:50:00,13310.057142857142
2026-07-17 11:00:00,12085.257142857143
2026-07-17 11:10:00,18792.350000000002
2026-07-17 11:20:00,13964.085714285715
2026-07-17 11:30:00,22142.985714285714
2026-07-17 11:40:00,21043.100000000002
2026-07-17 11:50:00,18724.157142857144
2026-07-17 12:00:00,17588.14285714286
2026-07-17 12:10:00,19572.566666666666
2026-07-17 12:20:00,14040.885714285716
2026-07-17 12:30:00,17428.057142857142
2026-07-17 12:40:00,15796.83333333333
2026-07-17 12:50:00,17384.9
2026-07-17 13:00:00,13782.528571428571
2026-07-17 13:10:00,9798.442857142858
2026-07-17 13:20:00,10439.833333333334
2026-07-17 13:30:00,8946.271428571428
2026-07-17 13:40:00,10530.5
2026-07-17 13:50:00,11836.516666666668
2026-07-17 14:00:00,14386.485714285716
2026-07-17 14:10:00,9688.785714285714
2026-07-17 14:20:00,10844.833333333334
2026-07-17 14:30:00,12558.328571428572
2026-07-17 14:40:00,10607
2026-07-17 14:50:00,17331.866666666665
2026-07-17 15:00:00,11747.642857142857
2026-07-17 15:10:00,12833.599999999997
2026-07-17 15:20:00,9034.933333333334
2026-07-17 15:30:00,8258.785714285716
2026-07-17 15:40:00,6626.9285714285725
2026-07-17 15:50:00,6613.9000000000015
2026-07-17 16:00:00,4856.5142857142855
2026-07-17 16:10:00,3928.171428571429
2026-07-17 16:20:00,3540.65
2026-07-17 16:30:00,3551.842857142857
2026-07-17 16:40:00,3799.3999999999996
2026-07-17 16:50:00,3106.4000000000005
2026-07-17 17:00:00,2113.842857142857
2026-07-17 17:10:00,1583.7833333333335
2026-07-17 17:20:00,1292.3857142857141
2026-07-17 17:30:00,1105
2026-07-17 17:40:00,628.2833333333333
2026-07-17 17:50:00,325.8
2026-07-17 18:00:00,156.65714285714284
2026-07-17 18:10:00,45.166666666666664
2026-07-17 18:20:00,5.557142857142857
2026-07-17 18:30:00,0
2026-07-17 18:40:00,0
2026-07-17 18:50:00,0
2026-07-17 19:00:00,0
2026-07-17 19:10:00,0
2026-07-17 19:20:00,0
2026-07-17 19:30:00,0
2026-07-17 19:40:00,0
2026-07-17 19:50:00,0
2026-07-17 20:00:00,0
2026-07-17 20:10:00,0
2026-07-17 20:20:00,0
2026-07-17 20:30:00,0
2026-07-17 20:40:00,0
2026-07-17 20:50:00,0
2026-07-17 21:00:00,0
2026-07-17 21:10:00,0
2026-07-17 21:20:00,0
2026-07-17 21:30:00,0
2026-07-17 21:40:00,0
2026-07-17 21:50:00,0
2026-07-17 22:00:00,0
2026-07-17 22:10:00,0
2026-07-17 22:20:00,0
2026-07-17 22:30:00,0
2026-07-17 22:40:00,0
2026-07-17 22:50:00,0
2026-07-17 23:00:00,0
2026-07-17 23:10:00,0
2026-07-17 23:20:00,0
2026-07-17 23:30:00,0
2026-07-17 23:40:00,0
2026-07-17 23:50:00,0
2026-07-18 00:00:00,0
2026-07-18 00:10:00,0
2026-07-18 00:20:00,0
2026-07-18 00:30:00,0
2026-07-18 00:40:00,0
2026-07-18 00:50:00,0
2026-07-18 01:00:00,0
2026-07-18 01:10:00,0
2026-07-18 01:20:00,0
2026-07-18 01:30:00,0
2026-07-18 01:40:00,0
2026-07-18 01:50:00,0
2026-07-18 02:00:00,0
2026-07-18 02:10:00,0
2026-07-18 02:20:00,0
2026-07-18 02:30:00,0
2026-07-18 02:40:00,0
2026-07-18 02:50:00,0
2026-07-18 03:00:00,0
2026-07-18 03:10:00,0
2026-07-18 03:20:00,0
2026-07-18 03:30:00,0
2026-07-18 03:40:00,0
2026-07-18 03:50:00,0
2026-07-18 04:00:00,0
2026-07-18 04:10:00,0
2026-07-18 04:20:00,0
2026-07-18 04:30:00,0
2026-07-18 04:40:00,0
2026-07-18 04:50:00,0
2026-07-18 05:00:00,0
2026-07-18 05:10:00,0.6142857142857142
2026-07-18 05:20:00,21.51666666666667
2026-07-18 05:30:00,90.92857142857143
2026-07-18 05:40:00,266.9428571428571
2026-07-18 05:50:00,812.5
2026-07-18 06:00:00,1274.5714285714287
2026-07-18 06:10:00,1634.6000000000001
2026-07-18 06:20:00,2649.6666666666665
2026-07-18 06:30:00,3238.1857142857148
2026-07-18 06:40:00,4023.714285714286
2026-07-18 06:50:00,4045.266666666667
2026-07-18 07:00:00,4097.442857142857
2026-07-18 07:10:00,4730.285714285715
2026-07-18 07:20:00,5170.633333333334
2026-07-18 07:30:00,5971.642857142856
2026-07-18 07:40:00,6538.442857142858
2026-07-18 07:50:00,8870.050000000001
2026-07-18 08:00:00,9413.542857142858
2026-07-18 08:10:00,9127.842857142858
2026-07-18 08:30:00,9135.6
2026-07-18 08:40:00,10224.528571428571
2026-07-18 08:50:00,12980.742857142857
2026-07-18 09:00:00,14351.766666666668
2026-07-18 09:10:00,13954.871428571429
2026-07-18 09:20:00,14985.528571428573
2026-07-18 09:30:00,14674.666666666666
2026-07-18 09:40:00,10991.614285714286
2026-07-18 09:50:00,11487.728571428572
2026-07-18 10:00:00,13009.566666666666
2026-07-18 10:10:00,11835.485714285716
2026-07-18 10:20:00,8517.728571428572
2026-07-18 10:30:00,10900.383333333333
2026-07-18 10:40:00,14095.885714285714
2026-07-18 10:50:00,14216.614285714284
2026-07-18 11:00:00,11935.433333333332
2026-07-18 11:10:00,11560.871428571429
2026-07-18 11:20:00,17204.42857142857
2026-07-18 11:30:00,11677.733333333332
2026-07-18 11:40:00,9301.699999999999
2026-07-18 11:50:00,11885.557142857142
2026-07-18 12:00:00,14019.516666666668
2026-07-18 12:10:00,17487.071428571428
2026-07-18 12:20:00,15130.2
2026-07-18 12:30:00,10853.800000000001
2026-07-18 12:40:00,11931.357142857141
2026-07-18 12:50:00,11659.77142857143
2026-07-18 13:00:00,12939.333333333334
2026-07-18 13:10:00,12735.9
2026-07-18 13:20:00,15287.800000000001
2026-07-18 13:30:00,15027.366666666667
2026-07-18 13:40:00,14134.914285714285
2026-07-18 13:50:00,11006.971428571429
2026-07-18 14:00:00,11567.366666666669
2026-07-18 14:10:00,13025.585714285715
2026-07-18 14:20:00,12386.628571428571
2026-07-18 14:30:00,11927.916666666666
2026-07-18 14:40:00,11136.614285714286
2026-07-18 14:50:00,10069.4
2026-07-18 15:00:00,8466.1
2026-07-18 15:10:00,7889.828571428573
2026-07-18 15:20:00,7272.0428571428565
2026-07-18 15:30:00,6692.416666666667
2026-07-18 15:40:00,6069.9571428571435
2026-07-18 15:50:00,5035.150000000001
2026-07-18 16:00:00,5568.599999999999
2026-07-18 16:10:00,4937.316666666667
2026-07-18 16:20:00,5600.557142857143
2026-07-18 16:30:00,5846.55
2026-07-18 16:40:00,5780.271428571429
2026-07-18 16:50:00,5391.685714285714
2026-07-18 17:00:00,4759.55
2026-07-18 17:10:00,4231.371428571429
2026-07-18 17:20:00,3673.471428571429
2026-07-18 17:30:00,2884.3833333333337
2026-07-18 17:40:00,1695.7428571428575
2026-07-18 17:50:00,819.6285714285715
2026-07-18 18:00:00,365.20000000000005
2026-07-18 18:10:00,87.24285714285715
2026-07-18 18:20:00,9.242857142857144
2026-07-18 18:30:00,0
2026-07-18 18:40:00,0
2026-07-18 18:50:00,0
2026-07-18 19:00:00,0
2026-07-18 19:10:00,0
2026-07-18 19:20:00,0
2026-07-18 19:30:00,0
2026-07-18 19:40:00,0
2026-07-18 19:50:00,0
2026-07-18 20:00:00,0
2026-07-18 20:10:00,0
2026-07-18 20:20:00,0
2026-07-18 20:30:00,0
2026-07-18 20:40:00,0
2026-07-18 20:50:00,0
2026-07-18 21:00:00,0
2026-07-18 21:10:00,0
2026-07-18 21:20:00,0
2026-07-18 21:30:00,0
2026-07-18 21:40:00,0
2026-07-18 21:50:00,0
2026-07-18 22:00:00,0
2026-07-18 22:10:00,0
2026-07-18 22:20:00,0
2026-07-18 22:30:00,0
2026-07-18 22:40:00,0
2026-07-18 22:50:00,0
2026-07-18 23:00:00,0
2026-07-18 23:10:00,0
2026-07-18 23:20:00,0
2026-07-18 23:30:00,0
2026-07-18 23:40:00,0
2026-07-18 23:50:00,0
2026-07-19 00:00:00,0
2026-07-19 00:10:00,0
2026-07-19 00:20:00,0
2026-07-19 00:30:00,0
2026-07-19 00:40:00,0
2026-07-19 00:50:00,0
2026-07-19 01:00:00,0
2026-07-19 01:10:00,0
2026-07-19 01:20:00,0
2026-07-19 01:30:00,0
2026-07-19 01:40:00,0
2026-07-19 01:50:00,0
2026-07-19 02:00:00,0
2026-07-19 02:10:00,0
2026-07-19 02:20:00,0
2026-07-19 02:30:00,0
2026-07-19 02:40:00,0
2026-07-19 02:50:00,0
2026-07-19 03:00:00,0
2026-07-19 03:10:00,0
2026-07-19 03:20:00,0
2026-07-19 03:30:00,0
2026-07-19 03:40:00,0
2026-07-19 03:50:00,0
2026-07-19 04:00:00,0
2026-07-19 04:10:00,0
2026-07-19 04:20:00,0
2026-07-19 04:30:00,0
2026-07-19 04:40:00,0
2026-07-19 04:50:00,0
2026-07-19 05:00:00,0
2026-07-19 05:10:00,0.31428571428571433
2026-07-19 05:20:00,24.585714285714285
2026-07-19 05:30:00,103.96666666666665
2026-07-19 05:40:00,325.3142857142857
2026-07-19 05:50:00,753.5714285714286
2026-07-19 06:00:00,1261.9333333333334
2026-07-19 06:10:00,1807.8714285714289
2026-07-19 06:20:00,2405.0714285714284
2026-07-19 06:30:00,2825.25
2026-07-19 06:40:00,3146.0249999999996
2026-07-19 06:50:00,3725.7285714285717
2026-07-19 07:00:00,4502.3
2026-07-19 07:10:00,5579.216666666666
2026-07-19 07:20:00,6851.785714285715
2026-07-19 07:30:00,8122.057142857142
2026-07-19 07:40:00,9986.433333333334
2026-07-19 07:50:00,11774.057142857142
2026-07-19 08:00:00,12804.4
2026-07-19 08:10:00,13696.266666666668
2026-07-19 08:20:00,15330.814285714285
2026-07-19 08:30:00,15458.614285714286
2026-07-19 08:40:00,16727.583333333332
2026-07-19 08:50:00,18024.657142857144
2026-07-19 09:00:00,18898.783333333336
2026-07-19 09:10:00,19731.457142857143
2026-07-19 09:20:00,20484.114285714284
2026-07-19 09:30:00,20720.899999999998
2026-07-19 09:40:00,21373.442857142858
2026-07-19 09:50:00,20258.9
2026-07-19 10:00:00,17461.95
2026-07-19 10:10:00,17311.957142857143
2026-07-19 10:20:00,19798.728571428568
2026-07-19 10:30:00,16605.38333333333
2026-07-19 10:40:00,16668.67142857143
2026-07-19 10:50:00,12985.957142857142
2026-07-19 11:00:00,12221.800000000001
2026-07-19 11:10:00,12499.042857142858
2026-07-19 11:20:00,12628.985714285713
2026-07-19 11:30:00,12997.716666666667
2026-07-19 11:40:00,12225.942857142858
2026-07-19 11:50:00,12263.114285714284
2026-07-19 12:00:00,12790.583333333334
2026-07-19 12:10:00,14193.557142857144
2026-07-19 12:20:00,14443.614285714286
2026-07-19 12:30:00,15294.366666666667
2026-07-19 12:40:00,15103.499999999998
2026-07-19 12:50:00,15672.42857142857
2026-07-19 13:00:00,14446.733333333335
2026-07-19 13:10:00,14282.314285714287
2026-07-19 13:20:00,11914.442857142858
2026-07-19 13:30:00,15874.6
2026-07-19 13:40:00,16996.442857142858
2026-07-19 13:50:00,18166.257142857143
2026-07-19 14:00:00,16372.625
2026-07-19 14:10:00,12351.183333333332
2026-07-19 14:20:00,8846.728571428572
2026-07-19 14:30:00,11535.657142857142
2026-07-19 14:40:00,16766.666666666664
2026-07-19 14:50:00,10666.9
2026-07-19 15:00:00,7951.557142857142
2026-07-19 15:10:00,14532.049999999997
2026-07-19 15:20:00,13498.371428571429
2026-07-19 15:30:00,9314.914285714285
2026-07-19 15:40:00,7680.150000000001
2026-07-19 15:50:00,8073.842857142858
2026-07-19 16:00:00,7004.157142857142
2026-07-19 16:10:00,6879.849999999999
2026-07-19 16:20:00,5097.357142857143
2026-07-19 16:30:00,3539.5857142857144
2026-07-19 16:40:00,2850.0166666666664
2026-07-19 16:50:00,3984.985714285714
2026-07-19 17:00:00,3906.5499999999997
2026-07-19 17:10:00,3271.671428571429
2026-07-19 17:20:00,2887.385714285715
2026-07-19 17:30:00,2274.766666666667
2026-07-19 17:40:00,1642.3142857142855
2026-07-19 17:50:00,906.242857142857
2026-07-19 18:00:00,315.3833333333333
2026-07-19 18:10:00,84.8
2026-07-19 18:20:00,6.471428571428571
2026-07-19 18:30:00,0
2026-07-19 18:40:00,0
2026-07-19 18:50:00,0
2026-07-19 19:00:00,0
2026-07-19 19:10:00,0
2026-07-19 19:20:00,0
2026-07-19 19:30:00,0
2026-07-19 19:40:00,0
2026-07-19 19:50:00,0
2026-07-19 20:00:00,0
2026-07-19 20:10:00,0
2026-07-19 20:20:00,0
2026-07-19 20:30:00,0
2026-07-19 20:40:00,0
2026-07-19 20:50:00,0
2026-07-19 21:00:00,0
2026-07-19 21:10:00,0
2026-07-19 21:20:00,0
2026-07-19 21:30:00,0
2026-07-19 21:40:00,0
2026-07-19 21:50:00,0
2026-07-19 22:00:00,0
2026-07-19 22:10:00,0
2026-07-19 22:20:00,0
2026-07-19 22:30:00,0
2026-07-19 22:40:00,0
2026-07-19 22:50:00,0
2026-07-19 23:00:00,0
2026-07-19 23:10:00,0
2026-07-19 23:20:00,0
2026-07-19 23:30:00,0
2026-07-19 23:40:00,0
2026-07-19 23:50:00,0
2026-07-20 00:00:00,0
2026-07-20 00:10:00,0
2026-07-20 00:20:00,0
2026-07-20 00:30:00,0
2026-07-20 00:40:00,0
2026-07-20 00:50:00,0
2026-07-20 01:00:00,0
2026-07-20 01:10:00,0
2026-07-20 01:20:00,0
2026-07-20 01:30:00,0
2026-07-20 01:40:00,0
2026-07-20 01:50:00,0
2026-07-20 02:00:00,0
2026-07-20 02:10:00,0
2026-07-20 02:20:00,0
2026-07-20 02:30:00,0
2026-07-20 02:40:00,0
2026-07-20 02:50:00,0
2026-07-20 03:00:00,0
2026-07-20 03:10:00,0
2026-07-20 03:20:00,0
2026-07-20 03:30:00,0
2026-07-20 03:40:00,0
2026-07-20 03:50:00,0
2026-07-20 04:00:00,0
2026-07-20 04:10:00,0
2026-07-20 04:20:00,0
2026-07-20 04:30:00,0
2026-07-20 04:40:00,0
2026-07-20 04:50:00,0
2026-07-20 05:00:00,0
2026-07-20 05:10:00,0
2026-07-20 05:20:00,8.628571428571428
2026-07-20 05:30:00,83.27142857142857
2026-07-20 05:40:00,323.2666666666667
2026-07-20 05:50:00,914.5285714285714
2026-07-20 06:00:00,1442
2026-07-20 06:10:00,1720.3499999999997
2026-07-20 06:20:00,1721.2428571428572
2026-07-20 06:30:00,2081.9
2026-07-20 06:40:00,2797.683333333333
2026-07-20 06:50:00,3192.128571428572
2026-07-20 07:00:00,3411.4428571428575
2026-07-20 07:10:00,4209.400000000001
2026-07-20 07:20:00,6215.585714285714
2026-07-20 07:30:00,8292.257142857143
2026-07-20 07:40:00,10435.183333333334
2026-07-20 07:50:00,8181.971428571428
2026-07-20 08:00:00,10418.971428571429
2026-07-20 08:10:00,13214.550000000001
2026-07-20 08:20:00,13467.314285714285
2026-07-20 08:30:00,12458.185714285715
2026-07-20 08:40:00,18678.733333333334
2026-07-20 08:50:00,14415.657142857139
2026-07-20 09:00:00,10726.814285714285
2026-07-20 09:10:00,11268.099999999999
2026-07-20 09:20:00,11968.2
2026-07-20 09:30:00,11767.716666666667
2026-07-20 09:40:00,11236.457142857145
2026-07-20 09:50:00,11121.871428571429
2026-07-20 10:00:00,10752.35
2026-07-20 10:10:00,10937.857142857143
2026-07-20 10:20:00,10096.114285714286
2026-07-20 10:30:00,11019.333333333334
2026-07-20 10:40:00,11057.67142857143
2026-07-20 10:50:00,11009.128571428573
2026-07-20 11:00:00,11399.983333333332
2026-07-20 11:10:00,11551.628571428573
2026-07-20 11:20:00,12587.22857142857
2026-07-20 11:30:00,12857.233333333335
2026-07-20 11:40:00,11656.385714285714
2026-07-20 11:50:00,10570.757142857143
2026-07-20 12:00:00,8247.5
2026-07-20 12:10:00,8733.483333333334
2026-07-20 12:20:00,9211.02
2026-07-20 12:30:00,8343.857142857143
2026-07-20 12:40:00,10124.816666666668
2026-07-20 12:50:00,10956.9
2026-07-20 13:00:00,11229.685714285715
2026-07-20 13:10:00,9511.933333333332
2026-07-20 13:20:00,7653.857142857143
2026-07-20 13:30:00,5967.071428571429
2026-07-20 13:40:00,6131.866666666666
2026-07-20 13:50:00,6273.628571428571
2026-07-20 14:00:00,6538.757142857142
2026-07-20 14:10:00,7912.75
2026-07-20 14:20:00,10971.657142857144
2026-07-20 14:30:00,13126.657142857144
2026-07-20 14:40:00,13275.483333333332
2026-07-20 14:50:00,15442.628571428571
2026-07-20 15:00:00,9836.842857142856
2026-07-20 15:10:00,10076.066666666668
2026-07-20 15:20:00,10610.399999999998
2026-07-20 15:30:00,9502.314285714287
2026-07-20 15:40:00,8910.9
2026-07-20 15:50:00,9023.085714285715
2026-07-20 16:00:00,7888.271428571427
2026-07-20 16:10:00,6237.616666666666
2026-07-20 16:20:00,4801.828571428572
2026-07-20 16:30:00,4004.028571428572
2026-07-20 16:40:00,3302.65
2026-07-20 16:50:00,2341.7714285714287
2026-07-20 17:00:00,1614.014285714286
2026-07-20 17:10:00,1290.9666666666667
2026-07-20 17:20:00,986.7285714285714
2026-07-20 17:30:00,790.2833333333333
2026-07-20 17:40:00,541.9
2026-07-20 17:50:00,278.3285714285715
2026-07-20 18:00:00,137.61666666666667
2026-07-20 18:10:00,42.114285714285714
2026-07-20 18:20:00,3.4
2026-07-20 18:30:00,0
2026-07-20 18:40:00,0
2026-07-20 18:50:00,0
2026-07-20 19:00:00,0
2026-07-20 19:10:00,0
2026-07-20 19:20:00,0
2026-07-20 19:30:00,0
2026-07-20 19:40:00,0
2026-07-20 19:50:00,0
2026-07-20 20:00:00,0
2026-07-20 20:10:00,0
2026-07-20 20:20:00,0
2026-07-20 20:30:00,0
2026-07-20 20:40:00,0
2026-07-20 20:50:00,0
2026-07-20 21:00:00,0
2026-07-20 21:10:00,0
2026-07-20 21:20:00,0
2026-07-20 21:30:00,0
2026-07-20 21:40:00,0
2026-07-20 21:50:00,0
2026-07-20 22:00:00,0
2026-07-20 22:10:00,0
2026-07-20 22:20:00,0
2026-07-20 22:30:00,0
2026-07-20 22:40:00,0
2026-07-20 22:50:00,0
2026-07-20 23:00:00,0
2026-07-20 23:10:00,0
2026-07-20 23:20:00,0
2026-07-20 23:30:00,0
2026-07-20 23:40:00,0
2026-07-20 23:50:00,0
2026-07-21 00:00:00,0
2026-07-21 00:10:00,0
2026-07-21 00:20:00,0
2026-07-21 00:30:00,0
2026-07-21 00:40:00,0
2026-07-21 00:50:00,0
2026-07-21 01:00:00,0
2026-07-21 01:10:00,0
2026-07-21 01:20:00,0
2026-07-21 01:30:00,0
2026-07-21 01:40:00,0
2026-07-21 01:50:00,0
2026-07-21 02:00:00,0
2026-07-21 02:10:00,0
2026-07-21 02:20:00,0
2026-07-21 02:30:00,0
2026-07-21 02:40:00,0
2026-07-21 02:50:00,0
2026-07-21 03:00:00,0
2026-07-21 03:10:00,0
2026-07-21 03:20:00,0
2026-07-21 03:30:00,0
2026-07-21 03:40:00,0
2026-07-21 03:50:00,0
2026-07-21 04:00:00,0
2026-07-21 04:10:00,0
2026-07-21 04:20:00,0
2026-07-21 04:30:00,0
2026-07-21 04:40:00,0
2026-07-21 04:50:00,0
2026-07-21 05:00:00,0
2026-07-21 05:10:00,0.3666666666666667
2026-07-21 05:20:00,23.67142857142857
2026-07-21 05:30:00,134.25714285714287
2026-07-21 05:40:00,322.2
2026-07-21 05:50:00,749.2571428571429
2026-07-21 06:00:00,2045.642857142857
2026-07-21 06:10:00,3014.5
2026-07-21 06:20:00,2713.4857142857145
2026-07-21 06:30:00,3725.1
2026-07-21 06:40:00,5140.166666666667
2026-07-21 06:50:00,8436.300000000001
2026-07-21 07:00:00,7362.057142857143
2026-07-21 07:10:00,6284.916666666667
2026-07-21 07:20:00,6827.214285714285
2026-07-21 07:30:00,7550.9857142857145
2026-07-21 07:40:00,7861.150000000001
2026-07-21 07:50:00,8307.599999999999
2026-07-21 08:00:00,12763.257142857141
2026-07-21 08:10:00,14319.866666666669
2026-07-21 08:20:00,15336.357142857143
2026-07-21 08:30:00,15996.214285714286
2026-07-21 08:40:00,16586.416666666668
2026-07-21 08:50:00,17345.442857142858
2026-07-21 09:00:00,17878.72857142857
2026-07-21 09:10:00,18294.166666666668
2026-07-21 09:20:00,18829.214285714286
2026-07-21 09:30:00,17939.257142857143
2026-07-21 09:40:00,15612.966666666667
2026-07-21 09:50:00,14219.357142857143
2026-07-21 10:00:00,12571.966666666667
2026-07-21 10:10:00,15150.800000000001
2026-07-21 10:20:00,14710.285714285714
2026-07-21 10:30:00,14532.925000000001
2026-07-21 10:40:00,16498.600000000002
2026-07-21 10:50:00,20766.714285714286
2026-07-21 11:00:00,21478.82857142857
2026-07-21 11:10:00,19122.416666666668
2026-07-21 11:20:00,16230
2026-07-21 11:30:00,14632.857142857143
2026-07-21 11:40:00,14090.483333333332
2026-07-21 11:50:00,20632.17142857143
2026-07-21 12:00:00,17388.12857142857
2026-07-21 12:10:00,18615.31666666667
2026-07-21 12:20:00,21653.433333333334
2026-07-21 12:30:00,23046.6625
2026-07-21 12:40:00,14052.5
2026-07-21 12:50:00,13688.228571428572
2026-07-21 13:00:00,17115.97142857143
2026-07-21 13:10:00,20878.95
2026-07-21 13:20:00,16857.82
2026-07-21 13:30:00,12187.033333333335
2026-07-21 13:40:00,12495.057142857142
2026-07-21 13:50:00,12346.516666666665
2026-07-21 14:00:00,7055.771428571427
2026-07-21 14:10:00,6690.799999999998
2026-07-21 14:20:00,6286.7
2026-07-21 14:30:00,4428.914285714285
2026-07-21 14:40:00,4670.671428571429
2026-07-21 14:50:00,3825.1999999999994
2026-07-21 15:00:00,1915.3857142857144
2026-07-21 15:10:00,802.8000000000001
2026-07-21 15:20:00,782.4571428571428
2026-07-21 15:30:00,1499.7571428571428
2026-07-21 15:40:00,2537.8333333333335
2026-07-21 15:50:00,3065.557142857143
2026-07-21 16:00:00,3338.3571428571427
2026-07-21 16:10:00,2779.0499999999997
2026-07-21 16:20:00,2171.6142857142854
2026-07-21 16:30:00,2198.942857142857
2026-07-21 16:40:00,2164.0166666666664
2026-07-21 16:50:00,2175.285714285714
2026-07-21 17:00:00,1985.457142857143
2026-07-21 17:10:00,1745.7666666666667
2026-07-21 17:20:00,1393.1571428571428
2026-07-21 17:30:00,1057.3857142857144
2026-07-21 17:40:00,730.7833333333333
2026-07-21 17:50:00,334.5428571428571
2026-07-21 18:00:00,107.52857142857142
2026-07-21 18:10:00,28.33333333333333
2026-07-21 18:20:00,1.8571428571428572
2026-07-21 18:30:00,0
2026-07-21 18:40:00,0
2026-07-21 18:50:00,0
2026-07-21 19:00:00,0
2026-07-21 19:10:00,0
2026-07-21 19:20:00,0
2026-07-21 19:30:00,0
2026-07-21 19:40:00,0
2026-07-21 19:50:00,0
2026-07-21 20:00:00,0
2026-07-21 20:10:00,0
2026-07-21 20:20:00,0
2026-07-21 20:30:00,0
2026-07-21 20:40:00,0
2026-07-21 20:50:00,0
2026-07-21 21:00:00,0
2026-07-21 21:10:00,0
2026-07-21 21:20:00,0
2026-07-21 21:30:00,0
2026-07-21 21:40:00,0
2026-07-21 21:50:00,0
2026-07-21 22:00:00,0
2026-07-21 22:10:00,0
2026-07-21 22:20:00,0
2026-07-21 22:30:00,0
2026-07-21 22:40:00,0
2026-07-21 22:50:00,0
2026-07-21 23:00:00,0
2026-07-21 23:10:00,0
2026-07-21 23:20:00,0
2026-07-21 23:30:00,0
2026-07-21 23:40:00,0
2026-07-21 23:50:00,0
2026-07-22 00:00:00,0
2026-07-22 00:10:00,0
2026-07-22 00:20:00,0
2026-07-22 00:30:00,0
2026-07-22 00:40:00,0
2026-07-22 00:50:00,0
2026-07-22 01:00:00,0
2026-07-22 01:10:00,0
2026-07-22 01:20:00,0
2026-07-22 01:30:00,0
2026-07-22 01:40:00,0
2026-07-22 01:50:00,0
2026-07-22 02:00:00,0
2026-07-22 02:10:00,0
2026-07-22 02:20:00,0
2026-07-22 02:30:00,0
2026-07-22 02:40:00,0
2026-07-22 02:50:00,0
2026-07-22 03:00:00,0
2026-07-22 03:10:00,0
2026-07-22 03:20:00,0
2026-07-22 03:30:00,0
2026-07-22 03:40:00,0
2026-07-22 03:50:00,0
2026-07-22 04:00:00,0
2026-07-22 04:10:00,0
2026-07-22 04:20:00,0
2026-07-22 04:30:00,0
2026-07-22 04:40:00,0
2026-07-22 04:50:00,0
2026-07-22 05:00:00,0
2026-07-22 05:10:00,0.31428571428571433
2026-07-22 05:20:00,15.433333333333332
2026-07-22 05:30:00,69.12857142857143
2026-07-22 05:40:00,276.4857142857143
2026-07-22 05:50:00,611.0666666666667
2026-07-22 06:00:00,1000.2428571428571
2026-07-22 06:10:00,1079.1857142857145
2026-07-22 06:20:00,842.9499999999999
2026-07-22 06:30:00,1277.0285714285715
2026-07-22 06:40:00,1813.1
2026-07-22 06:50:00,2810.933333333334
2026-07-22 07:00:00,4155.5
2026-07-22 07:10:00,4611.685714285714
2026-07-22 07:20:00,4759.183333333333
2026-07-22 07:30:00,5352.971428571429
2026-07-22 07:40:00,5608.216666666667
2026-07-22 07:50:00,4602.157142857142
2026-07-22 08:00:00,4522.900000000001
2026-07-22 08:10:00,5222.616666666667
2026-07-22 08:20:00,4981.242857142856
2026-07-22 08:30:00,4876.4857142857145
2026-07-22 08:40:00,4375.716666666667
2026-07-22 08:50:00,4040.914285714286
2026-07-22 09:00:00,5021.4857142857145
2026-07-22 09:10:00,5176.349999999999
2026-07-22 09:20:00,5274.0142857142855
2026-07-22 09:30:00,6357.828571428572
2026-07-22 09:40:00,6803.516666666667
2026-07-22 09:50:00,6803.885714285715
2026-07-22 10:00:00,8127.285714285713
2026-07-22 10:10:00,9082.233333333334
2026-07-22 10:20:00,9751.157142857144
2026-07-22 10:30:00,10272.471428571429
2026-07-22 10:40:00,12456.533333333333
2026-07-22 10:50:00,14718.857142857141
2026-07-22 11:00:00,16787.27142857143
2026-07-22 11:10:00,18363.316666666666
2026-07-22 11:20:00,15909.585714285713
2026-07-22 11:30:00,11542.275000000001
2026-07-22 11:40:00,12019.842857142858
2026-07-22 11:50:00,13456.849999999999
2026-07-22 12:00:00,13307.9
2026-07-22 12:10:00,12198.914285714287
2026-07-22 12:20:00,10017.633333333333
2026-07-22 12:30:00,9866.357142857143
2026-07-22 12:40:00,11459.785714285714
2026-07-22 12:50:00,10244.5
2026-07-22 13:00:00,8509.742857142857
2026-07-22 13:10:00,8136.185714285714
2026-07-22 13:20:00,7537.58
2026-07-22 13:30:00,5149.285714285715
2026-07-22 13:40:00,4797.242857142856
2026-07-22 13:50:00,8393.716666666665
2026-07-22 14:00:00,10031.92857142857
2026-07-22 14:10:00,9396.014285714287
2026-07-22 14:20:00,7826.383333333334
2026-07-22 14:30:00,8298.085714285715
2026-07-22 14:40:00,9548.071428571426
2026-07-22 14:50:00,9861
2026-07-22 15:00:00,9219.685714285715
2026-07-22 15:10:00,8927.542857142858
2026-07-22 15:20:00,7848.25
2026-07-22 15:30:00,5072.8
2026-07-22 15:40:00,1832.1428571428569
2026-07-22 15:50:00,1306.7333333333333
2026-07-22 16:00:00,1947.342857142857
2026-07-22 16:10:00,3263.2166666666667
2026-07-22 16:20:00,4148.114285714286
2026-07-22 16:30:00,3469.214285714286
2026-07-22 16:40:00,2794.0833333333335
2026-07-22 16:50:00,2066.2142857142853
2026-07-22 17:00:00,1985.7285714285715
2026-07-22 17:10:00,1401.6999999999998
2026-07-22 17:20:00,1014.9714285714286
2026-07-22 17:30:00,914.2285714285714
2026-07-22 17:40:00,518.9666666666666
2026-07-22 17:50:00,194.77142857142857
2026-07-22 18:00:00,54.68571428571429
2026-07-22 18:10:00,10.416666666666666
2026-07-22 18:20:00,0.31428571428571433
2026-07-22 18:30:00,0
2026-07-22 18:40:00,0
2026-07-22 18:50:00,0
2026-07-22 19:00:00,0
2026-07-22 19:10:00,0
2026-07-22 19:20:00,0
2026-07-22 19:30:00,0
2026-07-22 19:40:00,0
2026-07-22 19:50:00,0
2026-07-22 20:00:00,0
2026-07-22 20:10:00,0
2026-07-22 20:20:00,0
2026-07-22 20:30:00,0
2026-07-22 20:40:00,0
2026-07-22 20:50:00,0
2026-07-22 21:00:00,0
2026-07-22 21:10:00,0
2026-07-22 21:20:00,0
2026-07-22 21:30:00,0
2026-07-22 21:40:00,0
2026-07-22 21:50:00,0
2026-07-22 22:00:00,0
2026-07-22 22:10:00,0
2026-07-22 22:20:00,0
2026-07-22 22:30:00,0
2026-07-22 22:40:00,0
2026-07-22 22:50:00,0
2026-07-22 23:00:00,0
2026-07-22 23:10:00,0
2026-07-22 23:20:00,0
2026-07-22 23:30:00,0
2026-07-22 23:40:00,0
2026-07-22 23:50:00,0
2026-07-23 00:00:00,0
2026-07-23 00:10:00,0
2026-07-23 00:20:00,0
2026-07-23 00:30:00,0
2026-07-23 00:40:00,0
2026-07-23 00:50:00,0
2026-07-23 01:00:00,0
2026-07-23 01:10:00,0
2026-07-23 01:20:00,0
2026-07-23 01:30:00,0
2026-07-23 01:40:00,0
2026-07-23 01:50:00,0
2026-07-23 02:00:00,0
2026-07-23 02:10:00,0
2026-07-23 02:20:00,0
2026-07-23 02:30:00,0
2026-07-23 02:40:00,0
2026-07-23 02:50:00,0
2026-07-23 03:00:00,0
2026-07-23 03:10:00,0
2026-07-23 03:20:00,0
2026-07-23 03:30:00,0
2026-07-23 03:40:00,0
2026-07-23 03:50:00,0
2026-07-23 04:00:00,0
2026-07-23 04:10:00,0
2026-07-23 04:20:00,0
2026-07-23 04:30:00,0
2026-07-23 04:40:00,0
2026-07-23 04:50:00,0
2026-07-23 05:00:00,0
2026-07-23 05:10:00,0
2026-07-23 05:20:00,4.316666666666666
2026-07-23 05:30:00,42.114285714285714
2026-07-23 05:40:00,199.05714285714285
2026-07-23 05:50:00,450.8666666666666
2026-07-23 06:00:00,678.6
2026-07-23 06:10:00,1301.6142857142859
2026-07-23 06:20:00,2299.4999999999995
2026-07-23 06:30:00,3898.9857142857145
2026-07-23 06:40:00,5161.914285714286
2026-07-23 06:50:00,4755.25
2026-07-23 07:00:00,4636.871428571429
2026-07-23 07:10:00,4289.742857142858
2026-07-23 07:20:00,4772.8
2026-07-23 07:30:00,5444.214285714285
2026-07-23 07:40:00,6105.0142857142855
2026-07-23 07:50:00,7857.183333333333
2026-07-23 08:00:00,8067.371428571429
2026-07-23 08:10:00,8387.485714285713
2026-07-23 08:20:00,8936.366666666667
2026-07-23 08:30:00,9030.457142857142
2026-07-23 08:40:00,9743.816666666666
2026-07-23 08:50:00,10394.728571428572
2026-07-23 09:00:00,10080.17142857143
2026-07-23 09:10:00,11780.233333333332
2026-07-23 09:20:00,13944.114285714286
2026-07-23 09:30:00,14666.357142857141
2026-07-23 09:40:00,12985.775000000001
2026-07-23 09:50:00,11853.733333333332
2026-07-23 10:00:00,12971.542857142858
2026-07-23 10:10:00,12468.642857142857
2026-07-23 10:20:00,12621.050000000001
2026-07-23 10:30:00,12185.714285714286
2026-07-23 10:40:00,11098.214285714286
2026-07-23 10:50:00,9915.133333333333
2026-07-23 11:00:00,10379.985714285713
2026-07-23 11:10:00,10412.542857142858
2026-07-23 11:20:00,8534.566666666668
2026-07-23 11:30:00,8187.499999999999
2026-07-23 11:40:00,8150.314285714287
2026-07-23 11:50:00,7614.916666666668
2026-07-23 12:00:00,7549.1285714285705
2026-07-23 12:10:00,7038.571428571428
2026-07-23 12:20:00,6353.7
2026-07-23 12:30:00,6261.342857142858
2026-07-23 12:40:00,6581.771428571429
2026-07-23 12:50:00,6654.049999999999
2026-07-23 13:00:00,6410.042857142857
2026-07-23 13:10:00,5680.742857142858
2026-07-23 13:20:00,5988.150000000001
2026-07-23 13:30:00,7206.614285714285
2026-07-23 13:40:00,8111.6285714285705
2026-07-23 13:50:00,8692.283333333333
2026-07-23 14:00:00,8209
2026-07-23 14:10:00,9149.657142857144
2026-07-23 14:20:00,7719.216666666667
2026-07-23 14:30:00,6884.0714285714275
2026-07-23 14:40:00,5857.385714285714
2026-07-23 14:50:00,5332.616666666668
2026-07-23 15:00:00,5343.128571428571
2026-07-23 15:10:00,4497.085714285714
2026-07-23 15:20:00,3985.4166666666665
2026-07-23 15:30:00,4078.7
2026-07-23 15:40:00,4203.414285714285
2026-07-23 15:50:00,3692.6
2026-07-23 16:00:00,3107.342857142857
2026-07-23 16:10:00,2709.5
2026-07-23 16:20:00,2414.285714285714
2026-07-23 16:30:00,2280.957142857143
2026-07-23 16:40:00,1842.8833333333334
2026-07-23 16:50:00,1433.7000000000003
2026-07-23 17:00:00,1257.6714285714286
2026-07-23 17:10:00,1123.2
2026-07-23 17:20:00,734.5285714285714
2026-07-23 17:30:00,508.40000000000003
2026-07-23 17:40:00,483.1000000000001
2026-07-23 17:50:00,348.37142857142857
2026-07-23 18:00:00,139.17142857142858
2026-07-23 18:10:00,32.26666666666667
2026-07-23 18:20:00,3.46
2026-07-23 18:30:00,0
2026-07-23 18:40:00,0
2026-07-23 18:50:00,0
2026-07-23 19:00:00,0
2026-07-23 19:10:00,0
2026-07-23 19:20:00,0
2026-07-23 19:30:00,0
2026-07-23 19:40:00,0
2026-07-23 19:50:00,0
2026-07-23 20:00:00,0
2026-07-23 20:10:00,0
2026-07-23 20:20:00,0
2026-07-23 20:30:00,0
2026-07-23 20:40:00,0
2026-07-23 20:50:00,0
2026-07-23 21:00:00,0
2026-07-23 21:10:00,0
2026-07-23 21:20:00,0
2026-07-23 21:30:00,0
2026-07-23 21:40:00,0
2026-07-23 21:50:00,0
2026-07-23 22:00:00,0
2026-07-23 22:10:00,0
2026-07-23 22:20:00,0
2026-07-23 22:30:00,0
2026-07-23 22:40:00,0
2026-07-23 22:50:00,0
2026-07-23 23:00:00,0
2026-07-23 23:10:00,0
2026-07-23 23:20:00,0
2026-07-23 23:30:00,0
2026-07-23 23:40:00,0
2026-07-23 23:50:00,0
2026-07-24 00:00:00,0
2026-07-24 00:10:00,0
2026-07-24 00:20:00,0
2026-07-24 00:30:00,0
2026-07-24 00:40:00,0
2026-07-24 00:50:00,0
2026-07-24 01:00:00,0
2026-07-24 01:10:00,0
2026-07-24 01:20:00,0
2026-07-24 01:30:00,0
2026-07-24 01:40:00,0
2026-07-24 01:50:00,0
2026-07-24 02:00:00,0
2026-07-24 02:10:00,0
2026-07-24 02:20:00,0
2026-07-24 02:30:00,0
2026-07-24 02:40:00,0
2026-07-24 02:50:00,0
2026-07-24 03:00:00,0
2026-07-24 03:10:00,0
2026-07-24 03:20:00,0
2026-07-24 03:30:00,0
2026-07-24 03:40:00,0
2026-07-24 03:50:00,0
2026-07-24 04:00:00,0
2026-07-24 04:10:00,0
2026-07-24 04:20:00,0
2026-07-24 04:30:00,0
2026-07-24 04:40:00,0
2026-07-24 04:50:00,0
2026-07-24 05:00:00,0
2026-07-24 05:10:00,0.31428571428571433
2026-07-24 05:20:00,22.44285714285714
2026-07-24 05:30:00,103.21666666666665
2026-07-24 05:40:00,291.8428571428571
2026-07-24 05:50:00,666
2026-07-24 06:00:00,1288.1000000000001
2026-07-24 06:10:00,2179.6
2026-07-24 06:20:00,3120.8428571428567
2026-07-24 06:30:00,3769.2833333333333
2026-07-24 06:40:00,4329.971428571429
2026-07-24 06:50:00,4596.642857142857
2026-07-24 07:00:00,4867.450000000001
2026-07-24 07:10:00,6645.099999999999
2026-07-24 07:20:00,8624.342857142856
2026-07-24 07:30:00,8253.528571428571
2026-07-24 07:40:00,10309.733333333334
2026-07-24 07:50:00,10324.371428571429
2026-07-24 08:00:00,9480.199999999999
2026-07-24 08:10:00,8204.466666666667
2026-07-24 08:20:00,8612.042857142858
2026-07-24 08:30:00,12258.800000000001
2026-07-24 08:40:00,15304.400000000003
2026-07-24 08:50:00,18155.22857142857
2026-07-24 09:00:00,14807.957142857142
2026-07-24 09:10:00,17058.766666666666
2026-07-24 09:20:00,13569.942857142858
2026-07-24 09:30:00,13023.42857142857
2026-07-24 09:40:00,12730.366666666667
2026-07-24 09:50:00,12405.642857142859
2026-07-24 10:00:00,11665.614285714288
2026-07-24 10:10:00,11595.300000000001
2026-07-24 10:20:00,11458.871428571427
2026-07-24 10:30:00,11571.614285714286
2026-07-24 10:40:00,11518.583333333334
2026-07-24 10:50:00,10542.2
2026-07-24 11:00:00,9436.871428571427
2026-07-24 11:10:00,9240.266666666668
2026-07-24 11:20:00,7608.114285714285
2026-07-24 11:30:00,5892.100000000001
2026-07-24 11:40:00,7204.757142857142
2026-07-24 11:50:00,9305.4
2026-07-24 12:00:00,11503.916666666666
2026-07-24 12:10:00,12249.6
2026-07-24 12:20:00,11160.57142857143
2026-07-24 12:30:00,11532.616666666667
2026-07-24 12:40:00,13750.585714285713
2026-07-24 12:50:00,16001.42857142857
2026-07-24 13:00:00,19715.600000000002
2026-07-24 13:10:00,17282.45714285714
2026-07-24 13:20:00,19688.442857142858
2026-07-24 13:30:00,20017.716666666664
2026-07-24 13:40:00,18445.514285714286
2026-07-24 13:50:00,17274.77142857143
2026-07-24 14:00:00,17126.850000000002
2026-07-24 14:10:00,18750.571428571428
2026-07-24 14:20:00,19855.725
2026-07-24 14:30:00,15775.342857142858
2026-07-24 14:40:00,12226.816666666666
2026-07-24 14:50:00,16661
2026-07-24 15:00:00,18130.928571428572
2026-07-24 15:10:00,15652.416666666666
2026-07-24 15:20:00,13057.214285714286
2026-07-24 15:30:00,11747.328571428572
2026-07-24 15:40:00,11980.949999999999
2026-07-24 15:50:00,9886
2026-07-24 16:00:00,7698.742857142856
2026-07-24 16:10:00,6759.033333333333
2026-07-24 16:20:00,6303.114285714285
2026-07-24 16:30:00,3204.085714285714
2026-07-24 16:40:00,1851.5
2026-07-24 16:50:00,1009.7714285714284
2026-07-24 17:00:00,517.3285714285714
2026-07-24 17:10:00,559.4833333333335
2026-07-24 17:20:00,225.8
2026-07-24 17:30:00,114.58571428571427
2026-07-24 17:40:00,105.36666666666666
2026-07-24 17:50:00,106
2026-07-24 18:00:00,35.642857142857146
2026-07-24 18:10:00,8.266666666666667
2026-07-24 18:20:00,0
2026-07-24 18:30:00,0
2026-07-24 18:40:00,0
2026-07-24 18:50:00,0
2026-07-24 19:00:00,0
2026-07-24 19:10:00,0
2026-07-24 19:20:00,0
2026-07-24 19:30:00,0
2026-07-24 19:40:00,0
2026-07-24 19:50:00,0
2026-07-24 20:00:00,0
2026-07-24 20:10:00,0
2026-07-24 20:20:00,0
2026-07-24 20:30:00,0
2026-07-24 20:40:00,0
2026-07-24 20:50:00,0
2026-07-24 21:00:00,0
2026-07-24 21:10:00,0
2026-07-24 21:20:00,0
2026-07-24 21:30:00,0
2026-07-24 21:40:00,0
2026-07-24 21:50:00,0
2026-07-24 22:00:00,0
2026-07-24 22:10:00,0
2026-07-24 22:20:00,0
2026-07-24 22:30:00,0
2026-07-24 22:40:00,0
2026-07-24 22:50:00,0
2026-07-24 23:00:00,0
2026-07-24 23:10:00,0
2026-07-24 23:20:00,0
2026-07-24 23:30:00,0
2026-07-24 23:40:00,0
2026-07-24 23:50:00,0
2026-07-25 00:00:00,0
2026-07-25 00:10:00,0
2026-07-25 00:20:00,0
2026-07-25 00:30:00,0
2026-07-25 00:40:00,0
2026-07-25 00:50:00,0
2026-07-25 01:00:00,0
2026-07-25 01:10:00,0
2026-07-25 01:20:00,0
2026-07-25 01:30:00,0
2026-07-25 01:40:00,0
2026-07-25 01:50:00,0
2026-07-25 02:00:00,0
2026-07-25 02:10:00,0
2026-07-25 02:20:00,0
2026-07-25 02:30:00,0
2026-07-25 02:40:00,0
2026-07-25 02:50:00,0
2026-07-25 03:00:00,0
2026-07-25 03:10:00,0
2026-07-25 03:20:00,0
2026-07-25 03:30:00,0
2026-07-25 03:40:00,0
2026-07-25 03:50:00,0
2026-07-25 04:00:00,0
2026-07-25 04:10:00,0
2026-07-25 04:20:00,0
2026-07-25 04:30:00,0
2026-07-25 04:40:00,0
2026-07-25 04:50:00,0
2026-07-25 05:00:00,0
2026-07-25 05:10:00,0.55
2026-07-25 05:20:00,21.828571428571426
2026-07-25 05:30:00,132.4
2026-07-25 05:40:00,363.40000000000003
2026-07-25 05:50:00,748.9714285714286
2026-07-25 06:00:00,1258.2857142857142
2026-07-25 06:10:00,1648.3
2026-07-25 06:20:00,2078.214285714286
2026-07-25 06:30:00,2686.457142857143
2026-07-25 06:40:00,3088.683333333333
2026-07-25 06:50:00,6096.700000000002
2026-07-25 07:00:00,8352.471428571427
2026-07-25 07:10:00,8132.799999999999
2026-07-25 07:20:00,8918.914285714285
2026-07-25 07:30:00,10991.642857142857
2026-07-25 07:40:00,11878.433333333334
2026-07-25 07:50:00,12413.028571428573
2026-07-25 08:00:00,13233.242857142857
2026-07-25 08:10:00,14209.483333333335
2026-07-25 08:20:00,15175.357142857143
2026-07-25 08:30:00,16056.114285714286
2026-07-25 08:40:00,16427.63333333333
2026-07-25 08:50:00,17029.628571428573
2026-07-25 09:00:00,12731.6
2026-07-25 09:10:00,12985.199999999999
2026-07-25 09:20:00,10829.128571428571
2026-07-25 09:30:00,11687.42857142857
2026-07-25 09:40:00,17997.416666666668
2026-07-25 09:50:00,21032.77142857143
2026-07-25 10:00:00,20497.899999999998
2026-07-25 10:10:00,18939.63333333333
2026-07-25 10:20:00,19767.399999999998
2026-07-25 10:30:00,19317.342857142856
2026-07-25 10:40:00,19432.45
2026-07-25 10:50:00,20187.014285714286
2026-07-25 11:00:00,20921.528571428567
2026-07-25 11:10:00,20686.15
2026-07-25 11:20:00,18399.72857142857
2026-07-25 11:30:00,21167
2026-07-25 11:40:00,21291.466666666667
2026-07-25 11:50:00,21318.471428571433
2026-07-25 12:00:00,21724.050000000003
2026-07-25 12:10:00,20559.971428571425
2026-07-25 12:20:00,12636.985714285713
2026-07-25 12:30:00,12574.240000000002
2026-07-25 12:40:00,13993.959999999997
2026-07-25 12:50:00,13885.742857142857
2026-07-25 13:00:00,10124.4
2026-07-25 13:10:00,20121.649999999998
2026-07-25 13:20:00,20142.5
2026-07-25 13:30:00,20750.742857142854
2026-07-25 13:40:00,17537.95
2026-07-25 13:50:00,14558.528571428573
2026-07-25 14:00:00,16924.257142857146
2026-07-25 14:10:00,10878.166666666668
2026-07-25 14:20:00,10434.671428571428
2026-07-25 14:30:00,12925.142857142855
2026-07-25 14:40:00,12162.666666666666
2026-07-25 14:50:00,4969.271428571429
2026-07-25 15:00:00,4260.242857142857
2026-07-25 15:10:00,3868.9166666666665
2026-07-25 15:20:00,2772.8
2026-07-25 15:30:00,3047.414285714286
2026-07-25 15:40:00,2984.766666666667
2026-07-25 15:50:00,2886.4428571428575
2026-07-25 16:00:00,3324.5285714285715
2026-07-25 16:10:00,3721.266666666667
2026-07-25 16:20:00,3359.828571428571
2026-07-25 16:30:00,3218.5142857142855
2026-07-25 16:40:00,3458.2000000000003
2026-07-25 16:50:00,3424.0285714285715
2026-07-25 17:00:00,3115.3142857142852
2026-07-25 17:10:00,2851.766666666667
2026-07-25 17:20:00,2317.2000000000003
2026-07-25 17:30:00,1743.357142857143
2026-07-25 17:40:00,1223.95
2026-07-25 17:50:00,578.1571428571428
2026-07-25 18:00:00,201.81428571428572
2026-07-25 18:10:00,58.78333333333333
2026-07-25 18:20:00,7.071428571428571
2026-07-25 18:30:00,0
2026-07-25 18:40:00,0
2026-07-25 18:50:00,0
2026-07-25 19:00:00,0
2026-07-25 19:10:00,0
2026-07-25 19:20:00,0
2026-07-25 19:30:00,0
2026-07-25 19:40:00,0
2026-07-25 19:50:00,0
2026-07-25 20:00:00,0
2026-07-25 20:10:00,0
2026-07-25 20:20:00,0
2026-07-25 20:30:00,0
2026-07-25 20:40:00,0
2026-07-25 20:50:00,0
2026-07-25 21:00:00,0
2026-07-25 21:10:00,0
2026-07-25 21:20:00,0
2026-07-25 21:30:00,0
2026-07-25 21:40:00,0
2026-07-25 21:50:00,0
2026-07-25 22:00:00,0
2026-07-25 22:10:00,0
2026-07-25 22:20:00,0
2026-07-25 22:30:00,0
2026-07-25 22:40:00,0
2026-07-25 22:50:00,0
2026-07-25 23:00:00,0
2026-07-25 23:10:00,0
2026-07-25 23:20:00,0
2026-07-25 23:30:00,0
2026-07-25 23:40:00,0
2026-07-25 23:50:00,0
2026-07-26 00:00:00,0
2026-07-26 00:10:00,0
2026-07-26 00:20:00,0
2026-07-26 00:30:00,0
2026-07-26 00:40:00,0
2026-07-26 00:50:00,0
2026-07-26 01:00:00,0
2026-07-26 01:10:00,0
2026-07-26 01:20:00,0
2026-07-26 01:30:00,0
2026-07-26 01:40:00,0
2026-07-26 01:50:00,0
2026-07-26 02:00:00,0
2026-07-26 02:10:00,0
2026-07-26 02:20:00,0
2026-07-26 02:30:00,0
2026-07-26 02:40:00,0
2026-07-26 02:50:00,0
2026-07-26 03:00:00,0
2026-07-26 03:10:00,0
2026-07-26 03:20:00,0
2026-07-26 03:30:00,0
2026-07-26 03:40:00,0
2026-07-26 03:50:00,0
2026-07-26 04:00:00,0
2026-07-26 04:10:00,0
2026-07-26 04:20:00,0
2026-07-26 04:30:00,0
2026-07-26 04:40:00,0
2026-07-26 04:50:00,0
2026-07-26 05:00:00,0
2026-07-26 05:10:00,1.45
2026-07-26 05:20:00,47.628571428571426
2026-07-26 05:30:00,259.2714285714286
2026-07-26 05:40:00,866.9833333333332
2026-07-26 05:50:00,1423.8857142857141
2026-07-26 06:00:00,1993.7285714285715
2026-07-26 06:10:00,2764.6999999999994
2026-07-26 06:20:00,3391.785714285714
2026-07-26 06:30:00,3706.3571428571427
2026-07-26 06:40:00,4389.316666666667
2026-07-26 06:50:00,4419.685714285714
2026-07-26 07:00:00,3914.628571428572
2026-07-26 07:10:00,4245.95
2026-07-26 07:20:00,4199.428571428572
2026-07-26 07:30:00,5414.085714285714
2026-07-26 07:40:00,8630.983333333332
2026-07-26 07:50:00,8977.914285714285
2026-07-26 08:00:00,10149.585714285715
2026-07-26 08:10:00,9511.933333333332
2026-07-26 08:20:00,15717.585714285713
2026-07-26 08:30:00,16779.871428571427
2026-07-26 08:40:00,17318.583333333332
2026-07-26 08:50:00,15375.057142857142
2026-07-26 09:00:00,17637.27142857143
2026-07-26 09:10:00,18114.966666666664
2026-07-26 09:20:00,17978.57142857143
2026-07-26 09:30:00,19536.68571428571
2026-07-26 09:40:00,19772.583333333332
2026-07-26 09:50:00,19548.057142857142
2026-07-26 10:00:00,18626.157142857144
2026-07-26 10:10:00,19711.649999999998
2026-07-26 10:20:00,17940.77142857143
2026-07-26 10:30:00,18242.457142857143
2026-07-26 10:40:00,17388.483333333334
2026-07-26 10:50:00,18995.55
2026-07-26 11:00:00,16137.528571428571
2026-07-26 11:10:00,15754.550000000001
2026-07-26 11:20:00,19161
2026-07-26 11:30:00,22520.528571428575
2026-07-26 11:40:00,21495.033333333336
2026-07-26 11:50:00,14393.542857142858
2026-07-26 12:00:00,19615.328571428574
2026-07-26 12:10:00,20236.333333333332
2026-07-26 12:20:00,21806.899999999998
2026-07-26 12:30:00,16802
2026-07-26 12:40:00,22016.149999999998
2026-07-26 12:50:00,20505.9
2026-07-26 13:00:00,21066.542857142857
2026-07-26 13:10:00,17935.416666666668
2026-07-26 13:20:00,17091.371428571427
2026-07-26 13:30:00,20611.600000000002
2026-07-26 13:40:00,19988.316666666666
2026-07-26 13:50:00,15044.828571428572
2026-07-26 14:00:00,14694.600000000002
2026-07-26 14:10:00,12227.9
2026-07-26 14:20:00,12690.742857142857
2026-07-26 14:30:00,12334.685714285713
2026-07-26 14:40:00,12982.316666666668
2026-07-26 14:50:00,11855.771428571428
2026-07-26 15:00:00,11175.314285714287
2026-07-26 15:10:00,10234.099999999999
2026-07-26 15:20:00,9749.300000000001
2026-07-26 15:30:00,8514.028571428573
2026-07-26 15:40:00,7511.716666666667
2026-07-26 15:50:00,6709.857142857143
2026-07-26 16:00:00,5891.799999999998
2026-07-26 16:10:00,4879.966666666666
2026-07-26 16:20:00,4481.442857142857
2026-07-26 16:30:00,4069.785714285714
2026-07-26 16:40:00,3466.0833333333335
2026-07-26 16:50:00,3120.8428571428567
2026-07-26 17:00:00,2819.171428571429
2026-07-26 17:10:00,2359.35
2026-07-26 17:20:00,1917.542857142857
2026-07-26 17:30:00,1562.1142857142856
2026-07-26 17:40:00,1304.1999999999998
2026-07-26 17:50:00,686.9
2026-07-26 18:00:00,314.25714285714287
2026-07-26 18:10:00,101.06666666666666
2026-07-26 18:20:00,5.557142857142857
2026-07-26 18:30:00,0
2026-07-26 18:40:00,0
2026-07-26 18:50:00,0
2026-07-26 19:00:00,0
2026-07-26 19:10:00,0
2026-07-26 19:20:00,0
2026-07-26 19:30:00,0
2026-07-26 19:40:00,0
2026-07-26 19:50:00,0
2026-07-26 20:00:00,0
2026-07-26 20:10:00,0
2026-07-26 20:20:00,0
2026-07-26 20:30:00,0
2026-07-26 20:40:00,0
2026-07-26 20:50:00,0
2026-07-26 21:00:00,0
2026-07-26 21:10:00,0
2026-07-26 21:20:00,0
2026-07-26 21:30:00,0
2026-07-26 21:40:00,0
2026-07-26 21:50:00,0
2026-07-26 22:00:00,0
2026-07-26 22:10:00,0
2026-07-26 22:20:00,0
2026-07-26 22:30:00,0
2026-07-26 22:40:00,0
2026-07-26 22:50:00,0
2026-07-26 23:00:00,0
2026-07-26 23:10:00,0
2026-07-26 23:20:00,0
2026-07-26 23:30:00,0
2026-07-26 23:40:00,0
2026-07-26 23:50:00,0
2026-07-27 00:00:00,0
2026-07-27 00:10:00,0
2026-07-27 00:20:00,0
2026-07-27 00:30:00,0
2026-07-27 00:40:00,0
2026-07-27 00:50:00,0
2026-07-27 01:00:00,0
2026-07-27 01:10:00,0
2026-07-27 01:20:00,0
2026-07-27 01:30:00,0
2026-07-27 01:40:00,0
2026-07-27 01:50:00,0
2026-07-27 02:00:00,0
2026-07-27 02:10:00,0
2026-07-27 02:20:00,0
2026-07-27 02:30:00,0
2026-07-27 02:40:00,0
2026-07-27 02:50:00,0
2026-07-27 03:00:00,0
2026-07-27 03:10:00,0
2026-07-27 03:20:00,0
2026-07-27 03:30:00,0
2026-07-27 03:40:00,0
2026-07-27 03:50:00,0
2026-07-27 04:00:00,0
2026-07-27 04:10:00,0
2026-07-27 04:20:00,0
2026-07-27 04:30:00,0
2026-07-27 04:40:00,0
2026-07-27 04:50:00,0
2026-07-27 05:00:00,0
2026-07-27 05:10:00,0.3666666666666667
2026-07-27 05:20:00,21.214285714285715
2026-07-27 05:30:00,130.87142857142857
2026-07-27 05:40:00,410.7333333333333
2026-07-27 05:50:00,811.9142857142857
2026-07-27 06:00:00,1492.6714285714286
2026-07-27 06:10:00,1940.7333333333333
2026-07-27 06:20:00,2397.4000000000005
2026-07-27 06:30:00,3244.028571428571
2026-07-27 06:40:00,3305.5333333333333
2026-07-27 06:50:00,4977.242857142856
2026-07-27 07:00:00,6629.385714285715
2026-07-27 07:10:00,7159.383333333334
2026-07-27 07:20:00,7050.52857142857
2026-07-27 07:30:00,9526.585714285715
2026-07-27 07:40:00,10068.866666666667
2026-07-27 07:50:00,10778.742857142859
2026-07-27 08:00:00,14399.371428571429
2026-07-27 08:10:00,10925.1
2026-07-27 08:20:00,7264.371428571429
2026-07-27 08:30:00,9030.442857142856
2026-07-27 08:40:00,11830.766666666665
2026-07-27 08:50:00,8446.471428571429
2026-07-27 09:00:00,10212.25
2026-07-27 09:10:00,11389.142857142857
2026-07-27 09:20:00,14091.566666666668
2026-07-27 09:30:00,12751.871428571429
2026-07-27 09:40:00,12922.685714285715
2026-07-27 09:50:00,12418.199999999999
2026-07-27 10:00:00,17076.028571428575
2026-07-27 10:10:00,15929.416666666666
2026-07-27 10:20:00,8828.614285714286
2026-07-27 10:30:00,9112.471428571429
2026-07-27 10:40:00,7565.833333333333
2026-07-27 10:50:00,5550.800000000001
2026-07-27 11:00:00,5293.9857142857145
2026-07-27 11:10:00,6177.400000000001
2026-07-27 11:20:00,7453.9
2026-07-27 11:30:00,11040.442857142856
2026-07-27 11:40:00,14282.6
2026-07-27 11:50:00,12354.32857142857
2026-07-27 12:00:00,11794.342857142858
2026-07-27 12:10:00,18067.283333333336
2026-07-27 12:20:00,18193.62857142857
2026-07-27 12:30:00,19782.12857142857
2026-07-27 12:40:00,21219.416666666664
2026-07-27 12:50:00,13851.357142857143
2026-07-27 13:00:00,10467.542857142855
2026-07-27 13:10:00,11667.699999999999
2026-07-27 13:20:00,9562.828571428572
2026-07-27 13:30:00,8737.07142857143
2026-07-27 13:40:00,7781.933333333334
2026-07-27 13:50:00,7724.257142857142
2026-07-27 14:00:00,4223.385714285715
2026-07-27 14:10:00,4667.45
2026-07-27 14:20:00,5403.042857142857
2026-07-27 14:30:00,5829.442857142857
2026-07-27 14:40:00,5286.75
2026-07-27 14:50:00,3598.2428571428577
2026-07-27 15:00:00,3281.8142857142857
2026-07-27 15:10:00,3444.566666666667
2026-07-27 15:20:00,3548.7714285714287
2026-07-27 15:30:00,3426.214285714286
2026-07-27 15:40:00,2340
2026-07-27 15:50:00,1614.3428571428572
2026-07-27 16:00:00,2073.3142857142857
2026-07-27 16:10:00,1998.4333333333334
2026-07-27 16:20:00,1880.525
2026-07-27 16:30:00,1899.4142857142856
2026-07-27 16:40:00,1294.2428571428572
2026-07-27 16:50:00,1185.9333333333334
2026-07-27 17:00:00,1210.9714285714285
2026-07-27 17:10:00,1174.1142857142859
2026-07-27 17:20:00,1260.1333333333332
2026-07-27 17:30:00,1021.1285714285714
2026-07-27 17:40:00,615.3285714285714
2026-07-27 17:50:00,356.96666666666664
2026-07-27 18:00:00,149.29999999999998
2026-07-27 18:10:00,50.91666666666666
2026-07-27 18:20:00,4.314285714285714
2026-07-27 18:30:00,0
2026-07-27 18:40:00,0
2026-07-27 18:50:00,0
2026-07-27 19:00:00,0
2026-07-27 19:10:00,0
2026-07-27 19:20:00,0
2026-07-27 19:30:00,0
2026-07-27 19:40:00,0
2026-07-27 19:50:00,0
2026-07-27 20:00:00,0
2026-07-27 20:10:00,0
2026-07-27 20:20:00,0
2026-07-27 20:30:00,0
2026-07-27 20:40:00,0
2026-07-27 20:50:00,0
2026-07-27 21:00:00,0
2026-07-27 21:10:00,0
2026-07-27 21:20:00,0
2026-07-27 21:30:00,0
2026-07-27 21:40:00,0
2026-07-27 21:50:00,0
2026-07-27 22:00:00,0
2026-07-27 22:10:00,0
2026-07-27 22:20:00,0
2026-07-27 22:30:00,0
2026-07-27 22:40:00,0
2026-07-27 22:50:00,0
2026-07-27 23:00:00,0
2026-07-27 23:10:00,0
2026-07-27 23:20:00,0
2026-07-27 23:30:00,0
2026-07-27 23:40:00,0
2026-07-27 23:50:00,0
2026-07-28 00:00:00,0
2026-07-28 00:10:00,0
2026-07-28 00:20:00,0
2026-07-28 00:30:00,0
2026-07-28 00:40:00,0
2026-07-28 00:50:00,0
2026-07-28 01:00:00,0
2026-07-28 01:10:00,0
2026-07-28 01:20:00,0
2026-07-28 01:30:00,0
2026-07-28 01:40:00,0
2026-07-28 01:50:00,0
2026-07-28 02:00:00,0
2026-07-28 02:10:00,0
2026-07-28 02:20:00,0
2026-07-28 02:30:00,0
2026-07-28 02:40:00,0
2026-07-28 02:50:00,0
2026-07-28 03:00:00,0
2026-07-28 03:10:00,0
2026-07-28 03:20:00,0
2026-07-28 03:30:00,0
2026-07-28 03:40:00,0
2026-07-28 03:50:00,0
2026-07-28 04:00:00,0
2026-07-28 04:10:00,0
2026-07-28 04:20:00,0
2026-07-28 04:30:00,0
2026-07-28 04:40:00,0
2026-07-28 04:50:00,0
2026-07-28 05:00:00,0
2026-07-28 05:10:00,0
2026-07-28 05:20:00,16.9
2026-07-28 05:30:00,101.68571428571428
2026-07-28 05:40:00,303.93333333333334
2026-07-28 05:50:00,653.4
2026-07-28 06:00:00,1229.4142857142856
2026-07-28 06:10:00,1913.8666666666668
2026-07-28 06:20:00,2476.028571428571
2026-07-28 06:30:00,3028.6857142857143
2026-07-28 06:40:00,3745.9999999999995
2026-07-28 06:50:00,5193.842857142857
2026-07-28 07:00:00,7716.542857142857
2026-07-28 07:10:00,6539.925
2026-07-28 07:20:00,7116.016666666666
2026-07-28 07:30:00,7143.0142857142855
2026-07-28 07:40:00,7166.357142857142
2026-07-28 07:50:00,7301.683333333333
2026-07-28 08:00:00,8113.471428571428
2026-07-28 08:10:00,9046.42857142857
2026-07-28 08:20:00,9956.716666666667
2026-07-28 08:30:00,11510.785714285714
2026-07-28 08:40:00,13085.800000000001
2026-07-28 08:50:00,14939.166666666666
2026-07-28 09:00:00,16372.82857142857
2026-07-28 09:10:00,17068.342857142856
2026-07-28 09:20:00,18048.3
2026-07-28 09:30:00,17739.885714285712
2026-07-28 09:40:00,16401.714285714286
2026-07-28 09:50:00,16854.466666666667
2026-07-28 10:00:00,17299.971428571425
2026-07-28 10:10:00,19735.12857142857
2026-07-28 10:20:00,19356.1
2026-07-28 10:30:00,20438.942857142858
2026-07-28 10:40:00,17980.18333333333
2026-07-28 10:50:00,21432.114285714284
2026-07-28 11:00:00,23549.028571428575
2026-07-28 11:10:00,21192.900000000005
2026-07-28 11:20:00,13835.357142857143
2026-07-28 11:30:00,9557.614285714286
2026-07-28 11:40:00,11603.566666666668
2026-07-28 11:50:00,12030.557142857142
2026-07-28 12:00:00,12405.042857142858
2026-07-28 12:10:00,12945.416666666666
2026-07-28 12:20:00,11604.785714285712
2026-07-28 12:30:00,11384.828571428572
2026-07-28 12:40:00,11580.283333333333
2026-07-28 12:50:00,11707.414285714285
2026-07-28 13:00:00,14599.057142857142
2026-07-28 13:10:00,12678.416666666664
2026-07-28 13:20:00,11807.242857142859
2026-07-28 13:30:00,12336.857142857143
2026-07-28 13:40:00,10540.55
2026-07-28 13:50:00,8911.257142857143
2026-07-28 14:00:00,9293.100000000002
2026-07-28 14:10:00,9827.683333333332
2026-07-28 14:20:00,10595.014285714287
2026-07-28 14:30:00,10484.060000000001
2026-07-28 14:40:00,10297.916666666666
2026-07-28 14:50:00,9305.833333333334
2026-07-28 15:00:00,9027.985714285713
2026-07-28 15:10:00,7258.199999999999
2026-07-28 15:20:00,4978.9
2026-07-28 15:30:00,5215.028571428571
2026-07-28 15:40:00,5180.3
2026-07-28 15:50:00,4057.7999999999997
2026-07-28 16:00:00,2829.2999999999997
2026-07-28 16:10:00,1954.7
2026-07-28 16:20:00,1745.7666666666667
2026-07-28 16:30:00,1014.9999999999999
2026-07-28 16:40:00,1599.8857142857144
2026-07-28 16:50:00,1283.8
2026-07-28 17:00:00,719.7714285714286
2026-07-28 17:10:00,289.7
2026-07-28 17:20:00,308.95
2026-07-28 17:30:00,433.75714285714287
2026-07-28 17:40:00,320.4142857142857
2026-07-28 17:50:00,169.86666666666667
2026-07-28 18:00:00,57.142857142857146
2026-07-28 18:10:00,10.157142857142857
2026-07-28 18:20:00,0.3666666666666667
2026-07-28 18:30:00,0
2026-07-28 18:40:00,0
2026-07-28 18:50:00,0
2026-07-28 19:00:00,0
2026-07-28 19:10:00,0
2026-07-28 19:20:00,0
2026-07-28 19:30:00,0
2026-07-28 19:40:00,0
2026-07-28 19:50:00,0
2026-07-28 20:00:00,0
2026-07-28 20:10:00,0
2026-07-28 20:20:00,0
2026-07-28 20:30:00,0
2026-07-28 20:40:00,0
2026-07-28 20:50:00,0
2026-07-28 21:00:00,0
2026-07-28 21:10:00,0
2026-07-28 21:20:00,0
2026-07-28 21:30:00,0
2026-07-28 21:40:00,0
2026-07-28 21:50:00,0
2026-07-28 22:00:00,0
2026-07-28 22:10:00,0
2026-07-28 22:20:00,0
2026-07-28 22:30:00,0
2026-07-28 22:40:00,0
2026-07-28 22:50:00,0
2026-07-28 23:00:00,0
2026-07-28 23:10:00,0
2026-07-28 23:20:00,0
2026-07-28 23:30:00,0
2026-07-28 23:40:00,0
2026-07-28 23:50:00,0
2026-07-29 00:00:00,0
2026-07-29 00:10:00,0
2026-07-29 00:20:00,0
2026-07-29 00:30:00,0
2026-07-29 00:40:00,0
2026-07-29 00:50:00,0
2026-07-29 01:00:00,0
2026-07-29 01:10:00,0
2026-07-29 01:20:00,0
2026-07-29 01:30:00,0
2026-07-29 01:40:00,0
2026-07-29 01:50:00,0
2026-07-29 02:00:00,0
2026-07-29 02:10:00,0
2026-07-29 02:20:00,0
2026-07-29 02:30:00,0
2026-07-29 02:40:00,0
2026-07-29 02:50:00,0
2026-07-29 03:00:00,0
2026-07-29 03:10:00,0
2026-07-29 03:20:00,0
2026-07-29 03:30:00,0
2026-07-29 03:40:00,0
2026-07-29 03:50:00,0
2026-07-29 04:00:00,0
2026-07-29 04:10:00,0
2026-07-29 04:20:00,0
2026-07-29 04:30:00,0
2026-07-29 04:40:00,0
2026-07-29 04:50:00,0
2026-07-29 05:00:00,0
2026-07-29 05:10:00,0.7333333333333334
2026-07-29 05:20:00,12.925
2026-07-29 05:30:00,152.67142857142858
2026-07-29 05:40:00,456.2142857142857
2026-07-29 05:50:00,734
2026-07-29 06:00:00,944.6428571428571
2026-07-29 06:10:00,1152.3
2026-07-29 06:20:00,1382.7166666666665
2026-07-29 06:30:00,1536
2026-07-29 06:40:00,1809.3999999999999
2026-07-29 06:50:00,3438.1333333333337
2026-07-29 07:00:00,7450.242857142858
2026-07-29 07:10:00,8083.657142857143
2026-07-29 07:20:00,9208.366666666667
2026-07-29 07:30:00,10944.300000000001
2026-07-29 07:40:00,10691.471428571429
2026-07-29 07:50:00,11650.15
2026-07-29 08:00:00,13224.971428571429
2026-07-29 08:10:00,13871.585714285713
2026-07-29 08:20:00,14615.566666666668
2026-07-29 08:30:00,15368.928571428569
2026-07-29 08:40:00,16170.100000000002
2026-07-29 08:50:00,16578.533333333333
2026-07-29 09:00:00,17080.914285714283
2026-07-29 09:10:00,17621.914285714283
2026-07-29 09:20:00,18020
2026-07-29 09:30:00,18431.085714285717
2026-07-29 09:40:00,19146.242857142854
2026-07-29 09:50:00,19481.533333333333
2026-07-29 10:00:00,19910.85714285715
2026-07-29 10:10:00,20236.5
2026-07-29 10:20:00,20492.566666666666
2026-07-29 10:30:00,21222.899999999998
2026-07-29 10:40:00,21475.757142857143
2026-07-29 10:50:00,21647.016666666666
2026-07-29 11:00:00,21750.37142857143
2026-07-29 11:10:00,21061
2026-07-29 11:20:00,21206
2026-07-29 11:30:00,20983.899999999998
2026-07-29 11:40:00,21383.2
2026-07-29 11:50:00,21292.028571428567
2026-07-29 12:00:00,21141.5
2026-07-29 12:10:00,21612.583333333332
2026-07-29 12:20:00,21319.985714285714
2026-07-29 12:30:00,21039.2
2026-07-29 12:40:00,20781.816666666666
2026-07-29 12:50:00,20564.275
2026-07-29 13:00:00,20575.628571428573
2026-07-29 13:10:00,17843.1
2026-07-29 13:20:00,9424.133333333333
2026-07-29 13:30:00,7600.442857142857
2026-07-29 13:40:00,14603.057142857142
2026-07-29 13:50:00,15875.716666666667
2026-07-29 14:00:00,12013.07142857143
2026-07-29 14:10:00,17561.714285714286
2026-07-29 14:20:00,16419.38333333333
2026-07-29 14:30:00,15600.528571428571
2026-07-29 14:40:00,14291.871428571429
2026-07-29 14:50:00,13389.116666666667
2026-07-29 15:00:00,13624.614285714286
2026-07-29 15:10:00,13124.82857142857
2026-07-29 15:20:00,13099.5
2026-07-29 15:30:00,10949.528571428573
2026-07-29 15:40:00,10613.757142857143
2026-07-29 15:50:00,6845.783333333334
2026-07-29 16:00:00,4880.785714285715
2026-07-29 16:10:00,2775.2571428571428
2026-07-29 16:20:00,2380.85
2026-07-29 16:30:00,2156.5285714285715
2026-07-29 16:40:00,1991.5714285714287
2026-07-29 16:50:00,1886.6166666666668
2026-07-29 17:00:00,1744.2857142857142
2026-07-29 17:10:00,1584.542857142857
2026-07-29 17:20:00,1414.25
2026-07-29 17:30:00,1208.5142857142855
2026-07-29 17:40:00,925.2857142857141
2026-07-29 17:50:00,618.2166666666667
2026-07-29 18:00:00,301.9857142857143
2026-07-29 18:10:00,77.41428571428571
2026-07-29 18:20:00,7.55
2026-07-29 18:30:00,0
2026-07-29 18:40:00,0
2026-07-29 18:50:00,0
2026-07-29 19:00:00,0
2026-07-29 19:10:00,0
2026-07-29 19:20:00,0
2026-07-29 19:30:00,0
2026-07-29 19:40:00,0
2026-07-29 19:50:00,0
2026-07-29 20:00:00,0
2026-07-29 20:10:00,0
2026-07-29 20:20:00,0
2026-07-29 20:30:00,0
2026-07-29 20:40:00,0
2026-07-29 20:50:00,0
2026-07-29 21:00:00,0
2026-07-29 21:10:00,0
2026-07-29 21:20:00,0
2026-07-29 21:30:00,0
2026-07-29 21:40:00,0
2026-07-29 21:50:00,0
2026-07-29 22:00:00,0
2026-07-29 22:10:00,0
2026-07-29 22:20:00,0
2026-07-29 22:30:00,0
2026-07-29 22:40:00,0
2026-07-29 22:50:00,0
2026-07-29 23:00:00,0
2026-07-29 23:10:00,0
2026-07-29 23:20:00,0
2026-07-29 23:30:00,0
2026-07-29 23:40:00,0
2026-07-29 23:50:00,0
2026-07-30 00:00:00,0
2026-07-30 00:10:00,0
2026-07-30 00:20:00,0
2026-07-30 00:30:00,0
2026-07-30 00:40:00,0
2026-07-30 00:50:00,0
2026-07-30 01:00:00,0
2026-07-30 01:10:00,0
2026-07-30 01:20:00,0
2026-07-30 01:30:00,0
2026-07-30 01:40:00,0
2026-07-30 01:50:00,0
2026-07-30 02:00:00,0
2026-07-30 02:10:00,0
2026-07-30 02:20:00,0
2026-07-30 02:30:00,0
2026-07-30 02:40:00,0
2026-07-30 02:50:00,0
2026-07-30 03:00:00,0
2026-07-30 03:10:00,0
2026-07-30 03:20:00,0
2026-07-30 03:30:00,0
2026-07-30 03:40:00,0
2026-07-30 03:50:00,0
2026-07-30 04:00:00,0
2026-07-30 04:10:00,0
2026-07-30 04:20:00,0
2026-07-30 04:30:00,0
2026-07-30 04:40:00,0
2026-07-30 04:50:00,0
2026-07-30 05:00:00,0
2026-07-30 05:10:00,0.9285714285714286
2026-07-30 05:20:00,24.03333333333333
2026-07-30 05:30:00,126.88571428571429
2026-07-30 05:40:00,388.6142857142857
2026-07-30 05:50:00,725.0333333333333
2026-07-30 06:00:00,919.4428571428572
2026-07-30 06:10:00,1331.3999999999999
2026-07-30 06:20:00,1798.8166666666666
2026-07-30 06:30:00,2492.6142857142854
2026-07-30 06:40:00,2945.4428571428575
2026-07-30 06:50:00,3832.3666666666663
2026-07-30 07:00:00,5657.085714285714
2026-07-30 07:10:00,5003.671428571428
2026-07-30 07:20:00,5209.349999999999
2026-07-30 07:30:00,7895.6571428571415
2026-07-30 07:40:00,12815.471428571427
2026-07-30 07:50:00,12884.116666666667
2026-07-30 08:00:00,13565.342857142856
2026-07-30 08:10:00,14186.514285714284
2026-07-30 08:20:00,14883.633333333333
2026-07-30 08:30:00,15646.314285714283
2026-07-30 08:40:00,15950.742857142859
2026-07-30 08:50:00,17333.3
2026-07-30 09:00:00,17679.657142857144
2026-07-30 09:10:00,18054.757142857143
2026-07-30 09:20:00,18198.833333333332
2026-07-30 09:30:00,18853.157142857144
2026-07-30 09:40:00,19380.914285714283
2026-07-30 09:50:00,19364.716666666667
2026-07-30 10:00:00,20151.100000000002
2026-07-30 10:10:00,20528.942857142858
2026-07-30 10:20:00,20379.333333333332
2026-07-30 10:30:00,17738.342857142856
2026-07-30 10:40:00,13507.600000000002
2026-07-30 10:50:00,13513.449999999997
2026-07-30 11:00:00,12619.075
2026-07-30 11:10:00,11344.6
2026-07-30 11:20:00,16234.083333333334
2026-07-30 11:30:00,17975.485714285714
2026-07-30 11:40:00,16982.32857142857
2026-07-30 11:50:00,16779.583333333332
2026-07-30 12:00:00,18041.242857142857
2026-07-30 12:10:00,20334.18571428571
2026-07-30 12:20:00,18874.06666666667
2026-07-30 12:30:00,19042.72857142857
2026-07-30 12:40:00,20520.32857142857
2026-07-30 12:50:00,17709.249999999996
2026-07-30 13:00:00,19794.72857142857
2026-07-30 13:10:00,18432.9
2026-07-30 13:20:00,15304.033333333333
2026-07-30 13:30:00,15710.214285714286
2026-07-30 13:40:00,17998.514285714286
2026-07-30 13:50:00,15035.250000000002
2026-07-30 14:00:00,12674.157142857144
2026-07-30 14:10:00,10958.742857142859
2026-07-30 14:20:00,12757.233333333332
2026-07-30 14:30:00,11414.014285714287
2026-07-30 14:40:00,7690.142857142857
2026-07-30 14:50:00,10606.15
2026-07-30 15:00:00,14918.557142857144
2026-07-30 15:10:00,11447.528571428571
2026-07-30 15:20:00,10895.383333333333
2026-07-30 15:30:00,10352.628571428571
2026-07-30 15:40:00,10186.442857142858
2026-07-30 15:50:00,6979.849999999999
2026-07-30 16:00:00,4146.585714285715
2026-07-30 16:10:00,2591.828571428571
2026-07-30 16:20:00,2909.4833333333336
2026-07-30 16:30:00,2542.7000000000003
2026-07-30 16:40:00,2243.4857142857145
2026-07-30 16:50:00,2061.15
2026-07-30 17:00:00,2206.9142857142856
2026-07-30 17:10:00,1947.3142857142855
2026-07-30 17:20:00,1610.2833333333335
2026-07-30 17:30:00,1332.9285714285713
2026-07-30 17:40:00,964.6000000000001
2026-07-30 17:50:00,635.8166666666667
2026-07-30 18:00:00,305.3428571428571
2026-07-30 18:10:00,77.11428571428571
2026-07-30 18:20:00,12.933333333333332
2026-07-30 18:30:00,0
2026-07-30 18:40:00,0
2026-07-30 18:50:00,0
2026-07-30 19:00:00,0
2026-07-30 19:10:00,0
2026-07-30 19:20:00,0
2026-07-30 19:30:00,0
2026-07-30 19:40:00,0
2026-07-30 19:50:00,0
2026-07-30 20:00:00,0
2026-07-30 20:10:00,0
2026-07-30 20:20:00,0
2026-07-30 20:30:00,0
2026-07-30 20:40:00,0
2026-07-30 20:50:00,0
2026-07-30 21:00:00,0
2026-07-30 21:10:00,0
2026-07-30 21:20:00,0
2026-07-30 21:30:00,0
2026-07-30 21:40:00,0
2026-07-30 21:50:00,0
2026-07-30 22:00:00,0
2026-07-30 22:10:00,0
2026-07-30 22:20:00,0
2026-07-30 22:30:00,0
2026-07-30 22:40:00,0
2026-07-30 22:50:00,0
2026-07-30 23:00:00,0
2026-07-30 23:10:00,0
2026-07-30 23:20:00,0
2026-07-30 23:30:00,0
2026-07-30 23:40:00,0
2026-07-30 23:50:00,0
2026-07-31 00:00:00,0
2026-07-31 00:10:00,0
2026-07-31 00:20:00,0
2026-07-31 00:30:00,0
2026-07-31 00:40:00,0
2026-07-31 00:50:00,0
2026-07-31 01:00:00,0
2026-07-31 01:10:00,0
2026-07-31 01:20:00,0
2026-07-31 01:30:00,0
2026-07-31 01:40:00,0
2026-07-31 01:50:00,0
2026-07-31 02:00:00,0
2026-07-31 02:10:00,0
2026-07-31 02:20:00,0
2026-07-31 02:30:00,0
2026-07-31 02:40:00,0
2026-07-31 02:50:00,0
2026-07-31 03:00:00,0
2026-07-31 03:10:00,0
2026-07-31 03:20:00,0
2026-07-31 03:30:00,0
2026-07-31 03:40:00,0
2026-07-31 03:50:00,0
2026-07-31 04:00:00,0
2026-07-31 04:10:00,0
2026-07-31 04:20:00,0
2026-07-31 04:30:00,0
2026-07-31 04:40:00,0
2026-07-31 04:50:00,0
2026-07-31 05:00:00,0
2026-07-31 05:10:00,0.31428571428571433
2026-07-31 05:20:00,18.65
2026-07-31 05:30:00,93.72857142857141
2026-07-31 05:40:00,286.31428571428575
2026-07-31 05:50:00,611.4333333333334
2026-07-31 06:00:00,936.342857142857
2026-07-31 06:10:00,1232.4714285714288
2026-07-31 06:20:00,1480.2
2026-07-31 06:30:00,1666.8714285714286
2026-07-31 06:40:00,1844.7142857142858
2026-07-31 06:50:00,3975.7333333333336
2026-07-31 07:00:00,8036.657142857142
2026-07-31 07:10:00,8424.357142857143
2026-07-31 07:20:00,9496.516666666666
2026-07-31 07:30:00,10266
2026-07-31 07:40:00,11401.742857142857
2026-07-31 07:50:00,12284.166666666666
2026-07-31 08:00:00,12915
2026-07-31 08:10:00,13724.771428571428
2026-07-31 08:20:00,14390.133333333333
2026-07-31 08:30:00,15191.942857142858
2026-07-31 08:40:00,15884.4
2026-07-31 08:50:00,16349.133333333331
2026-07-31 09:00:00,17054.214285714286
2026-07-31 09:10:00,17479.55
2026-07-31 09:20:00,18068.350000000002
2026-07-31 09:30:00,18670.68571428571
2026-07-31 09:40:00,15008.857142857143
2026-07-31 09:50:00,19521.333333333332
2026-07-31 10:00:00,19903.81428571429
2026-07-31 10:10:00,20171.971428571425
2026-07-31 10:20:00,20388.666666666668
2026-07-31 10:30:00,9943.157142857144
2026-07-31 10:40:00,9964.942857142858
2026-07-31 10:50:00,10514.383333333333
2026-07-31 11:00:00,18338.314285714285
2026-07-31 11:10:00,19707.485714285718
2026-07-31 11:20:00,21409.733333333334
2026-07-31 11:30:00,18325.1
2026-07-31 11:40:00,21028.14285714286
2026-07-31 11:50:00,21606.500000000004
2026-07-31 12:00:00,20970.399999999998
2026-07-31 12:10:00,20620.5
2026-07-31 12:20:00,15962.766666666668
2026-07-31 12:30:00,14443.314285714287
2026-07-31 12:40:00,15597.157142857142
2026-07-31 12:50:00,16464.166666666668
2026-07-31 13:00:00,16587.871428571427
2026-07-31 13:10:00,15402.699999999999
2026-07-31 13:20:00,16060.983333333335
2026-07-31 13:30:00,12213.342857142858
2026-07-31 13:40:00,4624.585714285714
2026-07-31 13:50:00,4371.766666666667
2026-07-31 14:00:00,3667.9571428571426
2026-07-31 14:10:00,2618.8857142857146
2026-07-31 14:20:00,1486.2833333333335
2026-07-31 14:30:00,2378.0571428571425
2026-07-31 14:40:00,3456.3
2026-07-31 14:50:00,4589.316666666667
2026-07-31 15:00:00,4940.385714285714
2026-07-31 15:10:00,4580.028571428572
2026-07-31 15:20:00,4438.416666666667
2026-07-31 15:30:00,4361.628571428571
2026-07-31 15:40:00,4156.414285714286
2026-07-31 15:50:00,3969.2999999999997
2026-07-31 16:00:00,3655.3857142857146
2026-07-31 16:10:00,3365.0714285714284
2026-07-31 16:20:00,3487.5833333333335
2026-07-31 16:30:00,3284.0800000000004
2026-07-31 16:40:00,2971.8500000000004
2026-07-31 16:50:00,2746.4166666666665
2026-07-31 17:00:00,2565.7285714285713
2026-07-31 17:10:00,2233.0142857142855
2026-07-31 17:20:00,1836.1000000000001
2026-07-31 17:30:00,1527.4
2026-07-31 17:40:00,1139.4142857142858
2026-07-31 17:50:00,683.8333333333334
2026-07-31 18:00:00,203.37142857142857
2026-07-31 18:10:00,33.48571428571429
2026-07-31 18:20:00,1.8166666666666664
2026-07-31 18:30:00,0
2026-07-31 18:40:00,0
2026-07-31 18:50:00,0
2026-07-31 19:00:00,0
2026-07-31 19:10:00,0
2026-07-31 19:20:00,0
2026-07-31 19:30:00,0
2026-07-31 19:40:00,0
2026-07-31 19:50:00,0
2026-07-31 20:00:00,0
2026-07-31 20:10:00,0
2026-07-31 20:20:00,0
2026-07-31 20:30:00,0
2026-07-31 20:40:00,0
2026-07-31 20:50:00,0
2026-07-31 21:00:00,0
2026-07-31 21:10:00,0
2026-07-31 21:20:00,0
2026-07-31 21:30:00,0
2026-07-31 21:40:00,0
2026-07-31 21:50:00,0
2026-07-31 22:00:00,0
2026-07-31 22:10:00,0
2026-07-31 22:20:00,0
2026-07-31 22:30:00,0
2026-07-31 22:40:00,0
2026-07-31 22:50:00,0
2026-07-31 23:00:00,0
2026-07-31 23:10:00,0
2026-07-31 23:20:00,0
2026-07-31 23:30:00,0
2026-07-31 23:40:00,0
2026-07-31 23:50:00,0
2026-08-01 00:00:00,0
2026-08-01 00:10:00,0
2026-08-01 00:20:00,0
2026-08-01 00:30:00,0
2026-08-01 00:40:00,0
2026-08-01 00:50:00,0
2026-08-01 01:00:00,0
2026-08-01 01:10:00,0
2026-08-01 01:20:00,0
2026-08-01 01:30:00,0
2026-08-01 01:40:00,0
2026-08-01 01:50:00,0
2026-08-01 02:00:00,0
2026-08-01 02:10:00,0
2026-08-01 02:20:00,0
2026-08-01 02:30:00,0
2026-08-01 02:40:00,0
2026-08-01 02:50:00,0
2026-08-01 03:00:00,0
2026-08-01 03:10:00,0
2026-08-01 03:20:00,0
2026-08-01 03:30:00,0
2026-08-01 03:40:00,0
2026-08-01 03:50:00,0
2026-08-01 04:00:00,0
2026-08-01 04:10:00,0
2026-08-01 04:20:00,0
2026-08-01 04:30:00,0
2026-08-01 04:40:00,0
2026-08-01 04:50:00,0
2026-08-01 05:00:00,0
2026-08-01 05:10:00,0.31428571428571433
2026-08-01 05:20:00,15.433333333333332
2026-08-01 05:30:00,66.07142857142857
2026-08-01 05:40:00,96.15714285714284
2026-08-01 05:50:00,166.65
2026-08-01 06:00:00,417.1857142857143
2026-08-01 06:10:00,483.8285714285715
2026-08-01 06:20:00,817.5
2026-08-01 06:30:00,2198.628571428571
2026-08-01 06:40:00,3924.4714285714285
2026-08-01 06:50:00,4620.833333333334
2026-08-01 07:00:00,5027.328571428571
2026-08-01 07:10:00,6002.071428571428
2026-08-01 07:20:00,6588.100000000001
2026-08-01 07:30:00,8342.342857142856
2026-08-01 07:40:00,8109.457142857143
2026-08-01 07:50:00,6346.442857142857
2026-08-01 08:00:00,4877.833333333333
2026-08-01 08:10:00,10084.457142857142
2026-08-01 08:20:00,6937.800000000001
2026-08-01 08:30:00,7676.566666666666
2026-08-01 08:40:00,9274.357142857143
2026-08-01 08:50:00,17333.666666666668
2026-08-01 09:00:00,17569.071428571428
2026-08-01 09:10:00,15174.742857142859
2026-08-01 09:20:00,16044.5
2026-08-01 09:30:00,19231.928571428572
2026-08-01 09:40:00,18675
2026-08-01 09:50:00,19542.100000000002
2026-08-01 10:00:00,20319.428571428572
2026-08-01 10:10:00,20787.614285714288
2026-08-01 10:20:00,20602.266666666666
2026-08-01 10:30:00,19010.14285714286
2026-08-01 10:40:00,17151.585714285717
2026-08-01 10:50:00,18314.233333333334
2026-08-01 11:00:00,9899.214285714284
2026-08-01 11:10:00,7776.471428571429
2026-08-01 11:20:00,8403.033333333333
2026-08-01 11:30:00,8181.971428571428
2026-08-01 11:40:00,11511.100000000002
2026-08-01 11:50:00,13224.966666666667
2026-08-01 12:00:00,15366.142857142857
2026-08-01 12:10:00,9233.828571428572
2026-08-01 12:20:00,8733.849999999999
2026-08-01 12:30:00,8888.842857142856
2026-08-01 12:40:00,12499.642857142857
2026-08-01 12:50:00,8758.566666666668
2026-08-01 13:00:00,16017.714285714286
2026-08-01 13:10:00,16723.957142857143
2026-08-01 13:20:00,17751.2
2026-08-01 13:30:00,17093.52857142857
2026-08-01 13:40:00,11910.457142857142
2026-08-01 13:50:00,6314.283333333334
2026-08-01 14:00:00,8248.628571428571
2026-08-01 14:10:00,8754.285714285714
2026-08-01 14:20:00,14060.75
2026-08-01 14:30:00,17067.128571428573
2026-08-01 14:40:00,16039.116666666667
2026-08-01 14:50:00,17167.92
2026-08-01 15:00:00,16545.166666666668
2026-08-01 15:10:00,13251.685714285715
2026-08-01 15:20:00,10987.3
2026-08-01 15:30:00,10362.083333333334
2026-08-01 15:40:00,9135.528571428571
2026-08-01 15:50:00,6405.114285714285
2026-08-01 16:00:00,4684.650000000001
2026-08-01 16:10:00,4831.028571428572
2026-08-01 16:20:00,4725.957142857143
2026-08-01 16:30:00,4574.266666666666
2026-08-01 16:40:00,3808.0571428571425
2026-08-01 16:50:00,2832.0833333333335
2026-08-01 17:00:00,1754.4285714285713
2026-08-01 17:10:00,518.5428571428572
2026-08-01 17:20:00,563.0500000000001
2026-08-01 17:30:00,893.9571428571428
2026-08-01 17:40:00,670.6285714285714
2026-08-01 17:50:00,334.0333333333333
2026-08-01 18:00:00,112.42857142857143
2026-08-01 18:10:00,18.142857142857146
2026-08-01 18:20:00,1.0833333333333333
2026-08-01 18:30:00,0
2026-08-01 18:40:00,0
2026-08-01 18:50:00,0
2026-08-01 19:00:00,0
2026-08-01 19:10:00,0
2026-08-01 19:20:00,0
2026-08-01 19:30:00,0
2026-08-01 19:40:00,0
2026-08-01 19:50:00,0
2026-08-01 20:00:00,0
2026-08-01 20:10:00,0
2026-08-01 20:20:00,0
2026-08-01 20:30:00,0
2026-08-01 20:40:00,0
2026-08-01 20:50:00,0
2026-08-01 21:00:00,0
2026-08-01 21:10:00,0
2026-08-01 21:20:00,0
2026-08-01 21:30:00,0
2026-08-01 21:40:00,0
2026-08-01 21:50:00,0
2026-08-01 22:00:00,0
2026-08-01 22:10:00,0
2026-08-01 22:20:00,0
2026-08-01 22:30:00,0
2026-08-01 22:40:00,0
2026-08-01 22:50:00,0
2026-08-01 23:00:00,0
2026-08-01 23:10:00,0
2026-08-01 23:20:00,0
2026-08-01 23:30:00,0
2026-08-01 23:40:00,0
2026-08-01 23:50:00,0
2026-08-02 00:00:00,0
2026-08-02 00:10:00,0
2026-08-02 00:20:00,0
2026-08-02 00:30:00,0
2026-08-02 00:40:00,0
2026-08-02 00:50:00,0
2026-08-02 01:00:00,0
2026-08-02 01:10:00,0
2026-08-02 01:20:00,0
2026-08-02 01:30:00,0
2026-08-02 01:40:00,0
2026-08-02 01:50:00,0
2026-08-02 02:00:00,0
2026-08-02 02:10:00,0
2026-08-02 02:20:00,0
2026-08-02 02:30:00,0
2026-08-02 02:40:00,0
2026-08-02 02:50:00,0
2026-08-02 03:00:00,0
2026-08-02 03:10:00,0
2026-08-02 03:20:00,0
2026-08-02 03:30:00,0
2026-08-02 03:40:00,0
2026-08-02 03:50:00,0
2026-08-02 04:00:00,0
2026-08-02 04:10:00,0
2026-08-02 04:20:00,0
2026-08-02 04:30:00,0
2026-08-02 04:40:00,0
2026-08-02 04:50:00,0
2026-08-02 05:00:00,0
2026-08-02 05:10:00,0
2026-08-02 05:20:00,14.016666666666666
2026-08-02 05:30:00,48.17999999999999
2026-08-02 05:40:00,230.10000000000002
2026-08-02 05:50:00,536.9857142857144
2026-08-02 06:00:00,1054.4333333333334
2026-08-02 06:10:00,1886.8428571428572
2026-08-02 06:20:00,3180.442857142857
2026-08-02 06:30:00,4056.0166666666664
2026-08-02 06:40:00,4204.342857142857
2026-08-02 06:50:00,5212.257142857144
2026-08-02 07:00:00,5317.216666666667
2026-08-02 07:10:00,7088.342857142858
2026-08-02 07:20:00,8470.728571428572
2026-08-02 07:30:00,10415.133333333333
2026-08-02 07:40:00,9334.585714285715
2026-08-02 07:50:00,11394.357142857143
2026-08-02 08:00:00,12499.199999999999
2026-08-02 08:10:00,12139.314285714285
2026-08-02 08:20:00,9632.271428571428
2026-08-02 08:30:00,12520.349999999999
2026-08-02 08:40:00,13343.557142857142
2026-08-02 08:50:00,13781.300000000001
2026-08-02 09:00:00,16327.616666666667
2026-08-02 09:10:00,18631.67142857143
2026-08-02 09:20:00,15267.466666666667
2026-08-02 09:30:00,16458.52857142857
2026-08-02 09:40:00,18711.557142857146
2026-08-02 09:50:00,18126.43333333333
2026-08-02 10:00:00,17049.6
2026-08-02 10:10:00,16314.157142857144
2026-08-02 10:20:00,9774.633333333333
2026-08-02 10:30:00,7421.942857142858
2026-08-02 10:40:00,7698.4285714285725
2026-08-02 10:50:00,6702.433333333333
2026-08-02 11:00:00,4860.214285714285
2026-08-02 11:10:00,4799.7
2026-08-02 11:20:00,4466.366666666668
2026-08-02 11:30:00,3663.0571428571425
2026-08-02 11:40:00,3389.942857142857
2026-08-02 11:50:00,4067.1166666666663
2026-08-02 12:00:00,5171.714285714285
2026-08-02 12:10:00,6754.085714285715
2026-08-02 12:20:00,6850.816666666666
2026-08-02 12:30:00,6808.471428571428
2026-08-02 12:40:00,7100.628571428571
2026-08-02 12:50:00,7166.583333333332
2026-08-02 13:00:00,7955.4
2026-08-02 13:10:00,9018.771428571428
2026-08-02 13:20:00,9758.199999999999
2026-08-02 13:30:00,8834.933333333334
2026-08-02 13:40:00,8220.371428571429
2026-08-02 13:50:00,7331.957142857144
2026-08-02 14:00:00,6504.599999999999
2026-08-02 14:10:00,6928.599999999999
2026-08-02 14:20:00,7485.228571428571
2026-08-02 14:30:00,7699.866666666666
2026-08-02 14:40:00,8556.442857142858
2026-08-02 14:50:00,8618.5
2026-08-02 15:00:00,8398.016666666668
2026-08-02 15:10:00,8914.014285714287
2026-08-02 15:20:00,8646.757142857141
2026-08-02 15:30:00,7874.049999999999
2026-08-02 15:40:00,6864.385714285714
2026-08-02 15:50:00,6017.728571428571
2026-08-02 16:00:00,5169.183333333333
2026-08-02 16:10:00,4209.383333333333
2026-08-02 16:20:00,3122.75
2026-08-02 16:30:00,2061.866666666667
2026-08-02 16:40:00,1986.957142857143
2026-08-02 16:50:00,1962.0857142857142
2026-08-02 17:00:00,1422.1333333333334
2026-08-02 17:10:00,1209.757142857143
2026-08-02 17:20:00,1002.0833333333334
2026-08-02 17:30:00,712.7142857142857
2026-08-02 17:40:00,427.31428571428575
2026-08-02 17:50:00,205
2026-08-02 18:00:00,68.82857142857142
2026-08-02 18:10:00,18.142857142857142
2026-08-02 18:20:00,0.3666666666666667
2026-08-02 18:30:00,0
2026-08-02 18:40:00,0
2026-08-02 18:50:00,0
2026-08-02 19:00:00,0
2026-08-02 19:10:00,0
2026-08-02 19:20:00,0
2026-08-02 19:30:00,0
2026-08-02 19:40:00,0
2026-08-02 19:50:00,0
2026-08-02 20:00:00,0
2026-08-02 20:10:00,0
2026-08-02 20:20:00,0
2026-08-02 20:30:00,0
2026-08-02 20:40:00,0
2026-08-02 20:50:00,0
2026-08-02 21:00:00,0
2026-08-02 21:10:00,0
2026-08-02 21:20:00,0
2026-08-02 21:30:00,0
2026-08-02 21:40:00,0
2026-08-02 21:50:00,0
2026-08-02 22:00:00,0
2026-08-02 22:10:00,0
2026-08-02 22:20:00,0
2026-08-02 22:30:00,0
2026-08-02 22:40:00,0
2026-08-02 22:50:00,0
2026-08-02 23:00:00,0
2026-08-02 23:10:00,0
2026-08-02 23:20:00,0
2026-08-02 23:30:00,0
2026-08-02 23:40:00,0
2026-08-02 23:50:00,0
2026-08-03 00:00:00,0
2026-08-03 00:10:00,0
2026-08-03 00:20:00,0
2026-08-03 00:30:00,0
2026-08-03 00:40:00,0
2026-08-03 00:50:00,0
2026-08-03 01:00:00,0
2026-08-03 01:10:00,0
2026-08-03 01:20:00,0
2026-08-03 01:30:00,0
2026-08-03 01:40:00,0
2026-08-03 01:50:00,0
2026-08-03 02:00:00,0
2026-08-03 02:10:00,0
2026-08-03 02:20:00,0
2026-08-03 02:30:00,0
2026-08-03 02:40:00,0
2026-08-03 02:50:00,0
2026-08-03 03:00:00,0
2026-08-03 03:10:00,0
2026-08-03 03:20:00,0
2026-08-03 03:30:00,0
2026-08-03 03:40:00,0
2026-08-03 03:50:00,0
2026-08-03 04:00:00,0
2026-08-03 04:10:00,0
2026-08-03 04:20:00,0
2026-08-03 04:30:00,0
2026-08-03 04:40:00,0
2026-08-03 04:50:00,0
2026-08-03 05:00:00,0
2026-08-03 05:10:00,0
2026-08-03 05:20:00,7.385714285714286
2026-08-03 05:30:00,43.75
2026-08-03 05:40:00,201.22857142857146
2026-08-03 05:50:00,622.6857142857143
2026-08-03 06:00:00,1167.3000000000002
2026-08-03 06:10:00,1728.6142857142859
2026-08-03 06:20:00,2382.0142857142855
2026-08-03 06:30:00,2939.9666666666667
2026-08-03 06:40:00,3541.4142857142856
2026-08-03 06:50:00,4098.657142857142
2026-08-03 07:00:00,4240.233333333334
2026-08-03 07:10:00,5367.7
2026-08-03 07:20:00,6625.071428571428
2026-08-03 07:30:00,6671.599999999999
2026-08-03 07:40:00,7687.985714285714
2026-08-03 07:50:00,8694.985714285714
2026-08-03 08:00:00,8898.35
2026-08-03 08:10:00,8455.07142857143
2026-08-03 08:20:00,8527.57142857143
2026-08-03 08:30:00,7870.099999999999
2026-08-03 08:40:00,7667.685714285714
2026-08-03 08:50:00,8417.271428571428
2026-08-03 09:00:00,11412.183333333332
2026-08-03 09:10:00,11211.871428571429
2026-08-03 09:20:00,11880.371428571429
2026-08-03 09:30:00,11231.533333333335
2026-08-03 09:40:00,16151.371428571429
2026-08-03 09:50:00,12985.900000000001
2026-08-03 10:00:00,15020.528571428573
2026-08-03 10:10:00,14363.142857142857
2026-08-03 10:20:00,16686.75
2026-08-03 10:30:00,15614.985714285713
2026-08-03 10:40:00,13903.57142857143
2026-08-03 10:50:00,10505.05
2026-08-03 11:00:00,19188.028571428575
2026-08-03 11:10:00,15374.825
2026-08-03 11:20:00,20341.242857142857
2026-08-03 11:30:00,19041.8
2026-08-03 11:40:00,14309.685714285715
2026-08-03 11:50:00,10697
2026-08-03 12:00:00,11839.033333333335
2026-08-03 12:10:00,12054.2
2026-08-03 12:20:00,10634.671428571428
2026-08-03 12:30:00,6484.533333333333
2026-08-03 12:40:00,7508.571428571428
2026-08-03 12:50:00,10459.842857142856
2026-08-03 13:00:00,11560.199999999999
2026-08-03 13:10:00,15813.742857142855
2026-08-03 13:20:00,13410.814285714287
2026-08-03 13:30:00,12522.483333333335
2026-08-03 13:40:00,10008.271428571428
2026-08-03 13:50:00,5542.4857142857145
2026-08-03 14:00:00,3186.5333333333333
2026-08-03 14:10:00,3008.1142857142863
2026-08-03 14:20:00,3922.0142857142855
2026-08-03 14:30:00,5764.150000000001
2026-08-03 14:40:00,5464.171428571428
2026-08-03 14:50:00,4522.571428571428
2026-08-03 15:00:00,4304.733333333333
2026-08-03 15:10:00,5594.414285714286
2026-08-03 15:20:00,7168.5142857142855
2026-08-03 15:30:00,7329.983333333334
2026-08-03 15:40:00,6427.542857142857
2026-08-03 15:50:00,5302.585714285714
2026-08-03 16:00:00,4624.416666666667
2026-08-03 16:10:00,3809.585714285714
2026-08-03 16:20:00,2779.2571428571428
2026-08-03 16:30:00,1989.8333333333333
2026-08-03 16:40:00,1582.6857142857145
2026-08-03 16:50:00,1089.0285714285715
2026-08-03 17:00:00,733.6500000000001
2026-08-03 17:10:00,533.6142857142858
2026-08-03 17:20:00,448.8
2026-08-03 17:30:00,312.1666666666667
2026-08-03 17:40:00,182.47142857142856
2026-08-03 17:50:00,84.95
2026-08-03 18:00:00,30.128571428571426
2026-08-03 18:10:00,5.542857142857143
2026-08-03 18:20:00,0
2026-08-03 18:30:00,0
2026-08-03 18:40:00,0
2026-08-03 18:50:00,0
2026-08-03 19:00:00,0
2026-08-03 19:10:00,0
2026-08-03 19:20:00,0
2026-08-03 19:30:00,0
2026-08-03 19:40:00,0
2026-08-03 19:50:00,0
2026-08-03 20:00:00,0
2026-08-03 20:10:00,0
2026-08-03 20:20:00,0
2026-08-03 20:30:00,0
2026-08-03 20:40:00,0
2026-08-03 20:50:00,0
2026-08-03 21:00:00,0
2026-08-03 21:10:00,0
2026-08-03 21:20:00,0
2026-08-03 21:30:00,0
2026-08-03 21:40:00,0
2026-08-03 21:50:00,0
2026-08-03 22:00:00,0
2026-08-03 22:10:00,0
2026-08-03 22:20:00,0
2026-08-03 22:30:00,0
2026-08-03 22:40:00,0
2026-08-03 22:50:00,0
2026-08-03 23:00:00,0
2026-08-03 23:10:00,0
2026-08-03 23:20:00,0
2026-08-03 23:30:00,0
2026-08-03 23:40:00,0
2026-08-03 23:50:00,0
2026-08-04 00:00:00,0
2026-08-04 00:10:00,0
2026-08-04 00:20:00,0
2026-08-04 00:30:00,0
2026-08-04 00:40:00,0
2026-08-04 00:50:00,0
2026-08-04 01:00:00,0
2026-08-04 01:10:00,0
2026-08-04 01:20:00,0
2026-08-04 01:30:00,0
2026-08-04 01:40:00,0
2026-08-04 01:50:00,0
2026-08-04 02:00:00,0
2026-08-04 02:10:00,0
2026-08-04 02:20:00,0
2026-08-04 02:30:00,0
2026-08-04 02:40:00,0
2026-08-04 02:50:00,0
2026-08-04 03:00:00,0
2026-08-04 03:10:00,0
2026-08-04 03:20:00,0
2026-08-04 03:30:00,0
2026-08-04 03:40:00,0
2026-08-04 03:50:00,0
2026-08-04 04:00:00,0
2026-08-04 04:10:00,0
2026-08-04 04:20:00,0
2026-08-04 04:30:00,0
2026-08-04 04:40:00,0
2026-08-04 04:50:00,0
2026-08-04 05:00:00,0
2026-08-04 05:10:00,0
2026-08-04 05:20:00,15.057142857142859
2026-08-04 05:30:00,86.01666666666667
2026-08-04 05:40:00,301.67142857142863
2026-08-04 05:50:00,634.9571428571428
2026-08-04 06:00:00,936.85
2026-08-04 06:10:00,1158.4571428571428
2026-08-04 06:20:00,1517.8857142857141
2026-08-04 06:30:00,2010.9666666666665
2026-08-04 06:40:00,2853.2714285714287
2026-08-04 06:50:00,4749.642857142857
2026-08-04 07:00:00,7464.400000000001
2026-08-04 07:10:00,6118.4857142857145
2026-08-04 07:20:00,7707.642857142857
2026-08-04 07:30:00,11752.283333333333
2026-08-04 07:40:00,13542
2026-08-04 07:50:00,13153.685714285713
2026-08-04 08:00:00,12398.5
2026-08-04 08:10:00,13522.014285714287
2026-08-04 08:20:00,14928.085714285713
2026-08-04 08:30:00,11623.616666666667
2026-08-04 08:40:00,15933.528571428571
2026-08-04 08:50:00,12718.999999999998
2026-08-04 09:00:00,13723.150000000001
2026-08-04 09:10:00,15698.842857142856
2026-08-04 09:20:00,17954.2
2026-08-04 09:30:00,14937.766666666665
2026-08-04 09:40:00,15459.228571428572
2026-08-04 09:50:00,18617.242857142857
2026-08-04 10:00:00,19090.166666666668
2026-08-04 10:10:00,17867.671428571426
2026-08-04 10:20:00,17678.12857142857
2026-08-04 10:30:00,20672.149999999998
2026-08-04 10:40:00,21593.100000000002
2026-08-04 10:50:00,17275.085714285713
2026-08-04 11:00:00,15601.516666666668
2026-08-04 11:10:00,17856.614285714288
2026-08-04 11:20:00,15626.657142857144
2026-08-04 11:30:00,13629.599999999999
2026-08-04 11:40:00,18156.12857142857
2026-08-04 11:50:00,17798.557142857142
2026-08-04 12:00:00,19808.399999999998
2026-08-04 12:10:00,20191.942857142854
2026-08-04 12:20:00,21696.928571428572
2026-08-04 12:30:00,21187.883333333335
2026-08-04 12:40:00,11540.900000000003
2026-08-04 12:50:00,10583.342857142856
2026-08-04 13:00:00,9106.233333333334
2026-08-04 13:10:00,9701.385714285714
2026-08-04 13:20:00,11973.742857142857
2026-08-04 13:30:00,16100.749999999998
2026-08-04 13:40:00,14707.514285714287
2026-08-04 13:50:00,12946.928571428574
2026-08-04 14:00:00,12465.516666666668
2026-08-04 14:10:00,11924.585714285715
2026-08-04 14:20:00,9430.114285714286
2026-08-04 14:30:00,8585.449999999999
2026-08-04 14:40:00,9512.742857142859
2026-08-04 14:50:00,10552.314285714285
2026-08-04 15:00:00,12869.433333333334
2026-08-04 15:10:00,6711.1
2026-08-04 15:20:00,5368.628571428571
2026-08-04 15:30:00,5236.916666666667
2026-08-04 15:40:00,5571.7
2026-08-04 15:50:00,5723.442857142858
2026-08-04 16:00:00,5891.716666666666
2026-08-04 16:10:00,5639.571428571428
2026-08-04 16:20:00,5553.571428571428
2026-08-04 16:30:00,6122.183333333333
2026-08-04 16:40:00,6180.25
2026-08-04 16:50:00,5577.185714285714
2026-08-04 17:00:00,4553.466666666666
2026-08-04 17:10:00,3902.0714285714284
2026-08-04 17:20:00,3067.9857142857145
2026-08-04 17:30:00,1667.6166666666668
2026-08-04 17:40:00,1277.3428571428574
2026-08-04 17:50:00,704.7285714285715
2026-08-04 18:00:00,170.23333333333338
2026-08-04 18:10:00,49.471428571428575
2026-08-04 18:20:00,2.4714285714285715
2026-08-04 18:30:00,0
2026-08-04 18:40:00,0
2026-08-04 18:50:00,0
2026-08-04 19:00:00,0
2026-08-04 19:10:00,0
2026-08-04 19:20:00,0
2026-08-04 19:30:00,0
2026-08-04 19:40:00,0
2026-08-04 19:50:00,0
2026-08-04 20:00:00,0
2026-08-04 20:10:00,0
2026-08-04 20:20:00,0
2026-08-04 20:30:00,0
2026-08-04 20:40:00,0
2026-08-04 20:50:00,0
2026-08-04 21:00:00,0
2026-08-04 21:10:00,0
2026-08-04 21:20:00,0
2026-08-04 21:30:00,0
2026-08-04 21:40:00,0
2026-08-04 21:50:00,0
2026-08-04 22:00:00,0
2026-08-04 22:10:00,0
2026-08-04 22:20:00,0
2026-08-04 22:30:00,0
2026-08-04 22:40:00,0
2026-08-04 22:50:00,0
2026-08-04 23:00:00,0
2026-08-04 23:10:00,0
2026-08-04 23:20:00,0
2026-08-04 23:30:00,0
2026-08-04 23:40:00,0
2026-08-04 23:50:00,0
2026-08-05 00:00:00,0
2026-08-05 00:10:00,0
2026-08-05 00:20:00,0
2026-08-05 00:30:00,0
2026-08-05 00:40:00,0
2026-08-05 00:50:00,0
2026-08-05 01:00:00,0
2026-08-05 01:10:00,0
2026-08-05 01:20:00,0
2026-08-05 01:30:00,0
2026-08-05 01:40:00,0
2026-08-05 01:50:00,0
2026-08-05 02:00:00,0
2026-08-05 02:10:00,0
2026-08-05 02:20:00,0
2026-08-05 02:30:00,0
2026-08-05 02:40:00,0
2026-08-05 02:50:00,0
2026-08-05 03:00:00,0
2026-08-05 03:10:00,0
2026-08-05 03:20:00,0
2026-08-05 03:30:00,0
2026-08-05 03:40:00,0
2026-08-05 03:50:00,0
2026-08-05 04:00:00,0
2026-08-05 04:10:00,0
2026-08-05 04:20:00,0
2026-08-05 04:30:00,0
2026-08-05 04:40:00,0
2026-08-05 04:50:00,0
2026-08-05 05:00:00,0
2026-08-05 05:10:00,0
2026-08-05 05:20:00,14.457142857142856
2026-08-05 05:30:00,85.3
2026-08-05 05:40:00,326.84285714285716
2026-08-05 05:50:00,762.7571428571429
2026-08-05 06:00:00,1294.8999999999999
2026-08-05 06:10:00,2000.7857142857142
2026-08-05 06:20:00,2358.9857142857145
2026-08-05 06:30:00,2818.0833333333335
2026-08-05 06:40:00,3531.571428571429
2026-08-05 06:50:00,5255.900000000001
2026-08-05 07:00:00,7543.616666666666
2026-08-05 07:10:00,7637
2026-08-05 07:20:00,7825.6
2026-08-05 07:30:00,7778.033333333333
2026-08-05 07:40:00,9677.114285714284
2026-08-05 07:50:00,10450.014285714284
2026-08-05 08:00:00,9945.966666666665
2026-08-05 08:10:00,11234.914285714285
2026-08-05 08:20:00,10881.628571428571
2026-08-05 08:30:00,12672.650000000001
2026-08-05 08:40:00,13367.514285714284
2026-08-05 08:50:00,16074.242857142859
2026-08-05 09:00:00,16203.633333333333
2026-08-05 09:10:00,14678.942857142856
2026-08-05 09:20:00,15399.642857142857
2026-08-05 09:30:00,14481.516666666668
2026-08-05 09:40:00,14029.828571428572
2026-08-05 09:50:00,14562.8
2026-08-05 10:00:00,18093.433333333334
2026-08-05 10:10:00,19960.299999999996
2026-08-05 10:20:00,19539.785714285714
2026-08-05 10:30:00,15104.75
2026-08-05 10:40:00,14796.9
2026-08-05 10:50:00,14704.128571428573
2026-08-05 11:00:00,14077.25
2026-08-05 11:10:00,13487.614285714286
2026-08-05 11:20:00,13666.399999999998
2026-08-05 11:30:00,16565.600000000002
2026-08-05 11:40:00,20281.042857142857
2026-08-05 11:50:00,16004.814285714287
2026-08-05 12:00:00,16215.800000000001
2026-08-05 12:10:00,18635.971428571433
2026-08-05 12:20:00,19219.95714285714
2026-08-05 12:30:00,19180.5
2026-08-05 12:40:00,17606.85714285714
2026-08-05 12:50:00,19031.014285714282
2026-08-05 13:00:00,15818.349999999999
2026-08-05 13:10:00,17227.77142857143
2026-08-05 13:20:00,18866.7
2026-08-05 13:30:00,15502.233333333332
2026-08-05 13:40:00,13831.07142857143
2026-08-05 13:50:00,11567.014285714287
2026-08-05 14:00:00,9793.633333333333
2026-08-05 14:10:00,7843.442857142856
2026-08-05 14:20:00,8614.185714285715
2026-08-05 14:30:00,8114.183333333334
2026-08-05 14:40:00,4671.585714285715
2026-08-05 14:50:00,2348.68
2026-08-05 15:00:00,3649.966666666667
2026-08-05 15:10:00,2793.366666666667
2026-08-05 15:20:00,2466.8142857142852
2026-08-05 15:30:00,2913.7999999999997
2026-08-05 15:40:00,3225
2026-08-05 15:50:00,3933.414285714286
2026-08-05 16:00:00,2104.1666666666665
2026-08-05 16:10:00,1042.642857142857
2026-08-05 16:20:00,998.4000000000002
2026-08-05 16:30:00,1420.3333333333333
2026-08-05 16:40:00,1735.6571428571428
2026-08-05 16:50:00,1305.9
2026-08-05 17:00:00,966.5999999999999
2026-08-05 17:10:00,714.5428571428572
2026-08-05 17:20:00,474.6142857142857
2026-08-05 17:30:00,272.73333333333335
2026-08-05 17:40:00,229.4714285714286
2026-08-05 17:50:00,104.44285714285714
2026-08-05 18:00:00,31.216666666666665
2026-08-05 18:10:00,7.385714285714286
2026-08-05 18:20:00,0
2026-08-05 18:30:00,0
2026-08-05 18:40:00,0
2026-08-05 18:50:00,0
2026-08-05 19:00:00,0
2026-08-05 19:10:00,0
2026-08-05 19:20:00,0
2026-08-05 19:30:00,0
2026-08-05 19:40:00,0
2026-08-05 19:50:00,0
2026-08-05 20:00:00,0
2026-08-05 20:10:00,0
2026-08-05 20:20:00,0
2026-08-05 20:30:00,0
2026-08-05 20:40:00,0
2026-08-05 20:50:00,0
2026-08-05 21:00:00,0
2026-08-05 21:10:00,0
2026-08-05 21:20:00,0
2026-08-05 21:30:00,0
2026-08-05 21:40:00,0
2026-08-05 21:50:00,0
2026-08-05 22:00:00,0
2026-08-05 22:10:00,0
2026-08-05 22:20:00,0
2026-08-05 22:30:00,0
2026-08-05 22:40:00,0
2026-08-05 22:50:00,0
2026-08-05 23:00:00,0
2026-08-05 23:10:00,0
2026-08-05 23:20:00,0
2026-08-05 23:30:00,0
2026-08-05 23:40:00,0
2026-08-05 23:50:00,0
2026-08-06 00:00:00,0
2026-08-06 00:10:00,0
2026-08-06 00:20:00,0
2026-08-06 00:30:00,0
2026-08-06 00:40:00,0
2026-08-06 00:50:00,0
2026-08-06 01:00:00,0
2026-08-06 01:10:00,0
2026-08-06 01:20:00,0
2026-08-06 01:30:00,0
2026-08-06 01:40:00,0
2026-08-06 01:50:00,0
2026-08-06 02:00:00,0
2026-08-06 02:10:00,0
2026-08-06 02:20:00,0
2026-08-06 02:30:00,0
2026-08-06 02:40:00,0
2026-08-06 02:50:00,0
2026-08-06 03:00:00,0
2026-08-06 03:10:00,0
2026-08-06 03:20:00,0
2026-08-06 03:30:00,0
2026-08-06 03:40:00,0
2026-08-06 03:50:00,0
2026-08-06 04:00:00,0
2026-08-06 04:10:00,0
2026-08-06 04:20:00,0
2026-08-06 04:30:00,0
2026-08-06 04:40:00,0
2026-08-06 04:50:00,0
2026-08-06 05:00:00,0
2026-08-06 05:10:00,0
2026-08-06 05:20:00,2.471428571428571
2026-08-06 05:30:00,23.333333333333332
2026-08-06 05:40:00,66.675
2026-08-06 05:50:00,208.87142857142857
2026-08-06 06:00:00,446.6714285714285
2026-08-06 06:10:00,839.3666666666668
2026-08-06 06:20:00,1337.857142857143
2026-08-06 06:30:00,1901.5714285714287
2026-08-06 06:40:00,2817.733333333333
2026-08-06 06:50:00,3781.642857142858
2026-08-06 07:00:00,4283.6
2026-08-06 07:10:00,4613.683333333333
2026-08-06 07:20:00,5806.685714285713
2026-08-06 07:30:00,6362.3
2026-08-06 07:40:00,6396.5142857142855
2026-08-06 07:50:00,6795.257142857144
2026-08-06 08:00:00,7988.366666666666
2026-08-06 08:10:00,8492.857142857143
2026-08-06 08:20:00,8568.414285714287
2026-08-06 08:30:00,7662.216666666667
2026-08-06 08:40:00,8433.871428571427
2026-08-06 08:50:00,9954.199999999999
2026-08-06 09:00:00,13942.483333333335
2026-08-06 09:10:00,13789.300000000001
2026-08-06 09:20:00,11940.857142857143
2026-08-06 09:30:00,11310.033333333333
2026-08-06 09:40:00,11456.114285714284
2026-08-06 09:50:00,11282.242857142857
2026-08-06 10:00:00,14405.9
2026-08-06 10:10:00,15130.199999999999
2026-08-06 10:20:00,14052.242857142859
2026-08-06 10:30:00,11970.583333333334
2026-08-06 10:40:00,11533.842857142856
2026-08-06 10:50:00,12126.728571428572
2026-08-06 11:00:00,10391.066666666666
2026-08-06 11:10:00,9430.414285714285
2026-08-06 11:20:00,9792
2026-08-06 11:30:00,9621.6
2026-08-06 11:40:00,9314.614285714286
2026-08-06 11:50:00,9912.114285714286
2026-08-06 12:00:00,10316.533333333333
2026-08-06 12:10:00,11944.857142857143
2026-08-06 12:20:00,11359.014285714284
2026-08-06 12:30:00,10972.066666666666
2026-08-06 12:40:00,11509.857142857143
2026-08-06 12:50:00,7960.157142857142
2026-08-06 13:00:00,6641.5
2026-08-06 13:10:00,9898.275
2026-08-06 13:20:00,8613.885714285714
2026-08-06 13:30:00,7230.885714285715
2026-08-06 13:40:00,6945.433333333334
2026-08-06 13:50:00,5525.3
2026-08-06 14:00:00,6088.7
2026-08-06 14:10:00,5122.633333333334
2026-08-06 14:20:00,5285.357142857143
2026-08-06 14:30:00,6950.085714285714
2026-08-06 14:40:00,9626.633333333333
2026-08-06 14:50:00,9759.128571428571
2026-08-06 15:00:00,8650.757142857143
2026-08-06 15:10:00,9085.766666666668
2026-08-06 15:20:00,8822.471428571429
2026-08-06 15:30:00,7270.799999999998
2026-08-06 15:40:00,5092.883333333334
2026-08-06 15:50:00,4679.300000000001
2026-08-06 16:00:00,3047.116666666667
2026-08-06 16:10:00,2493.8571428571427
2026-08-06 16:20:00,2176.2
2026-08-06 16:30:00,1831.0833333333333
2026-08-06 16:40:00,1705.2714285714285
2026-08-06 16:50:00,1892.042857142857
2026-08-06 17:00:00,2755.0166666666664
2026-08-06 17:10:00,2126.7500000000005
2026-08-06 17:20:00,1524.6428571428569
2026-08-06 17:30:00,927.8833333333333
2026-08-06 17:40:00,409.8142857142857
2026-08-06 17:50:00,224.24285714285716
2026-08-06 18:00:00,105.01666666666667
2026-08-06 18:10:00,34.114285714285714
2026-08-06 18:20:00,1.8571428571428572
2026-08-06 18:30:00,0
2026-08-06 18:40:00,0
2026-08-06 18:50:00,0
2026-08-06 19:00:00,0
2026-08-06 19:10:00,0
2026-08-06 19:20:00,0
2026-08-06 19:30:00,0
2026-08-06 19:40:00,0
2026-08-06 19:50:00,0
2026-08-06 20:00:00,0
2026-08-06 20:10:00,0
2026-08-06 20:20:00,0
2026-08-06 20:30:00,0
2026-08-06 20:40:00,0
2026-08-06 20:50:00,0
2026-08-06 21:00:00,0
2026-08-06 21:10:00,0
2026-08-06 21:20:00,0
2026-08-06 21:30:00,0
2026-08-06 21:40:00,0
2026-08-06 21:50:00,0
2026-08-06 22:00:00,0
2026-08-06 22:10:00,0
2026-08-06 22:20:00,0
2026-08-06 22:30:00,0
2026-08-06 22:40:00,0
2026-08-06 22:50:00,0
2026-08-06 23:00:00,0
2026-08-06 23:10:00,0
2026-08-06 23:20:00,0
2026-08-06 23:30:00,0
2026-08-06 23:40:00,0
2026-08-06 23:50:00,0
2026-08-07 00:00:00,0
2026-08-07 00:10:00,0
2026-08-07 00:20:00,0
2026-08-07 00:30:00,0
2026-08-07 00:40:00,0
2026-08-07 00:50:00,0
2026-08-07 01:00:00,0
2026-08-07 01:10:00,0
2026-08-07 01:20:00,0
2026-08-07 01:30:00,0
2026-08-07 01:40:00,0
2026-08-07 01:50:00,0
2026-08-07 02:00:00,0
2026-08-07 02:10:00,0
2026-08-07 02:20:00,0
2026-08-07 02:30:00,0
2026-08-07 02:40:00,0
2026-08-07 02:50:00,0
2026-08-07 03:00:00,0
2026-08-07 03:10:00,0
2026-08-07 03:20:00,0
2026-08-07 03:30:00,0
2026-08-07 03:40:00,0
2026-08-07 03:50:00,0
2026-08-07 04:00:00,0
2026-08-07 04:10:00,0
2026-08-07 04:20:00,0
2026-08-07 04:30:00,0
2026-08-07 04:40:00,0
2026-08-07 04:50:00,0
2026-08-07 05:00:00,0
2026-08-07 05:10:00,0
2026-08-07 05:20:00,13.557142857142855
2026-08-07 05:30:00,90.02857142857142
2026-08-07 05:40:00,269.23999999999995
2026-08-07 05:50:00,631.2857142857143
2026-08-07 06:00:00,927.1142857142858
2026-08-07 06:10:00,1225.3833333333332
2026-08-07 06:20:00,1770.7
2026-08-07 06:30:00,1927.3857142857144
2026-08-07 06:40:00,2920.233333333333
2026-08-07 06:50:00,3586.871428571429
2026-08-07 07:00:00,3489.171428571429
2026-08-07 07:10:00,3411.966666666667
2026-08-07 07:20:00,3625.257142857143
2026-08-07 07:30:00,4137.671428571429
2026-08-07 07:40:00,4635.166666666667
2026-08-07 07:50:00,5337.599999999999
2026-08-07 08:00:00,4749.614285714286
2026-08-07 08:10:00,3496.5499999999997
2026-08-07 08:20:00,5307.185714285714
2026-08-07 08:30:00,8407.64
2026-08-07 08:40:00,10881.328571428572
2026-08-07 08:50:00,13064.300000000001
2026-08-07 09:00:00,8389.783333333333
2026-08-07 09:10:00,6770.685714285714
2026-08-07 09:20:00,9094.957142857143
2026-08-07 09:30:00,9543.116666666667
2026-08-07 09:40:00,10964.27142857143
2026-08-07 09:50:00,11627.214285714286
2026-08-07 10:00:00,11281.700000000003
2026-08-07 10:10:00,12260.85
2026-08-07 10:20:00,11987.871428571427
2026-08-07 10:30:00,12284.533333333333
2026-08-07 10:40:00,15338.8
2026-08-07 10:50:00,16771.285714285714
2026-08-07 11:00:00,16113.683333333334
2026-08-07 11:10:00,14800.9
2026-08-07 11:20:00,13312.575
2026-08-07 11:30:00,11986.957142857145
2026-08-07 11:40:00,10570.919999999998
2026-08-07 11:50:00,8912.471428571429
2026-08-07 12:00:00,9578.800000000001
2026-08-07 12:10:00,10026.233333333335
2026-08-07 12:20:00,10222.371428571427
2026-08-07 12:30:00,9510.285714285714
2026-08-07 12:40:00,9386.85
2026-08-07 12:50:00,9476.842857142856
2026-08-07 13:00:00,9513.385714285714
2026-08-07 13:10:00,9612.633333333333
2026-08-07 13:20:00,9678.957142857142
2026-08-07 13:30:00,9714.285714285714
2026-08-07 13:40:00,9652.800000000001
2026-08-07 13:50:00,9640.528571428573
2026-08-07 14:00:00,9600.6
2026-08-07 14:10:00,9667.466666666667
2026-08-07 14:20:00,9710.585714285713
2026-08-07 14:30:00,9835
2026-08-07 14:40:00,9956
2026-08-07 14:50:00,9914.571428571426
2026-08-07 15:00:00,9567.742857142859
2026-08-07 15:10:00,9001.583333333334
2026-08-07 15:20:00,8216.057142857142
2026-08-07 15:30:00,7480.942857142856
2026-08-07 15:40:00,7031.099999999999
2026-08-07 15:50:00,6642.871428571429
2026-08-07 16:00:00,6199.3
2026-08-07 16:10:00,5716.116666666668
2026-08-07 16:20:00,5184.614285714286
2026-08-07 16:30:00,4458.699999999999
2026-08-07 16:40:00,3748.5166666666664
2026-08-07 16:50:00,3208.1
2026-08-07 17:00:00,2709.8666666666663
2026-08-07 17:10:00,2173.442857142857
2026-08-07 17:20:00,1765.1714285714286
2026-08-07 17:30:00,1386.2833333333335
2026-08-07 17:40:00,992.2571428571429
2026-08-07 17:50:00,560.9571428571428
2026-08-07 18:00:00,188.88333333333333
2026-08-07 18:10:00,37.5
2026-08-07 18:20:00,1.557142857142857
2026-08-07 18:30:00,0
2026-08-07 18:40:00,0
2026-08-07 18:50:00,0
2026-08-07 19:00:00,0
2026-08-07 19:10:00,0
2026-08-07 19:20:00,0
2026-08-07 19:30:00,0
2026-08-07 19:40:00,0
2026-08-07 19:50:00,0
2026-08-07 20:00:00,0
2026-08-07 20:10:00,0
2026-08-07 20:20:00,0
2026-08-07 20:30:00,0
2026-08-07 20:40:00,0
2026-08-07 20:50:00,0
2026-08-07 21:00:00,0
2026-08-07 21:10:00,0
2026-08-07 21:20:00,0
2026-08-07 21:30:00,0
2026-08-07 21:40:00,0
2026-08-07 21:50:00,0
2026-08-07 22:00:00,0
2026-08-07 22:10:00,0
2026-08-07 22:20:00,0
2026-08-07 22:30:00,0
2026-08-07 22:40:00,0
2026-08-07 22:50:00,0
2026-08-07 23:00:00,0
2026-08-07 23:10:00,0
2026-08-07 23:20:00,0
2026-08-07 23:30:00,0
2026-08-07 23:40:00,0
2026-08-07 23:50:00,0
2026-08-08 00:00:00,0
2026-08-08 00:10:00,0
2026-08-08 00:20:00,0
2026-08-08 00:30:00,0
2026-08-08 00:40:00,0
2026-08-08 00:50:00,0
2026-08-08 01:00:00,0
2026-08-08 01:10:00,0
2026-08-08 01:20:00,0
2026-08-08 01:30:00,0
2026-08-08 01:40:00,0
2026-08-08 01:50:00,0
2026-08-08 02:00:00,0
2026-08-08 02:10:00,0
2026-08-08 02:20:00,0
2026-08-08 02:30:00,0
2026-08-08 02:40:00,0
2026-08-08 02:50:00,0
2026-08-08 03:00:00,0
2026-08-08 03:10:00,0
2026-08-08 03:20:00,0
2026-08-08 03:30:00,0
2026-08-08 03:40:00,0
2026-08-08 03:50:00,0
2026-08-08 04:00:00,0
2026-08-08 04:10:00,0
2026-08-08 04:20:00,0
2026-08-08 04:30:00,0
2026-08-08 04:40:00,0
2026-08-08 04:50:00,0
2026-08-08 05:00:00,0
2026-08-08 05:10:00,0
2026-08-08 05:20:00,8.314285714285715
2026-08-08 05:30:00,75.89999999999999
2026-08-08 05:40:00,224
2026-08-08 05:50:00,389.2285714285714
2026-08-08 06:00:00,557.5571428571428
2026-08-08 06:10:00,827.9166666666666
2026-08-08 06:20:00,1235.2428571428572
2026-08-08 06:30:00,998.6999999999999
2026-08-08 06:40:00,1505.6666666666667
2026-08-08 06:50:00,3214.8571428571436
2026-08-08 07:00:00,3620.628571428572
2026-08-08 07:10:00,3515.183333333333
2026-08-08 07:20:00,4656.214285714285
2026-08-08 07:30:00,6045.385714285715
2026-08-08 07:40:00,5153.083333333333
2026-08-08 07:50:00,6896.328571428571
2026-08-08 08:00:00,9158.87142857143
2026-08-08 08:10:00,8859.283333333335
2026-08-08 08:20:00,14167.457142857142
2026-08-08 08:30:00,16734.114285714284
2026-08-08 08:40:00,17246.216666666664
2026-08-08 08:50:00,17153.742857142857
2026-08-08 09:00:00,19153.3
2026-08-08 09:10:00,17865.166666666668
2026-08-08 09:20:00,19249.17142857143
2026-08-08 09:30:00,19625.074999999997
2026-08-08 09:40:00,19590.5
2026-08-08 09:50:00,19880.757142857143
2026-08-08 10:00:00,19962.799999999996
2026-08-08 10:10:00,20402.266666666666
2026-08-08 10:20:00,20798.971428571433
2026-08-08 10:30:00,21457.928571428572
2026-08-08 10:40:00,21762.399999999998
2026-08-08 10:50:00,22013.942857142858
2026-08-08 11:00:00,22779.17142857143
2026-08-08 11:10:00,20463.216666666667
2026-08-08 11:20:00,21448.7
2026-08-08 11:30:00,18772.685714285715
2026-08-08 11:40:00,22222.233333333334
2026-08-08 11:50:00,21664.042857142857
2026-08-08 12:00:00,20729.828571428574
2026-08-08 12:10:00,22317.2
2026-08-08 12:20:00,21947.6
2026-08-08 12:30:00,21618.885714285716
2026-08-08 12:40:00,21125.533333333336
2026-08-08 12:50:00,19803.971428571425
2026-08-08 13:00:00,20976.84285714286
2026-08-08 13:10:00,20453.149999999998
2026-08-08 13:20:00,17553.714285714286
2026-08-08 13:30:00,18569.02857142857
2026-08-08 13:40:00,19298.766666666666
2026-08-08 13:50:00,18710.957142857143
2026-08-08 14:00:00,18038.47142857143
2026-08-08 14:10:00,16796.399999999998
2026-08-08 14:20:00,17187.542857142857
2026-08-08 14:30:00,15463.199999999999
2026-08-08 14:40:00,14574.699999999999
2026-08-08 14:50:00,14824.857142857143
2026-08-08 15:00:00,12860.914285714285
2026-08-08 15:10:00,13295.916666666666
2026-08-08 15:20:00,11405.114285714284
2026-08-08 15:30:00,10802.985714285713
2026-08-08 15:40:00,10159.216666666667
2026-08-08 15:50:00,8656.885714285712
2026-08-08 16:00:00,3247.4142857142856
2026-08-08 16:10:00,3208.75
2026-08-08 16:20:00,3891.6142857142854
2026-08-08 16:30:00,3019.457142857143
2026-08-08 16:40:00,3109.1166666666663
2026-08-08 16:50:00,2582.2
2026-08-08 17:00:00,2054.7166666666667
2026-08-08 17:10:00,2147.5333333333333
2026-08-08 17:20:00,1929.8285714285714
2026-08-08 17:30:00,1691.4285714285718
2026-08-08 17:40:00,1628.5666666666668
2026-08-08 17:50:00,924.6714285714287
2026-08-08 18:00:00,345.9
2026-08-08 18:10:00,53.76666666666667
2026-08-08 18:20:00,3.1
2026-08-08 18:30:00,0
2026-08-08 18:40:00,0
2026-08-08 18:50:00,0
2026-08-08 19:00:00,0
2026-08-08 19:10:00,0
2026-08-08 19:20:00,0
2026-08-08 19:30:00,0
2026-08-08 19:40:00,0
2026-08-08 19:50:00,0
2026-08-08 20:00:00,0
2026-08-08 20:10:00,0
2026-08-08 20:20:00,0
2026-08-08 20:30:00,0
2026-08-08 20:40:00,0
2026-08-08 20:50:00,0
2026-08-08 21:00:00,0
2026-08-08 21:10:00,0
2026-08-08 21:20:00,0
2026-08-08 21:30:00,0
2026-08-08 21:40:00,0
2026-08-08 21:50:00,0
2026-08-08 22:00:00,0
2026-08-08 22:10:00,0
2026-08-08 22:20:00,0
2026-08-08 22:30:00,0
2026-08-08 22:40:00,0
2026-08-08 22:50:00,0
2026-08-08 23:00:00,0
2026-08-08 23:10:00,0
2026-08-08 23:20:00,0
2026-08-08 23:30:00,0
2026-08-08 23:40:00,0
2026-08-08 23:50:00,0
2026-08-09 00:00:00,0
2026-08-09 00:10:00,0
2026-08-09 00:20:00,0
2026-08-09 00:30:00,0
2026-08-09 00:40:00,0
2026-08-09 00:50:00,0
2026-08-09 01:00:00,0
2026-08-09 01:10:00,0
2026-08-09 01:20:00,0
2026-08-09 01:30:00,0
2026-08-09 01:40:00,0
2026-08-09 01:50:00,0
2026-08-09 02:00:00,0
2026-08-09 02:10:00,0
2026-08-09 02:20:00,0
2026-08-09 02:30:00,0
2026-08-09 02:40:00,0
2026-08-09 02:50:00,0
2026-08-09 03:00:00,0
2026-08-09 03:10:00,0
2026-08-09 03:20:00,0
2026-08-09 03:30:00,0
2026-08-09 03:40:00,0
2026-08-09 03:50:00,0
2026-08-09 04:00:00,0
2026-08-09 04:10:00,0
2026-08-09 04:20:00,0
2026-08-09 04:30:00,0
2026-08-09 04:40:00,0
2026-08-09 04:50:00,0
2026-08-09 05:00:00,0
2026-08-09 05:10:00,0
2026-08-09 05:20:00,12.62857142857143
2026-08-09 05:30:00,78.97142857142856
2026-08-09 05:40:00,224.71666666666667
2026-08-09 05:50:00,455.25714285714287
2026-08-09 06:00:00,732.3714285714285
2026-08-09 06:10:00,1018.5833333333334
2026-08-09 06:20:00,1481.0142857142857
2026-08-09 06:30:00,2045.642857142857
2026-08-09 06:40:00,2524.183333333333
2026-08-09 06:50:00,2692.6142857142863
2026-08-09 07:00:00,3556.1714285714284
2026-08-09 07:10:00,5203.983333333334
2026-08-09 07:20:00,8352.142857142857
2026-08-09 07:30:00,10567.671428571428
2026-08-09 07:40:00,11934.733333333332
2026-08-09 07:50:00,10805.771428571428
2026-08-09 08:00:00,14186.185714285713
2026-08-09 08:10:00,15461.016666666668
2026-08-09 08:20:00,13590.214285714286
2026-08-09 08:30:00,14566.2
2026-08-09 08:40:00,14985.066666666666
2026-08-09 08:50:00,14630.685714285715
2026-08-09 09:00:00,14818.4
2026-08-09 09:10:00,14066.133333333331
2026-08-09 09:20:00,14506
2026-08-09 09:30:00,15599.014285714284
2026-08-09 09:40:00,16520.8
2026-08-09 09:50:00,16932.842857142856
2026-08-09 10:00:00,18384.7
2026-08-09 10:10:00,18900.93333333333
2026-08-09 10:20:00,19029.485714285714
2026-08-09 10:30:00,18788.65714285714
2026-08-09 10:40:00,18712.783333333336
2026-08-09 10:50:00,18234.8
2026-08-09 11:00:00,17951.22857142857
2026-08-09 11:10:00,16071.366666666667
2026-08-09 11:20:00,14971.7
2026-08-09 11:30:00,16143.671428571428
2026-08-09 11:40:00,15944.166666666666
2026-08-09 11:50:00,16806.914285714283
2026-08-09 12:00:00,15563.999999999998
2026-08-09 12:10:00,14981.85
2026-08-09 12:20:00,13972.685714285717
2026-08-09 12:30:00,13909.114285714286
2026-08-09 12:40:00,13529.25
2026-08-09 12:50:00,13661.185714285715
2026-08-09 13:00:00,13965.314285714285
2026-08-09 13:10:00,14139.616666666667
2026-08-09 13:20:00,13847.342857142856
2026-08-09 13:30:00,13996.942857142856
2026-08-09 13:40:00,14680.783333333335
2026-08-09 13:50:00,14803.357142857143
2026-08-09 14:00:00,14963.085714285715
2026-08-09 14:10:00,12825.699999999999
2026-08-09 14:20:00,11546.728571428572
2026-08-09 14:30:00,10753.828571428572
2026-08-09 14:40:00,10880.3
2026-08-09 14:50:00,11156.257142857143
2026-08-09 15:00:00,10665.560000000001
2026-08-09 15:10:00,9389.079999999998
2026-08-09 15:20:00,8977.614285714286
2026-08-09 15:30:00,8882.371428571427
2026-08-09 15:40:00,8667.9
2026-08-09 15:50:00,8254.757142857143
2026-08-09 16:00:00,7456.671428571428
2026-08-09 16:10:00,6662.650000000001
2026-08-09 16:20:00,5426.685714285713
2026-08-09 16:30:00,4212.942857142857
2026-08-09 16:40:00,3483.6333333333328
2026-08-09 16:50:00,3797.585714285714
2026-08-09 17:00:00,3827.399999999999
2026-08-09 17:10:00,2934.233333333333
2026-08-09 17:20:00,2031.2000000000003
2026-08-09 17:30:00,1220.2
2026-08-09 17:40:00,903.5166666666665
2026-08-09 17:50:00,493.9714285714286
2026-08-09 18:00:00,214.12857142857143
2026-08-09 18:10:00,43.383333333333326
2026-08-09 18:20:00,2.157142857142857
2026-08-09 18:30:00,0
2026-08-09 18:40:00,0
2026-08-09 18:50:00,0
2026-08-09 19:00:00,0
2026-08-09 19:10:00,0
2026-08-09 19:20:00,0
2026-08-09 19:30:00,0
2026-08-09 19:40:00,0
2026-08-09 19:50:00,0
2026-08-09 20:00:00,0
2026-08-09 20:10:00,0
2026-08-09 20:20:00,0
2026-08-09 20:30:00,0
2026-08-09 20:40:00,0
2026-08-09 20:50:00,0
2026-08-09 21:00:00,0
2026-08-09 21:10:00,0
2026-08-09 21:20:00,0
2026-08-09 21:30:00,0
2026-08-09 21:40:00,0
2026-08-09 21:50:00,0
2026-08-09 22:00:00,0
2026-08-09 22:10:00,0
2026-08-09 22:20:00,0
2026-08-09 22:30:00,0
2026-08-09 22:40:00,0
2026-08-09 22:50:00,0
2026-08-09 23:00:00,0
2026-08-09 23:10:00,0
2026-08-09 23:20:00,0
2026-08-09 23:30:00,0
2026-08-09 23:40:00,0
2026-08-09 23:50:00,0
2026-08-10 00:00:00,0
2026-08-10 00:10:00,0
2026-08-10 00:20:00,0
2026-08-10 00:30:00,0
2026-08-10 00:40:00,0
2026-08-10 00:50:00,0
2026-08-10 01:00:00,0
2026-08-10 01:10:00,0
2026-08-10 01:20:00,0
2026-08-10 01:30:00,0
2026-08-10 01:40:00,0
2026-08-10 01:50:00,0
2026-08-10 02:00:00,0
2026-08-10 02:10:00,0
2026-08-10 02:20:00,0
2026-08-10 02:30:00,0
2026-08-10 02:40:00,0
2026-08-10 02:50:00,0
2026-08-10 03:00:00,0
2026-08-10 03:10:00,0
2026-08-10 03:20:00,0
2026-08-10 03:30:00,0
2026-08-10 03:40:00,0
2026-08-10 03:50:00,0
2026-08-10 04:00:00,0
2026-08-10 04:10:00,0
2026-08-10 04:20:00,0
2026-08-10 04:30:00,0
2026-08-10 04:40:00,0
2026-08-10 04:50:00,0
2026-08-10 05:00:00,0
2026-08-10 05:10:00,0
2026-08-10 05:20:00,14.157142857142857
2026-08-10 05:30:00,97.39999999999999
2026-08-10 05:40:00,281
2026-08-10 05:50:00,533.825
2026-08-10 06:00:00,907.1714285714286
2026-08-10 06:10:00,925.6
2026-08-10 06:20:00,931.85
2026-08-10 06:30:00,1389.4857142857143
2026-08-10 06:40:00,2493.8571428571427
2026-08-10 06:50:00,3899.0166666666664
2026-08-10 07:00:00,5001.5
2026-08-10 07:10:00,3956.7333333333336
2026-08-10 07:20:00,4720.442857142857
2026-08-10 07:30:00,3028.7
2026-08-10 07:40:00,4486.433333333333
2026-08-10 07:50:00,8017.628571428571
2026-08-10 08:00:00,7775.542857142857
2026-08-10 08:10:00,11654.800000000001
2026-08-10 08:20:00,13142.328571428572
2026-08-10 08:30:00,13276.885714285716
2026-08-10 08:40:00,14728.449999999999
2026-08-10 08:50:00,16219.857142857145
2026-08-10 09:00:00,16966.971428571425
2026-08-10 09:10:00,14153.950000000003
2026-08-10 09:20:00,14664.185714285713
2026-08-10 09:30:00,14093.333333333334
2026-08-10 09:40:00,18798.083333333332
2026-08-10 09:50:00,18663.62857142857
2026-08-10 10:00:00,17496.257142857146
2026-08-10 10:10:00,16410.416666666668
2026-08-10 10:20:00,16319.1
2026-08-10 10:30:00,11750.385714285714
2026-08-10 10:40:00,12199.949999999999
2026-08-10 10:50:00,18051.985714285714
2026-08-10 11:00:00,18580.371428571427
2026-08-10 11:10:00,17637.21666666667
2026-08-10 11:20:00,16958.685714285715
2026-08-10 11:30:00,17031.185714285715
2026-08-10 11:40:00,16369.566666666666
2026-08-10 11:50:00,17728.22857142857
2026-08-10 12:00:00,19986.428571428572
2026-08-10 12:10:00,18002.45
2026-08-10 12:20:00,16639.185714285715
2026-08-10 12:30:00,18569
2026-08-10 12:40:00,17242.966666666664
2026-08-10 12:50:00,17884.885714285716
2026-08-10 13:00:00,18114.657142857144
2026-08-10 13:10:00,19435.683333333334
2026-08-10 13:20:00,19183.175000000003
2026-08-10 13:30:00,15438.942857142856
2026-08-10 13:40:00,12756.485714285713
2026-08-10 13:50:00,14575.050000000001
2026-08-10 14:00:00,14328.728571428572
2026-08-10 14:10:00,15463.214285714288
2026-08-10 14:20:00,14919.816666666666
2026-08-10 14:30:00,13178.885714285712
2026-08-10 14:40:00,14366.514285714287
2026-08-10 14:50:00,14439.933333333334
2026-08-10 15:00:00,12320.857142857143
2026-08-10 15:10:00,13483.3
2026-08-10 15:20:00,12309.6
2026-08-10 15:30:00,12124.57142857143
2026-08-10 15:40:00,9599.733333333332
2026-08-10 15:50:00,8433.257142857143
2026-08-10 16:00:00,5494.885714285714
2026-08-10 16:10:00,4876.383333333334
2026-08-10 16:20:00,3479.342857142857
2026-08-10 16:30:00,3456.3142857142852
2026-08-10 16:40:00,3280.4166666666665
2026-08-10 16:50:00,2923.028571428571
2026-08-10 17:00:00,2438.557142857143
2026-08-10 17:10:00,2218.5
2026-08-10 17:20:00,2112.3142857142857
2026-08-10 17:30:00,1669.642857142857
2026-08-10 17:40:00,1004.9499999999999
2026-08-10 17:50:00,540.0571428571428
2026-08-10 18:00:00,219.32857142857142
2026-08-10 18:10:00,37.65
2026-08-10 18:20:00,2.157142857142857
2026-08-10 18:30:00,0
2026-08-10 18:40:00,0
2026-08-10 18:50:00,0
2026-08-10 19:00:00,0
2026-08-10 19:10:00,0
2026-08-10 19:20:00,0
2026-08-10 19:30:00,0
2026-08-10 19:40:00,0
2026-08-10 19:50:00,0
2026-08-10 20:00:00,0
2026-08-10 20:10:00,0
2026-08-10 20:20:00,0
2026-08-10 20:30:00,0
2026-08-10 20:40:00,0
2026-08-10 20:50:00,0
2026-08-10 21:00:00,0
2026-08-10 21:10:00,0
2026-08-10 21:20:00,0
2026-08-10 21:30:00,0
2026-08-10 21:40:00,0
2026-08-10 21:50:00,0
2026-08-10 22:00:00,0
2026-08-10 22:10:00,0
2026-08-10 22:20:00,0
2026-08-10 22:30:00,0
2026-08-10 22:40:00,0
2026-08-10 22:50:00,0
2026-08-10 23:00:00,0
2026-08-10 23:10:00,0
2026-08-10 23:20:00,0
2026-08-10 23:30:00,0
2026-08-10 23:40:00,0
2026-08-10 23:50:00,0
2026-08-11 00:00:00,0
2026-08-11 00:10:00,0
2026-08-11 00:20:00,0
2026-08-11 00:30:00,0
2026-08-11 00:40:00,0
2026-08-11 00:50:00,0
2026-08-11 01:00:00,0
2026-08-11 01:10:00,0
2026-08-11 01:20:00,0
2026-08-11 01:30:00,0
2026-08-11 01:40:00,0
2026-08-11 01:50:00,0
2026-08-11 02:00:00,0
2026-08-11 02:10:00,0
2026-08-11 02:20:00,0
2026-08-11 02:30:00,0
2026-08-11 02:40:00,0
2026-08-11 02:50:00,0
2026-08-11 03:00:00,0
2026-08-11 03:10:00,0
2026-08-11 03:20:00,0
2026-08-11 03:30:00,0
2026-08-11 03:40:00,0
2026-08-11 03:50:00,0
2026-08-11 04:00:00,0
2026-08-11 04:10:00,0
2026-08-11 04:20:00,0
2026-08-11 04:30:00,0
2026-08-11 04:40:00,0
2026-08-11 04:50:00,0
2026-08-11 05:00:00,0
2026-08-11 05:10:00,0.31428571428571433
2026-08-11 05:20:00,22.96666666666667
2026-08-11 05:30:00,242.07142857142858
2026-08-11 05:40:00,631.2857142857143
2026-08-11 05:50:00,880.9333333333334
2026-08-11 06:00:00,1368.8714285714286
2026-08-11 06:10:00,2106.757142857143
2026-08-11 06:20:00,2084.18
2026-08-11 06:30:00,2295.7000000000003
2026-08-11 06:40:00,3313.157142857142
2026-08-11 06:50:00,4266.75
2026-08-11 07:00:00,7148.571428571428
2026-08-11 07:10:00,5141.914285714285
2026-08-11 07:20:00,5507.183333333333
2026-08-11 07:30:00,5390.442857142858
2026-08-11 07:40:00,8619.414285714285
2026-08-11 07:50:00,7810.983333333334
2026-08-11 08:00:00,6639.828571428572
2026-08-11 08:10:00,14465.733333333332
2026-08-11 08:20:00,13285.185714285715
2026-08-11 08:30:00,13201.014285714287
2026-08-11 08:40:00,14953.150000000001
2026-08-11 08:50:00,15789.471428571427
2026-08-11 09:00:00,15988.242857142859
2026-08-11 09:10:00,17866.95
2026-08-11 09:20:00,18216.028571428575
2026-08-11 09:30:00,19257.442857142858
2026-08-11 09:40:00,19685.1
2026-08-11 09:50:00,20155.071428571428
2026-08-11 10:00:00,20508.342857142856
2026-08-11 10:10:00,21254.933333333334
2026-08-11 10:20:00,21331.95714285714
2026-08-11 10:30:00,21415.528571428567
2026-08-11 10:40:00,21696.833333333332
2026-08-11 10:50:00,22088.899999999998
2026-08-11 11:00:00,22484.27142857143
2026-08-11 11:10:00,22011.13333333333
2026-08-11 11:20:00,22356.471428571425
2026-08-11 11:30:00,21717.95
2026-08-11 11:40:00,21433.32857142857
2026-08-11 11:50:00,19592.63333333333
2026-08-11 12:00:00,20749.842857142856
2026-08-11 12:10:00,20445.37142857143
2026-08-11 12:20:00,19731.71666666667
2026-08-11 12:30:00,20699.12857142857
2026-08-11 12:40:00,17532.82857142857
2026-08-11 12:50:00,20886.850000000002
2026-08-11 13:00:00,18654.1
2026-08-11 13:10:00,17585.985714285714
2026-08-11 13:20:00,19466.149999999998
2026-08-11 13:30:00,19159.15714285714
2026-08-11 13:40:00,18735.214285714286
2026-08-11 13:50:00,18745.38333333333
2026-08-11 14:00:00,18371.8
2026-08-11 14:10:00,15734.171428571428
2026-08-11 14:20:00,16903.233333333334
2026-08-11 14:30:00,15753.542857142858
2026-08-11 14:40:00,15247.871428571429
2026-08-11 14:50:00,14352.483333333332
2026-08-11 15:00:00,13602.214285714288
2026-08-11 15:10:00,12699.328571428572
2026-08-11 15:20:00,11951.216666666667
2026-08-11 15:30:00,10904.085714285715
2026-08-11 15:40:00,8667.342857142858
2026-08-11 15:50:00,7434.283333333333
2026-08-11 16:00:00,2893.842857142857
2026-08-11 16:10:00,2636.0333333333333
2026-08-11 16:20:00,2548.514285714286
2026-08-11 16:30:00,2415.214285714286
2026-08-11 16:40:00,2307.733333333333
2026-08-11 16:50:00,2127.657142857143
2026-08-11 17:00:00,1941.814285714286
2026-08-11 17:10:00,1732.8666666666668
2026-08-11 17:20:00,1579.6142857142856
2026-08-11 17:30:00,1308.0571428571432
2026-08-11 17:40:00,922.1666666666666
2026-08-11 17:50:00,488.14285714285717
2026-08-11 18:00:00,184.34285714285713
2026-08-11 18:10:00,36.583333333333336
2026-08-11 18:20:00,1.8571428571428572
2026-08-11 18:30:00,0
2026-08-11 18:40:00,0
2026-08-11 18:50:00,0
2026-08-11 19:00:00,0
2026-08-11 19:10:00,0
2026-08-11 19:20:00,0
2026-08-11 19:30:00,0
2026-08-11 19:40:00,0
2026-08-11 19:50:00,0
2026-08-11 20:00:00,0
2026-08-11 20:10:00,0
2026-08-11 20:20:00,0
2026-08-11 20:30:00,0
2026-08-11 20:40:00,0
2026-08-11 20:50:00,0
2026-08-11 21:00:00,0
2026-08-11 21:10:00,0
2026-08-11 21:20:00,0
2026-08-11 21:30:00,0
2026-08-11 21:40:00,0
2026-08-11 21:50:00,0
2026-08-11 22:00:00,0
2026-08-11 22:10:00,0
2026-08-11 22:20:00,0
2026-08-11 22:30:00,0
2026-08-11 22:40:00,0
2026-08-11 22:50:00,0
2026-08-11 23:00:00,0
2026-08-11 23:10:00,0
2026-08-11 23:20:00,0
2026-08-11 23:30:00,0
2026-08-11 23:40:00,0
2026-08-11 23:50:00,0
2026-08-12 00:00:00,0
2026-08-12 00:10:00,0
2026-08-12 00:20:00,0
2026-08-12 00:30:00,0
2026-08-12 00:40:00,0
2026-08-12 00:50:00,0
2026-08-12 01:00:00,0
2026-08-12 01:10:00,0
2026-08-12 01:20:00,0
2026-08-12 01:30:00,0
2026-08-12 01:40:00,0
2026-08-12 01:50:00,0
2026-08-12 02:00:00,0
2026-08-12 02:10:00,0
2026-08-12 02:20:00,0
2026-08-12 02:30:00,0
2026-08-12 02:40:00,0
2026-08-12 02:50:00,0
2026-08-12 03:00:00,0
2026-08-12 03:10:00,0
2026-08-12 03:20:00,0
2026-08-12 03:30:00,0
2026-08-12 03:40:00,0
2026-08-12 03:50:00,0
2026-08-12 04:00:00,0
2026-08-12 04:10:00,0
2026-08-12 04:20:00,0
2026-08-12 04:30:00,0
2026-08-12 04:40:00,0
2026-08-12 04:50:00,0
2026-08-12 05:00:00,0
2026-08-12 05:10:00,0.31428571428571433
2026-08-12 05:20:00,17.916666666666668
2026-08-12 05:30:00,103.54285714285713
2026-08-12 05:40:00,277.4
2026-08-12 05:50:00,420.75
2026-08-12 06:00:00,555.1142857142858
2026-08-12 06:10:00,693.9714285714286
2026-08-12 06:20:00,854.0666666666667
2026-08-12 06:30:00,1832.142857142857
2026-08-12 06:40:00,1450.9
2026-08-12 06:50:00,1936.7833333333335
2026-08-12 07:00:00,6190.071428571428
2026-08-12 07:10:00,3850.1142857142854
2026-08-12 07:20:00,3686.5000000000005
2026-08-12 07:30:00,2739.285714285714
2026-08-12 07:40:00,3399.4714285714285
2026-08-12 07:50:00,5341.599999999999
2026-08-12 08:00:00,11413.714285714286
2026-08-12 08:10:00,14403.385714285714
2026-08-12 08:20:00,12755.1
2026-08-12 08:30:00,15384.27142857143
2026-08-12 08:40:00,13274.42857142857
2026-08-12 08:50:00,16962.366666666665
2026-08-12 09:00:00,17105.82857142857
2026-08-12 09:10:00,17805.666666666668
2026-08-12 09:20:00,16567.3
2026-08-12 09:30:00,17476.3
2026-08-12 09:40:00,19914.3
2026-08-12 09:50:00,21393.983333333334
2026-08-12 10:00:00,21152.87142857143
2026-08-12 10:10:00,21976.18571428571
2026-08-12 10:20:00,22215.766666666666
2026-08-12 10:30:00,22015.083333333332
2026-08-12 10:40:00,22172.185714285715
2026-08-12 10:50:00,18614.233333333334
2026-08-12 11:00:00,16105.885714285714
2026-08-12 11:10:00,21523.342857142856
2026-08-12 11:20:00,15680.383333333333
2026-08-12 11:30:00,12632.685714285713
2026-08-12 11:40:00,11939.942857142858
2026-08-12 11:50:00,12815.316666666666
2026-08-12 12:00:00,12412.699999999999
2026-08-12 12:10:00,12155.885714285714
2026-08-12 12:20:00,18953.266666666666
2026-08-12 12:30:00,16479.442857142854
2026-08-12 12:40:00,14866.028571428571
2026-08-12 12:50:00,18521.383333333335
2026-08-12 13:00:00,21622.571428571428
2026-08-12 13:10:00,14682.92857142857
2026-08-12 13:20:00,13013.499999999998
2026-08-12 13:30:00,16203.271428571428
2026-08-12 13:40:00,11689.571428571426
2026-08-12 13:50:00,14315.216666666667
2026-08-12 14:00:00,17447.414285714283
2026-08-12 14:10:00,17511.314285714285
2026-08-12 14:20:00,13937.816666666668
2026-08-12 14:30:00,13412.357142857143
2026-08-12 14:40:00,11868.985714285713
2026-08-12 14:50:00,10982.449999999999
2026-08-12 15:00:00,9714.9
2026-08-12 15:10:00,6814.0142857142855
2026-08-12 15:20:00,6014.3
2026-08-12 15:30:00,6123.114285714285
2026-08-12 15:40:00,6129.257142857144
2026-08-12 15:50:00,6153.016666666666
2026-08-12 16:00:00,5715.1285714285705
2026-08-12 16:10:00,5103.828571428571
2026-08-12 16:20:00,4635.183333333333
2026-08-12 16:30:00,4136.457142857143
2026-08-12 16:40:00,3517.1428571428573
2026-08-12 16:50:00,2989.783333333333
2026-08-12 17:00:00,2610.6
2026-08-12 17:10:00,2087.128571428572
2026-08-12 17:20:00,1650.0666666666666
2026-08-12 17:30:00,1157.8428571428572
2026-08-12 17:40:00,654.6428571428572
2026-08-12 17:50:00,344.05
2026-08-12 18:00:00,112.44285714285715
2026-08-12 18:10:00,16.314285714285713
2026-08-12 18:20:00,0
2026-08-12 18:30:00,0
2026-08-12 18:40:00,0
2026-08-12 18:50:00,0
2026-08-12 19:00:00,0
2026-08-12 19:10:00,0
2026-08-12 19:20:00,0
2026-08-12 19:30:00,0
2026-08-12 19:40:00,0
2026-08-12 19:50:00,0
2026-08-12 20:00:00,0
2026-08-12 20:10:00,0
2026-08-12 20:20:00,0
2026-08-12 20:30:00,0
2026-08-12 20:40:00,0
2026-08-12 20:50:00,0
2026-08-12 21:00:00,0
2026-08-12 21:10:00,0
2026-08-12 21:20:00,0
2026-08-12 21:30:00,0
2026-08-12 21:40:00,0
2026-08-12 21:50:00,0
2026-08-12 22:00:00,0
2026-08-12 22:10:00,0
2026-08-12 22:20:00,0
2026-08-12 22:30:00,0
2026-08-12 22:40:00,0
2026-08-12 22:50:00,0
2026-08-12 23:00:00,0
2026-08-12 23:10:00,0
2026-08-12 23:20:00,0
2026-08-12 23:30:00,0
2026-08-12 23:40:00,0
2026-08-12 23:50:00,0
2026-08-13 00:00:00,0
2026-08-13 00:10:00,0
2026-08-13 00:20:00,0
2026-08-13 00:30:00,0
2026-08-13 00:40:00,0
2026-08-13 00:50:00,0
2026-08-13 01:00:00,0
2026-08-13 01:10:00,0
2026-08-13 01:20:00,0
2026-08-13 01:30:00,0
2026-08-13 01:40:00,0
2026-08-13 01:50:00,0
2026-08-13 02:00:00,0
2026-08-13 02:10:00,0
2026-08-13 02:20:00,0
2026-08-13 02:30:00,0
2026-08-13 02:40:00,0
2026-08-13 02:50:00,0
2026-08-13 03:00:00,0
2026-08-13 03:10:00,0
2026-08-13 03:20:00,0
2026-08-13 03:30:00,0
2026-08-13 03:40:00,0
2026-08-13 03:50:00,0
2026-08-13 04:00:00,0
2026-08-13 04:10:00,0
2026-08-13 04:20:00,0
2026-08-13 04:30:00,0
2026-08-13 04:40:00,0
2026-08-13 04:50:00,0
2026-08-13 05:00:00,0
2026-08-13 05:10:00,0
2026-08-13 05:20:00,11.133333333333333
2026-08-13 05:30:00,56.82857142857142
2026-08-13 05:40:00,283.85714285714283
2026-08-13 05:50:00,617.8833333333333
2026-08-13 06:00:00,920.6714285714286
2026-08-13 06:10:00,832.8285714285714
2026-08-13 06:20:00,1132.8833333333334
2026-08-13 06:30:00,2590.628571428571
2026-08-13 06:40:00,3695.3
2026-08-13 06:50:00,4999.316666666667
2026-08-13 07:00:00,6142.771428571429
2026-08-13 07:10:00,5141.928571428572
2026-08-13 07:20:00,10692.5
2026-08-13 07:30:00,10097.957142857142
2026-08-13 07:40:00,11049.07142857143
2026-08-13 07:50:00,12736.1
2026-08-13 08:00:00,13417.871428571429
2026-08-13 08:10:00,13898.657142857144
2026-08-13 08:20:00,5233.000000000001
2026-08-13 08:30:00,7084.0142857142855
2026-08-13 08:40:00,7043.983333333334
2026-08-13 08:50:00,6263.05
2026-08-13 09:00:00,5461.085714285713
2026-08-13 09:10:00,4024.628571428572
2026-08-13 09:20:00,3176.5166666666664
2026-08-13 09:30:00,3016.371428571429
2026-08-13 09:40:00,4427.685714285714
2026-08-13 09:50:00,5557.683333333333
2026-08-13 10:00:00,6038.628571428571
2026-08-13 10:10:00,12255.442857142856
2026-08-13 10:20:00,13161.883333333333
2026-08-13 10:30:00,13453.199999999999
2026-08-13 10:40:00,16038.9
2026-08-13 10:50:00,13193.050000000001
2026-08-13 11:00:00,9110.028571428571
2026-08-13 11:10:00,3914.9428571428575
2026-08-13 11:20:00,2410.5833333333335
2026-08-13 11:30:00,2900.9
2026-08-13 11:40:00,2726.100000000001
2026-08-13 11:50:00,1719.6000000000001
2026-08-13 12:00:00,1004.2428571428571
2026-08-13 12:10:00,812.8285714285714
2026-08-13 12:20:00,798.8666666666667
2026-08-13 12:30:00,739.4142857142858
2026-08-13 12:40:00,777.2142857142857
2026-08-13 12:50:00,927.1833333333333
2026-08-13 13:00:00,1035.542857142857
2026-08-13 13:10:00,1047.2285714285715
2026-08-13 13:20:00,1204.2166666666665
2026-08-13 13:30:00,1517.8714285714284
2026-08-13 13:40:00,2115.6714285714284
2026-08-13 13:50:00,3053.216666666667
2026-08-13 14:00:00,4008.9571428571435
2026-08-13 14:10:00,4711.528571428571
2026-08-13 14:20:00,5250.2
2026-08-13 14:30:00,6071.185714285713
2026-08-13 14:40:00,6637.071428571428
2026-08-13 14:50:00,7276.95
2026-08-13 15:00:00,7586.599999999999
2026-08-13 15:10:00,7860.58
2026-08-13 15:20:00,7711.339999999999
2026-08-13 15:30:00,7400.471428571429
2026-08-13 15:40:00,7020.428571428572
2026-08-13 15:50:00,6622.516666666666
2026-08-13 16:00:00,6117.885714285714
2026-08-13 16:10:00,5603.957142857143
2026-08-13 16:20:00,5204.333333333333
2026-08-13 16:30:00,4520.771428571428
2026-08-13 16:40:00,3741.085714285714
2026-08-13 16:50:00,3328.4666666666667
2026-08-13 17:00:00,3038.8142857142857
2026-08-13 17:10:00,2336.557142857143
2026-08-13 17:20:00,1696.3000000000002
2026-08-13 17:30:00,1192.5571428571427
2026-08-13 17:40:00,681.0714285714286
2026-08-13 17:50:00,293.8666666666667
2026-08-13 18:00:00,66.67142857142856
2026-08-13 18:10:00,7.3999999999999995
2026-08-13 18:20:00,0
2026-08-13 18:30:00,0
2026-08-13 18:40:00,0
2026-08-13 18:50:00,0
2026-08-13 19:00:00,0
2026-08-13 19:10:00,0
2026-08-13 19:20:00,0
2026-08-13 19:30:00,0
2026-08-13 19:40:00,0
2026-08-13 19:50:00,0
2026-08-13 20:00:00,0
2026-08-13 20:10:00,0
2026-08-13 20:20:00,0
2026-08-13 20:30:00,0
2026-08-13 20:40:00,0
2026-08-13 20:50:00,0
2026-08-13 21:00:00,0
2026-08-13 21:10:00,0
2026-08-13 21:20:00,0
2026-08-13 21:30:00,0
2026-08-13 21:40:00,0
2026-08-13 21:50:00,0
2026-08-13 22:00:00,0
2026-08-13 22:10:00,0
2026-08-13 22:20:00,0
2026-08-13 22:30:00,0
2026-08-13 22:40:00,0
2026-08-13 22:50:00,0
2026-08-13 23:00:00,0
2026-08-13 23:10:00,0
2026-08-13 23:20:00,0
2026-08-13 23:30:00,0
2026-08-13 23:40:00,0
2026-08-13 23:50:00,0
2026-08-14 00:00:00,0
2026-08-14 00:10:00,0
2026-08-14 00:20:00,0
2026-08-14 00:30:00,0
2026-08-14 00:40:00,0
2026-08-14 00:50:00,0
2026-08-14 01:00:00,0
2026-08-14 01:10:00,0
2026-08-14 01:20:00,0
2026-08-14 01:30:00,0
2026-08-14 01:40:00,0
2026-08-14 01:50:00,0
2026-08-14 02:00:00,0
2026-08-14 02:10:00,0
2026-08-14 02:20:00,0
2026-08-14 02:30:00,0
2026-08-14 02:40:00,0
2026-08-14 02:50:00,0
2026-08-14 03:00:00,0
2026-08-14 03:10:00,0
2026-08-14 03:20:00,0
2026-08-14 03:30:00,0
2026-08-14 03:40:00,0
2026-08-14 03:50:00,0
2026-08-14 04:00:00,0
2026-08-14 04:10:00,0
2026-08-14 04:20:00,0
2026-08-14 04:30:00,0
2026-08-14 04:40:00,0
2026-08-14 04:50:00,0
2026-08-14 05:00:00,0
2026-08-14 05:10:00,0
2026-08-14 05:20:00,10.783333333333333
2026-08-14 05:30:00,75.27142857142857
2026-08-14 05:40:00,278.9428571428571
2026-08-14 05:50:00,517.9
2026-08-14 06:00:00,667.7
2026-08-14 06:10:00,1459.5
2026-08-14 06:20:00,1941.814285714286
2026-08-14 06:30:00,2144.2833333333333
2026-08-14 06:40:00,3549.3857142857137
2026-08-14 06:50:00,5610.7
2026-08-14 07:00:00,6201.033333333334
2026-08-14 07:10:00,9231.057142857144
2026-08-14 07:20:00,10787.483333333334
2026-08-14 07:30:00,9867.885714285716
2026-08-14 07:40:00,8055.4000000000015
2026-08-14 07:50:00,9599.383333333333
2026-08-14 08:00:00,12771.842857142856
2026-08-14 08:10:00,11529.514285714284
2026-08-14 08:20:00,12290.966666666667
2026-08-14 08:30:00,13967.457142857142
2026-08-14 08:40:00,9510.6
2026-08-14 08:50:00,8159.000000000001
2026-08-14 09:00:00,6912.014285714286
2026-08-14 09:10:00,9834.4
2026-08-14 09:20:00,13259.75
2026-08-14 09:30:00,6450.885714285714
2026-08-14 09:40:00,6610.628571428571
2026-08-14 09:50:00,5731.533333333333
2026-08-14 10:00:00,5898.228571428571
2026-08-14 10:10:00,7409.342857142858
2026-08-14 10:20:00,9933.783333333333
2026-08-14 10:30:00,10752.914285714285
2026-08-14 10:40:00,11056.42857142857
2026-08-14 10:50:00,11983.32
2026-08-14 11:00:00,14617.171428571426
2026-08-14 11:10:00,17391.52857142857
2026-08-14 11:20:00,15549.549999999997
2026-08-14 11:30:00,16978.62857142857
2026-08-14 11:40:00,19704.114285714284
2026-08-14 11:50:00,19571.866666666665
2026-08-14 12:00:00,20148.014285714286
2026-08-14 12:10:00,19210.442857142858
2026-08-14 12:20:00,19567.916666666668
2026-08-14 12:30:00,17926.35714285714
2026-08-14 12:40:00,19496.742857142854
2026-08-14 12:50:00,19744.966666666664
2026-08-14 13:00:00,20694.214285714286
2026-08-14 13:10:00,20207.914285714283
2026-08-14 13:20:00,20063.216666666664
2026-08-14 13:30:00,19314.9
2026-08-14 13:40:00,18220.342857142856
2026-08-14 13:50:00,13819.371428571427
2026-08-14 14:00:00,15896.816666666666
2026-08-14 14:10:00,15661.657142857142
2026-08-14 14:20:00,16110.800000000001
2026-08-14 14:30:00,14401.949999999997
2026-08-14 14:40:00,15583.02857142857
2026-08-14 14:50:00,14631.942857142856
2026-08-14 15:00:00,14399.800000000001
2026-08-14 15:10:00,13581.014285714284
2026-08-14 15:20:00,10528.971428571427
2026-08-14 15:30:00,6714.983333333334
2026-08-14 15:40:00,7201.071428571428
2026-08-14 15:50:00,5009.35
2026-08-14 16:00:00,4730.271428571429
2026-08-14 16:10:00,3325.4285714285716
2026-08-14 16:20:00,4674.616666666666
2026-08-14 16:30:00,3087.0714285714284
2026-08-14 16:40:00,2880
2026-08-14 16:50:00,2180.15
2026-08-14 17:00:00,2342.866666666667
2026-08-14 17:10:00,1782.0714285714287
2026-08-14 17:20:00,1926.3833333333334
2026-08-14 17:30:00,1378.0714285714287
2026-08-14 17:40:00,775.6714285714286
2026-08-14 17:50:00,410
2026-08-14 18:00:00,93.7142857142857
2026-08-14 18:10:00,24.9
2026-08-14 18:20:00,0.3666666666666667
2026-08-14 18:30:00,0
2026-08-14 18:40:00,0
2026-08-14 18:50:00,0
2026-08-14 19:00:00,0
2026-08-14 19:10:00,0
2026-08-14 19:20:00,0
2026-08-14 19:30:00,0
2026-08-14 19:40:00,0
2026-08-14 19:50:00,0
2026-08-14 20:00:00,0
2026-08-14 20:10:00,0
2026-08-14 20:20:00,0
2026-08-14 20:30:00,0
2026-08-14 20:40:00,0
2026-08-14 20:50:00,0
2026-08-14 21:00:00,0
2026-08-14 21:10:00,0
2026-08-14 21:20:00,0
2026-08-14 21:30:00,0
2026-08-14 21:40:00,0
2026-08-14 21:50:00,0
2026-08-14 22:00:00,0
2026-08-14 22:10:00,0
2026-08-14 22:20:00,0
2026-08-14 22:30:00,0
2026-08-14 22:40:00,0
2026-08-14 22:50:00,0
2026-08-14 23:00:00,0
2026-08-14 23:10:00,0
2026-08-14 23:20:00,0
2026-08-14 23:30:00,0
2026-08-14 23:40:00,0
2026-08-14 23:50:00,0
2026-08-15 00:00:00,0
2026-08-15 00:10:00,0
2026-08-15 00:20:00,0
2026-08-15 00:30:00,0
2026-08-15 00:40:00,0
2026-08-15 00:50:00,0
2026-08-15 01:00:00,0
2026-08-15 01:10:00,0
2026-08-15 01:20:00,0
2026-08-15 01:30:00,0
2026-08-15 01:40:00,0
2026-08-15 01:50:00,0
2026-08-15 02:00:00,0
2026-08-15 02:10:00,0
2026-08-15 02:20:00,0
2026-08-15 02:30:00,0
2026-08-15 02:40:00,0
2026-08-15 02:50:00,0
2026-08-15 03:00:00,0
2026-08-15 03:10:00,0
2026-08-15 03:20:00,0
2026-08-15 03:30:00,0
2026-08-15 03:40:00,0
2026-08-15 03:50:00,0
2026-08-15 04:00:00,0
2026-08-15 04:10:00,0
2026-08-15 04:20:00,0
2026-08-15 04:30:00,0
2026-08-15 04:40:00,0
2026-08-15 04:50:00,0
2026-08-15 05:00:00,0
2026-08-15 05:10:00,0
2026-08-15 05:20:00,0.31428571428571433
2026-08-15 05:30:00,4.333333333333333
2026-08-15 05:40:00,20.900000000000002
2026-08-15 05:50:00,97.7
2026-08-15 06:00:00,312.18333333333334
2026-08-15 06:10:00,231.3142857142857
2026-08-15 06:20:00,407.62857142857143
2026-08-15 06:30:00,626.4666666666666
2026-08-15 06:40:00,489.65714285714284
2026-08-15 06:50:00,359.4285714285715
2026-08-15 07:00:00,207.16666666666666
2026-08-15 07:10:00,177.85714285714286
2026-08-15 07:20:00,274.0285714285714
2026-08-15 07:30:00,372.3666666666666
2026-08-15 07:40:00,324.09999999999997
2026-08-15 07:50:00,414.7285714285714
2026-08-15 08:00:00,639.7499999999999
2026-08-15 08:10:00,993.8000000000001
2026-08-15 08:20:00,1519.2666666666667
2026-08-15 08:30:00,2167.285714285714
2026-08-15 08:40:00,3466.4428571428575
2026-08-15 08:50:00,4712.599999999999
2026-08-15 09:00:00,5977.2
2026-08-15 09:10:00,6951.628571428571
2026-08-15 09:20:00,5556.633333333334
2026-08-15 09:30:00,8007.171428571428
2026-08-15 09:40:00,9686.628571428573
2026-08-15 09:50:00,11512.516666666668
2026-08-15 10:00:00,14090.657142857142
2026-08-15 10:10:00,16068.114285714286
2026-08-15 10:20:00,18395.600000000002
2026-08-15 10:30:00,19587.385714285712
2026-08-15 10:40:00,16891.68571428571
2026-08-15 10:50:00,10288.233333333334
2026-08-15 11:00:00,10926.185714285715
2026-08-15 11:10:00,11970.371428571429
2026-08-15 11:20:00,13871.866666666667
2026-08-15 11:30:00,11877.885714285714
2026-08-15 11:40:00,11926.125
2026-08-15 11:50:00,12807.485714285713
2026-08-15 12:00:00,12363.383333333331
2026-08-15 12:10:00,10980.557142857144
2026-08-15 12:20:00,9151.485714285713
2026-08-15 12:30:00,7875.116666666666
2026-08-15 12:40:00,7405.9857142857145
2026-08-15 12:50:00,8374.285714285714
2026-08-15 13:00:00,10512.02
2026-08-15 13:10:00,11849.914285714287
2026-08-15 13:20:00,11185.771428571428
2026-08-15 13:30:00,9737.366666666667
2026-08-15 13:40:00,9284.5
2026-08-15 13:50:00,8743.542857142858
2026-08-15 14:00:00,6941.833333333335
2026-08-15 14:10:00,6200.828571428572
2026-08-15 14:20:00,6014.357142857143
2026-08-15 14:30:00,5894.599999999999
2026-08-15 14:40:00,5789.199999999999
2026-08-15 14:50:00,5473.099999999999
2026-08-15 15:00:00,4769.966666666666
2026-08-15 15:10:00,4307.571428571428
2026-08-15 15:20:00,3021.628571428572
2026-08-15 15:30:00,2863.616666666667
2026-08-15 15:40:00,2005.7000000000003
2026-08-15 15:50:00,1744.2999999999997
2026-08-15 16:00:00,1488.7833333333335
2026-08-15 16:10:00,1283.1571428571428
2026-08-15 16:20:00,1441.4833333333336
2026-08-15 16:30:00,1284.1000000000001
2026-08-15 16:40:00,1053.9999999999998
2026-08-15 16:50:00,898.1333333333333
2026-08-15 17:00:00,675.5285714285714
2026-08-15 17:10:00,437.14285714285705
2026-08-15 17:20:00,493.1499999999999
2026-08-15 17:30:00,306.2857142857143
2026-08-15 17:40:00,152.05714285714288
2026-08-15 17:50:00,37.28333333333334
2026-08-15 18:00:00,5.242857142857143
2026-08-15 18:10:00,0
2026-08-15 18:20:00,0
2026-08-15 18:30:00,0
2026-08-15 18:40:00,0
2026-08-15 18:50:00,0
2026-08-15 19:00:00,0
2026-08-15 19:10:00,0
2026-08-15 19:20:00,0
2026-08-15 19:30:00,0
2026-08-15 19:40:00,0
2026-08-15 19:50:00,0
2026-08-15 20:00:00,0
2026-08-15 20:10:00,0
2026-08-15 20:20:00,0
2026-08-15 20:30:00,0
2026-08-15 20:40:00,0
2026-08-15 20:50:00,0
2026-08-15 21:00:00,0
2026-08-15 21:10:00,0
2026-08-15 21:20:00,0
2026-08-15 21:30:00,0
2026-08-15 21:40:00,0
2026-08-15 21:50:00,0
2026-08-15 22:00:00,0
2026-08-15 22:10:00,0
2026-08-15 22:20:00,0
2026-08-15 22:30:00,0
2026-08-15 22:40:00,0
2026-08-15 22:50:00,0
2026-08-15 23:00:00,0
2026-08-15 23:10:00,0
2026-08-15 23:20:00,0
2026-08-15 23:30:00,0
2026-08-15 23:40:00,0
2026-08-15 23:50:00,0
2026-08-16 00:00:00,0
