time,value_lux
2025-10-12 08:00:00,0
2025-10-12 08:10:00,0
2025-10-12 08:20:00,0
2025-10-12 08:30:00,0.74
2025-10-12 08:40:00,0.18
2025-10-12 08:50:00,1623.87
2025-10-12 09:00:00,3736.3700000000003
2025-10-12 09:10:00,3103.0299999999997
2025-10-12 09:20:00,4815.719999999999
2025-10-12 09:30:00,5065.85
2025-10-12 09:40:00,5078.0199999999995
2025-10-12 09:50:00,4609.85
2025-10-12 10:00:00,6531.75
2025-10-12 10:10:00,6120.16
2025-10-12 10:20:00,6808.6
2025-10-12 10:30:00,6557.38
2025-10-12 10:40:00,7126.359999999999
2025-10-12 10:50:00,4392.54
2025-10-12 11:00:00,8933.999999999998
2025-10-12 11:10:00,7746.789999999999
2025-10-12 11:20:00,3463.5699999999997
2025-10-12 11:30:00,6874.209999999999
2025-10-12 11:40:00,6587.6
2025-10-12 11:50:00,4969.08
2025-10-12 12:00:00,5674.1
2025-10-12 12:10:00,8487.009999999998
2025-10-12 12:20:00,8630.06
2025-10-12 12:30:00,7032.7300000000005
2025-10-12 12:40:00,8161.88
2025-10-12 12:50:00,7064.99
2025-10-12 13:00:00,7603.75
2025-10-12 13:10:00,7713.4299999999985
2025-10-12 13:20:00,7428.83
2025-10-12 13:30:00,6620.589999999999
2025-10-12 13:40:00,5300.120000000001
2025-10-12 13:50:00,3946.4900000000002
2025-10-12 14:00:00,2431.18
2025-10-12 14:10:00,2604.8300000000004
2025-10-12 14:20:00,2579.38
2025-10-12 14:30:00,2407.79
2025-10-12 14:40:00,2028.9900000000002
2025-10-12 14:50:00,3661.8799999999997
2025-10-12 15:00:00,5185.469999999999
2025-10-12 15:10:00,5570.7
2025-10-12 15:20:00,6026.33
2025-10-12 15:30:00,5281.490000000001
2025-10-12 15:40:00,5024.93
2025-10-12 15:50:00,4500.360000000001
2025-10-12 16:00:00,2768.66
2025-10-12 16:10:00,2578.6400000000003
2025-10-12 16:20:00,2211.48
2025-10-12 16:30:00,1956.7399999999993
2025-10-12 16:40:00,1827.7199999999998
2025-10-12 16:50:00,1698.7
2025-10-12 17:00:00,1145.1899999999998
2025-10-12 17:10:00,564.0200000000001
2025-10-12 17:20:00,197.96
2025-10-12 17:30:00,37.980000000000004
2025-10-12 17:40:00,3.12
2025-10-12 17:50:00,0
2025-10-12 18:00:00,0
2025-10-12 18:10:00,0
2025-10-12 18:20:00,0
2025-10-12 18:30:00,0
2025-10-12 18:40:00,0
2025-10-12 18:50:00,0
2025-10-12 19:00:00,0
2025-10-12 19:10:00,0
2025-10-12 19:20:00,0
2025-10-12 19:30:00,0
2025-10-12 19:40:00,0
2025-10-12 19:50:00,0
2025-10-12 20:00:00,0
2025-10-12 20:10:00,0
2025-10-12 20:20:00,0
2025-10-12 20:30:00,0
2025-10-12 20:40:00,0
2025-10-12 20:50:00,0
2025-10-12 21:00:00,0
2025-10-12 21:10:00,0
2025-10-12 21:20:00,0
2025-10-12 21:30:00,0
2025-10-12 21:40:00,0
2025-10-12 21:50:00,0
2025-10-12 22:00:00,0
2025-10-12 22:10:00,0
2025-10-12 22:20:00,0
2025-10-12 22:30:00,0
2025-10-12 22:40:00,0
2025-10-12 22:50:00,0
2025-10-12 23:00:00,0
2025-10-12 23:10:00,0
2025-10-12 23:20:00,0
2025-10-12 23:30:00,0
2025-10-12 23:40:00,0
2025-10-12 23:50:00,0
2025-10-13 00:00:00,0
2025-10-13 00:10:00,0
2025-10-13 00:20:00,0
2025-10-13 00:30:00,0
2025-10-13 00:40:00,0
2025-10-13 00:50:00,0
2025-10-13 01:00:00,0
2025-10-13 01:10:00,0
2025-10-13 01:20:00,0
2025-10-13 01:30:00,0
2025-10-13 01:40:00,0
2025-10-13 01:50:00,0
2025-10-13 02:00:00,0
2025-10-13 02:10:00,0
2025-10-13 02:20:00,0
2025-10-13 02:30:00,0
2025-10-13 02:40:00,0
2025-10-13 02:50:00,0
2025-10-13 03:00:00,0
2025-10-13 03:10:00,0
2025-10-13 03:20:00,0
2025-10-13 03:30:00,0
2025-10-13 03:40:00,0
2025-10-13 03:50:00,0
2025-10-13 04:00:00,0
2025-10-13 04:10:00,0
2025-10-13 04:20:00,0
2025-10-13 04:30:00,0
2025-10-13 04:40:00,0
2025-10-13 04:50:00,0
2025-10-13 05:00:00,0
2025-10-13 05:10:00,0.36
2025-10-13 05:20:00,17.14
2025-10-13 05:30:00,90.88000000000001
2025-10-13 05:40:00,303.2
2025-10-13 05:50:00,725.3
2025-10-13 06:00:00,1302.5800000000002
2025-10-13 06:10:00,1936.83
2025-10-13 06:20:00,2480.59
2025-10-13 06:30:00,3175.0899999999997
2025-10-13 06:40:00,3813.7699999999995
2025-10-13 06:50:00,4159.01
2025-10-13 07:00:00,4400.65
2025-10-13 07:10:00,5079.5
2025-10-13 07:20:00,5696.41
2025-10-13 07:30:00,6492.49
2025-10-13 07:40:00,8279.28
2025-10-13 07:50:00,11884.209999999997
2025-10-13 08:00:00,9977.24
2025-10-13 08:10:00,9414.150000000001
2025-10-13 08:20:00,9955.85
2025-10-13 08:30:00,8077.610000000001
2025-10-13 08:40:00,6890.620000000001
2025-10-13 08:50:00,7684.67
2025-10-13 09:00:00,10916.35
2025-10-13 09:10:00,11368.310000000001
2025-10-13 09:20:00,12182.99
2025-10-13 09:30:00,13695.710000000001
2025-10-13 09:40:00,11461.58
2025-10-13 09:50:00,10659.220000000001
2025-10-13 10:00:00,9280.519999999999
2025-10-13 10:10:00,8349.880000000001
2025-10-13 10:20:00,7578.880000000002
2025-10-13 10:30:00,7210.969999999999
2025-10-13 10:40:00,7658.860000000001
2025-10-13 10:50:00,7792.3200000000015
2025-10-13 11:00:00,8177.359999999999
2025-10-13 11:10:00,8687.369999999999
2025-10-13 11:20:00,8383.059999999998
2025-10-13 11:30:00,8033.95
2025-10-13 11:40:00,8448.670000000002
2025-10-13 11:50:00,8386.550000000001
2025-10-13 12:00:00,7953.959999999999
2025-10-13 12:10:00,7973.49
2025-10-13 12:20:00,7974.969999999999
2025-10-13 12:30:00,8001.339999999999
2025-10-13 12:40:00,8313.22
2025-10-13 12:50:00,8784.14
2025-10-13 13:00:00,9476.07
2025-10-13 13:10:00,9250.48
2025-10-13 13:20:00,8867.45
2025-10-13 13:30:00,8380.86
2025-10-13 13:40:00,8040.969999999999
2025-10-13 13:50:00,7085.62
2025-10-13 14:00:00,5962.03
2025-10-13 14:10:00,6966.370000000001
2025-10-13 14:20:00,4977.1900000000005
2025-10-13 14:30:00,2860.46
2025-10-13 14:40:00,1798.78
2025-10-13 14:50:00,2438.7400000000002
2025-10-13 15:00:00,1564.8999999999999
2025-10-13 15:10:00,1037.55
2025-10-13 15:20:00,914.6
2025-10-13 15:30:00,493.61
2025-10-13 15:40:00,491.4
2025-10-13 15:50:00,741.7199999999999
2025-10-13 16:00:00,1163.8
2025-10-13 16:10:00,1689.6599999999999
2025-10-13 16:20:00,1829.56
2025-10-13 16:30:00,1389.7599999999998
2025-10-13 16:40:00,998.26
2025-10-13 16:50:00,680.3444444444444
2025-10-13 17:00:00,441.09
2025-10-13 17:10:00,197.22727272727272
2025-10-13 17:20:00,70.4
2025-10-13 17:30:00,11.790000000000003
2025-10-13 17:40:00,0.9099999999999999
2025-10-13 17:50:00,0
2025-10-13 18:00:00,0
2025-10-13 18:10:00,0
2025-10-13 18:20:00,0
2025-10-13 18:30:00,0
2025-10-13 18:40:00,0
2025-10-13 18:50:00,0
2025-10-13 19:00:00,0
2025-10-13 19:10:00,0
2025-10-13 19:20:00,0
2025-10-13 19:30:00,0
2025-10-13 19:40:00,0
2025-10-13 19:50:00,0
2025-10-13 20:00:00,0
2025-10-13 20:10:00,0
2025-10-13 20:20:00,0
2025-10-13 20:30:00,0
2025-10-13 20:40:00,0
2025-10-13 20:50:00,0
2025-10-13 21:00:00,0
2025-10-13 21:10:00,0
2025-10-13 21:20:00,0
2025-10-13 21:30:00,0
2025-10-13 21:40:00,0
2025-10-13 21:50:00,0
2025-10-13 22:00:00,0
2025-10-13 22:10:00,0
2025-10-13 22:20:00,0
2025-10-13 22:30:00,0
2025-10-13 22:40:00,0
2025-10-13 22:50:00,0
2025-10-13 23:00:00,0
2025-10-13 23:10:00,0
2025-10-13 23:20:00,0
2025-10-13 23:30:00,0
2025-10-13 23:40:00,0
2025-10-13 23:50:00,0
2025-10-14 00:00:00,0
2025-10-14 00:10:00,0
2025-10-14 00:20:00,0
2025-10-14 00:30:00,0
2025-10-14 00:40:00,0
2025-10-14 00:50:00,0
2025-10-14 01:00:00,0
2025-10-14 01:10:00,0
2025-10-14 01:20:00,0
2025-10-14 01:30:00,0
2025-10-14 01:40:00,0
2025-10-14 01:50:00,0
2025-10-14 02:00:00,0
2025-10-14 02:10:00,0
2025-10-14 02:20:00,0
2025-10-14 02:30:00,0
2025-10-14 02:40:00,0
2025-10-14 02:50:00,0
2025-10-14 03:00:00,0
2025-10-14 03:10:00,0
2025-10-14 03:20:00,0
2025-10-14 03:30:00,0
2025-10-14 03:40:00,0
2025-10-14 03:50:00,0
2025-10-14 04:00:00,0
2025-10-14 04:10:00,0
2025-10-14 04:20:00,0
2025-10-14 04:30:00,0
2025-10-14 04:40:00,0
2025-10-14 04:50:00,0
2025-10-14 05:00:00,0
2025-10-14 05:10:00,0.36
2025-10-14 05:20:00,14.739999999999998
2025-10-14 05:30:00,86.45
2025-10-14 05:40:00,276.86
2025-10-14 05:50:00,594.25
2025-10-14 06:00:00,1082.33
2025-10-14 06:10:00,1393.81
2025-10-14 06:20:00,1807.4299999999998
2025-10-14 06:30:00,2188.0600000000004
2025-10-14 06:40:00,2337.1699999999996
2025-10-14 06:50:00,2803.5
2025-10-14 07:00:00,3296.5699999999997
2025-10-14 07:10:00,4728.55
2025-10-14 07:20:00,5238.37
2025-10-14 07:30:00,5210.900000000001
2025-10-14 07:40:00,6642.9
2025-10-14 07:50:00,7178.7
2025-10-14 08:00:00,8952.233333333334
2025-10-14 08:10:00,11705.07
2025-10-14 08:20:00,11058.27
2025-10-14 08:30:00,12903.32
2025-10-14 08:40:00,13921.679999999998
2025-10-14 08:50:00,11898.21
2025-10-14 09:00:00,13427.710000000001
2025-10-14 09:10:00,13364.670000000002
2025-10-14 09:20:00,14289.960000000001
2025-10-14 09:30:00,15642.309999999998
2025-10-14 09:40:00,15752.539999999999
2025-10-14 09:50:00,17202.019999999997
2025-10-14 10:00:00,13332.789999999999
2025-10-14 10:10:00,11523.689999999999
2025-10-14 10:20:00,10086.91
2025-10-14 10:30:00,12917.52
2025-10-14 10:40:00,11733.09
2025-10-14 10:50:00,10715.630000000001
2025-10-14 11:00:00,7606.530000000002
2025-10-14 11:10:00,7027.37
2025-10-14 11:20:00,6913.65
2025-10-14 11:30:00,8209.07
2025-10-14 11:40:00,10244.130000000001
2025-10-14 11:50:00,9811.349999999999
2025-10-14 12:00:00,9314.24
2025-10-14 12:10:00,8721.65
2025-10-14 12:20:00,8629.29
2025-10-14 12:30:00,9829.970000000001
2025-10-14 12:40:00,4856.09
2025-10-14 12:50:00,4703.839999999999
2025-10-14 13:00:00,3601.7999999999993
2025-10-14 13:10:00,4838.21
2025-10-14 13:20:00,3984.25
2025-10-14 13:30:00,5743.24
2025-10-14 13:40:00,7352.7
2025-10-14 13:50:00,7664.95
2025-10-14 14:00:00,6091.57
2025-10-14 14:10:00,3322.7400000000002
2025-10-14 14:20:00,2499.1899999999996
2025-10-14 14:30:00,3536.54
2025-10-14 14:40:00,3067.46
2025-10-14 14:50:00,1769.47
2025-10-14 15:00:00,1056.3400000000001
2025-10-14 15:10:00,865.9399999999999
2025-10-14 15:20:00,1134.6699999999998
2025-10-14 15:30:00,1254.48
2025-10-14 15:40:00,1237.7
2025-10-14 15:50:00,1455.95
2025-10-14 16:00:00,1635.4699999999998
2025-10-14 16:10:00,1770.7600000000002
2025-10-14 16:20:00,1796.5700000000002
2025-10-14 16:30:00,859.49
2025-10-14 16:40:00,930.46
2025-10-14 16:50:00,315.19
2025-10-14 17:00:00,166.8
2025-10-14 17:10:00,116.49000000000001
2025-10-14 17:20:00,37.80000000000001
2025-10-14 17:30:00,15.49
2025-10-14 17:40:00,1.1
2025-10-14 17:50:00,0
2025-10-14 18:00:00,0
2025-10-14 18:10:00,0
2025-10-14 18:20:00,0
2025-10-14 18:30:00,0
2025-10-14 18:40:00,0
2025-10-14 18:50:00,0
2025-10-14 19:00:00,0
2025-10-14 19:10:00,0
2025-10-14 19:20:00,0
2025-10-14 19:30:00,0
2025-10-14 19:40:00,0
2025-10-14 19:50:00,0
2025-10-14 20:00:00,0
2025-10-14 20:10:00,0
2025-10-14 20:20:00,0
2025-10-14 20:30:00,0
2025-10-14 20:40:00,0
2025-10-14 20:50:00,0
2025-10-14 21:00:00,0
2025-10-14 21:10:00,0
2025-10-14 21:20:00,0
2025-10-14 21:30:00,0
2025-10-14 21:40:00,0
2025-10-14 21:50:00,0
2025-10-14 22:00:00,0
2025-10-14 22:10:00,0
2025-10-14 22:20:00,0
2025-10-14 22:30:00,0
2025-10-14 22:40:00,0
2025-10-14 22:50:00,0
2025-10-14 23:00:00,0
2025-10-14 23:10:00,0
2025-10-14 23:20:00,0
2025-10-14 23:30:00,0
2025-10-14 23:40:00,0
2025-10-14 23:50:00,0
2025-10-15 00:00:00,0
2025-10-15 00:10:00,0
2025-10-15 00:20:00,0
2025-10-15 00:30:00,0
2025-10-15 00:40:00,0
2025-10-15 00:50:00,0
2025-10-15 01:00:00,0
2025-10-15 01:10:00,0
2025-10-15 01:20:00,0
2025-10-15 01:30:00,0
2025-10-15 01:40:00,0
2025-10-15 01:50:00,0
2025-10-15 02:00:00,0
2025-10-15 02:10:00,0
2025-10-15 02:20:00,0
2025-10-15 02:30:00,0
2025-10-15 02:40:00,0
2025-10-15 02:50:00,0
2025-10-15 03:00:00,0
2025-10-15 03:10:00,0
2025-10-15 03:20:00,0
2025-10-15 03:30:00,0
2025-10-15 03:40:00,0
2025-10-15 03:50:00,0
2025-10-15 04:00:00,0
2025-10-15 04:10:00,0
2025-10-15 04:20:00,0
2025-10-15 04:30:00,0
2025-10-15 04:40:00,0
2025-10-15 04:50:00,0
2025-10-15 05:00:00,0
2025-10-15 05:10:00,0.36
2025-10-15 05:20:00,16.78
2025-10-15 05:30:00,100.25999999999999
2025-10-15 05:40:00,261.56
2025-10-15 05:50:00,412.87
2025-10-15 06:00:00,611.3799999999999
2025-10-15 06:10:00,838.3
2025-10-15 06:20:00,1119.37
2025-10-15 06:30:00,1369.48
2025-10-15 06:40:00,1763.7599999999998
2025-10-15 06:50:00,2212.95
2025-10-15 07:00:00,2604.8100000000004
2025-10-15 07:10:00,2888.6500000000005
2025-10-15 07:20:00,3079.8000000000006
2025-10-15 07:30:00,3208.64
2025-10-15 07:40:00,3699.6700000000005
2025-10-15 07:50:00,5823.6
2025-10-15 08:00:00,8646.45
2025-10-15 08:10:00,8185.469999999998
2025-10-15 08:20:00,8820.83
2025-10-15 08:30:00,9414.130000000001
2025-10-15 08:40:00,10419.07
2025-10-15 08:50:00,11794.820000000002
2025-10-15 09:00:00,12227.8
2025-10-15 09:10:00,12560.489999999998
2025-10-15 09:20:00,12284.750000000002
2025-10-15 09:30:00,12654.489999999998
2025-10-15 09:40:00,14867.810000000001
2025-10-15 09:50:00,16341.809999999998
2025-10-15 10:00:00,17171.99
2025-10-15 10:10:00,17637.2
2025-10-15 10:20:00,17774.71
2025-10-15 10:30:00,17939.670000000002
2025-10-15 10:40:00,16251.490000000002
2025-10-15 10:50:00,16581.25
2025-10-15 11:00:00,18315.129999999997
2025-10-15 11:10:00,13866.2
2025-10-15 11:20:00,10142.02
2025-10-15 11:30:00,8410.89
2025-10-15 11:40:00,4887.8099999999995
2025-10-15 11:50:00,4662.91
2025-10-15 12:00:00,5826
2025-10-15 12:10:00,6459.12
2025-10-15 12:20:00,6169.1900000000005
2025-10-15 12:30:00,9095.08
2025-10-15 12:40:00,9738.92
2025-10-15 12:50:00,12685.470000000003
2025-10-15 13:00:00,12098.95
2025-10-15 13:10:00,15493.39
2025-10-15 13:20:00,12053.780000000002
2025-10-15 13:30:00,7744.38
2025-10-15 13:40:00,7330.95
2025-10-15 13:50:00,7556.74
2025-10-15 14:00:00,6963.609999999999
2025-10-15 14:10:00,7121.210000000001
2025-10-15 14:20:00,8523.69
2025-10-15 14:30:00,7214.469999999999
2025-10-15 14:40:00,6100.620000000001
2025-10-15 14:50:00,5421.21
2025-10-15 15:00:00,4826.59
2025-10-15 15:10:00,4940.160000000001
2025-10-15 15:20:00,4523.9400000000005
2025-10-15 15:30:00,3676.63
2025-10-15 15:40:00,3939.84
2025-10-15 15:50:00,4994.150000000001
2025-10-15 16:00:00,4118.44
2025-10-15 16:10:00,2789.3100000000004
2025-10-15 16:20:00,2050.92
2025-10-15 16:30:00,1691.4900000000002
2025-10-15 16:40:00,1312.3700000000001
2025-10-15 16:50:00,795.53
2025-10-15 17:00:00,365.5199999999999
2025-10-15 17:10:00,144.14
2025-10-15 17:20:00,74.65
2025-10-15 17:30:00,26.729999999999997
2025-10-15 17:40:00,1.65
2025-10-15 17:50:00,0
2025-10-15 18:00:00,0
2025-10-15 18:10:00,0
2025-10-15 18:20:00,0
2025-10-15 18:30:00,0
2025-10-15 18:40:00,0
2025-10-15 18:50:00,0
2025-10-15 19:00:00,0
2025-10-15 19:10:00,0
2025-10-15 19:20:00,0
2025-10-15 19:30:00,0
2025-10-15 19:40:00,0
2025-10-15 19:50:00,0
2025-10-15 20:00:00,0
2025-10-15 20:10:00,0
2025-10-15 20:20:00,0
2025-10-15 20:30:00,0
2025-10-15 20:40:00,0
2025-10-15 20:50:00,0
2025-10-15 21:00:00,0
2025-10-15 21:10:00,0
2025-10-15 21:20:00,0
2025-10-15 21:30:00,0
2025-10-15 21:40:00,0
2025-10-15 21:50:00,0
2025-10-15 22:00:00,0
2025-10-15 22:10:00,0
2025-10-15 22:20:00,0
2025-10-15 22:30:00,0
2025-10-15 22:40:00,0
2025-10-15 22:50:00,0
2025-10-15 23:00:00,0
2025-10-15 23:10:00,0
2025-10-15 23:20:00,0
2025-10-15 23:30:00,0
2025-10-15 23:40:00,0
2025-10-15 23:50:00,0
2025-10-16 00:00:00,0
2025-10-16 00:10:00,0
2025-10-16 00:20:00,0
2025-10-16 00:30:00,0
2025-10-16 00:40:00,0
2025-10-16 00:50:00,0
2025-10-16 01:00:00,0
2025-10-16 01:10:00,0
2025-10-16 01:20:00,0
2025-10-17 21:10:00,0
2025-10-17 21:20:00,0
2025-10-17 21:30:00,0
2025-10-17 21:40:00,0
2025-10-17 21:50:00,0
2025-10-17 22:00:00,0
2025-10-17 22:10:00,0
2025-10-17 22:20:00,0
2025-10-17 22:30:00,0
2025-10-17 22:40:00,0
2025-10-17 22:50:00,0
2025-10-17 23:00:00,0
2025-10-17 23:10:00,0
2025-10-17 23:20:00,0
2025-10-17 23:30:00,0
2025-10-17 23:40:00,0
2025-10-17 23:50:00,0
2025-10-18 00:00:00,0
2025-10-18 00:10:00,0
2025-10-18 00:20:00,0
2025-10-18 00:30:00,0
2025-10-18 00:40:00,0
2025-10-18 00:50:00,0
2025-10-18 01:00:00,0
2025-10-18 01:10:00,0
2025-10-18 01:20:00,0
2025-10-18 01:30:00,0
2025-10-18 01:40:00,0
2025-10-18 01:50:00,0
2025-10-18 02:00:00,0
2025-10-18 02:10:00,0
2025-10-18 02:20:00,0
2025-10-18 02:30:00,0
2025-10-18 02:40:00,0
2025-10-18 02:50:00,0
2025-10-18 03:00:00,0
2025-10-18 03:10:00,0
2025-10-18 03:20:00,0
2025-10-18 03:30:00,0
2025-10-18 03:40:00,0
2025-10-18 03:50:00,0
2025-10-18 04:00:00,0
2025-10-18 04:10:00,0
2025-10-18 04:20:00,0
2025-10-18 04:30:00,0
2025-10-18 04:40:00,0
2025-10-18 04:50:00,0
2025-10-18 05:00:00,0
2025-10-18 05:10:00,0.5142857142857143
2025-10-18 05:20:00,12.9
2025-10-18 05:30:00,71.08571428571429
2025-10-18 05:40:00,199.85714285714286
2025-10-18 05:50:00,342.81666666666666
2025-10-18 06:00:00,549.2571428571429
2025-10-18 06:10:00,928.1714285714285
2025-10-18 06:20:00,1248.1666666666665
2025-10-18 06:30:00,1673.8999999999999
2025-10-18 06:40:00,2572.483333333333
2025-10-18 06:50:00,3591.0571428571425
2025-10-18 07:00:00,3167.671428571429
2025-10-18 07:10:00,5390.314285714286
2025-10-18 07:20:00,6055.533333333334
2025-10-18 07:30:00,4047.6571428571433
2025-10-18 07:40:00,3641.6428571428573
2025-10-18 07:50:00,8546
2025-10-18 08:00:00,9589.114285714286
2025-10-18 08:10:00,9952.242857142857
2025-10-18 08:20:00,9877.416666666666
2025-10-18 08:30:00,10773.771428571428
2025-10-18 08:40:00,14865.671428571428
2025-10-18 08:50:00,15127.783333333333
2025-10-18 09:00:00,14400.914285714285
2025-10-18 09:10:00,16044.271428571428
2025-10-18 09:20:00,16770.983333333334
2025-10-18 09:30:00,13963.028571428573
2025-10-18 09:40:00,15796.485714285713
2025-10-18 09:50:00,17167.566666666666
2025-10-18 10:00:00,16195.142857142857
2025-10-18 10:10:00,17174.67142857143
2025-10-18 10:20:00,17548.5
2025-10-18 10:30:00,16855.8
2025-10-18 10:40:00,14503.885714285714
2025-10-18 10:50:00,17373.066666666666
2025-10-18 11:00:00,17757.12857142857
2025-10-18 11:10:00,14493.342857142856
2025-10-18 11:20:00,15558.133333333333
2025-10-18 11:30:00,15942.085714285715
2025-10-18 11:40:00,10392.214285714286
2025-10-18 11:50:00,2226.5833333333335
2025-10-18 12:00:00,1846.1142857142859
2025-10-18 12:10:00,2304.7999999999997
2025-10-18 12:20:00,1508.9666666666665
2025-10-18 12:30:00,1864.0142857142857
2025-10-18 12:40:00,1125.6857142857143
2025-10-18 12:50:00,1704.3500000000001
2025-10-18 13:00:00,1529.6
2025-10-18 13:10:00,784.4285714285714
2025-10-18 13:20:00,1213.7333333333333
2025-10-18 13:30:00,1900.0857142857144
2025-10-18 13:40:00,1567.5285714285715
2025-10-18 13:50:00,2173.4166666666665
2025-10-18 14:00:00,2483.057142857143
2025-10-18 14:10:00,2792.457142857143
2025-10-18 14:20:00,3182.9
2025-10-18 14:30:00,3217.171428571429
2025-10-18 14:40:00,3176.628571428571
2025-10-18 14:50:00,2768.183333333333
2025-10-18 15:00:00,3133.4142857142856
2025-10-18 15:10:00,3043.433333333333
2025-10-18 15:20:00,2417.2142857142862
2025-10-18 15:30:00,2036.7428571428572
2025-10-18 15:40:00,2147.633333333333
2025-10-18 15:50:00,2296.628571428572
2025-10-18 16:00:00,1440.0571428571427
2025-10-18 16:10:00,1685.2000000000003
2025-10-18 16:20:00,1675.1666666666663
2025-10-18 16:30:00,873.1428571428571
2025-10-18 16:40:00,222.77142857142854
2025-10-18 16:50:00,86.33333333333333
2025-10-18 17:00:00,30.52857142857143
2025-10-18 17:10:00,24.214285714285715
2025-10-18 17:20:00,19.349999999999998
2025-10-18 17:30:00,8.428571428571429
2025-10-18 17:40:00,0
2025-10-18 17:50:00,0
2025-10-18 18:00:00,0
2025-10-18 18:10:00,0
2025-10-18 18:20:00,0
2025-10-18 18:30:00,0
2025-10-18 18:40:00,0
2025-10-18 18:50:00,0
2025-10-18 19:00:00,0
2025-10-18 19:10:00,0
2025-10-18 19:20:00,0
2025-10-18 19:30:00,0
2025-10-18 19:40:00,0
2025-10-18 19:50:00,0
2025-10-18 20:00:00,0
2025-10-18 20:10:00,0
2025-10-18 20:20:00,0
2025-10-18 20:30:00,0
2025-10-18 20:40:00,0
2025-10-18 20:50:00,0
2025-10-18 21:00:00,0
2025-10-18 21:10:00,0
2025-10-18 21:20:00,0
2025-10-18 21:30:00,0
2025-10-18 21:40:00,0
2025-10-18 21:50:00,0
2025-10-18 22:00:00,0
2025-10-18 22:10:00,0
2025-10-18 22:20:00,0
2025-10-18 22:30:00,0
2025-10-18 22:40:00,0
2025-10-18 22:50:00,0
2025-10-18 23:00:00,0
2025-10-18 23:10:00,0
2025-10-18 23:20:00,0
2025-10-18 23:30:00,0
2025-10-18 23:40:00,0
2025-10-18 23:50:00,0
2025-10-19 00:00:00,0
2025-10-19 00:10:00,0
2025-10-19 00:20:00,0
2025-10-19 00:30:00,0
2025-10-19 00:40:00,0
2025-10-19 00:50:00,0
2025-10-19 01:00:00,0
2025-10-19 01:10:00,0
2025-10-19 01:20:00,0
2025-10-19 01:30:00,0
2025-10-19 01:40:00,0
2025-10-19 01:50:00,0
2025-10-19 02:00:00,0
2025-10-19 02:10:00,0
2025-10-19 02:20:00,0
2025-10-19 02:30:00,0
2025-10-19 02:40:00,0
2025-10-19 02:50:00,0
2025-10-19 03:00:00,0
2025-10-19 03:10:00,0
2025-10-19 03:20:00,0
2025-10-19 03:30:00,0
2025-10-19 03:40:00,0
2025-10-19 03:50:00,0
2025-10-19 04:00:00,0
2025-10-19 04:10:00,0
2025-10-19 04:20:00,0
2025-10-19 04:30:00,0
2025-10-19 04:40:00,0
2025-10-19 04:50:00,0
2025-10-19 05:00:00,0
2025-10-19 05:10:00,0.2571428571428572
2025-10-19 05:20:00,14.116666666666665
2025-10-19 05:30:00,83.74285714285715
2025-10-19 05:40:00,262.7857142857143
2025-10-19 05:50:00,592.2833333333333
2025-10-19 06:00:00,1106.6857142857143
2025-10-19 06:10:00,1701.2714285714287
2025-10-19 06:20:00,2146.4
2025-10-19 06:30:00,2361.1428571428573
2025-10-19 06:40:00,2672.9142857142856
2025-10-19 06:50:00,3631.116666666667
2025-10-19 07:00:00,4425.8
2025-10-19 07:10:00,5336.342857142858
2025-10-19 07:20:00,5609.8
2025-10-19 07:30:00,5580.928571428572
2025-10-19 07:40:00,6041.742857142858
2025-10-19 07:50:00,7829
2025-10-19 08:00:00,9630.471428571427
2025-10-19 08:10:00,10704.383333333333
2025-10-19 08:20:00,11441.27142857143
2025-10-19 08:30:00,13307.114285714286
2025-10-19 08:40:00,14607.614285714284
2025-10-19 08:50:00,15151.099999999999
2025-10-19 09:00:00,15569.014285714284
2025-10-19 09:10:00,16020.842857142854
2025-10-19 09:20:00,16294.483333333332
2025-10-19 09:30:00,16581.442857142858
2025-10-19 09:40:00,16998.01428571429
2025-10-19 09:50:00,17060.366666666665
2025-10-19 10:00:00,17576.485714285714
2025-10-19 10:10:00,14318.257142857143
2025-10-19 10:20:00,18112.81666666667
2025-10-19 10:30:00,13554.100000000002
2025-10-19 10:40:00,7506.828571428572
2025-10-19 10:50:00,4789.55
2025-10-19 11:00:00,3681.1142857142854
2025-10-19 11:10:00,4838.657142857142
2025-10-19 11:20:00,7397.083333333333
2025-10-19 11:30:00,6346.414285714285
2025-10-19 11:40:00,2012.5285714285715
2025-10-19 11:50:00,763.0833333333334
2025-10-19 12:00:00,295.17142857142863
2025-10-19 12:10:00,357.88333333333327
2025-10-19 12:20:00,692.5142857142857
2025-10-19 12:30:00,1585.928571428571
2025-10-19 12:40:00,1665.9333333333332
2025-10-19 12:50:00,623.5285714285714
2025-10-19 13:00:00,915.2857142857143
2025-10-19 13:10:00,1086.1714285714286
2025-10-19 13:20:00,1433.3833333333334
2025-10-19 13:30:00,1706.5571428571427
2025-10-19 13:40:00,1152.5285714285712
2025-10-19 13:50:00,767.7000000000002
2025-10-19 14:00:00,840.2285714285714
2025-10-19 14:10:00,1445.0571428571427
2025-10-19 14:20:00,1947.0333333333335
2025-10-19 14:30:00,2336.1142857142854
2025-10-19 14:40:00,2422.2285714285713
2025-10-19 14:50:00,1880.9833333333333
2025-10-19 15:00:00,1500.6142857142859
2025-10-19 15:10:00,1577.7714285714285
2025-10-19 15:20:00,1794.9833333333336
2025-10-19 15:30:00,1875.857142857143
2025-10-19 15:40:00,1200.4428571428573
2025-10-19 15:50:00,727.7499999999999
2025-10-19 16:00:00,852.3428571428573
2025-10-19 16:10:00,1146.2
2025-10-19 16:20:00,1271.5
2025-10-19 16:30:00,1185.1857142857145
2025-10-19 16:40:00,984.7857142857141
2025-10-19 16:50:00,685.0666666666667
2025-10-19 17:00:00,322.57142857142856
2025-10-19 17:10:00,155.6
2025-10-19 17:20:00,57.45000000000001
2025-10-19 17:30:00,15.8
2025-10-19 17:40:00,0.7857142857142857
2025-10-19 17:50:00,0
2025-10-19 18:00:00,0
2025-10-19 18:10:00,0
2025-10-19 18:20:00,0
2025-10-19 18:30:00,0
2025-10-19 18:40:00,0
2025-10-19 18:50:00,0
2025-10-19 19:00:00,0
2025-10-19 19:10:00,0
2025-10-19 19:20:00,0
2025-10-19 19:30:00,0
2025-10-19 19:40:00,0
2025-10-19 19:50:00,0
2025-10-19 20:00:00,0
2025-10-19 20:10:00,0
2025-10-19 20:20:00,0
2025-10-19 20:30:00,0
2025-10-19 20:40:00,0
2025-10-19 20:50:00,0
2025-10-19 21:00:00,0
2025-10-19 21:10:00,0
2025-10-19 21:20:00,0
2025-10-19 21:30:00,0
2025-10-19 21:40:00,0
2025-10-19 21:50:00,0
2025-10-19 22:00:00,0
2025-10-19 22:10:00,0
2025-10-19 22:20:00,0
2025-10-19 22:30:00,0
2025-10-19 22:40:00,0
2025-10-19 22:50:00,0
2025-10-19 23:00:00,0
2025-10-19 23:10:00,0
2025-10-19 23:20:00,0
2025-10-19 23:30:00,0
2025-10-19 23:40:00,0
2025-10-19 23:50:00,0
2025-10-20 00:00:00,0
2025-10-20 00:10:00,0
2025-10-20 00:20:00,0
2025-10-20 00:30:00,0
2025-10-20 00:40:00,0
2025-10-20 00:50:00,0
2025-10-20 01:00:00,0
2025-10-20 01:10:00,0
2025-10-20 01:20:00,0
2025-10-20 01:30:00,0
2025-10-20 01:40:00,0
2025-10-20 01:50:00,0
2025-10-20 02:00:00,0
2025-10-20 02:10:00,0
2025-10-20 02:20:00,0
2025-10-20 02:30:00,0
2025-10-20 02:40:00,0
2025-10-20 02:50:00,0
2025-10-20 03:00:00,0
2025-10-20 03:10:00,0
2025-10-20 03:20:00,0
2025-10-20 03:30:00,0
2025-10-20 03:40:00,0
2025-10-20 03:50:00,0
2025-10-20 04:00:00,0
2025-10-20 04:10:00,0
2025-10-20 04:20:00,0
2025-10-20 04:30:00,0
2025-10-20 04:40:00,0
2025-10-20 04:50:00,0
2025-10-20 05:00:00,0
2025-10-20 05:10:00,0.3
2025-10-20 05:20:00,12.900000000000002
2025-10-20 05:30:00,87.94285714285715
2025-10-20 05:40:00,261.11666666666673
2025-10-20 05:50:00,505.5571428571429
2025-10-20 06:00:00,697.7714285714286
2025-10-20 06:10:00,840.8000000000001
2025-10-20 06:20:00,984
2025-10-20 06:30:00,1203.8714285714286
2025-10-20 06:40:00,1474.5500000000002
2025-10-20 06:50:00,1802.3714285714284
2025-10-20 07:00:00,2139.4285714285716
2025-10-20 07:10:00,2315.983333333333
2025-10-20 07:20:00,2437.4714285714285
2025-10-20 07:30:00,2541.5142857142855
2025-10-20 07:40:00,2648.6666666666665
2025-10-20 07:50:00,2684.65
2025-10-20 08:00:00,12633.3
2025-10-20 08:10:00,12731.771428571428
2025-10-20 08:20:00,13002.714285714284
2025-10-20 08:30:00,13666.733333333335
2025-10-20 08:40:00,13179.957142857145
2025-10-20 08:50:00,14739.028571428571
2025-10-20 09:00:00,15058.033333333335
2025-10-20 09:10:00,14819.842857142858
2025-10-20 09:20:00,12574.557142857142
2025-10-20 09:30:00,12700.566666666666
2025-10-20 09:40:00,8832.857142857143
2025-10-20 09:50:00,6782.457142857143
2025-10-20 10:00:00,10768.9
2025-10-20 10:10:00,7443.900000000001
2025-10-20 10:20:00,9950.385714285716
2025-10-20 10:30:00,12471.4
2025-10-20 10:40:00,12181.971428571427
2025-10-20 10:50:00,6630.499999999999
2025-10-20 11:00:00,5306.883333333334
2025-10-20 11:10:00,6048.857142857144
2025-10-20 11:20:00,9790.285714285714
2025-10-20 11:30:00,11509.866666666667
2025-10-20 11:40:00,9772.128571428573
2025-10-20 11:50:00,9702.328571428572
2025-10-20 12:00:00,10793.800000000001
2025-10-20 12:10:00,11240.885714285712
2025-10-20 12:20:00,11019.428571428574
2025-10-20 12:30:00,11746.416666666666
2025-10-20 12:40:00,11926.300000000001
2025-10-20 12:50:00,11897.871428571427
2025-10-20 13:00:00,11147.949999999999
2025-10-20 13:10:00,11261.414285714285
2025-10-20 13:20:00,11014.699999999999
2025-10-20 13:30:00,10726.499999999998
2025-10-20 13:40:00,10260.042857142858
2025-10-20 13:50:00,8302.828571428572
2025-10-20 14:00:00,7561.416666666667
2025-10-20 14:10:00,6713.442857142858
2025-10-20 14:20:00,5733.942857142857
2025-10-20 14:30:00,4979.716666666667
2025-10-20 14:40:00,3444.6857142857143
2025-10-20 14:50:00,2753.214285714286
2025-10-20 15:00:00,2606.5833333333335
2025-10-20 15:10:00,1729.714285714286
2025-10-20 15:20:00,1387.9428571428573
2025-10-20 15:30:00,2032.7333333333336
2025-10-20 15:40:00,2339.2714285714283
2025-10-20 15:50:00,2681.3428571428567
2025-10-20 16:00:00,2410.6
2025-10-20 16:10:00,2273.4714285714285
2025-10-20 16:20:00,1806.0714285714287
2025-10-20 16:30:00,1248.7666666666667
2025-10-20 16:40:00,652.5
2025-10-20 16:50:00,249.38571428571433
2025-10-20 17:00:00,156.38333333333333
2025-10-20 17:10:00,113.74285714285715
2025-10-20 17:20:00,30.014285714285712
2025-10-20 17:30:00,4.9
2025-10-20 17:40:00,0
2025-10-20 17:50:00,0
2025-10-20 18:00:00,0
2025-10-20 18:10:00,0
2025-10-20 18:20:00,0
2025-10-20 18:30:00,0
2025-10-20 18:40:00,0
2025-10-20 18:50:00,0
2025-10-20 19:00:00,0
2025-10-20 19:10:00,0
2025-10-20 19:20:00,0
2025-10-20 19:30:00,0
2025-10-20 19:40:00,0
2025-10-20 19:50:00,0
2025-10-20 20:00:00,0
2025-10-20 20:10:00,0
2025-10-20 20:20:00,0
2025-10-20 20:30:00,0
2025-10-20 20:40:00,0
2025-10-20 20:50:00,0
2025-10-20 21:00:00,0
2025-10-20 21:10:00,0
2025-10-20 21:20:00,0
2025-10-20 21:30:00,0
2025-10-20 21:40:00,0
2025-10-20 21:50:00,0
2025-10-20 22:00:00,0
2025-10-20 22:10:00,0
2025-10-20 22:20:00,0
2025-10-20 22:30:00,0
2025-10-20 22:40:00,0
2025-10-20 22:50:00,0
2025-10-20 23:00:00,0
2025-10-20 23:10:00,0
2025-10-20 23:20:00,0
2025-10-20 23:30:00,0
2025-10-20 23:40:00,0
2025-10-20 23:50:00,0
2025-10-21 00:00:00,0
2025-10-21 00:10:00,0
2025-10-21 00:20:00,0
2025-10-21 00:30:00,0
2025-10-21 00:40:00,0
2025-10-21 00:50:00,0
2025-10-21 01:00:00,0
2025-10-21 01:10:00,0
2025-10-21 01:20:00,0
2025-10-21 01:30:00,0
2025-10-21 01:40:00,0
2025-10-21 01:50:00,0
2025-10-21 02:00:00,0
2025-10-21 02:10:00,0
2025-10-21 02:20:00,0
2025-10-21 02:30:00,0
2025-10-21 02:40:00,0
2025-10-21 02:50:00,0
2025-10-21 03:00:00,0
2025-10-21 03:10:00,0
2025-10-21 03:20:00,0
2025-10-21 03:30:00,0
2025-10-21 03:40:00,0
2025-10-21 03:50:00,0
2025-10-21 04:00:00,0
2025-10-21 04:10:00,0
2025-10-21 04:20:00,0
2025-10-21 04:30:00,0
2025-10-21 04:40:00,0
2025-10-21 04:50:00,0
2025-10-21 05:00:00,0
2025-10-21 05:10:00,0.2571428571428572
2025-10-21 05:20:00,15.014285714285716
2025-10-21 05:30:00,72.81666666666666
2025-10-21 05:40:00,140.34285714285716
2025-10-21 05:50:00,403.6714285714285
2025-10-21 06:00:00,868.4666666666667
2025-10-21 06:10:00,1254.7
2025-10-21 06:20:00,1568.571428571429
2025-10-21 06:30:00,1336.0166666666667
2025-10-21 06:40:00,1529.3285714285714
2025-10-21 06:50:00,1851.8000000000002
2025-10-21 07:00:00,2181.814285714286
2025-10-21 07:10:00,2438.0285714285715
2025-10-21 07:20:00,2588.1142857142854
2025-10-21 07:30:00,3074.15
2025-10-21 07:40:00,2871.971428571429
2025-10-21 07:50:00,5494.828571428572
2025-10-21 08:00:00,12143.6
2025-10-21 08:10:00,12555.357142857143
2025-10-21 08:20:00,12807.342857142856
2025-10-21 08:30:00,10207.616666666667
2025-10-21 08:40:00,12277.814285714285
2025-10-21 08:50:00,14488.085714285715
2025-10-21 09:00:00,13107.933333333332
2025-10-21 09:10:00,15500.271428571428
2025-10-21 09:20:00,15433.642857142857
2025-10-21 09:30:00,15321.283333333333
2025-10-21 09:40:00,14503.600000000002
2025-10-21 09:50:00,16897.671428571426
2025-10-21 10:00:00,17210.883333333335
2025-10-21 10:10:00,16182.228571428574
2025-10-21 10:20:00,10610.242857142857
2025-10-21 10:30:00,9465.75
2025-10-21 10:40:00,10679.757142857141
2025-10-21 10:50:00,11723.271428571428
2025-10-21 11:00:00,11251.516666666668
2025-10-21 11:10:00,10057.557142857144
2025-10-21 11:20:00,9830.057142857144
2025-10-21 11:30:00,11336.916666666666
2025-10-21 11:40:00,12521.671428571426
2025-10-21 11:50:00,11773.842857142858
2025-10-21 12:00:00,11634.6
2025-10-21 12:10:00,11152.92857142857
2025-10-21 12:20:00,9926.142857142857
2025-10-21 12:30:00,10955.366666666667
2025-10-21 12:40:00,11447.07142857143
2025-10-21 12:50:00,12419.485714285716
2025-10-21 13:00:00,10210.699999999999
2025-10-21 13:10:00,5568.557142857143
2025-10-21 13:20:00,2537.2999999999997
2025-10-21 13:30:00,2557.133333333333
2025-10-21 13:40:00,6127.328571428572
2025-10-21 13:50:00,6784.042857142857
2025-10-21 14:00:00,6812.766666666666
2025-10-21 14:10:00,6922.785714285715
2025-10-21 14:20:00,7446.800000000001
2025-10-21 14:30:00,6848.116666666668
2025-10-21 14:40:00,4574.028571428572
2025-10-21 14:50:00,2409.871428571428
2025-10-21 15:00:00,2813.3333333333335
2025-10-21 15:10:00,3207.157142857143
2025-10-21 15:20:00,3916.8142857142857
2025-10-21 15:30:00,4349.95
2025-10-21 15:40:00,4377.057142857144
2025-10-21 15:50:00,3296.142857142858
2025-10-21 16:00:00,3134.066666666667
2025-10-21 16:10:00,2678.171428571429
2025-10-21 16:20:00,2245.557142857143
2025-10-21 16:30:00,1767.0166666666667
2025-10-21 16:40:00,1275.2142857142858
2025-10-21 16:50:00,858.1428571428571
2025-10-21 17:00:00,498.9166666666667
2025-10-21 17:10:00,178.8
2025-10-21 17:20:00,79.25714285714287
2025-10-21 17:30:00,12.9
2025-10-21 17:40:00,0.2571428571428572
2025-10-21 17:50:00,0
2025-10-21 18:00:00,0
2025-10-21 18:10:00,0
2025-10-21 18:20:00,0
2025-10-21 18:30:00,0
2025-10-21 18:40:00,0
2025-10-21 18:50:00,0
2025-10-21 19:00:00,0
2025-10-21 19:10:00,0
2025-10-21 19:20:00,0
2025-10-21 19:30:00,0
2025-10-21 19:40:00,0
2025-10-21 19:50:00,0
2025-10-21 20:00:00,0
2025-10-21 20:10:00,0
2025-10-21 20:20:00,0
2025-10-21 20:30:00,0
2025-10-21 20:40:00,0
2025-10-21 20:50:00,0
2025-10-21 21:00:00,0
2025-10-21 21:10:00,0
2025-10-21 21:20:00,0
2025-10-21 21:30:00,0
2025-10-21 21:40:00,0
2025-10-21 21:50:00,0
2025-10-21 22:00:00,0
2025-10-21 22:10:00,0
2025-10-21 22:20:00,0
2025-10-21 22:30:00,0
2025-10-21 22:40:00,0
2025-10-21 22:50:00,0
2025-10-21 23:00:00,0
2025-10-21 23:10:00,0
2025-10-21 23:20:00,0
2025-10-21 23:30:00,0
2025-10-21 23:40:00,0
2025-10-21 23:50:00,0
2025-10-22 00:00:00,0
2025-10-22 00:10:00,0
2025-10-22 00:20:00,0
2025-10-22 00:30:00,0
2025-10-22 00:40:00,0
2025-10-22 00:50:00,0
2025-10-22 01:00:00,0
2025-10-22 01:10:00,0
2025-10-22 01:20:00,0
2025-10-22 01:30:00,0
2025-10-22 01:40:00,0
2025-10-22 01:50:00,0
2025-10-22 02:00:00,0
2025-10-22 02:10:00,0
2025-10-22 02:20:00,0
2025-10-22 02:30:00,0
2025-10-22 02:40:00,0
2025-10-22 02:50:00,0
2025-10-22 03:00:00,0
2025-10-22 03:10:00,0
2025-10-22 03:20:00,0
2025-10-22 03:30:00,0
2025-10-22 03:40:00,0
2025-10-22 03:50:00,0
2025-10-22 04:00:00,0
2025-10-22 04:10:00,0
2025-10-22 04:20:00,0
2025-10-22 04:30:00,0
2025-10-22 04:40:00,0
2025-10-22 04:50:00,0
2025-10-22 05:00:00,0
2025-10-22 05:10:00,0.3
2025-10-22 05:20:00,15.799999999999999
2025-10-22 05:30:00,107.68571428571428
2025-10-22 05:40:00,306.28333333333336
2025-10-22 05:50:00,509.2428571428572
2025-10-22 06:00:00,1017.2
2025-10-22 06:10:00,1501.8999999999999
2025-10-22 06:20:00,1408.7142857142858
2025-10-22 06:30:00,1645.185714285714
2025-10-22 06:40:00,2847.4500000000003
2025-10-22 06:50:00,3125.8
2025-10-22 07:00:00,3047.8428571428567
2025-10-22 07:10:00,3699.6000000000004
2025-10-22 07:20:00,3881.528571428572
2025-10-22 07:30:00,3575.028571428571
2025-10-22 07:40:00,3358.633333333333
2025-10-22 07:50:00,5518.542857142857
2025-10-22 08:00:00,12337.057142857142
2025-10-22 08:10:00,12915.300000000001
2025-10-22 08:20:00,7757.228571428571
2025-10-22 08:30:00,12174.07142857143
2025-10-22 08:40:00,11885.550000000001
2025-10-22 08:50:00,7408.357142857144
2025-10-22 09:00:00,5927.728571428571
2025-10-22 09:10:00,4962.216666666666
2025-10-22 09:20:00,8623.814285714285
2025-10-22 09:30:00,8898.199999999999
2025-10-22 09:40:00,15693.633333333333
2025-10-22 09:50:00,13727.357142857143
2025-10-22 10:00:00,14710.585714285715
2025-10-22 10:10:00,14031.683333333332
2025-10-22 10:20:00,12060.857142857143
2025-10-22 10:30:00,12853.428571428569
2025-10-22 10:40:00,18157.65
2025-10-22 10:50:00,17422.45714285714
2025-10-22 11:00:00,14973.914285714285
2025-10-22 11:10:00,11021.733333333332
2025-10-22 11:20:00,8975.32857142857
2025-10-22 11:30:00,11267.72857142857
2025-10-22 11:40:00,12481.533333333335
2025-10-22 11:50:00,14668.457142857145
2025-10-22 12:00:00,15589.257142857143
2025-10-22 12:10:00,16121.849999999999
2025-10-22 12:20:00,16555.100000000002
2025-10-22 12:30:00,15704.571428571426
2025-10-22 12:40:00,16797.683333333334
2025-10-22 12:50:00,14155.757142857143
2025-10-22 13:00:00,11818.085714285713
2025-10-22 13:10:00,5860.766666666666
2025-10-22 13:20:00,6159.4571428571435
2025-10-22 13:30:00,8327.82857142857
2025-10-22 13:40:00,6553.2
2025-10-22 13:50:00,4250.685714285714
2025-10-22 14:00:00,3601.6142857142863
2025-10-22 14:10:00,3177.6666666666665
2025-10-22 14:20:00,2710.285714285714
2025-10-22 14:30:00,2873.285714285714
2025-10-22 14:40:00,999.6333333333333
2025-10-22 14:50:00,754.9285714285714
2025-10-22 15:00:00,516.1
2025-10-22 15:10:00,530.85
2025-10-22 15:20:00,497.92857142857144
2025-10-22 15:30:00,523.7142857142858
2025-10-22 15:40:00,350.21666666666664
2025-10-22 15:50:00,253.82857142857142
2025-10-22 16:00:00,245.95714285714286
2025-10-22 16:10:00,125.35000000000001
2025-10-22 16:20:00,126.92857142857142
2025-10-22 16:30:00,87.94285714285715
2025-10-22 16:40:00,70.98333333333333
2025-10-22 16:50:00,26.871428571428574
2025-10-22 17:00:00,21.314285714285713
2025-10-22 17:10:00,10.450000000000001
2025-10-22 17:20:00,5.528571428571429
2025-10-22 17:30:00,0.5142857142857143
2025-10-22 17:40:00,0
2025-10-22 17:50:00,0
2025-10-22 18:00:00,0
2025-10-22 18:10:00,0
2025-10-22 18:20:00,0
2025-10-22 18:30:00,0
2025-10-22 18:40:00,0
2025-10-22 18:50:00,0
2025-10-22 19:00:00,0
2025-10-22 19:10:00,0
2025-10-22 19:20:00,0
2025-10-22 19:30:00,0
2025-10-22 19:40:00,0
2025-10-22 19:50:00,0
2025-10-22 20:00:00,0
2025-10-22 20:10:00,0
2025-10-22 20:20:00,0
2025-10-22 20:30:00,0
2025-10-22 20:40:00,0
2025-10-22 20:50:00,0
2025-10-22 21:00:00,0
2025-10-22 21:10:00,0
2025-10-22 21:20:00,0
2025-10-22 21:30:00,0
2025-10-22 21:40:00,0
2025-10-22 21:50:00,0
2025-10-22 22:00:00,0
2025-10-22 22:10:00,0
2025-10-22 22:20:00,0
2025-10-22 22:30:00,0
2025-10-22 22:40:00,0
2025-10-22 22:50:00,0
2025-10-22 23:00:00,0
2025-10-22 23:10:00,0
2025-10-22 23:20:00,0
2025-10-22 23:30:00,0
2025-10-22 23:40:00,0
2025-10-22 23:50:00,0
2025-10-23 00:00:00,0
2025-10-23 00:10:00,0
2025-10-23 00:20:00,0
2025-10-23 00:30:00,0
2025-10-23 00:40:00,0
2025-10-23 00:50:00,0
2025-10-23 01:00:00,0
2025-10-23 01:10:00,0
2025-10-23 01:20:00,0
2025-10-23 01:30:00,0
2025-10-23 01:40:00,0
2025-10-23 01:50:00,0
2025-10-23 02:00:00,0
2025-10-23 02:10:00,0
2025-10-23 02:20:00,0
2025-10-23 02:30:00,0
2025-10-23 02:40:00,0
2025-10-23 02:50:00,0
2025-10-23 03:00:00,0
2025-10-23 03:10:00,0
2025-10-23 03:20:00,0
2025-10-23 03:30:00,0
2025-10-23 03:40:00,0
2025-10-23 03:50:00,0
2025-10-23 04:00:00,0
2025-10-23 04:10:00,0
2025-10-23 04:20:00,0
2025-10-23 04:30:00,0
2025-10-23 04:40:00,0
2025-10-23 04:50:00,0
2025-10-23 05:00:00,0
2025-10-23 05:10:00,0.3
2025-10-23 05:20:00,13.971428571428572
2025-10-23 05:30:00,93.72857142857143
2025-10-23 05:40:00,276.1666666666667
2025-10-23 05:50:00,482.9428571428571
2025-10-23 06:00:00,646.9571428571428
2025-10-23 06:10:00,768.6333333333333
2025-10-23 06:20:00,914.7571428571429
2025-10-23 06:30:00,1148.3142857142857
2025-10-23 06:40:00,1441.3833333333332
2025-10-23 06:50:00,1811.3428571428574
2025-10-23 07:00:00,2196.3
2025-10-23 07:10:00,2405.6833333333334
2025-10-23 07:20:00,2523.5999999999995
2025-10-23 07:30:00,2642.8857142857146
2025-10-23 07:40:00,2728.233333333333
2025-10-23 07:50:00,4308.057142857143
2025-10-23 08:00:00,9739.985714285716
2025-10-23 08:10:00,8744.75
2025-10-23 08:20:00,5669.685714285714
2025-10-23 08:30:00,9328.44285714286
2025-10-23 08:40:00,6982.649999999999
2025-10-23 08:50:00,5899.571428571428
2025-10-23 09:00:00,5992.242857142856
2025-10-23 09:10:00,14356.383333333333
2025-10-23 09:20:00,14562.6
2025-10-23 09:30:00,15195.857142857143
2025-10-23 09:40:00,13819.683333333334
2025-10-23 09:50:00,15697.757142857141
2025-10-23 10:00:00,16038.72857142857
2025-10-23 10:10:00,16661.31666666667
2025-10-23 10:20:00,12089.814285714287
2025-10-23 10:30:00,13653.1
2025-10-23 10:40:00,14455.900000000001
2025-10-23 10:50:00,18213.45714285714
2025-10-23 11:00:00,14461.757142857143
2025-10-23 11:10:00,16121.533333333331
2025-10-23 11:20:00,16795.514285714286
2025-10-23 11:30:00,17134.657142857144
2025-10-23 11:40:00,16964.483333333334
2025-10-23 11:50:00,16752.82857142857
2025-10-23 12:00:00,16988.514285714286
2025-10-23 12:10:00,15328.983333333332
2025-10-23 12:20:00,17227.571428571428
2025-10-23 12:30:00,16654.64285714286
2025-10-23 12:40:00,14699.516666666668
2025-10-23 12:50:00,16522.18571428571
2025-10-23 13:00:00,13948.542857142858
2025-10-23 13:10:00,15853.683333333332
2025-10-23 13:20:00,10167.871428571429
2025-10-23 13:30:00,8348.914285714285
2025-10-23 13:40:00,5013.816666666667
2025-10-23 13:50:00,2753.4857142857145
2025-10-23 14:00:00,1728.3999999999999
2025-10-23 14:10:00,2260.7000000000003
2025-10-23 14:20:00,2465.414285714286
2025-10-23 14:30:00,2066.2000000000003
2025-10-23 14:40:00,2718.1000000000004
2025-10-23 14:50:00,1563.5428571428572
2025-10-23 15:00:00,1371.857142857143
2025-10-23 15:10:00,657.0833333333334
2025-10-23 15:20:00,677.5142857142857
2025-10-23 15:30:00,581.1285714285715
2025-10-23 15:40:00,347.4166666666667
2025-10-23 15:50:00,353.91428571428577
2025-10-23 16:00:00,295.9714285714286
2025-10-23 16:10:00,256.8
2025-10-23 16:20:00,265.4142857142857
2025-10-23 16:30:00,250.94285714285715
2025-10-23 16:40:00,273.0833333333333
2025-10-23 16:50:00,245.41428571428568
2025-10-23 17:00:00,149.02857142857144
2025-10-23 17:10:00,47.31666666666667
2025-10-23 17:20:00,9.999999999999998
2025-10-23 17:30:00,0.5142857142857143
2025-10-23 17:40:00,0
2025-10-23 17:50:00,0
2025-10-23 18:00:00,0
2025-10-23 18:10:00,0
2025-10-23 18:20:00,0
2025-10-23 18:30:00,0
2025-10-23 18:40:00,0
2025-10-23 18:50:00,0
2025-10-23 19:00:00,0
2025-10-23 19:10:00,0
2025-10-23 19:20:00,0
2025-10-23 19:30:00,0
2025-10-23 19:40:00,0
2025-10-23 19:50:00,0
2025-10-23 20:00:00,0
2025-10-23 20:10:00,0
2025-10-23 20:20:00,0
2025-10-23 20:30:00,0
2025-10-23 20:40:00,0
2025-10-23 20:50:00,0
2025-10-23 21:00:00,0
2025-10-23 21:10:00,0
2025-10-23 21:20:00,0
2025-10-23 21:30:00,0
2025-10-23 21:40:00,0
2025-10-23 21:50:00,0
2025-10-23 22:00:00,0
2025-10-23 22:10:00,0
2025-10-23 22:20:00,0
2025-10-23 22:30:00,0
2025-10-23 22:40:00,0
2025-10-23 22:50:00,0
2025-10-23 23:00:00,0
2025-10-23 23:10:00,0
2025-10-23 23:20:00,0
2025-10-23 23:30:00,0
2025-10-23 23:40:00,0
2025-10-23 23:50:00,0
2025-10-24 00:00:00,0
2025-10-24 00:10:00,0
2025-10-24 00:20:00,0
2025-10-24 00:30:00,0
2025-10-24 00:40:00,0
2025-10-24 00:50:00,0
2025-10-24 01:00:00,0
2025-10-24 01:10:00,0
2025-10-24 01:20:00,0
2025-10-24 01:30:00,0
2025-10-24 01:40:00,0
2025-10-24 01:50:00,0
2025-10-24 02:00:00,0
2025-10-24 02:10:00,0
2025-10-24 02:20:00,0
2025-10-24 02:30:00,0
2025-10-24 02:40:00,0
2025-10-24 02:50:00,0
2025-10-24 03:00:00,0
2025-10-24 03:10:00,0
2025-10-24 03:20:00,0
2025-10-24 03:30:00,0
2025-10-24 03:40:00,0
2025-10-24 03:50:00,0
2025-10-24 04:00:00,0
2025-10-24 04:10:00,0
2025-10-24 04:20:00,0
2025-10-24 04:30:00,0
2025-10-24 04:40:00,0
2025-10-24 04:50:00,0
2025-10-24 05:00:00,0
2025-10-24 05:10:00,0
2025-10-24 05:20:00,12.614285714285714
2025-10-24 05:30:00,80.48333333333333
2025-10-24 05:40:00,230.91428571428568
2025-10-24 05:50:00,436.3142857142857
2025-10-24 06:00:00,644.2166666666667
2025-10-24 06:10:00,858.9285714285714
2025-10-24 06:20:00,1120.9428571428568
2025-10-24 06:30:00,1370.1166666666668
2025-10-24 06:40:00,1670.2142857142858
2025-10-24 06:50:00,2073.5857142857144
2025-10-24 07:00:00,2482.7999999999997
2025-10-24 07:10:00,2757.6857142857143
2025-10-24 07:20:00,2957.285714285714
2025-10-24 07:30:00,3109.183333333333
2025-10-24 07:40:00,3196.3571428571427
2025-10-24 07:50:00,4767.814285714286
2025-10-24 08:00:00,10255.866666666667
2025-10-24 08:10:00,11225.871428571427
2025-10-24 08:20:00,11609
2025-10-24 08:30:00,11910.133333333333
2025-10-24 08:40:00,12321.528571428571
2025-10-24 08:50:00,11778.314285714287
2025-10-24 09:00:00,12729.150000000001
2025-10-24 09:10:00,13542.785714285712
2025-10-24 09:20:00,13708.414285714285
2025-10-24 09:30:00,9428.883333333333
2025-10-24 09:40:00,7024.685714285714
2025-10-24 09:50:00,8264.385714285714
2025-10-24 10:00:00,7398.599999999999
2025-10-24 10:10:00,15040.800000000001
2025-10-24 10:20:00,13890.357142857141
2025-10-24 10:30:00,12313.783333333333
2025-10-24 10:40:00,12666.457142857142
2025-10-24 10:50:00,15746.471428571427
2025-10-24 11:00:00,17042.516666666666
2025-10-24 11:10:00,16154.600000000002
2025-10-24 11:20:00,9309.485714285716
2025-10-24 11:30:00,7804.099999999999
2025-10-24 11:40:00,8457.128571428571
2025-10-24 11:50:00,9947.471428571429
2025-10-24 12:00:00,10798.366666666667
2025-10-24 12:10:00,7873.085714285715
2025-10-24 12:20:00,7507.085714285715
2025-10-24 12:30:00,9439.033333333331
2025-10-24 12:40:00,9340.542857142858
2025-10-24 12:50:00,5112.5
2025-10-24 13:00:00,4966.499999999999
2025-10-24 13:10:00,3894.9285714285716
2025-10-24 13:20:00,3619.785714285714
2025-10-24 13:30:00,1629.4166666666667
2025-10-24 13:40:00,1964.3142857142855
2025-10-24 13:50:00,1857.4285714285713
2025-10-24 14:00:00,966.4499999999999
2025-10-24 14:10:00,692.4999999999999
2025-10-24 14:20:00,321.5
2025-10-24 14:30:00,1027.2666666666667
2025-10-24 14:40:00,964.7714285714285
2025-10-24 14:50:00,2075.714285714286
2025-10-24 15:00:00,1127.1
2025-10-24 15:10:00,885.2571428571429
2025-10-24 15:20:00,1182.7857142857142
2025-10-24 15:30:00,996.5499999999998
2025-10-24 15:40:00,1602.5428571428572
2025-10-24 15:50:00,1754.9714285714288
2025-10-24 16:00:00,1756.8666666666668
2025-10-24 16:10:00,1229.685714285714
2025-10-24 16:20:00,909.2285714285712
2025-10-24 16:30:00,1070.9
2025-10-24 16:40:00,732.0142857142857
2025-10-24 16:50:00,507.3857142857143
2025-10-24 17:00:00,288.4666666666667
2025-10-24 17:10:00,37.12857142857143
2025-10-24 17:20:00,2.628571428571429
2025-10-24 17:30:00,0
2025-10-24 17:40:00,0
2025-10-24 17:50:00,0
2025-10-24 18:00:00,0
2025-10-24 18:10:00,0
2025-10-24 18:20:00,0
2025-10-24 18:30:00,0
2025-10-24 18:40:00,0
2025-10-24 18:50:00,0
2025-10-24 19:00:00,0
2025-10-24 19:10:00,0
2025-10-24 19:20:00,0
2025-10-24 19:30:00,0
2025-10-24 19:40:00,0
2025-10-24 19:50:00,0
2025-10-24 20:00:00,0
2025-10-24 20:10:00,0
2025-10-24 20:20:00,0
2025-10-24 20:30:00,0
2025-10-24 20:40:00,0
2025-10-24 20:50:00,0
2025-10-24 21:00:00,0
2025-10-24 21:10:00,0
2025-10-24 21:20:00,0
2025-10-24 21:30:00,0
2025-10-24 21:40:00,0
2025-10-24 21:50:00,0
2025-10-24 22:00:00,0
2025-10-24 22:10:00,0
2025-10-24 22:20:00,0
2025-10-24 22:30:00,0
2025-10-24 22:40:00,0
2025-10-24 22:50:00,0
2025-10-24 23:00:00,0
2025-10-24 23:10:00,0
2025-10-24 23:20:00,0
2025-10-24 23:30:00,0
2025-10-24 23:40:00,0
2025-10-24 23:50:00,0
2025-10-25 00:00:00,0
2025-10-25 00:10:00,0
2025-10-25 00:20:00,0
2025-10-25 00:30:00,0
2025-10-25 00:40:00,0
2025-10-25 00:50:00,0
2025-10-25 01:00:00,0
2025-10-25 01:10:00,0
2025-10-25 01:20:00,0
2025-10-25 01:30:00,0
2025-10-25 01:40:00,0
2025-10-25 01:50:00,0
2025-10-25 02:00:00,0
2025-10-25 02:10:00,0
2025-10-25 02:20:00,0
2025-10-25 02:30:00,0
2025-10-25 02:40:00,0
2025-10-25 02:50:00,0
2025-10-25 03:00:00,0
2025-10-25 03:10:00,0
2025-10-25 03:20:00,0
2025-10-25 03:30:00,0
2025-10-25 03:40:00,0
2025-10-25 03:50:00,0
2025-10-25 04:00:00,0
2025-10-25 04:10:00,0
2025-10-25 04:20:00,0
2025-10-25 04:30:00,0
2025-10-25 04:40:00,0
2025-10-25 04:50:00,0
2025-10-25 05:00:00,0
2025-10-25 05:10:00,0.2571428571428572
2025-10-25 05:20:00,11.828571428571431
2025-10-25 05:30:00,71.88333333333333
2025-10-25 05:40:00,209.32857142857142
2025-10-25 05:50:00,409.2142857142857
2025-10-25 06:00:00,598.4166666666667
2025-10-25 06:10:00,778.6285714285714
2025-10-25 06:20:00,983.4714285714286
2025-10-25 06:30:00,1271.1999999999998
2025-10-25 06:40:00,1524.3285714285714
2025-10-25 06:50:00,2454.342857142857
2025-10-25 07:00:00,3553.983333333333
2025-10-25 07:10:00,3275.371428571429
2025-10-25 07:20:00,3368.0428571428574
2025-10-25 07:30:00,3977.933333333333
2025-10-25 07:40:00,5233.1
2025-10-25 07:50:00,5948.5428571428565
2025-10-25 08:00:00,10695.166666666666
2025-10-25 08:10:00,10943.32857142857
2025-10-25 08:20:00,9879.814285714285
2025-10-25 08:30:00,10051.900000000001
2025-10-25 08:40:00,8058.9857142857145
2025-10-25 08:50:00,11456.285714285716
2025-10-25 09:00:00,12563.550000000001
2025-10-25 09:10:00,11590.028571428573
2025-10-25 09:20:00,10611.814285714285
2025-10-25 09:30:00,12488.6
2025-10-25 09:40:00,13297.385714285716
2025-10-25 09:50:00,12332.057142857144
2025-10-25 10:00:00,13048
2025-10-25 10:10:00,11709.314285714285
2025-10-25 10:20:00,14393.800000000001
2025-10-25 10:30:00,15229.766666666668
2025-10-25 10:40:00,15531.342857142858
2025-10-25 10:50:00,16245.699999999997
2025-10-25 11:00:00,16248.733333333332
2025-10-25 11:10:00,16291.271428571428
2025-10-25 11:20:00,16218.585714285715
2025-10-25 11:30:00,16262.85
2025-10-25 11:40:00,16018.199999999997
2025-10-25 11:50:00,16126.699999999999
2025-10-25 12:00:00,15371.666666666666
2025-10-25 12:10:00,15525.542857142858
2025-10-25 12:20:00,14644.5
2025-10-25 12:30:00,14253.783333333333
2025-10-25 12:40:00,15669.828571428572
2025-10-25 12:50:00,12362.1
2025-10-25 13:00:00,5958.133333333332
2025-10-25 13:10:00,1557.7714285714285
2025-10-25 13:20:00,2114.6714285714284
2025-10-25 13:30:00,3997.8999999999996
2025-10-25 13:40:00,9520.914285714285
2025-10-25 13:50:00,7904.699999999999
2025-10-25 14:00:00,4838.683333333333
2025-10-25 14:10:00,3473.1
2025-10-25 14:20:00,2239.2285714285713
2025-10-25 14:30:00,1335.6833333333334
2025-10-25 14:40:00,1330
2025-10-25 14:50:00,860.5285714285714
2025-10-25 15:00:00,823.5833333333334
2025-10-25 15:10:00,1095.6714285714284
2025-10-25 15:20:00,1018.2142857142856
2025-10-25 15:30:00,432.5166666666666
2025-10-25 15:40:00,390.74285714285713
2025-10-25 15:50:00,235.4
2025-10-25 16:00:00,172.65
2025-10-25 16:10:00,577.1857142857143
2025-10-25 16:20:00,858.657142857143
2025-10-25 16:30:00,568.9333333333333
2025-10-25 16:40:00,230.12857142857146
2025-10-25 16:50:00,55.042857142857144
2025-10-25 17:00:00,81.41666666666667
2025-10-25 17:10:00,62.94285714285716
2025-10-25 17:20:00,25.271428571428572
2025-10-25 17:30:00,6.766666666666666
2025-10-25 17:40:00,0
2025-10-25 17:50:00,0
2025-10-25 18:00:00,0
2025-10-25 18:10:00,0
2025-10-25 18:20:00,0
2025-10-25 18:30:00,0
2025-10-25 18:40:00,0
2025-10-25 18:50:00,0
2025-10-25 19:00:00,0
2025-10-25 19:10:00,0
2025-10-25 19:20:00,0
2025-10-25 19:30:00,0
2025-10-25 19:40:00,0
2025-10-25 19:50:00,0
2025-10-25 20:00:00,0
2025-10-25 20:10:00,0
2025-10-25 20:20:00,0
2025-10-25 20:30:00,0
2025-10-25 20:40:00,0
2025-10-25 20:50:00,0
2025-10-25 21:00:00,0
2025-10-25 21:10:00,0
2025-10-25 21:20:00,0
2025-10-25 21:30:00,0
2025-10-25 21:40:00,0
2025-10-25 21:50:00,0
2025-10-25 22:00:00,0
2025-10-25 22:10:00,0
2025-10-25 22:20:00,0
2025-10-25 22:30:00,0
2025-10-25 22:40:00,0
2025-10-25 22:50:00,0
2025-10-25 23:00:00,0
2025-10-25 23:10:00,0
2025-10-25 23:20:00,0
2025-10-25 23:30:00,0
2025-10-25 23:40:00,0
2025-10-25 23:50:00,0
2025-10-26 00:00:00,0
2025-10-26 00:10:00,0
2025-10-26 00:20:00,0
2025-10-26 00:30:00,0
2025-10-26 00:40:00,0
2025-10-26 00:50:00,0
2025-10-26 01:00:00,0
2025-10-26 01:10:00,0
2025-10-26 01:20:00,0
2025-10-26 01:30:00,0
2025-10-26 01:40:00,0
2025-10-26 01:50:00,0
2025-10-26 02:00:00,0
2025-10-26 02:10:00,0
2025-10-26 02:20:00,0
2025-10-26 02:30:00,0
2025-10-26 02:40:00,0
2025-10-26 02:50:00,0
2025-10-26 03:00:00,0
2025-10-26 03:10:00,0
2025-10-26 03:20:00,0
2025-10-26 03:30:00,0
2025-10-26 03:40:00,0
2025-10-26 03:50:00,0
2025-10-26 04:00:00,0
2025-10-26 04:10:00,0
2025-10-26 04:20:00,0
2025-10-26 04:30:00,0
2025-10-26 04:40:00,0
2025-10-26 04:50:00,0
2025-10-26 05:00:00,0
2025-10-26 05:10:00,0
2025-10-26 05:20:00,8.142857142857142
2025-10-26 05:30:00,64.81666666666666
2025-10-26 05:40:00,217.2428571428571
2025-10-26 05:50:00,497.38571428571424
2025-10-26 06:00:00,762.7833333333333
2025-10-26 06:10:00,1065.9
2025-10-26 06:20:00,1391.3714285714286
2025-10-26 06:30:00,1657.9666666666665
2025-10-26 06:40:00,1940.1
2025-10-26 06:50:00,2913.5714285714284
2025-10-26 07:00:00,3166
2025-10-26 07:10:00,3150.028571428571
2025-10-26 07:20:00,3442.5571428571425
2025-10-26 07:30:00,3801.2999999999997
2025-10-26 07:40:00,3928.642857142858
2025-10-26 07:50:00,5193.071428571428
2025-10-26 08:00:00,9733.333333333334
2025-10-26 08:10:00,10433.314285714287
2025-10-26 08:20:00,10243.457142857145
2025-10-26 08:30:00,10234.666666666668
2025-10-26 08:40:00,11799.371428571427
2025-10-26 08:50:00,10958.628571428571
2025-10-26 09:00:00,10128.383333333333
2025-10-26 09:10:00,10022.8
2025-10-26 09:20:00,9833.471428571427
2025-10-26 09:30:00,12062.500000000002
2025-10-26 09:40:00,11512.628571428571
2025-10-26 09:50:00,10783.514285714287
2025-10-26 10:00:00,12075.416666666666
2025-10-26 10:10:00,9803.971428571429
2025-10-26 10:20:00,8365.228571428572
2025-10-26 10:30:00,7350.05
2025-10-26 10:40:00,3746.4285714285716
2025-10-26 10:50:00,7012.314285714286
2025-10-26 11:00:00,10720.983333333334
2025-10-26 11:10:00,10122.342857142856
2025-10-26 11:20:00,9247.871428571429
2025-10-26 11:30:00,12759.849999999999
2025-10-26 11:40:00,11473.142857142855
2025-10-26 11:50:00,12383.142857142857
2025-10-26 12:00:00,13621.849999999999
2025-10-26 12:10:00,13856.385714285714
2025-10-26 12:20:00,6020.942857142857
2025-10-26 12:30:00,6343.983333333334
2025-10-26 12:40:00,6579.942857142857
2025-10-26 12:50:00,2586.2714285714283
2025-10-26 13:00:00,3745.6999999999994
2025-10-26 13:10:00,3268.2714285714283
2025-10-26 13:20:00,4487.914285714285
2025-10-26 13:30:00,5859.533333333333
2025-10-26 13:40:00,7090.528571428572
2025-10-26 13:50:00,4106.385714285715
2025-10-26 14:00:00,2720.25
2025-10-26 14:10:00,2579.9714285714285
2025-10-26 14:20:00,1575.9142857142856
2025-10-26 14:30:00,1907.083333333333
2025-10-26 14:40:00,1973.2857142857142
2025-10-26 14:50:00,853.6571428571427
2025-10-26 15:00:00,650.65
2025-10-26 15:10:00,1870.5714285714287
2025-10-26 15:20:00,2332.6857142857143
2025-10-26 15:30:00,1386.0833333333333
2025-10-26 15:40:00,1423.2142857142858
2025-10-26 15:50:00,248.32857142857145
2025-10-26 16:00:00,838.3333333333334
2025-10-26 16:10:00,1015.6
2025-10-26 16:20:00,681.4428571428571
2025-10-26 16:30:00,595.35
2025-10-26 16:40:00,502.92857142857144
2025-10-26 16:50:00,283.8285714285715
2025-10-26 17:00:00,132.4
2025-10-26 17:10:00,60.82857142857142
2025-10-26 17:20:00,13.414285714285716
2025-10-26 17:30:00,1.2166666666666666
2025-10-26 17:40:00,0
2025-10-26 17:50:00,0
2025-10-26 18:00:00,0
2025-10-26 18:10:00,0
2025-10-26 18:20:00,0
2025-10-26 18:30:00,0
2025-10-26 18:40:00,0
2025-10-26 18:50:00,0
2025-10-26 19:00:00,0
2025-10-26 19:10:00,0
2025-10-26 19:20:00,0.5142857142857143
2025-10-26 19:30:00,0.3
2025-10-26 19:40:00,0
2025-10-26 19:50:00,0
2025-10-26 20:00:00,0
2025-10-26 20:10:00,0
2025-10-26 20:20:00,0
2025-10-26 20:30:00,0
2025-10-26 20:40:00,0
2025-10-26 20:50:00,0
2025-10-26 21:00:00,0
2025-10-26 21:10:00,0
2025-10-26 21:20:00,0
2025-10-26 21:30:00,0
2025-10-26 21:40:00,0
2025-10-26 21:50:00,0
2025-10-26 22:00:00,0
2025-10-26 22:10:00,0
2025-10-26 22:20:00,0
2025-10-26 22:30:00,0
2025-10-26 22:40:00,0
2025-10-26 22:50:00,0
2025-10-26 23:00:00,0
2025-10-26 23:10:00,0
2025-10-26 23:20:00,0
2025-10-26 23:30:00,0
2025-10-26 23:40:00,0
2025-10-26 23:50:00,0
2025-10-27 00:00:00,0
2025-10-27 00:10:00,0
2025-10-27 00:20:00,0
2025-10-27 00:30:00,0
2025-10-27 00:40:00,0
2025-10-27 00:50:00,0
2025-10-27 01:00:00,0
2025-10-27 01:10:00,0
2025-10-27 01:20:00,0
2025-10-27 01:30:00,0
2025-10-27 01:40:00,0
2025-10-27 01:50:00,0
2025-10-27 02:00:00,0
2025-10-27 02:10:00,0
2025-10-27 02:20:00,0
2025-10-27 02:30:00,0
2025-10-27 02:40:00,0
2025-10-27 02:50:00,0
2025-10-27 03:00:00,0
2025-10-27 03:10:00,0
2025-10-27 03:20:00,0
2025-10-27 03:30:00,0
2025-10-27 03:40:00,0
2025-10-27 03:50:00,0
2025-10-27 04:00:00,0
2025-10-27 04:10:00,0
2025-10-27 04:20:00,0
2025-10-27 04:30:00,0
2025-10-27 04:40:00,0
2025-10-27 04:50:00,0
2025-10-27 05:00:00,0
2025-10-27 05:10:00,0
2025-10-27 05:20:00,8.685714285714285
2025-10-27 05:30:00,51
2025-10-27 05:40:00,195.38571428571427
2025-10-27 05:50:00,450.27142857142854
2025-10-27 06:00:00,795.6166666666667
2025-10-27 06:10:00,1187.0285714285715
2025-10-27 06:20:00,1467.9857142857143
2025-10-27 06:30:00,1925.233333333333
2025-10-27 06:40:00,2309.785714285714
2025-10-27 06:50:00,2368.7714285714287
2025-10-27 07:00:00,2726.0833333333335
2025-10-27 07:10:00,3346.7285714285717
2025-10-27 07:20:00,3478.9142857142856
2025-10-27 07:30:00,3460.0166666666664
2025-10-27 07:40:00,4257.257142857144
2025-10-27 07:50:00,7387.814285714286
2025-10-27 08:00:00,5175.083333333333
2025-10-27 08:10:00,5731.3
2025-10-27 08:20:00,7788.828571428572
2025-10-27 08:30:00,7064.983333333334
2025-10-27 08:40:00,8820.514285714286
2025-10-27 08:50:00,12297.300000000001
2025-10-27 09:00:00,12776.450000000003
2025-10-27 09:10:00,10517.042857142855
2025-10-27 09:20:00,8945.57142857143
2025-10-27 09:30:00,14105.699999999999
2025-10-27 09:40:00,15545.800000000001
2025-10-27 09:50:00,7115.814285714286
2025-10-27 10:00:00,7592.45
2025-10-27 10:10:00,8219.885714285714
2025-10-27 10:20:00,14678.98571428571
2025-10-27 10:30:00,14483.549999999997
2025-10-27 10:40:00,10496.500000000002
2025-10-27 10:50:00,13024.57142857143
2025-10-27 11:00:00,15784.550000000001
2025-10-27 11:10:00,15857.557142857142
2025-10-27 11:20:00,15532.371428571427
2025-10-27 11:30:00,13403.449999999999
2025-10-27 11:40:00,6819.314285714287
2025-10-27 11:50:00,3349.6142857142863
2025-10-27 12:00:00,2796.15
2025-10-27 12:10:00,4643.285714285715
2025-10-27 12:20:00,6230.028571428572
2025-10-27 12:30:00,7945.416666666667
2025-10-27 12:40:00,9929.842857142856
2025-10-27 12:50:00,10781.371428571429
2025-10-27 13:00:00,9662.050000000001
2025-10-27 13:10:00,11952.342857142856
2025-10-27 13:20:00,11339.642857142857
2025-10-27 13:30:00,8742.316666666668
2025-10-27 13:40:00,4344.428571428572
2025-10-27 13:50:00,4573.514285714286
2025-10-27 14:00:00,4404.933333333333
2025-10-27 14:10:00,5191.242857142858
2025-10-27 14:20:00,4744.428571428572
2025-10-27 14:30:00,3845.833333333334
2025-10-27 14:40:00,3718.257142857143
2025-10-27 14:50:00,2243.1857142857143
2025-10-27 15:00:00,1657.6500000000003
2025-10-27 15:10:00,1717.857142857143
2025-10-27 15:20:00,2373.785714285714
2025-10-27 15:30:00,1760.266666666667
2025-10-27 15:40:00,1016.9285714285713
2025-10-27 15:50:00,765.1857142857142
2025-10-27 16:00:00,1069.6833333333334
2025-10-27 16:10:00,1533.2857142857144
2025-10-27 16:20:00,1118.3
2025-10-27 16:30:00,770.4666666666667
2025-10-27 16:40:00,715.9285714285714
2025-10-27 16:50:00,557.9714285714285
2025-10-27 17:00:00,454.95
2025-10-27 17:10:00,146.14285714285717
2025-10-27 17:20:00,26.32857142857143
2025-10-27 17:30:00,4.3
2025-10-27 17:40:00,0
2025-10-27 17:50:00,0
2025-10-27 18:00:00,0
2025-10-27 18:10:00,0
2025-10-27 18:20:00,0
2025-10-27 18:30:00,0
2025-10-27 18:40:00,0
2025-10-27 18:50:00,0
2025-10-27 19:00:00,0
2025-10-27 19:10:00,0
2025-10-27 19:20:00,0
2025-10-27 19:30:00,0
2025-10-27 19:40:00,0
2025-10-27 19:50:00,0
2025-10-27 20:00:00,0
2025-10-27 20:10:00,0
2025-10-27 20:20:00,0
2025-10-27 20:30:00,0
2025-10-27 20:40:00,0
2025-10-27 20:50:00,0
2025-10-27 21:00:00,0
2025-10-27 21:10:00,0
2025-10-27 21:20:00,0
2025-10-27 21:30:00,0
2025-10-27 21:40:00,0
2025-10-27 21:50:00,0
2025-10-27 22:00:00,0
2025-10-27 22:10:00,0
2025-10-27 22:20:00,0
2025-10-27 22:30:00,0
2025-10-27 22:40:00,0
2025-10-27 22:50:00,0
2025-10-27 23:00:00,0
2025-10-27 23:10:00,0
2025-10-27 23:20:00,0
2025-10-27 23:30:00,0
2025-10-27 23:40:00,0
2025-10-27 23:50:00,0
2025-10-28 00:00:00,0
2025-10-28 00:10:00,0
2025-10-28 00:20:00,0
2025-10-28 00:30:00,0
2025-10-28 00:40:00,0
2025-10-28 00:50:00,0
2025-10-28 01:00:00,0
2025-10-28 01:10:00,0
2025-10-28 01:20:00,0
2025-10-28 01:30:00,0
2025-10-28 01:40:00,0
2025-10-28 01:50:00,0
2025-10-28 02:00:00,0
2025-10-28 02:10:00,0
2025-10-28 02:20:00,0
2025-10-28 02:30:00,0
2025-10-28 02:40:00,0
2025-10-28 02:50:00,0
2025-10-28 03:00:00,0
2025-10-28 03:10:00,0
2025-10-28 03:20:00,0
2025-10-28 03:30:00,0
2025-10-28 03:40:00,0
2025-10-28 03:50:00,0
2025-10-28 04:00:00,0
2025-10-28 04:10:00,0
2025-10-28 04:20:00,0
2025-10-28 21:00:00,0
2025-10-28 21:10:00,0
2025-10-28 21:20:00,0
2025-10-28 21:30:00,0
2025-10-28 21:40:00,0
2025-10-28 21:50:00,0
2025-10-28 22:00:00,0
2025-10-28 22:10:00,0
2025-10-28 22:20:00,0
2025-10-28 22:30:00,0
2025-10-28 22:40:00,0
2025-10-28 22:50:00,0
2025-10-28 23:00:00,0
2025-10-28 23:10:00,0
2025-10-28 23:20:00,0
2025-10-28 23:30:00,0
2025-10-28 23:40:00,0
2025-10-28 23:50:00,0
2025-10-29 00:00:00,0
2025-10-29 00:10:00,0
2025-10-29 00:20:00,0
2025-10-29 00:30:00,0
2025-10-29 00:40:00,0
2025-10-29 00:50:00,0
2025-10-29 01:00:00,0
2025-10-29 01:10:00,0
2025-10-29 01:20:00,0
2025-10-29 01:30:00,0
2025-10-29 01:40:00,0
2025-10-29 01:50:00,0
2025-10-29 21:40:00,0
2025-10-29 21:50:00,0
2025-10-29 22:00:00,0
2025-10-29 22:10:00,0
2025-10-29 22:20:00,0
2025-10-29 22:30:00,0
2025-10-29 22:40:00,0
2025-10-29 22:50:00,0
2025-10-29 23:00:00,0
2025-10-29 23:10:00,0
2025-10-29 23:20:00,0
2025-10-29 23:30:00,0
2025-10-29 23:40:00,0
2025-10-29 23:50:00,0
2025-10-30 00:00:00,0
2025-10-30 00:10:00,0
2025-10-30 00:20:00,0
2025-10-30 00:30:00,0
2025-10-30 00:40:00,0
2025-10-30 00:50:00,0
2025-10-30 01:00:00,0
2025-10-30 01:10:00,0
2025-10-30 01:20:00,0
2025-10-30 01:30:00,0
2025-10-30 01:40:00,0
2025-10-30 01:50:00,0
2025-10-30 02:00:00,0
2025-10-30 02:10:00,0
2025-10-30 02:20:00,0
2025-10-30 02:30:00,0
2025-10-30 02:40:00,0
2025-10-30 02:50:00,0
2025-10-30 03:00:00,0
2025-10-30 03:10:00,0
2025-10-30 03:20:00,0
2025-10-30 03:30:00,0
2025-10-30 03:40:00,0
2025-10-30 03:50:00,0
2025-10-30 04:00:00,0
2025-10-30 04:10:00,0
2025-10-30 04:20:00,0
2025-10-30 04:30:00,0
2025-10-30 04:40:00,0
2025-10-30 04:50:00,0
2025-10-30 05:00:00,0
2025-10-30 05:10:00,0
2025-10-30 05:20:00,5.516666666666667
2025-10-30 05:30:00,40.285714285714285
2025-10-30 05:40:00,122.95714285714287
2025-10-30 05:50:00,206.71666666666667
2025-10-30 06:00:00,343.62857142857143
2025-10-30 06:10:00,511.61428571428576
2025-10-30 19:20:00,0
2025-10-30 19:30:00,0
2025-10-30 19:40:00,0
2025-10-30 19:50:00,0
2025-10-30 20:00:00,0
2025-10-30 20:10:00,0
2025-10-30 20:20:00,0
2025-10-30 20:30:00,0
2025-10-30 20:40:00,0
2025-10-30 20:50:00,0
2025-10-30 21:00:00,0
2025-10-30 21:10:00,0
2025-10-30 21:20:00,0
2025-10-30 21:30:00,0
2025-10-30 21:40:00,0
2025-10-30 21:50:00,0
2025-10-30 22:00:00,0
2025-10-30 22:10:00,0
2025-10-30 22:20:00,0
2025-10-30 22:30:00,0
2025-10-30 22:40:00,0
2025-10-30 22:50:00,0
2025-10-30 23:00:00,0
2025-10-30 23:10:00,0
2025-10-30 23:20:00,0
2025-10-30 23:30:00,0
2025-10-30 23:40:00,0
2025-10-30 23:50:00,0
2025-10-31 00:00:00,0
2025-10-31 00:10:00,0
2025-10-31 00:20:00,0
2025-10-31 00:30:00,0
2025-10-31 00:40:00,0
2025-10-31 00:50:00,0
2025-10-31 01:00:00,0
2025-10-31 01:10:00,0
2025-10-31 01:20:00,0
2025-10-31 01:30:00,0
2025-10-31 01:40:00,0
2025-10-31 01:50:00,0
2025-10-31 02:00:00,0
2025-10-31 02:10:00,0
2025-10-31 02:20:00,0
2025-10-31 02:30:00,0
2025-10-31 02:40:00,0
2025-10-31 02:50:00,0
2025-10-31 03:00:00,0
2025-10-31 03:10:00,0
2025-10-31 03:20:00,0
2025-10-31 03:30:00,0
2025-10-31 03:40:00,0
2025-10-31 03:50:00,0
2025-10-31 04:00:00,0
2025-10-31 04:10:00,0
2025-10-31 04:20:00,0
2025-10-31 04:30:00,0
2025-10-31 04:40:00,0
2025-10-31 04:50:00,0
2025-10-31 05:00:00,0
2025-10-31 05:10:00,0
2025-10-31 05:20:00,2.357142857142857
2025-10-31 05:30:00,23.7
2025-10-31 05:40:00,77.4
2025-10-31 05:50:00,169.84285714285716
2025-10-31 06:00:00,325.4714285714286
2025-10-31 06:10:00,474.01666666666665
2025-10-31 06:20:00,593.7714285714285
2025-10-31 06:30:00,527.1571428571428
2025-10-31 06:40:00,747.1166666666668
2025-10-31 06:50:00,953.9857142857144
2025-10-31 07:00:00,791.5142857142857
2025-10-31 07:10:00,1144.6166666666666
2025-10-31 07:20:00,1455.8714285714286
2025-10-31 07:30:00,1405.0285714285715
2025-10-31 07:40:00,1912.6333333333332
2025-10-31 07:50:00,2233.1714285714284
2025-10-31 08:00:00,2015.4142857142854
2025-10-31 08:10:00,2551.9
2025-10-31 08:20:00,3118.9714285714285
2025-10-31 08:30:00,2924.0999999999995
2025-10-31 08:40:00,2545.15
2025-10-31 08:50:00,3323.8
2025-10-31 09:00:00,2840.9
2025-10-31 09:10:00,2482.183333333334
2025-10-31 09:20:00,2723.457142857143
2025-10-31 09:30:00,2941.4714285714285
2025-10-31 09:40:00,5050.383333333333
2025-10-31 09:50:00,6529.142857142856
2025-10-31 10:00:00,6030.171428571428
2025-10-31 10:10:00,6856.083333333332
2025-10-31 10:20:00,7890.742857142856
2025-10-31 10:30:00,8514.785714285714
2025-10-31 10:40:00,10634.966666666667
2025-10-31 10:50:00,7111.0714285714275
2025-10-31 11:00:00,5472.457142857143
2025-10-31 11:10:00,6625.383333333334
2025-10-31 11:20:00,4444.471428571428
2025-10-31 11:30:00,2962.285714285714
2025-10-31 11:40:00,3199.816666666666
2025-10-31 11:50:00,3634.2714285714287
2025-10-31 12:00:00,3661.128571428571
2025-10-31 12:10:00,3568.75
2025-10-31 12:20:00,3788.557142857143
2025-10-31 12:30:00,5305.528571428571
2025-10-31 12:40:00,6774.700000000001
2025-10-31 12:50:00,6914.885714285714
2025-10-31 13:00:00,5942.742857142858
2025-10-31 13:10:00,6115.433333333334
2025-10-31 13:20:00,6053.085714285714
2025-10-31 13:30:00,5736.571428571428
2025-10-31 13:40:00,5406.116666666668
2025-10-31 13:50:00,5509.599999999999
2025-10-31 14:00:00,5231.271428571429
2025-10-31 14:10:00,4697.683333333333
2025-10-31 14:20:00,3908.3857142857137
2025-10-31 14:30:00,1606.7428571428572
2025-10-31 14:40:00,2830.5499999999997
2025-10-31 14:50:00,2957.2999999999997
2025-10-31 15:00:00,2930.9571428571426
2025-10-31 15:10:00,2208.4666666666667
2025-10-31 15:20:00,1945.6142857142859
2025-10-31 15:30:00,1536.1714285714286
2025-10-31 15:40:00,1288.3999999999999
2025-10-31 15:50:00,1164.8999999999999
2025-10-31 16:00:00,1145.4142857142856
2025-10-31 16:10:00,832.5166666666668
2025-10-31 16:20:00,723.842857142857
2025-10-31 16:30:00,455.0142857142857
2025-10-31 16:40:00,315.8
2025-10-31 16:50:00,208.27142857142854
2025-10-31 17:00:00,100.32857142857144
2025-10-31 17:10:00,43.63333333333333
2025-10-31 17:20:00,12.642857142857142
2025-10-31 17:30:00,1.0285714285714287
2025-10-31 17:40:00,0.6
2025-10-31 17:50:00,0
2025-10-31 18:00:00,0
2025-10-31 18:10:00,0
2025-10-31 18:20:00,0
2025-10-31 18:30:00,0
2025-10-31 18:40:00,0
2025-10-31 18:50:00,0
2025-10-31 19:00:00,0
2025-10-31 19:10:00,0
2025-10-31 19:20:00,0
2025-10-31 19:30:00,0
2025-10-31 19:40:00,0
2025-10-31 19:50:00,0
2025-10-31 20:00:00,0
2025-10-31 20:10:00,0
2025-10-31 20:20:00,0
2025-10-31 20:30:00,0
2025-10-31 20:40:00,0
2025-10-31 20:50:00,0
2025-10-31 21:00:00,0
2025-10-31 21:10:00,0
2025-10-31 21:20:00,0
2025-10-31 21:30:00,0.2571428571428572
2025-10-31 21:40:00,0
2025-10-31 21:50:00,0
2025-10-31 22:00:00,0
2025-10-31 22:10:00,0
2025-10-31 22:20:00,0
2025-10-31 22:30:00,0
2025-10-31 22:40:00,0
2025-10-31 22:50:00,0
2025-10-31 23:00:00,0
2025-10-31 23:10:00,0
2025-10-31 23:20:00,0
2025-10-31 23:30:00,0
2025-10-31 23:40:00,0
2025-10-31 23:50:00,0
2025-11-01 00:00:00,0
2025-11-01 00:10:00,0
2025-11-01 00:20:00,0
2025-11-01 00:30:00,0
2025-11-01 00:40:00,0
2025-11-01 00:50:00,0
2025-11-01 01:00:00,0
2025-11-01 01:10:00,0
2025-11-01 01:20:00,0
2025-11-01 01:30:00,0
2025-11-01 01:40:00,0
2025-11-01 01:50:00,0
2025-11-01 02:00:00,0
2025-11-01 02:10:00,0
2025-11-01 02:20:00,0
2025-11-01 02:30:00,0
2025-11-01 02:40:00,0
2025-11-01 02:50:00,0
2025-11-01 03:00:00,0
2025-11-01 03:10:00,0
2025-11-01 03:20:00,0
2025-11-01 03:30:00,0
2025-11-01 03:40:00,0
2025-11-01 03:50:00,0
2025-11-01 04:00:00,0
2025-11-01 04:10:00,0
2025-11-01 04:20:00,0
2025-11-01 04:30:00,0
2025-11-01 04:40:00,0
2025-11-01 04:50:00,0
2025-11-01 05:00:00,0
2025-11-01 05:10:00,0
2025-11-01 05:20:00,5.242857142857143
2025-11-01 05:30:00,45.55714285714286
2025-11-01 05:40:00,156.98333333333332
2025-11-01 05:50:00,366.2857142857143
2025-11-01 06:00:00,655.9285714285714
2025-11-01 06:10:00,934.8000000000001
2025-11-01 06:20:00,1049.8285714285714
2025-11-01 06:30:00,1546.9857142857143
2025-11-01 06:40:00,1791.6000000000001
2025-11-01 06:50:00,1879.2714285714285
2025-11-01 07:00:00,1978.285714285714
2025-11-01 07:10:00,2414.5833333333335
2025-11-01 07:20:00,2641.328571428571
2025-11-01 07:30:00,2559.9571428571426
2025-11-01 07:40:00,2274.8333333333335
2025-11-01 07:50:00,2488.8571428571427
2025-11-01 08:00:00,2847.742857142857
2025-11-01 08:10:00,3366.6000000000004
2025-11-01 08:20:00,2970.9857142857145
2025-11-01 08:30:00,2187.371428571428
2025-11-01 08:40:00,2445.316666666666
2025-11-01 08:50:00,2083.6285714285714
2025-11-01 09:00:00,2578.9000000000005
2025-11-01 09:10:00,3641.566666666667
2025-11-01 09:20:00,3859.4
2025-11-01 09:30:00,3996.0428571428574
2025-11-01 09:40:00,4044.5833333333326
2025-11-01 09:50:00,3368.3142857142857
2025-11-01 10:00:00,3392.028571428571
2025-11-01 10:10:00,3731.866666666667
2025-11-01 10:20:00,4045.0428571428574
2025-11-01 10:30:00,3978.928571428571
2025-11-01 10:40:00,3393.9500000000003
2025-11-01 10:50:00,2636.842857142857
2025-11-01 11:00:00,3517.628571428571
2025-11-01 11:10:00,3193.9666666666667
2025-11-01 11:20:00,3602.4
2025-11-01 11:30:00,3671.1428571428573
2025-11-01 11:40:00,4417.533333333333
2025-11-01 11:50:00,4975.599999999999
2025-11-01 12:00:00,5048.257142857144
2025-11-01 12:10:00,5053.733333333333
2025-11-01 12:20:00,5078.542857142857
2025-11-01 12:30:00,5163.842857142858
2025-11-01 12:40:00,5174.766666666667
2025-11-01 12:50:00,5183.842857142858
2025-11-01 13:00:00,5017.714285714285
2025-11-01 13:10:00,4194.216666666666
2025-11-01 13:20:00,4215.657142857143
2025-11-01 13:30:00,3677.9571428571426
2025-11-01 13:40:00,3244.3500000000004
2025-11-01 13:50:00,3402.2571428571423
2025-11-01 14:00:00,2910.4285714285716
2025-11-01 14:10:00,2260.066666666667
2025-11-01 14:20:00,2320.3285714285716
2025-11-01 14:30:00,3094.457142857143
2025-11-01 14:40:00,3883.616666666667
2025-11-01 14:50:00,4176.957142857143
2025-11-01 15:00:00,4140.357142857143
2025-11-01 15:10:00,3654.766666666667
2025-11-01 15:20:00,3470.4857142857145
2025-11-01 15:30:00,2881.971428571429
2025-11-01 15:40:00,2145.8
2025-11-01 15:50:00,1845.5857142857142
2025-11-01 16:00:00,1950.9
2025-11-01 16:10:00,1907.4166666666667
2025-11-01 16:20:00,1671.5142857142855
2025-11-01 16:30:00,1294.185714285714
2025-11-01 16:40:00,867.25
2025-11-01 16:50:00,524.5142857142857
2025-11-01 17:00:00,202.74285714285716
2025-11-01 17:10:00,85.71666666666665
2025-11-01 17:20:00,24.228571428571428
2025-11-01 17:30:00,1.3
2025-11-01 17:40:00,0
2025-11-01 17:50:00,0
2025-11-01 18:00:00,0
2025-11-01 18:10:00,0
2025-11-01 18:20:00,0
2025-11-01 18:30:00,0
2025-11-01 18:40:00,0
2025-11-01 18:50:00,0
2025-11-01 19:00:00,0
2025-11-01 19:10:00,0
2025-11-01 19:20:00,0
2025-11-01 19:30:00,0
2025-11-01 19:40:00,0
2025-11-01 19:50:00,0
2025-11-01 20:00:00,0
2025-11-01 20:10:00,0
2025-11-01 20:20:00,0
2025-11-01 20:30:00,0
2025-11-01 20:40:00,0
2025-11-01 20:50:00,0
2025-11-01 21:00:00,0
2025-11-01 21:10:00,0
2025-11-01 21:20:00,0
2025-11-01 21:30:00,0
2025-11-01 21:40:00,0
2025-11-01 21:50:00,0
2025-11-01 22:00:00,0
2025-11-01 22:10:00,0
2025-11-01 22:20:00,0
2025-11-01 22:30:00,0
2025-11-01 22:40:00,0
2025-11-01 22:50:00,0
2025-11-01 23:00:00,0
2025-11-01 23:10:00,0
2025-11-01 23:20:00,0
2025-11-01 23:30:00,0
2025-11-01 23:40:00,0
2025-11-01 23:50:00,0
2025-11-02 00:00:00,0
2025-11-02 00:10:00,0
2025-11-02 00:20:00,0
2025-11-02 00:30:00,0
2025-11-02 00:40:00,0
2025-11-02 00:50:00,0
2025-11-02 01:00:00,0
2025-11-02 01:10:00,0
2025-11-02 01:20:00,0
2025-11-02 01:30:00,0
2025-11-02 01:40:00,0
2025-11-02 01:50:00,0
2025-11-02 02:00:00,0
2025-11-02 02:10:00,0
2025-11-02 02:20:00,0
2025-11-02 02:30:00,0
2025-11-02 02:40:00,0
2025-11-02 02:50:00,0
2025-11-02 03:00:00,0
2025-11-02 03:10:00,0
2025-11-02 03:20:00,0
2025-11-02 03:30:00,0
2025-11-02 03:40:00,0
2025-11-02 03:50:00,0
2025-11-02 04:00:00,0
2025-11-02 04:10:00,0
2025-11-02 04:20:00,0
2025-11-02 04:30:00,0
2025-11-02 04:40:00,0
2025-11-02 04:50:00,0
2025-11-02 05:00:00,0
2025-11-02 05:10:00,0
2025-11-02 05:20:00,4.985714285714286
2025-11-02 05:30:00,43.98571428571428
2025-11-02 05:40:00,140.08333333333334
2025-11-02 05:50:00,427.35714285714295
2025-11-02 06:00:00,1033.5142857142857
2025-11-02 06:10:00,1529.55
2025-11-02 06:20:00,1528.0142857142857
2025-11-02 06:30:00,1351.0714285714287
2025-11-02 06:40:00,1275.8
2025-11-02 06:50:00,1348.4428571428568
2025-11-02 07:00:00,1611.742857142857
2025-11-02 07:10:00,2365.7500000000005
2025-11-02 07:20:00,2851.442857142857
2025-11-02 07:30:00,3301.7
2025-11-02 07:40:00,3351.25
2025-11-02 07:50:00,3244.285714285714
2025-11-02 08:00:00,4182.214285714285
2025-11-02 08:10:00,4341.05
2025-11-02 08:20:00,3416.4857142857145
2025-11-02 08:30:00,2606.8142857142857
2025-11-02 08:40:00,2754.066666666667
2025-11-02 08:50:00,3650.8571428571427
2025-11-02 09:00:00,3946.3
2025-11-02 09:10:00,4391.116666666666
2025-11-02 09:20:00,4958.728571428571
2025-11-02 09:30:00,5294.4571428571435
2025-11-02 09:40:00,5082
2025-11-02 09:50:00,5336.057142857143
2025-11-02 10:00:00,5653.628571428571
2025-11-02 10:10:00,6886.500000000001
2025-11-02 10:20:00,8752.542857142857
2025-11-02 10:30:00,10494.142857142857
2025-11-02 10:40:00,10913.283333333333
2025-11-02 10:50:00,10610.785714285714
2025-11-02 11:00:00,8969.27142857143
2025-11-02 11:10:00,7610.866666666666
2025-11-02 11:20:00,7432.3
2025-11-02 11:30:00,7439.428571428571
2025-11-02 11:40:00,6315.116666666666
2025-11-02 11:50:00,6257.914285714286
2025-11-02 12:00:00,6941.742857142856
2025-11-02 12:10:00,5835.566666666667
2025-11-02 12:20:00,5573.828571428572
2025-11-02 12:30:00,4615.114285714287
2025-11-02 12:40:00,4242.45
2025-11-02 12:50:00,3477.0714285714284
2025-11-02 13:00:00,2691.328571428571
2025-11-02 13:10:00,2794.9
2025-11-02 13:20:00,2882.2285714285717
2025-11-02 13:30:00,3494.442857142857
2025-11-02 13:40:00,3213.316666666667
2025-11-02 13:50:00,3028.8857142857137
2025-11-02 14:00:00,4085.5999999999995
2025-11-02 14:10:00,4641.799999999999
2025-11-02 14:20:00,3946.5571428571425
2025-11-02 14:30:00,3107.100000000001
2025-11-02 14:40:00,2671.1000000000004
2025-11-02 14:50:00,2396.9428571428575
2025-11-02 15:00:00,2583.9
2025-11-02 15:10:00,2989.9666666666667
2025-11-02 15:20:00,3263.2428571428572
2025-11-02 15:30:00,3591.0857142857144
2025-11-02 15:40:00,3298.1166666666663
2025-11-02 15:50:00,2595.9999999999995
2025-11-02 16:00:00,1671.242857142857
2025-11-02 16:10:00,1057.9833333333333
2025-11-02 16:20:00,682.2571428571429
2025-11-02 16:30:00,330.2142857142857
2025-11-02 16:40:00,205.1833333333333
2025-11-02 16:50:00,131.12857142857143
2025-11-02 17:00:00,79.78571428571429
2025-11-02 17:10:00,43.333333333333336
2025-11-02 17:20:00,10.528571428571428
2025-11-02 17:30:00,0.5142857142857143
2025-11-02 17:40:00,0
2025-11-02 17:50:00,0
2025-11-02 18:00:00,0
2025-11-02 18:10:00,0
2025-11-02 18:20:00,0
2025-11-02 18:30:00,0
2025-11-02 18:40:00,0
2025-11-02 18:50:00,0
2025-11-02 19:00:00,0
2025-11-02 19:10:00,0
2025-11-02 19:20:00,0
2025-11-02 19:30:00,0
2025-11-02 19:40:00,0
2025-11-02 19:50:00,0
2025-11-02 20:00:00,0
2025-11-02 20:10:00,0
2025-11-02 20:20:00,0
2025-11-02 20:30:00,0
2025-11-02 20:40:00,0
2025-11-02 20:50:00,0
2025-11-02 21:00:00,0
2025-11-02 21:10:00,0
2025-11-02 21:20:00,0
2025-11-02 21:30:00,0
2025-11-02 21:40:00,0
2025-11-02 21:50:00,0
2025-11-02 22:00:00,0
2025-11-02 22:10:00,0
2025-11-02 22:20:00,0
2025-11-02 22:30:00,0
2025-11-02 22:40:00,0
2025-11-02 22:50:00,0
2025-11-02 23:00:00,0
2025-11-02 23:10:00,0
2025-11-02 23:20:00,0
2025-11-02 23:30:00,0
2025-11-02 23:40:00,0
2025-11-02 23:50:00,0
2025-11-03 00:00:00,0
2025-11-03 00:10:00,0
2025-11-03 00:20:00,0
2025-11-03 00:30:00,0
2025-11-03 00:40:00,0
2025-11-03 00:50:00,0
2025-11-03 01:00:00,0
2025-11-03 01:10:00,0
2025-11-03 01:20:00,0
2025-11-03 01:30:00,0
2025-11-03 01:40:00,0
2025-11-03 01:50:00,0
2025-11-03 02:00:00,0
2025-11-03 02:10:00,0
2025-11-03 02:20:00,0
2025-11-03 02:30:00,0
2025-11-03 02:40:00,0
2025-11-03 02:50:00,0
2025-11-03 03:00:00,0
2025-11-03 03:10:00,0
2025-11-03 03:20:00,0
2025-11-03 03:30:00,0
2025-11-03 03:40:00,0
2025-11-03 03:50:00,0
2025-11-03 04:00:00,0
2025-11-03 04:10:00,0
2025-11-03 04:20:00,0
2025-11-03 04:30:00,0
2025-11-03 04:40:00,0
2025-11-03 04:50:00,0
2025-11-03 05:00:00,0
2025-11-03 05:10:00,0
2025-11-03 05:20:00,3.685714285714286
2025-11-03 05:30:00,30.542857142857144
2025-11-03 05:40:00,104.14999999999999
2025-11-03 05:50:00,228.31428571428572
2025-11-03 06:00:00,518.7285714285714
2025-11-03 06:10:00,1064.1333333333332
2025-11-03 06:20:00,1330.542857142857
2025-11-03 06:30:00,1430.0571428571425
2025-11-03 06:40:00,1815.8666666666668
2025-11-03 06:50:00,2195.785714285714
2025-11-03 07:00:00,2850.4
2025-11-03 07:10:00,3551.5499999999997
2025-11-03 07:20:00,4287.014285714286
2025-11-03 07:30:00,4955.314285714286
2025-11-03 07:40:00,5696.733333333333
2025-11-03 07:50:00,6965.442857142857
2025-11-03 08:00:00,8475.828571428572
2025-11-03 08:10:00,7335
2025-11-03 08:20:00,6325.599999999999
2025-11-03 08:30:00,6436.185714285713
2025-11-03 08:40:00,6762.400000000001
2025-11-03 08:50:00,9279.728571428572
2025-11-03 09:00:00,7974.214285714287
2025-11-03 09:10:00,5032.866666666666
2025-11-03 09:20:00,4420.528571428571
2025-11-03 09:30:00,4695.971428571428
2025-11-03 09:40:00,5586.716666666666
2025-11-03 09:50:00,6855.914285714286
2025-11-03 10:00:00,5271.285714285715
2025-11-03 10:10:00,2783.5499999999997
2025-11-03 10:20:00,3985.5142857142855
2025-11-03 10:30:00,4325.4571428571435
2025-11-03 10:40:00,4662.366666666668
2025-11-03 10:50:00,4442.357142857142
2025-11-03 11:00:00,3438.8000000000006
2025-11-03 11:10:00,3811.4857142857145
2025-11-03 11:20:00,2628.1428571428573
2025-11-03 11:30:00,2966.9166666666665
2025-11-03 11:40:00,3805.157142857143
2025-11-03 11:50:00,3642.6857142857143
2025-11-03 12:00:00,3083.033333333333
2025-11-03 12:20:00,2621.95
2025-11-03 12:30:00,2513.085714285714
2025-11-03 12:40:00,2699.7571428571428
2025-11-03 12:50:00,2644.6833333333334
2025-11-03 13:00:00,2173.928571428571
2025-11-03 13:10:00,2749.014285714286
2025-11-03 13:20:00,2292.316666666666
2025-11-03 13:30:00,2559.671428571429
2025-11-03 13:40:00,3103.4285714285716
2025-11-03 13:50:00,2009.3999999999999
2025-11-03 14:00:00,1845.8285714285716
2025-11-03 14:10:00,2483.6
2025-11-03 14:20:00,2417.35
2025-11-03 14:30:00,1734.7
2025-11-03 14:40:00,1276.2714285714287
2025-11-03 14:50:00,1612.5
2025-11-03 15:00:00,1723.3999999999999
2025-11-03 15:10:00,2208.1428571428573
2025-11-03 15:20:00,3181.4
2025-11-03 15:30:00,2535.714285714286
2025-11-03 15:40:00,1652.2857142857144
2025-11-03 15:50:00,1300.3833333333334
2025-11-03 16:00:00,844.9857142857144
2025-11-03 16:10:00,656.4571428571428
2025-11-03 16:20:00,618.4
2025-11-03 16:30:00,457.1142857142856
2025-11-03 16:40:00,289.9142857142857
2025-11-03 16:50:00,253.4
2025-11-03 17:00:00,150.53333333333333
2025-11-03 17:10:00,67.17142857142856
2025-11-03 17:20:00,17.614285714285717
2025-11-03 17:30:00,2.628571428571429
2025-11-03 17:40:00,0
2025-11-03 17:50:00,0
2025-11-03 18:00:00,0
2025-11-03 18:10:00,0
2025-11-03 18:20:00,0
2025-11-03 18:30:00,0
2025-11-03 18:40:00,0
2025-11-03 18:50:00,0
2025-11-03 19:00:00,0
2025-11-03 19:10:00,0
2025-11-03 19:20:00,0
2025-11-03 19:30:00,0
2025-11-03 19:40:00,0
2025-11-03 19:50:00,0
2025-11-03 20:00:00,0
2025-11-03 20:10:00,0
2025-11-03 20:20:00,0
2025-11-03 20:30:00,0
2025-11-03 20:40:00,0
2025-11-03 20:50:00,0
2025-11-03 21:00:00,0
2025-11-03 21:10:00,0
2025-11-03 21:20:00,0
2025-11-03 21:30:00,0
2025-11-03 21:40:00,0
2025-11-03 21:50:00,0
2025-11-03 22:00:00,0
2025-11-03 22:10:00,0
2025-11-03 22:20:00,0
2025-11-03 22:30:00,0
2025-11-03 22:40:00,0
2025-11-03 22:50:00,0
2025-11-03 23:00:00,0
2025-11-03 23:10:00,0
2025-11-03 23:20:00,0
2025-11-03 23:30:00,0
2025-11-03 23:40:00,0
2025-11-03 23:50:00,0
2025-11-04 00:00:00,0
2025-11-04 00:10:00,0
2025-11-04 00:20:00,0
2025-11-04 00:30:00,0
2025-11-04 00:40:00,0
2025-11-04 00:50:00,0
2025-11-04 01:00:00,0
2025-11-04 01:10:00,0
2025-11-04 01:20:00,0
2025-11-04 01:30:00,0
2025-11-04 01:40:00,0
2025-11-04 01:50:00,0
2025-11-04 02:00:00,0
2025-11-04 02:10:00,0
2025-11-04 02:20:00,0
2025-11-04 02:30:00,0
2025-11-04 02:40:00,0
2025-11-04 02:50:00,0
2025-11-04 03:00:00,0
2025-11-04 03:10:00,0
2025-11-04 03:20:00,0
2025-11-04 03:30:00,0
2025-11-04 03:40:00,0
2025-11-04 03:50:00,0
2025-11-04 04:00:00,0
2025-11-04 04:10:00,0
2025-11-04 04:20:00,0
2025-11-04 04:30:00,0
2025-11-04 04:40:00,0
2025-11-04 04:50:00,0
2025-11-04 05:00:00,0
2025-11-04 05:10:00,0
2025-11-04 05:20:00,4.728571428571429
2025-11-04 05:30:00,43.18571428571429
2025-11-04 05:40:00,153.3
2025-11-04 05:50:00,440.5285714285714
2025-11-04 06:00:00,877.8857142857142
2025-11-04 06:10:00,1190.3833333333334
2025-11-04 06:20:00,1408.7285714285715
2025-11-04 06:30:00,2000.4
2025-11-04 06:40:00,2459.4333333333334
2025-11-04 06:50:00,2566
2025-11-04 07:00:00,2519.6428571428573
2025-11-04 07:10:00,2603.8333333333335
2025-11-04 07:20:00,3228.5
2025-11-04 07:30:00,3650.0714285714284
2025-11-04 07:40:00,4274.683333333333
2025-11-04 07:50:00,5657.842857142858
2025-11-04 08:00:00,5970.671428571429
2025-11-04 08:10:00,6217.416666666667
2025-11-04 08:20:00,6109.414285714287
2025-11-04 08:30:00,6252.928571428572
2025-11-04 08:40:00,6520.633333333332
2025-11-04 08:50:00,5204.128571428571
2025-11-04 09:00:00,4618.785714285714
2025-11-04 09:10:00,5700.383333333332
2025-11-04 09:20:00,6516.242857142856
2025-11-04 09:30:00,6082.814285714286
2025-11-04 09:40:00,5521.633333333334
2025-11-04 09:50:00,3992.1142857142863
2025-11-04 10:00:00,2336.628571428572
2025-11-04 10:10:00,2003.8666666666668
2025-11-04 10:20:00,2238.6857142857143
2025-11-04 10:30:00,2202.3571428571427
2025-11-04 10:40:00,1703.45
2025-11-04 10:50:00,1341.3285714285716
2025-11-04 11:00:00,1352.8999999999999
2025-11-04 11:10:00,1605.7333333333336
2025-11-04 11:20:00,2146.2428571428572
2025-11-04 11:30:00,2979.4
2025-11-04 11:40:00,3656.2999999999997
2025-11-04 11:50:00,3839.6428571428573
2025-11-04 12:00:00,3595.028571428571
2025-11-04 12:10:00,3902.983333333333
2025-11-04 12:20:00,4036.3571428571436
2025-11-04 12:30:00,3861.7714285714283
2025-11-04 12:40:00,4678.95
2025-11-04 12:50:00,5495.371428571429
2025-11-04 13:00:00,6006.999999999999
2025-11-04 13:10:00,6678.233333333334
2025-11-04 13:20:00,7443.871428571429
2025-11-04 13:30:00,3793.0428571428565
2025-11-04 13:40:00,3493.1499999999996
2025-11-04 13:50:00,5266.8
2025-11-04 14:00:00,3801.7285714285713
2025-11-04 14:10:00,4508.766666666667
2025-11-04 14:20:00,3987.128571428571
2025-11-04 14:30:00,2511.7571428571428
2025-11-04 14:40:00,1750.1333333333334
2025-11-04 14:50:00,2407.485714285714
2025-11-04 15:00:00,2232.3857142857146
2025-11-04 15:10:00,2285.566666666666
2025-11-04 15:20:00,2264.7714285714283
2025-11-04 15:30:00,1971.4285714285713
2025-11-04 15:40:00,1499.1166666666668
2025-11-04 15:50:00,2063.6
2025-11-04 16:00:00,1936.6857142857148
2025-11-04 16:10:00,1575.0000000000002
2025-11-04 16:20:00,1063.0000000000002
2025-11-04 16:30:00,548.2285714285714
2025-11-04 16:40:00,364.63333333333327
2025-11-04 16:50:00,244.88571428571433
2025-11-04 17:00:00,130.8857142857143
2025-11-04 17:10:00,59
2025-11-04 17:20:00,20.014285714285712
2025-11-04 17:30:00,1.3142857142857145
2025-11-04 17:40:00,0
2025-11-04 17:50:00,0
2025-11-04 18:00:00,0
2025-11-04 18:10:00,0
2025-11-04 18:20:00,0
2025-11-04 18:30:00,0
2025-11-04 18:40:00,0
2025-11-04 18:50:00,0
2025-11-04 19:00:00,0
2025-11-04 19:10:00,0
2025-11-04 19:20:00,0
2025-11-04 19:30:00,0
2025-11-04 19:40:00,0
2025-11-04 19:50:00,0
2025-11-04 20:00:00,0
2025-11-04 20:10:00,0
2025-11-04 20:20:00,0
2025-11-04 20:30:00,0
2025-11-04 20:40:00,0
2025-11-04 20:50:00,0
2025-11-04 21:00:00,0
2025-11-04 21:10:00,0
2025-11-04 21:20:00,0
2025-11-04 21:30:00,0
2025-11-04 21:40:00,0
2025-11-04 21:50:00,0
2025-11-04 22:00:00,0
2025-11-04 22:10:00,0
2025-11-04 22:20:00,0
2025-11-04 22:30:00,0
2025-11-04 22:40:00,0
2025-11-04 22:50:00,0
2025-11-04 23:00:00,0
2025-11-04 23:10:00,0
2025-11-04 23:20:00,0
2025-11-04 23:30:00,0
2025-11-04 23:40:00,0
2025-11-04 23:50:00,0
2025-11-05 00:00:00,0
2025-11-05 00:10:00,0
2025-11-05 00:20:00,0
2025-11-05 00:30:00,0
2025-11-05 00:40:00,0
2025-11-05 00:50:00,0
2025-11-05 01:00:00,0
2025-11-05 01:10:00,0
2025-11-05 01:20:00,0
2025-11-05 01:30:00,0
2025-11-05 01:40:00,0
2025-11-05 01:50:00,0
2025-11-05 02:00:00,0
2025-11-05 02:10:00,0
2025-11-05 02:20:00,0
2025-11-05 02:30:00,0
2025-11-05 02:40:00,0
2025-11-05 02:50:00,0
2025-11-05 03:00:00,0
2025-11-05 03:10:00,0
2025-11-05 03:20:00,0
2025-11-05 03:30:00,0
2025-11-05 03:40:00,0
2025-11-05 03:50:00,0
2025-11-05 04:00:00,0
2025-11-05 04:10:00,0
2025-11-05 04:20:00,0
2025-11-05 04:30:00,0
2025-11-05 04:40:00,0
2025-11-05 04:50:00,0
2025-11-05 05:00:00,0
2025-11-05 05:10:00,0
2025-11-05 05:20:00,7.1
2025-11-05 05:30:00,58.18571428571429
2025-11-05 05:40:00,182.16666666666666
2025-11-05 05:50:00,393.3999999999999
2025-11-05 06:00:00,662.7714285714285
2025-11-05 06:10:00,812.85
2025-11-05 06:20:00,1067.2
2025-11-05 06:30:00,1687.857142857143
2025-11-05 06:40:00,1845.033333333333
2025-11-05 06:50:00,2486.214285714286
2025-11-05 07:00:00,2685.0142857142855
2025-11-05 07:10:00,2047.1833333333336
2025-11-05 07:20:00,2314.257142857143
2025-11-05 07:30:00,2453.028571428572
2025-11-05 07:40:00,2743
2025-11-05 07:50:00,10098.871428571427
2025-11-05 08:00:00,9804.5
2025-11-05 08:10:00,11402.349999999999
2025-11-05 08:20:00,10046.471428571429
2025-11-05 08:30:00,6187.371428571429
2025-11-05 08:40:00,10084.150000000001
2025-11-05 08:50:00,12093.5
2025-11-05 09:00:00,13524.885714285714
2025-11-05 09:10:00,11888.35
2025-11-05 09:20:00,14726.914285714287
2025-11-05 09:30:00,14473.585714285715
2025-11-05 09:40:00,14632.25
2025-11-05 09:50:00,11470.77142857143
2025-11-05 10:00:00,15819.128571428571
2025-11-05 10:10:00,15683.800000000001
2025-11-05 10:20:00,15678.014285714284
2025-11-05 10:30:00,14957.814285714285
2025-11-05 10:40:00,16361.466666666665
2025-11-05 10:50:00,8314.685714285715
2025-11-05 11:00:00,9800.285714285714
2025-11-05 11:10:00,16429.666666666668
2025-11-05 11:20:00,14870.157142857144
2025-11-05 11:30:00,14777.442857142858
2025-11-05 11:40:00,15570.716666666665
2025-11-05 11:50:00,15294.871428571429
2025-11-05 12:00:00,10390.385714285714
2025-11-05 12:10:00,8655.983333333332
2025-11-05 12:20:00,6470.428571428572
2025-11-05 12:30:00,7412.828571428572
2025-11-05 12:40:00,12424.400000000001
2025-11-05 12:50:00,13941.714285714286
2025-11-05 13:00:00,5112.771428571427
2025-11-05 13:10:00,6428.483333333334
2025-11-05 13:20:00,6175.242857142858
2025-11-05 13:30:00,6402.228571428573
2025-11-05 13:40:00,5205.183333333333
2025-11-05 13:50:00,4803.385714285714
2025-11-05 14:00:00,5176.228571428571
2025-11-05 14:10:00,3375.8333333333335
2025-11-05 14:20:00,2614.7
2025-11-05 14:30:00,4101.928571428572
2025-11-05 14:40:00,4076.5499999999993
2025-11-05 14:50:00,2860.914285714286
2025-11-05 15:00:00,2971.7714285714287
2025-11-05 15:10:00,3043.75
2025-11-05 15:20:00,2627.8857142857146
2025-11-05 15:30:00,2403.233333333333
2025-11-05 15:40:00,1937.4714285714285
2025-11-05 15:50:00,1693.1
2025-11-05 16:00:00,1614.9142857142856
2025-11-05 16:10:00,1432.466666666667
2025-11-05 16:20:00,1120.4
2025-11-05 16:30:00,864.4714285714284
2025-11-05 16:40:00,762.1500000000001
2025-11-05 16:50:00,536.3714285714285
2025-11-05 17:00:00,343.37142857142857
2025-11-05 17:10:00,185.86666666666667
2025-11-05 17:20:00,56.34285714285715
2025-11-05 17:30:00,5.528571428571428
2025-11-05 17:40:00,0
2025-11-05 17:50:00,0
2025-11-05 18:00:00,0
2025-11-05 18:10:00,0
2025-11-05 18:20:00,0
2025-11-05 18:30:00,0
2025-11-05 18:40:00,0
2025-11-05 18:50:00,0
2025-11-05 19:00:00,0
2025-11-05 19:10:00,0
2025-11-05 19:20:00,0
2025-11-05 19:30:00,0
2025-11-05 19:40:00,0
2025-11-05 19:50:00,0
2025-11-05 20:00:00,0
2025-11-05 20:10:00,0
2025-11-05 20:20:00,0
2025-11-05 20:30:00,0
2025-11-05 20:40:00,0
2025-11-05 20:50:00,0
2025-11-05 21:00:00,0
2025-11-05 21:10:00,0
2025-11-05 21:20:00,0
2025-11-05 21:30:00,0
2025-11-05 21:40:00,0
2025-11-05 21:50:00,0
2025-11-05 22:00:00,0
2025-11-05 22:10:00,0
2025-11-05 22:20:00,0
2025-11-05 22:30:00,0
2025-11-05 22:40:00,0
2025-11-05 22:50:00,0
2025-11-05 23:00:00,0
2025-11-05 23:10:00,0
2025-11-05 23:20:00,0
2025-11-05 23:30:00,0
2025-11-05 23:40:00,0
2025-11-05 23:50:00,0
2025-11-06 00:00:00,0
2025-11-06 00:10:00,0
2025-11-06 00:20:00,0
2025-11-06 00:30:00,0
2025-11-06 00:40:00,0
2025-11-06 00:50:00,0
2025-11-06 01:00:00,0
2025-11-06 01:10:00,0
2025-11-06 01:20:00,0
2025-11-06 01:30:00,0
2025-11-06 01:40:00,0
2025-11-06 01:50:00,0
2025-11-06 02:00:00,0
2025-11-06 02:10:00,0
2025-11-06 02:20:00,0
2025-11-06 02:30:00,0
2025-11-06 02:40:00,0
2025-11-06 02:50:00,0
2025-11-06 03:00:00,0
2025-11-06 03:10:00,0
2025-11-06 03:20:00,0
2025-11-06 03:30:00,0
2025-11-06 03:40:00,0
2025-11-06 03:50:00,0
2025-11-06 04:00:00,0
2025-11-06 04:10:00,0
2025-11-06 04:20:00,0
2025-11-06 04:30:00,0
2025-11-06 04:40:00,0
2025-11-06 04:50:00,0
2025-11-06 05:00:00,0
2025-11-06 05:10:00,0
2025-11-06 05:20:00,7.366666666666667
2025-11-06 05:30:00,62.65714285714286
2025-11-06 05:40:00,206.42857142857142
2025-11-06 05:50:00,373.25
2025-11-06 06:00:00,525.8571428571429
2025-11-06 06:10:00,655.1285714285715
2025-11-06 06:20:00,764.3166666666667
2025-11-06 06:30:00,1021.157142857143
2025-11-06 06:40:00,1235.4857142857143
2025-11-06 06:50:00,1436.7666666666667
2025-11-06 07:00:00,1697.857142857143
2025-11-06 07:10:00,1850.5571428571427
2025-11-06 07:20:00,2057.9166666666665
2025-11-06 07:30:00,2106.5285714285715
2025-11-06 07:40:00,2537.828571428571
2025-11-06 07:50:00,10667.216666666667
2025-11-06 08:00:00,10084.685714285715
2025-11-06 08:10:00,11734.585714285713
2025-11-06 08:20:00,12331.016666666668
2025-11-06 08:30:00,12822.614285714286
2025-11-06 08:40:00,13343.457142857142
2025-11-06 08:50:00,12291.383333333333
2025-11-06 09:00:00,14010.685714285715
2025-11-06 09:10:00,14348.257142857145
2025-11-06 09:20:00,10717.916666666666
2025-11-06 09:30:00,4971.642857142857
2025-11-06 09:40:00,4588.771428571429
2025-11-06 09:50:00,2319.35
2025-11-06 10:00:00,1267.0857142857142
2025-11-06 10:10:00,1024.557142857143
2025-11-06 10:20:00,912.3833333333333
2025-11-06 10:30:00,821.2714285714285
2025-11-06 10:40:00,758.3571428571429
2025-11-06 10:50:00,740.0500000000001
2025-11-06 11:00:00,709.1
2025-11-06 11:10:00,758.8857142857144
2025-11-06 11:20:00,817.7666666666668
2025-11-06 11:30:00,982.4142857142857
2025-11-06 11:40:00,636.4428571428572
2025-11-06 11:50:00,872.1333333333333
2025-11-06 12:00:00,1064.5857142857144
2025-11-06 12:10:00,1136.2142857142856
2025-11-06 12:20:00,1240.1499999999999
2025-11-06 12:30:00,1380.8
2025-11-06 12:40:00,1460.6
2025-11-06 12:50:00,1343.7
2025-11-06 13:00:00,1406.6142857142856
2025-11-06 13:10:00,1428.2285714285713
2025-11-06 13:20:00,1403.6000000000001
2025-11-06 13:30:00,1640.2000000000003
2025-11-06 13:40:00,1317.8999999999999
2025-11-06 13:50:00,1049.0833333333333
2025-11-06 14:00:00,938.4714285714286
2025-11-06 14:10:00,1312.3714285714286
2025-11-06 14:20:00,1090.8666666666668
2025-11-06 14:30:00,1223.8857142857141
2025-11-06 14:40:00,1204.9285714285718
2025-11-06 14:50:00,856.4666666666666
2025-11-06 15:00:00,945.0285714285714
2025-11-06 15:10:00,606.9428571428572
2025-11-06 15:20:00,743.4499999999999
2025-11-06 15:30:00,749.9142857142857
2025-11-06 15:40:00,702
2025-11-06 15:50:00,552.05
2025-11-06 16:00:00,364.97142857142853
2025-11-06 16:10:00,425.7714285714286
2025-11-06 16:20:00,332.7
2025-11-06 16:30:00,250.1285714285714
2025-11-06 16:40:00,205.4
2025-11-06 16:50:00,158.51666666666668
2025-11-06 17:00:00,96.9
2025-11-06 17:10:00,42.39999999999999
2025-11-06 17:20:00,13.200000000000003
2025-11-06 17:30:00,1.5714285714285714
2025-11-06 17:40:00,0
2025-11-06 17:50:00,0
2025-11-06 18:00:00,0.2571428571428572
2025-11-06 18:10:00,0
2025-11-06 18:20:00,0
2025-11-06 18:30:00,0
2025-11-06 18:40:00,0
2025-11-06 18:50:00,0
2025-11-06 19:00:00,0
2025-11-06 19:10:00,0
2025-11-06 19:20:00,0
2025-11-06 19:30:00,0
2025-11-06 19:40:00,0
2025-11-06 19:50:00,0
2025-11-06 20:00:00,0
2025-11-07 05:40:00,20.26666666666667
2025-11-07 05:50:00,35.03333333333333
2025-11-07 06:00:00,51.625
2026-01-03 10:00:00,0
2026-01-03 17:30:00,53.45
2026-01-03 17:40:00,57.099999999999994
2026-01-03 17:50:00,2.75
2026-01-03 18:30:00,18.439999999999998
2026-01-03 18:40:00,0
2026-01-03 18:50:00,0
2026-01-03 19:00:00,0
2026-01-03 19:10:00,0
2026-01-03 19:20:00,0
2026-01-03 19:30:00,0
2026-01-03 19:40:00,0
2026-01-03 19:50:00,0
2026-01-03 20:00:00,0
2026-01-03 20:10:00,0
2026-01-03 20:20:00,0
2026-01-03 20:30:00,0
2026-01-03 20:40:00,0
2026-01-03 20:50:00,0
2026-01-03 21:00:00,0
2026-01-03 21:10:00,0
2026-01-03 21:20:00,0
2026-01-03 21:30:00,0
2026-01-03 21:40:00,0
2026-01-03 21:50:00,0
2026-01-03 22:00:00,0
2026-01-03 22:10:00,0
2026-01-03 22:20:00,0
2026-01-03 22:30:00,0
2026-01-03 22:40:00,0
2026-01-03 22:50:00,0
2026-01-03 23:00:00,0
2026-01-03 23:10:00,0
2026-01-03 23:20:00,0
2026-01-03 23:30:00,0
2026-01-03 23:40:00,0
2026-01-03 23:50:00,0
2026-01-04 00:00:00,0
2026-01-04 00:10:00,0
2026-01-04 00:20:00,0
2026-01-04 00:30:00,0
2026-01-04 00:40:00,0
2026-01-04 00:50:00,0
2026-01-04 01:00:00,0
2026-01-04 01:10:00,0
2026-01-04 01:20:00,0
2026-01-04 01:30:00,0
2026-01-04 01:40:00,0
2026-01-04 01:50:00,0
2026-01-04 02:00:00,0
2026-01-04 02:10:00,0
2026-01-04 02:20:00,0
2026-01-04 02:30:00,0
2026-01-04 02:40:00,0
2026-01-04 02:50:00,0
2026-01-04 03:00:00,0
2026-01-04 03:10:00,0
2026-01-04 03:20:00,0
2026-01-04 03:30:00,0
2026-01-04 03:40:00,0
2026-01-04 03:50:00,0
2026-01-04 04:00:00,0
2026-01-04 04:10:00,0
2026-01-04 04:20:00,0
2026-01-04 04:30:00,0
2026-01-04 04:40:00,0
2026-01-04 04:50:00,0
2026-01-04 05:00:00,0
2026-01-04 05:10:00,0
2026-01-04 05:20:00,0
2026-01-04 05:30:00,0
2026-01-04 05:40:00,2.75
2026-01-04 05:50:00,51.6
2026-01-04 06:00:00,230.39999999999998
2026-01-04 06:10:00,530.1999999999999
2026-01-04 06:20:00,796.3
2026-01-04 06:30:00,1097.3
2026-01-04 06:40:00,1391.65
2026-01-04 06:50:00,1577.7666666666667
2026-01-04 07:00:00,1778.7
2026-01-04 07:10:00,3292.566666666667
2026-01-04 07:20:00,7861.25
2026-01-04 07:30:00,8817.233333333332
2026-01-04 07:40:00,9952.349999999999
2026-01-04 07:50:00,7930.066666666667
2026-01-04 08:00:00,8268.6
2026-01-04 08:10:00,9808.9
2026-01-04 08:20:00,9424.3
2026-01-04 08:30:00,11218.333333333334
2026-01-04 08:40:00,13274.75
2026-01-04 08:50:00,10986.733333333332
2026-01-04 09:00:00,9024.3
2026-01-04 09:10:00,8056.033333333334
2026-01-04 09:20:00,9990.150000000001
2026-01-04 09:30:00,16490.533333333333
2026-01-04 09:40:00,15438.65
2026-01-04 09:50:00,13485.466666666667
2026-01-04 10:00:00,15980.550000000001
2026-01-04 10:10:00,17635.133333333335
2026-01-04 10:20:00,17265.25
2026-01-04 10:30:00,15409.766666666668
2026-01-04 10:40:00,18639.35
2026-01-04 10:50:00,16765.133333333335
2026-01-04 11:00:00,17037.6
2026-01-04 11:10:00,16330.733333333335
2026-01-04 11:20:00,13045.25
2026-01-04 11:30:00,18690.033333333333
2026-01-04 11:40:00,17621.9
2026-01-04 11:50:00,16977.100000000002
2026-01-04 12:00:00,18404.35
2026-01-04 12:10:00,17723.600000000002
2026-01-04 12:20:00,17905.800000000003
2026-01-04 12:30:00,18143.86666666667
2026-01-04 12:40:00,17384.15
2026-01-04 12:50:00,17803.500000000004
2026-01-04 13:00:00,17261.55
2026-01-04 13:10:00,17092
2026-01-04 13:20:00,17066.2
2026-01-04 13:30:00,16863.433333333334
2026-01-04 13:40:00,14976
2026-01-04 13:50:00,14405.199999999999
2026-01-04 14:00:00,13699.55
2026-01-04 14:10:00,15106.866666666667
2026-01-04 14:20:00,15192.6
2026-01-04 14:30:00,14474.033333333335
2026-01-04 14:40:00,13900.5
2026-01-04 14:50:00,13329.4
2026-01-04 15:00:00,12786.25
2026-01-04 15:10:00,12206.266666666668
2026-01-04 15:20:00,11664.7
2026-01-04 15:30:00,11073.333333333334
2026-01-04 15:40:00,10380.900000000001
2026-01-04 15:50:00,9769.566666666668
2026-01-04 16:00:00,9097.099999999999
2026-01-04 16:10:00,8286.4
2026-01-04 16:20:00,7995.8
2026-01-04 16:30:00,6693.266666666667
2026-01-04 16:40:00,4694.65
2026-01-04 16:50:00,2705.8
2026-01-04 17:00:00,1537.25
2026-01-04 17:10:00,1094.8999999999999
2026-01-04 17:20:00,648.8
2026-01-04 17:30:00,293.7
2026-01-04 17:40:00,84.8
2026-01-04 17:50:00,10.433333333333334
2026-01-04 18:00:00,0
2026-01-04 18:10:00,0
2026-01-04 18:20:00,0
2026-01-04 18:30:00,0
2026-01-04 18:40:00,0
2026-01-04 18:50:00,0
2026-01-04 19:00:00,0
2026-01-04 19:10:00,0
2026-01-04 19:20:00,0
2026-01-04 19:30:00,0
2026-01-04 19:40:00,0
2026-01-04 19:50:00,0
2026-01-04 20:00:00,0
2026-01-04 20:10:00,0
2026-01-04 20:20:00,0
2026-01-04 20:30:00,0
2026-01-04 20:40:00,0
2026-01-04 20:50:00,0
2026-01-04 21:00:00,0
2026-01-04 21:10:00,0
2026-01-04 21:20:00,0
2026-01-04 21:30:00,0
2026-01-04 21:40:00,0
2026-01-04 21:50:00,0
2026-01-04 22:00:00,0
2026-01-04 22:10:00,0
2026-01-04 22:20:00,0
2026-01-04 22:30:00,0
2026-01-04 22:40:00,0
2026-01-04 22:50:00,0
2026-01-04 23:00:00,0
2026-01-04 23:10:00,0
2026-01-04 23:20:00,0
2026-01-04 23:30:00,0
2026-01-04 23:40:00,0
2026-01-04 23:50:00,0
2026-01-05 00:00:00,0
2026-01-05 00:10:00,0
2026-01-05 00:20:00,0
2026-01-05 00:30:00,0
2026-01-05 00:40:00,0
2026-01-05 00:50:00,0
2026-01-05 01:00:00,0
2026-01-05 01:10:00,0
2026-01-05 01:20:00,0
2026-01-05 01:30:00,0
2026-01-05 01:40:00,0
2026-01-05 01:50:00,0
2026-01-05 02:00:00,0
2026-01-05 02:10:00,0
2026-01-05 02:20:00,0
2026-01-05 02:30:00,0
2026-01-05 02:40:00,0
2026-01-05 02:50:00,0
2026-01-05 03:00:00,0
2026-01-05 03:10:00,0
2026-01-05 03:20:00,0
2026-01-05 03:30:00,0
2026-01-05 03:40:00,0
2026-01-05 03:50:00,0
2026-01-05 04:00:00,0
2026-01-05 04:10:00,0
2026-01-05 04:20:00,0
2026-01-05 04:30:00,0
2026-01-05 04:40:00,0
2026-01-05 04:50:00,0
2026-01-05 05:00:00,0
2026-01-05 05:10:00,0
2026-01-05 05:20:00,0
2026-01-05 05:30:00,0
2026-01-05 05:40:00,1.8333333333333333
2026-01-05 05:50:00,32.25
2026-01-05 06:00:00,186.16666666666666
2026-01-05 06:10:00,363.1
2026-01-05 06:20:00,716.4
2026-01-05 06:30:00,1549.2
2026-01-05 06:40:00,2312
2026-01-05 06:50:00,2786.9
2026-01-05 07:00:00,2796.1
2026-01-05 07:10:00,3952.75
2026-01-05 07:20:00,4158.266666666666
2026-01-05 07:30:00,4703.85
2026-01-05 07:40:00,4044.6
2026-01-05 07:50:00,7391.25
2026-01-05 08:00:00,9564.966666666667
2026-01-05 08:10:00,7982.9
2026-01-05 08:20:00,8982.533333333335
2026-01-05 08:30:00,7144.25
2026-01-05 08:40:00,7825
2026-01-05 08:50:00,7827.15
2026-01-05 09:00:00,8264.9
2026-01-05 09:10:00,6027.3
2026-01-05 09:20:00,5600.866666666666
2026-01-05 09:30:00,5512.1
2026-01-05 09:40:00,4652.866666666667
2026-01-05 09:50:00,4325.049999999999
2026-01-05 10:00:00,4208.633333333333
2026-01-05 10:10:00,4768.4
2026-01-05 10:20:00,5204.566666666667
2026-01-05 10:30:00,4557.35
2026-01-05 10:40:00,4524.466666666666
2026-01-05 10:50:00,4762.85
2026-01-05 11:00:00,6230.633333333332
2026-01-05 11:10:00,6474.25
2026-01-05 11:20:00,5241.466666666667
2026-01-05 11:30:00,4920.45
2026-01-05 11:40:00,7631.433333333334
2026-01-05 11:50:00,7695.35
2026-01-05 12:00:00,5985.466666666667
2026-01-05 12:10:00,6544.3
2026-01-05 12:20:00,8250.8
2026-01-05 12:30:00,7389.4
2026-01-05 12:40:00,6808.766666666666
2026-01-05 12:50:00,6705.55
2026-01-05 13:00:00,7229.033333333333
2026-01-05 13:10:00,9323.8
2026-01-05 13:20:00,8364.433333333334
2026-01-05 13:30:00,7991.200000000001
2026-01-05 13:40:00,6764.533333333333
2026-01-05 13:50:00,5265.1
2026-01-05 14:00:00,4206.166666666667
2026-01-05 14:10:00,4272.549999999999
2026-01-05 14:20:00,5522.833333333333
2026-01-05 14:30:00,5295.5
2026-01-05 14:40:00,6558.099999999999
2026-01-05 14:50:00,7530.4
2026-01-05 15:00:00,6856.7
2026-01-05 15:10:00,5525
2026-01-05 15:20:00,3346.633333333333
2026-01-05 15:30:00,2327.05
2026-01-05 15:40:00,3132.8000000000006
2026-01-05 15:50:00,3244
2026-01-05 16:00:00,2404.1333333333337
2026-01-05 16:10:00,2384.15
2026-01-05 16:20:00,1365.8
2026-01-05 16:30:00,1047.85
2026-01-05 16:40:00,1414.3333333333333
2026-01-05 16:50:00,1475.5
2026-01-05 17:00:00,704.1
2026-01-05 17:10:00,271.9
2026-01-05 17:20:00,138.83333333333334
2026-01-05 17:30:00,71.9
2026-01-05 17:40:00,23.96666666666667
2026-01-05 17:50:00,3.65
2026-01-05 18:00:00,0
2026-01-05 18:10:00,0
2026-01-05 18:20:00,0
2026-01-05 18:30:00,0
2026-01-05 18:40:00,0
2026-01-05 18:50:00,0
2026-01-05 19:00:00,0
2026-01-05 19:10:00,0
2026-01-05 19:20:00,0
2026-01-05 19:30:00,0
2026-01-05 19:40:00,0
2026-01-05 19:50:00,0
2026-01-05 20:00:00,0
2026-01-05 20:10:00,0
2026-01-05 20:20:00,0
2026-01-05 20:30:00,0
2026-01-05 20:40:00,0
2026-01-05 20:50:00,0
2026-01-05 21:00:00,0
2026-01-05 21:10:00,0
2026-01-05 21:20:00,0
2026-01-05 21:30:00,0
2026-01-05 21:40:00,0
2026-01-05 21:50:00,0
2026-01-05 22:00:00,0
2026-01-05 22:10:00,0
2026-01-05 22:20:00,0
2026-01-05 22:30:00,0
2026-01-05 22:40:00,0
2026-01-05 22:50:00,0
2026-01-05 23:00:00,0
2026-01-05 23:10:00,0
2026-01-05 23:20:00,0
2026-01-05 23:30:00,0
2026-01-05 23:40:00,0
2026-01-05 23:50:00,0
2026-01-06 00:00:00,0
2026-01-06 00:10:00,0
2026-01-06 00:20:00,0
2026-01-06 00:30:00,0
2026-01-06 00:40:00,0
2026-01-06 00:50:00,0
2026-01-06 01:00:00,0
2026-01-06 01:10:00,0
2026-01-06 01:20:00,0
2026-01-06 01:30:00,0
2026-01-06 01:40:00,0
2026-01-06 01:50:00,0
2026-01-06 02:00:00,0
2026-01-06 02:10:00,0
2026-01-06 02:20:00,0
2026-01-06 02:30:00,0
2026-01-06 02:40:00,0
2026-01-06 02:50:00,0
2026-01-06 03:00:00,0
2026-01-06 03:10:00,0
2026-01-06 03:20:00,0
2026-01-06 03:30:00,0
2026-01-06 03:40:00,0
2026-01-06 03:50:00,0
2026-01-06 04:00:00,0
2026-01-06 04:10:00,0
2026-01-06 04:20:00,0
2026-01-06 04:30:00,0
2026-01-06 04:40:00,0
2026-01-06 04:50:00,0
2026-01-06 05:00:00,0
2026-01-06 05:10:00,0
2026-01-06 05:20:00,0
2026-01-06 05:30:00,0
2026-01-06 05:40:00,3.65
2026-01-06 05:50:00,49.13333333333333
2026-01-06 06:00:00,204.6
2026-01-06 06:10:00,481.0666666666666
2026-01-06 06:20:00,792.55
2026-01-06 06:30:00,1283.5
2026-01-06 06:40:00,2447.75
2026-01-06 06:50:00,3110.7000000000003
2026-01-06 07:00:00,2986.8999999999996
2026-01-06 07:10:00,2012.1666666666667
2026-01-06 07:20:00,2012.8
2026-01-06 07:30:00,5089.099999999999
2026-01-06 07:40:00,9966.2
2026-01-06 07:50:00,6496.666666666667
2026-01-06 08:00:00,6283.45
2026-01-06 08:10:00,5946.166666666667
2026-01-06 08:20:00,6994.950000000001
2026-01-06 08:30:00,10128.966666666667
2026-01-06 08:40:00,9292.5
2026-01-06 08:50:00,6891.133333333334
2026-01-06 09:00:00,7463.1
2026-01-06 09:10:00,9149.666666666666
2026-01-06 09:20:00,13753.05
2026-01-06 09:30:00,13169.066666666666
2026-01-06 09:40:00,14434.099999999999
2026-01-06 09:50:00,10938.766666666668
2026-01-06 10:00:00,13268.3
2026-01-06 10:10:00,10830.033333333335
2026-01-06 10:20:00,9521.05
2026-01-06 10:30:00,8361.4
2026-01-06 10:40:00,12323.65
2026-01-06 10:50:00,9031.666666666666
2026-01-06 11:00:00,9739.45
2026-01-06 11:10:00,10252.325
2026-01-06 11:20:00,9181
2026-01-06 11:30:00,8892.199999999999
2026-01-06 11:40:00,9962.5
2026-01-06 11:50:00,17169.43333333333
2026-01-06 12:00:00,9998.45
2026-01-06 12:10:00,12273.866666666669
2026-01-06 12:20:00,19613.5
2026-01-06 12:30:00,19059.3
2026-01-06 12:40:00,14426.75
2026-01-06 12:50:00,17063.13333333333
2026-01-06 13:00:00,17950
2026-01-06 13:10:00,14658.966666666665
2026-01-06 13:20:00,16110.5
2026-01-06 13:30:00,16923.63333333333
2026-01-06 13:40:00,15544.65
2026-01-06 13:50:00,16666.2
2026-01-06 14:00:00,10687.8
2026-01-06 14:10:00,15733.566666666666
2026-01-06 14:20:00,14748.4
2026-01-06 14:30:00,8964.733333333334
2026-01-06 14:40:00,8406.8
2026-01-06 14:50:00,10296.733333333334
2026-01-06 15:00:00,9845.45
2026-01-06 15:10:00,8884.233333333334
2026-01-06 15:20:00,6648.4
2026-01-06 15:30:00,9493.066666666666
2026-01-06 15:40:00,9897.05
2026-01-06 15:50:00,9803.966666666667
2026-01-06 16:00:00,8382.9
2026-01-06 16:10:00,7398.599999999999
2026-01-06 16:20:00,4928.7
2026-01-06 16:30:00,2135.6666666666665
2026-01-06 16:40:00,1939.95
2026-01-06 16:50:00,1770.0666666666666
2026-01-06 17:00:00,880.0999999999999
2026-01-06 17:10:00,514.9
2026-01-06 17:20:00,419.35
2026-01-06 17:30:00,232.23333333333332
2026-01-06 17:40:00,71.9
2026-01-06 17:50:00,10.433333333333334
2026-01-06 18:00:00,0
2026-01-06 18:10:00,0
2026-01-06 18:20:00,0
2026-01-06 18:30:00,0
2026-01-06 18:40:00,0
2026-01-06 18:50:00,0
2026-01-06 19:00:00,0
2026-01-06 19:10:00,0
2026-01-06 19:20:00,0
2026-01-06 19:30:00,0
2026-01-06 19:40:00,0
2026-01-06 19:50:00,0
2026-01-06 20:00:00,0
2026-01-06 20:10:00,0
2026-01-06 20:20:00,0
2026-01-06 20:30:00,0
2026-01-06 20:40:00,0
2026-01-06 20:50:00,0
2026-01-06 21:00:00,0
2026-01-06 21:10:00,0
2026-01-06 21:20:00,0
2026-01-06 21:30:00,0
2026-01-06 21:40:00,0
2026-01-06 21:50:00,0
2026-01-06 22:00:00,0
2026-01-06 22:10:00,0
2026-01-06 22:20:00,0
2026-01-06 22:30:00,0
2026-01-06 22:40:00,0
2026-01-06 22:50:00,0
2026-01-06 23:00:00,0
2026-01-06 23:10:00,0
2026-01-06 23:20:00,0
2026-01-06 23:30:00,0
2026-01-06 23:40:00,0
2026-01-06 23:50:00,0
2026-01-07 00:00:00,0
2026-01-07 00:10:00,0
2026-01-07 00:20:00,0
2026-01-07 00:30:00,0
2026-01-07 00:40:00,0
2026-01-07 00:50:00,0
2026-01-07 01:00:00,0
2026-01-07 01:10:00,0
2026-01-07 01:20:00,0
2026-01-07 01:30:00,0
2026-01-07 01:40:00,0
2026-01-07 01:50:00,0
2026-01-07 02:00:00,0
2026-01-07 02:10:00,0
2026-01-07 02:20:00,0
2026-01-07 02:30:00,0
2026-01-07 02:40:00,0
2026-01-07 02:50:00,0
2026-01-07 03:00:00,0
2026-01-07 03:10:00,0
2026-01-07 03:20:00,0
2026-01-07 03:30:00,0
2026-01-07 03:40:00,0
2026-01-07 03:50:00,0
2026-01-07 04:00:00,0
2026-01-07 04:10:00,0
2026-01-07 04:20:00,0
2026-01-07 04:30:00,0
2026-01-07 04:40:00,0
2026-01-07 04:50:00,0
2026-01-07 05:00:00,0
2026-01-07 05:10:00,0
2026-01-07 05:20:00,0
2026-01-07 05:30:00,0
2026-01-07 05:40:00,4.6000000000000005
2026-01-07 05:50:00,40.53333333333333
2026-01-07 06:00:00,164.05
2026-01-07 06:10:00,587.3666666666667
2026-01-07 06:20:00,1024.8
2026-01-07 06:30:00,1828.4333333333334
2026-01-07 06:40:00,2377.7
2026-01-07 06:50:00,2045.3333333333333
2026-01-07 07:00:00,2028.4
2026-01-07 07:10:00,2900.566666666667
2026-01-07 07:20:00,3200.7
2026-01-07 07:30:00,3189.9666666666667
2026-01-07 07:40:00,4162.85
2026-01-07 07:50:00,5919.133333333334
2026-01-07 08:00:00,6371.95
2026-01-07 08:10:00,7516.533333333333
2026-01-07 08:20:00,6969.15
2026-01-07 08:30:00,6269.966666666667
2026-01-07 08:40:00,5479.85
2026-01-07 08:50:00,6360.900000000001
2026-01-07 09:00:00,7735
2026-01-07 09:10:00,7366.666666666667
2026-01-07 09:20:00,9780
2026-01-07 09:30:00,9298.333333333334
2026-01-07 09:40:00,7856.65
2026-01-07 09:50:00,7944.2
2026-01-07 10:00:00,12925.45
2026-01-07 10:10:00,12435.433333333334
2026-01-07 10:20:00,9807.65
2026-01-07 10:30:00,13953.95
2026-01-07 10:40:00,9923.199999999999
2026-01-07 10:50:00,10133.9
2026-01-07 11:00:00,12007.233333333332
2026-01-07 11:10:00,18993.25
2026-01-07 11:20:00,11957.466666666667
2026-01-07 11:30:00,14473.75
2026-01-07 11:40:00,15436.800000000001
2026-01-07 11:50:00,10532.05
2026-01-07 12:00:00,11230
2026-01-07 12:10:00,14103.25
2026-01-07 12:20:00,14701.966666666667
2026-01-07 12:30:00,10988.25
2026-01-07 12:40:00,14560.666666666666
2026-01-07 12:50:00,17683.65
2026-01-07 13:00:00,14432.266666666668
2026-01-07 13:10:00,16905.8
2026-01-07 13:20:00,16690.8
2026-01-07 13:30:00,16344.6
2026-01-07 13:40:00,16131.699999999999
2026-01-07 13:50:00,15821.1
2026-01-07 14:00:00,15858.866666666667
2026-01-07 14:10:00,15416.5
2026-01-07 14:20:00,15632.200000000003
2026-01-07 14:30:00,11619.55
2026-01-07 14:40:00,10113.633333333333
2026-01-07 14:50:00,7225.35
2026-01-07 15:00:00,10893.933333333334
2026-01-07 15:10:00,13765
2026-01-07 15:20:00,9329.666666666666
2026-01-07 15:30:00,12306.150000000001
2026-01-07 15:40:00,11260.699999999999
2026-01-07 15:50:00,8544.2
2026-01-07 16:00:00,10086.566666666666
2026-01-07 16:10:00,9652.849999999999
2026-01-07 16:20:00,8274.133333333333
2026-01-07 16:30:00,6972.85
2026-01-07 16:40:00,6036.466666666666
2026-01-07 16:50:00,3262.5
2026-01-07 17:00:00,1189.5
2026-01-07 17:10:00,645.1
2026-01-07 17:20:00,420.8333333333333
2026-01-07 17:30:00,259
2026-01-07 17:40:00,87.26666666666667
2026-01-07 17:50:00,13.799999999999999
2026-01-07 18:00:00,0.6
2026-01-07 18:10:00,0
2026-01-07 18:20:00,0
2026-01-07 18:30:00,0
2026-01-07 18:40:00,0
2026-01-07 18:50:00,0
2026-01-07 19:00:00,0
2026-01-07 19:10:00,0
2026-01-07 19:20:00,0
2026-01-07 19:30:00,0
2026-01-07 19:40:00,0
2026-01-07 19:50:00,0
2026-01-07 20:00:00,0
2026-01-07 20:10:00,0
2026-01-07 20:20:00,0
2026-01-07 20:30:00,0
2026-01-07 20:40:00,0
2026-01-07 20:50:00,0
2026-01-07 21:00:00,0
2026-01-07 21:10:00,0
2026-01-07 21:20:00,0
2026-01-07 21:30:00,0
2026-01-07 21:40:00,0
2026-01-07 21:50:00,0
2026-01-07 22:00:00,0
2026-01-07 22:10:00,0
2026-01-07 22:20:00,0
2026-01-07 22:30:00,0
2026-01-07 22:40:00,0
2026-01-07 22:50:00,0
2026-01-07 23:00:00,0
2026-01-07 23:10:00,0
2026-01-07 23:20:00,0
2026-01-07 23:30:00,0
2026-01-07 23:40:00,0
2026-01-07 23:50:00,0
2026-01-08 00:00:00,0
2026-01-08 00:10:00,0
2026-01-08 00:20:00,0
2026-01-08 00:30:00,0
2026-01-08 00:40:00,0
2026-01-08 00:50:00,0
2026-01-08 01:00:00,0
2026-01-08 01:10:00,0
2026-01-08 01:20:00,0
2026-01-08 01:30:00,0
2026-01-08 01:40:00,0
2026-01-08 01:50:00,0
2026-01-08 02:00:00,0
2026-01-08 02:10:00,0
2026-01-08 02:20:00,0
2026-01-08 02:30:00,0
2026-01-08 02:40:00,0
2026-01-08 02:50:00,0
2026-01-08 03:00:00,0
2026-01-08 03:10:00,0
2026-01-08 03:20:00,0
2026-01-08 03:30:00,0
2026-01-08 03:40:00,0
2026-01-08 03:50:00,0
2026-01-08 04:00:00,0
2026-01-08 04:10:00,0
2026-01-08 04:20:00,0
2026-01-08 04:30:00,0
2026-01-08 04:40:00,0
2026-01-08 04:50:00,0
2026-01-08 05:00:00,0
2026-01-08 05:10:00,0
2026-01-08 05:20:00,0
2026-01-08 05:30:00,0
2026-01-08 05:40:00,3.6666666666666665
2026-01-08 05:50:00,38.7
2026-01-08 06:00:00,202.73333333333335
2026-01-08 06:10:00,492.15
2026-01-08 06:20:00,820.2333333333332
2026-01-08 06:30:00,1101.3
2026-01-08 06:40:00,1324.0333333333335
2026-01-08 06:50:00,1493.9
2026-01-08 07:00:00,1732.6000000000001
2026-01-08 07:10:00,2238.55
2026-01-08 07:20:00,6810.633333333334
2026-01-08 07:30:00,7800.45
2026-01-08 07:40:00,8587.5
2026-01-08 07:50:00,9356.05
2026-01-08 08:00:00,10064.466666666667
2026-01-08 08:10:00,10533
2026-01-08 08:20:00,11143.4
2026-01-08 08:30:00,11663.75
2026-01-08 08:40:00,12160.199999999999
2026-01-08 08:50:00,12664.6
2026-01-08 09:00:00,13142.633333333333
2026-01-08 09:10:00,4726.85
2026-01-08 09:20:00,12766
2026-01-08 09:30:00,14506.9
2026-01-08 09:40:00,15016.533333333335
2026-01-08 09:50:00,15459.85
2026-01-08 10:00:00,15775.333333333334
2026-01-08 10:10:00,16191.6
2026-01-08 10:20:00,16280.333333333334
2026-01-08 10:30:00,14829.5
2026-01-08 10:40:00,17203.199999999997
2026-01-08 10:50:00,17031.199999999997
2026-01-08 11:00:00,17044.7
2026-01-08 11:10:00,17102.15
2026-01-08 11:20:00,17192.733333333334
2026-01-08 11:30:00,16335.35
2026-01-08 11:40:00,16486.8
2026-01-08 11:50:00,17396.1
2026-01-08 12:00:00,16585.1
2026-01-08 12:10:00,16128
2026-01-08 12:20:00,15846
2026-01-08 12:30:00,17393.35
2026-01-08 12:40:00,17265.899999999998
2026-01-08 12:50:00,15130.849999999999
2026-01-08 13:00:00,17746.966666666664
2026-01-08 13:10:00,13542
2026-01-08 13:20:00,13515.533333333335
2026-01-08 13:30:00,13164.15
2026-01-08 13:40:00,14216.6
2026-01-08 13:50:00,14482.95
2026-01-08 14:00:00,13991.766666666668
2026-01-08 14:10:00,13858.1
2026-01-08 14:20:00,14179.133333333331
2026-01-08 14:30:00,13943.85
2026-01-08 14:40:00,13776.066666666666
2026-01-08 14:50:00,9870.35
2026-01-08 15:00:00,11436.466666666667
2026-01-08 15:10:00,12360.5
2026-01-08 15:20:00,9490.666666666666
2026-01-08 15:30:00,10109.05
2026-01-08 15:40:00,5172
2026-01-08 15:50:00,4964.65
2026-01-08 16:00:00,6927.966666666667
2026-01-08 16:10:00,4510.299999999999
2026-01-08 16:20:00,5661.7
2026-01-08 16:30:00,3372.1
2026-01-08 16:40:00,2587.8333333333335
2026-01-08 16:50:00,2133.5
2026-01-08 17:00:00,1975.3
2026-01-08 17:10:00,1195.3
2026-01-08 17:20:00,626.0666666666667
2026-01-08 17:30:00,277.4
2026-01-08 17:40:00,81.73333333333333
2026-01-08 17:50:00,9.2
2026-01-08 18:00:00,0
2026-01-08 18:10:00,0
2026-01-08 18:20:00,0
2026-01-08 18:30:00,0
2026-01-08 18:40:00,0
2026-01-08 18:50:00,0
2026-01-08 19:00:00,0
2026-01-08 19:10:00,0
2026-01-08 19:20:00,0
2026-01-08 19:30:00,0
2026-01-08 19:40:00,0
2026-01-08 19:50:00,0
2026-01-08 20:00:00,0
2026-01-08 20:10:00,0
2026-01-08 20:20:00,0
2026-01-08 20:30:00,0
2026-01-08 20:40:00,0
2026-01-08 20:50:00,0
2026-01-08 21:00:00,0
2026-01-08 21:10:00,0
2026-01-08 21:20:00,0
2026-01-08 21:30:00,0
2026-01-08 21:40:00,0
2026-01-08 21:50:00,0
2026-01-08 22:00:00,0
2026-01-08 22:10:00,0
2026-01-08 22:20:00,0
2026-01-08 22:30:00,0
2026-01-08 22:40:00,0
2026-01-08 22:50:00,0
2026-01-08 23:00:00,0
2026-01-08 23:10:00,0
2026-01-08 23:20:00,0
2026-01-08 23:30:00,0
2026-01-08 23:40:00,0
2026-01-08 23:50:00,0
2026-01-09 00:00:00,0
2026-01-09 00:10:00,0
2026-01-09 00:20:00,0
2026-01-09 00:30:00,0
2026-01-09 00:40:00,0
2026-01-09 00:50:00,0
2026-01-09 01:00:00,0
2026-01-09 01:10:00,0
2026-01-09 01:20:00,0
2026-01-09 01:30:00,0
2026-01-09 01:40:00,0
2026-01-09 01:50:00,0
2026-01-09 02:00:00,0
2026-01-09 02:10:00,0
2026-01-09 02:20:00,0
2026-01-09 02:30:00,0
2026-01-09 02:40:00,0
2026-01-09 02:50:00,0
2026-01-09 03:00:00,0
2026-01-09 03:10:00,0
2026-01-09 03:20:00,0
2026-01-09 03:30:00,0
2026-01-09 03:40:00,0
2026-01-09 03:50:00,0
2026-01-09 04:00:00,0
2026-01-09 04:10:00,0
2026-01-09 04:20:00,0
2026-01-09 04:30:00,0
2026-01-09 04:40:00,0
2026-01-09 04:50:00,0
2026-01-09 05:00:00,0
2026-01-09 05:10:00,0
2026-01-09 05:20:00,0
2026-01-09 05:30:00,0
2026-01-09 05:40:00,3.066666666666667
2026-01-09 05:50:00,33.2
2026-01-09 06:00:00,170.20000000000002
2026-01-09 06:10:00,424.85
2026-01-09 06:20:00,736.6666666666666
2026-01-09 06:30:00,1108.7
2026-01-09 06:40:00,1347.9666666666667
2026-01-09 06:50:00,1570.4
2026-01-09 07:00:00,1860.3999999999999
2026-01-09 07:10:00,3683.6499999999996
2026-01-09 07:20:00,8107
2026-01-09 07:30:00,8303.6
2026-01-09 07:40:00,8625.566666666668
2026-01-09 07:50:00,9644.55
2026-01-09 08:00:00,11057.366666666669
2026-01-09 08:10:00,11722.75
2026-01-09 08:20:00,10546.8
2026-01-09 08:30:00,4639.35
2026-01-09 08:40:00,6050
2026-01-09 08:50:00,5004.3
2026-01-09 09:00:00,4947.766666666667
2026-01-09 09:10:00,4442.15
2026-01-09 09:20:00,4164.400000000001
2026-01-09 09:30:00,3825.6
2026-01-09 09:40:00,3532.1999999999994
2026-01-09 09:50:00,3856
2026-01-09 10:00:00,4535.5
2026-01-09 10:10:00,3688.25
2026-01-09 10:20:00,3111.9666666666667
2026-01-09 10:30:00,2765.7
2026-01-09 10:40:00,3219.433333333333
2026-01-09 10:50:00,3275.3500000000004
2026-01-09 11:00:00,3044.9666666666667
2026-01-09 11:10:00,2705.8
2026-01-09 11:20:00,2711.9666666666667
2026-01-09 11:30:00,3519.6
2026-01-09 11:40:00,3894.6666666666665
2026-01-09 11:50:00,3531.55
2026-01-09 12:00:00,3393.3333333333335
2026-01-09 12:10:00,3176.8
2026-01-09 12:20:00,3567.8333333333335
2026-01-09 12:30:00,6051.200000000001
2026-01-09 12:40:00,8825.866666666667
2026-01-09 12:50:00,8824.3
2026-01-09 13:00:00,8671.666666666666
2026-01-09 13:10:00,6787.55
2026-01-09 13:20:00,8371.2
2026-01-09 13:30:00,11101.599999999999
2026-01-09 13:40:00,6752.866666666666
2026-01-09 13:50:00,6460.4
2026-01-09 14:00:00,6430.333333333333
2026-01-09 14:10:00,7998.6
2026-01-09 14:20:00,5072.466666666666
2026-01-09 14:30:00,4322.3
2026-01-09 14:40:00,4341.966666666666
2026-01-09 14:50:00,3456
2026-01-09 15:00:00,3294.433333333333
2026-01-09 15:10:00,4455.950000000001
2026-01-09 15:20:00,4552.7
2026-01-09 15:30:00,4638.4
2026-01-09 15:40:00,3194.3
2026-01-09 15:50:00,2441.633333333333
2026-01-09 16:00:00,2598.9
2026-01-09 16:10:00,2813.933333333333
2026-01-09 16:20:00,3197.05
2026-01-09 16:30:00,3644.633333333333
2026-01-09 16:40:00,3082.8
2026-01-09 16:50:00,2778.933333333333
2026-01-09 17:00:00,1596.2
2026-01-09 17:10:00,1195
2026-01-09 17:20:00,729.9
2026-01-09 17:30:00,351.43333333333334
2026-01-09 17:40:00,104.15
2026-01-09 17:50:00,16.6
2026-01-09 18:00:00,0
2026-01-09 18:10:00,0
2026-01-09 18:20:00,0
2026-01-09 18:30:00,0
2026-01-09 18:40:00,0
2026-01-09 18:50:00,0
2026-01-09 19:00:00,0
2026-01-09 19:10:00,0
2026-01-09 19:20:00,0
2026-01-09 19:30:00,0
2026-01-09 19:40:00,0
2026-01-09 19:50:00,0
2026-01-09 20:00:00,0
2026-01-09 20:10:00,0
2026-01-09 20:20:00,0
2026-01-09 20:30:00,0
2026-01-09 20:40:00,0
2026-01-09 20:50:00,0
2026-01-09 21:00:00,0
2026-01-09 21:10:00,0
2026-01-09 21:20:00,0
2026-01-09 21:30:00,0
2026-01-09 21:40:00,0
2026-01-09 21:50:00,0
2026-01-09 22:00:00,0
2026-01-09 22:10:00,0
2026-01-09 22:20:00,0
2026-01-09 22:30:00,0
2026-01-09 22:40:00,0
2026-01-09 22:50:00,0
2026-01-09 23:00:00,0
2026-01-09 23:10:00,0
2026-01-09 23:20:00,0
2026-01-09 23:30:00,0
2026-01-09 23:40:00,0
2026-01-09 23:50:00,0
2026-01-10 00:00:00,0
2026-01-10 00:10:00,0
2026-01-10 00:20:00,0
2026-01-10 00:30:00,0
2026-01-10 00:40:00,0
2026-01-10 00:50:00,0
2026-01-10 01:00:00,0
2026-01-10 01:10:00,0
2026-01-10 01:20:00,0
2026-01-10 01:30:00,0
2026-01-10 01:40:00,0
2026-01-10 01:50:00,0
2026-01-10 02:00:00,0
2026-01-10 02:10:00,0
2026-01-10 02:20:00,0
2026-01-10 02:30:00,0
2026-01-10 02:40:00,0
2026-01-10 02:50:00,0
2026-01-10 03:00:00,0
2026-01-10 03:10:00,0
2026-01-10 03:20:00,0
2026-01-10 03:30:00,0
2026-01-10 03:40:00,0
2026-01-10 03:50:00,0
2026-01-10 04:00:00,0
2026-01-10 04:10:00,0
2026-01-10 04:20:00,0
2026-01-10 04:30:00,0
2026-01-10 04:40:00,0
2026-01-10 04:50:00,0
2026-01-10 05:00:00,0
2026-01-10 05:10:00,0
2026-01-10 05:20:00,0
2026-01-10 05:30:00,0
2026-01-10 05:40:00,1.2333333333333334
2026-01-10 05:50:00,26.700000000000003
2026-01-10 06:00:00,156.03333333333333
2026-01-10 06:10:00,410.1
2026-01-10 06:20:00,740.9666666666666
2026-01-10 06:30:00,1250.6
2026-01-10 06:40:00,1926.7666666666667
2026-01-10 06:50:00,1987.9
2026-01-10 07:00:00,1983.2666666666667
2026-01-10 07:10:00,2201.7
2026-01-10 07:20:00,5516.066666666667
2026-01-10 07:30:00,7625.299999999999
2026-01-10 07:40:00,8236.633333333333
2026-01-10 07:50:00,8764.45
2026-01-10 08:00:00,9262.666666666666
2026-01-10 08:10:00,10677.65
2026-01-10 08:20:00,9431.033333333333
2026-01-10 08:30:00,6898.15
2026-01-10 08:40:00,7746.366666666666
2026-01-10 08:50:00,12249
2026-01-10 09:00:00,11949.466666666665
2026-01-10 09:10:00,9122
2026-01-10 09:20:00,12375.233333333332
2026-01-10 09:30:00,15136.4
2026-01-10 09:40:00,15238.966666666667
2026-01-10 09:50:00,9961.55
2026-01-10 10:00:00,8255.7
2026-01-10 10:10:00,8045.55
2026-01-10 10:20:00,7401.666666666667
2026-01-10 10:30:00,6083.5
2026-01-10 10:40:00,4661.466666666666
2026-01-10 10:50:00,6272.4
2026-01-10 11:00:00,10761.800000000001
2026-01-10 11:10:00,11087.75
2026-01-10 11:20:00,10296.1
2026-01-10 11:30:00,14831.3
2026-01-10 11:40:00,13154.9
2026-01-10 11:50:00,9453.8
2026-01-10 12:00:00,6894.8
2026-01-10 12:10:00,8041.85
2026-01-10 12:20:00,15297.933333333332
2026-01-10 12:30:00,14742.800000000001
2026-01-10 12:40:00,11744.233333333332
2026-01-10 12:50:00,9769.900000000001
2026-01-10 13:00:00,9875.866666666667
2026-01-10 13:10:00,13058.150000000001
2026-01-10 13:20:00,9967.433333333332
2026-01-10 13:30:00,12202.900000000001
2026-01-10 13:40:00,13102.066666666666
2026-01-10 13:50:00,16555.65
2026-01-10 14:00:00,13912.466666666667
2026-01-10 14:10:00,11405.75
2026-01-10 14:20:00,12765.366666666667
2026-01-10 14:30:00,12755.85
2026-01-10 14:40:00,11055.533333333333
2026-01-10 14:50:00,6707.4
2026-01-10 15:00:00,8116.866666666666
2026-01-10 15:10:00,5316.7
2026-01-10 15:20:00,6052.466666666667
2026-01-10 15:30:00,10521.900000000001
2026-01-10 15:40:00,8617.6
2026-01-10 15:50:00,9696.150000000001
2026-01-10 16:00:00,8331.866666666667
2026-01-10 16:10:00,4555.450000000001
2026-01-10 16:20:00,2589.7
2026-01-10 16:30:00,1444.15
2026-01-10 16:40:00,1160.6
2026-01-10 16:50:00,897.6500000000001
2026-01-10 17:00:00,773.5333333333334
2026-01-10 17:10:00,627.5999999999999
2026-01-10 17:20:00,298
2026-01-10 17:30:00,145.65
2026-01-10 17:40:00,59.56666666666667
2026-01-10 17:50:00,9.2
2026-01-10 18:00:00,0.6
2026-01-10 18:10:00,0
2026-01-10 18:20:00,0
2026-01-10 18:30:00,0
2026-01-10 18:40:00,0
2026-01-10 18:50:00,0
2026-01-10 19:00:00,0
2026-01-10 19:10:00,0
2026-01-10 19:20:00,0
2026-01-10 19:30:00,0
2026-01-10 19:40:00,0
2026-01-10 19:50:00,0
2026-01-10 20:00:00,0
2026-01-10 20:10:00,0
2026-01-10 20:20:00,0
2026-01-10 20:30:00,0
2026-01-10 20:40:00,0
2026-01-10 20:50:00,0
2026-01-10 21:00:00,0
2026-01-10 21:10:00,0
2026-01-10 21:20:00,0
2026-01-10 21:30:00,0
2026-01-10 21:40:00,0
2026-01-10 21:50:00,0
2026-01-10 22:00:00,0
2026-01-10 22:10:00,0
2026-01-10 22:20:00,0
2026-01-10 22:30:00,0
2026-01-10 22:40:00,0
2026-01-10 22:50:00,0
2026-01-10 23:00:00,0
2026-01-10 23:10:00,0
2026-01-10 23:20:00,0
2026-01-10 23:30:00,0
2026-01-10 23:40:00,0
2026-01-10 23:50:00,0
2026-01-11 00:00:00,0
2026-01-11 00:10:00,0
2026-01-11 00:20:00,0
2026-01-11 00:30:00,0
2026-01-11 00:40:00,0
2026-01-11 00:50:00,0
2026-01-11 01:00:00,0
2026-01-11 01:10:00,0
2026-01-11 01:20:00,0
2026-01-11 01:30:00,0
2026-01-11 01:40:00,0
2026-01-11 01:50:00,0
2026-01-11 02:00:00,0
2026-01-11 02:10:00,0
2026-01-11 02:20:00,0
2026-01-11 02:30:00,0
2026-01-11 02:40:00,0
2026-01-11 02:50:00,0
2026-01-11 03:00:00,0
2026-01-11 03:10:00,0
2026-01-11 03:20:00,0
2026-01-11 03:30:00,0
2026-01-11 03:40:00,0
2026-01-11 03:50:00,0
2026-01-11 04:00:00,0
2026-01-11 04:10:00,0
2026-01-11 04:20:00,0
2026-01-11 04:30:00,0
2026-01-11 04:40:00,0
2026-01-11 04:50:00,0
2026-01-11 05:00:00,0
2026-01-11 05:10:00,0
2026-01-11 05:20:00,0
2026-01-11 05:30:00,0
2026-01-11 05:40:00,1.2333333333333334
2026-01-11 05:50:00,24.85
2026-01-11 06:00:00,149.29999999999998
2026-01-11 06:10:00,398.15
2026-01-11 06:20:00,770.4333333333334
2026-01-11 06:30:00,1099.45
2026-01-11 06:40:00,1304.3666666666666
2026-01-11 06:50:00,1443.25
2026-01-11 07:00:00,1545.2
2026-01-11 07:10:00,1830.3
2026-01-11 07:20:00,5350.2
2026-01-11 07:30:00,7315.65
2026-01-11 07:40:00,8524.166666666666
2026-01-11 07:50:00,9083.3
2026-01-11 08:00:00,9723.5
2026-01-11 08:10:00,10299.8
2026-01-11 08:20:00,10876.733333333334
2026-01-11 08:30:00,11378.05
2026-01-11 08:40:00,11932.866666666667
2026-01-11 08:50:00,12497.849999999999
2026-01-11 09:00:00,12823.766666666668
2026-01-11 09:10:00,4117.700000000001
2026-01-11 09:20:00,11362.1
2026-01-11 09:30:00,13421.25
2026-01-11 09:40:00,14984.6
2026-01-11 09:50:00,10883.2
2026-01-11 10:00:00,15540.033333333333
2026-01-11 10:10:00,15890.25
2026-01-11 10:20:00,16382.966666666667
2026-01-11 10:30:00,16582.35
2026-01-11 10:40:00,16712.933333333334
2026-01-11 10:50:00,17017.35
2026-01-11 11:00:00,17295.966666666664
2026-01-11 11:10:00,17419.15
2026-01-11 11:20:00,13690.699999999999
2026-01-11 11:30:00,14855.25
2026-01-11 11:40:00,17017.666666666668
2026-01-11 11:50:00,13715.3
2026-01-11 12:00:00,17668.933333333334
2026-01-11 12:10:00,17600.699999999997
2026-01-11 12:20:00,17559.56666666667
2026-01-11 12:30:00,17268.95
2026-01-11 12:40:00,14649.133333333333
2026-01-11 12:50:00,16570.35
2026-01-11 13:00:00,15867.5
2026-01-11 13:10:00,17296.6
2026-01-11 13:20:00,14663.9
2026-01-11 13:30:00,16912.3
2026-01-11 13:40:00,16212.799999999997
2026-01-11 13:50:00,10695.2
2026-01-11 14:00:00,11079.466666666667
2026-01-11 14:10:00,14507.8
2026-01-11 14:20:00,11594.333333333334
2026-01-11 14:30:00,13843.35
2026-01-11 14:40:00,13281.466666666665
2026-01-11 14:50:00,12684.9
2026-01-11 15:00:00,12168.200000000003
2026-01-11 15:10:00,11675.75
2026-01-11 15:20:00,11247.833333333334
2026-01-11 15:30:00,10721.900000000001
2026-01-11 15:40:00,9813.833333333334
2026-01-11 15:50:00,9168.099999999999
2026-01-11 16:00:00,6991.866666666668
2026-01-11 16:10:00,4585
2026-01-11 16:20:00,5728.033333333333
2026-01-11 16:30:00,4166.55
2026-01-11 16:40:00,5962.100000000001
2026-01-11 16:50:00,3792.3500000000004
2026-01-11 17:00:00,1915.7
2026-01-11 17:10:00,1243.25
2026-01-11 17:20:00,776.5666666666666
2026-01-11 17:30:00,413.79999999999995
2026-01-11 17:40:00,140.1
2026-01-11 17:50:00,17.5
2026-01-11 18:00:00,0.6
2026-01-11 18:10:00,0
2026-01-11 18:20:00,0
2026-01-11 18:30:00,0
2026-01-11 18:40:00,0
2026-01-11 18:50:00,0
2026-01-11 19:00:00,0
2026-01-11 19:10:00,0
2026-01-11 19:20:00,0
2026-01-11 19:30:00,0
2026-01-11 19:40:00,0
2026-01-11 19:50:00,0
2026-01-11 20:00:00,0
2026-01-11 20:10:00,0
2026-01-11 20:20:00,0
2026-01-11 20:30:00,0
2026-01-11 20:40:00,0
2026-01-11 20:50:00,0
2026-01-11 21:00:00,0
2026-01-11 21:10:00,0
2026-01-11 21:20:00,0
2026-01-11 21:30:00,0
2026-01-11 21:40:00,0
2026-01-11 21:50:00,0
2026-01-11 22:00:00,0
2026-01-11 22:10:00,0
2026-01-11 22:20:00,0
2026-01-11 22:30:00,0
2026-01-11 22:40:00,0
2026-01-11 22:50:00,0
2026-01-11 23:00:00,0
2026-01-11 23:10:00,0
2026-01-11 23:20:00,0
2026-01-11 23:30:00,0
2026-01-11 23:40:00,0
2026-01-11 23:50:00,0
2026-01-12 00:00:00,0
2026-01-12 00:10:00,0
2026-01-12 00:20:00,0
2026-01-12 00:30:00,0
2026-01-12 00:40:00,0
2026-01-12 00:50:00,0
2026-01-12 01:00:00,0
2026-01-12 01:10:00,0
2026-01-12 01:20:00,0
2026-01-12 01:30:00,0
2026-01-12 01:40:00,0
2026-01-12 01:50:00,0
2026-01-12 02:00:00,0
2026-01-12 02:10:00,0
2026-01-12 02:20:00,0
2026-01-12 02:30:00,0
2026-01-12 02:40:00,0
2026-01-12 02:50:00,0
2026-01-12 03:00:00,0
2026-01-12 03:10:00,0
2026-01-12 03:20:00,0
2026-01-12 03:30:00,0
2026-01-12 03:40:00,0
2026-01-12 03:50:00,0
2026-01-12 04:00:00,0
2026-01-12 04:10:00,0
2026-01-12 04:20:00,0
2026-01-12 04:30:00,0
2026-01-12 04:40:00,0
2026-01-12 04:50:00,0
2026-01-12 05:00:00,0
2026-01-12 05:10:00,0
2026-01-12 05:20:00,0
2026-01-12 05:30:00,0
2026-01-12 05:40:00,0
2026-01-12 05:50:00,20.900000000000002
2026-01-12 06:00:00,118.85
2026-01-12 06:10:00,336.70000000000005
2026-01-12 06:20:00,603.6500000000001
2026-01-12 06:30:00,1030.3666666666668
2026-01-12 06:40:00,1665.35
2026-01-12 06:50:00,2112.9
2026-01-12 07:00:00,2069
2026-01-12 07:10:00,3038.7999999999997
2026-01-12 07:20:00,5867.85
2026-01-12 07:30:00,7919.600000000001
2026-01-12 07:40:00,8534.95
2026-01-12 07:50:00,9209.833333333334
2026-01-12 08:00:00,7990.3
2026-01-12 08:10:00,10540.633333333333
2026-01-12 08:20:00,10773.5
2026-01-12 08:30:00,9379.433333333334
2026-01-12 08:40:00,5725.9
2026-01-12 08:50:00,10932.033333333333
2026-01-12 09:00:00,9500.8
2026-01-12 09:10:00,4972.966666666666
2026-01-12 09:20:00,12673.849999999999
2026-01-12 09:30:00,9045.199999999999
2026-01-12 09:40:00,14465.4
2026-01-12 09:50:00,9660.8
2026-01-12 10:00:00,15418.349999999999
2026-01-12 10:10:00,11972.799999999997
2026-01-12 10:20:00,12183.55
2026-01-12 10:30:00,7901.200000000001
2026-01-12 10:40:00,6409.75
2026-01-12 10:50:00,4261.5
2026-01-12 11:00:00,6119.45
2026-01-12 11:10:00,5120.400000000001
2026-01-12 11:20:00,7450.2
2026-01-12 11:30:00,10143.733333333334
2026-01-12 11:40:00,6559.95
2026-01-12 11:50:00,8303.033333333333
2026-01-12 12:00:00,9212.3
2026-01-12 12:10:00,6026.633333333334
2026-01-12 12:20:00,6445.65
2026-01-12 12:30:00,8095.933333333333
2026-01-12 12:40:00,9610.45
2026-01-12 12:50:00,5954.133333333334
2026-01-12 13:00:00,4988.6
2026-01-12 13:10:00,3563.5
2026-01-12 13:20:00,3583.1499999999996
2026-01-12 13:30:00,4150.266666666667
2026-01-12 13:40:00,4470.7
2026-01-12 13:50:00,5568.3
2026-01-12 14:00:00,5396.9
2026-01-12 14:10:00,5239
2026-01-12 14:20:00,7362.650000000001
2026-01-12 14:30:00,7475.433333333333
2026-01-12 14:40:00,7337.75
2026-01-12 14:50:00,6429.066666666666
2026-01-12 15:00:00,5833.700000000001
2026-01-12 15:10:00,5247.633333333333
2026-01-12 15:20:00,5278.950000000001
2026-01-12 15:30:00,5158.533333333334
2026-01-12 15:40:00,4356.4
2026-01-12 15:50:00,4416.3
2026-01-12 16:00:00,3370.3
2026-01-12 16:10:00,4340.766666666667
2026-01-12 16:20:00,6857.6
2026-01-12 16:30:00,5539.433333333333
2026-01-12 16:40:00,4064.25
2026-01-12 16:50:00,2349.4666666666667
2026-01-12 17:00:00,1556.6
2026-01-12 17:10:00,1109.6333333333332
2026-01-12 17:20:00,684.75
2026-01-12 17:30:00,364.3
2026-01-12 17:40:00,130.85
2026-01-12 17:50:00,24.566666666666666
2026-01-12 18:00:00,0.9
2026-01-12 18:10:00,0
2026-01-12 18:20:00,0
2026-01-12 18:30:00,0
2026-01-12 18:40:00,0
2026-01-12 18:50:00,0
2026-01-12 19:00:00,0
2026-01-12 19:10:00,0
2026-01-12 19:20:00,0
2026-01-12 19:30:00,0
2026-01-12 19:40:00,0
2026-01-12 19:50:00,0
2026-01-12 20:00:00,0
2026-01-12 20:10:00,0
2026-01-12 20:20:00,0
2026-01-12 20:30:00,0
2026-01-12 20:40:00,0
2026-01-12 20:50:00,0
2026-01-12 21:00:00,0
2026-01-12 21:10:00,0
2026-01-12 21:20:00,0
2026-01-12 21:30:00,0
2026-01-12 21:40:00,0
2026-01-12 21:50:00,0
2026-01-12 22:00:00,0
2026-01-12 22:10:00,0
2026-01-12 22:20:00,0
2026-01-12 22:30:00,0
2026-01-12 22:40:00,0
2026-01-12 22:50:00,0
2026-01-12 23:00:00,0
2026-01-12 23:10:00,0
2026-01-12 23:20:00,0
2026-01-12 23:30:00,0
2026-01-12 23:40:00,0
2026-01-12 23:50:00,0
2026-01-13 00:00:00,0
2026-01-13 00:10:00,0
2026-01-13 00:20:00,0
2026-01-13 00:30:00,0
2026-01-13 00:40:00,0
2026-01-13 00:50:00,0
2026-01-13 01:00:00,0
2026-01-13 01:10:00,0
2026-01-13 01:20:00,0
2026-01-13 01:30:00,0
2026-01-13 01:40:00,0
2026-01-13 01:50:00,0
2026-01-13 02:00:00,0
2026-01-13 02:10:00,0
2026-01-13 02:20:00,0
2026-01-13 02:30:00,0
2026-01-13 02:40:00,0
2026-01-13 02:50:00,0
2026-01-13 03:00:00,0
2026-01-13 03:10:00,0
2026-01-13 03:20:00,0
2026-01-13 03:30:00,0
2026-01-13 03:40:00,0
2026-01-13 03:50:00,0
2026-01-13 04:00:00,0
2026-01-13 04:10:00,0
2026-01-13 04:20:00,0
2026-01-13 04:30:00,0
2026-01-13 04:40:00,0
2026-01-13 04:50:00,0
2026-01-13 05:00:00,0
2026-01-13 05:10:00,0
2026-01-13 05:20:00,0
2026-01-13 05:30:00,0
2026-01-13 05:40:00,0.9
2026-01-13 05:50:00,22.099999999999998
2026-01-13 06:00:00,120.75
2026-01-13 06:10:00,309.03333333333336
2026-01-13 06:20:00,556.65
2026-01-13 06:30:00,886.5666666666666
2026-01-13 06:40:00,1329.9
2026-01-13 06:50:00,1641.7
2026-01-13 07:00:00,1798.9499999999998
2026-01-13 07:10:00,1899.7
2026-01-13 07:20:00,5514.85
2026-01-13 07:30:00,7283.099999999999
2026-01-13 07:40:00,8095.349999999999
2026-01-13 07:50:00,8806.166666666666
2026-01-13 08:00:00,9501.7
2026-01-13 08:10:00,10106.266666666668
2026-01-13 08:20:00,10787.35
2026-01-13 08:30:00,11287.166666666666
2026-01-13 08:40:00,11754.1
2026-01-13 08:50:00,12355.6
2026-01-13 09:00:00,12939.3
2026-01-13 09:10:00,7014.599999999999
2026-01-13 09:20:00,12969.7
2026-01-13 09:30:00,11768.200000000003
2026-01-13 09:40:00,13031.45
2026-01-13 09:50:00,12833.6
2026-01-13 10:00:00,17210.85
2026-01-13 10:10:00,16341.833333333334
2026-01-13 10:20:00,16235.8
2026-01-13 10:30:00,15632.166666666666
2026-01-13 10:40:00,15669.05
2026-01-13 10:50:00,17271.399999999998
2026-01-13 11:00:00,17289.2
2026-01-13 11:10:00,17312.56666666667
2026-01-13 11:20:00,17489.2
2026-01-13 11:30:00,15855.800000000001
2026-01-13 11:40:00,17314.1
2026-01-13 11:50:00,17050.233333333334
2026-01-13 12:00:00,17069
2026-01-13 12:10:00,17030.533333333333
2026-01-13 12:20:00,15604.55
2026-01-13 12:30:00,17154.666666666668
2026-01-13 12:40:00,16809.1
2026-01-13 12:50:00,16299.4
2026-01-13 13:00:00,16532.55
2026-01-13 13:10:00,16854.833333333332
2026-01-13 13:20:00,16504
2026-01-13 13:30:00,16201.700000000003
2026-01-13 13:40:00,10320.05
2026-01-13 13:50:00,14560.633333333333
2026-01-13 14:00:00,11993.7
2026-01-13 14:10:00,9670.033333333333
2026-01-13 14:20:00,6917.55
2026-01-13 14:30:00,8631.733333333332
2026-01-13 14:40:00,14306.95
2026-01-13 14:50:00,9199.4
2026-01-13 15:00:00,7676
2026-01-13 15:10:00,8564.133333333333
2026-01-13 15:20:00,12228.7
2026-01-13 15:30:00,8558.566666666668
2026-01-13 15:40:00,9983.7
2026-01-13 15:50:00,10274
2026-01-13 16:00:00,9026.15
2026-01-13 16:10:00,5436.233333333334
2026-01-13 16:20:00,3886.3999999999996
2026-01-13 16:30:00,2578.633333333333
2026-01-13 16:40:00,2486.5
2026-01-13 16:50:00,1647.2
2026-01-13 17:00:00,2038.6
2026-01-13 17:10:00,1343.7
2026-01-13 17:20:00,703.15
2026-01-13 17:30:00,399.9666666666667
2026-01-13 17:40:00,148.35000000000002
2026-01-13 17:50:00,29.5
2026-01-13 18:00:00,0.9
2026-01-13 18:10:00,0
2026-01-13 18:20:00,0
2026-01-13 18:30:00,0
2026-01-13 18:40:00,0
2026-01-13 18:50:00,0
2026-01-13 19:00:00,0
2026-01-13 19:10:00,0
2026-01-13 19:20:00,0
2026-01-13 19:30:00,0
2026-01-13 19:40:00,0
2026-01-13 19:50:00,0
2026-01-13 20:00:00,0
2026-01-13 20:10:00,0
2026-01-13 20:20:00,0
2026-01-13 20:30:00,0
2026-01-13 20:40:00,0
2026-01-13 20:50:00,0
2026-01-13 21:00:00,0
2026-01-13 21:10:00,0
2026-01-13 21:20:00,0
2026-01-13 21:30:00,0
2026-01-13 21:40:00,0
2026-01-13 21:50:00,0
2026-01-13 22:00:00,0
2026-01-13 22:10:00,0
2026-01-13 22:20:00,0
2026-01-13 22:30:00,0
2026-01-13 22:40:00,0
2026-01-13 22:50:00,0
2026-01-13 23:00:00,0
2026-01-13 23:10:00,0
2026-01-13 23:20:00,0
2026-01-13 23:30:00,0
2026-01-13 23:40:00,0
2026-01-13 23:50:00,0
2026-01-14 00:00:00,0
2026-01-14 00:10:00,0
2026-01-14 00:20:00,0
2026-01-14 00:30:00,0
2026-01-14 00:40:00,0
2026-01-14 00:50:00,0
2026-01-14 01:00:00,0
2026-01-14 01:10:00,0
2026-01-14 01:20:00,0
2026-01-14 01:30:00,0
2026-01-14 01:40:00,0
2026-01-14 01:50:00,0
2026-01-14 02:00:00,0
2026-01-14 02:10:00,0
2026-01-14 02:20:00,0
2026-01-14 02:30:00,0
2026-01-14 02:40:00,0
2026-01-14 02:50:00,0
2026-01-14 03:00:00,0
2026-01-14 03:10:00,0
2026-01-14 03:20:00,0
2026-01-14 03:30:00,0
2026-01-14 03:40:00,0
2026-01-14 03:50:00,0
2026-01-14 04:00:00,0
2026-01-14 04:10:00,0
2026-01-14 04:20:00,0
2026-01-14 04:30:00,0
2026-01-14 04:40:00,0
2026-01-14 04:50:00,0
2026-01-14 05:00:00,0
2026-01-14 05:10:00,0
2026-01-14 05:20:00,0
2026-01-14 05:30:00,0
2026-01-14 05:40:00,0.9
2026-01-14 05:50:00,28.266666666666666
2026-01-14 06:00:00,150.2
2026-01-14 06:10:00,422.0666666666666
2026-01-14 06:20:00,741.9
2026-01-14 06:30:00,1014.3666666666667
2026-01-14 06:40:00,1240.5
2026-01-14 06:50:00,1426.6333333333332
2026-01-14 07:00:00,1592.5500000000002
2026-01-14 07:10:00,1790.3333333333333
2026-01-14 07:20:00,5823.6
2026-01-14 07:30:00,7164.5
2026-01-14 07:40:00,8086.1
2026-01-14 07:50:00,8737.366666666667
2026-01-14 08:00:00,9404.95
2026-01-14 08:10:00,10002.4
2026-01-14 08:20:00,10548.65
2026-01-14 08:30:00,11107.133333333333
2026-01-14 08:40:00,11614
2026-01-14 08:50:00,12090.166666666666
2026-01-14 09:00:00,12560.45
2026-01-14 09:10:00,5702.866666666666
2026-01-14 09:20:00,13510.7
2026-01-14 09:30:00,14023.700000000003
2026-01-14 09:40:00,14447
2026-01-14 09:50:00,15088.4
2026-01-14 10:00:00,15373.2
2026-01-14 15:30:00,6101
2026-01-14 15:40:00,8439.4
2026-01-14 15:50:00,8484.25
2026-01-14 16:00:00,9248.566666666666
2026-01-14 16:10:00,5996.85
2026-01-14 16:20:00,2646.8333333333335
2026-01-14 16:30:00,3694.7
2026-01-14 16:40:00,1839.5333333333335
2026-01-14 16:50:00,1719.6999999999998
2026-01-14 17:00:00,1000.2333333333332
2026-01-14 17:10:00,473.70000000000005
2026-01-14 17:20:00,292.4666666666667
2026-01-14 17:30:00,200.9
2026-01-14 17:40:00,82.96666666666668
2026-01-14 17:50:00,13.5
2026-01-14 18:00:00,1.2333333333333334
2026-01-14 18:10:00,0
2026-01-14 18:20:00,0
2026-01-14 18:30:00,0
2026-01-14 18:40:00,0
2026-01-14 18:50:00,0
2026-01-14 19:00:00,0
2026-01-14 19:10:00,0
2026-01-14 19:20:00,0
2026-01-14 19:30:00,0
2026-01-14 19:40:00,0
2026-01-14 19:50:00,0
2026-01-14 20:00:00,0
2026-01-14 20:10:00,0
2026-01-14 20:20:00,0
2026-01-14 20:30:00,0
2026-01-14 20:40:00,0
2026-01-14 20:50:00,0
2026-01-14 21:00:00,0
2026-01-14 21:10:00,0
2026-01-14 21:20:00,0
2026-01-14 21:30:00,0
2026-01-14 21:40:00,0
2026-01-14 21:50:00,0
2026-01-14 22:00:00,0
2026-01-14 22:10:00,0
2026-01-14 22:20:00,0
2026-01-14 22:30:00,0
2026-01-14 22:40:00,0
2026-01-14 22:50:00,0
2026-01-14 23:00:00,0
2026-01-14 23:10:00,0
2026-01-14 23:20:00,0
2026-01-14 23:30:00,0
2026-01-14 23:40:00,0
2026-01-14 23:50:00,0
2026-01-15 00:00:00,0
2026-01-15 00:10:00,0
2026-01-15 00:20:00,0
2026-01-15 00:30:00,0
2026-01-15 00:40:00,0
2026-01-15 00:50:00,0
2026-01-15 01:00:00,0
2026-01-15 01:10:00,0
2026-01-15 01:20:00,0
2026-01-15 01:30:00,0
2026-01-15 01:40:00,0
2026-01-15 01:50:00,0
2026-01-15 02:00:00,0
2026-01-15 02:10:00,0
2026-01-15 02:20:00,0
2026-01-15 02:30:00,0
2026-01-15 02:40:00,0
2026-01-15 02:50:00,0
2026-01-15 03:00:00,0
2026-01-15 03:10:00,0
2026-01-15 03:20:00,0
2026-01-15 03:30:00,0
2026-01-15 03:40:00,0
2026-01-15 03:50:00,0
2026-01-15 04:00:00,0
2026-01-15 04:10:00,0
2026-01-15 04:20:00,0
2026-01-15 04:30:00,0
2026-01-15 04:40:00,0
2026-01-15 04:50:00,0
2026-01-15 05:00:00,0
2026-01-15 05:10:00,0
2026-01-15 05:20:00,0
2026-01-15 05:30:00,0
2026-01-15 05:40:00,1.2333333333333334
2026-01-15 05:50:00,23.95
2026-01-15 06:00:00,159.13333333333333
2026-01-15 06:10:00,423.05
2026-01-15 06:20:00,730.5
2026-01-15 06:30:00,998.0999999999999
2026-01-15 06:40:00,1219.6000000000001
2026-01-15 06:50:00,1402.7
2026-01-15 07:00:00,1639.8333333333333
2026-01-15 07:10:00,2045.95
2026-01-15 07:20:00,4945.333333333333
2026-01-15 07:30:00,7147.950000000001
2026-01-15 07:40:00,7861.266666666666
2026-01-15 07:50:00,8572.75
2026-01-15 08:00:00,9246.1
2026-01-15 08:10:00,9869.45
2026-01-15 08:20:00,10457.699999999999
2026-01-15 08:30:00,10958.75
2026-01-15 08:40:00,11580.199999999999
2026-01-15 08:50:00,12212.1
2026-01-15 09:00:00,10196.566666666666
2026-01-15 09:10:00,3520.5
2026-01-15 09:20:00,12040.4
2026-01-15 09:30:00,13967.75
2026-01-15 09:40:00,14536.1
2026-01-15 09:50:00,11103.45
2026-01-15 10:00:00,13279.633333333333
2026-01-15 10:10:00,16163
2026-01-15 10:20:00,14124.433333333334
2026-01-15 10:30:00,8939.5
2026-01-15 10:40:00,10833.1
2026-01-15 10:50:00,9755.15
2026-01-15 11:00:00,9486.966666666667
2026-01-15 11:10:00,10640.8
2026-01-15 11:20:00,5007.966666666666
2026-01-15 11:30:00,6300.05
2026-01-15 11:40:00,6180.233333333334
2026-01-15 11:50:00,5559.1
2026-01-15 12:00:00,5754.5
2026-01-15 12:10:00,6834.600000000001
2026-01-15 12:20:00,8221.6
2026-01-15 12:30:00,6746.133333333334
2026-01-15 12:40:00,5246.65
2026-01-15 12:50:00,5538.2
2026-01-15 13:00:00,5939.700000000001
2026-01-15 13:10:00,4159.466666666666
2026-01-15 13:20:00,3712.2
2026-01-15 13:30:00,4622.7
2026-01-15 13:40:00,4697.4
2026-01-15 13:50:00,5553.566666666667
2026-01-15 14:00:00,6074.25
2026-01-15 14:10:00,5693.033333333333
2026-01-15 14:20:00,10850
2026-01-15 14:30:00,11576.533333333333
2026-01-15 14:40:00,12807.45
2026-01-15 14:50:00,12945.4
2026-01-15 15:00:00,12578.95
2026-01-15 15:10:00,10101.966666666665
2026-01-15 15:20:00,9483.25
2026-01-15 15:30:00,5245.133333333333
2026-01-15 15:40:00,7130.45
2026-01-15 15:50:00,7455.733333333334
2026-01-15 16:00:00,4212.6
2026-01-15 16:10:00,3973.95
2026-01-15 16:20:00,2640.1
2026-01-15 16:30:00,2052.4
2026-01-15 16:40:00,1765.7666666666667
2026-01-15 16:50:00,1906.8000000000002
2026-01-15 17:00:00,936.3666666666667
2026-01-15 17:10:00,758.45
2026-01-15 17:20:00,436.8333333333333
2026-01-15 17:30:00,210.10000000000002
2026-01-15 17:40:00,97.7
2026-01-15 17:50:00,21.2
2026-01-15 18:00:00,1.2333333333333334
2026-01-15 18:10:00,0
2026-01-15 18:20:00,0
2026-01-15 18:30:00,0
2026-01-15 18:40:00,0
2026-01-15 18:50:00,0
2026-01-15 19:00:00,0
2026-01-15 19:10:00,0
2026-01-15 19:20:00,0
2026-01-15 19:30:00,0
2026-01-15 19:40:00,0
2026-01-15 19:50:00,0
2026-01-15 20:00:00,0
2026-01-15 20:10:00,0
2026-01-15 20:20:00,0
2026-01-15 20:30:00,0
2026-01-15 20:40:00,0
2026-01-15 20:50:00,0
2026-01-15 21:00:00,0
2026-01-15 21:10:00,0
2026-01-15 21:20:00,0
2026-01-15 21:30:00,0
2026-01-15 21:40:00,0
2026-01-15 21:50:00,0
2026-01-15 22:00:00,0
2026-01-15 22:10:00,0
2026-01-15 22:20:00,0
2026-01-15 22:30:00,0
2026-01-15 22:40:00,0
2026-01-15 22:50:00,0
2026-01-15 23:00:00,0
2026-01-15 23:10:00,0
2026-01-15 23:20:00,0
2026-01-15 23:30:00,0
2026-01-15 23:40:00,0
2026-01-15 23:50:00,0
2026-01-16 00:00:00,0
2026-01-16 00:10:00,0
2026-01-16 00:20:00,0
2026-01-16 00:30:00,0
2026-01-16 00:40:00,0
2026-01-16 00:50:00,0
2026-01-16 01:00:00,0
2026-01-16 01:10:00,0
2026-01-16 01:20:00,0
2026-01-16 01:30:00,0
2026-01-16 01:40:00,0
2026-01-16 01:50:00,0
2026-01-16 02:00:00,0
2026-01-16 02:10:00,0
2026-01-16 02:20:00,0
2026-01-16 02:30:00,0
2026-01-16 02:40:00,0
2026-01-16 02:50:00,0
2026-01-16 03:00:00,0
2026-01-16 03:10:00,0
2026-01-16 03:20:00,0
2026-01-16 03:30:00,0
2026-01-16 03:40:00,0
2026-01-16 03:50:00,0
2026-01-16 04:00:00,0
2026-01-16 04:10:00,0
2026-01-16 04:20:00,0
2026-01-16 04:30:00,0
2026-01-16 04:40:00,0
2026-01-16 04:50:00,0
2026-01-16 05:00:00,0
2026-01-16 05:10:00,0
2026-01-16 05:20:00,0
2026-01-16 05:30:00,0
2026-01-16 05:40:00,0.6
2026-01-16 05:50:00,11.95
2026-01-16 06:00:00,73.10000000000001
2026-01-16 06:10:00,267.25
2026-01-16 06:20:00,578.1666666666666
2026-01-16 06:30:00,747.45
2026-01-16 06:40:00,844.8000000000001
2026-01-16 06:50:00,1357.5
2026-01-16 07:00:00,1999.2666666666667
2026-01-16 07:10:00,2597.05
2026-01-16 07:20:00,3967.1666666666665
2026-01-16 07:30:00,4210.8
2026-01-16 07:40:00,4584.666666666667
2026-01-16 07:50:00,9738.55
2026-01-16 08:00:00,4853.766666666667
2026-01-16 08:10:00,5463.25
2026-01-16 08:20:00,11256.433333333334
2026-01-16 08:30:00,13001.95
2026-01-16 08:40:00,7882.766666666666
2026-01-16 08:50:00,4961.9
2026-01-16 09:00:00,5081.099999999999
2026-01-16 09:10:00,7909.150000000001
2026-01-16 09:20:00,5970.133333333334
2026-01-16 09:30:00,5471.5
2026-01-16 09:40:00,5779.666666666667
2026-01-16 09:50:00,8024.4
2026-01-16 10:00:00,10829.4
2026-01-16 10:10:00,13992.650000000001
2026-01-16 10:20:00,14875.866666666667
2026-01-16 10:30:00,15798.099999999999
2026-01-16 10:40:00,15263.533333333333
2026-01-16 10:50:00,15464.45
2026-01-16 11:00:00,13419.133333333333
2026-01-16 11:10:00,17574.9
2026-01-16 11:20:00,10508.066666666666
2026-01-16 11:30:00,7906.4
2026-01-16 11:40:00,14664.5
2026-01-16 11:50:00,9387.4
2026-01-16 12:00:00,9179.15
2026-01-16 12:10:00,12925.733333333332
2026-01-16 12:20:00,12800.1
2026-01-16 12:30:00,9981.533333333335
2026-01-16 12:40:00,9414.15
2026-01-16 12:50:00,9690.300000000001
2026-01-16 13:00:00,14298.650000000001
2026-01-16 13:10:00,16139.066666666666
2026-01-16 13:20:00,13501.449999999999
2026-01-16 13:30:00,10073.1
2026-01-16 13:40:00,8216.95
2026-01-16 13:50:00,8621.233333333334
2026-01-16 14:00:00,8470.45
2026-01-16 14:10:00,7061.900000000001
2026-01-16 14:20:00,8428
2026-01-16 14:30:00,8039.433333333333
2026-01-16 14:40:00,5548
2026-01-16 14:50:00,3910.633333333333
2026-01-16 15:00:00,2663.3999999999996
2026-01-16 15:10:00,2766.633333333333
2026-01-16 15:20:00,2356.55
2026-01-16 15:30:00,2207.5
2026-01-16 15:40:00,2421.05
2026-01-16 15:50:00,3508.2333333333336
2026-01-16 16:00:00,2862.5
2026-01-16 16:10:00,2858.7999999999997
2026-01-16 16:20:00,3193.3500000000004
2026-01-16 16:30:00,2675.733333333333
2026-01-16 16:40:00,1905.85
2026-01-16 16:50:00,1458.5666666666668
2026-01-16 17:00:00,831.3
2026-01-16 17:10:00,515.5
2026-01-16 17:20:00,407.35
2026-01-16 17:30:00,300.43333333333334
2026-01-16 17:40:00,97.7
2026-01-16 17:50:00,22.133333333333336
2026-01-16 18:00:00,0.9
2026-01-16 18:10:00,0
2026-01-16 18:20:00,0
2026-01-16 18:30:00,0
2026-01-16 18:40:00,0
2026-01-16 18:50:00,0
2026-01-16 19:00:00,0
2026-01-16 19:10:00,0
2026-01-16 19:20:00,0
2026-01-16 19:30:00,0
2026-01-16 19:40:00,0
2026-01-16 19:50:00,0
2026-01-16 20:00:00,0
2026-01-16 20:10:00,0
2026-01-16 20:20:00,0
2026-01-16 20:30:00,0
2026-01-16 20:40:00,0
2026-01-16 20:50:00,0
2026-01-16 21:00:00,0
2026-01-16 21:10:00,0
2026-01-16 21:20:00,0
2026-01-16 21:30:00,0
2026-01-16 21:40:00,0
2026-01-16 21:50:00,0
2026-01-16 22:00:00,0
2026-01-16 22:10:00,0
2026-01-16 22:20:00,0
2026-01-16 22:30:00,0
2026-01-16 22:40:00,0
2026-01-16 22:50:00,0
2026-01-16 23:00:00,0
2026-01-16 23:10:00,0
2026-01-16 23:20:00,0
2026-01-16 23:30:00,0
2026-01-16 23:40:00,0
2026-01-16 23:50:00,0
2026-01-17 00:00:00,0
2026-01-17 00:10:00,0
2026-01-17 00:20:00,0
2026-01-17 00:30:00,0
2026-01-17 00:40:00,0
2026-01-17 00:50:00,0
2026-01-17 01:00:00,0
2026-01-17 01:10:00,0
2026-01-17 01:20:00,0
2026-01-17 01:30:00,0
2026-01-17 01:40:00,0
2026-01-17 01:50:00,0
2026-01-17 02:00:00,0
2026-01-17 02:10:00,0
2026-01-17 02:20:00,0
2026-01-17 02:30:00,0
2026-01-17 02:40:00,0
2026-01-17 02:50:00,0
2026-01-17 03:00:00,0
2026-01-17 03:10:00,0
2026-01-17 03:20:00,0
2026-01-17 03:30:00,0
2026-01-17 03:40:00,0
2026-01-17 03:50:00,0
2026-01-17 04:00:00,0
2026-01-17 04:10:00,0
2026-01-17 04:20:00,0
2026-01-17 04:30:00,0
2026-01-17 04:40:00,0
2026-01-17 04:50:00,0
2026-01-17 05:00:00,0
2026-01-17 05:10:00,0
2026-01-17 05:20:00,0
2026-01-17 05:30:00,0
2026-01-17 05:40:00,0.9
2026-01-17 05:50:00,25.2
2026-01-17 06:00:00,135.45
2026-01-17 06:10:00,368.0333333333333
2026-01-17 06:20:00,576.95
2026-01-17 06:30:00,774.7666666666668
2026-01-17 06:40:00,1260.75
2026-01-17 06:50:00,1849.9333333333334
2026-01-17 07:00:00,3198.85
2026-01-17 07:10:00,2592.133333333333
2026-01-17 07:20:00,2799.8
2026-01-17 07:30:00,2909.2000000000003
2026-01-17 07:40:00,2754.6499999999996
2026-01-17 07:50:00,2587.866666666667
2026-01-17 08:00:00,2964.8
2026-01-17 08:10:00,3051.7333333333336
2026-01-17 08:20:00,3157.3999999999996
2026-01-17 08:30:00,3313.4666666666667
2026-01-17 08:40:00,5671.549999999999
2026-01-17 08:50:00,7699.033333333334
2026-01-17 09:00:00,10662
2026-01-17 09:10:00,5685.033333333333
2026-01-17 09:20:00,13671.95
2026-01-17 09:30:00,14461.133333333333
2026-01-17 09:40:00,13954.85
2026-01-17 09:50:00,14659.6
2026-01-17 10:00:00,14980.599999999999
2026-01-17 10:10:00,15495.799999999997
2026-01-17 10:20:00,16210.95
2026-01-17 10:30:00,16686.466666666664
2026-01-17 10:40:00,10693.3
2026-01-17 10:50:00,8603.466666666667
2026-01-17 11:00:00,8560.75
2026-01-17 11:10:00,12305.833333333334
2026-01-17 11:20:00,17293.8
2026-01-17 11:30:00,17354.36666666667
2026-01-17 11:40:00,9955.15
2026-01-17 11:50:00,14811.366666666667
2026-01-17 12:00:00,16267.2
2026-01-17 12:10:00,10299.2
2026-01-17 12:20:00,7085.25
2026-01-17 12:30:00,10191.633333333333
2026-01-17 12:40:00,16460.7
2026-01-17 12:50:00,7654.833333333333
2026-01-17 13:00:00,10572.6
2026-01-17 13:10:00,9555.133333333333
2026-01-17 13:20:00,10579.05
2026-01-17 13:30:00,8948.733333333332
2026-01-17 13:40:00,9039.05
2026-01-17 13:50:00,10499.499999999998
2026-01-17 14:00:00,10908.05
2026-01-17 14:10:00,6345.533333333333
2026-01-17 14:20:00,6621.700000000001
2026-01-17 14:30:00,5626.700000000001
2026-01-17 14:40:00,5050.35
2026-01-17 14:50:00,3739.8333333333335
2026-01-17 15:00:00,3849.55
2026-01-17 15:10:00,4404.633333333333
2026-01-17 15:20:00,3964.7
2026-01-17 15:30:00,2597.7000000000003
2026-01-17 15:40:00,2314.1499999999996
2026-01-17 15:50:00,6983.866666666666
2026-01-17 16:00:00,4552.7
2026-01-17 16:10:00,3341.7000000000003
2026-01-17 16:20:00,2881.8500000000004
2026-01-17 16:30:00,2616.733333333333
2026-01-17 16:40:00,6290.85
2026-01-17 16:50:00,3948.133333333333
2026-01-17 17:00:00,1419.25
2026-01-17 17:10:00,1032.8333333333333
2026-01-17 17:20:00,739.15
2026-01-17 17:30:00,366.8
2026-01-17 17:40:00,147.45
2026-01-17 17:50:00,36.86666666666667
2026-01-17 18:00:00,0.9
2026-01-17 18:10:00,0
2026-01-17 18:20:00,0
2026-01-17 18:30:00,0
2026-01-17 18:40:00,0
2026-01-17 18:50:00,0
2026-01-17 19:00:00,0
2026-01-17 19:10:00,0
2026-01-17 19:20:00,0
2026-01-17 19:30:00,0
2026-01-17 19:40:00,0
2026-01-17 19:50:00,0
2026-01-17 20:00:00,0
2026-01-17 20:10:00,0
2026-01-17 20:20:00,0
2026-01-17 20:30:00,0
2026-01-17 20:40:00,0
2026-01-17 20:50:00,0
2026-01-17 21:00:00,0
2026-01-17 21:10:00,0
2026-01-17 21:20:00,0
2026-01-17 21:30:00,0
2026-01-17 21:40:00,0
2026-01-17 21:50:00,0
2026-01-17 22:00:00,0
2026-01-17 22:10:00,0
2026-01-17 22:20:00,0
2026-01-17 22:30:00,0
2026-01-17 22:40:00,0
2026-01-17 22:50:00,0
2026-01-17 23:00:00,0
2026-01-17 23:10:00,0
2026-01-17 23:20:00,0
2026-01-17 23:30:00,0
2026-01-17 23:40:00,0
2026-01-17 23:50:00,0
2026-01-18 00:00:00,0
2026-01-18 00:10:00,0
2026-01-18 00:20:00,0
2026-01-18 00:30:00,0
2026-01-18 00:40:00,0
2026-01-18 00:50:00,0
2026-01-18 01:00:00,0
2026-01-18 01:10:00,0
2026-01-18 01:20:00,0
2026-01-18 01:30:00,0
2026-01-18 01:40:00,0
2026-01-18 01:50:00,0
2026-01-18 02:00:00,0
2026-01-18 02:10:00,0
2026-01-18 02:20:00,0
2026-01-18 02:30:00,0
2026-01-18 02:40:00,0
2026-01-18 02:50:00,0
2026-01-18 03:00:00,0
2026-01-18 03:10:00,0
2026-01-18 03:20:00,0
2026-01-18 03:30:00,0
2026-01-18 03:40:00,0
2026-01-18 03:50:00,0
2026-01-18 04:00:00,0
2026-01-18 04:10:00,0
2026-01-18 04:20:00,0
2026-01-18 04:30:00,0
2026-01-18 04:40:00,0
2026-01-18 04:50:00,0
2026-01-18 05:00:00,0
2026-01-18 05:10:00,0
2026-01-18 05:20:00,0
2026-01-18 05:30:00,0
2026-01-18 05:40:00,0.9
2026-01-18 05:50:00,21.5
2026-01-18 06:00:00,122.55
2026-01-18 06:10:00,356.9666666666667
2026-01-18 06:20:00,786.15
2026-01-18 06:30:00,1138.4666666666665
2026-01-18 06:40:00,1438.65
2026-01-18 06:50:00,2216.7666666666664
2026-01-18 07:00:00,3083.7
2026-01-18 07:10:00,3244.633333333333
2026-01-18 07:20:00,6045.7
2026-01-18 07:30:00,6631.833333333333
2026-01-18 07:40:00,7832.65
2026-01-18 07:50:00,6522.15
2026-01-18 08:00:00,7820.100000000001
2026-01-18 08:10:00,8340.5
2026-01-18 08:20:00,11092.366666666669
2026-01-18 08:30:00,11577.099999999999
2026-01-18 08:40:00,7025.666666666667
2026-01-18 08:50:00,5286.3
2026-01-18 09:00:00,5240.833333333333
2026-01-18 09:10:00,3803.4
2026-01-18 09:20:00,5070.033333333333
2026-01-18 09:30:00,5967.666666666667
2026-01-18 09:40:00,6158.766666666666
2026-01-18 09:50:00,7030.85
2026-01-18 10:00:00,9324.133333333333
2026-01-18 10:10:00,8503.6
2026-01-18 10:20:00,6080.099999999999
2026-01-18 10:30:00,6490.799999999999
2026-01-18 10:40:00,7155.266666666666
2026-01-18 10:50:00,6590.7
2026-01-18 11:00:00,6227.25
2026-01-18 11:10:00,6400.8
2026-01-18 11:20:00,6970.95
2026-01-18 11:30:00,6244.766666666666
2026-01-18 11:40:00,7251.15
2026-01-18 11:50:00,8870.733333333334
2026-01-18 12:00:00,7629.95
2026-01-18 12:10:00,9254.099999999999
2026-01-18 12:20:00,10603.95
2026-01-18 12:30:00,9059.333333333334
2026-01-18 12:40:00,15839.55
2026-01-18 12:50:00,13048
2026-01-18 13:00:00,13851.65
2026-01-18 13:10:00,10341.566666666668
2026-01-18 13:20:00,10713.6
2026-01-18 13:30:00,12033.633333333331
2026-01-18 13:40:00,11323.7
2026-01-18 13:50:00,6733.2
2026-01-18 14:00:00,6690.799999999999
2026-01-18 14:10:00,7320.566666666667
2026-01-18 14:20:00,8437.25
2026-01-18 14:30:00,6992.5
2026-01-18 14:40:00,10770.75
2026-01-18 14:50:00,8314.066666666666
2026-01-18 15:00:00,4202.5
2026-01-18 15:10:00,4394.166666666667
2026-01-18 15:20:00,3853.2
2026-01-18 15:30:00,3786.533333333333
2026-01-18 15:40:00,5834.65
2026-01-18 15:50:00,7737.766666666666
2026-01-18 16:00:00,6942.45
2026-01-18 16:10:00,7212.466666666667
2026-01-18 16:20:00,2700.3
2026-01-18 16:30:00,2387.566666666667
2026-01-18 16:40:00,2214.65
2026-01-18 16:50:00,2818.866666666667
2026-01-18 17:00:00,1856.1
2026-01-18 17:10:00,1596.8
2026-01-18 17:20:00,870
2026-01-18 17:30:00,392.59999999999997
2026-01-18 17:40:00,165
2026-01-18 17:50:00,41.16666666666667
2026-01-18 18:00:00,1.85
2026-01-18 18:10:00,0
2026-01-18 18:20:00,0
2026-01-18 18:30:00,0
2026-01-18 18:40:00,0
2026-01-18 18:50:00,0
2026-01-18 19:00:00,0
2026-01-18 19:10:00,0
2026-01-18 19:20:00,0
2026-01-18 19:30:00,0
2026-01-18 19:40:00,0
2026-01-18 19:50:00,0
2026-01-18 20:00:00,0
2026-01-18 20:10:00,0
2026-01-18 20:20:00,0
2026-01-18 20:30:00,0
2026-01-18 20:40:00,0
2026-01-18 20:50:00,0
2026-01-18 21:00:00,0
2026-01-18 21:10:00,0
2026-01-18 21:20:00,0
2026-01-18 21:30:00,0
2026-01-18 21:40:00,0
2026-01-18 21:50:00,0
2026-01-18 22:00:00,0
2026-01-18 22:10:00,0
2026-01-18 22:20:00,0
2026-01-18 22:30:00,0
2026-01-18 22:40:00,0
2026-01-18 22:50:00,0
2026-01-18 23:00:00,0
2026-01-18 23:10:00,0
2026-01-18 23:20:00,0
2026-01-18 23:30:00,0
2026-01-18 23:40:00,0
2026-01-18 23:50:00,0
2026-01-19 00:00:00,0
2026-01-19 00:10:00,0
2026-01-19 00:20:00,0
2026-01-19 00:30:00,0
2026-01-19 00:40:00,0
2026-01-19 00:50:00,0
2026-01-19 01:00:00,0
2026-01-19 01:10:00,0
2026-01-19 01:20:00,0
2026-01-19 01:30:00,0
2026-01-19 01:40:00,0
2026-01-19 01:50:00,0
2026-01-19 02:00:00,0
2026-01-19 02:10:00,0
2026-01-19 02:20:00,0
2026-01-19 02:30:00,0
2026-01-19 02:40:00,0
2026-01-19 02:50:00,0
2026-01-19 03:00:00,0
2026-01-19 03:10:00,0
2026-01-19 03:20:00,0
2026-01-19 03:30:00,0
2026-01-19 03:40:00,0
2026-01-19 03:50:00,0
2026-01-19 04:00:00,0
2026-01-19 04:10:00,0
2026-01-19 04:20:00,0
2026-01-19 04:30:00,0
2026-01-19 04:40:00,0
2026-01-19 04:50:00,0
2026-01-19 05:00:00,0
2026-01-19 05:10:00,0
2026-01-19 05:20:00,0
2026-01-19 05:30:00,0
2026-01-19 05:40:00,0
2026-01-19 05:50:00,14.133333333333335
2026-01-19 06:00:00,101.4
2026-01-19 06:10:00,352.6333333333334
2026-01-19 06:20:00,664.5
2026-01-19 06:30:00,954.1666666666666
2026-01-19 06:40:00,1208.2
2026-01-19 06:50:00,1405.7666666666667
2026-01-19 07:00:00,1617.4
2026-01-19 07:10:00,2018.9333333333334
2026-01-19 07:20:00,4136.15
2026-01-19 07:30:00,7014.633333333334
2026-01-19 07:40:00,8334.95
2026-01-19 07:50:00,9643.6
2026-01-19 08:00:00,9519.25
2026-01-19 08:10:00,9684.199999999999
2026-01-19 08:20:00,11393.75
2026-01-19 08:30:00,3865.7666666666664
2026-01-19 08:40:00,4807.05
2026-01-19 08:50:00,6231.233333333334
2026-01-19 09:00:00,9707.25
2026-01-19 09:10:00,7523.933333333333
2026-01-19 09:20:00,7758.05
2026-01-19 09:30:00,5456.5
2026-01-19 09:40:00,6154.4
2026-01-19 09:50:00,6813.099999999999
2026-01-19 10:00:00,6159.05
2026-01-19 10:10:00,6520.600000000001
2026-01-19 10:20:00,6611.55
2026-01-19 10:30:00,7438.5
2026-01-19 10:40:00,7223.5
2026-01-19 10:50:00,7377.733333333333
2026-01-19 11:00:00,7617.95
2026-01-19 11:10:00,9114
2026-01-19 11:20:00,6989.45
2026-01-19 11:30:00,6333.233333333333
2026-01-19 11:40:00,8384.7
2026-01-19 11:50:00,11714.133333333333
2026-01-19 12:00:00,14276.5
2026-01-19 12:10:00,15104.433333333334
2026-01-19 12:20:00,9832.55
2026-01-19 12:30:00,17544.800000000003
2026-01-19 12:40:00,16700.300000000003
2026-01-19 12:50:00,14138.566666666666
2026-01-19 13:00:00,14967.7
2026-01-19 13:10:00,16212.800000000001
2026-01-19 13:20:00,16138.099999999999
2026-01-19 13:30:00,15557.833333333334
2026-01-19 13:40:00,15490.25
2026-01-19 13:50:00,12318.733333333332
2026-01-19 14:00:00,8910.05
2026-01-19 14:10:00,13032.666666666666
2026-01-19 14:20:00,10562.45
2026-01-19 14:30:00,10266
2026-01-19 14:40:00,13485.8
2026-01-19 14:50:00,10240.2
2026-01-19 15:00:00,8210.55
2026-01-19 15:10:00,6786.033333333333
2026-01-19 15:20:00,9538.55
2026-01-19 15:30:00,7614.866666666666
2026-01-19 15:40:00,9674
2026-01-19 15:50:00,9695.233333333332
2026-01-19 16:00:00,7360.799999999999
2026-01-19 16:10:00,7139.933333333333
2026-01-19 16:20:00,4883.6
2026-01-19 16:30:00,6905.233333333333
2026-01-19 16:40:00,6580.2
2026-01-19 16:50:00,4294.666666666667
2026-01-19 17:00:00,1832.15
2026-01-19 17:10:00,1338.1666666666667
2026-01-19 17:20:00,608.25
2026-01-19 17:30:00,437.46666666666664
2026-01-19 17:40:00,198.1
2026-01-19 17:50:00,51
2026-01-19 18:00:00,4.6000000000000005
2026-01-19 18:10:00,0
2026-01-19 18:20:00,0
2026-01-19 18:30:00,0
2026-01-19 18:40:00,0
2026-01-19 18:50:00,0
2026-01-19 19:00:00,0
2026-01-19 19:10:00,0
2026-01-19 19:20:00,0
2026-01-19 19:30:00,0
2026-01-19 19:40:00,0
2026-01-19 19:50:00,0
2026-01-19 20:00:00,0
2026-01-19 20:10:00,0
2026-01-19 20:20:00,0
2026-01-19 20:30:00,0
2026-01-19 20:40:00,0
2026-01-19 20:50:00,0
2026-01-19 21:00:00,0
2026-01-19 21:10:00,0
2026-01-19 21:20:00,0
2026-01-19 21:30:00,0
2026-01-19 21:40:00,0
2026-01-19 21:50:00,0
2026-01-19 22:00:00,0
2026-01-19 22:10:00,0
2026-01-19 22:20:00,0
2026-01-19 22:30:00,0
2026-01-19 22:40:00,0
2026-01-19 22:50:00,0
2026-01-19 23:00:00,0
2026-01-19 23:10:00,0
2026-01-19 23:20:00,0
2026-01-19 23:30:00,0
2026-01-19 23:40:00,0
2026-01-19 23:50:00,0
2026-01-20 00:00:00,0
2026-01-20 00:10:00,0
2026-01-20 00:20:00,0
2026-01-20 00:30:00,0
2026-01-20 00:40:00,0
2026-01-20 00:50:00,0
2026-01-20 01:00:00,0
2026-01-20 01:10:00,0
2026-01-20 01:20:00,0
2026-01-20 01:30:00,0
2026-01-20 01:40:00,0
2026-01-20 01:50:00,0
2026-01-20 02:00:00,0
2026-01-20 02:10:00,0
2026-01-20 02:20:00,0
2026-01-20 02:30:00,0
2026-01-20 02:40:00,0
2026-01-20 02:50:00,0
2026-01-20 03:00:00,0
2026-01-20 03:10:00,0
2026-01-20 03:20:00,0
2026-01-20 03:30:00,0
2026-01-20 03:40:00,0
2026-01-20 03:50:00,0
2026-01-20 04:00:00,0
2026-01-20 04:10:00,0
2026-01-20 04:20:00,0
2026-01-20 04:30:00,0
2026-01-20 04:40:00,0
2026-01-20 04:50:00,0
2026-01-20 05:00:00,0
2026-01-20 05:10:00,0
2026-01-20 05:20:00,0
2026-01-20 05:30:00,0
2026-01-20 05:40:00,0
2026-01-20 05:50:00,18.433333333333334
2026-01-20 06:00:00,151.15
2026-01-20 06:10:00,499.5
2026-01-20 06:20:00,1265.4
2026-01-20 06:30:00,1996.2
2026-01-20 06:40:00,2296.6499999999996
2026-01-20 06:50:00,1955.6333333333332
2026-01-20 07:00:00,2646.85
2026-01-20 07:10:00,2780.2000000000003
2026-01-20 07:20:00,3263.35
2026-01-20 07:30:00,3392.6999999999994
2026-01-20 07:40:00,3101.2
2026-01-20 07:50:00,4384.366666666666
2026-01-20 08:00:00,4939.799999999999
2026-01-20 08:10:00,5273.366666666667
2026-01-20 08:20:00,5769.200000000001
2026-01-20 08:30:00,5866.266666666666
2026-01-20 08:40:00,5381.200000000001
2026-01-20 08:50:00,6794.033333333334
2026-01-20 09:00:00,7230.85
2026-01-20 09:10:00,7370.933333333333
2026-01-20 09:20:00,6742.45
2026-01-20 09:30:00,6793.400000000001
2026-01-20 09:40:00,9836.25
2026-01-20 09:50:00,10027.033333333333
2026-01-20 10:00:00,7904.549999999999
2026-01-20 10:10:00,7582.933333333333
2026-01-20 10:20:00,8437.25
2026-01-20 10:30:00,8718.366666666667
2026-01-20 10:40:00,6853.049999999999
2026-01-20 10:50:00,6434
2026-01-20 11:00:00,5304.700000000001
2026-01-20 11:10:00,4642.400000000001
2026-01-20 11:20:00,5653.1
2026-01-20 11:30:00,8154.933333333333
2026-01-20 11:40:00,8729.4
2026-01-20 11:50:00,8061.566666666667
2026-01-20 12:00:00,9341.3
2026-01-20 12:10:00,8537.1
2026-01-20 12:20:00,7425.35
2026-01-20 12:30:00,6503.433333333333
2026-01-20 12:40:00,9057.5
2026-01-20 12:50:00,9075.9
2026-01-20 13:00:00,9662.05
2026-01-20 13:10:00,8648.9
2026-01-20 13:20:00,8061.25
2026-01-20 13:30:00,9209.866666666667
2026-01-20 13:40:00,9480.5
2026-01-20 13:50:00,12275.733333333332
2026-01-20 14:00:00,10258.3
2026-01-20 14:10:00,9864.8
2026-01-20 14:20:00,7603.2
2026-01-20 14:30:00,6450.599999999999
2026-01-20 14:40:00,4315.85
2026-01-20 14:50:00,4449.466666666666
2026-01-20 15:00:00,5074.35
2026-01-20 15:10:00,6026.033333333334
2026-01-20 15:20:00,6416.200000000001
2026-01-20 15:30:00,5519.766666666666
2026-01-20 15:40:00,5019.049999999999
2026-01-20 15:50:00,4091.9
2026-01-20 16:00:00,4094.65
2026-01-20 16:10:00,4184.666666666667
2026-01-20 16:20:00,4277.1
2026-01-20 16:30:00,2986
2026-01-20 16:40:00,2668.95
2026-01-20 16:50:00,2168.8333333333335
2026-01-20 17:00:00,1671.8
2026-01-20 17:10:00,1419.8999999999999
2026-01-20 17:20:00,743.75
2026-01-20 17:30:00,337.3
2026-01-20 17:40:00,141.95
2026-01-20 17:50:00,31.933333333333334
2026-01-20 18:00:00,1.85
2026-01-20 18:10:00,0
2026-01-20 18:20:00,0
2026-01-20 18:30:00,0
2026-01-20 18:40:00,0
2026-01-20 18:50:00,0
2026-01-20 19:00:00,0
2026-01-20 19:10:00,0
2026-01-20 19:20:00,0
2026-01-20 19:30:00,0
2026-01-20 19:40:00,0
2026-01-20 19:50:00,0
2026-01-20 20:00:00,0
2026-01-20 20:10:00,0
2026-01-20 20:20:00,0
2026-01-20 20:30:00,0
2026-01-20 20:40:00,0
2026-01-20 20:50:00,0
2026-01-20 21:00:00,0
2026-01-20 21:10:00,0
2026-01-20 21:20:00,0
2026-01-20 21:30:00,0
2026-01-20 21:40:00,0
2026-01-20 21:50:00,0
2026-01-20 22:00:00,0
2026-01-20 22:10:00,0
2026-01-20 22:20:00,0
2026-01-20 22:30:00,0
2026-01-20 22:40:00,0
2026-01-20 22:50:00,0
2026-01-20 23:00:00,0
2026-01-20 23:10:00,0
2026-01-20 23:20:00,0
2026-01-20 23:30:00,0
2026-01-20 23:40:00,0
2026-01-20 23:50:00,0
2026-01-21 00:00:00,0
2026-01-21 00:10:00,0
2026-01-21 00:20:00,0
2026-01-21 00:30:00,0
2026-01-21 00:40:00,0
2026-01-21 00:50:00,0
2026-01-21 01:00:00,0
2026-01-21 01:10:00,0
2026-01-21 01:20:00,0
2026-01-21 01:30:00,0
2026-01-21 01:40:00,0
2026-01-21 01:50:00,0
2026-01-21 02:00:00,0
2026-01-21 02:10:00,0
2026-01-21 02:20:00,0
2026-01-21 02:30:00,0
2026-01-21 02:40:00,0
2026-01-21 02:50:00,0
2026-01-21 03:00:00,0
2026-01-21 03:10:00,0
2026-01-21 03:20:00,0
2026-01-21 03:30:00,0
2026-01-21 03:40:00,0
2026-01-21 03:50:00,0
2026-01-21 04:00:00,0
2026-01-21 04:10:00,0
2026-01-21 04:20:00,0
2026-01-21 07:40:00,2639.5
2026-01-21 10:40:00,14384.3
2026-01-21 13:30:00,4821.8
2026-02-16 19:40:00,0
2026-02-16 19:50:00,0
2026-02-16 20:00:00,0
2026-02-16 20:10:00,0
2026-02-16 20:20:00,0
2026-02-16 20:30:00,0
2026-02-16 20:40:00,0
2026-02-16 20:50:00,0
2026-02-16 21:00:00,0
2026-02-16 21:10:00,0
2026-02-16 21:20:00,0
2026-02-16 21:30:00,0
2026-02-16 21:40:00,0
2026-02-16 21:50:00,0
2026-02-16 22:00:00,0
2026-02-16 22:10:00,0
2026-02-16 22:20:00,0
2026-02-16 22:30:00,0
2026-02-16 22:40:00,0
2026-02-16 22:50:00,0
2026-02-16 23:00:00,0
2026-02-16 23:10:00,0
2026-02-16 23:20:00,0
2026-02-16 23:30:00,0
2026-02-16 23:40:00,0
2026-02-16 23:50:00,0
2026-02-17 00:00:00,0
2026-02-17 00:10:00,0
2026-02-17 00:20:00,0
2026-02-17 00:30:00,0
2026-02-17 00:40:00,0
2026-02-17 00:50:00,0
2026-02-17 01:00:00,0
2026-02-17 01:10:00,0
2026-02-17 01:20:00,0
2026-02-17 01:30:00,0
2026-02-17 01:40:00,0
2026-02-17 01:50:00,0
2026-02-17 02:00:00,0
2026-02-17 02:10:00,0
2026-02-17 02:20:00,0
2026-02-17 02:30:00,0
2026-02-17 02:40:00,0
2026-02-17 02:50:00,0
2026-02-17 03:00:00,0
2026-02-17 03:10:00,0
2026-02-17 03:20:00,0
2026-02-17 03:30:00,0
2026-02-17 03:40:00,0
2026-02-17 03:50:00,0
2026-02-17 04:00:00,0
2026-02-17 04:10:00,0
2026-02-17 04:20:00,0
2026-02-17 04:30:00,0
2026-02-17 04:40:00,0
2026-02-17 04:50:00,0
2026-02-17 05:00:00,0
2026-02-17 05:10:00,0
2026-02-17 05:20:00,0
2026-02-17 05:30:00,0
2026-02-17 05:40:00,0.9
2026-02-17 05:50:00,22.099999999999998
2026-02-17 06:00:00,133.65
2026-02-17 06:10:00,415.3333333333333
2026-02-17 06:20:00,838.65
2026-02-17 06:30:00,1383.0333333333335
2026-02-17 06:40:00,1728
2026-02-17 06:50:00,1957.5
2026-02-17 07:00:00,3027.45
2026-02-17 07:10:00,5031.333333333333
2026-02-17 07:20:00,5914.85
2026-02-17 07:30:00,3597.933333333333
2026-02-17 07:40:00,5451.25
2026-02-17 07:50:00,5692.399999999999
2026-02-17 08:00:00,8348.75
2026-02-17 08:10:00,6048.166666666667
2026-02-17 08:20:00,5064.200000000001
2026-02-17 08:30:00,4266.366666666666
2026-02-17 08:40:00,5115.8
2026-02-17 08:50:00,7008.466666666667
2026-02-17 09:00:00,6865.9
2026-02-17 09:10:00,8939.5
2026-02-17 09:20:00,7705.5
2026-02-17 09:30:00,7051.466666666667
2026-02-17 09:40:00,7730.4
2026-02-17 09:50:00,8927.833333333334
2026-02-17 10:00:00,10317.3
2026-02-17 10:10:00,13530.333333333334
2026-02-17 10:20:00,15998.05
2026-02-17 10:30:00,10200.9
2026-02-17 10:40:00,9048.25
2026-02-17 10:50:00,11752.833333333334
2026-02-17 11:00:00,7788.450000000001
2026-02-17 11:10:00,9061.800000000001
2026-02-17 11:20:00,9749.6
2026-02-17 11:30:00,13322.633333333333
2026-02-17 11:40:00,13459.949999999999
2026-02-17 11:50:00,8682.066666666668
2026-02-17 12:00:00,16152.85
2026-02-17 12:10:00,13677.133333333333
2026-02-17 12:20:00,16539.05
2026-02-17 12:30:00,14502.9
2026-02-17 12:40:00,16302.2
2026-02-17 12:50:00,10901.933333333332
2026-02-17 13:00:00,12745.7
2026-02-17 13:10:00,6490.533333333333
2026-02-17 13:20:00,5707.450000000001
2026-02-17 13:30:00,6718.433333333333
2026-02-17 13:40:00,6912
2026-02-17 13:50:00,6980.8
2026-02-17 14:00:00,6787.6
2026-02-17 14:10:00,5916.066666666667
2026-02-17 14:20:00,6422.65
2026-02-17 14:30:00,5441.766666666667
2026-02-17 14:40:00,4327.799999999999
2026-02-17 14:50:00,4464.233333333333
2026-02-17 15:00:00,3642.1499999999996
2026-02-17 15:10:00,3588.7000000000003
2026-02-17 15:20:00,4014.45
2026-02-17 15:30:00,4520.766666666667
2026-02-17 15:40:00,7477.85
2026-02-17 15:50:00,6634.299999999999
2026-02-17 16:00:00,3931.55
2026-02-17 16:10:00,2753.7333333333336
2026-02-17 16:20:00,3794.25
2026-02-17 16:30:00,5178.8
2026-02-17 16:40:00,3233
2026-02-17 16:50:00,2517.2000000000003
2026-02-17 17:00:00,2290.1499999999996
2026-02-17 17:10:00,1378.1000000000001
2026-02-17 17:20:00,966.75
2026-02-17 17:30:00,655.6
2026-02-17 17:40:00,275.55
2026-02-17 17:50:00,95.23333333333333
2026-02-17 18:00:00,17.55
2026-02-17 18:10:00,1.2333333333333334
2026-02-17 18:20:00,0
2026-02-17 18:30:00,0
2026-02-17 18:40:00,0
2026-02-17 18:50:00,0
2026-02-17 19:00:00,0
2026-02-17 19:10:00,0
2026-02-17 19:20:00,0
2026-02-17 19:30:00,0
2026-02-17 19:40:00,0
2026-02-17 19:50:00,0
2026-02-17 20:00:00,0
2026-02-17 20:10:00,0
2026-02-17 20:20:00,0
2026-02-17 20:30:00,0
2026-02-17 20:40:00,0
2026-02-17 20:50:00,0
2026-02-17 21:00:00,0
2026-02-17 21:10:00,0
2026-02-17 21:20:00,0
2026-02-17 21:30:00,0
2026-02-17 21:40:00,0
2026-02-17 21:50:00,0
2026-02-17 22:00:00,0
2026-02-17 22:10:00,0
2026-02-17 22:20:00,0
2026-02-17 22:30:00,0
2026-02-17 22:40:00,0
2026-02-17 22:50:00,0
2026-02-17 23:00:00,0
2026-02-17 23:10:00,0
2026-02-17 23:20:00,0
2026-02-17 23:30:00,0
2026-02-17 23:40:00,0
2026-02-17 23:50:00,0
2026-02-18 00:00:00,0
2026-02-18 00:10:00,0
2026-02-18 00:20:00,0
2026-02-18 00:30:00,0
2026-02-18 00:40:00,0
2026-02-18 00:50:00,0
2026-02-18 01:00:00,0
2026-02-18 01:10:00,0
2026-02-18 01:20:00,0
2026-02-18 01:30:00,0
2026-02-18 01:40:00,0
2026-02-18 01:50:00,0
2026-02-18 02:00:00,0
2026-02-18 02:10:00,0
2026-02-18 02:20:00,0
2026-02-18 02:30:00,0
2026-02-18 02:40:00,0
2026-02-18 02:50:00,0
2026-02-18 03:00:00,0
2026-02-18 03:10:00,0
2026-02-18 03:20:00,0
2026-02-18 03:30:00,0
2026-02-18 03:40:00,0
2026-02-18 03:50:00,0
2026-02-18 04:00:00,0
2026-02-18 04:10:00,0
2026-02-18 04:20:00,0
2026-02-18 04:30:00,0
2026-02-18 04:40:00,0
2026-02-18 04:50:00,0
2026-02-18 05:00:00,0
2026-02-18 05:10:00,0
2026-02-18 05:20:00,0
2026-02-18 05:30:00,0
2026-02-18 05:40:00,0.9
2026-02-18 05:50:00,26.433333333333334
2026-02-18 06:00:00,145.6
2026-02-18 06:10:00,413.5
2026-02-18 06:20:00,779.6500000000001
2026-02-18 06:30:00,1094.8666666666668
2026-02-18 06:40:00,1525.25
2026-02-18 06:50:00,2006.6333333333332
2026-02-18 07:00:00,2127.95
2026-02-18 07:10:00,2800.433333333333
2026-02-18 07:20:00,5082.6
2026-02-18 07:30:00,3961.633333333333
2026-02-18 07:40:00,6042.95
2026-02-18 07:50:00,4760.366666666667
2026-02-18 08:00:00,7655.7
2026-02-18 08:10:00,6626.900000000001
2026-02-18 08:20:00,4392.35
2026-02-18 08:30:00,5493.966666666667
2026-02-18 08:40:00,6833.65
2026-02-18 08:50:00,8287
2026-02-18 09:00:00,10632.5
2026-02-18 09:10:00,7009.7
2026-02-18 09:20:00,8826.15
2026-02-18 09:30:00,8264.9
2026-02-18 09:40:00,6789.45
2026-02-18 09:50:00,10152.966666666667
2026-02-18 10:00:00,8181.05
2026-02-18 10:10:00,8562.266666666666
2026-02-18 10:20:00,10495.15
2026-02-18 10:30:00,11916.266666666668
2026-02-18 10:40:00,14288.45
2026-02-18 10:50:00,10387.066666666668
2026-02-18 11:00:00,13017.599999999999
2026-02-18 11:10:00,10004.866666666667
2026-02-18 11:20:00,7652.049999999999
2026-02-18 11:30:00,8419.1
2026-02-18 11:40:00,10547.75
2026-02-18 11:50:00,8035.133333333334
2026-02-18 12:00:00,12935.599999999999
2026-02-18 12:10:00,8654.433333333332
2026-02-18 12:20:00,12559.6
2026-02-18 12:30:00,13728.733333333332
2026-02-18 12:40:00,13907.849999999999
2026-02-18 12:50:00,16187.566666666666
2026-02-18 13:00:00,14467.3
2026-02-18 13:10:00,9958.199999999999
2026-02-18 13:20:00,7940.5
2026-02-18 13:30:00,11401.4
2026-02-18 13:40:00,14118
2026-02-18 13:50:00,12397.366666666667
2026-02-18 14:00:00,14051.65
2026-02-18 14:10:00,12242.533333333333
2026-02-18 14:20:00,12095.05
2026-02-18 14:30:00,9367.733333333334
2026-02-18 14:40:00,7506.450000000001
2026-02-18 14:50:00,9656.5
2026-02-18 15:00:00,8169.05
2026-02-18 15:10:00,6269.65
2026-02-18 15:20:00,8892.199999999999
2026-02-18 15:30:00,6582.05
2026-02-18 15:40:00,7680.599999999999
2026-02-18 15:50:00,7099.1
2026-02-18 16:00:00,7749.400000000001
2026-02-18 16:10:00,4113.1
2026-02-18 16:20:00,6765.766666666667
2026-02-18 16:30:00,4143.5
2026-02-18 16:40:00,2608.733333333333
2026-02-18 16:50:00,921.6
2026-02-18 17:00:00,931.4333333333333
2026-02-18 17:10:00,1295.8
2026-02-18 17:20:00,1027.8999999999999
2026-02-18 17:30:00,881.95
2026-02-18 17:40:00,442.9666666666667
2026-02-18 17:50:00,116.1
2026-02-18 18:00:00,25.8
2026-02-18 18:10:00,0.9
2026-02-18 18:20:00,0
2026-02-18 18:30:00,0
2026-02-18 18:40:00,0
2026-02-18 18:50:00,0
2026-02-18 19:00:00,0
2026-02-18 19:10:00,0
2026-02-18 19:20:00,0
2026-02-18 19:30:00,0
2026-02-18 19:40:00,0
2026-02-18 19:50:00,0
2026-02-18 20:00:00,0
2026-02-18 20:10:00,0
2026-02-18 20:20:00,0
2026-02-18 20:30:00,0
2026-02-18 20:40:00,0
2026-02-18 20:50:00,0
2026-02-18 21:00:00,0
2026-02-18 21:10:00,0
2026-02-18 21:20:00,0
2026-02-18 21:30:00,0
2026-02-18 21:40:00,0
2026-02-18 21:50:00,0
2026-02-18 22:00:00,0
2026-02-18 22:10:00,0
2026-02-18 22:20:00,0
2026-02-18 22:30:00,0
2026-02-18 22:40:00,0
2026-02-18 22:50:00,0
2026-02-18 23:00:00,0
2026-02-18 23:10:00,0
2026-02-18 23:20:00,0
2026-02-18 23:30:00,0
2026-02-18 23:40:00,0
2026-02-18 23:50:00,0
2026-02-19 00:00:00,0
2026-02-19 00:10:00,0
2026-02-19 00:20:00,0
2026-02-19 00:30:00,0
2026-02-19 00:40:00,0
2026-02-19 00:50:00,0
2026-02-19 01:00:00,0
2026-02-19 01:10:00,0
2026-02-19 01:20:00,0
2026-02-19 01:30:00,0
2026-02-19 01:40:00,0
2026-02-19 01:50:00,0
2026-02-19 02:00:00,0
2026-02-19 02:10:00,0
2026-02-19 02:20:00,0
2026-02-19 02:30:00,0
2026-02-19 02:40:00,0
2026-02-19 02:50:00,0
2026-02-19 03:00:00,0
2026-02-19 03:10:00,0
2026-02-19 03:20:00,0
2026-02-19 03:30:00,0
2026-02-19 03:40:00,0
2026-02-19 03:50:00,0
2026-02-19 04:00:00,0
2026-02-19 04:10:00,0
2026-02-19 04:20:00,0
2026-02-19 04:30:00,0
2026-02-19 04:40:00,0
2026-02-19 04:50:00,0
2026-02-19 05:00:00,0
2026-02-19 05:10:00,0
2026-02-19 05:20:00,0
2026-02-19 05:30:00,0
2026-02-19 05:40:00,1.2333333333333334
2026-02-19 05:50:00,24.85
2026-02-19 06:00:00,113.66666666666667
2026-02-19 06:10:00,281.1
2026-02-19 06:20:00,478.6333333333334
2026-02-19 06:30:00,1525.25
2026-02-19 06:40:00,2095.066666666667
2026-02-19 06:50:00,2290.2
2026-02-19 07:00:00,3845.5
2026-02-19 07:10:00,4549
2026-02-19 07:20:00,3331.2999999999997
2026-02-19 07:30:00,3897.45
2026-02-19 07:40:00,4104.8
2026-02-19 07:50:00,6650.25
2026-02-19 08:00:00,6626.3
2026-02-19 08:10:00,5509.35
2026-02-19 08:20:00,4451.333333333333
2026-02-19 08:30:00,8920.15
2026-02-19 08:40:00,9096.833333333334
2026-02-19 08:50:00,9821.5
2026-02-19 09:00:00,6386.066666666667
2026-02-19 09:10:00,7192.15
2026-02-19 09:20:00,6742.400000000001
2026-02-19 09:30:00,7331.3
2026-02-19 09:40:00,6899.133333333334
2026-02-19 09:50:00,4896.45
2026-02-19 10:00:00,3967.1666666666665
2026-02-19 10:10:00,4777.55
2026-02-19 10:20:00,5379.666666666667
2026-02-19 10:30:00,4270.7
2026-02-19 10:40:00,3853.5
2026-02-19 10:50:00,2868
2026-02-19 11:00:00,3431.4
2026-02-19 11:10:00,3394.25
2026-02-19 11:20:00,3387.8333333333335
2026-02-19 11:30:00,3600.7
2026-02-19 11:40:00,3712.8333333333335
2026-02-19 11:50:00,5125.049999999999
2026-02-19 12:00:00,5081.066666666667
2026-02-19 12:10:00,6590.35
2026-02-19 12:20:00,3432.6666666666665
2026-02-19 12:30:00,2622.9
2026-02-19 12:40:00,2906.733333333333
2026-02-19 12:50:00,3208.1000000000004
2026-02-19 13:00:00,3382.9
2026-02-19 13:10:00,3234.8
2026-02-19 13:20:00,1724.0333333333335
2026-02-19 13:30:00,1258.9
2026-02-19 13:40:00,1508.966666666667
2026-02-19 13:50:00,2317.8
2026-02-19 14:00:00,1467.8
2026-02-19 14:10:00,658
2026-02-19 14:20:00,655.5666666666666
2026-02-19 14:30:00,620.2
2026-02-19 14:40:00,666
2026-02-19 14:50:00,612.9
2026-02-19 15:00:00,726.2333333333332
2026-02-19 15:10:00,874.6
2026-02-19 15:20:00,1362.1000000000001
2026-02-19 15:30:00,2355.6000000000004
2026-02-19 15:40:00,5038.066666666667
2026-02-19 15:50:00,5148.049999999999
2026-02-19 16:00:00,5570.766666666666
2026-02-19 16:10:00,5220.9
2026-02-19 16:20:00,6844.433333333334
2026-02-19 16:30:00,2706.75
2026-02-19 16:40:00,1670.5666666666666
2026-02-19 16:50:00,1800.8
2026-02-19 17:00:00,1042.6333333333334
2026-02-19 17:10:00,1081.05
2026-02-19 17:20:00,709
2026-02-19 17:30:00,422.1
2026-02-19 17:40:00,169.56666666666666
2026-02-19 17:50:00,68.2
2026-02-19 18:00:00,16.566666666666666
2026-02-19 18:10:00,0
2026-02-19 18:20:00,0
2026-02-19 18:30:00,0
2026-02-19 18:40:00,0
2026-02-19 18:50:00,0
2026-02-19 19:00:00,0
2026-02-19 19:10:00,0
2026-02-19 19:20:00,0
2026-02-19 19:30:00,0
2026-02-19 19:40:00,0
2026-02-19 19:50:00,0
2026-02-19 20:00:00,0
2026-02-19 20:10:00,0
2026-02-19 20:20:00,0
2026-02-19 20:30:00,0
2026-02-19 20:40:00,0
2026-02-19 20:50:00,0
2026-02-19 21:00:00,0
2026-02-19 21:10:00,0
2026-02-19 21:20:00,0
2026-02-19 21:30:00,0
2026-02-19 21:40:00,0
2026-02-19 21:50:00,0
2026-02-19 22:00:00,0
2026-02-19 22:10:00,0
2026-02-19 22:20:00,0
2026-02-19 22:30:00,0
2026-02-19 22:40:00,0
2026-02-19 22:50:00,0
2026-02-19 23:00:00,0
2026-02-19 23:10:00,0
2026-02-19 23:20:00,0
2026-02-19 23:30:00,0
2026-02-19 23:40:00,0
2026-02-19 23:50:00,0
2026-02-20 00:00:00,0
2026-02-20 00:10:00,0
2026-02-20 00:20:00,0
2026-02-20 00:30:00,0
2026-02-20 00:40:00,0
2026-02-20 00:50:00,0
2026-02-20 01:00:00,0
2026-02-20 01:10:00,0
2026-02-20 01:20:00,0
2026-02-20 01:30:00,0
2026-02-20 01:40:00,0
2026-02-20 01:50:00,0
2026-02-20 02:00:00,0
2026-02-20 02:10:00,0
2026-02-20 02:20:00,0
2026-02-20 02:30:00,0
2026-02-20 02:40:00,0
2026-02-20 02:50:00,0
2026-02-20 03:00:00,0
2026-02-20 03:10:00,0
2026-02-20 03:20:00,0
2026-02-20 03:30:00,0
2026-02-20 03:40:00,0
2026-02-20 03:50:00,0
2026-02-20 04:00:00,0
2026-02-20 04:10:00,0
2026-02-20 04:20:00,0
2026-02-20 04:30:00,0
2026-02-20 04:40:00,0
2026-02-20 04:50:00,0
2026-02-20 05:00:00,0
2026-02-20 05:10:00,0
2026-02-20 05:20:00,0
2026-02-20 05:30:00,0
2026-02-20 05:40:00,0.9
2026-02-20 05:50:00,28.866666666666664
2026-02-20 06:00:00,144.7
2026-02-20 06:10:00,471.23333333333335
2026-02-20 06:20:00,901.3
2026-02-20 06:30:00,1199.9333333333334
2026-02-20 06:40:00,1554.75
2026-02-20 06:50:00,3182
2026-02-20 07:00:00,5799.6
2026-02-20 07:10:00,4842.7
2026-02-20 07:20:00,3232.05
2026-02-20 07:30:00,6432.766666666666
2026-02-20 07:40:00,7956.200000000001
2026-02-20 07:50:00,8339.233333333335
2026-02-20 08:00:00,7332.25
2026-02-20 08:10:00,7418.266666666666
2026-02-20 08:20:00,7187.55
2026-02-20 08:30:00,7512.900000000001
2026-02-20 08:40:00,6816.15
2026-02-20 08:50:00,7120.900000000001
2026-02-20 09:00:00,6455.8
2026-02-20 09:10:00,6019.266666666667
2026-02-20 09:20:00,8761.65
2026-02-20 09:30:00,10080.466666666665
2026-02-20 09:40:00,11027.85
2026-02-20 09:50:00,11886.833333333334
2026-02-20 10:00:00,11479.45
2026-02-20 10:10:00,9808.3
2026-02-20 10:20:00,9550.5
2026-02-20 10:30:00,9200.033333333333
2026-02-20 10:40:00,10956
2026-02-20 10:50:00,8803.733333333332
2026-02-20 11:00:00,7862.200000000001
2026-02-20 11:10:00,7725.466666666667
2026-02-20 11:20:00,12258.2
2026-02-20 11:30:00,13287.633333333333
2026-02-20 11:40:00,16081.95
2026-02-20 11:50:00,14524.4
2026-02-20 12:00:00,10782.7
2026-02-20 12:10:00,12450.833333333334
2026-02-20 12:20:00,16248.75
2026-02-20 12:30:00,12803.5
2026-02-20 12:40:00,13578.85
2026-02-20 12:50:00,15352.633333333333
2026-02-20 13:00:00,15417.45
2026-02-20 13:10:00,14016.300000000001
2026-02-20 13:20:00,15961.150000000001
2026-02-20 13:30:00,14880.766666666668
2026-02-20 13:40:00,14749.3
2026-02-20 13:50:00,8465.199999999999
2026-02-20 14:00:00,4378.5
2026-02-20 14:10:00,4730.866666666667
2026-02-20 14:20:00,5186.75
2026-02-20 14:30:00,4819.05
2026-02-20 14:40:00,3103.3333333333335
2026-02-20 14:50:00,1988.35
2026-02-20 15:00:00,3079.3333333333335
2026-02-20 15:10:00,3458.8
2026-02-20 15:20:00,4140.433333333333
2026-02-20 15:30:00,5287.200000000001
2026-02-20 15:40:00,6196.233333333333
2026-02-20 15:50:00,5583.950000000001
2026-02-20 16:00:00,4117.099999999999
2026-02-20 16:10:00,1970.4
2026-02-20 16:20:00,2208.133333333333
2026-02-20 16:30:00,1374.15
2026-02-20 16:40:00,1604.8333333333333
2026-02-20 16:50:00,1615.5500000000002
2026-02-20 17:00:00,589.1999999999999
2026-02-20 17:10:00,161.3
2026-02-20 17:20:00,330.375
2026-02-20 17:30:00,304.43333333333334
2026-02-20 17:40:00,145.65
2026-02-20 17:50:00,70.03333333333333
2026-02-20 18:00:00,6.449999999999999
2026-02-20 18:10:00,0
2026-02-20 18:20:00,0
2026-02-20 18:30:00,0
2026-02-20 18:40:00,0
2026-02-20 18:50:00,0
2026-02-20 19:00:00,0
2026-02-20 19:10:00,0
2026-02-20 19:20:00,0
2026-02-20 19:30:00,0
2026-02-20 19:40:00,0
2026-02-20 19:50:00,0
2026-02-20 20:00:00,0
2026-02-20 20:10:00,0
2026-02-20 20:20:00,0
2026-02-20 20:30:00,0
2026-02-20 20:40:00,0
2026-02-20 20:50:00,0
2026-02-20 21:00:00,0
2026-02-20 21:10:00,0
2026-02-20 21:20:00,0
2026-02-20 21:30:00,0
2026-02-20 21:40:00,0
2026-02-20 21:50:00,0
2026-02-20 22:00:00,0
2026-02-20 22:10:00,0
2026-02-20 22:20:00,0
2026-02-20 22:30:00,0
2026-02-20 22:40:00,0
2026-02-20 22:50:00,0
2026-02-20 23:00:00,0
2026-02-20 23:10:00,0
2026-02-20 23:20:00,0
2026-02-20 23:30:00,0
2026-02-20 23:40:00,0
2026-02-20 23:50:00,0
2026-02-21 00:00:00,0
2026-02-21 00:10:00,0
2026-02-21 00:20:00,0
2026-02-21 00:30:00,0
2026-02-21 00:40:00,0
2026-02-21 00:50:00,0
2026-02-21 01:00:00,0
2026-02-21 01:10:00,0
2026-02-21 01:20:00,0
2026-02-21 01:30:00,0
2026-02-21 01:40:00,0
2026-02-21 01:50:00,0
2026-02-21 02:00:00,0
2026-02-21 02:10:00,0
2026-02-21 02:20:00,0
2026-02-21 02:30:00,0
2026-02-21 02:40:00,0
2026-02-21 02:50:00,0
2026-02-21 03:00:00,0
2026-02-21 03:10:00,0
2026-02-21 03:20:00,0
2026-02-21 03:30:00,0
2026-02-21 03:40:00,0
2026-02-21 03:50:00,0
2026-02-21 04:00:00,0
2026-02-21 04:10:00,0
2026-02-21 04:20:00,0
2026-02-21 04:30:00,0
2026-02-21 04:40:00,0
2026-02-21 04:50:00,0
2026-02-21 05:00:00,0
2026-02-21 05:10:00,0
2026-02-21 05:20:00,0
2026-02-21 05:30:00,0
2026-02-21 05:40:00,1.2333333333333334
2026-02-21 05:50:00,27.65
2026-02-21 06:00:00,159.76666666666665
2026-02-21 06:10:00,364.04999999999995
2026-02-21 06:20:00,439.3
2026-02-21 06:30:00,585.2
2026-02-21 06:40:00,831.9333333333333
2026-02-21 06:50:00,1285.65
2026-02-21 07:00:00,1417.4333333333334
2026-02-21 07:10:00,2063.45
2026-02-21 07:20:00,2209.366666666667
2026-02-21 07:30:00,1883.75
2026-02-21 07:40:00,1924.3
2026-02-21 07:50:00,2859.75
2026-02-21 08:00:00,4654.733333333334
2026-02-21 08:10:00,5651.25
2026-02-21 08:20:00,4790.466666666666
2026-02-21 08:30:00,4875.3
2026-02-21 08:40:00,5557.25
2026-02-21 08:50:00,5334.833333333333
2026-02-21 09:00:00,5213.2
2026-02-21 09:10:00,5732.35
2026-02-21 09:20:00,4859.900000000001
2026-02-21 09:30:00,4855
2026-02-21 09:40:00,4665.133333333333
2026-02-21 09:50:00,4096.5
2026-02-21 10:00:00,4004.066666666666
2026-02-21 10:10:00,3331.6000000000004
2026-02-21 10:20:00,3846.7666666666664
2026-02-21 10:30:00,8329.45
2026-02-21 10:40:00,7941.100000000001
2026-02-21 10:50:00,7839.15
2026-02-21 11:00:00,12779.8
2026-02-21 11:10:00,12816.966666666665
2026-02-21 11:20:00,8957.95
2026-02-21 11:30:00,7501.833333333333
2026-02-21 11:40:00,7229.049999999999
2026-02-21 11:50:00,9118.300000000001
2026-02-21 12:00:00,13107
2026-02-21 12:10:00,15944.9
2026-02-21 12:20:00,16903.95
2026-02-21 12:30:00,10224.233333333332
2026-02-21 12:40:00,11332.900000000001
2026-02-21 12:50:00,11247.200000000003
2026-02-21 13:00:00,15479.2
2026-02-21 13:10:00,10970.733333333332
2026-02-21 13:20:00,10499.75
2026-02-21 13:30:00,9255.933333333332
2026-02-21 13:40:00,6402.4
2026-02-21 13:50:00,4931.166666666667
2026-02-21 14:00:00,3903
2026-02-21 14:10:00,3508.8666666666663
2026-02-21 14:20:00,2570.35
2026-02-21 14:30:00,2718.733333333333
2026-02-21 14:40:00,2381.4
2026-02-21 14:50:00,2374.05
2026-02-21 15:00:00,2044.7333333333333
2026-02-21 15:10:00,2302.15
2026-02-21 15:20:00,2114.133333333333
2026-02-21 15:30:00,1970.4
2026-02-21 15:40:00,968.9
2026-02-21 15:50:00,1197.15
2026-02-21 16:00:00,1189.466666666667
2026-02-21 16:10:00,814.65
2026-02-21 16:20:00,694.9
2026-02-21 16:30:00,913.3000000000001
2026-02-21 16:40:00,753.9
2026-02-21 16:50:00,704.1
2026-02-21 17:00:00,556.6333333333333
2026-02-21 17:10:00,282
2026-02-21 17:20:00,174.5
2026-02-21 17:30:00,251.6
2026-02-21 17:40:00,122.86666666666667
2026-02-21 17:50:00,44.25
2026-02-21 18:00:00,9.233333333333333
2026-02-21 18:10:00,0
2026-02-21 18:20:00,0
2026-02-21 18:30:00,0
2026-02-21 18:40:00,0
2026-02-21 18:50:00,0
2026-02-21 19:00:00,0
2026-02-21 19:10:00,0
2026-02-21 19:20:00,0
2026-02-21 19:30:00,0
2026-02-21 19:40:00,0
2026-02-21 19:50:00,0
2026-02-21 20:00:00,0
2026-02-21 20:10:00,0
2026-02-21 20:20:00,0
2026-02-21 20:30:00,0
2026-02-21 20:40:00,0
2026-02-21 20:50:00,0
2026-02-21 21:00:00,0
2026-02-21 21:10:00,0
2026-02-21 21:20:00,0
2026-02-21 21:30:00,0
2026-02-21 21:40:00,0
2026-02-21 21:50:00,0
2026-02-21 22:00:00,0
2026-02-21 22:10:00,0
2026-02-21 22:20:00,0
2026-02-21 22:30:00,0
2026-02-21 22:40:00,0
2026-02-21 22:50:00,0
2026-02-21 23:00:00,0
2026-02-21 23:10:00,0
2026-02-21 23:20:00,0
2026-02-21 23:30:00,0
2026-02-21 23:40:00,0
2026-02-21 23:50:00,0
2026-02-22 00:00:00,0
2026-02-22 00:10:00,0
2026-02-22 00:20:00,0
2026-02-22 00:30:00,0
2026-02-22 00:40:00,0
2026-02-22 00:50:00,0
2026-02-22 01:00:00,0
2026-02-22 01:10:00,0
2026-02-22 01:20:00,0
2026-02-22 01:30:00,0
2026-02-22 01:40:00,0
2026-02-22 01:50:00,0
2026-02-22 02:00:00,0
2026-02-22 02:10:00,0
2026-02-22 02:20:00,0
2026-02-22 02:30:00,0
2026-02-22 02:40:00,0
2026-02-22 02:50:00,0
2026-02-22 03:00:00,0
2026-02-22 03:10:00,0
2026-02-22 03:20:00,0
2026-02-22 03:30:00,0
2026-02-22 03:40:00,0
2026-02-22 03:50:00,0
2026-02-22 04:00:00,0
2026-02-22 04:10:00,0
2026-02-22 04:20:00,0
2026-02-22 04:30:00,0
2026-02-22 04:40:00,0
2026-02-22 04:50:00,0
2026-02-22 05:00:00,0
2026-02-22 05:10:00,0
2026-02-22 05:20:00,0
2026-02-22 05:30:00,0
2026-02-22 05:40:00,1.8333333333333333
2026-02-22 05:50:00,31.333333333333332
2026-02-22 06:00:00,154.8
2026-02-22 06:10:00,297.9666666666667
2026-02-22 06:20:00,333.65
2026-02-22 06:30:00,615.0333333333333
2026-02-22 06:40:00,1062.6
2026-02-22 06:50:00,1326.5
2026-02-22 07:00:00,1442.3000000000002
2026-02-22 07:10:00,1761.4666666666665
2026-02-22 07:20:00,1449.65
2026-02-22 07:30:00,1572.2666666666664
2026-02-22 07:40:00,1888.35
2026-02-22 07:50:00,2010.3
2026-02-22 08:00:00,2683.7
2026-02-22 08:10:00,4051.3333333333335
2026-02-22 08:20:00,7743.3
2026-02-22 08:30:00,8141.400000000001
2026-02-22 08:40:00,10374.45
2026-02-22 08:50:00,8658.766666666666
2026-02-22 09:00:00,7269.6
2026-02-22 09:10:00,12903.6
2026-02-22 09:20:00,11308.05
2026-02-22 09:30:00,8679
2026-02-22 09:40:00,5665.05
2026-02-22 09:50:00,4007.133333333333
2026-02-22 10:00:00,4788.6
2026-02-22 10:10:00,9326
2026-02-22 10:20:00,15783.349999999999
2026-02-22 10:30:00,8221.300000000001
2026-02-22 10:40:00,15431.3
2026-02-22 10:50:00,5787.633333333334
2026-02-22 11:00:00,5511.15
2026-02-22 11:10:00,5340.366666666666
2026-02-22 11:20:00,5737.85
2026-02-22 11:30:00,4498.033333333333
2026-02-22 11:40:00,9182.8
2026-02-22 11:50:00,8851.033333333333
2026-02-22 12:00:00,6078.9
2026-02-22 12:10:00,7518.433333333333
2026-02-22 12:20:00,5108.4
2026-02-22 12:30:00,4750.533333333334
2026-02-22 12:40:00,5296.45
2026-02-22 12:50:00,6886.2
2026-02-22 13:00:00,7094.5
2026-02-22 13:10:00,6144.033333333333
2026-02-22 13:20:00,12037
2026-02-22 13:30:00,13596.033333333333
2026-02-22 13:40:00,13017.599999999999
2026-02-22 13:50:00,8098.400000000001
2026-02-22 14:00:00,10592.85
2026-02-22 14:10:00,8024.099999999999
2026-02-22 14:20:00,7563.55
2026-02-22 14:30:00,5643.266666666666
2026-02-22 14:40:00,7981.049999999999
2026-02-22 14:50:00,8234.800000000001
2026-02-22 15:00:00,4958.200000000001
2026-02-22 15:10:00,6809.399999999999
2026-02-22 15:20:00,6952.549999999999
2026-02-22 15:30:00,4640.566666666667
2026-02-22 15:40:00,6004.25
2026-02-22 15:50:00,6358.433333333333
2026-02-22 16:00:00,6360.900000000001
2026-02-22 16:10:00,3996.6666666666665
2026-02-22 16:20:00,3231.15
2026-02-22 16:30:00,2895.0333333333333
2026-02-22 16:40:00,3392.4
2026-02-22 16:50:00,1772.5333333333335
2026-02-22 17:00:00,1525.25
2026-02-22 17:10:00,940.6333333333332
2026-02-22 17:20:00,1044.1999999999998
2026-02-22 17:30:00,597.1999999999999
2026-02-22 17:40:00,247
2026-02-22 17:50:00,71.3
2026-02-22 18:00:00,23.950000000000003
2026-02-22 18:10:00,3.066666666666667
2026-02-22 18:20:00,0
2026-02-22 18:30:00,0
2026-02-22 18:40:00,0
2026-02-22 18:50:00,0
2026-02-22 19:00:00,0
2026-02-22 19:10:00,0
2026-02-22 19:20:00,0
2026-02-22 19:30:00,0
2026-02-22 19:40:00,0
2026-02-22 19:50:00,0
2026-02-22 20:00:00,0
2026-02-22 20:10:00,0
2026-02-22 20:20:00,0
2026-02-22 20:30:00,0
2026-02-22 20:40:00,0
2026-02-22 20:50:00,0
2026-02-22 21:00:00,0
2026-02-22 21:10:00,0
2026-02-22 21:20:00,0
2026-02-22 21:30:00,0
2026-02-22 21:40:00,0
2026-02-22 21:50:00,0
2026-02-22 22:00:00,0
2026-02-22 22:10:00,0
2026-02-22 22:20:00,0
2026-02-22 22:30:00,0
2026-02-22 22:40:00,0
2026-02-22 22:50:00,0
2026-02-22 23:00:00,0
2026-02-22 23:10:00,0
2026-02-22 23:20:00,0
2026-02-22 23:30:00,0
2026-02-22 23:40:00,0
2026-02-22 23:50:00,0
2026-02-23 00:00:00,0
2026-02-23 00:10:00,0
2026-02-23 00:20:00,0
2026-02-23 00:30:00,0
2026-02-23 00:40:00,0
2026-02-23 00:50:00,0
2026-02-23 01:00:00,0
2026-02-23 01:10:00,0
2026-02-23 01:20:00,0
2026-02-23 01:30:00,0
2026-02-23 01:40:00,0
2026-02-23 01:50:00,0
2026-02-23 02:00:00,0
2026-02-23 02:10:00,0
2026-02-23 02:20:00,0
2026-02-23 02:30:00,0
2026-02-23 02:40:00,0
2026-02-23 02:50:00,0
2026-02-23 03:00:00,0
2026-02-23 03:10:00,0
2026-02-23 03:20:00,0
2026-02-23 03:30:00,0
2026-02-23 03:40:00,0
2026-02-23 03:50:00,0
2026-02-23 04:00:00,0
2026-02-23 04:10:00,0
2026-02-23 04:20:00,0
2026-02-23 04:30:00,0
2026-02-23 04:40:00,0
2026-02-23 04:50:00,0
2026-02-23 05:00:00,0
2026-02-23 05:10:00,0
2026-02-23 05:20:00,0
2026-02-23 05:30:00,0
2026-02-23 05:40:00,1.85
2026-02-23 05:50:00,47.93333333333334
2026-02-23 06:00:00,209.2
2026-02-23 06:10:00,491.5333333333333
2026-02-23 06:20:00,791.6500000000001
2026-02-23 06:30:00,1030.9333333333334
2026-02-23 06:40:00,1865.35
2026-02-23 06:50:00,3862.1333333333337
2026-02-23 07:00:00,4672.5
2026-02-23 07:10:00,5172.599999999999
2026-02-23 07:20:00,5836.5
2026-02-23 07:30:00,6399.599999999999
2026-02-23 07:40:00,7049.3
2026-02-23 07:50:00,7555.900000000001
2026-02-23 08:00:00,8130.35
2026-02-23 08:10:00,8610.2
2026-02-23 08:20:00,9267.599999999999
2026-02-23 08:30:00,9768.966666666667
2026-02-23 08:40:00,10082.3
2026-02-23 08:50:00,10729.266666666665
2026-02-23 09:00:00,11286.8
2026-02-23 09:10:00,11776.199999999999
2026-02-23 09:20:00,12024.1
2026-02-23 09:30:00,12394.299999999997
2026-02-23 09:40:00,12858.15
2026-02-23 09:50:00,13287.6
2026-02-23 10:00:00,13774.2
2026-02-23 10:10:00,14130.6
2026-02-23 10:20:00,14412.9
2026-02-23 10:30:00,14745
2026-02-23 10:40:00,15085.7
2026-02-23 10:50:00,15458.9
2026-02-23 11:00:00,15901.25
2026-02-23 11:10:00,15317
2026-02-23 11:20:00,16941.75
2026-02-23 11:30:00,17181.699999999997
2026-02-23 11:40:00,15629.400000000001
2026-02-23 11:50:00,11787.866666666669
2026-02-23 12:00:00,9261.15
2026-02-23 12:10:00,11897.833333333334
2026-02-23 12:20:00,7329.45
2026-02-23 12:30:00,7248.666666666667
2026-02-23 12:40:00,8353.35
2026-02-23 12:50:00,7822.566666666666
2026-02-23 13:00:00,7603.200000000001
2026-02-23 13:10:00,7960.766666666667
2026-02-23 13:20:00,9422.45
2026-02-23 13:30:00,6700.666666666667
2026-02-23 13:40:00,7493.55
2026-02-23 13:50:00,10323.133333333333
2026-02-23 14:00:00,8309.150000000001
2026-02-23 14:10:00,7030.599999999999
2026-02-23 14:20:00,5371.1
2026-02-23 14:30:00,5059
2026-02-23 14:40:00,4372.1
2026-02-23 14:50:00,5758.766666666667
2026-02-23 15:00:00,8260.3
2026-02-23 15:10:00,6163.666666666667
2026-02-23 15:20:00,4835.65
2026-02-23 15:30:00,4431.666666666667
2026-02-23 15:40:00,3863.35
2026-02-23 15:50:00,3070.766666666667
2026-02-23 16:00:00,2430.25
2026-02-23 16:10:00,1819.2333333333336
2026-02-23 16:20:00,1642.3
2026-02-23 16:30:00,2114.133333333333
2026-02-23 16:40:00,2300.35
2026-02-23 16:50:00,1815.5666666666668
2026-02-23 17:00:00,1575
2026-02-23 17:10:00,1218.3666666666668
2026-02-23 17:20:00,920.7
2026-02-23 17:30:00,839.9333333333334
2026-02-23 17:40:00,538.2
2026-02-23 17:50:00,167.1
2026-02-23 18:00:00,29.5
2026-02-23 18:10:00,3.066666666666667
2026-02-23 18:20:00,0
2026-02-23 18:30:00,0
2026-02-23 18:40:00,0
2026-02-23 18:50:00,0
2026-02-23 19:00:00,0
2026-02-23 19:10:00,0
2026-02-23 19:20:00,0
2026-02-23 19:30:00,0
2026-02-23 19:40:00,0
2026-02-23 19:50:00,0
2026-02-23 20:00:00,0
2026-02-23 20:10:00,0
2026-02-23 20:20:00,0
2026-02-23 20:30:00,0
2026-02-23 20:40:00,0
2026-02-23 20:50:00,0
2026-02-23 21:00:00,0
2026-02-23 21:10:00,0
2026-02-23 21:20:00,0
2026-02-23 21:30:00,0
2026-02-23 21:40:00,0
2026-02-23 21:50:00,0
2026-02-23 22:00:00,0
2026-02-23 22:10:00,0
2026-02-23 22:20:00,0
2026-02-23 22:30:00,0
2026-02-23 22:40:00,0
2026-02-23 22:50:00,0
2026-02-23 23:00:00,0
2026-02-23 23:10:00,0
2026-02-23 23:20:00,0
2026-02-23 23:30:00,0
2026-02-23 23:40:00,0
2026-02-23 23:50:00,0
2026-02-24 00:00:00,0
2026-02-24 00:10:00,0
2026-02-24 00:20:00,0
2026-02-24 00:30:00,0
2026-02-24 00:40:00,0
2026-02-24 00:50:00,0
2026-02-24 01:00:00,0
2026-02-24 01:10:00,0
2026-02-24 01:20:00,0
2026-02-24 01:30:00,0
2026-02-24 01:40:00,0
2026-02-24 01:50:00,0
2026-02-24 02:00:00,0
2026-02-24 02:10:00,0
2026-02-24 02:20:00,0
2026-02-24 02:30:00,0
2026-02-24 02:40:00,0
2026-02-24 02:50:00,0
2026-02-24 03:00:00,0
2026-02-24 03:10:00,0
2026-02-24 03:20:00,0
2026-02-24 03:30:00,0
2026-02-24 03:40:00,0
2026-02-24 03:50:00,0
2026-02-24 04:00:00,0
2026-02-24 04:10:00,0
2026-02-24 04:20:00,0
2026-02-24 04:30:00,0
2026-02-24 04:40:00,0
2026-02-24 04:50:00,0
2026-02-24 05:00:00,0
2026-02-24 05:10:00,0
2026-02-24 05:20:00,0
2026-02-24 05:30:00,0
2026-02-24 05:40:00,3.65
2026-02-24 05:50:00,57.166666666666664
2026-02-24 06:00:00,220.25
2026-02-24 06:10:00,455.8666666666666
2026-02-24 06:20:00,634.0999999999999
2026-02-24 06:30:00,1066.6000000000001
2026-02-24 06:40:00,1298.55
2026-02-24 06:50:00,2724.233333333333
2026-02-24 07:00:00,3115.8999999999996
2026-02-24 07:10:00,2198.933333333333
2026-02-24 07:20:00,1993.4
2026-02-24 07:30:00,5221.133333333334
2026-02-24 07:40:00,4465.200000000001
2026-02-24 07:50:00,5275.866666666668
2026-02-24 08:00:00,4627.35
2026-02-24 08:10:00,5038.7
2026-02-24 08:20:00,4965.6
2026-02-24 08:30:00,5293.7
2026-02-24 08:40:00,2351
2026-02-24 08:50:00,2182.9666666666667
2026-02-24 09:00:00,2727.95
2026-02-24 09:10:00,2829.3333333333335
2026-02-24 09:20:00,3144.45
2026-02-24 09:30:00,3964.1333333333337
2026-02-24 09:40:00,3757.3500000000004
2026-02-24 09:50:00,6003.900000000001
2026-02-24 10:00:00,6023.6
2026-02-24 10:10:00,4523.8
2026-02-24 10:20:00,4201.6
2026-02-24 10:30:00,10836.166666666666
2026-02-24 10:40:00,8312.8
2026-02-24 10:50:00,6761.466666666667
2026-02-24 11:00:00,7042.85
2026-02-24 11:10:00,8492.233333333334
2026-02-24 11:20:00,6082.55
2026-02-24 11:30:00,4889.366666666666
2026-02-24 11:40:00,6074.3
2026-02-24 11:50:00,5129
2026-02-24 12:00:00,4526.9
2026-02-24 12:10:00,4100.2
2026-02-24 12:20:00,3804.3333333333335
2026-02-24 12:30:00,3515.9
2026-02-24 12:40:00,4500.466666666666
2026-02-24 12:50:00,5435.6
2026-02-24 13:00:00,5778.400000000001
2026-02-24 13:10:00,6063.200000000001
2026-02-24 13:20:00,6437.7
2026-02-24 13:30:00,5714.85
2026-02-24 13:40:00,5630.366666666666
2026-02-24 13:50:00,6101.9
2026-02-24 14:00:00,9712.433333333332
2026-02-24 14:10:00,7507.35
2026-02-24 14:20:00,5105.066666666667
2026-02-24 14:30:00,5298.3
2026-02-24 14:40:00,5783.966666666667
2026-02-24 14:50:00,4144.45
2026-02-24 15:00:00,3591.1666666666665
2026-02-24 15:10:00,4114.9
2026-02-24 15:20:00,4329.7
2026-02-24 15:30:00,4102
2026-02-24 15:40:00,3598.566666666667
2026-02-24 15:50:00,4313.1
2026-02-24 16:00:00,4972.333333333333
2026-02-24 16:10:00,3051.3999999999996
2026-02-24 16:20:00,4208.633333333334
2026-02-24 16:30:00,3197.95
2026-02-24 16:40:00,2330.4333333333334
2026-02-24 16:50:00,2628.4
2026-02-24 17:00:00,1759.0333333333335
2026-02-24 17:10:00,1410.05
2026-02-24 17:20:00,1219.5666666666668
2026-02-24 17:30:00,843.25
2026-02-24 17:40:00,511.1666666666667
2026-02-24 17:50:00,200
2026-02-24 18:00:00,47.93333333333333
2026-02-24 18:10:00,2.75
2026-02-24 18:20:00,0
2026-02-24 18:30:00,0
2026-02-24 18:40:00,0
2026-02-24 18:50:00,0
2026-02-24 19:00:00,0
2026-02-24 19:10:00,0
2026-02-24 19:20:00,0
2026-02-24 19:30:00,0
2026-02-24 19:40:00,0
2026-02-24 19:50:00,0
2026-02-24 20:00:00,0
2026-02-24 20:10:00,0
2026-02-24 20:20:00,0
2026-02-24 20:30:00,0
2026-02-24 20:40:00,0
2026-02-24 20:50:00,0
2026-02-24 21:00:00,0
2026-02-24 21:10:00,0
2026-02-24 21:20:00,0
2026-02-24 21:30:00,0
2026-02-24 21:40:00,0
2026-02-24 21:50:00,0
2026-02-24 22:00:00,0
2026-02-24 22:10:00,0
2026-02-24 22:20:00,0
2026-02-24 22:30:00,0
2026-02-24 22:40:00,0
2026-02-24 22:50:00,0
2026-02-24 23:00:00,0
2026-02-24 23:10:00,0
2026-02-24 23:20:00,0
2026-02-24 23:30:00,0
2026-02-24 23:40:00,0
2026-02-24 23:50:00,0
2026-02-25 00:00:00,0
2026-02-25 00:10:00,0
2026-02-25 00:20:00,0
2026-02-25 00:30:00,0
2026-02-25 00:40:00,0
2026-02-25 00:50:00,0
2026-02-25 01:00:00,0
2026-02-25 01:10:00,0
2026-02-25 01:20:00,0
2026-02-25 01:30:00,0
2026-02-25 01:40:00,0
2026-02-25 01:50:00,0
2026-02-25 02:00:00,0
2026-02-25 02:10:00,0
2026-02-25 02:20:00,0
2026-02-25 02:30:00,0
2026-02-25 02:40:00,0
2026-02-25 02:50:00,0
2026-02-25 03:00:00,0
2026-02-25 03:10:00,0
2026-02-25 03:20:00,0
2026-02-25 03:30:00,0
2026-02-25 03:40:00,0
2026-02-25 03:50:00,0
2026-02-25 04:00:00,0
2026-02-25 04:10:00,0
2026-02-25 04:20:00,0
2026-02-25 04:30:00,0
2026-02-25 04:40:00,0
2026-02-25 04:50:00,0
2026-02-25 05:00:00,0
2026-02-25 05:10:00,0
2026-02-25 05:20:00,0
2026-02-25 05:30:00,0
2026-02-25 05:40:00,1.8333333333333333
2026-02-25 05:50:00,30.450000000000003
2026-02-25 06:00:00,156.66666666666666
2026-02-25 06:10:00,503.20000000000005
2026-02-25 06:20:00,1152.6000000000001
2026-02-25 06:30:00,1684.65
2026-02-25 06:40:00,1486.2666666666664
2026-02-25 06:50:00,2054.25
2026-02-25 07:00:00,4432.866666666667
2026-02-25 07:10:00,4894.6
2026-02-25 07:20:00,4827.333333333333
2026-02-25 07:30:00,4188.65
2026-02-25 07:40:00,5769.833333333333
2026-02-25 07:50:00,8049.25
2026-02-25 08:00:00,7724.2
2026-02-25 08:10:00,8335.9
2026-02-25 08:20:00,8194.866666666667
2026-02-25 08:30:00,9619.650000000001
2026-02-25 08:40:00,10974.433333333332
2026-02-25 08:50:00,12045.35
2026-02-25 09:00:00,9799.699999999999
2026-02-25 09:10:00,12536.5
2026-02-25 09:20:00,8109.466666666667
2026-02-25 09:30:00,9473.1
2026-02-25 09:40:00,9335.8
2026-02-25 09:50:00,7451.15
2026-02-25 10:00:00,7949.133333333334
2026-02-25 10:10:00,10064.8
2026-02-25 10:20:00,7288
2026-02-25 10:30:00,6472.4
2026-02-25 10:40:00,6734.433333333333
2026-02-25 10:50:00,5708.4
2026-02-25 11:00:00,5168.3
2026-02-25 11:10:00,5224.549999999999
2026-02-25 11:20:00,5347.733333333334
2026-02-25 11:30:00,5599.65
2026-02-25 11:40:00,6347.366666666666
2026-02-25 11:50:00,5231.9
2026-02-25 12:00:00,4276.833333333333
2026-02-25 12:10:00,3772.1499999999996
2026-02-25 12:20:00,4129.966666666666
2026-02-25 12:30:00,3921.4
2026-02-25 12:40:00,5412.833333333333
2026-02-25 12:50:00,5210.75
2026-02-25 13:00:00,4999.966666666666
2026-02-25 13:10:00,5172
2026-02-25 13:20:00,6097.900000000001
2026-02-25 13:30:00,9240.849999999999
2026-02-25 13:40:00,10049.733333333334
2026-02-25 13:50:00,7004.15
2026-02-25 14:00:00,7760.5
2026-02-25 14:10:00,10345.85
2026-02-25 14:20:00,8003.8
2026-02-25 14:30:00,8533.1
2026-02-25 14:40:00,6414.933333333333
2026-02-25 14:50:00,4510.3
2026-02-25 15:00:00,4005.2666666666664
2026-02-25 15:10:00,3985
2026-02-25 15:20:00,4165.633333333334
2026-02-25 15:30:00,3753.7
2026-02-25 15:40:00,3280.2666666666664
2026-02-25 15:50:00,3800.65
2026-02-25 16:00:00,2990.9
2026-02-25 16:10:00,2520.55
2026-02-25 16:20:00,2657.2999999999997
2026-02-25 16:30:00,2817.3
2026-02-25 16:40:00,2117.233333333333
2026-02-25 16:50:00,1549.1999999999998
2026-02-25 17:00:00,1096.1000000000001
2026-02-25 17:10:00,782.45
2026-02-25 17:20:00,487.8333333333333
2026-02-25 17:30:00,381.55
2026-02-25 17:50:00,105.06666666666666
2026-02-25 18:00:00,19.35
2026-02-25 18:10:00,1.8333333333333333
2026-02-25 18:20:00,0
2026-02-25 18:30:00,0
2026-02-25 18:40:00,0
2026-02-25 18:50:00,0
2026-02-25 19:00:00,0
2026-02-25 19:10:00,0
2026-02-25 19:20:00,0
2026-02-25 19:30:00,0
2026-02-25 19:40:00,0
2026-02-25 19:50:00,0
2026-02-25 20:00:00,0
2026-02-25 20:10:00,0
2026-02-25 20:20:00,0
2026-02-25 20:30:00,0
2026-02-25 20:40:00,0
2026-02-25 20:50:00,0
2026-02-25 21:00:00,0
2026-02-25 21:10:00,0
2026-02-25 21:20:00,0
2026-02-25 21:30:00,0
2026-02-25 21:40:00,0
2026-02-25 21:50:00,0
2026-02-25 22:00:00,0
2026-02-25 22:10:00,0
2026-02-25 22:20:00,0
2026-02-25 22:30:00,0
2026-02-25 22:40:00,0
2026-02-25 22:50:00,0
2026-02-25 23:00:00,0
2026-02-25 23:10:00,0
2026-02-25 23:20:00,0
2026-02-25 23:30:00,0
2026-02-25 23:40:00,0
2026-02-25 23:50:00,0
2026-02-26 00:00:00,0
2026-02-26 00:10:00,0
2026-02-26 00:20:00,0
2026-02-26 00:30:00,0
2026-02-26 00:40:00,0
2026-02-26 00:50:00,0
2026-02-26 01:00:00,0
2026-02-26 01:10:00,0
2026-02-26 01:20:00,0
2026-02-26 01:30:00,0
2026-02-26 01:40:00,0
2026-02-26 01:50:00,0
2026-02-26 02:00:00,0
2026-02-26 02:10:00,0
2026-02-26 02:20:00,0
2026-02-26 02:30:00,0
2026-02-26 02:40:00,0
2026-02-26 02:50:00,0
2026-02-26 03:00:00,0
2026-02-26 03:10:00,0
2026-02-26 03:20:00,0
2026-02-26 03:30:00,0
2026-02-26 03:40:00,0
2026-02-26 03:50:00,0
2026-02-26 04:00:00,0
2026-02-26 04:10:00,0
2026-02-26 04:20:00,0
2026-02-26 04:30:00,0
2026-02-26 04:40:00,0
2026-02-26 04:50:00,0
2026-02-26 05:00:00,0
2026-02-26 05:10:00,0
2026-02-26 05:20:00,0
2026-02-26 05:30:00,0
2026-02-26 05:40:00,5.533333333333334
2026-02-26 05:50:00,51.6
2026-02-26 06:00:00,229.80000000000004
2026-02-26 06:10:00,498.6
2026-02-26 06:20:00,766.1333333333333
2026-02-26 06:30:00,1000.8499999999999
2026-02-26 06:40:00,1850.5666666666668
2026-02-26 06:50:00,3700.2
2026-02-26 07:00:00,4491.233333333334
2026-02-26 07:10:00,5191.4
2026-02-26 07:20:00,5780.866666666666
2026-02-26 07:30:00,6302.799999999999
2026-02-26 07:40:00,6987.566666666667
2026-02-26 07:50:00,7568.15
2026-02-26 08:00:00,8132.833333333333
2026-02-26 08:10:00,8662.099999999999
2026-02-26 08:20:00,9185.9
2026-02-26 08:30:00,9663.85
2026-02-26 08:40:00,10112.4
2026-02-26 08:50:00,10515.45
2026-02-26 09:00:00,10990.366666666667
2026-02-26 09:10:00,11400.2
2026-02-26 09:20:00,11864.699999999999
2026-02-26 09:30:00,12431.5
2026-02-26 09:40:00,12773.966666666665
2026-02-26 09:50:00,13118.95
2026-02-26 10:00:00,13403.166666666666
2026-02-26 10:10:00,13725.400000000001
2026-02-26 10:20:00,14018.133333333331
2026-02-26 10:30:00,14299.55
2026-02-26 10:40:00,14514.6
2026-02-26 10:50:00,14694
2026-02-26 11:00:00,15497.633333333331
2026-02-26 11:10:00,15437.75
2026-02-26 11:20:00,15586.066666666666
2026-02-26 11:30:00,15598.1
2026-02-26 11:40:00,15669.666666666666
2026-02-26 11:50:00,15785.15
2026-02-26 12:00:00,15602.066666666666
2026-02-26 12:10:00,15163.1
2026-02-26 12:20:00,15208.266666666665
2026-02-26 12:30:00,15111.45
2026-02-26 12:40:00,15027
2026-02-26 12:50:00,14824.849999999999
2026-02-26 13:00:00,14628.266666666668
2026-02-26 13:10:00,14431.35
2026-02-26 13:20:00,14228.866666666667
2026-02-26 13:30:00,14030.45
2026-02-26 13:40:00,13733.699999999999
2026-02-26 13:50:00,13494.1
2026-02-26 14:00:00,13455.366666666669
2026-02-26 14:10:00,12883.05
2026-02-26 14:20:00,12116.6
2026-02-26 14:30:00,11801.1
2026-02-26 14:40:00,11373.766666666668
2026-02-26 14:50:00,10945.85
2026-02-26 15:00:00,10518.5
2026-02-26 15:10:00,10062.95
2026-02-26 15:20:00,9606.166666666666
2026-02-26 15:30:00,9078.7
2026-02-26 15:40:00,8576.400000000001
2026-02-26 15:50:00,8105.450000000001
2026-02-26 16:00:00,7438.533333333333
2026-02-26 16:10:00,6883.45
2026-02-26 16:20:00,5224.866666666667
2026-02-26 16:30:00,5720.35
2026-02-26 16:40:00,4015.1
2026-02-26 16:50:00,3994.2
2026-02-26 17:00:00,3255.7000000000003
2026-02-26 17:10:00,1434.0500000000002
2026-02-26 17:20:00,1209.7666666666667
2026-02-26 17:30:00,846
2026-02-26 17:40:00,496.43333333333334
2026-02-26 17:50:00,207.4
2026-02-26 18:00:00,49.166666666666664
2026-02-26 18:10:00,3.65
2026-02-26 18:20:00,0
2026-02-26 18:30:00,0
2026-02-26 18:40:00,0
2026-02-26 18:50:00,0
2026-02-26 19:00:00,0
2026-02-26 19:10:00,0
2026-02-26 19:20:00,0
2026-02-26 19:30:00,0
2026-02-26 19:40:00,0
2026-02-26 19:50:00,0
2026-02-26 20:00:00,0
2026-02-26 20:10:00,0
2026-02-26 20:20:00,0
2026-02-26 20:30:00,0
2026-02-26 20:40:00,0
2026-02-26 20:50:00,0
2026-02-26 21:00:00,0
2026-02-26 21:10:00,0
2026-02-26 21:20:00,0
2026-02-26 21:30:00,0
2026-02-26 21:40:00,0
2026-02-26 21:50:00,0
2026-02-26 22:00:00,0
2026-02-26 22:10:00,0
2026-02-26 22:20:00,0
2026-02-26 22:30:00,0
2026-02-26 22:40:00,0
2026-02-26 22:50:00,0
2026-02-26 23:00:00,0
2026-02-26 23:10:00,0
2026-02-26 23:20:00,0
2026-02-26 23:30:00,0
2026-02-26 23:40:00,0
2026-02-26 23:50:00,0
2026-02-27 00:00:00,0
2026-02-27 00:10:00,0
2026-02-27 00:20:00,0
2026-02-27 00:30:00,0
2026-02-27 00:40:00,0
2026-02-27 00:50:00,0
2026-02-27 01:00:00,0
2026-02-27 01:10:00,0
2026-02-27 01:20:00,0
2026-02-27 01:30:00,0
2026-02-27 01:40:00,0
2026-02-27 01:50:00,0
2026-02-27 02:00:00,0
2026-02-27 02:10:00,0
2026-02-27 02:20:00,0
2026-02-27 02:30:00,0
2026-02-27 02:40:00,0
2026-02-27 02:50:00,0
2026-02-27 03:00:00,0
2026-02-27 03:10:00,0
2026-02-27 03:20:00,0
2026-02-27 03:30:00,0
2026-02-27 03:40:00,0
2026-02-27 03:50:00,0
2026-02-27 04:00:00,0
2026-02-27 04:10:00,0
2026-02-27 04:20:00,0
2026-02-27 04:30:00,0
2026-02-27 04:40:00,0
2026-02-27 04:50:00,0
2026-02-27 05:00:00,0
2026-02-27 05:10:00,0
2026-02-27 05:20:00,0
2026-02-27 05:30:00,0
2026-02-27 05:40:00,7.366666666666667
2026-02-27 05:50:00,61.75
2026-02-27 06:00:00,249.4333333333333
2026-02-27 06:10:00,531.8
2026-02-27 06:20:00,825.1333333333333
2026-02-27 06:30:00,1071.8
2026-02-27 06:40:00,2350.6666666666665
2026-02-27 06:50:00,3681.8
2026-02-27 07:00:00,4430.466666666666
2026-02-27 07:10:00,5165.549999999999
2026-02-27 07:20:00,5808.533333333333
2026-02-27 07:30:00,6385.75
2026-02-27 07:40:00,6959.3
2026-02-27 07:50:00,7491.7
2026-02-27 08:00:00,8028.966666666666
2026-02-27 08:10:00,8645.55
2026-02-27 08:20:00,9076.533333333335
2026-02-27 08:30:00,9517.4
2026-02-27 08:40:00,9954.5
2026-02-27 08:50:00,10466.599999999999
2026-02-27 09:00:00,10930.800000000001
2026-02-27 09:10:00,11389.15
2026-02-27 09:20:00,11781.1
2026-02-27 09:30:00,12213.05
2026-02-27 09:40:00,12594.566666666666
2026-02-27 09:50:00,13045.2
2026-02-27 10:00:00,13388.4
2026-02-27 10:10:00,13701.4
2026-02-27 10:20:00,13950.566666666666
2026-02-27 10:30:00,14158.5
2026-02-27 10:40:00,14479.566666666666
2026-02-27 10:50:00,14684.8
2026-02-27 11:00:00,14862.366666666667
2026-02-27 11:10:00,15043.3
2026-02-27 11:20:00,15123.466666666667
2026-02-27 11:30:00,15540.95
2026-02-27 11:40:00,15586.066666666668
2026-02-27 11:50:00,15250.650000000001
2026-02-27 12:00:00,15152.300000000001
2026-02-27 12:10:00,15221.150000000001
2026-02-27 12:20:00,15175.666666666666
2026-02-27 12:30:00,15056.2
2026-02-27 12:40:00,14955.733333333332
2026-02-27 12:50:00,14725.349999999999
2026-02-27 13:00:00,14541
2026-02-27 13:10:00,14364.05
2026-02-27 13:20:00,14161.299999999997
2026-02-27 13:30:00,13977.900000000001
2026-02-27 13:40:00,13701.733333333332
2026-02-27 13:50:00,13441.5
2026-02-27 14:00:00,13583.166666666666
2026-02-27 14:10:00,12411.2
2026-02-27 14:20:00,12097.533333333333
2026-02-27 14:30:00,11716.3
2026-02-27 14:40:00,11351.033333333335
2026-02-27 14:50:00,10897
2026-02-27 15:00:00,10485.333333333334
2026-02-27 15:10:00,10029.75
2026-02-27 15:20:00,9469.133333333333
2026-02-27 15:30:00,9008.6
2026-02-27 15:40:00,8503.933333333332
2026-02-27 15:50:00,8100.85
2026-02-27 16:00:00,7923.933333333334
2026-02-27 16:10:00,7042.9
2026-02-27 16:20:00,4598.766666666666
2026-02-27 16:30:00,4427.4
2026-02-27 16:40:00,3911.9
2026-02-27 16:50:00,4013.55
2026-02-27 17:00:00,3150.0333333333333
2026-02-27 17:10:00,1442.3000000000002
2026-02-27 17:20:00,1228.8333333333333
2026-02-27 17:30:00,814.7
2026-02-27 17:40:00,479.2333333333333
2026-02-27 17:50:00,192.65
2026-02-27 18:00:00,43.03333333333333
2026-02-27 18:10:00,2.75
2026-02-27 18:20:00,0
2026-02-27 18:30:00,0
2026-02-27 18:40:00,0
2026-02-27 18:50:00,0
2026-02-27 19:00:00,0
2026-02-27 19:10:00,0
2026-02-27 19:20:00,0
2026-02-27 19:30:00,0
2026-02-27 19:40:00,0
2026-02-27 19:50:00,0
2026-02-27 20:00:00,0
2026-02-27 20:10:00,0
2026-02-27 20:20:00,0
2026-02-27 20:30:00,0
2026-02-27 20:40:00,0
2026-02-27 20:50:00,0
2026-02-27 21:00:00,0
2026-02-27 21:10:00,0
2026-02-27 21:20:00,0
2026-02-27 21:30:00,0
2026-02-27 21:40:00,0
2026-02-27 21:50:00,0
2026-02-27 22:00:00,0
2026-02-27 22:10:00,0
2026-02-27 22:20:00,0
2026-02-27 22:30:00,0
2026-02-27 22:40:00,0
2026-02-27 22:50:00,0
2026-02-27 23:00:00,0
2026-02-27 23:10:00,0
2026-02-27 23:20:00,0
2026-02-27 23:30:00,0
2026-02-27 23:40:00,0
2026-02-27 23:50:00,0
2026-02-28 00:00:00,0
2026-02-28 00:10:00,0
2026-02-28 00:20:00,0
2026-02-28 00:30:00,0
2026-02-28 00:40:00,0
2026-02-28 00:50:00,0
2026-02-28 01:00:00,0
2026-02-28 01:10:00,0
2026-02-28 01:20:00,0
2026-02-28 01:30:00,0
2026-02-28 01:40:00,0
2026-02-28 01:50:00,0
2026-02-28 02:00:00,0
2026-02-28 02:10:00,0
2026-02-28 02:20:00,0
2026-02-28 02:30:00,0
2026-02-28 02:40:00,0
2026-02-28 02:50:00,0
2026-02-28 03:00:00,0
2026-02-28 03:10:00,0
2026-02-28 03:20:00,0
2026-02-28 03:30:00,0
2026-02-28 03:40:00,0
2026-02-28 03:50:00,0
2026-02-28 04:00:00,0
2026-02-28 04:10:00,0
2026-02-28 04:20:00,0
2026-02-28 04:30:00,0
2026-02-28 04:40:00,0
2026-02-28 04:50:00,0
2026-02-28 05:00:00,0
2026-02-28 05:10:00,0
2026-02-28 05:20:00,0
2026-02-28 05:30:00,0
2026-02-28 05:40:00,9.833333333333334
2026-02-28 05:50:00,78.35
2026-02-28 06:00:00,288.1333333333334
2026-02-28 06:10:00,618.4
2026-02-28 06:20:00,905.6333333333333
2026-02-28 06:30:00,1152.9499999999998
2026-02-28 06:40:00,2413.9666666666667
2026-02-28 06:50:00,3634.8
2026-02-28 07:00:00,4480.233333333334
2026-02-28 07:10:00,5187.7
2026-02-28 07:20:00,5823.3
2026-02-28 07:30:00,6423.549999999999
2026-02-28 07:40:00,6988.8
2026-02-28 07:50:00,7523
2026-02-28 08:00:00,8063.400000000001
2026-02-28 08:10:00,8627.1
2026-02-28 08:20:00,9274.366666666667
2026-02-28 08:30:00,9588.35
2026-02-28 08:40:00,10071.866666666667
2026-02-28 08:50:00,10552.3
2026-02-28 09:00:00,10967
2026-02-28 09:10:00,11417.7
2026-02-28 09:20:00,11840.066666666666
2026-02-28 09:30:00,12277.55
2026-02-28 09:40:00,12632.666666666666
2026-02-28 09:50:00,13086.7
2026-02-28 10:00:00,13440
2026-02-28 10:10:00,13751.2
2026-02-28 10:20:00,14021.233333333332
2026-02-28 10:30:00,14197.25
2026-02-28 10:40:00,14485.066666666666
2026-02-28 10:50:00,14757.6
2026-02-28 11:00:00,15074.300000000001
2026-02-28 11:10:00,15379.650000000001
2026-02-28 11:20:00,15616.199999999999
2026-02-28 11:30:00,15814.650000000001
2026-02-28 11:40:00,16300.3
2026-02-28 11:50:00,15381.5
2026-02-28 12:00:00,16231.25
2026-02-28 12:10:00,14364.066666666666
2026-02-28 12:20:00,7646.5
2026-02-28 12:30:00,9539.166666666666
2026-02-28 12:40:00,7088.950000000001
2026-02-28 12:50:00,7652.933333333334
2026-02-28 13:00:00,6652.1
2026-02-28 13:10:00,4217.233333333333
2026-02-28 13:20:00,4395.15
2026-02-28 13:30:00,4699.566666666667
2026-02-28 13:40:00,5099.25
2026-02-28 13:50:00,6272.433333333333
2026-02-28 14:00:00,6418
2026-02-28 14:10:00,11651.5
2026-02-28 14:20:00,11463.8
2026-02-28 14:30:00,10438.666666666666
2026-02-28 14:40:00,11134.8
2026-02-28 14:50:00,6800.166666666667
2026-02-28 15:00:00,3995.1
2026-02-28 15:10:00,3588.1
2026-02-28 15:20:00,2492
2026-02-28 15:30:00,2605.0666666666666
2026-02-28 15:40:00,4295.6
2026-02-28 15:50:00,7043.466666666667
2026-02-28 16:00:00,3667.05
2026-02-28 16:10:00,1983.2666666666664
2026-02-28 16:20:00,1704.0500000000002
2026-02-28 16:30:00,1018.0333333333334
2026-02-28 16:40:00,1258
2026-02-28 16:50:00,1317.2666666666667
2026-02-28 17:00:00,1353.85
2026-02-28 17:10:00,1353.5333333333333
2026-02-28 17:20:00,932.6500000000001
2026-02-28 17:30:00,548.0666666666667
2026-02-28 17:40:00,312.4
2026-02-28 17:50:00,146.23333333333332
2026-02-28 18:00:00,32.25
2026-02-28 18:10:00,3.066666666666667
2026-02-28 18:20:00,0
2026-02-28 18:30:00,0
2026-02-28 18:40:00,0
2026-02-28 18:50:00,0
2026-02-28 19:00:00,0
2026-02-28 19:10:00,0
2026-02-28 19:20:00,0
2026-02-28 19:30:00,0
2026-02-28 19:40:00,0
2026-02-28 19:50:00,0
2026-02-28 20:00:00,0
2026-02-28 20:10:00,0
2026-02-28 20:20:00,0
2026-02-28 20:30:00,0
2026-02-28 20:40:00,0
2026-02-28 20:50:00,0
2026-02-28 21:00:00,0
2026-02-28 21:10:00,0
2026-02-28 21:20:00,0
2026-02-28 21:30:00,0
2026-02-28 21:40:00,0
2026-02-28 21:50:00,0
2026-02-28 22:00:00,0
2026-02-28 22:10:00,0
2026-02-28 22:20:00,0
2026-02-28 22:30:00,0
2026-02-28 22:40:00,0
2026-02-28 22:50:00,0
2026-02-28 23:00:00,0
2026-02-28 23:10:00,0
2026-02-28 23:20:00,0
2026-02-28 23:30:00,0
2026-02-28 23:40:00,0
2026-02-28 23:50:00,0
2026-03-01 00:00:00,0
2026-03-01 00:10:00,0
2026-03-01 00:20:00,0
2026-03-01 00:30:00,0
2026-03-01 00:40:00,0
2026-03-01 00:50:00,0
2026-03-01 01:00:00,0
2026-03-01 01:10:00,0
2026-03-01 01:20:00,0
2026-03-01 01:30:00,0
2026-03-01 01:40:00,0
2026-03-01 01:50:00,0
2026-03-01 02:00:00,0
2026-03-01 02:10:00,0
2026-03-01 02:20:00,0
2026-03-01 02:30:00,0
2026-03-01 02:40:00,0
2026-03-01 02:50:00,0
2026-03-01 03:00:00,0
2026-03-01 03:10:00,0
2026-03-01 03:20:00,0
2026-03-01 03:30:00,0
2026-03-01 03:40:00,0
2026-03-01 03:50:00,0
2026-03-01 04:00:00,0
2026-03-01 04:10:00,0
2026-03-01 04:20:00,0
2026-03-01 04:30:00,0
2026-03-01 04:40:00,0
2026-03-01 04:50:00,0
2026-03-01 05:00:00,0
2026-03-01 05:10:00,0
2026-03-01 05:20:00,0
2026-03-01 05:30:00,0
2026-03-01 05:40:00,7.4
2026-03-01 05:50:00,69.39999999999999
2026-03-01 06:00:00,237.8
2026-03-01 06:10:00,616.8666666666667
2026-03-01 06:20:00,1135.4499999999998
2026-03-01 06:30:00,1595.5666666666668
2026-03-01 06:40:00,3124.2
2026-03-01 06:50:00,4485.099999999999
2026-03-01 07:00:00,5295.5
2026-03-01 07:10:00,4735.8
2026-03-01 07:20:00,4504.8
2026-03-01 07:30:00,4991.366666666666
2026-03-01 07:40:00,4011.75
2026-03-01 07:50:00,6079.466666666667
2026-03-01 08:00:00,4698.3
2026-03-01 08:10:00,6124.333333333333
2026-03-01 08:20:00,4728.75
2026-03-01 08:30:00,5046.666666666667
2026-03-01 08:40:00,4993.25
2026-03-01 08:50:00,4816.866666666667
2026-03-01 09:00:00,5991.3
2026-03-01 09:10:00,8098.433333333333
2026-03-01 09:20:00,7159
2026-03-01 09:30:00,5132.7
2026-03-01 09:40:00,6045.700000000001
2026-03-01 09:50:00,5649.400000000001
2026-03-01 10:00:00,6266.85
2026-03-01 10:10:00,7139.333333333333
2026-03-01 10:20:00,10776.25
2026-03-01 10:30:00,10202.1
2026-03-01 10:40:00,8263.1
2026-03-01 10:50:00,8178.900000000001
2026-03-01 11:00:00,7879.7
2026-03-01 11:10:00,7571.266666666666
2026-03-01 11:20:00,7059.45
2026-03-01 11:30:00,8186.266666666667
2026-03-01 11:40:00,7632.700000000001
2026-03-01 11:50:00,10583.633333333333
2026-03-01 12:00:00,12503.349999999999
2026-03-01 12:10:00,13954.866666666669
2026-03-01 12:20:00,8055.7
2026-03-01 12:30:00,10914.199999999999
2026-03-01 12:40:00,13532.75
2026-03-01 12:50:00,14996.266666666668
2026-03-01 13:00:00,14783.4
2026-03-01 13:10:00,14503.533333333333
2026-03-01 13:20:00,14853.400000000001
2026-03-01 13:30:00,13393.933333333334
2026-03-01 13:40:00,13790.8
2026-03-01 13:50:00,13258.766666666665
2026-03-01 14:00:00,10758.75
2026-03-01 14:10:00,12450.833333333334
2026-03-01 14:20:00,10812.2
2026-03-01 14:30:00,11908.9
2026-03-01 14:40:00,12039.8
2026-03-01 14:50:00,11473.333333333334
2026-03-01 15:00:00,9311.85
2026-03-01 15:10:00,10434.333333333334
2026-03-01 15:20:00,9558.849999999999
2026-03-01 15:30:00,9169.266666666665
2026-03-01 15:40:00,8997.599999999999
2026-03-01 15:50:00,8793.3
2026-03-01 16:00:00,4659.6
2026-03-01 16:10:00,6078.266666666666
2026-03-01 16:20:00,4100.2
2026-03-01 16:30:00,3730.0333333333333
2026-03-01 16:40:00,3724.2
2026-03-01 16:50:00,2442.233333333333
2026-03-01 17:00:00,1649.65
2026-03-01 17:10:00,1002.6666666666666
2026-03-01 17:20:00,688.45
2026-03-01 17:30:00,580.6
2026-03-01 17:40:00,471.85
2026-03-01 17:50:00,154.83333333333334
2026-03-01 18:00:00,36.85
2026-03-01 18:10:00,3.6666666666666665
2026-03-01 18:20:00,0
2026-03-01 18:30:00,0
2026-03-01 18:40:00,0
2026-03-01 18:50:00,0
2026-03-01 19:00:00,0
2026-03-01 19:10:00,0
2026-03-01 19:20:00,0
2026-03-01 19:30:00,0
2026-03-01 19:40:00,0
2026-03-01 19:50:00,0
2026-03-01 20:00:00,0
2026-03-01 20:10:00,0
2026-03-01 20:20:00,0
2026-03-01 20:30:00,0
2026-03-01 20:40:00,0
2026-03-01 20:50:00,0
2026-03-01 21:00:00,0
2026-03-01 21:10:00,0
2026-03-01 21:20:00,0
2026-03-01 21:30:00,0
2026-03-01 21:40:00,0
2026-03-01 21:50:00,0
2026-03-01 22:00:00,0
2026-03-01 22:10:00,0
2026-03-01 22:20:00,0
2026-03-01 22:30:00,0
2026-03-01 22:40:00,0
2026-03-01 22:50:00,0
2026-03-01 23:00:00,0
2026-03-01 23:10:00,0
2026-03-01 23:20:00,0
2026-03-01 23:30:00,0
2026-03-01 23:40:00,0
2026-03-01 23:50:00,0
2026-03-02 00:00:00,0
2026-03-02 00:10:00,0
2026-03-02 00:20:00,0
2026-03-02 00:30:00,0
2026-03-02 00:40:00,0
2026-03-02 00:50:00,0
2026-03-02 01:00:00,0
2026-03-02 01:10:00,0
2026-03-02 01:20:00,0
2026-03-02 01:30:00,0
2026-03-02 01:40:00,0
2026-03-02 01:50:00,0
2026-03-02 02:00:00,0
2026-03-02 02:10:00,0
2026-03-02 02:20:00,0
2026-03-02 02:30:00,0
2026-03-02 02:40:00,0
2026-03-02 02:50:00,0
2026-03-02 03:00:00,0
2026-03-02 03:10:00,0
2026-03-02 03:20:00,0
2026-03-02 03:30:00,0
2026-03-02 03:40:00,0
2026-03-02 03:50:00,0
2026-03-02 04:00:00,0
2026-03-02 04:10:00,0
2026-03-02 04:20:00,0
2026-03-02 04:30:00,0
2026-03-02 04:40:00,0
2026-03-02 04:50:00,0
2026-03-02 05:00:00,0
2026-03-02 05:10:00,0
2026-03-02 05:20:00,0
2026-03-02 05:30:00,0
2026-03-02 05:40:00,10.1
2026-03-02 05:50:00,91.53333333333335
2026-03-02 06:00:00,295.85
2026-03-02 06:10:00,602.7333333333333
2026-03-02 06:20:00,913.3
2026-03-02 06:30:00,1179.0333333333333
2026-03-02 06:40:00,2790.6
2026-03-02 06:50:00,3612.6666666666665
2026-03-02 07:00:00,4424.6
2026-03-02 07:10:00,5077.366666666667
2026-03-02 07:20:00,5714.85
2026-03-02 07:30:00,6421.7
2026-03-02 07:40:00,7003.2
2026-03-02 07:50:00,7521.466666666667
2026-03-02 08:00:00,7908.25
2026-03-02 08:10:00,8403.166666666666
2026-03-02 08:20:00,8947.8
2026-03-02 08:30:00,9485.733333333334
2026-03-02 08:40:00,9957.900000000001
2026-03-02 08:50:00,10433.133333333333
2026-03-02 09:00:00,10898.8
2026-03-02 09:10:00,11292.666666666666
2026-03-02 09:20:00,11717.2
2026-03-02 09:30:00,12114.133333333333
2026-03-02 09:40:00,12443.45
2026-03-02 09:50:00,12813.9
2026-03-02 10:00:00,13293.2
2026-03-02 10:10:00,12786.9
2026-03-02 10:20:00,13887.599999999999
2026-03-02 10:30:00,14157.6
2026-03-02 10:40:00,14395.400000000001
2026-03-02 10:50:00,14829.766666666668
2026-03-02 11:00:00,15038.650000000001
2026-03-02 11:10:00,14980.300000000001
2026-03-02 11:20:00,14272.8
2026-03-02 11:30:00,11409.433333333332
2026-03-02 11:40:00,16199.85
2026-03-02 11:50:00,15993.466666666665
2026-03-02 12:00:00,12064.65
2026-03-02 12:10:00,15847.833333333334
2026-03-02 12:20:00,12381.7
2026-03-02 12:30:00,15411
2026-03-02 12:40:00,6980.2
2026-03-02 12:50:00,11977.133333333333
2026-03-02 13:00:00,15143.7
2026-03-02 13:10:00,14405.199999999999
2026-03-02 13:20:00,13928.1
2026-03-02 13:30:00,12197.066666666666
2026-03-02 13:40:00,13335.55
2026-03-02 13:50:00,9415.066666666668
2026-03-02 14:00:00,13272
2026-03-02 14:10:00,12854.466666666667
2026-03-02 14:20:00,12085.85
2026-03-02 14:30:00,9378.199999999999
2026-03-02 14:40:00,11399.25
2026-03-02 14:50:00,10831.866666666667
2026-03-02 15:00:00,10485.95
2026-03-02 15:10:00,9936.066666666666
2026-03-02 15:20:00,9346.85
2026-03-02 15:30:00,8685.800000000001
2026-03-02 15:40:00,8452
2026-03-02 15:50:00,8025.3
2026-03-02 16:00:00,7406
2026-03-02 16:10:00,5337.933333333333
2026-03-02 16:20:00,4314
2026-03-02 16:30:00,4007.7333333333336
2026-03-02 16:40:00,4312.15
2026-03-02 16:50:00,3973.8999999999996
2026-03-02 17:00:00,3438.5
2026-03-02 17:10:00,1994.3333333333333
2026-03-02 17:20:00,1169.5
2026-03-02 17:30:00,779.6666666666666
2026-03-02 17:40:00,488.45
2026-03-02 17:50:00,189.23333333333332
2026-03-02 18:00:00,35.05
2026-03-02 18:10:00,3.066666666666667
2026-03-02 18:20:00,0
2026-03-02 18:30:00,0
2026-03-02 18:40:00,0
2026-03-02 18:50:00,0
2026-03-02 19:00:00,0
2026-03-02 19:10:00,0
2026-03-02 19:20:00,0
2026-03-02 19:30:00,0
2026-03-02 19:40:00,0
2026-03-02 19:50:00,0
2026-03-02 20:00:00,0
2026-03-02 20:10:00,0
2026-03-02 20:20:00,0
2026-03-02 20:30:00,0
2026-03-02 20:40:00,0
2026-03-02 20:50:00,0
2026-03-02 21:00:00,0
2026-03-02 21:10:00,0
2026-03-02 21:20:00,0
2026-03-02 21:30:00,0
2026-03-02 21:40:00,0
2026-03-02 21:50:00,0
2026-03-02 22:00:00,0
2026-03-02 22:10:00,0
2026-03-02 22:20:00,0
2026-03-02 22:30:00,0
2026-03-02 22:40:00,0
2026-03-02 22:50:00,0
2026-03-02 23:00:00,0
2026-03-02 23:10:00,0
2026-03-02 23:20:00,0
2026-03-02 23:30:00,0
2026-03-02 23:40:00,0
2026-03-02 23:50:00,0
2026-03-03 00:00:00,0
2026-03-03 00:10:00,0
2026-03-03 00:20:00,0
2026-03-03 00:30:00,0
2026-03-03 00:40:00,0
2026-03-03 00:50:00,0
2026-03-03 01:00:00,0
2026-03-03 01:10:00,0
2026-03-03 01:20:00,0
2026-03-03 01:30:00,0
2026-03-03 01:40:00,0
2026-03-03 01:50:00,0
2026-03-03 02:00:00,0
2026-03-03 02:10:00,0
2026-03-03 02:20:00,0
2026-03-03 02:30:00,0
2026-03-03 02:40:00,0
2026-03-03 02:50:00,0
2026-03-03 03:00:00,0
2026-03-03 03:10:00,0
2026-03-03 03:20:00,0
2026-03-03 03:30:00,0
2026-03-03 03:40:00,0
2026-03-03 03:50:00,0
2026-03-03 04:00:00,0
2026-03-03 04:10:00,0
2026-03-03 04:20:00,0
2026-03-03 04:30:00,0
2026-03-03 04:40:00,0
2026-03-03 04:50:00,0
2026-03-03 05:00:00,0
2026-03-03 05:10:00,0
2026-03-03 05:20:00,0
2026-03-03 05:30:00,0
2026-03-03 05:40:00,9.200000000000001
2026-03-03 05:50:00,75.6
2026-03-03 06:00:00,287.53333333333336
2026-03-03 06:10:00,589.85
2026-03-03 06:20:00,827
2026-03-03 06:30:00,1077.35
2026-03-03 06:40:00,2580.5
2026-03-03 06:50:00,3855.95
2026-03-03 07:00:00,4560.066666666667
2026-03-03 07:10:00,5210.700000000001
2026-03-03 07:20:00,5820.833333333333
2026-03-03 07:30:00,6396.8
2026-03-03 07:40:00,6929.833333333333
2026-03-03 07:50:00,7513.85
2026-03-03 08:00:00,8056.600000000001
2026-03-03 08:10:00,8477.8
2026-03-03 08:20:00,8942.566666666666
2026-03-03 08:30:00,9446.4
2026-03-03 08:40:00,9934.233333333332
2026-03-03 08:50:00,10395.650000000001
2026-03-03 09:00:00,10860.766666666666
2026-03-03 09:10:00,11309.85
2026-03-03 09:20:00,11718.466666666665
2026-03-03 09:30:00,12130.099999999999
2026-03-03 09:40:00,12523.333333333334
2026-03-03 09:50:00,12859.099999999999
2026-03-03 10:00:00,13251.400000000001
2026-03-03 10:10:00,13517.1
2026-03-03 10:20:00,13871.299999999997
2026-03-03 10:30:00,14132.75
2026-03-03 10:40:00,14434.1
2026-03-03 10:50:00,14804.599999999999
2026-03-03 11:00:00,12144.866666666667
2026-03-03 11:10:00,15171.400000000001
2026-03-03 11:20:00,13889.733333333332
2026-03-03 11:30:00,14766.8
2026-03-03 11:40:00,12149.733333333332
2026-03-03 11:50:00,15443.25
2026-03-03 12:00:00,12162.066666666666
2026-03-03 12:10:00,12651.7
2026-03-03 12:20:00,10246.366666666667
2026-03-03 12:30:00,7161.75
2026-03-03 12:40:00,8613.266666666666
2026-03-03 12:50:00,9433.5
2026-03-03 13:00:00,11339.966666666665
2026-03-03 13:10:00,15505
2026-03-03 13:20:00,10471.833333333334
2026-03-03 13:30:00,15877.3
2026-03-03 13:40:00,9447
2026-03-03 13:50:00,12388.15
2026-03-03 14:00:00,13986.799999999997
2026-03-03 14:10:00,10245.45
2026-03-03 14:20:00,11867.133333333333
2026-03-03 14:30:00,9414.15
2026-03-03 14:40:00,11660.666666666666
2026-03-03 14:50:00,10999.3
2026-03-03 15:00:00,10614.366666666667
2026-03-03 15:10:00,10837.1
2026-03-03 15:20:00,8218.800000000001
2026-03-03 15:30:00,9765.3
2026-03-03 15:40:00,7887.033333333333
2026-03-03 15:50:00,3998.85
2026-03-03 16:00:00,4115.866666666666
2026-03-03 16:10:00,7331.35
2026-03-03 16:20:00,4384.366666666667
2026-03-03 16:30:00,5101.049999999999
2026-03-03 16:40:00,4669.466666666666
2026-03-03 16:50:00,3623.75
2026-03-03 17:00:00,2754.3666666666663
2026-03-03 17:10:00,2000.8000000000002
2026-03-03 17:20:00,1186.3999999999999
2026-03-03 17:30:00,856.15
2026-03-03 17:40:00,505.0333333333333
2026-03-03 17:50:00,211.95
2026-03-03 18:00:00,52.199999999999996
2026-03-03 18:10:00,3.65
2026-03-03 18:20:00,0
2026-03-03 18:30:00,0
2026-03-03 18:40:00,0
2026-03-03 18:50:00,0
2026-03-03 19:00:00,0
2026-03-03 19:10:00,0
2026-03-03 19:20:00,0
2026-03-03 19:30:00,0
2026-03-03 19:40:00,0
2026-03-03 19:50:00,0
2026-03-03 20:00:00,0
2026-03-03 20:10:00,0
2026-03-03 20:20:00,0
2026-03-03 20:30:00,0
2026-03-03 20:40:00,0
2026-03-03 20:50:00,0
2026-03-03 21:00:00,0
2026-03-03 21:10:00,0
2026-03-03 21:20:00,0
2026-03-03 21:30:00,0
2026-03-03 21:40:00,0
2026-03-03 21:50:00,0
2026-03-03 22:00:00,0
2026-03-03 22:10:00,0
2026-03-03 22:20:00,0
2026-03-03 22:30:00,0
2026-03-03 22:40:00,0
2026-03-03 22:50:00,0
2026-03-03 23:00:00,0
2026-03-03 23:10:00,0
2026-03-03 23:20:00,0
2026-03-03 23:30:00,0
2026-03-03 23:40:00,0
2026-03-03 23:50:00,0
2026-03-04 00:00:00,0
2026-03-04 00:10:00,0
2026-03-04 00:20:00,0
2026-03-04 00:30:00,0
2026-03-04 00:40:00,0
2026-03-04 00:50:00,0
2026-03-04 01:00:00,0
2026-03-04 01:10:00,0
2026-03-04 01:20:00,0
2026-03-04 01:30:00,0
2026-03-04 01:40:00,0
2026-03-04 01:50:00,0
2026-03-04 02:00:00,0
2026-03-04 02:10:00,0
2026-03-04 02:20:00,0
2026-03-04 02:30:00,0
2026-03-04 02:40:00,0
2026-03-04 02:50:00,0
2026-03-04 03:00:00,0
2026-03-04 03:10:00,0
2026-03-04 03:20:00,0
2026-03-04 03:30:00,0
2026-03-04 03:40:00,0
2026-03-04 03:50:00,0
2026-03-04 04:00:00,0
2026-03-04 04:10:00,0
2026-03-04 04:20:00,0
2026-03-04 04:30:00,0
2026-03-04 04:40:00,0
2026-03-04 04:50:00,0
2026-03-04 05:00:00,0
2026-03-04 05:10:00,0
2026-03-04 05:20:00,0
2026-03-04 05:30:00,0
2026-03-04 05:40:00,13.5
2026-03-04 05:50:00,92.2
2026-03-04 06:00:00,309.0333333333333
2026-03-04 06:10:00,584.3
2026-03-04 06:20:00,839.8666666666667
2026-03-04 06:30:00,1047.85
2026-03-04 06:40:00,2951.6
2026-03-04 06:50:00,3871.6499999999996
2026-03-04 07:00:00,4596.3
2026-03-04 07:10:00,5252.200000000001
2026-03-04 07:20:00,5816.533333333334
2026-03-04 07:30:00,6418
2026-03-04 07:40:00,6950.099999999999
2026-03-04 07:50:00,7530.4
2026-03-04 08:00:00,8069.533333333333
2026-03-04 08:10:00,8448.3
2026-03-04 08:20:00,8970.866666666667
2026-03-04 08:30:00,9487.85
2026-03-04 08:40:00,9957.566666666668
2026-03-04 08:50:00,10415.900000000001
2026-03-04 09:00:00,10884.1
2026-03-04 09:10:00,11322.8
2026-03-04 09:20:00,11795.866666666667
2026-03-04 09:30:00,12200.15
2026-03-04 09:40:00,12481.533333333333
2026-03-04 09:50:00,12984.400000000001
2026-03-04 10:00:00,13164.766666666668
2026-03-04 10:10:00,13483.95
2026-03-04 10:20:00,13751.5
2026-03-04 10:30:00,14112.45
2026-03-04 10:40:00,14437.133333333333
2026-03-04 10:50:00,11406.650000000001
2026-03-04 11:00:00,15157.233333333332
2026-03-04 11:10:00,15434.95
2026-03-04 11:20:00,13669.166666666666
2026-03-04 11:30:00,13547.5
2026-03-04 11:40:00,11280.4
2026-03-04 11:50:00,15103.2
2026-03-04 12:00:00,15318.233333333332
2026-03-04 12:10:00,11667.45
2026-03-04 12:20:00,7754.966666666667
2026-03-04 12:30:00,8096.25
2026-03-04 12:40:00,6803.866666666666
2026-03-04 12:50:00,7720.25
2026-03-04 13:00:00,15801.133333333333
2026-03-04 13:10:00,12239.75
2026-03-04 13:20:00,12853.866666666667
2026-03-04 13:30:00,14049.8
2026-03-04 13:40:00,13275.933333333334
2026-03-04 13:50:00,13099.6
2026-03-04 14:00:00,12739.566666666666
2026-03-04 14:10:00,12529.15
2026-03-04 14:20:00,12049
2026-03-04 14:30:00,11746.7
2026-03-04 14:40:00,11346.133333333331
2026-03-04 14:50:00,10847.2
2026-03-04 15:00:00,10489.033333333335
2026-03-04 15:10:00,10158.8
2026-03-04 15:20:00,9905.333333333334
2026-03-04 15:30:00,7453
2026-03-04 15:40:00,7230.266666666666
2026-03-04 15:50:00,5361.9
2026-03-04 16:00:00,4573.599999999999
2026-03-04 16:10:00,4673.450000000001
2026-03-04 16:20:00,4155.2
2026-03-04 16:30:00,5464.15
2026-03-04 16:40:00,4845.133333333333
2026-03-04 16:50:00,5170.15
2026-03-04 17:00:00,3505.133333333333
2026-03-04 17:10:00,2409.05
2026-03-04 17:20:00,1522.4666666666665
2026-03-04 17:30:00,886.5999999999999
2026-03-04 17:40:00,427.6333333333334
2026-03-04 17:50:00,181.55
2026-03-04 18:00:00,42.400000000000006
2026-03-04 18:10:00,2.75
2026-03-04 18:20:00,0
2026-03-04 18:30:00,0
2026-03-04 18:40:00,0
2026-03-04 18:50:00,0
2026-03-04 19:00:00,0
2026-03-04 19:10:00,0
2026-03-04 19:20:00,0
2026-03-04 19:30:00,0
2026-03-04 19:40:00,0
2026-03-04 19:50:00,0
2026-03-04 20:00:00,0
2026-03-04 20:10:00,0
2026-03-04 20:20:00,0
2026-03-04 20:30:00,0
2026-03-04 20:40:00,0
2026-03-04 20:50:00,0
2026-03-04 21:00:00,0
2026-03-04 21:10:00,0
2026-03-04 21:20:00,0
2026-03-04 21:30:00,0
2026-03-04 21:40:00,0
2026-03-04 21:50:00,0
2026-03-04 22:00:00,0
2026-03-04 22:10:00,0
2026-03-04 22:20:00,0
2026-03-04 22:30:00,0
2026-03-04 22:40:00,0
2026-03-04 22:50:00,0
2026-03-04 23:00:00,0
2026-03-04 23:10:00,0
2026-03-04 23:20:00,0
2026-03-04 23:30:00,0
2026-03-04 23:40:00,0
2026-03-04 23:50:00,0
2026-03-05 00:00:00,0
2026-03-05 00:10:00,0
2026-03-05 00:20:00,0
2026-03-05 00:30:00,0
2026-03-05 00:40:00,0
2026-03-05 00:50:00,0
2026-03-05 01:00:00,0
2026-03-05 01:10:00,0
2026-03-05 01:20:00,0
2026-03-05 01:30:00,0
2026-03-05 01:40:00,0
2026-03-05 01:50:00,0
2026-03-05 02:00:00,0
2026-03-05 02:10:00,0
2026-03-05 02:20:00,0
2026-03-05 02:30:00,0
2026-03-05 02:40:00,0
2026-03-05 02:50:00,0
2026-03-05 03:00:00,0
2026-03-05 03:10:00,0
2026-03-05 03:20:00,0
2026-03-05 03:30:00,0
2026-03-05 03:40:00,0
2026-03-05 03:50:00,0
2026-03-05 04:00:00,0
2026-03-05 04:10:00,0
2026-03-05 04:20:00,0
2026-03-05 04:30:00,0
2026-03-05 04:40:00,0
2026-03-05 04:50:00,0
2026-03-05 05:00:00,0
2026-03-05 05:10:00,0
2026-03-05 05:20:00,0
2026-03-05 05:30:00,0
2026-03-05 05:40:00,7.333333333333333
2026-03-05 05:50:00,72.8
2026-03-05 06:00:00,287.5333333333333
2026-03-05 06:10:00,703.2
2026-03-05 06:20:00,965.8333333333334
2026-03-05 06:30:00,1162.15
2026-03-05 06:40:00,3086.133333333333
2026-03-05 06:50:00,4031.1000000000004
2026-03-05 07:00:00,4590.166666666667
2026-03-05 07:10:00,4056.9
2026-03-05 07:20:00,3207.7666666666664
2026-03-05 07:30:00,3579.5
2026-03-05 07:40:00,3729.4
2026-03-05 07:50:00,3739.85
2026-03-05 08:00:00,5238.966666666666
2026-03-05 08:10:00,9509.05
2026-03-05 08:20:00,8979.466666666667
2026-03-05 08:30:00,9463.9
2026-03-05 08:40:00,9981.566666666666
2026-03-05 08:50:00,10625.099999999999
2026-03-05 09:00:00,9220.300000000001
2026-03-05 09:10:00,9459.35
2026-03-05 09:20:00,5761.233333333334
2026-03-05 09:30:00,5810.700000000001
2026-03-05 09:40:00,6086.266666666666
2026-03-05 09:50:00,9227.05
2026-03-05 10:00:00,12949.1
2026-03-05 10:10:00,10625.15
2026-03-05 10:20:00,11567.9
2026-03-05 10:30:00,15085.65
2026-03-05 10:40:00,11980.799999999997
2026-03-05 10:50:00,8089.799999999999
2026-03-05 11:00:00,9033.533333333335
2026-03-05 11:10:00,7118.45
2026-03-05 11:20:00,13865.766666666668
2026-03-05 11:30:00,8044.65
2026-03-05 11:40:00,8218.833333333334
2026-03-05 11:50:00,8360.75
2026-03-05 12:00:00,7999.466666666667
2026-03-05 12:10:00,8827.1
2026-03-05 12:20:00,12481.25
2026-03-05 12:50:00,15326.650000000001
2026-03-05 13:00:00,12564.15
2026-03-05 13:10:00,13889.133333333333
2026-03-05 13:20:00,14614.7
2026-03-05 13:30:00,12373.366666666669
2026-03-05 13:40:00,10661.05
2026-03-05 13:50:00,14046.4
2026-03-05 14:00:00,13160.400000000001
2026-03-05 14:10:00,12506.133333333333
2026-03-05 14:20:00,11857.3
2026-03-05 14:30:00,11610.300000000001
2026-03-05 14:40:00,11273
2026-03-05 14:50:00,8585.633333333333
2026-03-05 15:00:00,10711.75
2026-03-05 15:10:00,9670.666666666666
2026-03-05 15:20:00,9869.45
2026-03-05 15:30:00,9344.433333333334
2026-03-05 15:40:00,8381.95
2026-03-05 15:50:00,7550.366666666666
2026-03-05 16:00:00,6607.9
2026-03-05 16:10:00,3731.866666666667
2026-03-05 16:20:00,2070.8
2026-03-05 16:30:00,2642.5
2026-03-05 16:40:00,1744.6
2026-03-05 16:50:00,1963.6000000000001
2026-03-05 17:00:00,1254.3
2026-03-05 17:10:00,736.0333333333333
2026-03-05 17:20:00,544.7
2026-03-05 17:30:00,386.46666666666664
2026-03-05 17:40:00,170.5
2026-03-05 17:50:00,56.53333333333334
2026-03-05 18:00:00,13.799999999999999
2026-03-05 18:10:00,1.2333333333333334
2026-03-05 18:20:00,0
2026-03-05 18:30:00,0
2026-03-05 18:40:00,0
2026-03-05 18:50:00,0
2026-03-05 19:00:00,0
2026-03-05 19:10:00,0
2026-03-05 19:20:00,0
2026-03-05 19:30:00,0
2026-03-05 19:40:00,0
2026-03-05 19:50:00,0
2026-03-05 20:00:00,0
2026-03-05 20:10:00,0
2026-03-05 20:20:00,0
2026-03-05 20:30:00,0
2026-03-05 20:40:00,0
2026-03-05 20:50:00,0
2026-03-05 21:00:00,0
2026-03-05 21:10:00,0
2026-03-05 21:20:00,0
2026-03-05 21:30:00,0
2026-03-05 21:40:00,0
2026-03-05 21:50:00,0
2026-03-05 22:00:00,0
2026-03-05 22:10:00,0
2026-03-05 22:20:00,0
2026-03-05 22:30:00,0
2026-03-05 22:40:00,0
2026-03-05 22:50:00,0
2026-03-05 23:00:00,0
2026-03-05 23:10:00,0
2026-03-05 23:20:00,0
2026-03-05 23:30:00,0
2026-03-05 23:40:00,0
2026-03-05 23:50:00,0
2026-03-06 00:00:00,0
2026-03-06 00:10:00,0
2026-03-06 00:20:00,0
2026-03-06 00:30:00,0
2026-03-06 00:40:00,0
2026-03-06 00:50:00,0
2026-03-06 01:00:00,0
2026-03-06 01:10:00,0
2026-03-06 01:20:00,0
2026-03-06 01:30:00,0
2026-03-06 01:40:00,0
2026-03-06 01:50:00,0
2026-03-06 02:00:00,0
2026-03-06 02:10:00,0
2026-03-06 02:20:00,0
2026-03-06 02:30:00,0
2026-03-06 02:40:00,0
2026-03-06 02:50:00,0
2026-03-06 03:00:00,0
2026-03-06 03:10:00,0
2026-03-06 03:20:00,0
2026-03-06 03:30:00,0
2026-03-06 03:40:00,0
2026-03-06 03:50:00,0
2026-03-06 04:00:00,0
2026-03-06 04:10:00,0
2026-03-06 04:20:00,0
2026-03-06 04:30:00,0
2026-03-06 04:40:00,0
2026-03-06 04:50:00,0
2026-03-06 05:00:00,0
2026-03-06 05:10:00,0
2026-03-06 05:20:00,0
2026-03-06 05:30:00,0.6
2026-03-06 05:40:00,14.75
2026-03-06 05:50:00,71
2026-03-06 06:00:00,181.83333333333334
2026-03-06 06:10:00,352.95000000000005
2026-03-06 06:20:00,583.0666666666667
2026-03-06 06:30:00,692.1
2026-03-06 06:40:00,1139.1000000000001
2026-03-06 06:50:00,1028.5
2026-03-06 07:00:00,1658.2666666666667
2026-03-06 07:10:00,2407.2
2026-03-06 07:20:00,2668.9666666666667
2026-03-06 07:30:00,2685.5
2026-03-06 07:40:00,3150.633333333333
2026-03-06 07:50:00,3571.2
2026-03-06 08:00:00,3591.1666666666665
2026-03-06 08:10:00,5099.2
2026-03-06 08:20:00,4539.166666666667
2026-03-06 08:30:00,5516.7
2026-03-06 08:40:00,6546.399999999999
2026-03-06 08:50:00,3479.05
2026-03-06 09:00:00,4225.68
2026-03-06 09:10:00,6266.9
2026-03-06 09:20:00,8318.366666666667
2026-03-06 09:30:00,7182.95
2026-03-06 09:40:00,5393.2
2026-03-06 09:50:00,4478.049999999999
2026-03-06 10:00:00,5320.099999999999
2026-03-06 10:10:00,8317.45
2026-03-06 10:20:00,9468.5
2026-03-06 10:30:00,14633.15
2026-03-06 10:40:00,12285.533333333333
2026-03-06 10:50:00,12089.55
2026-03-06 11:00:00,9449.466666666667
2026-03-06 11:10:00,8987.4
2026-03-06 11:20:00,8599.733333333332
2026-03-06 11:30:00,6780.25
2026-03-06 11:40:00,7164.5
2026-03-06 11:50:00,8069.55
2026-03-06 12:00:00,6531.066666666667
2026-03-06 12:10:00,6283.450000000001
2026-03-06 12:20:00,8261.833333333334
2026-03-06 12:30:00,7919.299999999999
2026-03-06 12:40:00,8372.433333333332
2026-03-06 12:50:00,10273.05
2026-03-06 13:00:00,8714.033333333333
2026-03-06 13:10:00,11490.5
2026-03-06 13:20:00,11624.433333333334
2026-03-06 13:30:00,9427.05
2026-03-06 13:40:00,8881.766666666666
2026-03-06 13:50:00,5779.35
2026-03-06 14:00:00,5121.666666666667
2026-03-06 14:10:00,4234.75
2026-03-06 14:20:00,3986.866666666667
2026-03-06 14:30:00,4111.25
2026-03-06 14:40:00,4157.666666666667
2026-03-06 14:50:00,2597.1
2026-03-06 15:00:00,1803.2333333333333
2026-03-06 15:10:00,2041.3
2026-03-06 15:20:00,2313.2000000000003
2026-03-06 15:30:00,2302.15
2026-03-06 15:40:00,2589.0666666666666
2026-03-06 15:50:00,1544.6
2026-03-06 16:00:00,934.5
2026-03-06 16:10:00,2070.85
2026-03-06 16:20:00,2163.9333333333334
2026-03-06 16:30:00,1482.9
2026-03-06 16:40:00,908.6999999999999
2026-03-06 16:50:00,702.25
2026-03-06 17:00:00,458.9666666666667
2026-03-06 17:10:00,420.25
2026-03-06 17:20:00,323.7666666666667
2026-03-06 17:30:00,284.79999999999995
2026-03-06 17:40:00,238.96666666666667
2026-03-06 17:50:00,130.85
2026-03-06 18:00:00,14.133333333333333
2026-03-06 18:10:00,0.9
2026-03-06 18:20:00,0
2026-03-06 18:30:00,0
2026-03-06 18:40:00,0
2026-03-06 18:50:00,0
2026-03-06 19:00:00,0
2026-03-06 19:10:00,0
2026-03-06 19:20:00,0
2026-03-06 19:30:00,0
2026-03-06 19:40:00,0
2026-03-06 19:50:00,0
2026-03-06 20:00:00,0
2026-03-06 20:10:00,0
2026-03-06 20:20:00,0
2026-03-06 20:30:00,0
2026-03-06 20:40:00,0
2026-03-06 20:50:00,0
2026-03-06 21:00:00,0
2026-03-06 21:10:00,0
2026-03-06 21:20:00,0
2026-03-06 21:30:00,0
2026-03-06 21:40:00,0
2026-03-06 21:50:00,0
2026-03-06 22:00:00,0
2026-03-06 22:10:00,0
2026-03-06 22:20:00,0
2026-03-06 22:30:00,0
2026-03-06 22:40:00,0
2026-03-06 22:50:00,0
2026-03-06 23:00:00,0
2026-03-06 23:10:00,0
2026-03-06 23:20:00,0
2026-03-06 23:30:00,0
2026-03-06 23:40:00,0
2026-03-06 23:50:00,0
2026-03-07 00:00:00,0
2026-03-07 00:10:00,0
2026-03-07 00:20:00,0
2026-03-07 00:30:00,0
2026-03-07 00:40:00,0
2026-03-07 00:50:00,0
2026-03-07 01:00:00,0
2026-03-07 01:10:00,0
2026-03-07 01:20:00,0
2026-03-07 01:30:00,0
2026-03-07 01:40:00,0
2026-03-07 01:50:00,0
2026-03-07 02:00:00,0
2026-03-07 02:10:00,0
2026-03-07 02:20:00,0
2026-03-07 02:30:00,0
2026-03-07 02:40:00,0
2026-03-07 02:50:00,0
2026-03-07 03:00:00,0
2026-03-07 03:10:00,0
2026-03-07 03:20:00,0
2026-03-07 03:30:00,0
2026-03-07 03:40:00,0
2026-03-07 03:50:00,0
2026-03-07 04:00:00,0
2026-03-07 04:10:00,0
2026-03-07 04:20:00,0
2026-03-07 04:30:00,0
2026-03-07 04:40:00,0
2026-03-07 04:50:00,0
2026-03-07 05:00:00,0
2026-03-07 05:10:00,0
2026-03-07 05:20:00,0
2026-03-07 05:30:00,0.9
2026-03-07 05:40:00,22.100000000000005
2026-03-07 05:50:00,127.15
2026-03-07 06:00:00,361.26666666666665
2026-03-07 06:10:00,650.6500000000001
2026-03-07 06:20:00,909.9333333333334
2026-03-07 06:30:00,1369.5
2026-03-07 06:40:00,3142.6666666666665
2026-03-07 06:50:00,3939.85
2026-03-07 07:00:00,4655.3
2026-03-07 07:10:00,5310.25
2026-03-07 07:20:00,5865.066666666667
2026-03-07 07:30:00,6406.950000000001
2026-03-07 07:40:00,6959.933333333333
2026-03-07 07:50:00,7522.1
2026-03-07 08:00:00,8049.233333333334
2026-03-07 08:10:00,8457.55
2026-03-07 08:20:00,8981.9
2026-03-07 08:30:00,9450.099999999999
2026-03-07 08:40:00,9971.1
2026-03-07 08:50:00,10467.55
2026-03-07 09:00:00,10936.933333333334
2026-03-07 09:10:00,11368.85
2026-03-07 09:20:00,11803.233333333332
2026-03-07 09:30:00,12173.4
2026-03-07 09:40:00,12511.666666666666
2026-03-07 09:50:00,12889.5
2026-03-07 10:00:00,13268.599999999999
2026-03-07 10:10:00,13687.6
2026-03-07 10:20:00,13908.799999999997
2026-03-07 10:30:00,15706.85
2026-03-07 10:40:00,8776.699999999999
2026-03-07 10:50:00,5974.75
2026-03-07 11:00:00,5881.666666666667
2026-03-07 11:10:00,7087.15
2026-03-07 11:20:00,9337.666666666666
2026-03-07 11:30:00,8882.4
2026-03-07 11:40:00,7961.7
2026-03-07 11:50:00,7027.5
2026-03-07 12:00:00,5649.4
2026-03-07 12:10:00,6443.233333333334
2026-03-07 12:20:00,5854
2026-03-07 12:30:00,5224.833333333333
2026-03-07 12:40:00,5324.1
2026-03-07 12:50:00,6216.466666666667
2026-03-07 13:00:00,6198.700000000001
2026-03-07 13:10:00,6588.233333333334
2026-03-07 13:20:00,4916.7
2026-03-07 13:30:00,4625.2
2026-03-07 13:40:00,4843.95
2026-03-07 13:50:00,6014.966666666667
2026-03-07 14:00:00,7050.25
2026-03-07 14:10:00,7802.866666666668
2026-03-07 14:20:00,14046.1
2026-03-07 14:30:00,12815.766666666668
2026-03-07 14:40:00,13013
2026-03-07 14:50:00,12233.933333333334
2026-03-07 15:00:00,8519.25
2026-03-07 15:10:00,9393.533333333335
2026-03-07 15:20:00,9491.55
2026-03-07 15:30:00,10636.500000000002
2026-03-07 15:40:00,10215
2026-03-07 15:50:00,9816.266666666666
2026-03-07 16:00:00,5126.9
2026-03-07 16:10:00,6720.3
2026-03-07 16:20:00,6182.1
2026-03-07 16:30:00,4725.366666666666
2026-03-07 16:40:00,4401.55
2026-03-07 16:50:00,4386.833333333333
2026-03-07 17:00:00,3624.6499999999996
2026-03-07 17:10:00,2300.3
2026-03-07 17:20:00,1319.75
2026-03-07 17:30:00,932.0333333333333
2026-03-07 17:40:00,492.09999999999997
2026-03-07 17:50:00,150.53333333333333
2026-03-07 18:00:00,32.25
2026-03-07 18:10:00,3.066666666666667
2026-03-07 18:20:00,0
2026-03-07 18:30:00,0
2026-03-07 18:40:00,0
2026-03-07 18:50:00,0
2026-03-07 19:00:00,0
2026-03-07 19:10:00,0
2026-03-07 19:20:00,0
2026-03-07 19:30:00,0
2026-03-07 19:40:00,0
2026-03-07 19:50:00,0
2026-03-07 20:00:00,0
2026-03-07 20:10:00,0
2026-03-07 20:20:00,0
2026-03-07 20:30:00,0
2026-03-07 20:40:00,0
2026-03-07 20:50:00,0
2026-03-07 21:00:00,0
2026-03-07 21:10:00,0
2026-03-07 21:20:00,0
2026-03-07 21:30:00,0
2026-03-07 21:40:00,0
2026-03-07 21:50:00,0
2026-03-07 22:00:00,0
2026-03-07 22:10:00,0
2026-03-07 22:20:00,0
2026-03-07 22:30:00,0
2026-03-07 22:40:00,0
2026-03-07 22:50:00,0
2026-03-07 23:00:00,0
2026-03-07 23:10:00,0
2026-03-07 23:20:00,0
2026-03-07 23:30:00,0
2026-03-07 23:40:00,0
2026-03-07 23:50:00,0
2026-03-08 00:00:00,0
2026-03-08 00:10:00,0
2026-03-08 00:20:00,0
2026-03-08 00:30:00,0
2026-03-08 00:40:00,0
2026-03-08 00:50:00,0
2026-03-08 01:00:00,0
2026-03-08 01:10:00,0
2026-03-08 01:20:00,0
2026-03-08 01:30:00,0
2026-03-08 01:40:00,0
2026-03-08 01:50:00,0
2026-03-08 02:00:00,0
2026-03-08 02:10:00,0
2026-03-08 02:20:00,0
2026-03-08 02:30:00,0
2026-03-08 02:40:00,0
2026-03-08 02:50:00,0
2026-03-08 03:00:00,0
2026-03-08 03:10:00,0
2026-03-08 03:20:00,0
2026-03-08 03:30:00,0
2026-03-08 03:40:00,0
2026-03-08 03:50:00,0
2026-03-08 04:00:00,0
2026-03-08 04:10:00,0
2026-03-08 04:20:00,0
2026-03-08 04:30:00,0
2026-03-08 04:40:00,0
2026-03-08 04:50:00,0
2026-03-08 05:00:00,0
2026-03-08 05:10:00,0
2026-03-08 05:20:00,0
2026-03-08 05:30:00,0.6
2026-03-08 05:40:00,16.6
2026-03-08 05:50:00,121
2026-03-08 06:00:00,343.75
2026-03-08 06:10:00,639.6
2026-03-08 06:20:00,931.75
2026-03-08 06:30:00,1849.9333333333334
2026-03-08 06:40:00,1921.55
2026-03-08 06:50:00,4063.633333333333
2026-03-08 07:00:00,5288.15
2026-03-08 07:10:00,5462.599999999999
2026-03-08 07:20:00,5866
2026-03-08 07:30:00,6460.433333333333
2026-03-08 07:40:00,7133.15
2026-03-08 07:50:00,5565.233333333334
2026-03-08 08:00:00,4671.55
2026-03-08 08:10:00,5876.099999999999
2026-03-08 08:20:00,6350.75
2026-03-08 08:30:00,5414.099999999999
2026-03-08 08:40:00,5158.200000000001
2026-03-08 08:50:00,4455
2026-03-08 09:00:00,3850.45
2026-03-08 09:10:00,6237.400000000001
2026-03-08 09:20:00,9988.3
2026-03-08 09:30:00,12892.566666666666
2026-03-08 09:40:00,13039.7
2026-03-08 09:50:00,10068.166666666666
2026-03-08 10:00:00,11395.55
2026-03-08 10:10:00,10228.5
2026-03-08 10:20:00,10180.95
2026-03-08 10:30:00,7077.866666666666
2026-03-08 10:40:00,11864.7
2026-03-08 10:50:00,8658.1
2026-03-08 11:00:00,13006.55
2026-03-08 11:10:00,13470.699999999999
2026-03-08 11:20:00,14962.2
2026-03-08 11:30:00,15017.799999999997
2026-03-08 11:40:00,14899.5
2026-03-08 11:50:00,15041.733333333332
2026-03-08 12:00:00,14917.95
2026-03-08 12:10:00,14837.766666666668
2026-03-08 12:20:00,14767.7
2026-03-08 12:30:00,14577.266666666668
2026-03-08 12:40:00,14470.95
2026-03-08 12:50:00,14509.700000000003
2026-03-08 13:00:00,11013.15
2026-03-08 13:10:00,13335.533333333335
2026-03-08 13:20:00,13709.7
2026-03-08 13:30:00,12874.733333333332
2026-03-08 13:40:00,13165.95
2026-03-08 13:50:00,12832.333333333334
2026-03-08 14:00:00,12492.3
2026-03-08 14:10:00,12065.566666666666
2026-03-08 14:20:00,11668.35
2026-03-08 14:30:00,11319.1
2026-03-08 14:40:00,10933.85
2026-03-08 14:50:00,10503.766666666665
2026-03-08 15:00:00,10073.1
2026-03-08 15:10:00,9605.5
2026-03-08 15:20:00,9174.5
2026-03-08 15:30:00,8706.666666666666
2026-03-08 15:40:00,8229.9
2026-03-08 15:50:00,7840.049999999999
2026-03-08 16:00:00,7017.1
2026-03-08 16:10:00,6269.65
2026-03-08 16:20:00,5114.233333333334
2026-03-08 16:30:00,3625.6000000000004
2026-03-08 16:40:00,3607.133333333333
2026-03-08 16:50:00,3981.3
2026-03-08 17:00:00,2511.0666666666666
2026-03-08 17:10:00,1502.2
2026-03-08 17:20:00,1246.6333333333334
2026-03-08 17:30:00,953.9
2026-03-08 17:40:00,492.1666666666666
2026-03-08 17:50:00,198.1
2026-03-08 18:00:00,46.06666666666666
2026-03-08 18:10:00,2.75
2026-03-08 18:20:00,0
2026-03-08 18:30:00,0
2026-03-08 18:40:00,0
2026-03-08 18:50:00,0
2026-03-08 19:00:00,0
2026-03-08 19:10:00,0
2026-03-08 19:20:00,0
2026-03-08 19:30:00,0
2026-03-08 19:40:00,0
2026-03-08 19:50:00,0
2026-03-08 20:00:00,0
2026-03-08 20:10:00,0
2026-03-08 20:20:00,0
2026-03-08 20:30:00,0
2026-03-08 20:40:00,0
2026-03-08 20:50:00,0
2026-03-08 21:00:00,0
2026-03-08 21:10:00,0
2026-03-08 21:20:00,0
2026-03-08 21:30:00,0
2026-03-08 21:40:00,0
2026-03-08 21:50:00,0
2026-03-08 22:00:00,0
2026-03-08 22:10:00,0
2026-03-08 22:20:00,0
2026-03-08 22:30:00,0
2026-03-08 22:40:00,0
2026-03-08 22:50:00,0
2026-03-08 23:00:00,0
2026-03-08 23:10:00,0
2026-03-08 23:20:00,0
2026-03-08 23:30:00,0
2026-03-08 23:40:00,0
2026-03-08 23:50:00,0
2026-03-09 00:00:00,0
2026-03-09 00:10:00,0
2026-03-09 00:20:00,0
2026-03-09 00:30:00,0
2026-03-09 00:40:00,0
2026-03-09 00:50:00,0
2026-03-09 01:00:00,0
2026-03-09 01:10:00,0
2026-03-09 01:20:00,0
2026-03-09 01:30:00,0
2026-03-09 01:40:00,0
2026-03-09 01:50:00,0
2026-03-09 02:00:00,0
2026-03-09 02:10:00,0
2026-03-09 02:20:00,0
2026-03-09 02:30:00,0
2026-03-09 02:40:00,0
2026-03-09 02:50:00,0
2026-03-09 03:00:00,0
2026-03-09 03:10:00,0
2026-03-09 03:20:00,0
2026-03-09 03:30:00,0
2026-03-09 03:40:00,0
2026-03-09 03:50:00,0
2026-03-09 04:00:00,0
2026-03-09 04:10:00,0
2026-03-09 04:20:00,0
2026-03-09 04:30:00,0
2026-03-09 04:40:00,0
2026-03-09 04:50:00,0
2026-03-09 05:00:00,0
2026-03-09 05:10:00,0
2026-03-09 05:20:00,0
2026-03-09 05:30:00,0.9
2026-03-09 05:40:00,23.96666666666667
2026-03-09 05:50:00,136.4
2026-03-09 06:00:00,379.73333333333335
2026-03-09 06:10:00,655.25
2026-03-09 06:20:00,922.2000000000002
2026-03-09 06:30:00,1735.4
2026-03-09 06:40:00,3106.433333333333
2026-03-09 06:50:00,3867
2026-03-09 07:00:00,4561.900000000001
2026-03-09 07:10:00,5159.1
2026-03-09 07:20:00,5720.066666666666
2026-03-09 07:30:00,6258.55
2026-03-09 07:40:00,6811.833333333333
2026-03-09 07:50:00,7361.7
2026-03-09 08:00:00,7876
2026-03-09 08:10:00,8479.65
2026-03-09 08:20:00,7609.966666666667
2026-03-09 08:30:00,8067.700000000001
2026-03-09 08:40:00,6203
2026-03-09 08:50:00,4183.15
2026-03-09 09:00:00,11201.733333333335
2026-03-09 09:10:00,11054.599999999999
2026-03-09 09:20:00,11657.6
2026-03-09 09:30:00,12032.45
2026-03-09 09:40:00,12605.666666666666
2026-03-09 09:50:00,12019.5
2026-03-09 10:00:00,13352.733333333335
2026-03-09 10:10:00,9586.5
2026-03-09 10:20:00,13940.733333333332
2026-03-09 10:30:00,14294.900000000001
2026-03-09 10:40:00,14507.833333333334
2026-03-09 10:50:00,14933.6
2026-03-09 11:00:00,13786.533333333333
2026-03-09 11:10:00,14681.1
2026-03-09 11:20:00,12803.466666666665
2026-03-09 11:30:00,12919.900000000001
2026-03-09 11:40:00,12809.633333333333
2026-03-09 11:50:00,11856.4
2026-03-09 12:00:00,14227.666666666666
2026-03-09 12:10:00,14940.1
2026-03-09 12:20:00,11972.233333333332
2026-03-09 12:30:00,14944.65
2026-03-09 12:40:00,12428.699999999999
2026-03-09 12:50:00,15129.9
2026-03-09 13:00:00,14081.433333333334
2026-03-09 13:10:00,13905.1
2026-03-09 13:20:00,13630.466666666667
2026-03-09 13:30:00,13520.8
2026-03-09 13:40:00,13229.233333333332
2026-03-09 13:50:00,12927.3
2026-03-09 14:00:00,12700.266666666668
2026-03-09 14:10:00,12579.85
2026-03-09 14:20:00,11939.033333333335
2026-03-09 14:30:00,11911.7
2026-03-09 14:40:00,11371.300000000001
2026-03-09 14:50:00,11400.2
2026-03-09 15:00:00,10729.866666666667
2026-03-09 15:10:00,10432.55
2026-03-09 15:20:00,8502.7
2026-03-09 15:30:00,7827.15
2026-03-09 15:40:00,8146.933333333334
2026-03-09 15:50:00,7286.2
2026-03-09 16:00:00,5971.366666666666
2026-03-09 16:10:00,5929.55
2026-03-09 16:20:00,5227.3
2026-03-09 16:30:00,4480.85
2026-03-09 16:40:00,4094.966666666666
2026-03-09 16:50:00,3990.5
2026-03-09 17:00:00,2640.066666666667
2026-03-09 17:10:00,1739.0500000000002
2026-03-09 17:20:00,1236.7666666666667
2026-03-09 17:30:00,963.05
2026-03-09 17:40:00,411.6333333333334
2026-03-09 17:50:00,129.9
2026-03-09 18:00:00,34.43333333333333
2026-03-09 18:10:00,1.85
2026-03-09 18:20:00,0
2026-03-09 18:30:00,0
2026-03-09 18:40:00,0
2026-03-09 18:50:00,0
2026-03-09 19:00:00,0
2026-03-09 19:10:00,0
2026-03-09 19:20:00,0
2026-03-09 19:30:00,0
2026-03-09 19:40:00,0
2026-03-09 19:50:00,0
2026-03-09 20:00:00,0
2026-03-09 20:10:00,0
2026-03-09 20:20:00,0
2026-03-09 20:30:00,0
2026-03-09 20:40:00,0
2026-03-09 20:50:00,0
2026-03-09 21:00:00,0
2026-03-09 21:10:00,0
2026-03-09 21:20:00,0
2026-03-09 21:30:00,0
2026-03-09 21:40:00,0
2026-03-09 21:50:00,0
2026-03-09 22:00:00,0
2026-03-09 22:10:00,0
2026-03-09 22:20:00,0
2026-03-09 22:30:00,0
2026-03-09 22:40:00,0
2026-03-09 22:50:00,0
2026-03-09 23:00:00,0
2026-03-09 23:10:00,0
2026-03-09 23:20:00,0
2026-03-09 23:30:00,0
2026-03-09 23:40:00,0
2026-03-09 23:50:00,0
2026-03-10 00:00:00,0
2026-03-10 00:10:00,0
2026-03-10 00:20:00,0
2026-03-10 00:30:00,0
2026-03-10 00:40:00,0
2026-03-10 00:50:00,0
2026-03-10 01:00:00,0
2026-03-10 01:10:00,0
2026-03-10 01:20:00,0
2026-03-10 01:30:00,0
2026-03-10 01:40:00,0
2026-03-10 01:50:00,0
2026-03-10 02:00:00,0
2026-03-10 02:10:00,0
2026-03-10 02:20:00,0
2026-03-10 02:30:00,0
2026-03-10 02:40:00,0
2026-03-10 02:50:00,0
2026-03-10 03:00:00,0
2026-03-10 03:10:00,0
2026-03-10 03:20:00,0
2026-03-10 03:30:00,0
2026-03-10 03:40:00,0
2026-03-10 03:50:00,0
2026-03-10 04:00:00,0
2026-03-10 04:10:00,0
2026-03-10 04:20:00,0
2026-03-10 04:30:00,0
2026-03-10 04:40:00,0
2026-03-10 04:50:00,0
2026-03-10 05:00:00,0
2026-03-10 05:10:00,0
2026-03-10 05:20:00,0
2026-03-10 05:30:00,0.6
2026-03-10 05:40:00,14.75
2026-03-10 05:50:00,122.90000000000002
2026-03-10 06:00:00,346.55
2026-03-10 06:10:00,635.2666666666668
2026-03-10 06:20:00,914.2
2026-03-10 06:30:00,1666.2666666666664
2026-03-10 06:40:00,2938.1
2026-03-10 06:50:00,3817.8666666666663
2026-03-10 07:00:00,4553.6
2026-03-10 07:10:00,5135.166666666667
2026-03-10 07:20:00,5622.700000000001
2026-03-10 07:30:00,6429.066666666666
2026-03-10 07:40:00,6407
2026-03-10 07:50:00,6028.5
2026-03-10 08:00:00,7872.299999999999
2026-03-10 08:10:00,8330.633333333333
2026-03-10 08:20:00,6861.3
2026-03-10 08:30:00,9333.933333333334
2026-03-10 08:40:00,4484.5
2026-03-10 08:50:00,6222.033333333333
2026-03-10 09:00:00,6364.55
2026-03-10 09:10:00,11182.1
2026-03-10 09:20:00,9995.650000000001
2026-03-10 09:30:00,12082.133333333331
2026-03-10 09:40:00,12291.400000000001
2026-03-10 09:50:00,13259.4
2026-03-10 10:00:00,13443.4
2026-03-10 10:10:00,10791.933333333332
2026-03-10 10:20:00,13949.349999999999
2026-03-10 10:30:00,11019.233333333332
2026-03-10 10:40:00,14855.3
2026-03-10 10:50:00,14480.166666666666
2026-03-10 11:00:00,12041.65
2026-03-10 11:10:00,9917.633333333333
2026-03-10 11:20:00,9698.900000000001
2026-03-10 11:30:00,9901.666666666666
2026-03-10 11:40:00,8469.55
2026-03-10 11:50:00,7810.233333333334
2026-03-10 12:00:00,7440.1
2026-03-10 12:10:00,7277.566666666667
2026-03-10 12:20:00,8359.8
2026-03-10 12:30:00,5972.566666666667
2026-03-10 12:40:00,6529.549999999999
2026-03-10 12:50:00,6985.733333333333
2026-03-10 13:00:00,8224.35
2026-03-10 13:10:00,6516.933333333333
2026-03-10 13:20:00,9900.75
2026-03-10 13:30:00,7995.166666666667
2026-03-10 13:40:00,7951.6
2026-03-10 13:50:00,5099.533333333334
2026-03-10 14:00:00,6155.35
2026-03-10 14:10:00,9988.3
2026-03-10 14:20:00,9207.7
2026-03-10 14:30:00,11678.533333333333
2026-03-10 14:40:00,6340.6
2026-03-10 14:50:00,7382.033333333333
2026-03-10 15:00:00,11603.900000000001
2026-03-10 15:10:00,8006.2333333333345
2026-03-10 15:20:00,3926.95
2026-03-10 15:30:00,2116
2026-03-10 15:40:00,1601.75
2026-03-10 15:50:00,1141.5333333333335
2026-03-10 16:00:00,825.75
2026-03-10 16:10:00,1207.9333333333334
2026-03-10 16:20:00,1492.9666666666665
2026-03-10 16:30:00,1056.7666666666667
2026-03-10 16:40:00,862.6
2026-03-10 16:50:00,756.9333333333334
2026-03-10 17:00:00,460.8
2026-03-10 17:10:00,454.0333333333333
2026-03-10 17:20:00,722.55
2026-03-10 17:30:00,804.2666666666668
2026-03-10 17:40:00,472.79999999999995
2026-03-10 17:50:00,184.9333333333333
2026-03-10 18:00:00,25.799999999999997
2026-03-10 18:10:00,1.8333333333333333
2026-03-10 18:20:00,0
2026-03-10 18:30:00,0
2026-03-10 18:40:00,0
2026-03-10 18:50:00,0
2026-03-10 19:00:00,0
2026-03-10 19:10:00,0
2026-03-10 19:20:00,0
2026-03-10 19:30:00,0
2026-03-10 19:40:00,0
2026-03-10 19:50:00,0
2026-03-10 20:00:00,0
2026-03-10 20:10:00,0
2026-03-10 20:20:00,0
2026-03-10 20:30:00,0
2026-03-10 20:40:00,0
2026-03-10 20:50:00,0
2026-03-10 21:00:00,0
2026-03-10 21:10:00,0
2026-03-10 21:20:00,0
2026-03-10 21:30:00,0
2026-03-10 21:40:00,0
2026-03-10 21:50:00,0
2026-03-10 22:00:00,0
2026-03-10 22:10:00,0
2026-03-10 22:20:00,0
2026-03-10 22:30:00,0
2026-03-10 22:40:00,0
2026-03-10 22:50:00,0
2026-03-10 23:00:00,0
2026-03-10 23:10:00,0
2026-03-10 23:20:00,0
2026-03-10 23:30:00,0
2026-03-10 23:40:00,0
2026-03-10 23:50:00,0
2026-03-11 00:00:00,0
2026-03-11 00:10:00,0
2026-03-11 00:20:00,0
2026-03-11 00:30:00,0
2026-03-11 00:40:00,0
2026-03-11 00:50:00,0
2026-03-11 01:00:00,0
2026-03-11 01:10:00,0
2026-03-11 01:20:00,0
2026-03-11 01:30:00,0
2026-03-11 01:40:00,0
2026-03-11 01:50:00,0
2026-03-11 02:00:00,0
2026-03-11 02:10:00,0
2026-03-11 02:20:00,0
2026-03-11 02:30:00,0
2026-03-11 02:40:00,0
2026-03-11 02:50:00,0
2026-03-11 03:00:00,0
2026-03-11 03:10:00,0
2026-03-11 03:20:00,0
2026-03-11 03:30:00,0
2026-03-11 03:40:00,0
2026-03-11 03:50:00,0
2026-03-11 04:00:00,0
2026-03-11 04:10:00,0
2026-03-11 04:20:00,0
2026-03-11 04:30:00,0
2026-03-11 04:40:00,0
2026-03-11 04:50:00,0
2026-03-11 05:00:00,0
2026-03-11 05:10:00,0
2026-03-11 05:20:00,0
2026-03-11 05:30:00,1.2333333333333334
2026-03-11 05:40:00,24.85
2026-03-11 05:50:00,151.76666666666668
2026-03-11 06:00:00,390.75
2026-03-11 06:10:00,662.9333333333333
2026-03-11 06:20:00,898.55
2026-03-11 06:30:00,1897.2666666666664
2026-03-11 06:40:00,3199.8
2026-03-11 06:50:00,3887.933333333333
2026-03-11 07:00:00,4542.549999999999
2026-03-11 07:10:00,5182.5
2026-03-11 07:20:00,5744.3
2026-03-11 07:30:00,6206.066666666666
2026-03-11 07:40:00,6831.85
2026-03-11 07:50:00,7362.333333333333
2026-03-11 08:00:00,7877.85
2026-03-11 08:10:00,8355.866666666667
2026-03-11 08:20:00,8835.4
2026-03-11 08:30:00,9415.033333333333
2026-03-11 08:40:00,9991.05
2026-03-11 08:50:00,10598.4
2026-03-11 09:00:00,10888.7
2026-03-11 09:10:00,11336.9
2026-03-11 09:20:00,11602.05
2026-03-11 09:30:00,11997.400000000001
2026-03-11 09:40:00,12294.150000000001
2026-03-11 09:50:00,12642.5
2026-03-11 10:00:00,12914.4
2026-03-11 10:10:00,13194.866666666669
2026-03-11 10:20:00,13459.95
2026-03-11 10:30:00,13710.333333333334
2026-03-11 10:40:00,13903.25
2026-03-11 10:50:00,14196.333333333334
2026-03-11 11:00:00,14481.1
2026-03-11 11:10:00,14531.200000000003
2026-03-11 11:20:00,14722.55
2026-03-11 11:30:00,14756.033333333333
2026-03-11 11:40:00,14776
2026-03-11 11:50:00,14780
2026-03-11 12:00:00,14771.4
2026-03-11 12:10:00,14670.633333333333
2026-03-11 12:20:00,14569.55
2026-03-11 12:30:00,14460.5
2026-03-11 12:40:00,14334.55
2026-03-11 12:50:00,14245.466666666667
2026-03-11 13:00:00,14275.6
2026-03-11 13:10:00,13580.066666666666
2026-03-11 13:20:00,13429.55
2026-03-11 13:30:00,13207.733333333332
2026-03-11 13:40:00,12935.55
2026-03-11 13:50:00,12641.266666666668
2026-03-11 14:00:00,12308.9
2026-03-11 14:10:00,11969.766666666668
2026-03-11 14:20:00,11619.55
2026-03-11 14:30:00,11221.433333333334
2026-03-11 14:40:00,11038
2026-03-11 14:50:00,10719.433333333334
2026-03-11 15:00:00,10086.900000000001
2026-03-11 15:10:00,9751.733333333334
2026-03-11 15:20:00,9945
2026-03-11 15:30:00,9025.533333333335
2026-03-11 15:40:00,8328.5
2026-03-11 15:50:00,8162.933333333333
2026-03-11 16:00:00,7778.299999999999
2026-03-11 16:10:00,6304.966666666667
2026-03-11 16:20:00,5971.950000000001
2026-03-11 16:30:00,4886.933333333333
2026-03-11 16:40:00,3760.1
2026-03-11 16:50:00,3290.6999999999994
2026-03-11 17:00:00,2110.45
2026-03-11 17:10:00,1861.0333333333335
2026-03-11 17:20:00,1344.6
2026-03-11 17:30:00,854
2026-03-11 17:40:00,446.05
2026-03-11 17:50:00,184.33333333333334
2026-03-11 18:00:00,35.95
2026-03-11 18:10:00,3.066666666666667
2026-03-11 18:20:00,0
2026-03-11 18:30:00,0
2026-03-11 18:40:00,0
2026-03-11 18:50:00,0
2026-03-11 19:00:00,0
2026-03-11 19:10:00,0
2026-03-11 19:20:00,0
2026-03-11 19:30:00,0
2026-03-11 19:40:00,0
2026-03-11 19:50:00,0
2026-03-11 20:00:00,0
2026-03-11 20:10:00,0
2026-03-11 20:20:00,0
2026-03-11 20:30:00,0
2026-03-11 20:40:00,0
2026-03-11 20:50:00,0
2026-03-11 21:00:00,0
2026-03-11 21:10:00,0
2026-03-11 21:20:00,0
2026-03-11 21:30:00,0
2026-03-11 21:40:00,0
2026-03-11 21:50:00,0
2026-03-11 22:00:00,0
2026-03-11 22:10:00,0
2026-03-11 22:20:00,0
2026-03-11 22:30:00,0
2026-03-11 22:40:00,0
2026-03-11 22:50:00,0
2026-03-11 23:00:00,0
2026-03-11 23:10:00,0
2026-03-11 23:20:00,0
2026-03-11 23:30:00,0
2026-03-11 23:40:00,0
2026-03-11 23:50:00,0
2026-03-12 00:00:00,0
2026-03-12 00:10:00,0
2026-03-12 00:20:00,0
2026-03-12 00:30:00,0
2026-03-12 00:40:00,0
2026-03-12 00:50:00,0
2026-03-12 01:00:00,0
2026-03-12 01:10:00,0
2026-03-12 01:20:00,0
2026-03-12 01:30:00,0
2026-03-12 01:40:00,0
2026-03-12 01:50:00,0
2026-03-12 02:00:00,0
2026-03-12 02:10:00,0
2026-03-12 02:20:00,0
2026-03-12 02:30:00,0
2026-03-12 02:40:00,0
2026-03-12 02:50:00,0
2026-03-12 03:00:00,0
2026-03-12 03:10:00,0
2026-03-12 03:20:00,0
2026-03-12 03:30:00,0
2026-03-12 03:40:00,0
2026-03-12 03:50:00,0
2026-03-12 04:00:00,0
2026-03-12 04:10:00,0
2026-03-12 04:20:00,0
2026-03-12 04:30:00,0
2026-03-12 04:40:00,0
2026-03-12 04:50:00,0
2026-03-12 05:00:00,0
2026-03-12 05:10:00,0
2026-03-12 05:20:00,0
2026-03-12 05:30:00,2.433333333333333
2026-03-12 05:40:00,32.25
2026-03-12 05:50:00,169.53333333333333
2026-03-12 06:00:00,410.1
2026-03-12 06:10:00,769.2333333333332
2026-03-12 06:20:00,1113.3
2026-03-12 06:30:00,2138.7333333333336
2026-03-12 06:40:00,2783.25
2026-03-12 06:50:00,3827.7000000000003
2026-03-12 07:00:00,4550.85
2026-03-12 07:10:00,4351.166666666667
2026-03-12 07:20:00,6123.1
2026-03-12 07:30:00,6486.833333333333
2026-03-12 07:40:00,6864.1
2026-03-12 07:50:00,7631.433333333333
2026-03-12 08:00:00,8173.7
2026-03-12 08:10:00,7511.066666666667
2026-03-12 08:20:00,9509.1
2026-03-12 08:30:00,6327.099999999999
2026-03-12 08:40:00,7364.5
2026-03-12 08:50:00,9301.7
2026-03-12 09:00:00,10878.566666666668
2026-03-12 09:10:00,8028.05
2026-03-12 09:20:00,11263.166666666666
2026-03-12 09:30:00,11681.3
2026-03-12 09:40:00,12085.233333333332
2026-03-12 09:50:00,12395.5
2026-03-12 10:00:00,10521
2026-03-12 10:10:00,9766.150000000001
2026-03-12 10:20:00,13900.200000000003
2026-03-12 10:30:00,13739.2
2026-03-12 10:40:00,13842.4
2026-03-12 10:50:00,14271.9
2026-03-12 11:00:00,14230.733333333332
2026-03-12 11:10:00,14332.75
2026-03-12 11:20:00,14668.800000000001
2026-03-12 11:30:00,14674.65
2026-03-12 11:40:00,14669.433333333334
2026-03-12 11:50:00,14786.150000000001
2026-03-12 12:00:00,14666.333333333334
2026-03-12 12:10:00,14536.400000000001
2026-03-12 12:20:00,14512.1
2026-03-12 12:30:00,14606.45
2026-03-12 12:40:00,14418.766666666668
2026-03-12 12:50:00,9709.05
2026-03-12 13:00:00,13914.933333333334
2026-03-12 13:10:00,13671.95
2026-03-12 13:20:00,13436.300000000001
2026-03-12 13:30:00,13244.3
2026-03-12 13:40:00,12926.366666666667
2026-03-12 13:50:00,12677.55
2026-03-12 14:00:00,12506.1
2026-03-12 14:10:00,12177.1
2026-03-12 14:20:00,11750.4
2026-03-12 14:30:00,11505.25
2026-03-12 14:40:00,11344.9
2026-03-12 14:50:00,11235.2
2026-03-12 15:00:00,11083.133333333333
2026-03-12 15:10:00,8199.45
2026-03-12 15:20:00,5855.2
2026-03-12 15:30:00,5514.85
2026-03-12 15:40:00,3844.2999999999997
2026-03-12 15:50:00,4575.75
2026-03-12 16:00:00,3876.866666666667
2026-03-12 16:10:00,3922.35
2026-03-12 16:20:00,4550.233333333334
2026-03-12 16:30:00,5423.6
2026-03-12 16:40:00,3707.3000000000006
2026-03-12 16:50:00,2206.3
2026-03-12 17:00:00,2543.633333333333
2026-03-12 17:10:00,2281
2026-03-12 17:20:00,1527.3999999999999
2026-03-12 17:30:00,920.6500000000001
2026-03-12 17:40:00,481.06666666666666
2026-03-12 17:50:00,134.55
2026-03-12 18:00:00,30.73333333333333
2026-03-12 18:10:00,1.85
2026-03-12 18:20:00,0
2026-03-12 18:30:00,0
2026-03-12 18:40:00,0
2026-03-12 18:50:00,0
2026-03-12 19:00:00,0
2026-03-12 19:10:00,0
2026-03-12 19:20:00,0
2026-03-12 19:30:00,0
2026-03-12 19:40:00,0
2026-03-12 19:50:00,0
2026-03-12 20:00:00,0
2026-03-12 20:10:00,0
2026-03-12 20:20:00,0
2026-03-12 20:30:00,0
2026-03-12 20:40:00,0
2026-03-12 20:50:00,0
2026-03-12 21:00:00,0
2026-03-12 21:10:00,0
2026-03-12 21:20:00,0
2026-03-12 21:30:00,0
2026-03-12 21:40:00,0
2026-03-12 21:50:00,0
2026-03-12 22:00:00,0
2026-03-12 22:10:00,0
2026-03-12 22:20:00,0
2026-03-12 22:30:00,0
2026-03-12 22:40:00,0
2026-03-12 22:50:00,0
2026-03-12 23:00:00,0
2026-03-12 23:10:00,0
2026-03-12 23:20:00,0
2026-03-12 23:30:00,0
2026-03-12 23:40:00,0
2026-03-12 23:50:00,0
2026-03-13 00:00:00,0
2026-03-13 00:10:00,0
2026-03-13 00:20:00,0
2026-03-13 00:30:00,0
2026-03-13 00:40:00,0
2026-03-13 00:50:00,0
2026-03-13 01:00:00,0
2026-03-13 01:10:00,0
2026-03-13 01:20:00,0
2026-03-13 01:30:00,0
2026-03-13 01:40:00,0
2026-03-13 01:50:00,0
2026-03-13 02:00:00,0
2026-03-13 02:10:00,0
2026-03-13 02:20:00,0
2026-03-13 02:30:00,0
2026-03-13 02:40:00,0
2026-03-13 02:50:00,0
2026-03-13 03:00:00,0
2026-03-13 03:10:00,0
2026-03-13 03:20:00,0
2026-03-13 03:30:00,0
2026-03-13 03:40:00,0
2026-03-13 03:50:00,0
2026-03-13 04:00:00,0
2026-03-13 04:10:00,0
2026-03-13 04:20:00,0
2026-03-13 04:30:00,0
2026-03-13 04:40:00,0
2026-03-13 04:50:00,0
2026-03-13 05:00:00,0
2026-03-13 05:10:00,0
2026-03-13 05:20:00,0
2026-03-13 05:30:00,0.9
2026-03-13 05:40:00,32.53333333333333
2026-03-13 05:50:00,162.25
2026-03-13 06:00:00,401.8
2026-03-13 06:10:00,660.8
2026-03-13 06:20:00,868.7333333333332
2026-03-13 06:30:00,1668.1
2026-03-13 06:40:00,2093.8333333333335
2026-03-13 06:50:00,3837.55
2026-03-13 07:00:00,4575.466666666666
2026-03-13 07:10:00,5135.15
2026-03-13 07:20:00,5726.833333333333
2026-03-13 07:30:00,6291.75
2026-03-13 07:40:00,6837.033333333333
2026-03-13 07:50:00,7330.4
2026-03-13 08:00:00,7835.433333333334
2026-03-13 08:10:00,8327.55
2026-03-13 08:20:00,8849.833333333334
2026-03-13 08:30:00,9774.5
2026-03-13 08:40:00,9533.633333333333
2026-03-13 08:50:00,10074.900000000001
2026-03-13 09:00:00,10461.366666666667
2026-03-13 09:10:00,10920.95
2026-03-13 09:20:00,11209.133333333331
2026-03-13 09:30:00,11588.2
2026-03-13 09:40:00,12884.6
2026-03-13 09:50:00,12648.05
2026-03-13 10:00:00,12885.800000000001
2026-03-13 10:10:00,13161.4
2026-03-13 10:20:00,13647.033333333333
2026-03-13 10:30:00,14101.4
2026-03-13 10:40:00,13943.166666666666
2026-03-13 10:50:00,14218.4
2026-03-13 11:00:00,14579.1
2026-03-13 11:10:00,14494
2026-03-13 11:20:00,14349.299999999997
2026-03-13 11:30:00,13357.7
2026-03-13 11:40:00,11208.5
2026-03-13 11:50:00,13495
2026-03-13 12:00:00,15187.366666666667
2026-03-13 12:10:00,15438.650000000001
2026-03-13 12:20:00,15118.533333333333
2026-03-13 12:30:00,12252.7
2026-03-13 12:40:00,7676.3
2026-03-13 12:50:00,10946.75
2026-03-13 13:00:00,7033.666666666667
2026-03-13 13:10:00,9392.95
2026-03-13 13:20:00,7158.366666666666
2026-03-13 13:30:00,7917.450000000001
2026-03-13 13:40:00,9380.666666666666
2026-03-13 13:50:00,10615.9
2026-03-13 14:00:00,9723.533333333335
2026-03-13 14:10:00,5947.049999999999
2026-03-13 14:20:00,4611.666666666667
2026-03-13 14:30:00,4722.25
2026-03-13 14:40:00,7715.033333333333
2026-03-13 18:40:00,0
2026-03-13 18:50:00,0
2026-03-13 19:00:00,0
2026-03-13 19:10:00,0
2026-03-13 19:20:00,0
2026-03-13 19:30:00,0
2026-03-13 19:40:00,0
2026-03-13 19:50:00,0
2026-03-13 20:00:00,0
2026-03-13 20:10:00,0
2026-03-13 20:20:00,0
2026-03-13 20:30:00,0
2026-03-13 20:40:00,0
2026-03-13 20:50:00,0
2026-03-13 21:00:00,0
2026-03-13 21:10:00,0
2026-03-13 21:20:00,0
2026-03-13 21:30:00,0
2026-03-13 21:50:00,0
2026-03-14 00:10:00,0
2026-03-14 00:20:00,0
2026-03-14 00:30:00,0
2026-03-14 00:40:00,0
2026-03-14 00:50:00,0
2026-03-14 01:00:00,0
2026-03-14 01:10:00,0
2026-03-14 01:20:00,0
2026-03-14 01:30:00,0
2026-03-14 01:40:00,0
2026-03-14 01:50:00,0
2026-03-14 02:00:00,0
2026-03-14 02:40:00,0
2026-03-14 02:50:00,0
2026-03-14 03:00:00,0
2026-03-14 03:10:00,0
2026-03-14 03:20:00,0
2026-03-14 03:30:00,0
2026-03-14 03:40:00,0
2026-03-14 03:50:00,0
2026-03-14 04:00:00,0
2026-03-14 04:10:00,0
2026-03-14 04:20:00,0
2026-03-14 04:30:00,0
2026-03-14 04:40:00,0
2026-03-14 04:50:00,0
2026-03-14 05:00:00,0
2026-03-14 05:10:00,0
2026-03-14 05:20:00,0
2026-03-14 05:30:00,0.9
2026-03-14 05:50:00,7.4
2026-03-14 08:10:00,8383.75
2026-03-14 08:20:00,8618.800000000001
2026-03-14 08:30:00,9493.4
2026-03-14 08:40:00,9007.7
2026-03-14 08:50:00,10697.05
2026-03-14 09:00:00,9003.400000000001
2026-03-14 09:10:00,9851.900000000001
2026-03-14 09:20:00,11609.1
2026-03-14 09:30:00,12917.15
2026-03-14 09:40:00,10503.166666666666
2026-03-14 09:50:00,12610.25
2026-03-14 10:00:00,13030.199999999999
2026-03-14 10:10:00,10605.8
2026-03-14 10:20:00,14171.133333333333
2026-03-14 10:30:00,13295.9
2026-03-14 10:40:00,14378.799999999997
2026-03-14 10:50:00,14211.05
2026-03-14 11:00:00,15312.699999999999
2026-03-14 11:10:00,8790.2
2026-03-14 11:20:00,10305.933333333334
2026-03-14 11:30:00,14387.1
2026-03-14 11:40:00,11827.799999999997
2026-03-14 11:50:00,11708.95
2026-03-14 12:00:00,11332
2026-03-14 12:10:00,15223.9
2026-03-14 12:20:00,14969.833333333334
2026-03-14 12:30:00,14951.099999999999
2026-03-14 12:40:00,14718.566666666666
2026-03-14 12:50:00,14101.4
2026-03-14 13:00:00,13937.666666666666
2026-03-14 13:10:00,13917.1
2026-03-14 13:20:00,13517.433333333334
2026-03-14 13:30:00,13522.650000000001
2026-03-14 13:40:00,13040.033333333333
2026-03-14 13:50:00,12970.599999999999
2026-03-14 14:00:00,12834.199999999999
2026-03-14 14:10:00,12383.5
2026-03-14 14:20:00,10951.066666666666
2026-03-14 14:30:00,12143
2026-03-14 14:40:00,9744.966666666667
2026-03-14 14:50:00,10718.2
2026-03-14 15:00:00,7613.666666666667
2026-03-14 15:10:00,5387.65
2026-03-14 15:20:00,8873.766666666665
2026-03-14 15:30:00,6687.15
2026-03-14 15:40:00,4899.866666666666
2026-03-14 15:50:00,6522.15
2026-03-14 16:00:00,3152.466666666667
2026-03-14 16:10:00,4367.45
2026-03-14 16:20:00,5834.966666666667
2026-03-14 16:30:00,5618.1
2026-03-14 16:40:00,4412.6
2026-03-14 16:50:00,4309.4
2026-03-14 17:00:00,2531.9666666666667
2026-03-14 17:10:00,1950.1
2026-03-14 17:20:00,857.0999999999999
2026-03-14 17:30:00,428.54999999999995
2026-03-14 17:40:00,185.53333333333333
2026-03-14 17:50:00,63.6
2026-03-14 18:00:00,15.933333333333332
2026-03-14 18:10:00,0.9
2026-03-14 18:20:00,0
2026-03-14 18:30:00,0
2026-03-14 18:40:00,0
2026-03-14 18:50:00,0
2026-03-14 19:00:00,0
2026-03-14 19:10:00,0
2026-03-14 19:20:00,0
2026-03-14 19:30:00,0
2026-03-14 19:40:00,0
2026-03-14 19:50:00,0
2026-03-14 20:00:00,0
2026-03-14 20:10:00,0
2026-03-14 20:20:00,0
2026-03-14 20:30:00,0
2026-03-14 20:40:00,0
2026-03-14 20:50:00,0
2026-03-14 21:00:00,0
2026-03-14 21:10:00,0
2026-03-14 21:20:00,0
2026-03-14 21:30:00,0
2026-03-14 21:40:00,0
2026-03-14 21:50:00,0
2026-03-14 22:00:00,0
2026-03-14 22:10:00,0
2026-03-14 22:20:00,0
2026-03-14 22:30:00,0
2026-03-14 22:40:00,0
2026-03-14 22:50:00,0
2026-03-14 23:00:00,0
2026-03-14 23:10:00,0
2026-03-14 23:20:00,0
2026-03-14 23:30:00,0
2026-03-14 23:40:00,0
2026-03-14 23:50:00,0
2026-03-15 00:00:00,0
2026-03-15 00:10:00,0
2026-03-15 00:20:00,0
2026-03-15 00:30:00,0
2026-03-15 00:40:00,0
2026-03-15 00:50:00,0
2026-03-15 01:00:00,0
2026-03-15 01:10:00,0
2026-03-15 01:20:00,0
2026-03-15 01:30:00,0
2026-03-15 01:40:00,0
2026-03-15 01:50:00,0
2026-03-15 02:00:00,0
2026-03-15 02:10:00,0
2026-03-15 02:20:00,0
2026-03-15 02:30:00,0
2026-03-15 02:40:00,0
2026-03-15 02:50:00,0
2026-03-15 03:00:00,0
2026-03-15 03:10:00,0
2026-03-15 03:20:00,0
2026-03-15 03:30:00,0
2026-03-15 03:40:00,0
2026-03-15 03:50:00,0
2026-03-15 04:00:00,0
2026-03-15 04:10:00,0
2026-03-15 04:20:00,0
2026-03-15 04:30:00,0
2026-03-15 04:40:00,0
2026-03-15 04:50:00,0
2026-03-15 05:00:00,0
2026-03-15 05:10:00,0
2026-03-15 05:20:00,0
2026-03-15 05:30:00,3.65
2026-03-15 05:40:00,51
2026-03-15 05:50:00,208.25
2026-03-15 06:00:00,458.9666666666667
2026-03-15 06:10:00,712.4000000000001
2026-03-15 06:20:00,911.7666666666668
2026-03-15 06:30:00,1458.9
2026-03-15 06:40:00,2125.233333333333
2026-03-15 06:50:00,3145.45
2026-03-15 07:00:00,4654.666666666667
2026-03-15 07:10:00,5278
2026-03-15 07:20:00,5807.966666666667
2026-03-15 07:30:00,6343.35
2026-03-15 07:40:00,6873.899999999999
2026-03-15 07:50:00,7369.1
2026-03-15 08:00:00,7898.766666666667
2026-03-15 08:10:00,8417.9
2026-03-15 08:20:00,8899.6
2026-03-15 08:30:00,9140.400000000001
2026-03-15 08:40:00,9643.6
2026-03-15 08:50:00,10076.8
2026-03-15 09:00:00,10522.199999999999
2026-03-15 09:10:00,10920.95
2026-03-15 09:20:00,11273
2026-03-15 09:30:00,11619.55
2026-03-15 09:40:00,11946.4
2026-03-15 09:50:00,12204.75
2026-03-15 10:00:00,13347.233333333332
2026-03-15 10:10:00,13574.25
2026-03-15 10:20:00,13365.633333333333
2026-03-15 10:30:00,13553.05
2026-03-15 10:40:00,13752.133333333333
2026-03-15 10:50:00,13936.45
2026-03-15 11:00:00,14098.633333333333
2026-03-15 11:10:00,14266.35
2026-03-15 11:20:00,14319.833333333334
2026-03-15 11:30:00,14402.75
2026-03-15 11:40:00,14467.9
2026-03-15 11:50:00,14506.9
2026-03-15 12:00:00,14507.200000000003
2026-03-15 12:10:00,14413.8
2026-03-15 12:20:00,14328.433333333334
2026-03-15 12:30:00,14288.5
2026-03-15 12:40:00,14216.633333333333
2026-03-15 12:50:00,13655.35
2026-03-15 13:00:00,13616.966666666667
2026-03-15 13:10:00,13426.75
2026-03-15 13:20:00,13180.733333333332
2026-03-15 13:30:00,12924.55
2026-03-15 13:40:00,12644.966666666667
2026-03-15 13:50:00,12345.75
2026-03-15 14:00:00,10455.866666666667
2026-03-15 14:10:00,9222.45
2026-03-15 14:20:00,11969.1
2026-03-15 14:30:00,8395.75
2026-03-15 14:40:00,8632.6
2026-03-15 14:50:00,9819.933333333332
2026-03-15 15:00:00,7349.75
2026-03-15 15:10:00,7927.599999999999
2026-03-15 15:20:00,9470.349999999999
2026-03-15 15:30:00,5225.466666666667
2026-03-15 15:40:00,8193.05
2026-03-15 15:50:00,7563.3
2026-03-15 16:00:00,5914.85
2026-03-15 16:10:00,4789.866666666666
2026-03-15 16:20:00,4322.3
2026-03-15 16:30:00,3285.7999999999997
2026-03-15 16:40:00,1953.8000000000002
2026-03-15 16:50:00,3052.2999999999997
2026-03-15 17:00:00,1909.55
2026-03-15 17:10:00,1281.033333333333
2026-03-15 17:20:00,976.9
2026-03-15 17:30:00,696.1333333333333
2026-03-15 17:40:00,432.25
2026-03-15 17:50:00,202.76666666666665
2026-03-15 18:00:00,47
2026-03-15 18:10:00,4.3
2026-03-15 18:20:00,0
2026-03-15 18:30:00,0
2026-03-15 18:40:00,0
2026-03-15 18:50:00,0
2026-03-15 19:00:00,0
2026-03-15 19:10:00,0
2026-03-15 19:20:00,0
2026-03-15 19:30:00,0
2026-03-15 19:40:00,0
2026-03-15 19:50:00,0
2026-03-15 20:00:00,0
2026-03-15 20:10:00,0
2026-03-15 20:20:00,0
2026-03-15 20:30:00,0
2026-03-15 20:40:00,0
2026-03-15 20:50:00,0
2026-03-15 21:00:00,0
2026-03-15 21:10:00,0
2026-03-15 21:20:00,0
2026-03-15 21:30:00,0
2026-03-15 21:40:00,0
2026-03-15 21:50:00,0
2026-03-15 22:00:00,0
2026-03-15 22:10:00,0
2026-03-15 22:20:00,0
2026-03-15 22:30:00,0
2026-03-15 22:40:00,0
2026-03-15 22:50:00,0
2026-03-15 23:00:00,0
2026-03-15 23:10:00,0
2026-03-15 23:20:00,0
2026-03-15 23:30:00,0
2026-03-15 23:40:00,0
2026-03-15 23:50:00,0
2026-03-16 00:00:00,0
2026-03-16 00:10:00,0
2026-03-16 00:20:00,0
2026-03-16 00:30:00,0
2026-03-16 00:40:00,0
2026-03-16 00:50:00,0
2026-03-16 01:00:00,0
2026-03-16 01:10:00,0
2026-03-16 01:20:00,0
2026-03-16 01:30:00,0
2026-03-16 01:40:00,0
2026-03-16 01:50:00,0
2026-03-16 02:00:00,0
2026-03-16 02:10:00,0
2026-03-16 02:20:00,0
2026-03-16 02:30:00,0
2026-03-16 02:40:00,0
2026-03-16 02:50:00,0
2026-03-16 03:00:00,0
2026-03-16 03:10:00,0
2026-03-16 03:20:00,0
2026-03-16 03:30:00,0
2026-03-16 03:40:00,0
2026-03-16 03:50:00,0
2026-03-16 04:00:00,0
2026-03-16 04:10:00,0
2026-03-16 04:20:00,0
2026-03-16 04:30:00,0
2026-03-16 04:40:00,0
2026-03-16 04:50:00,0
2026-03-16 05:00:00,0
2026-03-16 05:10:00,0
2026-03-16 05:20:00,0
2026-03-16 05:30:00,3.066666666666667
2026-03-16 05:40:00,36.85
2026-03-16 05:50:00,178.76666666666665
2026-03-16 06:00:00,412.9
2026-03-16 06:10:00,694.2999999999998
2026-03-16 06:20:00,883.8
2026-03-16 06:30:00,1351.0666666666666
2026-03-16 06:40:00,1475.45
2026-03-16 06:50:00,2737.133333333333
2026-03-16 07:00:00,3970.25
2026-03-16 07:10:00,5258.666666666667
2026-03-16 07:20:00,5533.299999999999
2026-03-16 07:30:00,4598.766666666666
2026-03-16 07:40:00,5725.9
2026-03-16 07:50:00,7289.866666666666
2026-03-16 08:00:00,7805.95
2026-03-16 08:10:00,8242.800000000001
2026-03-16 08:20:00,9176.4
2026-03-16 08:30:00,9233.2
2026-03-16 08:40:00,9549.599999999999
2026-03-16 08:50:00,10035
2026-03-16 09:00:00,9298.95
2026-03-16 09:10:00,10807.3
2026-03-16 09:20:00,11121.85
2026-03-16 09:30:00,11410.666666666666
2026-03-16 09:40:00,11790.05
2026-03-16 09:50:00,12490.766666666668
2026-03-16 10:00:00,13647.95
2026-03-16 10:10:00,13661.199999999999
2026-03-16 10:20:00,13412.95
2026-03-16 10:30:00,10729.9
2026-03-16 10:40:00,14176.05
2026-03-16 10:50:00,9341.366666666667
2026-03-16 11:00:00,14993.55
2026-03-16 11:10:00,14792.933333333334
2026-03-16 11:20:00,14774.2
2026-03-16 11:30:00,14874.033333333333
2026-03-16 11:40:00,14737.3
2026-03-16 11:50:00,14847.6
2026-03-16 12:00:00,14694.900000000001
2026-03-16 12:10:00,15208.233333333332
2026-03-16 12:20:00,10311.8
2026-03-16 12:30:00,7548.5
2026-03-16 12:40:00,6582.049999999999
2026-03-16 12:50:00,6875.766666666666
2026-03-16 13:00:00,6113.9
2026-03-16 13:10:00,5277.7
2026-03-16 13:20:00,5397.799999999999
2026-03-16 13:30:00,6344.899999999999
2026-03-16 13:40:00,9129.4
2026-03-16 13:50:00,12156.533333333333
2026-03-16 14:00:00,12580.75
2026-03-16 14:10:00,6722.133333333334
2026-03-16 14:20:00,4661.45
2026-03-16 14:30:00,7147.900000000001
2026-03-16 14:40:00,10734.8
2026-03-16 14:50:00,8765.033333333333
2026-03-16 15:00:00,7046.6
2026-03-16 15:10:00,4845.8
2026-03-16 15:20:00,8915.55
2026-03-16 15:30:00,7839.133333333332
2026-03-16 15:40:00,3271.7
2026-03-16 15:50:00,6314.166666666667
2026-03-16 16:00:00,5232.85
2026-03-16 16:10:00,3713.433333333333
2026-03-16 16:20:00,4447.65
2026-03-16 16:30:00,2990.2999999999997
2026-03-16 16:40:00,3080
2026-03-16 16:50:00,1826.6333333333332
2026-03-16 17:00:00,1662.5500000000002
2026-03-16 17:10:00,2013.3999999999999
2026-03-16 17:20:00,1211
2026-03-16 17:30:00,765.5333333333333
2026-03-16 17:40:00,345.6
2026-03-16 17:50:00,123.5
2026-03-16 18:00:00,26.75
2026-03-16 18:10:00,3.066666666666667
2026-03-16 18:20:00,0
2026-03-16 18:30:00,0
2026-03-16 18:40:00,0
2026-03-16 18:50:00,0
2026-03-16 19:00:00,0
2026-03-16 19:10:00,0
2026-03-16 19:20:00,0
2026-03-16 19:30:00,0
2026-03-16 19:40:00,0
2026-03-16 19:50:00,0
2026-03-16 20:00:00,0
2026-03-16 20:10:00,0
2026-03-16 20:20:00,0
2026-03-16 20:30:00,0
2026-03-16 20:40:00,0
2026-03-16 20:50:00,0
2026-03-16 21:00:00,0
2026-03-16 21:10:00,0
2026-03-16 21:20:00,0
2026-03-16 21:30:00,0
2026-03-16 21:40:00,0
2026-03-16 21:50:00,0
2026-03-16 22:00:00,0
2026-03-16 22:10:00,0
2026-03-16 22:20:00,0
2026-03-16 22:30:00,0
2026-03-16 22:40:00,0
2026-03-16 22:50:00,0
2026-03-16 23:00:00,0
2026-03-16 23:10:00,0
2026-03-16 23:20:00,0
2026-03-16 23:30:00,0
2026-03-16 23:40:00,0
2026-03-16 23:50:00,0
2026-03-17 00:00:00,0
2026-03-17 00:10:00,0
2026-03-17 00:20:00,0
2026-03-17 00:30:00,0
2026-03-17 00:40:00,0
2026-03-17 00:50:00,0
2026-03-17 01:00:00,0
2026-03-17 01:10:00,0
2026-03-17 01:20:00,0
2026-03-17 01:30:00,0
2026-03-17 01:40:00,0
2026-03-17 01:50:00,0
2026-03-17 02:00:00,0
2026-03-17 02:10:00,0
2026-03-17 02:20:00,0
2026-03-17 02:30:00,0
2026-03-17 02:40:00,0
2026-03-17 02:50:00,0
2026-03-17 03:00:00,0
2026-03-17 03:10:00,0
2026-03-17 03:20:00,0
2026-03-17 03:30:00,0
2026-03-17 03:40:00,0
2026-03-17 03:50:00,0
2026-03-17 04:00:00,0
2026-03-17 04:10:00,0
2026-03-17 04:20:00,0
2026-03-17 04:30:00,0
2026-03-17 04:40:00,0
2026-03-17 04:50:00,0
2026-03-17 05:00:00,0
2026-03-17 05:10:00,0
2026-03-17 05:20:00,0
2026-03-17 05:30:00,4.933333333333334
2026-03-17 05:40:00,49.75
2026-03-17 05:50:00,223.0666666666667
2026-03-17 06:00:00,511.5
2026-03-17 06:10:00,823.3000000000001
2026-03-17 06:20:00,1085.65
2026-03-17 06:30:00,1398.3999999999999
2026-03-17 06:40:00,1675.45
2026-03-17 06:50:00,2662.1666666666665
2026-03-17 07:00:00,4411.700000000001
2026-03-17 07:10:00,4994.466666666667
2026-03-17 07:20:00,5576.6
2026-03-17 07:30:00,6139.099999999999
2026-03-17 07:40:00,6668.7
2026-03-17 07:50:00,7157.766666666666
2026-03-17 08:00:00,7629.95
2026-03-17 08:10:00,8162.299999999999
2026-03-17 08:20:00,8651.05
2026-03-17 08:30:00,9456.233333333334
2026-03-17 08:40:00,9396.65
2026-03-17 08:50:00,9725.333333333334
2026-03-17 09:00:00,10191.05
2026-03-17 09:10:00,10598.4
2026-03-17 09:20:00,10853.650000000001
2026-03-17 09:30:00,11793.4
2026-03-17 09:40:00,11943
2026-03-17 09:50:00,12251.766666666665
2026-03-17 10:00:00,12575.25
2026-03-17 10:10:00,12927.566666666666
2026-03-17 10:20:00,13231.45
2026-03-17 10:30:00,13627.400000000001
2026-03-17 10:40:00,13751.2
2026-03-17 10:50:00,14115.199999999999
2026-03-17 11:00:00,14236.9
2026-03-17 11:10:00,14523.166666666666
2026-03-17 11:20:00,10220.55
2026-03-17 11:30:00,9843.9
2026-03-17 11:40:00,9757.9
2026-03-17 11:50:00,14725.933333333334
2026-03-17 12:00:00,10224.25
2026-03-17 12:10:00,10799.933333333332
2026-03-17 12:20:00,6016.2
2026-03-17 12:30:00,9502.300000000001
2026-03-17 12:40:00,5823.6
2026-03-17 12:50:00,5023.966666666666
2026-03-17 13:00:00,5046.7
2026-03-17 13:10:00,8355.833333333332
2026-03-17 13:20:00,12849.849999999999
2026-03-17 13:30:00,12493.833333333334
2026-03-17 13:40:00,12359.6
2026-03-17 13:50:00,12031.833333333334
2026-03-17 14:00:00,8227.1
2026-03-17 14:10:00,10883.5
2026-03-17 14:20:00,4415.4
2026-03-17 14:30:00,7890.7
2026-03-17 14:40:00,9326.599999999999
2026-03-17 14:50:00,5425.766666666667
2026-03-17 15:00:00,5310.25
2026-03-17 15:10:00,6515.100000000001
2026-03-17 15:20:00,4402.5
2026-03-17 15:30:00,3374.2666666666664
2026-03-17 15:40:00,2143.65
2026-03-17 15:50:00,1822.3
2026-03-17 16:00:00,2209.1
2026-03-17 16:10:00,2015.2333333333333
2026-03-17 16:20:00,976.9000000000001
2026-03-17 16:30:00,1430.3333333333333
2026-03-17 16:40:00,1282.9
2026-03-17 16:50:00,1390.3999999999999
2026-03-17 17:00:00,1170.45
2026-03-17 17:10:00,619.9333333333333
2026-03-17 17:20:00,408.3
2026-03-17 17:30:00,290.56666666666666
2026-03-17 17:40:00,141.95
2026-03-17 17:50:00,66.36666666666667
2026-03-17 18:00:00,13.799999999999999
2026-03-17 18:10:00,0.6
2026-03-17 18:20:00,0
2026-03-17 18:30:00,0
2026-03-17 18:40:00,0
2026-03-17 18:50:00,0
2026-03-17 19:00:00,0
2026-03-17 19:10:00,0
2026-03-17 19:20:00,0
2026-03-17 19:30:00,0
2026-03-17 19:40:00,0
2026-03-17 19:50:00,0
2026-03-17 20:00:00,0
2026-03-17 20:10:00,0
2026-03-17 20:20:00,0
2026-03-17 20:30:00,0
2026-03-17 20:40:00,0
2026-03-17 20:50:00,0
2026-03-17 21:00:00,0
2026-03-17 21:10:00,0
2026-03-17 21:20:00,0
2026-03-17 21:30:00,0
2026-03-17 21:40:00,0
2026-03-17 21:50:00,0
2026-03-17 22:00:00,0
2026-03-17 22:10:00,0
2026-03-17 22:20:00,0
2026-03-17 22:30:00,0
2026-03-17 22:40:00,0
2026-03-17 22:50:00,0
2026-03-17 23:00:00,0
2026-03-17 23:10:00,0
2026-03-17 23:20:00,0
2026-03-17 23:30:00,0
2026-03-17 23:40:00,0
2026-03-17 23:50:00,0
2026-03-18 00:00:00,0
2026-03-18 00:10:00,0
2026-03-18 00:20:00,0
2026-03-18 00:30:00,0
2026-03-18 00:40:00,0
2026-03-18 00:50:00,0
2026-03-18 01:00:00,0
2026-03-18 01:10:00,0
2026-03-18 01:20:00,0
2026-03-18 01:30:00,0
2026-03-18 01:40:00,0
2026-03-18 01:50:00,0
2026-03-18 02:00:00,0
2026-03-18 02:10:00,0
2026-03-18 02:20:00,0
2026-03-18 02:30:00,0
2026-03-18 02:40:00,0
2026-03-18 02:50:00,0
2026-03-18 03:00:00,0
2026-03-18 03:10:00,0
2026-03-18 03:20:00,0
2026-03-18 03:30:00,0
2026-03-18 03:40:00,0
2026-03-18 03:50:00,0
2026-03-18 04:00:00,0
2026-03-18 04:10:00,0
2026-03-18 04:20:00,0
2026-03-18 04:30:00,0
2026-03-18 04:40:00,0
2026-03-18 04:50:00,0
2026-03-18 05:00:00,0
2026-03-18 05:10:00,0
2026-03-18 05:20:00,0
2026-03-18 05:30:00,1.85
2026-03-18 05:40:00,36.86666666666667
2026-03-18 05:50:00,160.35
2026-03-18 06:00:00,422.7
2026-03-18 06:10:00,795.3
2026-03-18 06:20:00,1118.2
2026-03-18 06:30:00,1494.85
2026-03-18 06:40:00,1834.6000000000001
2026-03-18 06:50:00,2192.5
2026-03-18 07:00:00,3706.066666666667
2026-03-18 07:10:00,4811.7
2026-03-18 07:20:00,5310.266666666667
2026-03-18 07:30:00,5889
2026-03-18 07:40:00,6352.900000000001
2026-03-18 07:50:00,6915.7
2026-03-18 08:00:00,7584.766666666666
2026-03-18 08:10:00,8259.35
2026-03-18 08:20:00,9083.9
2026-03-18 08:30:00,9141.35
2026-03-18 08:40:00,9519.533333333335
2026-03-18 08:50:00,9959.75
2026-03-18 09:00:00,10326.233333333332
2026-03-18 09:10:00,10635.3
2026-03-18 09:20:00,11038.333333333334
2026-03-18 09:30:00,11485.900000000001
2026-03-18 09:40:00,11803.833333333334
2026-03-18 09:50:00,12363.25
2026-03-18 10:00:00,12496.933333333334
2026-03-18 10:10:00,12807.5
2026-03-18 10:20:00,11857.933333333332
2026-03-18 10:30:00,13553.05
2026-03-18 10:40:00,11348.6
2026-03-18 10:50:00,13830.45
2026-03-18 11:00:00,13882.366666666669
2026-03-18 11:10:00,13966.85
2026-03-18 11:20:00,14097.433333333334
2026-03-18 11:30:00,14177.9
2026-03-18 11:40:00,14258.4
2026-03-18 11:50:00,14253.45
2026-03-18 12:00:00,14284.200000000003
2026-03-18 12:10:00,14241.5
2026-03-18 12:20:00,14128.733333333332
2026-03-18 12:30:00,14133.65
2026-03-18 12:40:00,14392.966666666667
2026-03-18 12:50:00,13659.95
2026-03-18 13:00:00,13537.066666666666
2026-03-18 13:10:00,13333.7
2026-03-18 13:20:00,13101.466666666667
2026-03-18 13:30:00,12823.15
2026-03-18 13:40:00,12444.666666666666
2026-03-18 13:50:00,8077.799999999999
2026-03-18 14:00:00,6999.833333333333
2026-03-18 14:10:00,11489.55
2026-03-18 14:20:00,8961.033333333333
2026-03-18 14:30:00,9490.650000000001
2026-03-18 14:40:00,10374.733333333332
2026-03-18 14:50:00,5431.9
2026-03-18 15:00:00,2334.733333333333
2026-03-18 15:10:00,1983.25
2026-03-18 15:20:00,1826
2026-03-18 15:30:00,3436.65
2026-03-18 15:40:00,5344.633333333333
2026-03-18 15:50:00,4537.333333333333
2026-03-18 16:00:00,2175
2026-03-18 16:10:00,1856.7
2026-03-18 16:20:00,3009
2026-03-18 16:30:00,884.7333333333332
2026-03-18 16:40:00,341.9
2026-03-18 16:50:00,325.03333333333336
2026-03-18 17:00:00,626.7
2026-03-18 17:10:00,953.5333333333333
2026-03-18 17:20:00,935.45
2026-03-18 17:30:00,565.8333333333334
2026-03-18 17:40:00,258.95
2026-03-18 17:50:00,99.53333333333332
2026-03-18 18:00:00,12.9
2026-03-18 18:10:00,0.6
2026-03-18 18:20:00,0
2026-03-18 18:30:00,0
2026-03-18 18:40:00,0
2026-03-18 18:50:00,0
2026-03-18 19:00:00,0
2026-03-18 19:10:00,0
2026-03-18 19:20:00,0
2026-03-18 19:30:00,0
2026-03-18 19:40:00,0
2026-03-18 19:50:00,0
2026-03-18 20:00:00,0
2026-03-18 20:10:00,0
2026-03-18 20:20:00,0
2026-03-18 20:30:00,0
2026-03-18 20:40:00,0
2026-03-18 20:50:00,0
2026-03-18 21:00:00,0
2026-03-18 21:10:00,0
2026-03-18 21:20:00,0
2026-03-18 21:30:00,0
2026-03-18 21:40:00,0
2026-03-18 21:50:00,0
2026-03-18 22:00:00,0
2026-03-18 22:10:00,0
2026-03-18 22:20:00,0
2026-03-18 22:30:00,0
2026-03-18 22:40:00,0
2026-03-18 22:50:00,0
2026-03-18 23:00:00,0
2026-03-18 23:10:00,0
2026-03-18 23:20:00,0
2026-03-18 23:30:00,0
2026-03-18 23:40:00,0
2026-03-18 23:50:00,0
2026-03-19 00:00:00,0
2026-03-19 00:10:00,0
2026-03-19 00:20:00,0
2026-03-19 00:30:00,0
2026-03-19 00:40:00,0
2026-03-19 00:50:00,0
2026-03-19 01:00:00,0
2026-03-19 01:10:00,0
2026-03-19 01:20:00,0
2026-03-19 01:30:00,0
2026-03-19 01:40:00,0
2026-03-19 01:50:00,0
2026-03-19 02:00:00,0
2026-03-19 02:10:00,0
2026-03-19 02:20:00,0
2026-03-19 02:30:00,0
2026-03-19 02:40:00,0
2026-03-19 02:50:00,0
2026-03-19 03:00:00,0
2026-03-19 03:10:00,0
2026-03-19 03:20:00,0
2026-03-19 03:30:00,0
2026-03-19 03:40:00,0
2026-03-19 03:50:00,0
2026-03-19 04:00:00,0
2026-03-19 04:10:00,0
2026-03-19 04:20:00,0
2026-03-19 04:30:00,0
2026-03-19 04:40:00,0
2026-03-19 04:50:00,0
2026-03-19 05:00:00,0
2026-03-19 05:10:00,0
2026-03-19 05:20:00,0
2026-03-19 05:30:00,3.6666666666666665
2026-03-19 05:40:00,44.25
2026-03-19 05:50:00,226.73333333333335
2026-03-19 06:00:00,525.35
2026-03-19 06:10:00,850.3333333333334
2026-03-19 06:20:00,1121.5500000000002
2026-03-19 06:30:00,1426.0333333333335
2026-03-19 06:40:00,1843.2
2026-03-19 06:50:00,2302.766666666667
2026-03-19 07:00:00,2975.8500000000004
2026-03-19 07:10:00,4982.166666666667
2026-03-19 07:20:00,5486.3
2026-03-19 07:30:00,6005.8
2026-03-19 07:40:00,6549.85
2026-03-19 07:50:00,7092.633333333334
2026-03-19 08:00:00,7644.65
2026-03-19 08:10:00,8149.400000000001
2026-03-19 08:20:00,8618.8
2026-03-19 08:30:00,9104.166666666668
2026-03-19 08:40:00,9667.55
2026-03-19 08:50:00,9983.366666666667
2026-03-19 09:00:00,10418.7
2026-03-19 09:10:00,10269.699999999999
2026-03-19 09:20:00,10899.75
2026-03-19 09:30:00,11308.033333333333
2026-03-19 09:40:00,11640.75
2026-03-19 09:50:00,11926.733333333335
2026-03-19 10:00:00,12709.8
2026-03-19 10:10:00,12276.333333333334
2026-03-19 10:20:00,13516.2
2026-03-19 10:30:00,13635.366666666669
2026-03-19 10:40:00,11727.35
2026-03-19 10:50:00,14870.333333333334
2026-03-19 11:00:00,14372.35
2026-03-19 11:10:00,13503.9
2026-03-19 11:20:00,14726.25
2026-03-19 11:30:00,14829.166666666666
2026-03-19 11:40:00,15161.25
2026-03-19 11:50:00,15200.866666666669
2026-03-19 12:00:00,15545.55
2026-03-19 12:10:00,15953.5
2026-03-19 12:20:00,16604.45
2026-03-19 12:30:00,15551.1
2026-03-19 12:40:00,11466.55
2026-03-19 12:50:00,11426.6
2026-03-19 13:00:00,9157.95
2026-03-19 13:10:00,7822.533333333333
2026-03-19 13:20:00,6737.8
2026-03-19 13:30:00,10142.533333333333
2026-03-19 13:40:00,13058.150000000001
2026-03-19 13:50:00,12263.466666666667
2026-03-19 14:00:00,11738.400000000001
2026-03-19 14:10:00,11406.966666666667
2026-03-19 14:20:00,10585.5
2026-03-19 14:30:00,8940.766666666668
2026-03-19 14:40:00,5862.3
2026-03-19 14:50:00,6818.033333333333
2026-03-19 15:00:00,5528.65
2026-03-19 15:10:00,6040.166666666667
2026-03-19 15:20:00,5272.5
2026-03-19 15:30:00,6609.733333333334
2026-03-19 15:40:00,8236.3
2026-03-19 15:50:00,4861.733333333334
2026-03-19 16:00:00,4491.9
2026-03-19 16:10:00,4112.8
2026-03-19 16:20:00,1616.5
2026-03-19 16:30:00,1201.1666666666667
2026-03-19 16:40:00,1104.1
2026-03-19 16:50:00,863.2333333333332
2026-03-19 17:00:00,1228.5
2026-03-19 17:10:00,823.9
2026-03-19 17:20:00,524.35
2026-03-19 17:30:00,304.1333333333333
2026-03-19 17:40:00,129.95
2026-03-19 17:50:00,73.10000000000001
2026-03-19 18:00:00,23.05
2026-03-19 18:10:00,1.2333333333333334
2026-03-19 18:20:00,0
2026-03-19 18:30:00,0
2026-03-19 18:40:00,0
2026-03-19 18:50:00,0
2026-03-19 19:00:00,0
2026-03-19 19:10:00,0
2026-03-19 19:20:00,0
2026-03-19 19:30:00,0
2026-03-19 19:40:00,0
2026-03-19 19:50:00,0
2026-03-19 20:00:00,0
2026-03-19 20:10:00,0
2026-03-19 20:20:00,0
2026-03-19 20:30:00,0
2026-03-19 20:40:00,0
2026-03-19 20:50:00,0
2026-03-19 21:00:00,0
2026-03-19 21:10:00,0
2026-03-19 21:20:00,0
2026-03-19 21:30:00,0
2026-03-19 21:40:00,0
2026-03-19 21:50:00,0
2026-03-19 22:00:00,0
2026-03-19 22:10:00,0
2026-03-19 22:20:00,0
2026-03-19 22:30:00,0
2026-03-19 22:40:00,0
2026-03-19 22:50:00,0
2026-03-19 23:00:00,0
2026-03-19 23:10:00,0
2026-03-19 23:20:00,0
2026-03-19 23:30:00,0
2026-03-19 23:40:00,0
2026-03-19 23:50:00,0
2026-03-20 00:00:00,0
2026-03-20 00:10:00,0
2026-03-20 00:20:00,0
2026-03-20 00:30:00,0
2026-03-20 00:40:00,0
2026-03-20 00:50:00,0
2026-03-20 01:00:00,0
2026-03-20 01:10:00,0
2026-03-20 01:20:00,0
2026-03-20 01:30:00,0
2026-03-20 01:40:00,0
2026-03-20 01:50:00,0
2026-03-20 02:00:00,0
2026-03-20 02:10:00,0
2026-03-20 02:20:00,0
2026-03-20 02:30:00,0
2026-03-20 02:40:00,0
2026-03-20 02:50:00,0
2026-03-20 03:00:00,0
2026-03-20 03:10:00,0
2026-03-20 03:20:00,0
2026-03-20 03:30:00,0
2026-03-20 03:40:00,0
2026-03-20 03:50:00,0
2026-03-20 04:00:00,0
2026-03-20 04:10:00,0
2026-03-20 04:20:00,0
2026-03-20 04:30:00,0
2026-03-20 04:40:00,0
2026-03-20 04:50:00,0
2026-03-20 05:00:00,0
2026-03-20 05:10:00,0
2026-03-20 05:20:00,0
2026-03-20 05:30:00,5.533333333333334
2026-03-20 05:40:00,41.45
2026-03-20 05:50:00,164.03333333333333
2026-03-20 06:00:00,338.25
2026-03-20 06:10:00,490.26666666666665
2026-03-20 06:20:00,723.45
2026-03-20 06:30:00,1378.0666666666666
2026-03-20 06:40:00,2080.95
2026-03-20 06:50:00,2278.7999999999997
2026-03-20 07:00:00,2151.95
2026-03-20 07:10:00,2519.6666666666665
2026-03-20 07:20:00,3129.75
2026-03-20 07:30:00,3696.8333333333335
2026-03-20 07:40:00,3553.7
2026-03-20 07:50:00,3795.133333333333
2026-03-20 08:00:00,4485.450000000001
2026-03-20 08:10:00,5116.733333333334
2026-03-20 08:20:00,5391.35
2026-03-20 08:30:00,5101.966666666667
2026-03-20 08:40:00,4948.05
2026-03-20 08:50:00,5411.633333333333
2026-03-20 09:00:00,6368.25
2026-03-20 09:10:00,7582.900000000001
2026-03-20 09:20:00,6811.55
2026-03-20 09:30:00,5463.233333333334
2026-03-20 09:40:00,7261.25
2026-03-20 09:50:00,6059.833333333333
2026-03-20 10:00:00,6692.65
2026-03-20 10:10:00,9208.6
2026-03-20 10:20:00,8417.9
2026-03-20 10:30:00,10459.533333333333
2026-03-20 10:40:00,11865.6
2026-03-20 10:50:00,11927.966666666665
2026-03-20 11:00:00,14341
2026-03-20 11:10:00,14217.866666666667
2026-03-20 11:20:00,14365.900000000001
2026-03-20 11:30:00,14526.266666666668
2026-03-20 11:40:00,14754.8
2026-03-20 11:50:00,14493.066666666666
2026-03-20 12:00:00,14353.900000000001
2026-03-20 12:10:00,14295.233333333332
2026-03-20 12:20:00,14371.400000000001
2026-03-20 12:30:00,13977.033333333333
2026-03-20 12:40:00,13894.05
2026-03-20 12:50:00,13781.599999999999
2026-03-20 13:00:00,13686.7
2026-03-20 13:10:00,13350.933333333334
2026-03-20 13:20:00,13166
2026-03-20 13:30:00,12954.633333333333
2026-03-20 13:40:00,12959.5
2026-03-20 13:50:00,10377.800000000001
2026-03-20 14:00:00,12378
2026-03-20 14:10:00,12143.633333333333
2026-03-20 14:20:00,11873.900000000001
2026-03-20 14:30:00,10748.333333333334
2026-03-20 14:40:00,9281.45
2026-03-20 14:50:00,9706.933333333332
2026-03-20 15:00:00,5718.5
2026-03-20 15:10:00,6526.766666666666
2026-03-20 15:20:00,3713.1499999999996
2026-03-20 15:30:00,4704.466666666666
2026-03-20 15:40:00,2419.2
2026-03-20 15:50:00,2362.366666666667
2026-03-20 16:00:00,1987.85
2026-03-20 16:10:00,1923.0666666666668
2026-03-20 16:20:00,1833.0500000000002
2026-03-20 16:30:00,1528
2026-03-20 16:40:00,1199
2026-03-20 16:50:00,938.1999999999999
2026-03-20 17:00:00,1117.9
2026-03-20 17:10:00,552.9666666666666
2026-03-20 17:20:00,361.29999999999995
2026-03-20 17:30:00,192.30000000000004
2026-03-20 17:40:00,135.5
2026-03-20 17:50:00,44.26666666666667
2026-03-20 18:00:00,11.05
2026-03-20 18:10:00,0.6
2026-03-20 18:20:00,0
2026-03-20 18:30:00,0
2026-03-20 18:40:00,0
2026-03-20 18:50:00,0
2026-03-20 19:00:00,0
2026-03-20 19:10:00,0
2026-03-20 19:20:00,0
2026-03-20 19:30:00,0
2026-03-20 19:40:00,0
2026-03-20 19:50:00,0
2026-03-20 20:00:00,0
2026-03-20 20:10:00,0
2026-03-20 20:20:00,0
2026-03-20 20:30:00,0
2026-03-20 20:40:00,0
2026-03-20 20:50:00,0
2026-03-20 21:00:00,0
2026-03-20 21:10:00,0
2026-03-20 21:20:00,0
2026-03-20 21:30:00,0
2026-03-20 21:40:00,0
2026-03-20 21:50:00,0
2026-03-20 22:00:00,0
2026-03-20 22:10:00,0
2026-03-20 22:20:00,0
2026-03-20 22:30:00,0
2026-03-20 22:40:00,0
2026-03-20 22:50:00,0
2026-03-20 23:00:00,0
2026-03-20 23:10:00,0
2026-03-20 23:20:00,0
2026-03-20 23:30:00,0
2026-03-20 23:40:00,0
2026-03-20 23:50:00,0
2026-03-21 00:00:00,0
2026-03-21 00:10:00,0
2026-03-21 00:20:00,0
2026-03-21 00:30:00,0
2026-03-21 00:40:00,0
2026-03-21 00:50:00,0
2026-03-21 01:00:00,0
2026-03-21 01:10:00,0
2026-03-21 01:20:00,0
2026-03-21 01:30:00,0
2026-03-21 01:40:00,0
2026-03-21 01:50:00,0
2026-03-21 02:00:00,0
2026-03-21 02:10:00,0
2026-03-21 02:20:00,0
2026-03-21 02:30:00,0
2026-03-21 02:40:00,0
2026-03-21 02:50:00,0
2026-03-21 03:00:00,0
2026-03-21 03:10:00,0
2026-03-21 03:20:00,0
2026-03-21 03:30:00,0
2026-03-21 03:40:00,0
2026-03-21 03:50:00,0
2026-03-21 04:00:00,0
2026-03-21 04:10:00,0
2026-03-21 04:20:00,0
2026-03-21 04:30:00,0
2026-03-21 04:40:00,0
2026-03-21 04:50:00,0
2026-03-21 05:00:00,0
2026-03-21 05:10:00,0
2026-03-21 05:20:00,0
2026-03-21 05:30:00,1.85
2026-03-21 05:40:00,30.7
2026-03-21 05:50:00,101.4
2026-03-21 06:00:00,170.79999999999998
2026-03-21 06:10:00,149.3
2026-03-21 06:20:00,312.73333333333335
2026-03-21 06:30:00,661.7
2026-03-21 06:40:00,1072.7333333333333
2026-03-21 06:50:00,1279.1999999999998
2026-03-21 07:00:00,1539.6666666666667
2026-03-21 07:10:00,2659.75
2026-03-21 07:20:00,3343.566666666667
2026-03-21 07:30:00,7118.4
2026-03-21 07:40:00,7842.2
2026-03-21 07:50:00,4341.65
2026-03-21 08:00:00,4050.7333333333336
2026-03-21 08:10:00,4209.85
2026-03-21 08:20:00,3485.4666666666667
2026-03-21 08:30:00,3592.4
2026-03-21 08:40:00,4015.1
2026-03-21 08:50:00,4218.15
2026-03-21 09:00:00,3529.6999999999994
2026-03-21 09:10:00,3984.1
2026-03-21 09:20:00,4762.8
2026-03-21 09:30:00,5467.85
2026-03-21 09:40:00,5503.2
2026-03-21 09:50:00,4824.6
2026-03-21 10:00:00,5196
2026-03-21 10:10:00,5748.95
2026-03-21 10:20:00,4796.599999999999
2026-03-21 10:30:00,6010.700000000001
2026-03-21 10:40:00,10082.300000000001
2026-03-21 10:50:00,6893.549999999999
2026-03-21 11:00:00,6471.466666666666
2026-03-21 11:10:00,9765.25
2026-03-21 11:20:00,8250.133333333333
2026-03-21 11:30:00,8544.15
2026-03-21 11:40:00,7515.933333333333
2026-03-21 11:50:00,10962.45
2026-03-21 12:00:00,7764.2
2026-03-21 12:10:00,11720
2026-03-21 12:20:00,9330.9
2026-03-21 12:30:00,7915.6
2026-03-21 12:40:00,13428.933333333334
2026-03-21 12:50:00,8508.2
2026-03-21 13:00:00,12292.9
2026-03-21 13:10:00,5865.950000000001
2026-03-21 13:20:00,6650.266666666666
2026-03-21 13:30:00,7219.8
2026-03-21 13:40:00,6271.8
2026-03-21 13:50:00,6232.799999999999
2026-03-21 14:00:00,5250.033333333334
2026-03-21 14:10:00,3916.8
2026-03-21 14:20:00,6292.733333333333
2026-03-21 14:30:00,11392.85
2026-03-21 14:40:00,9031.666666666666
2026-03-21 14:50:00,5206.1
2026-03-21 15:00:00,4862.966666666667
2026-03-21 15:10:00,8663.95
2026-03-21 15:20:00,3770.566666666667
2026-03-21 15:30:00,5000.6
2026-03-21 15:40:00,5739.7
2026-03-21 15:50:00,2971.2
2026-03-21 16:00:00,1993.7666666666664
2026-03-21 16:10:00,1870.8500000000001
2026-03-21 16:20:00,2649.9
2026-03-21 16:30:00,2074.5
2026-03-21 16:40:00,1486.8666666666668
2026-03-21 16:50:00,1217.4499999999998
2026-03-21 17:00:00,1011.9333333333334
2026-03-21 17:10:00,619.3
2026-03-21 17:20:00,492.7666666666667
2026-03-21 17:30:00,350.20000000000005
2026-03-21 17:40:00,174.46666666666667
2026-03-21 17:50:00,70.05
2026-03-21 18:00:00,17.2
2026-03-21 18:10:00,0.9
2026-03-21 18:20:00,0
2026-03-21 18:30:00,0
2026-03-21 18:40:00,0
2026-03-21 18:50:00,0
2026-03-21 19:00:00,0
2026-03-21 19:10:00,0
2026-03-21 19:20:00,0
2026-03-21 19:30:00,0
2026-03-21 19:40:00,0
2026-03-21 19:50:00,0
2026-03-21 20:00:00,0
2026-03-21 20:10:00,0
2026-03-21 20:20:00,0
2026-03-21 20:30:00,0
2026-03-21 20:40:00,0
2026-03-21 20:50:00,0
2026-03-21 21:00:00,0
2026-03-21 21:10:00,0
2026-03-21 21:20:00,0
2026-03-21 21:30:00,0
2026-03-21 21:40:00,0
2026-03-21 21:50:00,0
2026-03-21 22:00:00,0
2026-03-21 22:10:00,0
2026-03-21 22:20:00,0
2026-03-21 22:30:00,0
2026-03-21 22:40:00,0
2026-03-21 22:50:00,0
2026-03-21 23:00:00,0
2026-03-21 23:10:00,0
2026-03-21 23:20:00,0
2026-03-21 23:30:00,0
2026-03-21 23:40:00,0
2026-03-21 23:50:00,0
2026-03-22 00:00:00,0
2026-03-22 00:10:00,0
2026-03-22 00:20:00,0
2026-03-22 00:30:00,0
2026-03-22 00:40:00,0
2026-03-22 00:50:00,0
2026-03-22 01:00:00,0
2026-03-22 01:10:00,0
2026-03-22 01:20:00,0
2026-03-22 01:30:00,0
2026-03-22 01:40:00,0
2026-03-22 01:50:00,0
2026-03-22 02:00:00,0
2026-03-22 02:10:00,0
2026-03-22 02:20:00,0
2026-03-22 02:30:00,0
2026-03-22 02:40:00,0
2026-03-22 02:50:00,0
2026-03-22 03:00:00,0
2026-03-22 03:10:00,0
2026-03-22 03:20:00,0
2026-03-22 03:30:00,0
2026-03-22 03:40:00,0
2026-03-22 03:50:00,0
2026-03-22 04:00:00,0
2026-03-22 04:10:00,0
2026-03-22 04:20:00,0
2026-03-22 04:30:00,0
2026-03-22 04:40:00,0
2026-03-22 04:50:00,0
2026-03-22 05:00:00,0
2026-03-22 05:10:00,0
2026-03-22 05:20:00,0
2026-03-22 05:30:00,8.3
2026-03-22 05:40:00,74.93333333333334
2026-03-22 05:50:00,234.05
2026-03-22 06:00:00,512.4
2026-03-22 06:10:00,832.2
2026-03-22 06:20:00,1317.2666666666667
2026-03-22 06:30:00,1544.6
2026-03-22 06:40:00,1970.966666666667
2026-03-22 06:50:00,2293.9
2026-03-22 07:00:00,3717.133333333333
2026-03-22 07:10:00,5854
2026-03-22 07:20:00,4684.2
2026-03-22 07:30:00,4914.9
2026-03-22 07:40:00,6921.833333333333
2026-03-22 07:50:00,6011.6
2026-03-22 08:00:00,7691.066666666667
2026-03-22 08:10:00,6405.15
2026-03-22 08:20:00,8354.633333333333
2026-03-22 08:30:00,9088.849999999999
2026-03-22 08:40:00,9051.966666666667
2026-03-22 08:50:00,10146.8
2026-03-22 09:00:00,10657.4
2026-03-22 09:10:00,10662.9
2026-03-22 09:20:00,11026.033333333333
2026-03-22 09:30:00,9992.900000000001
2026-03-22 09:40:00,11704.933333333334
2026-03-22 09:50:00,12291.4
2026-03-22 10:00:00,11849.933333333334
2026-03-22 10:10:00,12952.2
2026-03-22 10:20:00,12514.699999999999
2026-03-22 10:30:00,11172.55
2026-03-22 10:40:00,13132.799999999997
2026-03-22 10:50:00,13616.65
2026-03-22 11:00:00,13819.699999999999
2026-03-22 11:10:00,14036.9
2026-03-22 11:20:00,14332.699999999999
2026-03-22 11:30:00,14595.35
2026-03-22 11:40:00,14845.766666666668
2026-03-22 11:50:00,14752.95
2026-03-22 12:00:00,15187.333333333334
2026-03-22 12:10:00,14271
2026-03-22 12:20:00,14415.666666666666
2026-03-22 12:30:00,14390.8
2026-03-22 12:40:00,14034.733333333332
2026-03-22 12:50:00,13718
2026-03-22 13:00:00,13436.299999999997
2026-03-22 13:10:00,13220.35
2026-03-22 13:20:00,12913.433333333334
2026-03-22 13:30:00,12539.3
2026-03-22 13:40:00,12268.966666666667
2026-03-22 13:50:00,11990.900000000001
2026-03-22 14:00:00,11729.5
2026-03-22 14:10:00,11495.1
2026-03-22 14:20:00,11148.266666666668
2026-03-22 14:30:00,10854.599999999999
2026-03-22 14:40:00,10366.766666666666
2026-03-22 14:50:00,9884.2
2026-03-22 15:00:00,9436.566666666666
2026-03-22 15:10:00,7954.299999999999
2026-03-22 15:20:00,9047.633333333333
2026-03-22 15:30:00,5807
2026-03-22 15:40:00,7898.133333333334
2026-03-22 15:50:00,6929.5
2026-03-22 16:00:00,7128.866666666666
2026-03-22 16:10:00,4914
2026-03-22 16:20:00,4648.566666666667
2026-03-22 16:30:00,4952.65
2026-03-22 16:40:00,4142.3
2026-03-22 16:50:00,4984
2026-03-22 17:00:00,3441.8333333333335
2026-03-22 17:10:00,1888.35
2026-03-22 17:20:00,1240.4666666666667
2026-03-22 17:30:00,623.9000000000001
2026-03-22 17:40:00,320.09999999999997
2026-03-22 17:50:00,108.75
2026-03-22 18:00:00,13.533333333333333
2026-03-22 18:10:00,0
2026-03-22 18:20:00,0
2026-03-22 18:30:00,0
2026-03-22 18:40:00,0
2026-03-22 18:50:00,0
2026-03-22 19:00:00,0
2026-03-22 19:10:00,0
2026-03-22 19:20:00,0
2026-03-22 19:30:00,0
2026-03-22 19:40:00,0
2026-03-22 19:50:00,0
2026-03-22 20:00:00,0
2026-03-22 20:10:00,0
2026-03-22 20:20:00,0
2026-03-22 20:30:00,0
2026-03-22 20:40:00,0
2026-03-22 20:50:00,0
2026-03-22 21:00:00,0
2026-03-22 21:10:00,0
2026-03-22 21:20:00,0
2026-03-22 21:30:00,0
2026-03-22 21:40:00,0
2026-03-22 21:50:00,0
2026-03-22 22:00:00,0
2026-03-22 22:10:00,0
2026-03-22 22:20:00,0
2026-03-22 22:30:00,0
2026-03-22 22:40:00,0
2026-03-22 22:50:00,0
2026-03-22 23:00:00,0
2026-03-22 23:10:00,0
2026-03-22 23:20:00,0
2026-03-22 23:30:00,0
2026-03-22 23:40:00,0
2026-03-22 23:50:00,0
2026-03-23 00:00:00,0
2026-03-23 00:10:00,0
2026-03-23 00:20:00,0
2026-03-23 00:30:00,0
2026-03-23 00:40:00,0
2026-03-23 00:50:00,0
2026-03-23 01:00:00,0
2026-03-23 01:10:00,0
2026-03-23 01:20:00,0
2026-03-23 01:30:00,0
2026-03-23 01:40:00,0
2026-03-23 01:50:00,0
2026-03-23 02:00:00,0
2026-03-23 02:10:00,0
2026-03-23 02:20:00,0
2026-03-23 02:40:00,0
2026-03-23 02:50:00,0
2026-03-23 03:00:00,0
2026-03-23 03:10:00,0
2026-03-23 03:20:00,0
2026-03-23 03:30:00,0
2026-03-23 03:40:00,0
2026-03-23 03:50:00,0
2026-03-23 04:00:00,0
2026-03-23 04:10:00,0
2026-03-23 04:20:00,0
2026-03-23 04:30:00,0
2026-03-23 04:40:00,0
2026-03-23 04:50:00,0
2026-03-23 05:00:00,0
2026-03-23 05:10:00,0
2026-03-23 05:20:00,0
2026-03-23 05:30:00,9.2
2026-03-23 05:40:00,85.40000000000002
2026-03-23 05:50:00,274.65
2026-03-23 06:00:00,554.8000000000001
2026-03-23 06:10:00,860.75
2026-03-23 06:20:00,1131.7333333333333
2026-03-23 06:30:00,1399
2026-03-23 06:40:00,1544.6
2026-03-23 07:00:00,1607.3
2026-03-23 09:20:00,11011.3
2026-03-23 09:30:00,11260.733333333332
2026-03-23 09:40:00,11594.650000000001
2026-03-23 09:50:00,11910.133333333333
2026-03-23 10:00:00,12216.7
2026-03-23 10:10:00,12835.433333333334
2026-03-23 10:20:00,13125.4
2026-03-23 10:30:00,13230.5
2026-03-23 10:40:00,13423.099999999999
2026-03-23 10:50:00,13605.299999999997
2026-03-23 11:00:00,13762.25
2026-03-23 11:10:00,13877.466666666667
2026-03-23 11:20:00,13933.65
2026-03-23 11:30:00,14015.699999999999
2026-03-23 11:40:00,14000
2026-03-23 11:50:00,13994.833333333334
2026-03-23 12:00:00,14065.45
2026-03-23 12:10:00,14016.9
2026-03-23 12:20:00,12724.55
2026-03-23 12:30:00,9842.7
2026-03-23 12:40:00,13619.4
2026-03-23 12:50:00,9556.4
2026-03-23 13:00:00,11417.7
2026-03-23 13:10:00,11628.733333333332
2026-03-23 13:20:00,12682.150000000001
2026-03-23 13:30:00,12052.666666666666
2026-03-23 13:40:00,12091.35
2026-03-23 13:50:00,11723.366666666667
2026-03-23 14:00:00,11445.349999999999
2026-03-23 14:10:00,11034.633333333331
2026-03-23 14:20:00,10755.05
2026-03-23 14:30:00,10304.1
2026-03-23 14:40:00,9991.05
2026-03-23 14:50:00,9883.866666666667
2026-03-23 15:00:00,4835.6
2026-03-23 15:10:00,4939.166666666667
2026-03-23 15:20:00,6480.65
2026-03-23 15:30:00,3797.6000000000004
2026-03-23 15:40:00,4278.95
2026-03-23 15:50:00,4239.35
2026-03-23 16:00:00,2786.9
2026-03-23 16:10:00,2825.6
2026-03-23 16:20:00,2609.9666666666667
2026-03-23 16:30:00,2624.75
2026-03-23 16:40:00,1977.1666666666667
2026-03-23 16:50:00,1418.35
2026-03-23 17:00:00,1073.3666666666666
2026-03-23 17:10:00,756.6500000000001
2026-03-23 17:20:00,589.8333333333334
2026-03-23 17:30:00,374.15
2026-03-23 17:40:00,264.8333333333333
2026-03-23 17:50:00,139.15
2026-03-23 18:00:00,30.099999999999998
2026-03-23 18:10:00,1.85
2026-03-23 18:20:00,0
2026-03-23 18:30:00,0
2026-03-23 18:40:00,0
2026-03-23 18:50:00,0
2026-03-23 19:00:00,0
2026-03-23 19:10:00,0
2026-03-23 19:20:00,0
2026-03-23 19:30:00,0
2026-03-23 19:40:00,0
2026-03-23 19:50:00,0
2026-03-23 20:00:00,0
2026-03-23 20:10:00,0
2026-03-23 20:20:00,0
2026-03-23 20:30:00,0
2026-03-23 20:40:00,0
2026-03-23 20:50:00,0
2026-03-23 21:00:00,0
2026-03-23 21:10:00,0
2026-03-23 21:20:00,0
2026-03-23 21:30:00,0
2026-03-23 21:40:00,0
2026-03-23 21:50:00,0
2026-03-23 22:00:00,0
2026-03-23 22:10:00,0
2026-03-23 22:20:00,0
2026-03-23 22:30:00,0
2026-03-23 22:40:00,0
2026-03-23 22:50:00,0
2026-03-23 23:00:00,0
2026-03-23 23:10:00,0
2026-03-23 23:20:00,0
2026-03-23 23:30:00,0
2026-03-23 23:40:00,0
2026-03-23 23:50:00,0
2026-03-24 00:00:00,0
2026-03-24 00:10:00,0
2026-03-24 00:20:00,0
2026-03-24 00:30:00,0
2026-03-24 00:40:00,0
2026-03-24 00:50:00,0
2026-03-24 01:00:00,0
2026-03-24 01:10:00,0
2026-03-24 01:20:00,0
2026-03-24 01:30:00,0
2026-03-24 01:40:00,0
2026-03-24 01:50:00,0
2026-03-24 02:00:00,0
2026-03-24 02:10:00,0
2026-03-24 02:20:00,0
2026-03-24 02:30:00,0
2026-03-24 02:40:00,0
2026-03-24 02:50:00,0
2026-03-24 03:00:00,0
2026-03-24 03:10:00,0
2026-03-24 03:20:00,0
2026-03-24 03:30:00,0
2026-03-24 03:40:00,0
2026-03-24 03:50:00,0
2026-03-24 04:00:00,0
2026-03-24 04:10:00,0
2026-03-24 04:20:00,0
2026-03-24 04:30:00,0
2026-03-24 04:40:00,0
2026-03-24 04:50:00,0
2026-03-24 05:00:00,0
2026-03-24 05:10:00,0
2026-03-24 05:20:00,0
2026-03-24 05:30:00,8.3
2026-03-24 05:40:00,89.10000000000001
2026-03-24 05:50:00,277.4
2026-03-24 06:00:00,536.3666666666667
2026-03-24 06:10:00,800.85
2026-03-24 06:20:00,1059.8666666666668
2026-03-24 06:30:00,1304.1
2026-03-24 06:40:00,1532.3
2026-03-24 06:50:00,1622
2026-03-24 07:00:00,1729.5333333333335
2026-03-24 07:10:00,5102.9
2026-03-24 07:20:00,5650.633333333334
2026-03-24 07:30:00,6204.2
2026-03-24 07:40:00,6703.066666666667
2026-03-24 07:50:00,7207.799999999999
2026-03-24 08:00:00,7785.666666666667
2026-03-24 08:10:00,8342.3
2026-03-24 08:20:00,8510.033333333335
2026-03-24 08:30:00,8946.900000000001
2026-03-24 08:40:00,9381.300000000001
2026-03-24 08:50:00,9761.55
2026-03-24 09:00:00,10237.766666666666
2026-03-24 09:10:00,10593.8
2026-03-24 09:20:00,10933.833333333334
2026-03-24 09:30:00,11320.95
2026-03-24 09:40:00,11647.800000000001
2026-03-24 09:50:00,11948.55
2026-03-24 10:00:00,12283.666666666666
2026-03-24 10:10:00,12531.95
2026-03-24 10:20:00,12643.766666666665
2026-03-24 10:30:00,13275.650000000001
2026-03-24 10:40:00,13548.133333333333
2026-03-24 10:50:00,13574.25
2026-03-24 11:00:00,13659.333333333334
2026-03-24 11:10:00,13762.25
2026-03-24 11:20:00,13859.633333333331
2026-03-24 11:30:00,13989.900000000001
2026-03-24 11:40:00,14102.9
2026-03-24 11:50:00,14106.9
2026-03-24 12:00:00,14356.066666666666
2026-03-24 12:10:00,13859.05
2026-03-24 12:20:00,13890.933333333334
2026-03-24 12:30:00,13706.95
2026-03-24 12:40:00,13600.966666666667
2026-03-24 12:50:00,13567.8
2026-03-24 13:00:00,13359.533333333333
2026-03-24 13:10:00,13212.95
2026-03-24 13:20:00,12672.633333333331
2026-03-24 13:30:00,12418.55
2026-03-24 13:40:00,12159.566666666666
2026-03-24 13:50:00,11842.55
2026-03-24 14:00:00,11563.633333333333
2026-03-24 14:10:00,11182.7
2026-03-24 14:20:00,10751.366666666667
2026-03-24 14:30:00,11083.15
2026-03-24 14:40:00,8075.666666666667
2026-03-24 14:50:00,4862.35
2026-03-24 15:00:00,4904.133333333334
2026-03-24 15:10:00,3826.4500000000003
2026-03-24 15:20:00,5433.766666666666
2026-03-24 15:30:00,6097.299999999999
2026-03-24 15:40:00,5430.066666666667
2026-03-24 15:50:00,4300.15
2026-03-24 16:00:00,4434.733333333334
2026-03-24 16:10:00,4554.549999999999
2026-03-24 16:20:00,2598.9
2026-03-24 16:30:00,2325.15
2026-03-24 16:40:00,1829.6666666666667
2026-03-24 16:50:00,1386.05
2026-03-24 17:00:00,1099.1333333333334
2026-03-24 17:10:00,875.5
2026-03-24 17:20:00,583.0666666666667
2026-03-24 17:30:00,328.1
2026-03-24 17:40:00,144.4
2026-03-24 17:50:00,32.25
2026-03-24 18:00:00,7.366666666666667
2026-03-24 18:10:00,0
2026-03-24 18:20:00,0
2026-03-24 18:30:00,0
2026-03-24 18:40:00,0
2026-03-24 18:50:00,0
2026-03-24 19:00:00,0
2026-03-24 19:10:00,0
2026-03-24 19:20:00,0
2026-03-24 19:30:00,0
2026-03-24 19:40:00,0
2026-03-24 19:50:00,0
2026-03-24 20:00:00,0
2026-03-24 20:10:00,0
2026-03-24 20:20:00,0
2026-03-24 20:30:00,0
2026-03-24 20:40:00,0
2026-03-24 20:50:00,0
2026-03-24 21:00:00,0
2026-03-24 21:10:00,0
2026-03-24 21:20:00,0
2026-03-24 21:30:00,0
2026-03-24 21:40:00,0
2026-03-24 21:50:00,0
2026-03-24 22:00:00,0
2026-03-24 22:10:00,0
2026-03-24 22:20:00,0
2026-03-24 22:30:00,0
2026-03-24 22:40:00,0
2026-03-24 22:50:00,0
2026-03-24 23:00:00,0
2026-03-24 23:10:00,0
2026-03-24 23:20:00,0
2026-03-24 23:30:00,0
2026-03-24 23:40:00,0
2026-03-24 23:50:00,0
2026-03-25 00:00:00,0
2026-03-25 00:10:00,0
2026-03-25 00:20:00,0
2026-03-25 00:30:00,0
2026-03-25 00:40:00,0
2026-03-25 00:50:00,0
2026-03-25 01:00:00,0
2026-03-25 01:10:00,0
2026-03-25 01:20:00,0
2026-03-25 01:30:00,0
2026-03-25 01:40:00,0
2026-03-25 01:50:00,0
2026-03-25 02:00:00,0
2026-03-25 02:10:00,0
2026-03-25 02:20:00,0
2026-03-25 02:30:00,0
2026-03-25 02:40:00,0
2026-03-25 03:00:00,0
2026-03-25 05:20:00,0
2026-03-25 05:30:00,11.05
2026-03-25 05:40:00,89.09999999999998
2026-03-25 05:50:00,282.95
2026-03-25 06:00:00,565.8333333333334
2026-03-25 06:10:00,840.5
2026-03-25 06:20:00,1110.8666666666666
2026-03-25 06:30:00,1454.3
2026-03-25 06:40:00,1706.1666666666667
2026-03-25 06:50:00,1627.5500000000002
2026-03-25 07:00:00,2848.366666666667
2026-03-25 07:10:00,5056.8
2026-03-25 07:20:00,5578.766666666666
2026-03-25 07:30:00,6076.1
2026-03-25 07:40:00,6604.8
2026-03-25 07:50:00,7066.799999999999
2026-03-25 08:00:00,7572.466666666666
2026-03-25 08:10:00,8314.7
2026-03-25 08:20:00,8442.466666666667
2026-03-25 08:30:00,8901.75
2026-03-25 08:40:00,9320.466666666667
2026-03-25 08:50:00,9569.85
2026-03-25 09:00:00,10097.033333333333
2026-03-25 09:10:00,10496.1
2026-03-25 09:20:00,10799.3
2026-03-25 09:30:00,11170.75
2026-03-25 09:40:00,11502.800000000001
2026-03-25 09:50:00,11790.95
2026-03-25 10:00:00,12412.699999999999
2026-03-25 10:10:00,12493.2
2026-03-25 10:20:00,13673.466666666667
2026-03-25 10:30:00,13317.1
2026-03-25 10:40:00,13465.800000000001
2026-03-25 10:50:00,13514.35
2026-03-25 11:00:00,13635.4
2026-03-25 11:10:00,13730
2026-03-25 11:20:00,13825.233333333332
2026-03-25 11:30:00,14012
2026-03-25 11:40:00,14061.166666666666
2026-03-25 11:50:00,14252.5
2026-03-25 12:00:00,14405.233333333335
2026-03-25 12:10:00,14133.65
2026-03-25 12:20:00,9803.966666666667
2026-03-25 12:30:00,12166.05
2026-03-25 12:40:00,6774.366666666666
2026-03-25 12:50:00,11173.5
2026-03-25 13:00:00,9163.766666666666
2026-03-25 13:10:00,9610.400000000001
2026-03-25 13:20:00,8645.833333333334
2026-03-25 13:30:00,5974.75
2026-03-25 13:40:00,8657.5
2026-03-25 13:50:00,11167
2026-03-25 14:00:00,11245.366666666669
2026-03-25 14:10:00,11719.1
2026-03-25 14:20:00,10756.9
2026-03-25 14:30:00,10098.9
2026-03-25 14:40:00,10449.1
2026-03-25 14:50:00,10254.65
2026-03-25 15:00:00,9360.366666666667
2026-03-25 15:10:00,7746.95
2026-03-25 15:20:00,8456
2026-03-25 15:30:00,7971.85
2026-03-25 15:40:00,7233.333333333333
2026-03-25 15:50:00,5931.450000000001
2026-03-25 16:00:00,5474.3
2026-03-25 16:10:00,5749.85
2026-03-25 16:20:00,3362.6
2026-03-25 16:30:00,2760.2
2026-03-25 16:40:00,2074.2000000000003
2026-03-25 16:50:00,1617.45
2026-03-25 17:00:00,1070.8999999999999
2026-03-25 17:10:00,1292.1
2026-03-25 17:20:00,707.1999999999999
2026-03-25 17:30:00,516.0999999999999
2026-03-25 17:40:00,307.23333333333335
2026-03-25 17:50:00,138.25
2026-03-25 18:00:00,27.666666666666668
2026-03-25 18:10:00,1.85
2026-03-25 18:20:00,0
2026-03-25 18:30:00,0
2026-03-25 18:40:00,0
2026-03-25 18:50:00,0
2026-03-25 19:00:00,0
2026-03-25 19:10:00,0
2026-03-25 19:20:00,0
2026-03-25 19:30:00,0
2026-03-25 19:40:00,0
2026-03-25 19:50:00,0
2026-03-25 20:00:00,0
2026-03-25 20:10:00,0
2026-03-25 20:20:00,0
2026-03-25 20:30:00,0
2026-03-25 20:40:00,0
2026-03-25 20:50:00,0
2026-03-25 21:00:00,0
2026-03-25 21:10:00,0
2026-03-25 21:20:00,0
2026-03-25 21:30:00,0
2026-03-25 21:40:00,0
2026-03-25 21:50:00,0
2026-03-25 22:00:00,0
2026-03-25 22:10:00,0
2026-03-25 22:20:00,0
2026-03-25 22:30:00,0
2026-03-25 22:40:00,0
2026-03-25 22:50:00,0
2026-03-25 23:00:00,0
2026-03-25 23:10:00,0
2026-03-25 23:20:00,0
2026-03-25 23:30:00,0
2026-03-25 23:40:00,0
2026-03-25 23:50:00,0
2026-03-26 00:00:00,0
2026-03-26 00:10:00,0
2026-03-26 00:20:00,0
2026-03-26 00:30:00,0
2026-03-26 00:40:00,0
2026-03-26 00:50:00,0
2026-03-26 01:00:00,0
2026-03-26 01:10:00,0
2026-03-26 01:20:00,0
2026-03-26 01:30:00,0
2026-03-26 01:40:00,0
2026-03-26 01:50:00,0
2026-03-26 02:00:00,0
2026-03-26 02:10:00,0
2026-03-26 02:20:00,0
2026-03-26 02:30:00,0
2026-03-26 02:40:00,0
2026-03-26 02:50:00,0
2026-03-26 03:00:00,0
2026-03-26 03:10:00,0
2026-03-26 03:20:00,0
2026-03-26 03:30:00,0
2026-03-26 03:40:00,0
2026-03-26 03:50:00,0
2026-03-26 04:00:00,0
2026-03-26 04:10:00,0
2026-03-26 04:20:00,0
2026-03-26 04:30:00,0
2026-03-26 04:40:00,0
2026-03-26 04:50:00,0
2026-03-26 05:00:00,0
2026-03-26 05:10:00,0
2026-03-26 05:20:00,0.6
2026-03-26 05:30:00,15.65
2026-03-26 05:40:00,108.76666666666665
2026-03-26 05:50:00,323.5
2026-03-26 06:00:00,660.4666666666667
2026-03-26 06:10:00,1140.9
2026-03-26 06:20:00,1777.4666666666665
2026-03-26 06:30:00,2195.25
2026-03-26 06:40:00,2762.9666666666667
2026-03-26 06:50:00,2800.75
2026-03-26 07:00:00,3849.866666666667
2026-03-26 07:10:00,4157.35
2026-03-26 07:20:00,5984.233333333334
2026-03-26 07:30:00,6436.45
2026-03-26 07:40:00,6781.133333333334
2026-03-26 07:50:00,7464.05
2026-03-26 08:00:00,7617.966666666667
2026-03-26 08:10:00,6628.15
2026-03-26 08:20:00,6239.866666666666
2026-03-26 08:30:00,5795.95
2026-03-26 08:40:00,8513.133333333333
2026-03-26 08:50:00,8469.5
2026-03-26 09:00:00,6739.366666666666
2026-03-26 09:10:00,12472.95
2026-03-26 09:20:00,8146.333333333333
2026-03-26 09:30:00,6745.2
2026-03-26 09:40:00,6805.066666666667
2026-03-26 09:50:00,7828.099999999999
2026-03-26 10:00:00,8831.4
2026-03-26 10:10:00,9498.05
2026-03-26 10:20:00,6427.266666666666
2026-03-26 10:30:00,7617.950000000001
2026-03-26 10:40:00,7828.066666666667
2026-03-26 10:50:00,9310
2026-03-26 11:00:00,12542.366666666667
2026-03-26 11:10:00,13941.05
2026-03-26 11:20:00,14070.966666666667
2026-03-26 11:30:00,14307.849999999999
2026-03-26 11:40:00,14276.166666666666
2026-03-26 11:50:00,14311.5
2026-03-26 12:00:00,14260.833333333334
2026-03-26 12:10:00,14084.85
2026-03-26 12:20:00,14363.466666666667
2026-03-26 12:30:00,14282
2026-03-26 12:40:00,13977.6
2026-03-26 12:50:00,13554.900000000001
2026-03-26 13:00:00,13894.033333333333
2026-03-26 13:10:00,12828.7
2026-03-26 13:20:00,9405.833333333334
2026-03-26 13:30:00,8678.7
2026-03-26 13:40:00,11790.933333333334
2026-03-26 13:50:00,12005.65
2026-03-26 14:00:00,12066.199999999999
2026-03-26 14:10:00,11793.7
2026-03-26 14:20:00,7790.600000000001
2026-03-26 14:30:00,4864.200000000001
2026-03-26 14:40:00,8969.633333333333
2026-03-26 14:50:00,8090.75
2026-03-26 15:00:00,9548.366666666667
2026-03-26 15:10:00,9193.9
2026-03-26 15:20:00,8241.566666666668
2026-03-26 15:30:00,8798.5
2026-03-26 15:40:00,7793.033333333333
2026-03-26 15:50:00,7474.15
2026-03-26 16:00:00,6406.966666666667
2026-03-26 16:10:00,1960.25
2026-03-26 16:20:00,1676.7
2026-03-26 16:30:00,2177.7
2026-03-26 16:40:00,1462.9000000000003
2026-03-26 16:50:00,1452.4
2026-03-26 17:00:00,1276.7
2026-03-26 17:10:00,1211
2026-03-26 17:20:00,987.9333333333334
2026-03-26 17:30:00,701.3
2026-03-26 17:40:00,299.2
2026-03-26 17:50:00,111.5
2026-03-26 18:00:00,28.266666666666666
2026-03-26 18:10:00,1.85
2026-03-26 18:20:00,0
2026-03-26 18:30:00,0
2026-03-26 18:40:00,0
2026-03-26 18:50:00,0
2026-03-26 19:00:00,0
2026-03-26 19:10:00,0
2026-03-26 19:20:00,0
2026-03-26 19:30:00,0
2026-03-26 19:40:00,0
2026-03-26 20:20:00,56.040000000000006
2026-03-26 20:30:00,0
2026-03-26 20:40:00,0
2026-03-26 20:50:00,0
2026-03-26 21:00:00,0
2026-03-26 21:10:00,0
2026-03-26 21:20:00,0
2026-03-26 21:30:00,0
2026-03-26 21:40:00,0
2026-03-26 21:50:00,0
2026-03-26 22:00:00,0
2026-03-26 22:10:00,0
2026-03-26 22:20:00,0
2026-03-26 22:30:00,0
2026-03-26 22:40:00,0
2026-03-26 22:50:00,0
2026-03-26 23:00:00,0
2026-03-26 23:10:00,0
2026-03-26 23:20:00,0
2026-03-26 23:30:00,0
2026-03-26 23:40:00,0
2026-03-26 23:50:00,0
2026-03-27 00:00:00,0
2026-03-27 00:10:00,0
2026-03-27 00:20:00,0
2026-03-27 00:30:00,0
2026-03-27 00:40:00,0
2026-03-27 00:50:00,0
2026-03-27 01:00:00,0
2026-03-27 01:10:00,0
2026-03-27 01:20:00,0
2026-03-27 01:30:00,0
2026-03-27 01:40:00,0
2026-03-27 01:50:00,0
2026-03-27 02:00:00,0
2026-03-27 02:10:00,0
2026-03-27 02:20:00,0
2026-03-27 02:30:00,0
2026-03-27 02:40:00,0
2026-03-27 02:50:00,0
2026-03-27 03:00:00,0
2026-03-27 03:10:00,0
2026-03-27 03:20:00,0
2026-03-27 03:30:00,0
2026-03-27 03:40:00,0
2026-03-27 03:50:00,0
2026-03-27 04:00:00,0
2026-03-27 04:10:00,0
2026-03-27 04:20:00,0
2026-03-27 04:30:00,0
2026-03-27 04:40:00,0
2026-03-27 04:50:00,0
2026-03-27 05:00:00,0
2026-03-27 05:10:00,0
2026-03-27 05:20:00,0
2026-03-27 05:30:00,10.433333333333335
2026-03-27 05:40:00,73.7
2026-03-27 05:50:00,245.13333333333335
2026-03-27 06:00:00,468.15
2026-03-27 06:10:00,707.1666666666666
2026-03-27 06:20:00,1037.75
2026-03-27 06:30:00,2287.4333333333334
2026-03-27 06:40:00,2113.2
2026-03-27 06:50:00,1836.3
2026-03-27 07:00:00,1730.75
2026-03-27 07:10:00,2020.1666666666667
2026-03-27 07:20:00,2410
2026-03-27 07:30:00,3711.6
2026-03-27 07:40:00,4157.35
2026-03-27 07:50:00,4555.766666666666
2026-03-27 08:00:00,3833.85
2026-03-27 08:10:00,5209.500000000001
2026-03-27 08:20:00,7028.15
2026-03-27 08:30:00,5815.900000000001
2026-03-27 08:40:00,4622.75
2026-03-27 08:50:00,4990.799999999999
2026-03-27 09:00:00,3261.5
2026-03-27 09:10:00,3380.4
2026-03-27 09:20:00,3478.1499999999996
2026-03-27 09:30:00,5680.733333333334
2026-03-27 09:40:00,5849.4
2026-03-27 09:50:00,5661.066666666667
2026-03-27 10:00:00,5256.85
2026-03-27 10:10:00,6798.3
2026-03-27 10:20:00,9517.349999999999
2026-03-27 10:30:00,8495.266666666668
2026-03-27 10:40:00,7031.8
2026-03-27 10:50:00,10069.366666666667
2026-03-27 11:00:00,10259.25
2026-03-27 11:10:00,11281
2026-03-27 11:20:00,15014.7
2026-03-27 11:30:00,9881.4
2026-03-27 11:40:00,14260.8
2026-03-27 11:50:00,12200.766666666668
2026-03-27 12:00:00,10791
2026-03-27 12:10:00,13586.866666666667
2026-03-27 12:20:00,12419.45
2026-03-27 12:30:00,12975.5
2026-03-27 12:40:00,10576.3
2026-03-27 12:50:00,13764.433333333334
2026-03-27 13:00:00,13154
2026-03-27 13:10:00,12760.466666666665
2026-03-27 13:20:00,12706.1
2026-03-27 13:30:00,12407.833333333334
2026-03-27 13:40:00,12181.7
2026-03-27 13:50:00,11897.233333333332
2026-03-27 14:00:00,11703.400000000001
2026-03-27 14:10:00,11343.699999999999
2026-03-27 14:20:00,11011.25
2026-03-27 14:30:00,10505.633333333333
2026-03-27 14:40:00,10055.6
2026-03-27 14:50:00,9647.333333333334
2026-03-27 15:00:00,8359.849999999999
2026-03-27 15:10:00,6755.933333333333
2026-03-27 15:20:00,6771
2026-03-27 15:30:00,8691.933333333334
2026-03-27 15:40:00,8249.25
2026-03-27 15:50:00,7406.566666666666
2026-03-27 16:00:00,7930.35
2026-03-27 16:10:00,6968.5
2026-03-27 16:20:00,5861.4
2026-03-27 16:30:00,4071
2026-03-27 16:40:00,2375
2026-03-27 16:50:00,2045.3333333333333
2026-03-27 17:00:00,2129.85
2026-03-27 17:10:00,1783.6000000000001
2026-03-27 17:20:00,1142.8
2026-03-27 17:30:00,639.6
2026-03-27 17:40:00,0
2026-03-27 17:50:00,0
2026-03-27 18:00:00,0
2026-03-27 18:10:00,0
2026-03-27 18:20:00,0
2026-03-27 18:30:00,0
2026-03-27 18:40:00,0
2026-03-27 18:50:00,0
2026-03-27 19:00:00,0
2026-03-27 19:10:00,0
2026-03-27 19:20:00,0
2026-03-27 19:30:00,0
2026-03-27 19:40:00,0
2026-03-27 19:50:00,0
2026-03-27 20:00:00,0
2026-03-27 20:10:00,0
2026-03-27 20:20:00,0
2026-03-27 20:30:00,0
2026-03-27 20:40:00,0
2026-03-27 20:50:00,0
2026-03-27 21:00:00,0
2026-03-27 21:10:00,0
2026-03-27 21:20:00,0
2026-03-27 21:30:00,0
2026-03-27 21:40:00,0
2026-03-27 21:50:00,0
2026-03-27 22:00:00,0
2026-03-27 22:10:00,0
2026-03-27 22:20:00,0
2026-03-27 22:30:00,0
2026-03-27 22:40:00,0
2026-03-27 22:50:00,0
2026-03-27 23:00:00,0
2026-03-27 23:10:00,0
2026-03-27 23:20:00,0
2026-03-27 23:30:00,0
2026-03-27 23:40:00,0
2026-03-27 23:50:00,0
2026-03-28 00:00:00,0
2026-03-28 00:10:00,0
2026-03-28 00:20:00,0
2026-03-28 00:30:00,0
2026-03-28 00:40:00,0
2026-03-28 00:50:00,0
2026-03-28 01:00:00,0
2026-03-28 01:10:00,0
2026-03-28 01:20:00,0
2026-03-28 01:30:00,0
2026-03-28 01:40:00,0
2026-03-28 01:50:00,0
2026-03-28 02:00:00,0
2026-03-28 02:10:00,0
2026-03-28 02:20:00,0
2026-03-28 02:30:00,0
2026-03-28 02:40:00,0
2026-03-28 02:50:00,0
2026-03-28 03:00:00,0
2026-03-28 03:10:00,0
2026-03-28 03:20:00,0
2026-03-28 03:30:00,0
2026-03-28 03:40:00,0
2026-03-28 03:50:00,0
2026-03-28 04:00:00,0
2026-03-28 04:10:00,0
2026-03-28 04:20:00,0
2026-03-28 04:30:00,0
2026-03-28 04:40:00,0
2026-03-28 04:50:00,0
2026-03-28 05:00:00,0
2026-03-28 05:10:00,0
2026-03-28 05:20:00,0
2026-03-28 05:30:00,0
2026-03-28 05:40:00,0
2026-03-28 05:50:00,0
2026-03-28 06:00:00,0
2026-03-28 06:10:00,0
2026-03-28 06:20:00,0
2026-03-28 06:30:00,0
2026-03-28 06:40:00,0
2026-03-28 06:50:00,0
2026-03-28 07:00:00,0
2026-03-28 07:10:00,0
2026-03-28 07:20:00,0
2026-03-28 07:30:00,0
2026-03-28 07:40:00,0
2026-03-28 07:50:00,0
2026-03-28 08:00:00,0
2026-03-28 08:10:00,0
2026-03-28 08:20:00,0
2026-03-28 08:30:00,0
2026-03-28 08:40:00,0
2026-03-28 08:50:00,0
2026-03-28 09:00:00,0
2026-03-28 09:10:00,0
2026-03-28 09:20:00,0
2026-03-28 09:30:00,159.53181818181818
2026-03-28 09:40:00,551.4166666666666
2026-03-28 09:50:00,229.5
2026-03-28 10:00:00,96.325
2026-03-28 10:10:00,4
2026-03-28 10:20:00,0
2026-03-28 10:30:00,0
2026-03-28 10:40:00,0
2026-03-28 10:50:00,0
2026-03-28 11:00:00,0
2026-03-28 11:10:00,0
2026-03-28 11:20:00,0
2026-03-28 11:30:00,0
2026-03-28 11:40:00,0
2026-03-28 11:50:00,0
2026-03-28 12:00:00,0
2026-03-28 12:10:00,0
2026-03-28 12:20:00,0
2026-03-28 12:30:00,0
2026-03-28 12:40:00,0
2026-03-28 12:50:00,0
2026-03-28 13:00:00,0
2026-03-28 13:10:00,0
2026-03-28 13:20:00,0
2026-03-28 13:30:00,0.6
2026-03-28 13:40:00,0
2026-03-28 13:50:00,16.599999999999998
2026-03-28 14:00:00,467.25
2026-03-28 14:10:00,1581.5
2026-03-28 14:20:00,3555.5375
2026-03-28 14:30:00,5501.950000000001
2026-03-28 19:40:00,0
2026-03-28 19:50:00,0
2026-03-28 20:00:00,25.8
2026-03-28 20:10:00,18.4
2026-03-28 20:20:00,12.266666666666666
2026-03-28 20:30:00,1.8
2026-03-28 20:40:00,0
2026-03-28 20:50:00,0
2026-03-28 21:00:00,0
2026-03-28 21:10:00,0
2026-03-28 21:20:00,0
2026-03-28 21:30:00,0
2026-03-28 21:40:00,0
2026-03-28 21:50:00,0
2026-03-28 22:00:00,0
2026-03-28 22:10:00,0
2026-03-28 22:20:00,0
2026-03-28 22:30:00,0
2026-03-28 22:40:00,0
2026-03-28 22:50:00,0
2026-03-28 23:00:00,0
2026-03-28 23:10:00,0
2026-03-28 23:20:00,0
2026-03-28 23:30:00,0
2026-03-28 23:40:00,0
2026-03-28 23:50:00,0
2026-03-29 00:00:00,0
2026-03-29 00:10:00,0
2026-03-29 00:20:00,0
2026-03-29 00:30:00,0
2026-03-29 00:40:00,0
2026-03-29 00:50:00,0
2026-03-29 01:00:00,0
2026-03-29 01:10:00,0
2026-03-29 01:20:00,0
2026-03-29 01:30:00,0
2026-03-29 01:40:00,0
2026-03-29 01:50:00,0
2026-03-29 02:00:00,0
2026-03-29 02:10:00,0
2026-03-29 02:20:00,0
2026-03-29 02:30:00,0
2026-03-29 02:40:00,0
2026-03-29 02:50:00,0
2026-03-29 03:00:00,0
2026-03-29 03:10:00,0
2026-03-29 03:20:00,0
2026-03-29 03:30:00,0
2026-03-29 03:40:00,0
2026-03-29 03:50:00,0
2026-03-29 04:00:00,0
2026-03-29 04:10:00,0
2026-03-29 04:20:00,0
2026-03-29 04:30:00,0
2026-03-29 04:40:00,0
2026-03-29 04:50:00,0
2026-03-29 05:00:00,0
2026-03-29 05:10:00,0
2026-03-29 05:20:00,0
2026-03-29 05:30:00,9.2
2026-03-29 05:40:00,61.75
2026-03-29 05:50:00,133.96666666666667
2026-03-29 06:00:00,201.8
2026-03-29 06:10:00,259.9
2026-03-29 06:20:00,318.85
2026-03-29 06:30:00,1411.2666666666667
2026-03-29 06:40:00,1930.75
2026-03-29 06:50:00,2025.0666666666666
2026-03-29 07:00:00,980.5999999999999
2026-03-29 07:10:00,3476.8999999999996
2026-03-29 07:20:00,3304.85
2026-03-29 07:30:00,1120.6666666666667
2026-03-29 07:40:00,997.2
2026-03-29 07:50:00,901.2999999999998
2026-03-29 08:00:00,1040.5
2026-03-29 08:10:00,841.0999999999999
2026-03-29 08:20:00,1787.9
2026-03-29 08:30:00,1603.6
2026-03-29 08:50:00,7667.7
2026-03-29 11:40:00,991.0111111111112
2026-03-29 11:50:00,1002.7
2026-03-29 12:00:00,885.9666666666666
2026-03-29 12:10:00,1028.5
2026-03-29 12:20:00,798.48
2026-03-29 12:30:00,886.5999999999999
2026-03-29 12:40:00,729.9
2026-03-29 12:50:00,1182.595
2026-03-29 13:00:00,1005.6699999999998
2026-03-29 13:10:00,734
2026-03-29 13:20:00,1321.2272727272727
2026-03-29 13:30:00,675.7818181818183
2026-03-29 13:40:00,640.5
2026-03-29 13:50:00,661.75
2026-03-29 14:00:00,389.5
2026-03-29 14:10:00,804.5999999999999
2026-03-29 14:20:00,907.5
2026-03-29 14:30:00,440.5
2026-03-29 18:00:00,0.9
2026-03-29 18:10:00,0
2026-03-29 18:20:00,0
2026-03-29 18:30:00,0
2026-03-29 18:40:00,0
2026-03-29 18:50:00,0
2026-03-29 19:00:00,0
2026-03-29 19:10:00,0
2026-03-29 19:20:00,0
2026-03-29 19:30:00,0
2026-03-29 19:40:00,0
2026-03-29 19:50:00,0
2026-03-29 20:00:00,0
2026-03-29 20:10:00,0
2026-03-29 20:20:00,0
2026-03-29 20:30:00,0
2026-03-29 20:40:00,0
2026-03-29 20:50:00,0
2026-03-29 21:00:00,0
2026-03-29 21:10:00,0
2026-03-29 21:20:00,0
2026-03-29 21:30:00,0
2026-03-29 21:40:00,0
2026-03-29 21:50:00,0
2026-03-29 22:00:00,0
2026-03-29 22:10:00,0
2026-03-30 02:00:00,0
2026-03-30 02:10:00,0
2026-03-30 02:20:00,0
2026-03-30 02:30:00,0
2026-03-30 02:40:00,0
2026-03-30 02:50:00,0
2026-03-30 03:00:00,0
2026-03-30 03:10:00,0
2026-03-30 03:20:00,0
2026-03-30 03:30:00,0
2026-03-30 03:40:00,0
2026-03-30 03:50:00,0
2026-03-30 04:00:00,0
2026-03-30 04:10:00,0
2026-03-30 04:20:00,0
2026-03-30 04:30:00,0
2026-03-30 04:40:00,0
2026-03-30 04:50:00,0
2026-03-30 05:00:00,0
2026-03-30 05:10:00,0
2026-03-30 05:20:00,1.8333333333333333
2026-03-30 05:30:00,26.75
2026-03-30 05:40:00,97.06666666666666
2026-03-30 05:50:00,203.64999999999998
2026-03-30 06:00:00,280.7666666666667
2026-03-30 06:10:00,332.70000000000005
2026-03-30 06:20:00,379.7
2026-03-30 06:30:00,457.1
2026-03-30 06:40:00,504.43333333333334
2026-03-30 06:50:00,544.3333333333334
2026-03-30 07:00:00,569.55
2026-03-30 07:10:00,623
2026-03-30 07:20:00,738.2
2026-03-30 07:30:00,931.4
2026-03-30 07:40:00,1102.25
2026-03-30 07:50:00,1147.7333333333333
2026-03-30 08:00:00,1065.35
2026-03-30 08:10:00,983
2026-03-30 08:20:00,942.8
2026-03-30 08:30:00,996.5666666666666
2026-03-30 08:40:00,1180.6
2026-03-30 08:50:00,1348.6333333333332
2026-03-30 09:00:00,1386.1
2026-03-30 09:10:00,1361.5333333333333
2026-03-30 09:20:00,1279.1999999999998
2026-03-30 09:30:00,1422.9333333333334
2026-03-30 09:40:00,1760.25
2026-03-30 09:50:00,3024.6999999999994
2026-03-30 10:00:00,4038.45
2026-03-30 10:10:00,5716.966666666667
2026-03-30 10:20:00,3880.85
2026-03-30 10:30:00,13179.5
2026-03-30 10:40:00,13950.25
2026-03-30 10:50:00,12811.466666666665
2026-03-30 11:00:00,12891.349999999999
2026-03-30 11:10:00,5497.066666666667
2026-03-30 11:20:00,4242.15
2026-03-30 11:30:00,1353.5333333333333
2026-03-30 11:40:00,940.95
2026-03-30 11:50:00,847.2333333333332
2026-03-30 12:00:00,903.15
2026-03-30 12:10:00,2205.066666666667
2026-03-30 12:20:00,3256.95
2026-03-30 12:30:00,3456
2026-03-30 12:40:00,7110.15
2026-03-30 12:50:00,7570
2026-03-30 17:30:00,49.75
2026-03-30 17:40:00,24.85
2026-03-30 17:50:00,8
2026-03-30 18:00:00,0
2026-03-30 18:10:00,0
2026-03-30 18:20:00,0
2026-03-30 18:30:00,0
2026-03-30 18:40:00,0
2026-03-30 18:50:00,0
2026-03-30 19:00:00,0
2026-03-30 19:10:00,0
2026-03-30 19:20:00,0
2026-03-30 19:30:00,0
2026-03-30 19:40:00,0
2026-03-30 19:50:00,0
2026-03-30 20:00:00,0
2026-03-30 20:10:00,0
2026-03-30 20:20:00,0
2026-03-30 20:30:00,0
2026-03-30 20:40:00,0
2026-03-30 20:50:00,0
2026-03-30 21:00:00,0
2026-03-30 21:10:00,0
2026-03-30 21:20:00,0
2026-03-30 21:30:00,0
2026-03-30 21:40:00,0
2026-03-30 21:50:00,0
2026-03-30 22:00:00,0
2026-03-30 22:10:00,0
2026-03-30 22:20:00,0
2026-03-30 22:40:00,0
2026-03-30 22:50:00,0
2026-03-30 23:00:00,0
2026-03-30 23:10:00,0
2026-03-30 23:20:00,0
2026-03-30 23:30:00,0
2026-03-30 23:40:00,0
2026-03-30 23:50:00,0
2026-03-31 00:00:00,0
2026-03-31 00:10:00,0
2026-03-31 00:20:00,0
2026-03-31 00:30:00,0
2026-03-31 00:40:00,0
2026-03-31 00:50:00,0
2026-03-31 01:00:00,0
2026-03-31 01:10:00,0
2026-03-31 01:20:00,0
2026-03-31 01:30:00,0
2026-03-31 01:40:00,0
2026-03-31 01:50:00,0
2026-03-31 02:00:00,0
2026-03-31 02:10:00,0
2026-03-31 02:20:00,0
2026-03-31 02:30:00,0
2026-03-31 02:40:00,0
2026-03-31 02:50:00,0
2026-03-31 03:00:00,0
2026-03-31 03:10:00,0
2026-03-31 03:20:00,0
2026-03-31 03:30:00,0
2026-03-31 03:40:00,0
2026-03-31 03:50:00,0
2026-03-31 04:00:00,0
2026-03-31 04:10:00,0
2026-03-31 04:20:00,0
2026-03-31 04:30:00,0
2026-03-31 04:40:00,0
2026-03-31 04:50:00,0
2026-03-31 05:00:00,0
2026-03-31 05:10:00,0
2026-03-31 05:20:00,1.2333333333333334
2026-03-31 05:30:00,16.6
2026-03-31 05:40:00,73.13333333333334
2026-03-31 05:50:00,153
2026-03-31 06:00:00,237.16666666666666
2026-03-31 06:10:00,315.2
2026-03-31 06:20:00,359.40000000000003
2026-03-31 06:30:00,400
2026-03-31 06:40:00,444.2
2026-03-31 06:50:00,480.15
2026-03-31 07:00:00,509.3333333333333
2026-03-31 07:10:00,533.5999999999999
2026-03-31 07:20:00,661.7
2026-03-31 07:30:00,826.7
2026-03-31 07:40:00,663.5666666666667
2026-03-31 07:50:00,665.4000000000001
2026-03-31 08:00:00,718.2333333333332
2026-03-31 08:10:00,780.6
2026-03-31 08:20:00,831.725
2026-03-31 08:30:00,853.4
2026-03-31 08:40:00,918.85
2026-03-31 08:50:00,1015
2026-03-31 09:00:00,1108.6999999999998
2026-03-31 09:10:00,5119.766666666666
2026-03-31 09:20:00,2823.8
2026-03-31 09:30:00,2543.633333333333
2026-03-31 09:40:00,2758.3500000000004
2026-03-31 09:50:00,3085.5
2026-03-31 10:00:00,2582.3
2026-03-31 10:10:00,5600.266666666666
2026-03-31 10:20:00,3165.1400000000003
2026-04-01 14:10:00,152.1
2026-04-01 14:20:00,164.04285714285714
2026-04-01 14:30:00,143
2026-04-01 14:40:00,105.05999999999999
2026-04-01 14:50:00,108.73333333333335
2026-04-01 15:00:00,101.85
2026-04-01 15:10:00,94
2026-04-01 15:20:00,82.96666666666667
2026-04-01 15:30:00,75.55000000000001
2026-04-01 15:40:00,82.95
2026-04-01 15:50:00,77.44999999999999
2026-04-01 16:00:00,67.56666666666666
2026-04-01 16:10:00,61.75
2026-04-01 16:20:00,56.53333333333333
2026-04-01 16:30:00,46.70000000000001
2026-04-01 16:40:00,44.2
2026-04-01 16:50:00,43.6
2026-04-01 17:00:00,43.6
2026-04-01 17:10:00,36.266666666666666
2026-04-01 17:20:00,28.866666666666664
2026-04-01 17:30:00,17.2
2026-04-01 17:40:00,7.35
2026-04-01 17:50:00,0.6
2026-04-01 18:00:00,0
2026-04-01 18:10:00,0
2026-04-01 18:20:00,0
2026-04-01 18:30:00,0
2026-04-01 18:40:00,0
2026-04-01 18:50:00,0
2026-04-01 19:00:00,0
2026-04-01 19:10:00,0
2026-04-01 19:20:00,0
2026-04-01 19:30:00,0
2026-04-01 19:40:00,0
2026-04-01 19:50:00,0
2026-04-01 20:00:00,0
2026-04-01 20:10:00,0
2026-04-01 20:20:00,0
2026-04-01 20:30:00,0
2026-04-01 20:40:00,0
2026-04-01 20:50:00,0
2026-04-01 21:00:00,0
2026-04-01 21:10:00,0
2026-04-01 21:20:00,0
2026-04-01 21:30:00,0
2026-04-01 21:40:00,0
2026-04-01 21:50:00,0
2026-04-01 22:00:00,0
2026-04-01 22:10:00,0
2026-04-01 22:20:00,0
2026-04-01 22:30:00,0
2026-04-01 22:40:00,0
2026-04-01 22:50:00,0
2026-04-01 23:00:00,0
2026-04-01 23:10:00,0
2026-04-01 23:20:00,0
2026-04-01 23:30:00,0
2026-04-01 23:40:00,0
2026-04-01 23:50:00,0
2026-04-02 00:00:00,0
2026-04-02 00:10:00,0
2026-04-02 00:20:00,0
2026-04-02 00:30:00,0
2026-04-02 00:40:00,0
2026-04-02 00:50:00,0
2026-04-02 01:00:00,0
2026-04-02 01:10:00,0
2026-04-02 01:20:00,0
2026-04-02 01:30:00,0
2026-04-02 01:40:00,0
2026-04-02 01:50:00,0
2026-04-02 02:00:00,0
2026-04-02 02:10:00,0
2026-04-02 02:20:00,0
2026-04-02 02:30:00,0
2026-04-02 02:40:00,0
2026-04-02 02:50:00,0
2026-04-02 03:00:00,0
2026-04-02 03:10:00,0
2026-04-02 03:20:00,0
2026-04-02 03:30:00,0
2026-04-02 03:40:00,0
2026-04-02 03:50:00,0
2026-04-02 04:00:00,0
2026-04-02 04:10:00,0
2026-04-02 04:20:00,0
2026-04-02 04:30:00,0
2026-04-02 04:40:00,0
2026-04-02 04:50:00,0
2026-04-02 05:00:00,0
2026-04-02 05:10:00,0
2026-04-02 05:20:00,0.9
2026-04-02 05:30:00,14.733333333333334
2026-04-02 05:40:00,50.7
2026-04-02 05:50:00,100.76666666666667
2026-04-02 06:00:00,168.65
2026-04-02 06:10:00,255.5666666666667
2026-04-02 06:20:00,396.3
2026-04-02 06:30:00,595.3666666666667
2026-04-02 06:40:00,656.2
2026-04-04 12:50:00,5252.5
2026-04-04 13:00:00,5666
2026-04-04 13:10:00,3408.6666666666665
2026-04-04 13:20:00,2648.7
2026-04-04 13:30:00,932.0666666666666
2026-04-04 13:40:00,500.45000000000005
2026-04-04 13:50:00,892.1
2026-04-04 14:00:00,956.5999999999999
2026-04-04 14:10:00,1847.0700000000002
2026-04-04 14:20:00,2732.55
2026-04-04 14:30:00,3930.9
2026-04-04 14:40:00,3812.6499999999996
2026-04-04 14:50:00,3209
2026-04-04 15:00:00,2075.4
