time,value_hPa
2025-10-12 07:50:00,1018.22
2025-10-12 08:00:00,1018.242
2025-10-12 08:10:00,1018.3119999999999
2025-10-12 08:20:00,1018.359
2025-10-12 08:30:00,1018.369
2025-10-12 08:40:00,1018.3890000000001
2025-10-12 08:50:00,1018.4310000000003
2025-10-12 09:00:00,1018.49
2025-10-12 09:10:00,1018.574
2025-10-12 09:20:00,1018.6109999999999
2025-10-12 09:30:00,1018.641
2025-10-12 09:40:00,1018.5829999999999
2025-10-12 09:50:00,1018.4689999999998
2025-10-12 10:00:00,1018.4310000000002
2025-10-12 10:10:00,1018.406
2025-10-12 10:20:00,1018.3740000000001
2025-10-12 10:30:00,1018.3369999999999
2025-10-12 10:40:00,1018.2909999999999
2025-10-12 10:50:00,1018.1730000000001
2025-10-12 11:00:00,1018.016
2025-10-12 11:10:00,1017.869
2025-10-12 11:20:00,1017.7589999999998
2025-10-12 11:30:00,1017.6469999999999
2025-10-12 11:40:00,1017.5609999999999
2025-10-12 11:50:00,1017.5120000000001
2025-10-12 12:00:00,1017.4529999999999
2025-10-12 12:10:00,1017.3100000000001
2025-10-12 12:20:00,1017.2470000000001
2025-10-12 12:30:00,1017.1
2025-10-12 12:40:00,1016.9529999999999
2025-10-12 12:50:00,1016.823
2025-10-12 13:00:00,1016.7
2025-10-12 13:10:00,1016.6730000000001
2025-10-12 13:20:00,1016.6090000000002
2025-10-12 13:30:00,1016.5759999999998
2025-10-12 13:40:00,1016.482
2025-10-12 13:50:00,1016.4300000000003
2025-10-12 14:00:00,1016.521
2025-10-12 14:10:00,1016.5779999999999
2025-10-12 14:20:00,1016.595
2025-10-12 14:30:00,1016.5699999999999
2025-10-12 14:40:00,1016.4979999999999
2025-10-12 14:50:00,1016.4950000000001
2025-10-12 15:00:00,1016.4130000000001
2025-10-12 15:10:00,1016.2469999999997
2025-10-12 15:20:00,1016.2
2025-10-12 15:30:00,1016.1630000000001
2025-10-12 15:40:00,1016.2140000000002
2025-10-12 15:50:00,1016.2660000000002
2025-10-12 16:00:00,1016.2270000000001
2025-10-12 16:10:00,1016.165
2025-10-12 16:20:00,1016.1080000000002
2025-10-12 16:30:00,1016.0529999999999
2025-10-12 16:40:00,1016.0749999999998
2025-10-12 16:50:00,1016.0970000000001
2025-10-12 17:00:00,1016.1360000000001
2025-10-12 17:10:00,1016.289
2025-10-12 17:20:00,1016.3799999999999
2025-10-12 17:30:00,1016.363
2025-10-12 17:40:00,1016.3109999999999
2025-10-12 17:50:00,1016.392
2025-10-12 18:00:00,1016.533
2025-10-12 18:10:00,1016.634
2025-10-12 18:20:00,1016.847
2025-10-12 18:30:00,1017.048
2025-10-12 18:40:00,1017.1580000000001
2025-10-12 18:50:00,1017.2850000000001
2025-10-12 19:00:00,1017.3860000000001
2025-10-12 19:10:00,1017.467
2025-10-12 19:20:00,1017.5100000000002
2025-10-12 19:30:00,1017.5949999999999
2025-10-12 19:40:00,1017.6460000000003
2025-10-12 19:50:00,1017.6580000000001
2025-10-12 20:00:00,1017.7099999999998
2025-10-12 20:10:00,1017.722
2025-10-12 20:20:00,1017.7580000000002
2025-10-12 20:30:00,1017.7280000000001
2025-10-12 20:40:00,1017.702
2025-10-12 20:50:00,1017.8140000000001
2025-10-12 21:00:00,1017.9220000000003
2025-10-12 21:10:00,1018.0020000000002
2025-10-12 21:20:00,1018.067
2025-10-12 21:30:00,1018.1049999999998
2025-10-12 21:40:00,1018.05
2025-10-12 21:50:00,1017.9350000000001
2025-10-12 22:00:00,1017.7370000000001
2025-10-12 22:10:00,1017.6450000000001
2025-10-12 22:20:00,1017.6120000000001
2025-10-12 22:30:00,1017.5769999999999
2025-10-12 22:40:00,1017.5379999999999
2025-10-12 22:50:00,1017.4740000000002
2025-10-12 23:00:00,1017.372
2025-10-12 23:10:00,1017.25
2025-10-12 23:20:00,1017.1480000000001
2025-10-12 23:30:00,1017.098
2025-10-12 23:40:00,1017.039
2025-10-12 23:50:00,1016.9889999999999
2025-10-13 00:00:00,1016.973
2025-10-13 00:10:00,1016.993
2025-10-13 00:20:00,1016.8700000000001
2025-10-13 00:30:00,1016.8149999999999
2025-10-13 00:40:00,1016.7130000000001
2025-10-13 00:50:00,1016.609
2025-10-13 01:00:00,1016.5169999999998
2025-10-13 01:10:00,1016.3990000000001
2025-10-13 01:20:00,1016.3
2025-10-13 01:30:00,1016.2070000000001
2025-10-13 01:40:00,1016.1299999999999
2025-10-13 01:50:00,1016.0360000000001
2025-10-13 02:00:00,1015.972
2025-10-13 02:10:00,1015.958
2025-10-13 02:20:00,1016.0080000000002
2025-10-13 02:30:00,1016.0690000000001
2025-10-13 02:40:00,1016.1460000000001
2025-10-13 02:50:00,1016.243
2025-10-13 03:00:00,1016.293
2025-10-13 03:10:00,1016.3039999999999
2025-10-13 03:20:00,1016.3860000000001
2025-10-13 03:30:00,1016.3940000000002
2025-10-13 03:40:00,1016.432
2025-10-13 03:50:00,1016.5600000000001
2025-10-13 04:00:00,1016.7710000000001
2025-10-13 04:10:00,1016.9770000000001
2025-10-13 04:20:00,1017.057
2025-10-13 04:30:00,1017.079
2025-10-13 04:40:00,1017.0689999999998
2025-10-13 04:50:00,1017.135
2025-10-13 05:00:00,1017.2180000000001
2025-10-13 05:10:00,1017.2999999999998
2025-10-13 05:20:00,1017.366
2025-10-13 05:30:00,1017.46
2025-10-13 05:40:00,1017.507
2025-10-13 05:50:00,1017.6229999999999
2025-10-13 06:00:00,1017.7860000000001
2025-10-13 06:10:00,1017.917
2025-10-13 06:20:00,1018.0449999999998
2025-10-13 06:30:00,1018.0999999999998
2025-10-13 06:40:00,1018.1229999999999
2025-10-13 06:50:00,1018.216
2025-10-13 07:00:00,1018.333
2025-10-13 07:10:00,1018.39
2025-10-13 07:20:00,1018.3520000000001
2025-10-13 07:30:00,1018.359
2025-10-13 07:40:00,1018.375
2025-10-13 07:50:00,1018.4010000000002
2025-10-13 08:00:00,1018.4640000000002
2025-10-13 08:10:00,1018.4860000000001
2025-10-13 08:20:00,1018.5339999999999
2025-10-13 08:30:00,1018.5260000000001
2025-10-13 08:40:00,1018.4690000000003
2025-10-13 08:50:00,1018.4320000000001
2025-10-13 09:00:00,1018.4920000000002
2025-10-13 09:10:00,1018.4919999999998
2025-10-13 09:20:00,1018.501
2025-10-13 09:30:00,1018.4459999999999
2025-10-13 09:40:00,1018.356
2025-10-13 09:50:00,1018.2350000000002
2025-10-13 10:00:00,1018.2050000000002
2025-10-13 10:10:00,1018.122
2025-10-13 10:20:00,1018.095
2025-10-13 10:30:00,1018.057
2025-10-13 10:40:00,1017.874
2025-10-13 10:50:00,1017.8150000000002
2025-10-13 11:00:00,1017.7250000000001
2025-10-13 11:10:00,1017.6480000000001
2025-10-13 11:20:00,1017.5739999999998
2025-10-13 11:30:00,1017.5279999999999
2025-10-13 11:40:00,1017.451
2025-10-13 11:50:00,1017.307
2025-10-13 12:00:00,1017.2030000000001
2025-10-13 12:10:00,1017.115
2025-10-13 12:20:00,1016.984
2025-10-13 12:30:00,1016.9230000000001
2025-10-13 12:40:00,1016.8309999999999
2025-10-13 12:50:00,1016.628
2025-10-13 13:00:00,1016.4950000000001
2025-10-13 13:10:00,1016.3699999999999
2025-10-13 13:20:00,1016.22
2025-10-13 13:30:00,1016.0039999999999
2025-10-13 13:40:00,1015.765
2025-10-13 13:50:00,1015.6160000000002
2025-10-13 14:00:00,1015.4709999999999
2025-10-13 14:10:00,1015.3149999999999
2025-10-13 14:20:00,1015.2239999999999
2025-10-13 14:30:00,1015.1299999999999
2025-10-13 14:40:00,1015.1350000000002
2025-10-13 14:50:00,1015.0769999999999
2025-10-13 15:00:00,1015.0689999999998
2025-10-13 15:10:00,1015.055
2025-10-13 15:20:00,1015.1270000000001
2025-10-13 15:30:00,1015.3530000000001
2025-10-13 15:40:00,1015.5469999999998
2025-10-13 15:50:00,1015.517
2025-10-13 16:00:00,1015.503
2025-10-13 16:10:00,1015.609
2025-10-13 16:20:00,1015.7380000000003
2025-10-13 16:30:00,1015.7969999999999
2025-10-13 16:40:00,1015.8900000000001
2025-10-13 16:50:00,1016.0477777777778
2025-10-13 17:00:00,1016.143
2025-10-13 17:10:00,1016.2454545454547
2025-10-13 17:20:00,1016.325
2025-10-13 17:30:00,1016.338
2025-10-13 17:40:00,1016.301
2025-10-13 17:50:00,1016.265
2025-10-13 18:00:00,1016.2929999999999
2025-10-13 18:10:00,1016.3519999999999
2025-10-13 18:20:00,1016.494
2025-10-13 18:30:00,1016.582
2025-10-13 18:40:00,1016.5619999999997
2025-10-13 18:50:00,1016.557
2025-10-13 19:00:00,1016.6009999999999
2025-10-13 19:10:00,1016.74
2025-10-13 19:20:00,1016.8810000000001
2025-10-13 19:30:00,1017.0149999999998
2025-10-13 19:40:00,1017.0379999999998
2025-10-13 19:50:00,1017.1189999999999
2025-10-13 20:00:00,1017.109
2025-10-13 20:10:00,1017.1299999999999
2025-10-13 20:20:00,1017.1899999999999
2025-10-13 20:30:00,1017.2939999999999
2025-10-13 20:40:00,1017.3860000000001
2025-10-13 20:50:00,1017.4160000000002
2025-10-13 21:00:00,1017.507
2025-10-13 21:10:00,1017.641
2025-10-13 21:20:00,1017.6630000000001
2025-10-13 21:30:00,1017.731
2025-10-13 21:40:00,1017.726
2025-10-13 21:50:00,1017.7
2025-10-13 22:00:00,1017.659
2025-10-13 22:10:00,1017.6139999999999
2025-10-13 22:20:00,1017.659
2025-10-13 22:30:00,1017.6479999999999
2025-10-13 22:40:00,1017.6580000000001
2025-10-13 22:50:00,1017.573
2025-10-13 23:00:00,1017.452
2025-10-13 23:10:00,1017.3710000000001
2025-10-13 23:20:00,1017.3309999999999
2025-10-13 23:30:00,1017.2860000000001
2025-10-13 23:40:00,1017.1480000000001
2025-10-13 23:50:00,1017.043
2025-10-14 00:00:00,1016.902
2025-10-14 00:10:00,1016.771
2025-10-14 00:20:00,1016.662
2025-10-14 00:30:00,1016.5679999999999
2025-10-14 00:40:00,1016.5889999999997
2025-10-14 00:50:00,1016.5229999999999
2025-10-14 01:00:00,1016.403
2025-10-14 01:10:00,1016.3209999999999
2025-10-14 01:20:00,1016.335
2025-10-14 01:30:00,1016.3530000000001
2025-10-14 01:40:00,1016.359
2025-10-14 01:50:00,1016.3139999999997
2025-10-14 02:00:00,1016.2559999999997
2025-10-14 02:10:00,1016.1920000000002
2025-10-14 02:20:00,1016.2199999999999
2025-10-14 02:30:00,1016.2000000000004
2025-10-14 02:40:00,1016.2280000000001
2025-10-14 02:50:00,1016.3220000000001
2025-10-14 03:00:00,1016.311
2025-10-14 03:10:00,1016.2860000000001
2025-10-14 03:20:00,1016.2609999999999
2025-10-14 03:30:00,1016.2210000000001
2025-10-14 03:40:00,1016.259
2025-10-14 03:50:00,1016.2779999999999
2025-10-14 04:00:00,1016.324
2025-10-14 04:10:00,1016.3639999999999
2025-10-14 04:20:00,1016.3710000000001
2025-10-14 04:30:00,1016.3709999999999
2025-10-14 04:40:00,1016.443
2025-10-14 04:50:00,1016.54
2025-10-14 05:00:00,1016.6760000000002
2025-10-14 05:10:00,1016.7459999999999
2025-10-14 05:20:00,1016.8119999999999
2025-10-14 05:30:00,1016.894
2025-10-14 05:40:00,1017.033
2025-10-14 05:50:00,1017.122
2025-10-14 06:00:00,1017.192
2025-10-14 06:10:00,1017.275
2025-10-14 06:20:00,1017.259
2025-10-14 06:30:00,1017.3
2025-10-14 06:40:00,1017.391
2025-10-14 06:50:00,1017.4390000000001
2025-10-14 07:00:00,1017.551
2025-10-14 07:10:00,1017.675
2025-10-14 07:20:00,1017.742
2025-10-14 07:30:00,1017.8119999999999
2025-10-14 07:40:00,1017.851
2025-10-14 07:50:00,1017.8850000000002
2025-10-14 08:00:00,1017.9066666666666
2025-10-14 08:10:00,1017.9439999999998
2025-10-14 08:20:00,1017.8009999999998
2025-10-14 08:30:00,1017.6290000000001
2025-10-14 08:40:00,1017.5749999999998
2025-10-14 08:50:00,1017.5060000000001
2025-10-14 09:00:00,1017.4460000000001
2025-10-14 09:10:00,1017.4070000000002
2025-10-14 09:20:00,1017.451
2025-10-14 09:30:00,1017.515
2025-10-14 09:40:00,1017.475
2025-10-14 09:50:00,1017.418
2025-10-14 10:00:00,1017.393
2025-10-14 10:10:00,1017.357
2025-10-14 10:20:00,1017.2650000000001
2025-10-14 10:30:00,1017.1600000000001
2025-10-14 10:40:00,1017.118
2025-10-14 10:50:00,1017.0699999999997
2025-10-14 11:00:00,1016.983
2025-10-14 11:10:00,1016.8539999999999
2025-10-14 11:20:00,1016.7300000000001
2025-10-14 11:30:00,1016.5859999999999
2025-10-14 11:40:00,1016.4369999999999
2025-10-14 11:50:00,1016.368
2025-10-14 12:00:00,1016.1970000000001
2025-10-14 12:10:00,1015.9699999999999
2025-10-14 12:20:00,1015.7969999999999
2025-10-14 12:30:00,1015.723
2025-10-14 12:40:00,1015.758
2025-10-14 12:50:00,1015.79
2025-10-14 13:00:00,1015.8210000000001
2025-10-14 13:10:00,1015.787
2025-10-14 13:20:00,1015.793
2025-10-14 13:30:00,1015.784
2025-10-14 13:40:00,1015.6740000000002
2025-10-14 13:50:00,1015.5409999999999
2025-10-14 14:00:00,1015.4810000000001
2025-10-14 14:10:00,1015.573
2025-10-14 14:20:00,1015.6139999999999
2025-10-14 14:30:00,1015.5099999999999
2025-10-14 14:40:00,1015.432
2025-10-14 14:50:00,1015.4280000000002
2025-10-14 15:00:00,1015.5519999999999
2025-10-14 15:10:00,1015.5530000000001
2025-10-14 15:20:00,1015.4170000000001
2025-10-14 15:30:00,1015.324
2025-10-14 15:40:00,1015.3299999999999
2025-10-14 15:50:00,1015.269
2025-10-14 16:00:00,1015.201
2025-10-14 16:10:00,1015.445
2025-10-14 16:20:00,1015.5809999999999
2025-10-14 16:30:00,1015.5339999999999
2025-10-14 16:40:00,1015.6039999999999
2025-10-14 16:50:00,1015.8030000000001
2025-10-14 17:00:00,1016.107
2025-10-14 17:10:00,1016.2230000000002
2025-10-14 17:20:00,1016.3220000000001
2025-10-14 17:30:00,1016.3990000000001
2025-10-14 17:40:00,1016.618
2025-10-14 17:50:00,1016.943
2025-10-14 18:00:00,1017.1099999999999
2025-10-14 18:10:00,1017.155
2025-10-14 18:20:00,1017.0939999999998
2025-10-14 18:30:00,1017.1670000000001
2025-10-14 18:40:00,1017.374
2025-10-14 18:50:00,1017.4010000000001
2025-10-14 19:00:00,1017.4800000000001
2025-10-14 19:10:00,1017.5619999999999
2025-10-14 19:20:00,1017.6690000000001
2025-10-14 19:30:00,1017.8190000000001
2025-10-14 19:40:00,1018.006
2025-10-14 19:50:00,1018.1229999999999
2025-10-14 20:00:00,1018.2560000000001
2025-10-14 20:10:00,1018.2590000000002
2025-10-14 20:20:00,1018.356
2025-10-14 20:30:00,1018.4209999999999
2025-10-14 20:40:00,1018.5409999999999
2025-10-14 20:50:00,1018.5970000000001
2025-10-14 21:00:00,1018.5779999999999
2025-10-14 21:10:00,1018.5540000000001
2025-10-14 21:20:00,1018.5809999999999
2025-10-14 21:30:00,1018.5849999999998
2025-10-14 21:40:00,1018.5619999999999
2025-10-14 21:50:00,1018.4959999999998
2025-10-14 22:00:00,1018.4789999999999
2025-10-14 22:10:00,1018.5020000000001
2025-10-14 22:20:00,1018.55
2025-10-14 22:30:00,1018.576
2025-10-14 22:40:00,1018.7
2025-10-14 22:50:00,1018.758
2025-10-14 23:00:00,1018.6519999999998
2025-10-14 23:10:00,1018.436
2025-10-14 23:20:00,1018.3019999999999
2025-10-14 23:30:00,1018.1460000000001
2025-10-14 23:40:00,1018.061
2025-10-14 23:50:00,1017.9440000000001
2025-10-15 00:00:00,1017.775
2025-10-15 00:10:00,1017.6359999999999
2025-10-15 00:20:00,1017.4630000000001
2025-10-15 00:30:00,1017.2860000000001
2025-10-15 00:40:00,1017.0669999999998
2025-10-15 00:50:00,1016.8729999999999
2025-10-15 01:00:00,1016.7030000000001
2025-10-15 01:10:00,1016.5519999999999
2025-10-15 01:20:00,1016.359
2025-10-15 01:30:00,1016.232
2025-10-15 01:40:00,1016.1479999999999
2025-10-15 01:50:00,1016.085
2025-10-15 02:00:00,1015.966
2025-10-15 02:10:00,1015.8910000000002
2025-10-15 02:20:00,1015.867
2025-10-15 02:30:00,1015.8209999999999
2025-10-15 02:40:00,1015.8439999999998
2025-10-15 02:50:00,1015.799
2025-10-15 03:00:00,1015.749
2025-10-15 03:10:00,1015.6859999999999
2025-10-15 03:20:00,1015.609
2025-10-15 03:30:00,1015.5980000000002
2025-10-15 03:40:00,1015.551
2025-10-15 03:50:00,1015.4649999999999
2025-10-15 04:00:00,1015.3340000000001
2025-10-15 04:10:00,1015.2040000000001
2025-10-15 04:20:00,1015.2400000000001
2025-10-15 04:30:00,1015.399
2025-10-15 04:40:00,1015.5769999999999
2025-10-15 04:50:00,1015.6890000000001
2025-10-15 05:00:00,1015.6910000000001
2025-10-15 05:10:00,1015.677
2025-10-15 05:20:00,1015.693
2025-10-15 05:30:00,1015.8359999999999
2025-10-15 05:40:00,1016.033
2025-10-15 05:50:00,1016.202
2025-10-15 06:00:00,1016.249
2025-10-15 06:10:00,1016.2769999999998
2025-10-15 06:20:00,1016.3720000000001
2025-10-15 06:30:00,1016.3319999999998
2025-10-15 06:40:00,1016.2900000000002
2025-10-15 06:50:00,1016.2809999999997
2025-10-15 07:00:00,1016.3900000000001
2025-10-15 07:10:00,1016.492
2025-10-15 07:20:00,1016.6039999999999
2025-10-15 07:30:00,1016.635
2025-10-15 07:40:00,1016.6650000000002
2025-10-15 07:50:00,1016.7710000000001
2025-10-15 08:00:00,1017.0150000000001
2025-10-15 08:10:00,1017.1929999999999
2025-10-15 08:20:00,1017.2549999999999
2025-10-15 08:30:00,1017.3529999999998
2025-10-15 08:40:00,1017.3729999999998
2025-10-15 08:50:00,1017.376
2025-10-15 09:00:00,1017.3429999999998
2025-10-15 09:10:00,1017.2710000000001
2025-10-15 09:20:00,1017.1820000000001
2025-10-15 09:30:00,1017.2109999999999
2025-10-15 09:40:00,1017.253
2025-10-15 09:50:00,1017.262
2025-10-15 10:00:00,1017.251
2025-10-15 10:10:00,1017.216
2025-10-15 10:20:00,1017.167
2025-10-15 10:30:00,1017.025
2025-10-15 10:40:00,1016.8770000000001
2025-10-15 10:50:00,1016.733
2025-10-15 11:00:00,1016.6410000000002
2025-10-15 11:10:00,1016.5570000000001
2025-10-15 11:20:00,1016.4349999999998
2025-10-15 11:30:00,1016.3130000000001
2025-10-15 11:40:00,1016.266
2025-10-15 11:50:00,1016.2210000000001
2025-10-15 12:00:00,1016.1690000000002
2025-10-15 12:10:00,1016.016
2025-10-15 12:20:00,1015.858
2025-10-15 12:30:00,1015.769
2025-10-15 12:40:00,1015.6479999999999
2025-10-15 12:50:00,1015.488
2025-10-15 13:00:00,1015.2539999999999
2025-10-15 13:10:00,1015.088
2025-10-15 13:20:00,1015.0360000000001
2025-10-15 13:30:00,1014.9869999999999
2025-10-15 13:40:00,1014.8709999999999
2025-10-15 13:50:00,1014.6990000000002
2025-10-15 14:00:00,1014.6300000000001
2025-10-15 14:10:00,1014.606
2025-10-15 14:20:00,1014.482
2025-10-15 14:30:00,1014.3220000000001
2025-10-15 14:40:00,1014.458
2025-10-15 14:50:00,1014.515
2025-10-15 15:00:00,1014.4289999999999
2025-10-15 15:10:00,1014.2729999999999
2025-10-15 15:20:00,1014.225
2025-10-15 15:30:00,1014.3580000000002
2025-10-15 15:40:00,1014.5049999999999
2025-10-15 15:50:00,1014.6630000000001
2025-10-15 16:00:00,1014.7800000000001
2025-10-15 16:10:00,1014.8979999999999
2025-10-15 16:20:00,1014.9380000000001
2025-10-15 16:30:00,1015.113
2025-10-15 16:40:00,1015.1999999999998
2025-10-15 16:50:00,1015.327
2025-10-15 17:00:00,1015.519
2025-10-15 17:10:00,1015.6650000000002
2025-10-15 17:20:00,1015.82
2025-10-15 17:30:00,1015.8779999999999
2025-10-15 17:40:00,1016.048
2025-10-15 17:50:00,1016.2879999999999
2025-10-15 18:00:00,1016.393
2025-10-15 18:10:00,1016.4200000000001
2025-10-15 18:20:00,1016.549
2025-10-15 18:30:00,1016.6870000000002
2025-10-15 18:40:00,1016.7599999999999
2025-10-15 18:50:00,1016.9370000000001
2025-10-15 19:00:00,1017.0469999999999
2025-10-15 19:10:00,1017.0539999999997
2025-10-15 19:20:00,1017.055
2025-10-15 19:30:00,1017.1119999999999
2025-10-15 19:40:00,1017.1790000000003
2025-10-15 19:50:00,1017.186
2025-10-15 20:00:00,1017.191
2025-10-15 20:10:00,1017.182
2025-10-15 20:20:00,1017.097
2025-10-15 20:30:00,1017.0799999999999
2025-10-15 20:40:00,1017.1009999999999
2025-10-15 20:50:00,1017.0709999999997
2025-10-15 21:00:00,1017.0869999999999
2025-10-15 21:10:00,1017.0439999999999
2025-10-15 21:20:00,1017.0039999999999
2025-10-15 21:30:00,1016.9599999999998
2025-10-15 21:40:00,1017.009
2025-10-15 21:50:00,1017.066
2025-10-15 22:00:00,1017.088
2025-10-15 22:10:00,1017.1460000000001
2025-10-15 22:20:00,1017.0379999999999
2025-10-15 22:30:00,1016.9380000000001
2025-10-15 22:40:00,1016.941
2025-10-15 22:50:00,1016.976
2025-10-15 23:00:00,1017.0839999999998
2025-10-15 23:10:00,1017.1479999999999
2025-10-15 23:20:00,1017.128
2025-10-15 23:30:00,1017.0649999999999
2025-10-15 23:40:00,1016.993
2025-10-15 23:50:00,1016.8879999999999
2025-10-16 00:00:00,1016.7620000000001
2025-10-16 00:10:00,1016.5930000000001
2025-10-16 00:20:00,1016.4350000000001
2025-10-16 00:30:00,1016.3499999999998
2025-10-16 00:40:00,1016.2450000000001
2025-10-16 00:50:00,1016.119
2025-10-16 01:00:00,1016.0409999999999
2025-10-16 01:10:00,1015.981
2025-10-16 01:20:00,1015.8760000000002
2025-10-17 21:10:00,138.3
2025-10-17 21:20:00,1017.1240000000001
2025-10-17 21:30:00,1017.2083333333334
2025-10-17 21:40:00,1017.1628571428572
2025-10-17 21:50:00,1017.09
2025-10-17 22:00:00,1017.1185714285714
2025-10-17 22:10:00,1017.1483333333335
2025-10-17 22:20:00,1017.1457142857145
2025-10-17 22:30:00,1017.1285714285715
2025-10-17 22:40:00,1017.1142857142856
2025-10-17 22:50:00,1017.0583333333334
2025-10-17 23:00:00,1016.9314285714287
2025-10-17 23:10:00,1016.8171428571429
2025-10-17 23:20:00,1016.7150000000001
2025-10-17 23:30:00,1016.6271428571429
2025-10-17 23:40:00,1016.5242857142857
2025-10-17 23:50:00,1016.4516666666668
2025-10-18 00:00:00,1016.3071428571428
2025-10-18 00:10:00,1016.1800000000002
2025-10-18 00:20:00,1016.0883333333331
2025-10-18 00:30:00,1016.0542857142857
2025-10-18 00:40:00,1016.0514285714286
2025-10-18 00:50:00,1016.0833333333334
2025-10-18 01:00:00,1016.0500000000001
2025-10-18 01:10:00,1015.9642857142857
2025-10-18 01:20:00,1015.8450000000001
2025-10-18 01:30:00,1015.7857142857143
2025-10-18 01:40:00,1015.7828571428571
2025-10-18 01:50:00,1015.7583333333333
2025-10-18 02:00:00,1015.6971428571427
2025-10-18 02:10:00,1015.6085714285715
2025-10-18 02:20:00,1015.565
2025-10-18 02:30:00,1015.5071428571428
2025-10-18 02:40:00,1015.4942857142858
2025-10-18 02:50:00,1015.5816666666666
2025-10-18 03:00:00,1015.6657142857144
2025-10-18 03:10:00,1015.7057142857144
2025-10-18 03:20:00,1015.7316666666666
2025-10-18 03:30:00,1015.74
2025-10-18 03:40:00,1015.7585714285714
2025-10-18 03:50:00,1015.7433333333333
2025-10-18 04:00:00,1015.7914285714286
2025-10-18 04:10:00,1015.8685714285714
2025-10-18 04:20:00,1015.9566666666668
2025-10-18 04:30:00,1015.9714285714286
2025-10-18 04:40:00,1016.0028571428572
2025-10-18 04:50:00,1016.0383333333333
2025-10-18 05:00:00,1016.0714285714284
2025-10-18 05:10:00,1016.1557142857145
2025-10-18 05:20:00,1016.2466666666666
2025-10-18 05:30:00,1016.42
2025-10-18 05:40:00,1016.5985714285714
2025-10-18 05:50:00,1016.7116666666667
2025-10-18 06:00:00,1016.8514285714285
2025-10-18 06:10:00,1017.0228571428572
2025-10-18 06:20:00,1017.2633333333333
2025-10-18 06:30:00,1017.407142857143
2025-10-18 06:40:00,1017.4650000000001
2025-10-18 06:50:00,1017.5542857142856
2025-10-18 07:00:00,1017.6542857142858
2025-10-18 07:10:00,1017.7200000000001
2025-10-18 07:20:00,1017.7950000000001
2025-10-18 07:30:00,1017.8728571428571
2025-10-18 07:40:00,1018.0228571428571
2025-10-18 07:50:00,1018.1016666666666
2025-10-18 08:00:00,1018.2214285714284
2025-10-18 08:10:00,1018.3328571428572
2025-10-18 08:20:00,1018.36
2025-10-18 08:30:00,1018.397142857143
2025-10-18 08:40:00,1018.4914285714286
2025-10-18 08:50:00,1018.5533333333333
2025-10-18 09:00:00,1018.5971428571428
2025-10-18 09:10:00,1018.7042857142858
2025-10-18 09:20:00,1018.7716666666666
2025-10-18 09:30:00,1018.7514285714285
2025-10-18 09:40:00,1018.6942857142858
2025-10-18 09:50:00,1018.6349999999999
2025-10-18 10:00:00,1018.5457142857142
2025-10-18 10:10:00,1018.4785714285715
2025-10-18 10:20:00,1018.4
2025-10-18 10:30:00,1018.29
2025-10-18 10:40:00,1018.1314285714286
2025-10-18 10:50:00,1018.0266666666666
2025-10-18 11:00:00,1017.9485714285714
2025-10-18 11:10:00,1017.7471428571429
2025-10-18 11:20:00,1017.5366666666667
2025-10-18 11:30:00,1017.3414285714287
2025-10-18 11:40:00,1017.2442857142858
2025-10-18 11:50:00,1017.0883333333333
2025-10-18 12:00:00,1017.0614285714286
2025-10-18 12:10:00,1016.9957142857141
2025-10-18 12:20:00,1017.0983333333334
2025-10-18 12:30:00,1017.12
2025-10-18 12:40:00,1017.1185714285714
2025-10-18 12:50:00,1017.0333333333333
2025-10-18 13:00:00,1016.8757142857141
2025-10-18 13:10:00,1016.6957142857144
2025-10-18 13:20:00,1016.5100000000001
2025-10-18 13:30:00,1016.4414285714287
2025-10-18 13:40:00,1016.4714285714286
2025-10-18 13:50:00,1016.4016666666666
2025-10-18 14:00:00,1016.2671428571429
2025-10-18 14:10:00,1016.0442857142858
2025-10-18 14:20:00,1015.8416666666666
2025-10-18 14:30:00,1015.8957142857143
2025-10-18 14:40:00,1015.9357142857143
2025-10-18 14:50:00,1015.9300000000002
2025-10-18 15:00:00,1015.8842857142857
2025-10-18 15:10:00,1015.8249999999999
2025-10-18 15:20:00,1015.8442857142855
2025-10-18 15:30:00,1015.8614285714284
2025-10-18 15:40:00,1015.8800000000001
2025-10-18 15:50:00,1015.9185714285715
2025-10-18 16:00:00,1016.1
2025-10-18 16:10:00,1016.2014285714286
2025-10-18 16:20:00,1016.2266666666668
2025-10-18 16:30:00,1016.2614285714286
2025-10-18 16:40:00,1016.3528571428571
2025-10-18 16:50:00,1016.4933333333333
2025-10-18 17:00:00,1016.6871428571429
2025-10-18 17:10:00,1016.9357142857143
2025-10-18 17:20:00,1017.0500000000001
2025-10-18 17:30:00,1017.1028571428571
2025-10-18 17:40:00,1017.3385714285715
2025-10-18 17:50:00,1017.4633333333335
2025-10-18 18:00:00,1017.6314285714286
2025-10-18 18:10:00,1017.7885714285713
2025-10-18 18:20:00,1017.985
2025-10-18 18:30:00,1018.2142857142859
2025-10-18 18:40:00,1018.4842857142856
2025-10-18 18:50:00,1018.6766666666667
2025-10-18 19:00:00,1018.882857142857
2025-10-18 19:10:00,1019.1342857142857
2025-10-18 19:20:00,1019.3283333333334
2025-10-18 19:30:00,1019.4485714285713
2025-10-18 19:40:00,1019.5857142857143
2025-10-18 19:50:00,1019.6600000000002
2025-10-18 20:00:00,1019.6642857142857
2025-10-18 20:10:00,1019.6942857142858
2025-10-18 20:20:00,1019.6933333333335
2025-10-18 20:30:00,1019.654285714286
2025-10-18 20:40:00,1019.6428571428575
2025-10-18 20:50:00,1019.5983333333334
2025-10-18 21:00:00,1019.5428571428571
2025-10-18 21:10:00,1019.5114285714286
2025-10-18 21:20:00,1019.4350000000001
2025-10-18 21:30:00,1019.3999999999999
2025-10-18 21:40:00,1019.3885714285715
2025-10-18 21:50:00,1019.3516666666666
2025-10-18 22:00:00,1019.3328571428572
2025-10-18 22:10:00,1019.2314285714285
2025-10-18 22:20:00,1019.1566666666668
2025-10-18 22:30:00,1019.1071428571429
2025-10-18 22:40:00,1019.0685714285713
2025-10-18 22:50:00,1018.9733333333334
2025-10-18 23:00:00,1018.9385714285714
2025-10-18 23:10:00,1018.8714285714286
2025-10-18 23:20:00,1018.7500000000001
2025-10-18 23:30:00,1018.6985714285714
2025-10-18 23:40:00,1018.5966666666667
2025-10-18 23:50:00,1018.5442857142856
2025-10-19 00:00:00,1018.61
2025-10-19 00:10:00,1018.6414285714287
2025-10-19 00:20:00,1018.5833333333334
2025-10-19 00:30:00,1018.5542857142856
2025-10-19 00:40:00,1018.5857142857142
2025-10-19 00:50:00,1018.4800000000001
2025-10-19 01:00:00,1018.34
2025-10-19 01:10:00,1018.2057142857142
2025-10-19 01:20:00,1018.04
2025-10-19 01:30:00,1017.9014285714285
2025-10-19 01:40:00,1017.8185714285715
2025-10-19 01:50:00,1017.75
2025-10-19 02:00:00,1017.64
2025-10-19 02:10:00,1017.5333333333333
2025-10-19 02:20:00,1017.35
2025-10-19 02:30:00,1017.1771428571429
2025-10-19 02:40:00,1017.1614285714286
2025-10-19 02:50:00,1017.3033333333333
2025-10-19 03:00:00,1017.3842857142857
2025-10-19 03:10:00,1017.3257142857144
2025-10-19 03:20:00,1017.34
2025-10-19 03:30:00,1017.3757142857143
2025-10-19 03:40:00,1017.3885714285716
2025-10-19 03:50:00,1017.4583333333335
2025-10-19 04:00:00,1017.49
2025-10-19 04:10:00,1017.5828571428572
2025-10-19 04:20:00,1017.7183333333332
2025-10-19 04:30:00,1017.7971428571428
2025-10-19 04:40:00,1017.8800000000001
2025-10-19 04:50:00,1017.8733333333333
2025-10-19 05:00:00,1017.8642857142858
2025-10-19 05:10:00,1017.9114285714287
2025-10-19 05:20:00,1017.9883333333333
2025-10-19 05:30:00,1018.0899999999999
2025-10-19 05:40:00,1018.1800000000001
2025-10-19 05:50:00,1018.2733333333332
2025-10-19 06:00:00,1018.3185714285712
2025-10-19 06:10:00,1018.3614285714286
2025-10-19 06:20:00,1018.465
2025-10-19 06:30:00,1018.5557142857142
2025-10-19 06:40:00,1018.6500000000002
2025-10-19 06:50:00,1018.6833333333333
2025-10-19 07:00:00,1018.7442857142858
2025-10-19 07:10:00,1018.802857142857
2025-10-19 07:20:00,1018.8983333333334
2025-10-19 07:30:00,1018.9557142857142
2025-10-19 07:40:00,1018.9657142857143
2025-10-19 07:50:00,1018.9916666666667
2025-10-19 08:00:00,1018.9942857142856
2025-10-19 08:10:00,1019.0016666666666
2025-10-19 08:20:00,1019.1042857142857
2025-10-19 08:30:00,1019.167142857143
2025-10-19 08:40:00,1019.1800000000001
2025-10-19 08:50:00,1019.1583333333334
2025-10-19 09:00:00,1019.1685714285715
2025-10-19 09:10:00,1019.2214285714288
2025-10-19 09:20:00,1019.1666666666666
2025-10-19 09:30:00,1019.0471428571428
2025-10-19 09:40:00,1019.0199999999999
2025-10-19 09:50:00,1018.9866666666667
2025-10-19 10:00:00,1018.9185714285715
2025-10-19 10:10:00,1018.8000000000001
2025-10-19 10:20:00,1018.6966666666667
2025-10-19 10:30:00,1018.5557142857143
2025-10-19 10:40:00,1018.4742857142858
2025-10-19 10:50:00,1018.4183333333334
2025-10-19 11:00:00,1018.3614285714285
2025-10-19 11:10:00,1018.2485714285714
2025-10-19 11:20:00,1018.1383333333333
2025-10-19 11:30:00,1018.0571428571427
2025-10-19 11:40:00,1017.9757142857143
2025-10-19 11:50:00,1017.8616666666667
2025-10-19 12:00:00,1017.842857142857
2025-10-19 12:10:00,1017.89
2025-10-19 12:20:00,1017.9371428571428
2025-10-19 12:30:00,1017.8114285714286
2025-10-19 12:40:00,1017.7283333333335
2025-10-19 12:50:00,1017.7585714285714
2025-10-19 13:00:00,1017.8042857142857
2025-10-19 13:10:00,1017.7371428571429
2025-10-19 13:20:00,1017.6500000000001
2025-10-19 13:30:00,1017.352857142857
2025-10-19 13:40:00,1017.1700000000001
2025-10-19 13:50:00,1017.1733333333333
2025-10-19 14:00:00,1017.0628571428572
2025-10-19 14:10:00,1016.8785714285714
2025-10-19 14:20:00,1016.8116666666666
2025-10-19 14:30:00,1016.7614285714286
2025-10-19 14:40:00,1016.7000000000002
2025-10-19 14:50:00,1016.6433333333334
2025-10-19 15:00:00,1016.5771428571427
2025-10-19 15:10:00,1016.6285714285714
2025-10-19 15:20:00,1016.7566666666667
2025-10-19 15:30:00,1016.8342857142858
2025-10-19 15:40:00,1016.8885714285715
2025-10-19 15:50:00,1017.0083333333333
2025-10-19 16:00:00,1017.0757142857143
2025-10-19 16:10:00,1017.1285714285715
2025-10-19 16:20:00,1017.1999999999999
2025-10-19 16:30:00,1017.277142857143
2025-10-19 16:40:00,1017.5042857142856
2025-10-19 16:50:00,1017.6666666666666
2025-10-19 17:00:00,1017.7885714285713
2025-10-19 17:10:00,1017.8599999999999
2025-10-19 17:20:00,1017.98
2025-10-19 17:30:00,1018.0571428571428
2025-10-19 17:40:00,1018.1728571428572
2025-10-19 17:50:00,1018.2216666666667
2025-10-19 18:00:00,1018.2814285714285
2025-10-19 18:10:00,1018.4714285714286
2025-10-19 18:20:00,1018.7166666666667
2025-10-19 18:30:00,1018.9057142857143
2025-10-19 18:40:00,1019.1828571428572
2025-10-19 18:50:00,1019.4266666666667
2025-10-19 19:00:00,1019.61
2025-10-19 19:10:00,1019.74
2025-10-19 19:20:00,1019.8066666666667
2025-10-19 19:30:00,1019.8671428571428
2025-10-19 19:40:00,1019.9028571428572
2025-10-19 19:50:00,1020.0066666666667
2025-10-19 20:00:00,1020.1528571428571
2025-10-19 20:10:00,1020.2157142857143
2025-10-19 20:20:00,1020.2216666666667
2025-10-19 20:30:00,1020.3
2025-10-19 20:40:00,1020.3800000000001
2025-10-19 20:50:00,1020.2542857142859
2025-10-19 21:00:00,1020.09
2025-10-19 21:10:00,1020.1099999999999
2025-10-19 21:20:00,1020.1483333333334
2025-10-19 21:30:00,1020.0500000000001
2025-10-19 21:40:00,1019.9150000000001
2025-10-19 21:50:00,1020.0028571428571
2025-10-19 22:00:00,1020.0214285714285
2025-10-19 22:10:00,1019.9033333333333
2025-10-19 22:20:00,1019.8442857142855
2025-10-19 22:30:00,1019.8285714285714
2025-10-19 22:40:00,1019.7933333333334
2025-10-19 22:50:00,1019.6985714285713
2025-10-19 23:00:00,1019.4814285714286
2025-10-19 23:10:00,1019.39
2025-10-19 23:20:00,1019.4185714285715
2025-10-19 23:30:00,1019.4142857142858
2025-10-19 23:40:00,1019.35
2025-10-19 23:50:00,1019.2271428571428
2025-10-20 00:00:00,1019.0857142857141
2025-10-20 00:10:00,1019.0233333333334
2025-10-20 00:20:00,1018.8742857142857
2025-10-20 00:30:00,1018.7442857142858
2025-10-20 00:40:00,1018.6583333333333
2025-10-20 00:50:00,1018.59
2025-10-20 01:00:00,1018.4428571428572
2025-10-20 01:10:00,1018.285
2025-10-20 01:20:00,1018.0685714285713
2025-10-20 01:30:00,1017.8442857142857
2025-10-20 01:40:00,1017.5833333333334
2025-10-20 01:50:00,1017.4471428571427
2025-10-20 02:00:00,1017.37
2025-10-20 02:10:00,1017.34
2025-10-20 02:20:00,1017.4028571428571
2025-10-20 02:30:00,1017.3900000000002
2025-10-20 02:40:00,1017.4016666666666
2025-10-20 02:50:00,1017.4942857142858
2025-10-20 03:00:00,1017.5471428571428
2025-10-20 03:10:00,1017.535
2025-10-20 03:20:00,1017.5671428571428
2025-10-20 03:30:00,1017.5771428571428
2025-10-20 03:40:00,1017.5433333333334
2025-10-20 03:50:00,1017.5314285714285
2025-10-20 04:00:00,1017.5642857142856
2025-10-20 04:10:00,1017.5816666666666
2025-10-20 04:20:00,1017.5657142857142
2025-10-20 04:30:00,1017.5142857142856
2025-10-20 04:40:00,1017.5683333333333
2025-10-20 04:50:00,1017.7385714285716
2025-10-20 05:00:00,1017.7514285714286
2025-10-20 05:10:00,1017.73
2025-10-20 05:20:00,1017.7885714285713
2025-10-20 05:30:00,1017.8842857142857
2025-10-20 05:40:00,1018.0183333333334
2025-10-20 05:50:00,1018.1285714285714
2025-10-20 06:00:00,1018.2628571428571
2025-10-20 06:10:00,1018.3566666666667
2025-10-20 06:20:00,1018.5171428571429
2025-10-20 06:30:00,1018.527142857143
2025-10-20 06:40:00,1018.5849999999999
2025-10-20 06:50:00,1018.637142857143
2025-10-20 07:00:00,1018.6742857142857
2025-10-20 07:10:00,1018.8149999999999
2025-10-20 07:20:00,1018.8757142857145
2025-10-20 07:30:00,1018.8985714285716
2025-10-20 07:40:00,1018.9533333333334
2025-10-20 07:50:00,1019.0849999999999
2025-10-20 08:00:00,1019.1975
2025-10-20 08:10:00,1019.3014285714286
2025-10-20 08:20:00,1019.2828571428571
2025-10-20 08:30:00,1019.29
2025-10-20 08:40:00,1019.3442857142857
2025-10-20 08:50:00,1019.3585714285713
2025-10-20 09:00:00,1019.35
2025-10-20 09:10:00,1019.3042857142856
2025-10-20 09:20:00,1019.4342857142858
2025-10-20 09:30:00,1019.5583333333333
2025-10-20 09:40:00,1019.5985714285713
2025-10-20 09:50:00,1019.5542857142857
2025-10-20 10:00:00,1019.535
2025-10-20 10:10:00,1019.4414285714287
2025-10-20 10:20:00,1019.3285714285714
2025-10-20 10:30:00,1019.1816666666667
2025-10-20 10:40:00,1019.0671428571428
2025-10-20 10:50:00,1018.9614285714285
2025-10-20 11:00:00,1018.8533333333334
2025-10-20 11:10:00,1018.7285714285715
2025-10-20 11:20:00,1018.5785714285714
2025-10-20 11:30:00,1018.3766666666667
2025-10-20 11:40:00,1018.1985714285714
2025-10-20 11:50:00,1017.9785714285715
2025-10-20 12:00:00,1017.8349999999999
2025-10-20 12:10:00,1017.7028571428572
2025-10-20 12:20:00,1017.5114285714286
2025-10-20 12:30:00,1017.3216666666667
2025-10-20 12:40:00,1017.05
2025-10-20 12:50:00,1016.6999999999999
2025-10-20 13:00:00,1016.4616666666667
2025-10-20 13:10:00,1016.3771428571429
2025-10-20 13:20:00,1016.2542857142856
2025-10-20 13:30:00,1016.1266666666667
2025-10-20 13:40:00,1016.0242857142856
2025-10-20 13:50:00,1015.9085714285715
2025-10-20 14:00:00,1015.8449999999999
2025-10-20 14:10:00,1015.767142857143
2025-10-20 14:20:00,1015.7200000000001
2025-10-20 14:30:00,1015.6
2025-10-20 14:40:00,1015.5742857142857
2025-10-20 14:50:00,1015.6614285714287
2025-10-20 15:00:00,1015.6983333333334
2025-10-20 15:10:00,1015.7600000000002
2025-10-20 15:20:00,1015.8428571428573
2025-10-20 15:30:00,1015.9266666666667
2025-10-20 15:40:00,1016.0885714285714
2025-10-20 15:50:00,1016.1485714285716
2025-10-20 16:00:00,1016.1716666666667
2025-10-20 16:10:00,1016.1957142857144
2025-10-20 16:20:00,1016.2414285714286
2025-10-20 16:30:00,1016.4216666666667
2025-10-20 16:40:00,1016.6371428571429
2025-10-20 16:50:00,1016.8100000000001
2025-10-20 17:00:00,1016.9416666666667
2025-10-20 17:10:00,1016.9871428571429
2025-10-20 17:20:00,1017.0185714285715
2025-10-20 17:30:00,1017.0649999999999
2025-10-20 17:40:00,1017.1428571428571
2025-10-20 17:50:00,1017.1757142857143
2025-10-20 18:00:00,1017.2466666666668
2025-10-20 18:10:00,1017.2585714285714
2025-10-20 18:20:00,1017.3128571428572
2025-10-20 18:30:00,1017.3883333333333
2025-10-20 18:40:00,1017.51
2025-10-20 18:50:00,1017.72
2025-10-20 19:00:00,1017.9550000000003
2025-10-20 19:10:00,1018.1442857142857
2025-10-20 19:20:00,1018.2971428571428
2025-10-20 19:30:00,1018.3950000000001
2025-10-20 19:40:00,1018.5142857142857
2025-10-20 19:50:00,1018.5985714285714
2025-10-20 20:00:00,1018.7066666666668
2025-10-20 20:10:00,1018.8671428571428
2025-10-20 20:20:00,1019.0028571428572
2025-10-20 20:30:00,1019.13
2025-10-20 20:40:00,1019.2142857142859
2025-10-20 20:50:00,1019.1614285714286
2025-10-20 21:00:00,1019.1283333333336
2025-10-20 21:10:00,1019.1757142857144
2025-10-20 21:20:00,1019.2442857142859
2025-10-20 21:30:00,1019.2166666666667
2025-10-20 21:40:00,1019.1342857142857
2025-10-20 21:50:00,1019.12
2025-10-20 22:00:00,1019.1833333333334
2025-10-20 22:10:00,1019.1657142857144
2025-10-20 22:20:00,1019.0471428571428
2025-10-20 22:30:00,1018.8833333333332
2025-10-20 22:40:00,1018.762857142857
2025-10-20 22:50:00,1018.667142857143
2025-10-20 23:00:00,1018.5400000000001
2025-10-20 23:10:00,1018.3314285714285
2025-10-20 23:20:00,1017.9985714285714
2025-10-20 23:30:00,1017.6883333333334
2025-10-20 23:40:00,1017.4357142857143
2025-10-20 23:50:00,1017.1628571428571
2025-10-21 00:00:00,1016.8850000000001
2025-10-21 00:10:00,1016.65
2025-10-21 00:20:00,1016.42
2025-10-21 00:30:00,1016.3149999999999
2025-10-21 00:40:00,1016.1357142857142
2025-10-21 00:50:00,1015.9971428571428
2025-10-21 01:00:00,1015.9066666666668
2025-10-21 01:10:00,1015.8185714285713
2025-10-21 01:20:00,1015.7257142857143
2025-10-21 01:30:00,1015.6283333333332
2025-10-21 01:40:00,1015.6400000000001
2025-10-21 01:50:00,1015.6957142857143
2025-10-21 02:00:00,1015.8783333333334
2025-10-21 02:10:00,1015.9799999999998
2025-10-21 02:20:00,1015.9814285714284
2025-10-21 02:30:00,1016.0016666666667
2025-10-21 02:40:00,1016.0085714285715
2025-10-21 02:50:00,1016.1185714285714
2025-10-21 03:00:00,1016.1633333333334
2025-10-21 03:10:00,1016.2328571428571
2025-10-21 03:20:00,1016.3942857142858
2025-10-21 03:30:00,1016.4949999999999
2025-10-21 03:40:00,1016.4928571428571
2025-10-21 03:50:00,1016.4571428571429
2025-10-21 04:00:00,1016.4166666666669
2025-10-21 04:10:00,1016.3914285714287
2025-10-21 04:20:00,1016.3914285714287
2025-10-21 04:30:00,1016.3883333333334
2025-10-21 04:40:00,1016.5
2025-10-21 04:50:00,1016.6414285714287
2025-10-21 05:00:00,1016.7533333333334
2025-10-21 05:10:00,1016.8199999999999
2025-10-21 05:20:00,1016.8757142857141
2025-10-21 05:30:00,1017.0050000000001
2025-10-21 05:40:00,1017.2057142857144
2025-10-21 05:50:00,1017.4185714285715
2025-10-21 06:00:00,1017.5699999999998
2025-10-21 06:10:00,1017.7314285714286
2025-10-21 06:20:00,1017.8485714285715
2025-10-21 06:30:00,1017.9383333333334
2025-10-21 06:40:00,1017.9842857142856
2025-10-21 06:50:00,1017.985
2025-10-21 07:00:00,1017.9685714285714
2025-10-21 07:10:00,1018.0857142857143
2025-10-21 07:20:00,1018.1714285714287
2025-10-21 07:30:00,1018.1816666666668
2025-10-21 07:40:00,1018.2857142857143
2025-10-21 07:50:00,1018.3314285714285
2025-10-21 08:00:00,1018.4100000000002
2025-10-21 08:10:00,1018.5971428571429
2025-10-21 08:20:00,1018.6771428571429
2025-10-21 08:30:00,1018.7183333333334
2025-10-21 08:40:00,1018.7942857142858
2025-10-21 08:50:00,1018.9100000000001
2025-10-21 09:00:00,1018.8633333333333
2025-10-21 09:10:00,1018.7785714285712
2025-10-21 09:20:00,1018.6842857142857
2025-10-21 09:30:00,1018.6416666666669
2025-10-21 09:40:00,1018.6042857142857
2025-10-21 09:50:00,1018.5057142857142
2025-10-21 10:00:00,1018.3583333333332
2025-10-21 10:10:00,1018.2214285714286
2025-10-21 10:20:00,1018.0842857142856
2025-10-21 10:30:00,1017.995
2025-10-21 10:40:00,1017.9300000000001
2025-10-21 10:50:00,1017.8285714285713
2025-10-21 11:00:00,1017.6716666666667
2025-10-21 11:10:00,1017.5642857142858
2025-10-21 11:20:00,1017.41
2025-10-21 11:30:00,1017.2483333333333
2025-10-21 11:40:00,1017.092857142857
2025-10-21 11:50:00,1016.9185714285716
2025-10-21 12:00:00,1016.82
2025-10-21 12:10:00,1016.6957142857143
2025-10-21 12:20:00,1016.57
2025-10-21 12:30:00,1016.4050000000001
2025-10-21 12:40:00,1016.2785714285714
2025-10-21 12:50:00,1016.1942857142857
2025-10-21 13:00:00,1016.06
2025-10-21 13:10:00,1015.9971428571429
2025-10-21 13:20:00,1015.9128571428571
2025-10-21 13:30:00,1015.7649999999999
2025-10-21 13:40:00,1015.5985714285714
2025-10-21 13:50:00,1015.5342857142857
2025-10-21 14:00:00,1015.4699999999999
2025-10-21 14:10:00,1015.417142857143
2025-10-21 14:20:00,1015.3385714285714
2025-10-21 14:30:00,1015.3016666666667
2025-10-21 14:40:00,1015.2442857142858
2025-10-21 14:50:00,1015.1328571428572
2025-10-21 15:00:00,1015.0949999999999
2025-10-21 15:10:00,1015.0671428571428
2025-10-21 15:20:00,1015.0742857142856
2025-10-21 15:30:00,1015.0766666666667
2025-10-21 15:40:00,1015.0985714285713
2025-10-21 15:50:00,1015.1657142857144
2025-10-21 16:00:00,1015.1999999999999
2025-10-21 16:10:00,1015.2557142857142
2025-10-21 16:20:00,1015.3271428571428
2025-10-21 16:30:00,1015.4233333333335
2025-10-21 16:40:00,1015.5199999999999
2025-10-21 16:50:00,1015.5799999999999
2025-10-21 17:00:00,1015.66
2025-10-21 17:10:00,1015.8199999999999
2025-10-21 17:20:00,1015.9428571428572
2025-10-21 17:30:00,1015.9983333333334
2025-10-21 17:40:00,1016.0357142857143
2025-10-21 17:50:00,1016.1700000000001
2025-10-21 18:00:00,1016.3933333333333
2025-10-21 18:10:00,1016.6028571428571
2025-10-21 18:20:00,1016.7242857142858
2025-10-21 18:30:00,1016.8199999999998
2025-10-21 18:40:00,1016.9714285714286
2025-10-21 18:50:00,1017.1542857142857
2025-10-21 19:00:00,1017.2849999999999
2025-10-21 19:10:00,1017.387142857143
2025-10-21 19:20:00,1017.5385714285715
2025-10-21 19:30:00,1017.6533333333335
2025-10-21 19:40:00,1017.8157142857142
2025-10-21 19:50:00,1017.9428571428572
2025-10-21 20:00:00,1018.0566666666665
2025-10-21 20:10:00,1018.1414285714285
2025-10-21 20:20:00,1018.2128571428572
2025-10-21 20:30:00,1018.2400000000001
2025-10-21 20:40:00,1018.2657142857142
2025-10-21 20:50:00,1018.3285714285714
2025-10-21 21:00:00,1018.455
2025-10-21 21:10:00,1018.5228571428571
2025-10-21 21:20:00,1018.4614285714285
2025-10-21 21:30:00,1018.3499999999999
2025-10-21 21:40:00,1018.4250000000001
2025-10-21 21:50:00,1018.5085714285715
2025-10-21 22:00:00,1018.5242857142857
2025-10-21 22:10:00,1018.4766666666666
2025-10-21 22:20:00,1018.3728571428572
2025-10-21 22:30:00,1018.2314285714286
2025-10-21 22:40:00,1018.1816666666667
2025-10-21 22:50:00,1018.0985714285714
2025-10-21 23:00:00,1017.9385714285714
2025-10-21 23:10:00,1017.8066666666667
2025-10-21 23:20:00,1017.7057142857144
2025-10-21 23:30:00,1017.6057142857144
2025-10-21 23:40:00,1017.4683333333334
2025-10-21 23:50:00,1017.3271428571428
2025-10-22 00:00:00,1017.2299999999999
2025-10-22 00:10:00,1017.1266666666667
2025-10-22 00:20:00,1017.0600000000001
2025-10-22 00:30:00,1016.9442857142858
2025-10-22 00:40:00,1016.9016666666666
2025-10-22 00:50:00,1016.8928571428575
2025-10-22 01:00:00,1016.8728571428572
2025-10-22 01:10:00,1016.755
2025-10-22 01:20:00,1016.6557142857143
2025-10-22 01:30:00,1016.5671428571429
2025-10-22 01:40:00,1016.5
2025-10-22 01:50:00,1016.4385714285715
2025-10-22 02:00:00,1016.3199999999999
2025-10-22 02:10:00,1016.19
2025-10-22 02:20:00,1015.99
2025-10-22 02:30:00,1015.8485714285713
2025-10-22 02:40:00,1015.7583333333333
2025-10-22 02:50:00,1015.7242857142857
2025-10-22 03:00:00,1015.7985714285712
2025-10-22 03:10:00,1015.8616666666667
2025-10-22 03:20:00,1015.9285714285716
2025-10-22 03:30:00,1015.9214285714287
2025-10-22 03:40:00,1015.9316666666667
2025-10-22 03:50:00,1015.9342857142857
2025-10-22 04:00:00,1016.05
2025-10-22 04:10:00,1016.1433333333334
2025-10-22 04:20:00,1016.2157142857143
2025-10-22 04:30:00,1016.3242857142857
2025-10-22 04:40:00,1016.4366666666666
2025-10-22 04:50:00,1016.5542857142856
2025-10-22 05:00:00,1016.62
2025-10-22 05:10:00,1016.6816666666667
2025-10-22 05:20:00,1016.6842857142858
2025-10-22 05:30:00,1016.7542857142859
2025-10-22 05:40:00,1016.8633333333332
2025-10-22 05:50:00,1016.96
2025-10-22 06:00:00,1017.092857142857
2025-10-22 06:10:00,1017.2883333333333
2025-10-22 06:20:00,1017.3800000000001
2025-10-22 06:30:00,1017.4842857142858
2025-10-22 06:40:00,1017.6483333333332
2025-10-22 06:50:00,1017.7771428571428
2025-10-22 07:00:00,1017.8128571428571
2025-10-22 07:10:00,1017.9116666666669
2025-10-22 07:20:00,1018.0042857142856
2025-10-22 07:30:00,1018.1157142857143
2025-10-22 07:40:00,1018.1149999999999
2025-10-22 07:50:00,1018.1828571428572
2025-10-22 08:00:00,1018.317142857143
2025-10-22 08:10:00,1018.4333333333334
2025-10-22 08:20:00,1018.3842857142856
2025-10-22 08:30:00,1018.4728571428572
2025-10-22 08:40:00,1018.5466666666666
2025-10-22 08:50:00,1018.5471428571428
2025-10-22 09:00:00,1018.5714285714286
2025-10-22 09:10:00,1018.5866666666666
2025-10-22 09:20:00,1018.6014285714285
2025-10-22 09:30:00,1018.5814285714285
2025-10-22 09:40:00,1018.5799999999999
2025-10-22 09:50:00,1018.5185714285715
2025-10-22 10:00:00,1018.4300000000001
2025-10-22 10:10:00,1018.3566666666667
2025-10-22 10:20:00,1018.2142857142857
2025-10-22 10:30:00,1018.0057142857144
2025-10-22 10:40:00,1017.8499999999999
2025-10-22 10:50:00,1017.7385714285714
2025-10-22 11:00:00,1017.5971428571428
2025-10-22 11:10:00,1017.495
2025-10-22 11:20:00,1017.3785714285714
2025-10-22 11:30:00,1017.1942857142858
2025-10-22 11:40:00,1016.9733333333334
2025-10-22 11:50:00,1016.8571428571429
2025-10-22 12:00:00,1016.7657142857144
2025-10-22 12:10:00,1016.5866666666667
2025-10-22 12:20:00,1016.452857142857
2025-10-22 12:30:00,1016.232857142857
2025-10-22 12:40:00,1016.0499999999998
2025-10-22 12:50:00,1015.9085714285715
2025-10-22 13:00:00,1015.6942857142858
2025-10-22 13:10:00,1015.435
2025-10-22 13:20:00,1015.3471428571428
2025-10-22 13:30:00,1015.2257142857143
2025-10-22 13:40:00,1015.1166666666664
2025-10-22 13:50:00,1015.0799999999999
2025-10-22 14:00:00,1015.0085714285714
2025-10-22 14:10:00,1014.8466666666667
2025-10-22 14:20:00,1014.6942857142858
2025-10-22 14:30:00,1014.6285714285715
2025-10-22 14:40:00,1014.6199999999999
2025-10-22 14:50:00,1014.5242857142857
2025-10-22 15:00:00,1014.6014285714288
2025-10-22 15:10:00,1014.795
2025-10-22 15:20:00,1014.8471428571428
2025-10-22 15:30:00,1014.8171428571428
2025-10-22 15:40:00,1014.8950000000001
2025-10-22 15:50:00,1015.0242857142857
2025-10-22 16:00:00,1015.1114285714286
2025-10-22 16:10:00,1015.3233333333334
2025-10-22 16:20:00,1015.5957142857143
2025-10-22 16:30:00,1015.8128571428572
2025-10-22 16:40:00,1015.975
2025-10-22 16:50:00,1016.1242857142857
2025-10-22 17:00:00,1016.2314285714286
2025-10-22 17:10:00,1016.36
2025-10-22 17:20:00,1016.5171428571427
2025-10-22 17:30:00,1016.657142857143
2025-10-22 17:40:00,1016.805
2025-10-22 17:50:00,1016.9985714285714
2025-10-22 18:00:00,1017.187142857143
2025-10-22 18:10:00,1017.2566666666667
2025-10-22 18:20:00,1017.3099999999998
2025-10-22 18:30:00,1017.3928571428571
2025-10-22 18:40:00,1017.4483333333334
2025-10-22 18:50:00,1017.5457142857143
2025-10-22 19:00:00,1017.6899999999999
2025-10-22 19:10:00,1017.8366666666667
2025-10-22 19:20:00,1018.0142857142855
2025-10-22 19:30:00,1018.1214285714286
2025-10-22 19:40:00,1018.1766666666668
2025-10-22 19:50:00,1018.1985714285713
2025-10-22 20:00:00,1018.2699999999999
2025-10-22 20:10:00,1018.3416666666666
2025-10-22 20:20:00,1018.3757142857145
2025-10-22 20:30:00,1018.3714285714285
2025-10-22 20:40:00,1018.3716666666668
2025-10-22 20:50:00,1018.3714285714286
2025-10-22 21:00:00,1018.2357142857143
2025-10-22 21:10:00,1018.2216666666667
2025-10-22 21:20:00,1018.2357142857143
2025-10-22 21:30:00,1018.2314285714285
2025-10-22 21:40:00,1018.2999999999998
2025-10-22 21:50:00,1018.2885714285712
2025-10-22 22:00:00,1018.2657142857144
2025-10-22 22:10:00,1018.225
2025-10-22 22:20:00,1018.1000000000001
2025-10-22 22:30:00,1017.9685714285715
2025-10-22 22:40:00,1017.895
2025-10-22 22:50:00,1017.802857142857
2025-10-22 23:00:00,1017.6671428571428
2025-10-22 23:10:00,1017.485
2025-10-22 23:20:00,1017.3671428571428
2025-10-22 23:30:00,1017.2057142857144
2025-10-22 23:40:00,1017.1350000000001
2025-10-22 23:50:00,1017.0600000000001
2025-10-23 00:00:00,1016.8800000000001
2025-10-23 00:10:00,1016.7583333333333
2025-10-23 00:20:00,1016.6314285714286
2025-10-23 00:30:00,1016.4971428571428
2025-10-23 00:40:00,1016.4233333333333
2025-10-23 00:50:00,1016.3528571428571
2025-10-23 01:00:00,1016.2842857142856
2025-10-23 01:10:00,1016.2633333333333
2025-10-23 01:20:00,1016.2257142857143
2025-10-23 01:30:00,1016.222857142857
2025-10-23 01:40:00,1016.2566666666667
2025-10-23 01:50:00,1016.2414285714285
2025-10-23 02:00:00,1016.2114285714285
2025-10-23 02:10:00,1016.1
2025-10-23 02:20:00,1016.0585714285714
2025-10-23 02:30:00,1016.0814285714285
2025-10-23 02:40:00,1016.065
2025-10-23 02:50:00,1016.0600000000001
2025-10-23 03:00:00,1016.1028571428571
2025-10-23 03:10:00,1016.1766666666667
2025-10-23 03:20:00,1016.1957142857144
2025-10-23 03:30:00,1016.1285714285714
2025-10-23 03:40:00,1016.0666666666666
2025-10-23 03:50:00,1016.0785714285712
2025-10-23 04:00:00,1016.1642857142858
2025-10-23 04:10:00,1016.2116666666667
2025-10-23 04:20:00,1016.2814285714286
2025-10-23 04:30:00,1016.4157142857142
2025-10-23 04:40:00,1016.5183333333333
2025-10-23 04:50:00,1016.5342857142857
2025-10-23 05:00:00,1016.6142857142858
2025-10-23 05:10:00,1016.7533333333334
2025-10-23 05:20:00,1016.8957142857143
2025-10-23 05:30:00,1017.0714285714286
2025-10-23 05:40:00,1017.1983333333334
2025-10-23 05:50:00,1017.2485714285714
2025-10-23 06:00:00,1017.2814285714285
2025-10-23 06:10:00,1017.33
2025-10-23 06:20:00,1017.4399999999999
2025-10-23 06:30:00,1017.527142857143
2025-10-23 06:40:00,1017.6450000000001
2025-10-23 06:50:00,1017.7171428571429
2025-10-23 07:00:00,1017.7442857142858
2025-10-23 07:10:00,1017.8083333333333
2025-10-23 07:20:00,1017.8671428571428
2025-10-23 07:30:00,1017.9971428571429
2025-10-23 07:40:00,1018.0866666666667
2025-10-23 07:50:00,1018.1114285714284
2025-10-23 08:00:00,1018.1899999999999
2025-10-23 08:10:00,1018.3583333333332
2025-10-23 08:20:00,1018.54
2025-10-23 08:30:00,1018.6114285714285
2025-10-23 08:40:00,1018.56
2025-10-23 08:50:00,1018.5871428571427
2025-10-23 09:00:00,1018.6257142857143
2025-10-23 09:10:00,1018.6783333333334
2025-10-23 09:20:00,1018.6257142857143
2025-10-23 09:30:00,1018.592857142857
2025-10-23 09:40:00,1018.5666666666666
2025-10-23 09:50:00,1018.5028571428572
2025-10-23 10:00:00,1018.4257142857142
2025-10-23 10:10:00,1018.3249999999999
2025-10-23 10:20:00,1018.1657142857142
2025-10-23 10:30:00,1018.0157142857144
2025-10-23 10:40:00,1017.8866666666667
2025-10-23 10:50:00,1017.76
2025-10-23 11:00:00,1017.6157142857144
2025-10-23 11:10:00,1017.465
2025-10-23 11:20:00,1017.2942857142858
2025-10-23 11:30:00,1017.0728571428572
2025-10-23 11:40:00,1016.8233333333334
2025-10-23 11:50:00,1016.6528571428571
2025-10-23 12:00:00,1016.4385714285714
2025-10-23 12:10:00,1016.2716666666666
2025-10-23 12:20:00,1016.1485714285715
2025-10-23 12:30:00,1016.0214285714285
2025-10-23 12:40:00,1015.9050000000001
2025-10-23 12:50:00,1015.7385714285714
2025-10-23 13:00:00,1015.6228571428572
2025-10-23 13:10:00,1015.4499999999999
2025-10-23 13:20:00,1015.3142857142856
2025-10-23 13:30:00,1015.2985714285714
2025-10-23 13:40:00,1015.1383333333333
2025-10-23 13:50:00,1015.1142857142856
2025-10-23 14:00:00,1015.3128571428572
2025-10-23 14:10:00,1015.3816666666667
2025-10-23 14:20:00,1015.2871428571428
2025-10-23 14:30:00,1015.2899999999998
2025-10-23 14:40:00,1015.19
2025-10-23 14:50:00,1015.1728571428572
2025-10-23 15:00:00,1015.1442857142857
2025-10-23 15:10:00,1015.1816666666667
2025-10-23 15:20:00,1015.1585714285715
2025-10-23 15:30:00,1015.1685714285715
2025-10-23 15:40:00,1015.21
2025-10-23 15:50:00,1015.3171428571429
2025-10-23 16:00:00,1015.3900000000002
2025-10-23 16:10:00,1015.54
2025-10-23 16:20:00,1015.7485714285714
2025-10-23 16:30:00,1015.8742857142859
2025-10-23 16:40:00,1015.955
2025-10-23 16:50:00,1016.0771428571427
2025-10-23 17:00:00,1016.1000000000001
2025-10-23 17:10:00,1016.1766666666666
2025-10-23 17:20:00,1016.3171428571428
2025-10-23 17:30:00,1016.4200000000001
2025-10-23 17:40:00,1016.4350000000001
2025-10-23 17:50:00,1016.4228571428573
2025-10-23 18:00:00,1016.4728571428572
2025-10-23 18:10:00,1016.5583333333334
2025-10-23 18:20:00,1016.7799999999999
2025-10-23 18:30:00,1017.0385714285713
2025-10-23 18:40:00,1017.21
2025-10-23 18:50:00,1017.3785714285714
2025-10-23 19:00:00,1017.4857142857143
2025-10-23 19:10:00,1017.5933333333332
2025-10-23 19:20:00,1017.6442857142857
2025-10-23 19:30:00,1017.6628571428572
2025-10-23 19:40:00,1017.71
2025-10-23 19:50:00,1017.7742857142857
2025-10-23 20:00:00,1017.8928571428572
2025-10-23 20:10:00,1018.04
2025-10-23 20:20:00,1018.1142857142858
2025-10-23 20:30:00,1018.1614285714287
2025-10-23 20:40:00,1018.2116666666667
2025-10-23 20:50:00,1018.2742857142857
2025-10-23 21:00:00,1018.2314285714284
2025-10-23 21:10:00,1018.2683333333333
2025-10-23 21:20:00,1018.2442857142858
2025-10-23 21:30:00,1018.09
2025-10-23 21:40:00,1018.0657142857143
2025-10-23 21:50:00,1018.0542857142857
2025-10-23 22:00:00,1018.0450000000001
2025-10-23 22:10:00,1018.0071428571428
2025-10-23 22:20:00,1017.9014285714286
2025-10-23 22:30:00,1017.7433333333333
2025-10-23 22:40:00,1017.7642857142857
2025-10-23 22:50:00,1017.7385714285714
2025-10-23 23:00:00,1017.6383333333333
2025-10-23 23:10:00,1017.5242857142856
2025-10-23 23:20:00,1017.3514285714285
2025-10-23 23:30:00,1017.2283333333334
2025-10-23 23:40:00,1017.1657142857144
2025-10-23 23:50:00,1017.0000000000001
2025-10-24 00:00:00,1016.7550000000001
2025-10-24 00:10:00,1016.647142857143
2025-10-24 00:20:00,1016.5242857142856
2025-10-24 00:30:00,1016.4183333333334
2025-10-24 00:40:00,1016.387142857143
2025-10-24 00:50:00,1016.3542857142857
2025-10-24 01:00:00,1016.2800000000001
2025-10-24 01:10:00,1016.2414285714284
2025-10-24 01:20:00,1016.2085714285713
2025-10-24 01:30:00,1016.1933333333335
2025-10-24 01:40:00,1016.12
2025-10-24 01:50:00,1016.0514285714286
2025-10-24 02:00:00,1016.0333333333332
2025-10-24 02:10:00,1016.0328571428571
2025-10-24 02:20:00,1016.0357142857143
2025-10-24 02:30:00,1016.0450000000001
2025-10-24 02:40:00,1016.0300000000001
2025-10-24 02:50:00,1016.0028571428572
2025-10-24 03:00:00,1016.0283333333333
2025-10-24 03:10:00,1016.0428571428571
2025-10-24 03:20:00,1016.0628571428571
2025-10-24 03:30:00,1016.0716666666666
2025-10-24 03:40:00,1016.0457142857142
2025-10-24 03:50:00,1016.12
2025-10-24 04:00:00,1016.1900000000002
2025-10-24 04:10:00,1016.1728571428573
2025-10-24 04:20:00,1016.1885714285715
2025-10-24 04:30:00,1016.1750000000001
2025-10-24 04:40:00,1016.2857142857143
2025-10-24 04:50:00,1016.4257142857143
2025-10-24 05:00:00,1016.5666666666665
2025-10-24 05:10:00,1016.6528571428573
2025-10-24 05:20:00,1016.7142857142859
2025-10-24 05:30:00,1016.6866666666666
2025-10-24 05:40:00,1016.6700000000001
2025-10-24 05:50:00,1016.7485714285714
2025-10-24 06:00:00,1016.8283333333333
2025-10-24 06:10:00,1016.9442857142858
2025-10-24 06:20:00,1017.0914285714287
2025-10-24 06:30:00,1017.2033333333333
2025-10-24 06:40:00,1017.2614285714286
2025-10-24 06:50:00,1017.3257142857143
2025-10-24 07:00:00,1017.4583333333334
2025-10-24 07:10:00,1017.4714285714288
2025-10-24 07:20:00,1017.5014285714287
2025-10-24 07:30:00,1017.5466666666667
2025-10-24 07:40:00,1017.592857142857
2025-10-24 07:50:00,1017.5471428571428
2025-10-24 08:00:00,1017.6333333333333
2025-10-24 08:10:00,1017.7914285714285
2025-10-24 08:20:00,1017.7628571428571
2025-10-24 08:30:00,1017.7983333333333
2025-10-24 08:40:00,1017.8928571428571
2025-10-24 08:50:00,1017.8585714285713
2025-10-24 09:00:00,1017.7533333333332
2025-10-24 09:10:00,1017.6342857142857
2025-10-24 09:20:00,1017.5642857142856
2025-10-24 09:30:00,1017.5583333333333
2025-10-24 09:40:00,1017.5485714285714
2025-10-24 09:50:00,1017.617142857143
2025-10-24 10:00:00,1017.6433333333334
2025-10-24 10:10:00,1017.61
2025-10-24 10:20:00,1017.5471428571427
2025-10-24 10:30:00,1017.4716666666668
2025-10-24 10:40:00,1017.3599999999999
2025-10-24 10:50:00,1017.1914285714287
2025-10-24 11:00:00,1017.0533333333333
2025-10-24 11:10:00,1016.9142857142858
2025-10-24 11:20:00,1016.7542857142856
2025-10-24 11:30:00,1016.5883333333333
2025-10-24 11:40:00,1016.4014285714286
2025-10-24 11:50:00,1016.2057142857144
2025-10-24 12:00:00,1016.11
2025-10-24 12:10:00,1015.9257142857143
2025-10-24 12:20:00,1015.74
2025-10-24 12:30:00,1015.7016666666665
2025-10-24 12:40:00,1015.632857142857
2025-10-24 12:50:00,1015.492857142857
2025-10-24 13:00:00,1015.3683333333333
2025-10-24 13:10:00,1015.267142857143
2025-10-24 13:20:00,1015.1457142857143
2025-10-24 13:30:00,1015.0450000000001
2025-10-24 13:40:00,1015.0314285714286
2025-10-24 13:50:00,1015.0328571428571
2025-10-24 14:00:00,1014.9700000000001
2025-10-24 14:10:00,1014.9771428571428
2025-10-24 14:20:00,1014.9785714285715
2025-10-24 14:30:00,1015.04
2025-10-24 14:40:00,1015.0757142857143
2025-10-24 14:50:00,1015.1099999999999
2025-10-24 15:00:00,1015.1233333333333
2025-10-24 15:10:00,1015.1257142857143
2025-10-24 15:20:00,1015.0814285714285
2025-10-24 15:30:00,1015.1116666666667
2025-10-24 15:40:00,1015.1814285714287
2025-10-24 15:50:00,1015.1485714285716
2025-10-24 16:00:00,1015.0599999999998
2025-10-24 16:10:00,1015.1785714285714
2025-10-24 16:20:00,1015.3128571428571
2025-10-24 16:30:00,1015.475
2025-10-24 16:40:00,1015.582857142857
2025-10-24 16:50:00,1015.7028571428572
2025-10-24 17:00:00,1015.8033333333333
2025-10-24 17:10:00,1015.8628571428571
2025-10-24 17:20:00,1015.9428571428572
2025-10-24 17:30:00,1016.0300000000001
2025-10-24 17:40:00,1016.1528571428571
2025-10-24 17:50:00,1016.29
2025-10-24 18:00:00,1016.4133333333334
2025-10-24 18:10:00,1016.5371428571428
2025-10-24 18:20:00,1016.6571428571431
2025-10-24 18:30:00,1016.8033333333333
2025-10-24 18:40:00,1016.9185714285713
2025-10-24 18:50:00,1017.0728571428572
2025-10-24 19:00:00,1017.1083333333332
2025-10-24 19:10:00,1017.2014285714286
2025-10-24 19:20:00,1017.3128571428571
2025-10-24 19:30:00,1017.2966666666666
2025-10-24 19:40:00,1017.2399999999999
2025-10-24 19:50:00,1017.1757142857144
2025-10-24 20:00:00,1017.2216666666667
2025-10-24 20:10:00,1017.2885714285713
2025-10-24 20:20:00,1017.3714285714285
2025-10-24 20:30:00,1017.4533333333335
2025-10-24 20:40:00,1017.4914285714286
2025-10-24 20:50:00,1017.5971428571429
2025-10-24 21:00:00,1017.6899999999999
2025-10-24 21:10:00,1017.75
2025-10-24 21:20:00,1017.6757142857143
2025-10-24 21:30:00,1017.62
2025-10-24 21:40:00,1017.6542857142857
2025-10-24 21:50:00,1017.7785714285716
2025-10-24 22:00:00,1017.8133333333332
2025-10-24 22:10:00,1017.8285714285713
2025-10-24 22:20:00,1017.7799999999999
2025-10-24 22:30:00,1017.5933333333334
2025-10-24 22:40:00,1017.4328571428572
2025-10-24 22:50:00,1017.2928571428572
2025-10-24 23:00:00,1017.1433333333334
2025-10-24 23:10:00,1017.1057142857143
2025-10-24 23:20:00,1017.0714285714286
2025-10-24 23:30:00,1016.9
2025-10-24 23:40:00,1016.8071428571428
2025-10-24 23:50:00,1016.6785714285714
2025-10-25 00:00:00,1016.5999999999999
2025-10-25 00:10:00,1016.5228571428572
2025-10-25 00:20:00,1016.49
2025-10-25 00:30:00,1016.485
2025-10-25 00:40:00,1016.49
2025-10-25 00:50:00,1016.4528571428572
2025-10-25 01:00:00,1016.3883333333333
2025-10-25 01:10:00,1016.26
2025-10-25 01:20:00,1016.1500000000002
2025-10-25 01:30:00,1016.1116666666667
2025-10-25 01:40:00,1016.0214285714285
2025-10-25 01:50:00,1015.9
2025-10-25 02:00:00,1015.8083333333333
2025-10-25 02:10:00,1015.6971428571427
2025-10-25 02:20:00,1015.6428571428575
2025-10-25 02:30:00,1015.6550000000001
2025-10-25 02:40:00,1015.7128571428572
2025-10-25 02:50:00,1015.7385714285713
2025-10-25 03:00:00,1015.6783333333334
2025-10-25 03:10:00,1015.6557142857143
2025-10-25 03:20:00,1015.5885714285714
2025-10-25 03:30:00,1015.5116666666668
2025-10-25 03:40:00,1015.4685714285715
2025-10-25 03:50:00,1015.352857142857
2025-10-25 04:00:00,1015.235
2025-10-25 04:10:00,1015.0285714285714
2025-10-25 04:20:00,1014.7800000000001
2025-10-25 04:30:00,1014.7433333333332
2025-10-25 04:40:00,1014.7857142857143
2025-10-25 04:50:00,1014.9057142857143
2025-10-25 05:00:00,1015.0383333333333
2025-10-25 05:10:00,1015.1742857142859
2025-10-25 05:20:00,1015.3257142857144
2025-10-25 05:30:00,1015.5016666666667
2025-10-25 05:40:00,1015.6328571428572
2025-10-25 05:50:00,1015.7514285714286
2025-10-25 06:00:00,1015.895
2025-10-25 06:10:00,1016.0771428571427
2025-10-25 06:20:00,1016.2457142857144
2025-10-25 06:30:00,1016.3783333333334
2025-10-25 06:40:00,1016.5014285714286
2025-10-25 06:50:00,1016.6357142857144
2025-10-25 07:00:00,1016.8466666666667
2025-10-25 07:10:00,1016.9771428571429
2025-10-25 07:20:00,1017.0799999999999
2025-10-25 07:30:00,1017.1983333333334
2025-10-25 07:40:00,1017.2314285714284
2025-10-25 07:50:00,1017.1728571428572
2025-10-25 08:00:00,1017.2016666666668
2025-10-25 08:10:00,1017.332857142857
2025-10-25 08:20:00,1017.4085714285715
2025-10-25 08:30:00,1017.475
2025-10-25 08:40:00,1017.5599999999998
2025-10-25 08:50:00,1017.7071428571429
2025-10-25 09:00:00,1017.82
2025-10-25 09:10:00,1017.8800000000001
2025-10-25 09:20:00,1017.8714285714286
2025-10-25 09:30:00,1017.8649999999999
2025-10-25 09:40:00,1017.8042857142857
2025-10-25 09:50:00,1017.6
2025-10-25 10:00:00,1017.495
2025-10-25 10:10:00,1017.4071428571427
2025-10-25 10:20:00,1017.2685714285715
2025-10-25 10:30:00,1017.1666666666669
2025-10-25 10:40:00,1017.0585714285714
2025-10-25 10:50:00,1016.8771428571428
2025-10-25 11:00:00,1016.6383333333333
2025-10-25 11:10:00,1016.4342857142857
2025-10-25 11:20:00,1016.2885714285713
2025-10-25 11:30:00,1016.1100000000001
2025-10-25 11:40:00,1015.9214285714285
2025-10-25 11:50:00,1015.7557142857144
2025-10-25 12:00:00,1015.5233333333334
2025-10-25 12:10:00,1015.3571428571429
2025-10-25 12:20:00,1015.2571428571429
2025-10-25 12:30:00,1015.2066666666666
2025-10-25 12:40:00,1015.1800000000001
2025-10-25 12:50:00,1015.0857142857143
2025-10-25 13:00:00,1015.0099999999999
2025-10-25 13:10:00,1015.0142857142856
2025-10-25 13:20:00,1015.0057142857142
2025-10-25 13:30:00,1014.8950000000001
2025-10-25 13:40:00,1014.8128571428571
2025-10-25 13:50:00,1014.6414285714287
2025-10-25 14:00:00,1014.4233333333333
2025-10-25 14:10:00,1014.2842857142857
2025-10-25 14:20:00,1014.1857142857144
2025-10-25 14:30:00,1014.1
2025-10-25 14:40:00,1013.9671428571429
2025-10-25 14:50:00,1013.947142857143
2025-10-25 15:00:00,1013.9616666666667
2025-10-25 15:10:00,1013.9628571428573
2025-10-25 15:20:00,1013.9814285714285
2025-10-25 15:30:00,1014.0266666666666
2025-10-25 15:40:00,1014.1642857142858
2025-10-25 15:50:00,1014.2914285714286
2025-10-25 16:00:00,1014.3983333333332
2025-10-25 16:10:00,1014.3728571428572
2025-10-25 16:20:00,1014.49
2025-10-25 16:30:00,1014.645
2025-10-25 16:40:00,1014.8157142857143
2025-10-25 16:50:00,1015.0200000000001
2025-10-25 17:00:00,1015.235
2025-10-25 17:10:00,1015.3957142857142
2025-10-25 17:20:00,1015.4228571428572
2025-10-25 17:30:00,1015.4483333333334
2025-10-25 17:40:00,1015.4614285714285
2025-10-25 17:50:00,1015.6042857142858
2025-10-25 18:00:00,1015.7366666666667
2025-10-25 18:10:00,1015.8
2025-10-25 18:20:00,1015.9314285714285
2025-10-25 18:30:00,1016.11
2025-10-25 18:40:00,1016.2014285714286
2025-10-25 18:50:00,1016.3585714285715
2025-10-25 19:00:00,1016.5383333333333
2025-10-25 19:10:00,1016.7342857142856
2025-10-25 19:20:00,1016.9614285714287
2025-10-25 19:30:00,1017.1083333333332
2025-10-25 19:40:00,1017.2199999999999
2025-10-25 19:50:00,1017.2428571428572
2025-10-25 20:00:00,1017.27
2025-10-25 20:10:00,1017.2385714285714
2025-10-25 20:20:00,1017.3042857142856
2025-10-25 20:30:00,1017.2583333333333
2025-10-25 20:40:00,1017.1542857142858
2025-10-25 20:50:00,1017.0885714285713
2025-10-25 21:00:00,1017.1049999999999
2025-10-25 21:10:00,1017.0814285714285
2025-10-25 21:20:00,1017.0385714285713
2025-10-25 21:30:00,1017.0516666666667
2025-10-25 21:40:00,1017.0214285714285
2025-10-25 21:50:00,1017.0942857142857
2025-10-25 22:00:00,1017.0483333333332
2025-10-25 22:10:00,1017.0100000000001
2025-10-25 22:20:00,1016.9914285714285
2025-10-25 22:30:00,1017.0083333333333
2025-10-25 22:40:00,1016.9957142857141
2025-10-25 22:50:00,1017.0342857142857
2025-10-25 23:00:00,1017.0783333333333
2025-10-25 23:10:00,1017.0114285714286
2025-10-25 23:20:00,1016.9614285714287
2025-10-25 23:30:00,1016.9333333333334
2025-10-25 23:40:00,1016.8285714285714
2025-10-25 23:50:00,1016.6257142857143
2025-10-26 00:00:00,1016.4183333333334
2025-10-26 00:10:00,1016.1357142857144
2025-10-26 00:20:00,1015.9328571428572
2025-10-26 00:30:00,1015.7983333333333
2025-10-26 00:40:00,1015.6242857142855
2025-10-26 00:50:00,1015.4785714285715
2025-10-26 01:00:00,1015.3333333333334
2025-10-26 01:10:00,1015.3500000000001
2025-10-26 01:20:00,1015.3614285714286
2025-10-26 01:30:00,1015.35
2025-10-26 01:40:00,1015.33
2025-10-26 01:50:00,1015.2285714285715
2025-10-26 02:00:00,1015.0949999999999
2025-10-26 02:10:00,1014.9514285714286
2025-10-26 02:20:00,1014.917142857143
2025-10-26 02:30:00,1014.9266666666668
2025-10-26 02:40:00,1014.9157142857142
2025-10-26 02:50:00,1014.7628571428571
2025-10-26 03:00:00,1014.7150000000001
2025-10-26 03:10:00,1014.7142857142857
2025-10-26 03:20:00,1014.5500000000001
2025-10-26 03:30:00,1014.5616666666666
2025-10-26 03:40:00,1014.6485714285716
2025-10-26 03:50:00,1014.6985714285713
2025-10-26 04:00:00,1014.7600000000002
2025-10-26 04:10:00,1014.85
2025-10-26 04:20:00,1015.0699999999999
2025-10-26 04:30:00,1015.245
2025-10-26 04:40:00,1015.4428571428572
2025-10-26 04:50:00,1015.5171428571429
2025-10-26 05:00:00,1015.5916666666666
2025-10-26 05:10:00,1015.5928571428569
2025-10-26 05:20:00,1015.5914285714285
2025-10-26 05:30:00,1015.6300000000001
2025-10-26 05:40:00,1015.6114285714285
2025-10-26 05:50:00,1015.6657142857146
2025-10-26 06:00:00,1015.7516666666666
2025-10-26 06:10:00,1015.9357142857143
2025-10-26 06:20:00,1016.1671428571428
2025-10-26 06:30:00,1016.3666666666668
2025-10-26 06:40:00,1016.4757142857143
2025-10-26 06:50:00,1016.5699999999998
2025-10-26 07:00:00,1016.6683333333335
2025-10-26 07:10:00,1016.7185714285715
2025-10-26 07:20:00,1016.8171428571428
2025-10-26 07:30:00,1016.8299999999999
2025-10-26 07:40:00,1016.7914285714285
2025-10-26 07:50:00,1016.7828571428571
2025-10-26 08:00:00,1016.6933333333333
2025-10-26 08:10:00,1016.6114285714286
2025-10-26 08:20:00,1016.5257142857142
2025-10-26 08:30:00,1016.5033333333334
2025-10-26 08:40:00,1016.535714285714
2025-10-26 08:50:00,1016.5299999999999
2025-10-26 09:00:00,1016.4366666666668
2025-10-26 09:10:00,1016.3757142857143
2025-10-26 09:20:00,1016.3271428571428
2025-10-26 09:30:00,1016.2683333333333
2025-10-26 09:40:00,1016.2085714285715
2025-10-26 09:50:00,1016.342857142857
2025-10-26 10:00:00,1016.4483333333334
2025-10-26 10:10:00,1016.4571428571428
2025-10-26 10:20:00,1016.4785714285715
2025-10-26 10:30:00,1016.4816666666667
2025-10-26 10:40:00,1016.4228571428572
2025-10-26 10:50:00,1016.2857142857141
2025-10-26 11:00:00,1016.1550000000001
2025-10-26 11:10:00,1016.04
2025-10-26 11:20:00,1015.8642857142856
2025-10-26 11:30:00,1015.7450000000002
2025-10-26 11:40:00,1015.5928571428573
2025-10-26 11:50:00,1015.3999999999999
2025-10-26 12:00:00,1015.23
2025-10-26 12:10:00,1015.0414285714286
2025-10-26 12:20:00,1014.8128571428572
2025-10-26 12:30:00,1014.6533333333333
2025-10-26 12:40:00,1014.5571428571428
2025-10-26 12:50:00,1014.4485714285713
2025-10-26 13:00:00,1014.3566666666667
2025-10-26 13:10:00,1014.2628571428571
2025-10-26 13:20:00,1014.1814285714287
2025-10-26 13:30:00,1014.0433333333334
2025-10-26 13:40:00,1013.8685714285714
2025-10-26 13:50:00,1013.7300000000001
2025-10-26 14:00:00,1013.5883333333333
2025-10-26 14:10:00,1013.5914285714285
2025-10-26 14:20:00,1013.5028571428572
2025-10-26 14:30:00,1013.4416666666667
2025-10-26 14:40:00,1013.5185714285714
2025-10-26 14:50:00,1013.6828571428571
2025-10-26 15:00:00,1013.7616666666667
2025-10-26 15:10:00,1013.7628571428571
2025-10-26 15:20:00,1013.8228571428572
2025-10-26 15:30:00,1013.8816666666668
2025-10-26 15:40:00,1013.9442857142858
2025-10-26 15:50:00,1014.0885714285713
2025-10-26 16:00:00,1014.1283333333334
2025-10-26 16:10:00,1014.2828571428571
2025-10-26 16:20:00,1014.4800000000001
2025-10-26 16:30:00,1014.5899999999998
2025-10-26 16:40:00,1014.6571428571431
2025-10-26 16:50:00,1014.7528571428572
2025-10-26 17:00:00,1014.8133333333334
2025-10-26 17:10:00,1014.7871428571428
2025-10-26 17:20:00,1014.8171428571429
2025-10-26 17:30:00,1014.9633333333333
2025-10-26 17:40:00,1015.1400000000001
2025-10-26 17:50:00,1015.2414285714284
2025-10-26 18:00:00,1015.255
2025-10-26 18:10:00,1015.3657142857144
2025-10-26 18:20:00,1015.5885714285714
2025-10-26 18:30:00,1015.7033333333334
2025-10-26 18:40:00,1015.7328571428571
2025-10-26 18:50:00,1015.7771428571428
2025-10-26 19:00:00,1015.8699999999999
2025-10-26 19:10:00,1015.9985714285714
2025-10-26 19:20:00,1016.1700000000001
2025-10-26 19:30:00,1016.2950000000001
2025-10-26 19:40:00,1016.4628571428573
2025-10-26 19:50:00,1016.61
2025-10-26 20:00:00,1016.7133333333335
2025-10-26 20:10:00,1016.8342857142858
2025-10-26 20:20:00,1016.9528571428572
2025-10-26 20:30:00,1017.0316666666666
2025-10-26 20:40:00,1017.0771428571427
2025-10-26 20:50:00,1017.1528571428571
2025-10-26 21:00:00,1017.2166666666666
2025-10-26 21:10:00,1017.2371428571427
2025-10-26 21:20:00,1017.2428571428571
2025-10-26 21:30:00,1017.2633333333333
2025-10-26 21:40:00,1017.2857142857141
2025-10-26 21:50:00,1017.2399999999999
2025-10-26 22:00:00,1017.1883333333335
2025-10-26 22:10:00,1017.1942857142858
2025-10-26 22:20:00,1017.1585714285715
2025-10-26 22:30:00,1017.1650000000001
2025-10-26 22:40:00,1017.1285714285714
2025-10-26 22:50:00,1017.0771428571428
2025-10-26 23:00:00,1016.9583333333334
2025-10-26 23:10:00,1016.7642857142857
2025-10-26 23:20:00,1016.6171428571428
2025-10-26 23:30:00,1016.4516666666665
2025-10-26 23:40:00,1016.2257142857143
2025-10-26 23:50:00,1016.0600000000001
2025-10-27 00:00:00,1015.9316666666667
2025-10-27 00:10:00,1015.937142857143
2025-10-27 00:20:00,1015.9128571428572
2025-10-27 00:30:00,1015.8516666666666
2025-10-27 00:40:00,1015.7085714285714
2025-10-27 00:50:00,1015.5428571428572
2025-10-27 01:00:00,1015.3933333333333
2025-10-27 01:10:00,1015.2785714285714
2025-10-27 01:20:00,1015.0714285714286
2025-10-27 01:30:00,1014.8850000000001
2025-10-27 01:40:00,1014.7185714285715
2025-10-27 01:50:00,1014.6442857142857
2025-10-27 02:00:00,1014.5166666666668
2025-10-27 02:10:00,1014.4042857142857
2025-10-27 02:20:00,1014.2971428571427
2025-10-27 02:30:00,1014.2816666666668
2025-10-27 02:40:00,1014.257142857143
2025-10-27 02:50:00,1014.2714285714285
2025-10-27 03:00:00,1014.2800000000001
2025-10-27 03:10:00,1014.4057142857146
2025-10-27 03:20:00,1014.5085714285714
2025-10-27 03:30:00,1014.5699999999998
2025-10-27 03:40:00,1014.6928571428572
2025-10-27 03:50:00,1014.7999999999998
2025-10-27 04:00:00,1014.8299999999999
2025-10-27 04:10:00,1014.8057142857142
2025-10-27 04:20:00,1014.7957142857142
2025-10-27 04:30:00,1014.7783333333332
2025-10-27 04:40:00,1014.8399999999999
2025-10-27 04:50:00,1014.877142857143
2025-10-27 05:00:00,1014.8683333333335
2025-10-27 05:10:00,1014.8014285714286
2025-10-27 05:20:00,1014.7785714285714
2025-10-27 05:30:00,1014.875
2025-10-27 05:40:00,1015.0771428571427
2025-10-27 05:50:00,1015.2628571428571
2025-10-27 06:00:00,1015.3716666666666
2025-10-27 06:10:00,1015.5142857142856
2025-10-27 06:20:00,1015.7414285714285
2025-10-27 06:30:00,1015.855
2025-10-27 06:40:00,1015.9928571428571
2025-10-27 06:50:00,1016.0328571428571
2025-10-27 07:00:00,1016.0766666666667
2025-10-27 07:10:00,1016.1885714285717
2025-10-27 07:20:00,1016.3042857142856
2025-10-27 07:30:00,1016.3800000000001
2025-10-27 07:40:00,1016.362857142857
2025-10-27 07:50:00,1016.3299999999998
2025-10-27 08:00:00,1016.3199999999998
2025-10-27 08:10:00,1016.322857142857
2025-10-27 08:20:00,1016.2671428571429
2025-10-27 08:30:00,1016.205
2025-10-27 08:40:00,1016.2100000000002
2025-10-27 08:50:00,1016.1814285714287
2025-10-27 09:00:00,1016.25
2025-10-27 09:10:00,1016.3128571428572
2025-10-27 09:20:00,1016.3485714285714
2025-10-27 09:30:00,1016.3833333333333
2025-10-27 09:40:00,1016.4142857142858
2025-10-27 09:50:00,1016.3100000000001
2025-10-27 10:00:00,1016.2666666666668
2025-10-27 10:10:00,1016.1328571428572
2025-10-27 10:20:00,1015.9771428571429
2025-10-27 10:30:00,1015.8983333333332
2025-10-27 10:40:00,1015.7699999999999
2025-10-27 10:50:00,1015.6057142857143
2025-10-27 11:00:00,1015.4200000000001
2025-10-27 11:10:00,1015.2171428571429
2025-10-27 11:20:00,1015
2025-10-27 11:30:00,1014.8366666666667
2025-10-27 11:40:00,1014.7242857142857
2025-10-27 11:50:00,1014.6099999999999
2025-10-27 12:00:00,1014.5216666666666
2025-10-27 12:10:00,1014.4357142857144
2025-10-27 12:20:00,1014.3671428571428
2025-10-27 12:30:00,1014.2583333333332
2025-10-27 12:40:00,1014.1771428571428
2025-10-27 12:50:00,1014.1371428571427
2025-10-27 13:00:00,1014.0016666666667
2025-10-27 13:10:00,1013.9028571428572
2025-10-27 13:20:00,1013.8014285714287
2025-10-27 13:30:00,1013.6483333333332
2025-10-27 13:40:00,1013.5371428571426
2025-10-27 13:50:00,1013.3700000000001
2025-10-27 14:00:00,1013.1966666666667
2025-10-27 14:10:00,1013.157142857143
2025-10-27 14:20:00,1013.1157142857143
2025-10-27 14:30:00,1013.0816666666666
2025-10-27 14:40:00,1013.052857142857
2025-10-27 14:50:00,1012.9957142857144
2025-10-27 15:00:00,1013.1433333333334
2025-10-27 15:10:00,1013.2042857142858
2025-10-27 15:20:00,1013.2214285714288
2025-10-27 15:30:00,1013.265
2025-10-27 15:40:00,1013.3128571428571
2025-10-27 15:50:00,1013.4571428571428
2025-10-27 16:00:00,1013.5833333333331
2025-10-27 16:10:00,1013.6385714285715
2025-10-27 16:20:00,1013.8185714285715
2025-10-27 16:30:00,1013.9900000000001
2025-10-27 16:40:00,1013.9657142857143
2025-10-27 16:50:00,1013.9514285714286
2025-10-27 17:00:00,1014.015
2025-10-27 17:10:00,1014.1457142857142
2025-10-27 17:20:00,1014.4385714285714
2025-10-27 17:30:00,1014.5199999999999
2025-10-27 17:40:00,1014.5357142857143
2025-10-27 17:50:00,1014.5357142857143
2025-10-27 18:00:00,1014.7183333333332
2025-10-27 18:10:00,1014.8185714285713
2025-10-27 18:20:00,1014.86
2025-10-27 18:30:00,1014.9116666666665
2025-10-27 18:40:00,1014.9800000000001
2025-10-27 18:50:00,1015.1885714285714
2025-10-27 19:00:00,1015.3833333333332
2025-10-27 19:10:00,1015.5185714285714
2025-10-27 19:20:00,1015.5657142857142
2025-10-27 19:30:00,1015.7366666666667
2025-10-27 19:40:00,1016.0385714285713
2025-10-27 19:50:00,1016.2342857142856
2025-10-27 20:00:00,1016.4216666666667
2025-10-27 20:10:00,1016.4700000000001
2025-10-27 20:20:00,1016.5100000000001
2025-10-27 20:30:00,1016.4733333333334
2025-10-27 20:40:00,1016.6199999999999
2025-10-27 20:50:00,1016.7742857142857
2025-10-27 21:00:00,1016.7933333333334
2025-10-27 21:10:00,1016.7600000000002
2025-10-27 21:20:00,1016.7699999999999
2025-10-27 21:30:00,1016.7449999999999
2025-10-27 21:40:00,1016.6785714285716
2025-10-27 21:50:00,1016.5666666666665
2025-10-27 22:00:00,1016.4871428571429
2025-10-27 22:10:00,1016.4014285714287
2025-10-27 22:20:00,1016.3983333333334
2025-10-27 22:30:00,1016.4114285714287
2025-10-27 22:40:00,1016.4328571428572
2025-10-27 22:50:00,1016.3816666666667
2025-10-27 23:00:00,1016.3499999999998
2025-10-27 23:10:00,1016.3571428571425
2025-10-27 23:20:00,1016.3366666666666
2025-10-27 23:30:00,1016.2971428571428
2025-10-27 23:40:00,1016.2542857142856
2025-10-27 23:50:00,1016.2350000000001
2025-10-28 00:00:00,1016.1742857142857
2025-10-28 00:10:00,1016.0957142857143
2025-10-28 00:20:00,1016.02
2025-10-28 00:30:00,1015.9314285714288
2025-10-28 00:40:00,1015.812857142857
2025-10-28 00:50:00,1015.7133333333335
2025-10-28 01:00:00,1015.6528571428572
2025-10-28 01:10:00,1015.5842857142856
2025-10-28 01:20:00,1015.4916666666667
2025-10-28 01:30:00,1015.367142857143
2025-10-28 01:40:00,1015.17
2025-10-28 01:50:00,1015.0233333333334
2025-10-28 02:00:00,1014.8642857142856
2025-10-28 02:10:00,1014.8757142857143
2025-10-28 02:20:00,1014.9716666666668
2025-10-28 02:30:00,1014.972857142857
2025-10-28 02:40:00,1014.9157142857144
2025-10-28 02:50:00,1014.9416666666667
2025-10-28 03:00:00,1015.0242857142857
2025-10-28 03:10:00,1015.1171428571428
2025-10-28 03:20:00,1015.0533333333333
2025-10-28 03:30:00,1015.0157142857144
2025-10-28 03:40:00,1015.0342857142857
2025-10-28 03:50:00,1015.1033333333331
2025-10-28 04:00:00,1015.1628571428572
2025-10-28 04:10:00,1015.3157142857142
2025-10-28 04:20:00,1015.4950000000001
2025-10-28 21:00:00,1018.8733333333334
2025-10-28 21:10:00,1018.8549999999999
2025-10-28 21:20:00,1018.8057142857142
2025-10-28 21:30:00,1018.7285714285715
2025-10-28 21:40:00,1018.6633333333334
2025-10-28 21:50:00,1018.6128571428571
2025-10-28 22:00:00,1018.4642857142857
2025-10-28 22:10:00,1018.36
2025-10-28 22:20:00,1018.2557142857141
2025-10-28 22:30:00,1018.1985714285714
2025-10-28 22:40:00,1018.06
2025-10-28 22:50:00,1017.9114285714287
2025-10-28 23:00:00,1017.6871428571429
2025-10-28 23:10:00,1017.485
2025-10-28 23:20:00,1017.2285714285714
2025-10-28 23:30:00,1017.0071428571429
2025-10-28 23:40:00,1017.1016666666668
2025-10-28 23:50:00,1017.3142857142857
2025-10-29 00:00:00,1017.5385714285713
2025-10-29 00:10:00,1017.7083333333334
2025-10-29 00:20:00,1017.8042857142856
2025-10-29 00:30:00,1017.802857142857
2025-10-29 00:40:00,1017.7166666666666
2025-10-29 00:50:00,1017.6228571428571
2025-10-29 01:00:00,1017.6257142857143
2025-10-29 01:10:00,1017.6066666666666
2025-10-29 01:20:00,1017.5342857142856
2025-10-29 01:30:00,1017.6000000000001
2025-10-29 01:40:00,1017.6483333333334
2025-10-29 01:50:00,1017.6875000000001
2025-10-29 21:40:00,1019.5685714285712
2025-10-29 21:50:00,1019.5766666666665
2025-10-29 22:00:00,1019.6328571428572
2025-10-29 22:10:00,1019.7014285714286
2025-10-29 22:20:00,1019.8049999999998
2025-10-29 22:30:00,1019.9742857142857
2025-10-29 22:40:00,1020.0699999999999
2025-10-29 22:50:00,1019.89
2025-10-29 23:00:00,1019.777142857143
2025-10-29 23:10:00,1019.7728571428571
2025-10-29 23:20:00,1019.7333333333335
2025-10-29 23:30:00,1019.6242857142859
2025-10-29 23:40:00,1019.4257142857142
2025-10-29 23:50:00,1019.21
2025-10-30 00:00:00,1019.052857142857
2025-10-30 00:10:00,1018.7857142857143
2025-10-30 00:20:00,1018.5516666666666
2025-10-30 00:30:00,1018.3814285714286
2025-10-30 00:40:00,1018.2485714285714
2025-10-30 00:50:00,1018.1016666666668
2025-10-30 01:00:00,1017.9371428571428
2025-10-30 01:10:00,1017.7414285714286
2025-10-30 01:20:00,1017.6583333333334
2025-10-30 01:30:00,1017.6071428571429
2025-10-30 01:40:00,1017.6071428571428
2025-10-30 01:50:00,1017.6283333333336
2025-10-30 02:00:00,1017.6557142857145
2025-10-30 02:10:00,1017.6757142857143
2025-10-30 02:20:00,1017.625
2025-10-30 02:30:00,1017.6242857142859
2025-10-30 02:40:00,1017.6899999999999
2025-10-30 02:50:00,1017.6766666666667
2025-10-30 03:00:00,1017.6671428571428
2025-10-30 03:10:00,1017.7657142857142
2025-10-30 03:20:00,1017.8883333333333
2025-10-30 03:30:00,1017.9371428571429
2025-10-30 03:40:00,1017.9642857142859
2025-10-30 03:50:00,1018.0033333333334
2025-10-30 04:00:00,1018.0385714285712
2025-10-30 04:10:00,1018.1371428571429
2025-10-30 04:20:00,1018.2333333333332
2025-10-30 04:30:00,1018.3171428571428
2025-10-30 04:40:00,1018.3485714285714
2025-10-30 04:50:00,1018.4383333333335
2025-10-30 05:00:00,1018.5514285714283
2025-10-30 05:10:00,1018.6285714285714
2025-10-30 05:20:00,1018.775
2025-10-30 05:30:00,1018.8685714285714
2025-10-30 05:40:00,1018.947142857143
2025-10-30 05:50:00,1019.0316666666666
2025-10-30 06:00:00,1019.09
2025-10-30 06:10:00,1019.1171428571428
2025-10-30 19:20:00,1019.088
2025-10-30 19:30:00,1019.1271428571428
2025-10-30 19:40:00,1019.2133333333335
2025-10-30 19:50:00,1019.3814285714286
2025-10-30 20:00:00,1019.5357142857143
2025-10-30 20:10:00,1019.6933333333333
2025-10-30 20:20:00,1019.8771428571429
2025-10-30 20:30:00,1019.9685714285715
2025-10-30 20:40:00,1020.005
2025-10-30 20:50:00,1019.97
2025-10-30 21:00:00,1019.8885714285714
2025-10-30 21:10:00,1019.8116666666666
2025-10-30 21:20:00,1019.7499999999999
2025-10-30 21:30:00,1019.697142857143
2025-10-30 21:40:00,1019.71
2025-10-30 21:50:00,1019.6257142857143
2025-10-30 22:00:00,1019.5028571428569
2025-10-30 22:10:00,1019.5100000000001
2025-10-30 22:20:00,1019.5585714285713
2025-10-30 22:30:00,1019.5057142857142
2025-10-30 22:40:00,1019.4216666666666
2025-10-30 22:50:00,1019.3785714285714
2025-10-30 23:00:00,1019.3428571428569
2025-10-30 23:10:00,1019.2600000000001
2025-10-30 23:20:00,1019.1600000000001
2025-10-30 23:30:00,1019.1114285714285
2025-10-30 23:40:00,1019.0333333333334
2025-10-30 23:50:00,1018.9514285714286
2025-10-31 00:00:00,1018.8857142857142
2025-10-31 00:10:00,1018.6966666666667
2025-10-31 00:20:00,1018.4628571428573
2025-10-31 00:30:00,1018.3471428571429
2025-10-31 00:40:00,1018.265
2025-10-31 00:50:00,1018.1700000000001
2025-10-31 01:00:00,1018.0342857142857
2025-10-31 01:10:00,1017.9733333333334
2025-10-31 01:20:00,1017.8585714285715
2025-10-31 01:30:00,1017.7228571428572
2025-10-31 01:40:00,1017.7216666666667
2025-10-31 01:50:00,1017.7042857142858
2025-10-31 02:00:00,1017.6628571428572
2025-10-31 02:10:00,1017.59
2025-10-31 02:20:00,1017.4571428571429
2025-10-31 02:30:00,1017.4328571428572
2025-10-31 02:40:00,1017.52
2025-10-31 02:50:00,1017.5357142857143
2025-10-31 03:00:00,1017.5057142857141
2025-10-31 03:10:00,1017.4466666666667
2025-10-31 03:20:00,1017.3328571428572
2025-10-31 03:30:00,1017.2028571428572
2025-10-31 03:40:00,1017.21
2025-10-31 03:50:00,1017.2871428571428
2025-10-31 04:00:00,1017.3499999999998
2025-10-31 04:10:00,1017.3566666666666
2025-10-31 04:20:00,1017.3985714285716
2025-10-31 04:30:00,1017.4614285714288
2025-10-31 04:40:00,1017.445
2025-10-31 04:50:00,1017.3957142857145
2025-10-31 05:00:00,1017.4400000000002
2025-10-31 05:10:00,1017.5633333333334
2025-10-31 05:20:00,1017.75
2025-10-31 05:30:00,1017.9342857142856
2025-10-31 05:40:00,1018.04
2025-10-31 05:50:00,1018.1542857142857
2025-10-31 06:00:00,1018.3685714285714
2025-10-31 06:10:00,1018.5433333333335
2025-10-31 06:20:00,1018.7685714285715
2025-10-31 06:30:00,1018.9200000000001
2025-10-31 06:40:00,1019.0200000000001
2025-10-31 06:50:00,1019.1128571428573
2025-10-31 07:00:00,1019.2342857142858
2025-10-31 07:10:00,1019.2849999999999
2025-10-31 07:20:00,1019.3742857142855
2025-10-31 07:30:00,1019.4542857142859
2025-10-31 07:40:00,1019.4699999999999
2025-10-31 07:50:00,1019.4014285714286
2025-10-31 08:00:00,1019.3471428571429
2025-10-31 08:10:00,1019.3533333333331
2025-10-31 08:20:00,1019.4114285714287
2025-10-31 08:30:00,1019.4814285714285
2025-10-31 08:40:00,1019.505
2025-10-31 08:50:00,1019.4857142857144
2025-10-31 09:00:00,1019.4799999999999
2025-10-31 09:10:00,1019.5416666666666
2025-10-31 09:20:00,1019.6528571428572
2025-10-31 09:30:00,1019.8014285714287
2025-10-31 09:40:00,1019.8583333333332
2025-10-31 09:50:00,1019.8771428571429
2025-10-31 10:00:00,1019.8742857142859
2025-10-31 10:10:00,1019.725
2025-10-31 10:20:00,1019.5171428571427
2025-10-31 10:30:00,1019.3985714285715
2025-10-31 10:40:00,1019.2866666666665
2025-10-31 10:50:00,1019.0785714285714
2025-10-31 11:00:00,1018.7957142857142
2025-10-31 11:10:00,1018.6300000000001
2025-10-31 11:20:00,1018.4885714285714
2025-10-31 11:30:00,1018.3285714285713
2025-10-31 11:40:00,1018.2599999999999
2025-10-31 11:50:00,1018.1585714285715
2025-10-31 12:00:00,1018.0114285714286
2025-10-31 12:10:00,1017.9033333333333
2025-10-31 12:20:00,1017.7457142857141
2025-10-31 12:30:00,1017.627142857143
2025-10-31 12:40:00,1017.5716666666667
2025-10-31 12:50:00,1017.5028571428572
2025-10-31 13:00:00,1017.37
2025-10-31 13:10:00,1017.2433333333333
2025-10-31 13:20:00,1017.1457142857143
2025-10-31 13:30:00,1017.04
2025-10-31 13:40:00,1016.8966666666669
2025-10-31 13:50:00,1016.8271428571427
2025-10-31 14:00:00,1016.8
2025-10-31 14:10:00,1016.8016666666666
2025-10-31 14:20:00,1016.777142857143
2025-10-31 14:30:00,1016.6957142857144
2025-10-31 14:40:00,1016.6366666666668
2025-10-31 14:50:00,1016.6314285714286
2025-10-31 15:00:00,1016.66
2025-10-31 15:10:00,1016.6750000000001
2025-10-31 15:20:00,1016.7185714285715
2025-10-31 15:30:00,1016.8142857142857
2025-10-31 15:40:00,1016.93
2025-10-31 15:50:00,1017.0100000000001
2025-10-31 16:00:00,1017.0214285714286
2025-10-31 16:10:00,1017.1083333333332
2025-10-31 16:20:00,1017.2128571428572
2025-10-31 16:30:00,1017.2699999999999
2025-10-31 16:40:00,1017.3499999999999
2025-10-31 16:50:00,1017.4128571428571
2025-10-31 17:00:00,1017.5314285714285
2025-10-31 17:10:00,1017.5866666666667
2025-10-31 17:20:00,1017.6742857142859
2025-10-31 17:30:00,1017.75
2025-10-31 17:40:00,1017.7666666666668
2025-10-31 17:50:00,1017.8014285714286
2025-10-31 18:00:00,1017.9028571428571
2025-10-31 18:10:00,1018.0466666666665
2025-10-31 18:20:00,1018.0785714285714
2025-10-31 18:30:00,1018.1857142857144
2025-10-31 18:40:00,1018.3516666666668
2025-10-31 18:50:00,1018.4971428571429
2025-10-31 19:00:00,1018.5871428571429
2025-10-31 19:10:00,1018.695
2025-10-31 19:20:00,1018.7014285714287
2025-10-31 19:30:00,1018.7671428571429
2025-10-31 19:40:00,1018.9633333333335
2025-10-31 19:50:00,1019.1885714285715
2025-10-31 20:00:00,1019.3885714285715
2025-10-31 20:10:00,1019.5649999999999
2025-10-31 20:20:00,1019.62
2025-10-31 20:30:00,1019.6271428571428
2025-10-31 20:40:00,1019.5716666666666
2025-10-31 20:50:00,1019.4942857142858
2025-10-31 21:00:00,1019.4500000000002
2025-10-31 21:10:00,1019.3916666666668
2025-10-31 21:20:00,1019.3271428571428
2025-10-31 21:30:00,1019.2571428571429
2025-10-31 21:40:00,1019.2816666666668
2025-10-31 21:50:00,1019.2014285714286
2025-10-31 22:00:00,1019.22
2025-10-31 22:10:00,1019.1600000000002
2025-10-31 22:20:00,1019.1728571428572
2025-10-31 22:30:00,1019.2385714285714
2025-10-31 22:40:00,1019.2333333333335
2025-10-31 22:50:00,1019.097142857143
2025-10-31 23:00:00,1018.8585714285716
2025-10-31 23:10:00,1018.7333333333332
2025-10-31 23:20:00,1018.6514285714287
2025-10-31 23:30:00,1018.6485714285715
2025-10-31 23:40:00,1018.5983333333334
2025-10-31 23:50:00,1018.4142857142857
2025-11-01 00:00:00,1018.2242857142857
2025-11-01 00:10:00,1018.0566666666665
2025-11-01 00:20:00,1017.9857142857144
2025-11-01 00:30:00,1017.9257142857143
2025-11-01 00:40:00,1017.7983333333333
2025-11-01 00:50:00,1017.6
2025-11-01 01:00:00,1017.3985714285715
2025-11-01 01:10:00,1017.1683333333334
2025-11-01 01:20:00,1016.7842857142858
2025-11-01 01:30:00,1016.4757142857143
2025-11-01 01:40:00,1016.4483333333334
2025-11-01 01:50:00,1016.49
2025-11-01 02:00:00,1016.4057142857143
2025-11-01 02:10:00,1016.2916666666666
2025-11-01 02:20:00,1016.167142857143
2025-11-01 02:30:00,1016.1442857142857
2025-11-01 02:40:00,1016.2333333333335
2025-11-01 02:50:00,1016.3371428571427
2025-11-01 03:00:00,1016.3342857142854
2025-11-01 03:10:00,1016.3466666666667
2025-11-01 03:20:00,1016.4342857142857
2025-11-01 03:30:00,1016.3414285714287
2025-11-01 03:40:00,1016.3016666666666
2025-11-01 03:50:00,1016.3242857142857
2025-11-01 04:00:00,1016.3657142857143
2025-11-01 04:10:00,1016.4166666666669
2025-11-01 04:20:00,1016.4771428571429
2025-11-01 04:30:00,1016.5828571428572
2025-11-01 04:40:00,1016.7183333333334
2025-11-01 04:50:00,1016.8500000000001
2025-11-01 05:00:00,1016.9100000000001
2025-11-01 05:10:00,1016.9233333333333
2025-11-01 05:20:00,1017.0414285714287
2025-11-01 05:30:00,1017.1214285714286
2025-11-01 05:40:00,1017.1483333333335
2025-11-01 05:50:00,1017.1442857142858
2025-11-01 06:00:00,1017.1128571428571
2025-11-01 06:10:00,1017.2000000000002
2025-11-01 06:20:00,1017.39
2025-11-01 06:30:00,1017.5985714285713
2025-11-01 06:40:00,1017.7266666666668
2025-11-01 06:50:00,1017.7971428571428
2025-11-01 07:00:00,1017.9414285714286
2025-11-01 07:10:00,1017.9966666666666
2025-11-01 07:20:00,1018.1171428571428
2025-11-01 07:30:00,1018.3042857142857
2025-11-01 07:40:00,1018.4416666666666
2025-11-01 07:50:00,1018.5314285714285
2025-11-01 08:00:00,1018.5999999999998
2025-11-01 08:10:00,1018.7333333333332
2025-11-01 08:20:00,1018.7985714285714
2025-11-01 08:30:00,1018.8085714285713
2025-11-01 08:40:00,1018.8683333333335
2025-11-01 08:50:00,1018.9814285714286
2025-11-01 09:00:00,1019.1385714285716
2025-11-01 09:10:00,1019.1966666666666
2025-11-01 09:20:00,1019.1957142857144
2025-11-01 09:30:00,1019.2214285714288
2025-11-01 09:40:00,1019.1833333333334
2025-11-01 09:50:00,1019.1785714285717
2025-11-01 10:00:00,1019.15
2025-11-01 10:10:00,1019
2025-11-01 10:20:00,1018.8442857142858
2025-11-01 10:30:00,1018.5614285714286
2025-11-01 10:40:00,1018.285
2025-11-01 10:50:00,1018.1471428571427
2025-11-01 11:00:00,1018.01
2025-11-01 11:10:00,1017.855
2025-11-01 11:20:00,1017.6914285714287
2025-11-01 11:30:00,1017.5342857142857
2025-11-01 11:40:00,1017.4050000000001
2025-11-01 11:50:00,1017.2242857142858
2025-11-01 12:00:00,1017.0314285714287
2025-11-01 12:10:00,1016.8083333333334
2025-11-01 12:20:00,1016.6242857142859
2025-11-01 12:30:00,1016.5714285714284
2025-11-01 12:40:00,1016.4900000000001
2025-11-01 12:50:00,1016.4457142857144
2025-11-01 13:00:00,1016.3771428571429
2025-11-01 13:10:00,1016.2883333333333
2025-11-01 13:20:00,1016.2057142857144
2025-11-01 13:30:00,1016.0857142857141
2025-11-01 13:40:00,1016.005
2025-11-01 13:50:00,1015.8971428571429
2025-11-01 14:00:00,1015.8085714285714
2025-11-01 14:10:00,1015.7599999999999
2025-11-01 14:20:00,1015.7157142857143
2025-11-01 14:30:00,1015.7157142857143
2025-11-01 14:40:00,1015.69
2025-11-01 14:50:00,1015.66
2025-11-01 15:00:00,1015.6328571428572
2025-11-01 15:10:00,1015.6433333333334
2025-11-01 15:20:00,1015.6271428571428
2025-11-01 15:30:00,1015.5942857142857
2025-11-01 15:40:00,1015.5933333333332
2025-11-01 15:50:00,1015.5771428571427
2025-11-01 16:00:00,1015.6014285714285
2025-11-01 16:10:00,1015.6633333333334
2025-11-01 16:20:00,1015.6928571428572
2025-11-01 16:30:00,1015.7885714285715
2025-11-01 16:40:00,1015.8966666666666
2025-11-01 16:50:00,1015.9985714285714
2025-11-01 17:00:00,1016.0942857142855
2025-11-01 17:10:00,1016.1350000000002
2025-11-01 17:20:00,1016.1700000000001
2025-11-01 17:30:00,1016.2285714285715
2025-11-01 17:40:00,1016.2983333333333
2025-11-01 17:50:00,1016.3942857142858
2025-11-01 18:00:00,1016.4800000000001
2025-11-01 18:10:00,1016.5949999999999
2025-11-01 18:20:00,1016.7300000000002
2025-11-01 18:30:00,1016.882857142857
2025-11-01 18:40:00,1017.0299999999999
2025-11-01 18:50:00,1017.1385714285715
2025-11-01 19:00:00,1017.2271428571429
2025-11-01 19:10:00,1017.3266666666667
2025-11-01 19:20:00,1017.5585714285714
2025-11-01 19:30:00,1017.7542857142856
2025-11-01 19:40:00,1017.9433333333333
2025-11-01 19:50:00,1018.1242857142859
2025-11-01 20:00:00,1018.2642857142857
2025-11-01 20:10:00,1018.37
2025-11-01 20:20:00,1018.4285714285714
2025-11-01 20:30:00,1018.4685714285715
2025-11-01 20:40:00,1018.4783333333334
2025-11-01 20:50:00,1018.5142857142857
2025-11-01 21:00:00,1018.5371428571428
2025-11-01 21:10:00,1018.5899999999998
2025-11-01 21:20:00,1018.5871428571428
2025-11-01 21:30:00,1018.5385714285715
2025-11-01 21:40:00,1018.4683333333332
2025-11-01 21:50:00,1018.3857142857144
2025-11-01 22:00:00,1018.3114285714285
2025-11-01 22:10:00,1018.3083333333333
2025-11-01 22:20:00,1018.3385714285715
2025-11-01 22:30:00,1018.3342857142854
2025-11-01 22:40:00,1018.2733333333332
2025-11-01 22:50:00,1018.2228571428572
2025-11-01 23:00:00,1018.2614285714286
2025-11-01 23:10:00,1018.2333333333335
2025-11-01 23:20:00,1018.2000000000002
2025-11-01 23:30:00,1018.1385714285716
2025-11-01 23:40:00,1018.045
2025-11-01 23:50:00,1017.9457142857144
2025-11-02 00:00:00,1017.8242857142858
2025-11-02 00:10:00,1017.7183333333334
2025-11-02 00:20:00,1017.5942857142858
2025-11-02 00:30:00,1017.422857142857
2025-11-02 00:40:00,1017.2866666666665
2025-11-02 00:50:00,1017.1157142857143
2025-11-02 01:00:00,1016.9800000000001
2025-11-02 01:10:00,1016.8666666666667
2025-11-02 01:20:00,1016.8157142857143
2025-11-02 01:30:00,1016.7314285714286
2025-11-02 01:40:00,1016.5833333333334
2025-11-02 01:50:00,1016.4328571428572
2025-11-02 02:00:00,1016.2942857142858
2025-11-02 02:10:00,1016.3333333333331
2025-11-02 02:20:00,1016.3942857142858
2025-11-02 02:30:00,1016.3485714285715
2025-11-02 02:40:00,1016.3333333333334
2025-11-02 02:50:00,1016.3100000000001
2025-11-02 03:00:00,1016.2799999999999
2025-11-02 03:10:00,1016.2633333333333
2025-11-02 03:20:00,1016.3071428571428
2025-11-02 03:30:00,1016.3800000000001
2025-11-02 03:40:00,1016.4583333333335
2025-11-02 03:50:00,1016.5071428571429
2025-11-02 04:00:00,1016.6057142857143
2025-11-02 04:10:00,1016.7166666666666
2025-11-02 04:20:00,1016.7857142857143
2025-11-02 04:30:00,1016.9157142857142
2025-11-02 04:40:00,1016.9883333333333
2025-11-02 04:50:00,1017.0599999999998
2025-11-02 05:00:00,1017.0557142857142
2025-11-02 05:10:00,1017.085
2025-11-02 05:20:00,1017.2685714285714
2025-11-02 05:30:00,1017.4685714285714
2025-11-02 05:40:00,1017.6449999999999
2025-11-02 05:50:00,1017.8814285714287
2025-11-02 06:00:00,1018.05
2025-11-02 06:10:00,1018.1600000000002
2025-11-02 06:20:00,1018.2585714285715
2025-11-02 06:30:00,1018.4371428571428
2025-11-02 06:40:00,1018.6166666666667
2025-11-02 06:50:00,1018.78
2025-11-02 07:00:00,1018.8514285714284
2025-11-02 07:10:00,1018.8516666666665
2025-11-02 07:20:00,1018.8471428571429
2025-11-02 07:30:00,1018.9257142857142
2025-11-02 07:40:00,1019.1366666666667
2025-11-02 07:50:00,1019.3042857142857
2025-11-02 08:00:00,1019.3342857142858
2025-11-02 08:10:00,1019.3733333333334
2025-11-02 08:20:00,1019.4200000000002
2025-11-02 08:30:00,1019.5171428571429
2025-11-02 08:40:00,1019.5849999999999
2025-11-02 08:50:00,1019.6885714285715
2025-11-02 09:00:00,1019.7942857142856
2025-11-02 09:10:00,1019.8666666666667
2025-11-02 09:20:00,1019.8485714285715
2025-11-02 09:30:00,1019.7699999999999
2025-11-02 09:40:00,1019.6999999999999
2025-11-02 09:50:00,1019.6128571428573
2025-11-02 10:00:00,1019.5757142857141
2025-11-02 10:10:00,1019.5066666666665
2025-11-02 10:20:00,1019.4228571428573
2025-11-02 10:30:00,1019.2914285714286
2025-11-02 10:40:00,1019.0966666666667
2025-11-02 10:50:00,1018.9528571428572
2025-11-02 11:00:00,1018.8557142857143
2025-11-02 11:10:00,1018.6766666666667
2025-11-02 11:20:00,1018.5428571428571
2025-11-02 11:30:00,1018.4085714285713
2025-11-02 11:40:00,1018.2916666666666
2025-11-02 11:50:00,1018.1514285714286
2025-11-02 12:00:00,1017.9742857142858
2025-11-02 12:10:00,1017.8016666666666
2025-11-02 12:20:00,1017.6757142857143
2025-11-02 12:30:00,1017.5914285714285
2025-11-02 12:40:00,1017.46
2025-11-02 12:50:00,1017.2885714285713
2025-11-02 13:00:00,1017.0957142857142
2025-11-02 13:10:00,1016.98
2025-11-02 13:20:00,1016.8785714285714
2025-11-02 13:30:00,1016.8499999999998
2025-11-02 13:40:00,1016.7800000000001
2025-11-02 13:50:00,1016.6457142857143
2025-11-02 14:00:00,1016.5157142857142
2025-11-02 14:10:00,1016.3733333333333
2025-11-02 14:20:00,1016.2299999999999
2025-11-02 14:30:00,1016.2314285714286
2025-11-02 14:40:00,1016.2783333333332
2025-11-02 14:50:00,1016.3042857142856
2025-11-02 15:00:00,1016.3757142857145
2025-11-02 15:10:00,1016.4166666666669
2025-11-02 15:20:00,1016.4557142857144
2025-11-02 15:30:00,1016.5285714285712
2025-11-02 15:40:00,1016.6083333333332
2025-11-02 15:50:00,1016.7171428571429
2025-11-02 16:00:00,1016.8342857142858
2025-11-02 16:10:00,1016.985
2025-11-02 16:20:00,1017.1485714285715
2025-11-02 16:30:00,1017.2514285714286
2025-11-02 16:40:00,1017.3583333333332
2025-11-02 16:50:00,1017.4499999999999
2025-11-02 17:00:00,1017.5871428571428
2025-11-02 17:10:00,1017.6666666666666
2025-11-02 17:20:00,1017.7714285714286
2025-11-02 17:30:00,1017.8471428571429
2025-11-02 17:40:00,1017.9166666666666
2025-11-02 17:50:00,1017.99
2025-11-02 18:00:00,1018.0514285714287
2025-11-02 18:10:00,1018.1516666666668
2025-11-02 18:20:00,1018.2714285714285
2025-11-02 18:30:00,1018.3785714285714
2025-11-02 18:40:00,1018.4683333333336
2025-11-02 18:50:00,1018.5699999999998
2025-11-02 19:00:00,1018.7185714285714
2025-11-02 19:10:00,1018.8683333333332
2025-11-02 19:20:00,1018.9628571428572
2025-11-02 19:30:00,1019.0757142857143
2025-11-02 19:40:00,1019.2699999999999
2025-11-02 19:50:00,1019.4714285714288
2025-11-02 20:00:00,1019.65
2025-11-02 20:10:00,1019.7483333333334
2025-11-02 20:20:00,1019.7542857142859
2025-11-02 20:30:00,1019.7657142857144
2025-11-02 20:40:00,1019.7833333333333
2025-11-02 20:50:00,1019.8385714285713
2025-11-02 21:00:00,1019.8557142857143
2025-11-02 21:10:00,1019.8216666666666
2025-11-02 21:20:00,1019.7585714285714
2025-11-02 21:30:00,1019.7285714285715
2025-11-02 21:40:00,1019.7266666666668
2025-11-02 21:50:00,1019.7014285714288
2025-11-02 22:00:00,1019.6757142857143
2025-11-02 22:10:00,1019.6150000000001
2025-11-02 22:20:00,1019.5171428571429
2025-11-02 22:30:00,1019.42
2025-11-02 22:40:00,1019.3133333333332
2025-11-02 22:50:00,1019.1685714285715
2025-11-02 23:00:00,1019.0085714285715
2025-11-02 23:10:00,1018.8933333333333
2025-11-02 23:20:00,1018.7714285714285
2025-11-02 23:30:00,1018.6885714285715
2025-11-02 23:40:00,1018.5966666666667
2025-11-02 23:50:00,1018.5228571428571
2025-11-03 00:00:00,1018.3857142857142
2025-11-03 00:10:00,1018.2483333333333
2025-11-03 00:20:00,1018.1885714285715
2025-11-03 00:30:00,1018.0714285714286
2025-11-03 00:40:00,1017.9250000000001
2025-11-03 00:50:00,1017.8257142857143
2025-11-03 01:00:00,1017.7
2025-11-03 01:10:00,1017.5666666666666
2025-11-03 01:20:00,1017.5142857142857
2025-11-03 01:30:00,1017.4642857142857
2025-11-03 01:40:00,1017.3533333333335
2025-11-03 01:50:00,1017.3142857142857
2025-11-03 02:00:00,1017.3100000000001
2025-11-03 02:10:00,1017.3066666666665
2025-11-03 02:20:00,1017.3128571428571
2025-11-03 02:30:00,1017.2885714285713
2025-11-03 02:40:00,1017.3650000000001
2025-11-03 02:50:00,1017.5699999999999
2025-11-03 03:00:00,1017.6471428571431
2025-11-03 03:10:00,1017.6116666666667
2025-11-03 03:20:00,1017.5500000000001
2025-11-03 03:30:00,1017.5214285714285
2025-11-03 03:40:00,1017.52
2025-11-03 03:50:00,1017.5871428571427
2025-11-03 04:00:00,1017.62
2025-11-03 04:10:00,1017.5933333333332
2025-11-03 04:20:00,1017.5585714285714
2025-11-03 04:30:00,1017.5628571428571
2025-11-03 04:40:00,1017.6633333333334
2025-11-03 04:50:00,1017.8314285714285
2025-11-03 05:00:00,1017.9628571428572
2025-11-03 05:10:00,1018.0516666666666
2025-11-03 05:20:00,1018.1685714285715
2025-11-03 05:30:00,1018.3671428571428
2025-11-03 05:40:00,1018.4566666666666
2025-11-03 05:50:00,1018.5114285714286
2025-11-03 06:00:00,1018.6600000000001
2025-11-03 06:10:00,1018.7766666666666
2025-11-03 06:20:00,1018.9457142857143
2025-11-03 06:30:00,1019.1157142857144
2025-11-03 06:40:00,1019.2183333333334
2025-11-03 06:50:00,1019.397142857143
2025-11-03 07:00:00,1019.5171428571429
2025-11-03 07:10:00,1019.6183333333333
2025-11-03 07:20:00,1019.7028571428572
2025-11-03 07:30:00,1019.8771428571428
2025-11-03 07:40:00,1020.0033333333332
2025-11-03 07:50:00,1020.1328571428572
2025-11-03 08:00:00,1020.2157142857144
2025-11-03 08:10:00,1020.1266666666667
2025-11-03 08:20:00,1020.137142857143
2025-11-03 08:30:00,1020.1814285714288
2025-11-03 08:40:00,1020.1833333333334
2025-11-03 08:50:00,1020.1771428571428
2025-11-03 09:00:00,1020.1885714285715
2025-11-03 09:10:00,1020.1933333333333
2025-11-03 09:20:00,1020.1942857142858
2025-11-03 09:30:00,1020.11
2025-11-03 09:40:00,1020.0516666666666
2025-11-03 09:50:00,1019.9471428571429
2025-11-03 10:00:00,1019.8585714285715
2025-11-03 10:10:00,1019.7033333333334
2025-11-03 10:20:00,1019.5414285714285
2025-11-03 10:30:00,1019.4757142857143
2025-11-03 10:40:00,1019.4116666666667
2025-11-03 10:50:00,1019.2942857142856
2025-11-03 11:00:00,1019.2216666666667
2025-11-03 11:10:00,1019.1414285714285
2025-11-03 11:20:00,1019.0242857142857
2025-11-03 11:30:00,1018.9783333333335
2025-11-03 11:40:00,1018.8342857142858
2025-11-03 11:50:00,1018.6628571428571
2025-11-03 12:00:00,1018.5433333333334
2025-11-03 12:20:00,1018.4050000000001
2025-11-03 12:30:00,1018.3057142857142
2025-11-03 12:40:00,1018.2414285714285
2025-11-03 12:50:00,1018.1533333333333
2025-11-03 13:00:00,1018.04
2025-11-03 13:10:00,1017.86
2025-11-03 13:20:00,1017.7183333333334
2025-11-03 13:30:00,1017.6171428571428
2025-11-03 13:40:00,1017.5300000000001
2025-11-03 13:50:00,1017.4416666666666
2025-11-03 14:00:00,1017.2542857142856
2025-11-03 14:10:00,1017.0414285714286
2025-11-03 14:20:00,1016.9183333333335
2025-11-03 14:30:00,1016.7771428571428
2025-11-03 14:40:00,1016.6285714285714
2025-11-03 14:50:00,1016.5816666666666
2025-11-03 15:00:00,1016.64
2025-11-03 15:10:00,1016.6271428571429
2025-11-03 15:20:00,1016.5983333333332
2025-11-03 15:30:00,1016.6742857142859
2025-11-03 15:40:00,1016.7699999999999
2025-11-03 15:50:00,1016.8649999999999
2025-11-03 16:00:00,1016.9285714285714
2025-11-03 16:10:00,1017.1071428571429
2025-11-03 16:20:00,1017.265
2025-11-03 16:30:00,1017.3085714285714
2025-11-03 16:40:00,1017.407142857143
2025-11-03 16:50:00,1017.4250000000001
2025-11-03 17:00:00,1017.4466666666667
2025-11-03 17:10:00,1017.55
2025-11-03 17:20:00,1017.7428571428572
2025-11-03 17:30:00,1017.9
2025-11-03 17:40:00,1018.0233333333334
2025-11-03 17:50:00,1018.1057142857143
2025-11-03 18:00:00,1018.167142857143
2025-11-03 18:10:00,1018.2566666666667
2025-11-03 18:20:00,1018.3900000000001
2025-11-03 18:30:00,1018.5685714285713
2025-11-03 18:40:00,1018.7016666666667
2025-11-03 18:50:00,1018.8642857142858
2025-11-03 19:00:00,1019.0542857142857
2025-11-03 19:10:00,1019.2433333333335
2025-11-03 19:20:00,1019.4433333333333
2025-11-03 19:30:00,1019.5642857142856
2025-11-03 19:40:00,1019.68
2025-11-03 19:50:00,1019.78
2025-11-03 20:00:00,1019.7757142857143
2025-11-03 20:10:00,1019.7649999999999
2025-11-03 20:20:00,1019.8357142857143
2025-11-03 20:30:00,1019.8857142857144
2025-11-03 20:40:00,1019.8850000000002
2025-11-03 20:50:00,1019.9057142857143
2025-11-03 21:00:00,1019.9157142857142
2025-11-03 21:10:00,1020.0099999999999
2025-11-03 21:20:00,1020.0971428571429
2025-11-03 21:30:00,1020.134285714286
2025-11-03 21:40:00,1020.11
2025-11-03 21:50:00,1020.1085714285713
2025-11-03 22:00:00,1020.1700000000001
2025-11-03 22:10:00,1020.1433333333334
2025-11-03 22:20:00,1020.01
2025-11-03 22:30:00,1019.9557142857144
2025-11-03 22:40:00,1019.8783333333334
2025-11-03 22:50:00,1019.7585714285714
2025-11-03 23:00:00,1019.7614285714286
2025-11-03 23:10:00,1019.7666666666668
2025-11-03 23:20:00,1019.6957142857143
2025-11-03 23:30:00,1019.5714285714286
2025-11-03 23:40:00,1019.4749999999999
2025-11-03 23:50:00,1019.417142857143
2025-11-04 00:00:00,1019.3514285714285
2025-11-04 00:10:00,1019.3183333333333
2025-11-04 00:20:00,1019.28
2025-11-04 00:30:00,1019.18
2025-11-04 00:40:00,1019.0749999999999
2025-11-04 00:50:00,1018.952857142857
2025-11-04 01:00:00,1018.7528571428571
2025-11-04 01:10:00,1018.605
2025-11-04 01:20:00,1018.4985714285714
2025-11-04 01:30:00,1018.3757142857143
2025-11-04 01:40:00,1018.2800000000001
2025-11-04 01:50:00,1018.2157142857143
2025-11-04 02:00:00,1018.1314285714286
2025-11-04 02:10:00,1018.1133333333333
2025-11-04 02:20:00,1018.0314285714285
2025-11-04 02:30:00,1017.9814285714286
2025-11-04 02:40:00,1017.9799999999999
2025-11-04 02:50:00,1017.9514285714286
2025-11-04 03:00:00,1017.86
2025-11-04 03:10:00,1017.8716666666666
2025-11-04 03:20:00,1017.9342857142858
2025-11-04 03:30:00,1017.9828571428571
2025-11-04 03:40:00,1018.0066666666668
2025-11-04 03:50:00,1017.9957142857141
2025-11-04 04:00:00,1017.9899999999999
2025-11-04 04:10:00,1017.9949999999999
2025-11-04 04:20:00,1018.0185714285715
2025-11-04 04:30:00,1018.1742857142857
2025-11-04 04:40:00,1018.2616666666667
2025-11-04 04:50:00,1018.362857142857
2025-11-04 05:00:00,1018.49
2025-11-04 05:10:00,1018.5933333333332
2025-11-04 05:20:00,1018.697142857143
2025-11-04 05:30:00,1018.8042857142857
2025-11-04 05:40:00,1018.9716666666668
2025-11-04 05:50:00,1019.1485714285715
2025-11-04 06:00:00,1019.2714285714285
2025-11-04 06:10:00,1019.5133333333332
2025-11-04 06:20:00,1019.7185714285715
2025-11-04 06:30:00,1019.8085714285714
2025-11-04 06:40:00,1019.88
2025-11-04 06:50:00,1019.9085714285715
2025-11-04 07:00:00,1019.8228571428572
2025-11-04 07:10:00,1019.9116666666665
2025-11-04 07:20:00,1020.0228571428571
2025-11-04 07:30:00,1020.01
2025-11-04 07:40:00,1020.1066666666666
2025-11-04 07:50:00,1020.2942857142856
2025-11-04 08:00:00,1020.397142857143
2025-11-04 08:10:00,1020.4899999999999
2025-11-04 08:20:00,1020.6028571428571
2025-11-04 08:30:00,1020.7085714285715
2025-11-04 08:40:00,1020.8666666666668
2025-11-04 08:50:00,1021.0228571428571
2025-11-04 09:00:00,1021.1085714285715
2025-11-04 09:10:00,1021.1416666666669
2025-11-04 09:20:00,1021.09
2025-11-04 09:30:00,1021.0028571428571
2025-11-04 09:40:00,1021.0016666666667
2025-11-04 09:50:00,1021.0814285714285
2025-11-04 10:00:00,1021.157142857143
2025-11-04 10:10:00,1021.1583333333333
2025-11-04 10:20:00,1021.177142857143
2025-11-04 10:30:00,1021.1014285714285
2025-11-04 10:40:00,1020.9866666666667
2025-11-04 10:50:00,1020.88
2025-11-04 11:00:00,1020.7014285714287
2025-11-04 11:10:00,1020.5050000000001
2025-11-04 11:20:00,1020.377142857143
2025-11-04 11:30:00,1020.3157142857142
2025-11-04 11:40:00,1020.2566666666667
2025-11-04 11:50:00,1020.2128571428574
2025-11-04 12:00:00,1020.1285714285715
2025-11-04 12:10:00,1020.0216666666666
2025-11-04 12:20:00,1019.877142857143
2025-11-04 12:30:00,1019.7285714285715
2025-11-04 12:40:00,1019.6500000000001
2025-11-04 12:50:00,1019.5614285714285
2025-11-04 13:00:00,1019.4314285714287
2025-11-04 13:10:00,1019.3366666666666
2025-11-04 13:20:00,1019.3085714285714
2025-11-04 13:30:00,1019.2571428571429
2025-11-04 13:40:00,1019.1850000000001
2025-11-04 13:50:00,1019.0542857142856
2025-11-04 14:00:00,1018.9314285714287
2025-11-04 14:10:00,1018.8316666666666
2025-11-04 14:20:00,1018.7885714285712
2025-11-04 14:30:00,1018.8357142857143
2025-11-04 14:40:00,1018.8533333333331
2025-11-04 14:50:00,1018.8857142857144
2025-11-04 15:00:00,1018.917142857143
2025-11-04 15:10:00,1018.9400000000002
2025-11-04 15:20:00,1018.9014285714286
2025-11-04 15:30:00,1018.8957142857143
2025-11-04 15:40:00,1018.9433333333333
2025-11-04 15:50:00,1018.9314285714287
2025-11-04 16:00:00,1018.8914285714288
2025-11-04 16:10:00,1018.9833333333335
2025-11-04 16:20:00,1019.0142857142856
2025-11-04 16:30:00,1019.0871428571428
2025-11-04 16:40:00,1019.1783333333334
2025-11-04 16:50:00,1019.2642857142857
2025-11-04 17:00:00,1019.312857142857
2025-11-04 17:10:00,1019.3033333333333
2025-11-04 17:20:00,1019.267142857143
2025-11-04 17:30:00,1019.2685714285715
2025-11-04 17:40:00,1019.2516666666667
2025-11-04 17:50:00,1019.2300000000001
2025-11-04 18:00:00,1019.1914285714286
2025-11-04 18:10:00,1019.2083333333334
2025-11-04 18:20:00,1019.3042857142856
2025-11-04 18:30:00,1019.4357142857143
2025-11-04 18:40:00,1019.5649999999999
2025-11-04 18:50:00,1019.6899999999999
2025-11-04 19:00:00,1019.8614285714285
2025-11-04 19:10:00,1019.985
2025-11-04 19:20:00,1020.0842857142858
2025-11-04 19:30:00,1020.2242857142858
2025-11-04 19:40:00,1020.3399999999998
2025-11-04 19:50:00,1020.3928571428572
2025-11-04 20:00:00,1020.5000000000001
2025-11-04 20:10:00,1020.6633333333334
2025-11-04 20:20:00,1020.7557142857141
2025-11-04 20:30:00,1020.812857142857
2025-11-04 20:40:00,1020.8166666666666
2025-11-04 20:50:00,1020.8828571428572
2025-11-04 21:00:00,1020.9428571428572
2025-11-04 21:10:00,1020.9716666666667
2025-11-04 21:20:00,1020.9200000000001
2025-11-04 21:30:00,1020.904285714286
2025-11-04 21:40:00,1020.9483333333334
2025-11-04 21:50:00,1020.9100000000001
2025-11-04 22:00:00,1020.85
2025-11-04 22:10:00,1020.7733333333332
2025-11-04 22:20:00,1020.7214285714286
2025-11-04 22:30:00,1020.697142857143
2025-11-04 22:40:00,1020.6516666666668
2025-11-04 22:50:00,1020.5971428571429
2025-11-04 23:00:00,1020.4800000000001
2025-11-04 23:10:00,1020.3966666666666
2025-11-04 23:20:00,1020.3242857142856
2025-11-04 23:30:00,1020.2885714285715
2025-11-04 23:40:00,1020.2233333333334
2025-11-04 23:50:00,1020.1542857142858
2025-11-05 00:00:00,1020.0514285714287
2025-11-05 00:10:00,1019.94
2025-11-05 00:20:00,1019.8485714285714
2025-11-05 00:30:00,1019.7742857142857
2025-11-05 00:40:00,1019.6766666666667
2025-11-05 00:50:00,1019.5342857142858
2025-11-05 01:00:00,1019.4283333333334
2025-11-05 01:10:00,1019.3971428571429
2025-11-05 01:20:00,1019.3185714285713
2025-11-05 01:30:00,1019.1157142857144
2025-11-05 01:40:00,1018.995
2025-11-05 01:50:00,1018.9457142857144
2025-11-05 02:00:00,1018.87
2025-11-05 02:10:00,1018.8549999999999
2025-11-05 02:20:00,1018.8342857142856
2025-11-05 02:30:00,1018.88
2025-11-05 02:40:00,1018.9316666666668
2025-11-05 02:50:00,1018.9114285714287
2025-11-05 03:00:00,1018.9200000000001
2025-11-05 03:10:00,1018.85
2025-11-05 03:20:00,1018.7957142857142
2025-11-05 03:30:00,1018.8228571428572
2025-11-05 03:40:00,1018.8933333333334
2025-11-05 03:50:00,1018.9200000000001
2025-11-05 04:00:00,1018.9142857142858
2025-11-05 04:10:00,1018.8566666666666
2025-11-05 04:20:00,1018.8599999999998
2025-11-05 04:30:00,1018.9857142857143
2025-11-05 04:40:00,1019.0699999999998
2025-11-05 04:50:00,1019.0799999999999
2025-11-05 05:00:00,1019.1428571428571
2025-11-05 05:10:00,1019.2116666666667
2025-11-05 05:20:00,1019.3228571428572
2025-11-05 05:30:00,1019.4742857142857
2025-11-05 05:40:00,1019.6216666666666
2025-11-05 05:50:00,1019.6928571428572
2025-11-05 06:00:00,1019.7885714285715
2025-11-05 06:10:00,1019.8533333333331
2025-11-05 06:20:00,1019.8642857142858
2025-11-05 06:30:00,1019.9842857142858
2025-11-05 06:40:00,1020.1233333333333
2025-11-05 06:50:00,1020.2271428571429
2025-11-05 07:00:00,1020.3071428571428
2025-11-05 07:10:00,1020.2316666666667
2025-11-05 07:20:00,1020.3042857142857
2025-11-05 07:30:00,1020.4600000000002
2025-11-05 07:40:00,1020.5233333333332
2025-11-05 07:50:00,1020.6214285714285
2025-11-05 08:00:00,1020.7885714285713
2025-11-05 08:10:00,1020.8283333333333
2025-11-05 08:20:00,1020.8185714285713
2025-11-05 08:30:00,1020.8000000000001
2025-11-05 08:40:00,1020.8666666666667
2025-11-05 08:50:00,1020.9457142857144
2025-11-05 09:00:00,1021.0042857142859
2025-11-05 09:10:00,1021.0516666666666
2025-11-05 09:20:00,1021.0842857142858
2025-11-05 09:30:00,1021.0242857142857
2025-11-05 09:40:00,1020.8983333333335
2025-11-05 09:50:00,1020.7485714285714
2025-11-05 10:00:00,1020.6428571428571
2025-11-05 10:10:00,1020.5066666666667
2025-11-05 10:20:00,1020.3914285714287
2025-11-05 10:30:00,1020.2471428571428
2025-11-05 10:40:00,1020.1783333333333
2025-11-05 10:50:00,1020.1114285714284
2025-11-05 11:00:00,1019.9814285714285
2025-11-05 11:10:00,1019.8516666666668
2025-11-05 11:20:00,1019.7057142857145
2025-11-05 11:30:00,1019.6057142857143
2025-11-05 11:40:00,1019.475
2025-11-05 11:50:00,1019.29
2025-11-05 12:00:00,1019.1714285714286
2025-11-05 12:10:00,1019.09
2025-11-05 12:20:00,1018.9514285714286
2025-11-05 12:30:00,1018.7942857142856
2025-11-05 12:40:00,1018.6733333333335
2025-11-05 12:50:00,1018.5600000000001
2025-11-05 13:00:00,1018.38
2025-11-05 13:10:00,1018.27
2025-11-05 13:20:00,1018.2057142857144
2025-11-05 13:30:00,1018.1414285714285
2025-11-05 13:40:00,1018.0333333333333
2025-11-05 13:50:00,1017.8942857142857
2025-11-05 14:00:00,1017.7342857142858
2025-11-05 14:10:00,1017.6750000000001
2025-11-05 14:20:00,1017.6271428571429
2025-11-05 14:30:00,1017.5271428571428
2025-11-05 14:40:00,1017.4916666666667
2025-11-05 14:50:00,1017.4928571428571
2025-11-05 15:00:00,1017.582857142857
2025-11-05 15:10:00,1017.5099999999999
2025-11-05 15:20:00,1017.4828571428571
2025-11-05 15:30:00,1017.4383333333334
2025-11-05 15:40:00,1017.4128571428571
2025-11-05 15:50:00,1017.4014285714286
2025-11-05 16:00:00,1017.4271428571429
2025-11-05 16:10:00,1017.485
2025-11-05 16:20:00,1017.4942857142858
2025-11-05 16:30:00,1017.6442857142857
2025-11-05 16:40:00,1017.8383333333333
2025-11-05 16:50:00,1017.8685714285714
2025-11-05 17:00:00,1017.9014285714286
2025-11-05 17:10:00,1017.9566666666668
2025-11-05 17:20:00,1017.9685714285714
2025-11-05 17:30:00,1018.0742857142857
2025-11-05 17:40:00,1018.1416666666668
2025-11-05 17:50:00,1018.2314285714285
2025-11-05 18:00:00,1018.3685714285714
2025-11-05 18:10:00,1018.4866666666667
2025-11-05 18:20:00,1018.6
2025-11-05 18:30:00,1018.7514285714286
2025-11-05 18:40:00,1018.8966666666666
2025-11-05 18:50:00,1019.0185714285715
2025-11-05 19:00:00,1019.1614285714287
2025-11-05 19:10:00,1019.395
2025-11-05 19:20:00,1019.5014285714287
2025-11-05 19:30:00,1019.5683333333333
2025-11-05 19:40:00,1019.6557142857143
2025-11-05 19:50:00,1019.6642857142858
2025-11-05 20:00:00,1019.735
2025-11-05 20:10:00,1019.8771428571429
2025-11-05 20:20:00,1019.99
2025-11-05 20:30:00,1020.0433333333334
2025-11-05 20:40:00,1020.1442857142857
2025-11-05 20:50:00,1020.22
2025-11-05 21:00:00,1020.2133333333335
2025-11-05 21:10:00,1020.197142857143
2025-11-05 21:20:00,1020.2014285714286
2025-11-05 21:30:00,1020.1933333333335
2025-11-05 21:40:00,1020.25
2025-11-05 21:50:00,1020.2100000000002
2025-11-05 22:00:00,1020.1733333333333
2025-11-05 22:10:00,1020.1642857142858
2025-11-05 22:20:00,1020.1957142857144
2025-11-05 22:30:00,1020.1166666666667
2025-11-05 22:40:00,1020.0657142857142
2025-11-05 22:50:00,1020.0971428571428
2025-11-05 23:00:00,1020.1300000000001
2025-11-05 23:10:00,1020.11
2025-11-05 23:20:00,1020.0342857142857
2025-11-05 23:30:00,1019.8933333333333
2025-11-05 23:40:00,1019.7671428571429
2025-11-05 23:50:00,1019.6328571428572
2025-11-06 00:00:00,1019.525
2025-11-06 00:10:00,1019.45
2025-11-06 00:20:00,1019.2533333333334
2025-11-06 00:30:00,1019.0385714285713
2025-11-06 00:40:00,1018.8485714285714
2025-11-06 00:50:00,1018.7016666666665
2025-11-06 01:00:00,1018.5357142857143
2025-11-06 01:10:00,1018.4157142857144
2025-11-06 01:20:00,1018.3916666666668
2025-11-06 01:30:00,1018.4499999999999
2025-11-06 01:40:00,1018.5485714285713
2025-11-06 01:50:00,1018.6083333333332
2025-11-06 02:00:00,1018.6085714285713
2025-11-06 02:10:00,1018.6499999999999
2025-11-06 02:20:00,1018.6566666666668
2025-11-06 02:30:00,1018.6257142857143
2025-11-06 02:40:00,1018.5428571428572
2025-11-06 02:50:00,1018.4250000000001
2025-11-06 03:00:00,1018.3171428571428
2025-11-06 03:10:00,1018.1657142857142
2025-11-06 03:20:00,1018.0649999999999
2025-11-06 03:30:00,1017.992857142857
2025-11-06 03:40:00,1017.9342857142858
2025-11-06 03:50:00,1017.9250000000002
2025-11-06 04:00:00,1017.937142857143
2025-11-06 04:10:00,1017.9342857142858
2025-11-06 04:20:00,1017.9699999999999
2025-11-06 04:30:00,1018.0842857142856
2025-11-06 04:40:00,1018.1214285714286
2025-11-06 04:50:00,1018.125
2025-11-06 05:00:00,1018.0457142857142
2025-11-06 05:10:00,1018.0442857142856
2025-11-06 05:20:00,1018.1233333333333
2025-11-06 05:30:00,1018.2299999999999
2025-11-06 05:40:00,1018.2942857142856
2025-11-06 05:50:00,1018.3383333333333
2025-11-06 06:00:00,1018.5214285714284
2025-11-06 06:10:00,1018.6885714285715
2025-11-06 06:20:00,1018.735
2025-11-06 06:30:00,1018.8042857142856
2025-11-06 06:40:00,1018.9
2025-11-06 06:50:00,1019.0183333333333
2025-11-06 07:00:00,1019.132857142857
2025-11-06 07:10:00,1019.2828571428571
2025-11-06 07:20:00,1019.3516666666665
2025-11-06 07:30:00,1019.4371428571429
2025-11-06 07:40:00,1019.4857142857143
2025-11-06 07:50:00,1019.5083333333332
2025-11-06 08:00:00,1019.6514285714286
2025-11-06 08:10:00,1019.647142857143
2025-11-06 08:20:00,1019.6633333333334
2025-11-06 08:30:00,1019.6328571428572
2025-11-06 08:40:00,1019.5671428571428
2025-11-06 08:50:00,1019.5216666666665
2025-11-06 09:00:00,1019.5042857142856
2025-11-06 09:10:00,1019.407142857143
2025-11-06 09:20:00,1019.2999999999998
2025-11-06 09:30:00,1019.1985714285717
2025-11-06 09:40:00,1019.14
2025-11-06 09:50:00,1019.0733333333333
2025-11-06 10:00:00,1019.0457142857142
2025-11-06 10:10:00,1018.9414285714286
2025-11-06 10:20:00,1018.82
2025-11-06 10:30:00,1018.7428571428571
2025-11-06 10:40:00,1018.6514285714287
2025-11-06 10:50:00,1018.6033333333331
2025-11-06 11:00:00,1018.5042857142856
2025-11-06 11:10:00,1018.4142857142857
2025-11-06 11:20:00,1018.3533333333334
2025-11-06 11:30:00,1018.2585714285715
2025-11-06 11:40:00,1018.0985714285715
2025-11-06 11:50:00,1018.0299999999999
2025-11-06 12:00:00,1017.9285714285714
2025-11-06 12:10:00,1017.7785714285714
2025-11-06 12:20:00,1017.625
2025-11-06 12:30:00,1017.5328571428571
2025-11-06 12:40:00,1017.3900000000001
2025-11-06 12:50:00,1017.1999999999999
2025-11-06 13:00:00,1017.0200000000001
2025-11-06 13:10:00,1016.8900000000001
2025-11-06 13:20:00,1016.7616666666667
2025-11-06 13:30:00,1016.5885714285715
2025-11-06 13:40:00,1016.3428571428573
2025-11-06 13:50:00,1016.1866666666666
2025-11-06 14:00:00,1016.1571428571431
2025-11-06 14:10:00,1016.2157142857144
2025-11-06 14:20:00,1016.1283333333334
2025-11-06 14:30:00,1016.0357142857143
2025-11-06 14:40:00,1016.0128571428571
2025-11-06 14:50:00,1016.0366666666665
2025-11-06 15:00:00,1016.0128571428571
2025-11-06 15:10:00,1015.9200000000001
2025-11-06 15:20:00,1015.8566666666666
2025-11-06 15:30:00,1015.8057142857142
2025-11-06 15:40:00,1015.7300000000001
2025-11-06 15:50:00,1015.7483333333333
2025-11-06 16:00:00,1015.8171428571428
2025-11-06 16:10:00,1015.9
2025-11-06 16:20:00,1015.9933333333333
2025-11-06 16:30:00,1015.9714285714286
2025-11-06 16:40:00,1016.0114285714286
2025-11-06 16:50:00,1016.1916666666667
2025-11-06 17:00:00,1016.1814285714287
2025-11-06 17:10:00,1016.2685714285714
2025-11-06 17:20:00,1016.4050000000001
2025-11-06 17:30:00,1016.5371428571428
2025-11-06 17:40:00,1016.6842857142858
2025-11-06 17:50:00,1016.735
2025-11-06 18:00:00,1016.7099999999999
2025-11-06 18:10:00,1016.6814285714285
2025-11-06 18:20:00,1016.77
2025-11-06 18:30:00,1016.9442857142858
2025-11-06 18:40:00,1017.0799999999999
2025-11-06 18:50:00,1017.1666666666669
2025-11-06 19:00:00,1017.3028571428573
2025-11-06 19:10:00,1017.3928571428571
2025-11-06 19:20:00,1017.5066666666667
2025-11-06 19:30:00,1017.5728571428571
2025-11-06 19:40:00,1017.6857142857143
2025-11-06 19:50:00,1017.7966666666666
2025-11-06 20:00:00,1017.86
2025-11-07 05:40:00,1017.1566666666668
2025-11-07 05:50:00,1017.2883333333333
2025-11-07 06:00:00,1017.4025000000001
2026-01-03 10:00:00,1019.1850000000001
2026-01-03 17:30:00,1018.4175000000001
2026-01-03 17:40:00,1018.3800000000001
2026-01-03 17:50:00,1018.3900000000001
2026-01-03 18:30:00,1018.576
2026-01-03 18:40:00,1018.485
2026-01-03 18:50:00,1018.4133333333334
2026-01-03 19:00:00,1018.4150000000001
2026-01-03 19:10:00,1018.4733333333334
2026-01-03 19:20:00,1018.6
2026-01-03 19:30:00,1018.7333333333332
2026-01-03 19:40:00,1018.87
2026-01-03 19:50:00,1019.0033333333334
2026-01-03 20:00:00,1019.0649999999999
2026-01-03 20:10:00,1019.1266666666667
2026-01-03 20:20:00,1019.215
2026-01-03 20:30:00,1019.3299999999999
2026-01-03 20:40:00,1019.455
2026-01-03 20:50:00,1019.5866666666667
2026-01-03 21:00:00,1019.73
2026-01-03 21:10:00,1019.8866666666667
2026-01-03 21:20:00,1020.005
2026-01-03 21:30:00,1020.1333333333333
2026-01-03 21:40:00,1020.225
2026-01-03 21:50:00,1020.3299999999999
2026-01-03 22:00:00,1020.4000000000001
2026-01-03 22:10:00,1020.4500000000002
2026-01-03 22:20:00,1020.4300000000001
2026-01-03 22:30:00,1020.4033333333333
2026-01-03 22:40:00,1020.3750000000001
2026-01-03 22:50:00,1020.3299999999999
2026-01-03 23:00:00,1020.275
2026-01-03 23:10:00,1020.2000000000002
2026-01-03 23:20:00,1020.12
2026-01-03 23:30:00,1020.0566666666667
2026-01-03 23:40:00,1019.995
2026-01-03 23:50:00,1019.9166666666666
2026-01-04 00:00:00,1019.84
2026-01-04 00:10:00,1019.7000000000002
2026-01-04 00:20:00,1019.555
2026-01-04 00:30:00,1019.4433333333333
2026-01-04 00:40:00,1019.37
2026-01-04 00:50:00,1019.3266666666665
2026-01-04 01:00:00,1019.225
2026-01-04 01:10:00,1019.0799999999999
2026-01-04 01:20:00,1018.89
2026-01-04 01:30:00,1018.7366666666667
2026-01-04 01:40:00,1018.61
2026-01-04 01:50:00,1018.5166666666668
2026-01-04 02:00:00,1018.4200000000001
2026-01-04 02:10:00,1018.3166666666666
2026-01-04 02:20:00,1018.245
2026-01-04 02:30:00,1018.1666666666666
2026-01-04 02:40:00,1018.1049999999999
2026-01-04 02:50:00,1018.1366666666668
2026-01-04 03:00:00,1018.1650000000001
2026-01-04 03:10:00,1018.1466666666669
2026-01-04 03:20:00,1018.1450000000001
2026-01-04 03:30:00,1018.1600000000002
2026-01-04 03:40:00,1018.1850000000001
2026-01-04 03:50:00,1018.2066666666666
2026-01-04 04:00:00,1018.29
2026-01-04 04:10:00,1018.3666666666668
2026-01-04 04:20:00,1018.44
2026-01-04 04:30:00,1018.54
2026-01-04 04:40:00,1018.6500000000001
2026-01-04 04:50:00,1018.7666666666668
2026-01-04 05:00:00,1018.865
2026-01-04 05:10:00,1018.94
2026-01-04 05:20:00,1019.025
2026-01-04 05:30:00,1019.1
2026-01-04 05:40:00,1019.2
2026-01-04 05:50:00,1019.2833333333333
2026-01-04 06:00:00,1019.3900000000001
2026-01-04 06:10:00,1019.4966666666666
2026-01-04 06:20:00,1019.615
2026-01-04 06:30:00,1019.6666666666666
2026-01-04 06:40:00,1019.755
2026-01-04 06:50:00,1019.87
2026-01-04 07:00:00,1020
2026-01-04 07:10:00,1020.14
2026-01-04 07:20:00,1020.42
2026-01-04 07:30:00,1020.6366666666667
2026-01-04 07:40:00,1020.755
2026-01-04 07:50:00,1020.7800000000001
2026-01-04 08:00:00,1020.86
2026-01-04 08:10:00,1020.9366666666668
2026-01-04 08:20:00,1021.005
2026-01-04 08:30:00,1021.0866666666666
2026-01-04 08:40:00,1021.1550000000001
2026-01-04 08:50:00,1021.1966666666667
2026-01-04 09:00:00,1021.1650000000001
2026-01-04 09:10:00,1021.2000000000002
2026-01-04 09:20:00,1021.25
2026-01-04 09:30:00,1021.39
2026-01-04 09:40:00,1021.445
2026-01-04 09:50:00,1021.3566666666667
2026-01-04 10:00:00,1021.28
2026-01-04 10:10:00,1021.2266666666668
2026-01-04 10:20:00,1021.1850000000001
2026-01-04 10:30:00,1021.1300000000001
2026-01-04 10:40:00,1021.1250000000001
2026-01-04 10:50:00,1021.0533333333333
2026-01-04 11:00:00,1020.985
2026-01-04 11:10:00,1020.9166666666666
2026-01-04 11:20:00,1020.8199999999999
2026-01-04 11:30:00,1020.7533333333334
2026-01-04 11:40:00,1020.6550000000001
2026-01-04 11:50:00,1020.5366666666665
2026-01-04 12:00:00,1020.4000000000001
2026-01-04 12:10:00,1020.2800000000001
2026-01-04 12:20:00,1020.1500000000001
2026-01-04 12:30:00,1020.0133333333333
2026-01-04 12:40:00,1019.855
2026-01-04 12:50:00,1019.7199999999999
2026-01-04 13:00:00,1019.545
2026-01-04 13:10:00,1019.4066666666668
2026-01-04 13:20:00,1019.305
2026-01-04 13:30:00,1019.1700000000001
2026-01-04 13:40:00,1019.03
2026-01-04 13:50:00,1018.9133333333334
2026-01-04 14:00:00,1018.81
2026-01-04 14:10:00,1018.6933333333333
2026-01-04 14:20:00,1018.59
2026-01-04 14:30:00,1018.54
2026-01-04 14:40:00,1018.505
2026-01-04 14:50:00,1018.4466666666667
2026-01-04 15:00:00,1018.3449999999999
2026-01-04 15:10:00,1018.2733333333332
2026-01-04 15:20:00,1018.22
2026-01-04 15:30:00,1018.2066666666666
2026-01-04 15:40:00,1018.2
2026-01-04 15:50:00,1018.19
2026-01-04 16:00:00,1018.225
2026-01-04 16:10:00,1018.27
2026-01-04 16:20:00,1018.3
2026-01-04 16:30:00,1018.3566666666666
2026-01-04 16:40:00,1018.4350000000001
2026-01-04 16:50:00,1018.5133333333333
2026-01-04 17:00:00,1018.5849999999999
2026-01-04 17:10:00,1018.6600000000002
2026-01-04 17:20:00,1018.775
2026-01-04 17:30:00,1018.9066666666668
2026-01-04 17:40:00,1019.05
2026-01-04 17:50:00,1019.1766666666667
2026-01-04 18:00:00,1019.25
2026-01-04 18:10:00,1019.3066666666667
2026-01-04 18:20:00,1019.3499999999999
2026-01-04 18:30:00,1019.4333333333334
2026-01-04 18:40:00,1019.545
2026-01-04 18:50:00,1019.68
2026-01-04 19:00:00,1019.8199999999999
2026-01-04 19:10:00,1019.9566666666666
2026-01-04 19:20:00,1020.11
2026-01-04 19:30:00,1020.2533333333334
2026-01-04 19:40:00,1020.3950000000001
2026-01-04 19:50:00,1020.5266666666666
2026-01-04 20:00:00,1020.6650000000001
2026-01-04 20:10:00,1020.8166666666666
2026-01-04 20:20:00,1020.8950000000001
2026-01-04 20:30:00,1020.9433333333333
2026-01-04 20:40:00,1021.01
2026-01-04 20:50:00,1021.0799999999999
2026-01-04 21:00:00,1021.1250000000001
2026-01-04 21:10:00,1021.14
2026-01-04 21:20:00,1021.1200000000001
2026-01-04 21:30:00,1021.115
2026-01-04 21:40:00,1021.1033333333331
2026-01-04 21:50:00,1021.1250000000001
2026-01-04 22:00:00,1021.1600000000002
2026-01-04 22:10:00,1021.19
2026-01-04 22:20:00,1021.18
2026-01-04 22:30:00,1021.1400000000001
2026-01-04 22:40:00,1021.1
2026-01-04 22:50:00,1021.04
2026-01-04 23:00:00,1020.9633333333335
2026-01-04 23:10:00,1020.8850000000001
2026-01-04 23:20:00,1020.82
2026-01-04 23:30:00,1020.755
2026-01-04 23:40:00,1020.6666666666666
2026-01-04 23:50:00,1020.5749999999999
2026-01-05 00:00:00,1020.4733333333334
2026-01-05 00:10:00,1020.365
2026-01-05 00:20:00,1020.2566666666667
2026-01-05 00:30:00,1020.1650000000001
2026-01-05 00:40:00,1020.0633333333332
2026-01-05 00:50:00,1019.96
2026-01-05 01:00:00,1019.8566666666666
2026-01-05 01:10:00,1019.72
2026-01-05 01:20:00,1019.6533333333333
2026-01-05 01:30:00,1019.615
2026-01-05 01:40:00,1019.5300000000001
2026-01-05 01:50:00,1019.4000000000001
2026-01-05 02:00:00,1019.2666666666668
2026-01-05 02:10:00,1019.1700000000001
2026-01-05 02:20:00,1019.1133333333333
2026-01-05 02:30:00,1019.0749999999999
2026-01-05 02:40:00,1019.0566666666667
2026-01-05 02:50:00,1019.03
2026-01-05 03:00:00,1019.02
2026-01-05 03:10:00,1019.005
2026-01-05 03:20:00,1019.0133333333333
2026-01-05 03:30:00,1019.05
2026-01-05 03:40:00,1019.0300000000001
2026-01-05 03:50:00,1019.0649999999999
2026-01-05 04:00:00,1019.0866666666666
2026-01-05 04:10:00,1019.1400000000001
2026-01-05 04:20:00,1019.18
2026-01-05 04:30:00,1019.22
2026-01-05 04:40:00,1019.2466666666666
2026-01-05 04:50:00,1019.255
2026-01-05 05:00:00,1019.29
2026-01-05 05:10:00,1019.3
2026-01-05 05:20:00,1019.3266666666665
2026-01-05 05:30:00,1019.4000000000001
2026-01-05 05:40:00,1019.5
2026-01-05 05:50:00,1019.55
2026-01-05 06:00:00,1019.6666666666666
2026-01-05 06:10:00,1019.79
2026-01-05 06:20:00,1019.8866666666667
2026-01-05 06:30:00,1019.945
2026-01-05 06:40:00,1019.9966666666666
2026-01-05 06:50:00,1020.0799999999999
2026-01-05 07:00:00,1020.1833333333334
2026-01-05 07:10:00,1020.3249999999999
2026-01-05 07:20:00,1020.4533333333334
2026-01-05 07:30:00,1020.5649999999999
2026-01-05 07:40:00,1020.64
2026-01-05 07:50:00,1020.74
2026-01-05 08:00:00,1020.86
2026-01-05 08:10:00,1020.86
2026-01-05 08:20:00,1020.9000000000001
2026-01-05 08:30:00,1020.9300000000001
2026-01-05 08:40:00,1020.9166666666666
2026-01-05 08:50:00,1020.9250000000001
2026-01-05 09:00:00,1020.9333333333334
2026-01-05 09:10:00,1020.9350000000001
2026-01-05 09:20:00,1020.96
2026-01-05 09:30:00,1020.985
2026-01-05 09:40:00,1020.9533333333334
2026-01-05 09:50:00,1020.9150000000001
2026-01-05 10:00:00,1020.8866666666668
2026-01-05 10:10:00,1020.8750000000001
2026-01-05 10:20:00,1020.8733333333334
2026-01-05 10:30:00,1020.8750000000001
2026-01-05 10:40:00,1020.8266666666665
2026-01-05 10:50:00,1020.755
2026-01-05 11:00:00,1020.6966666666667
2026-01-05 11:10:00,1020.63
2026-01-05 11:20:00,1020.52
2026-01-05 11:30:00,1020.3950000000001
2026-01-05 11:40:00,1020.2933333333334
2026-01-05 11:50:00,1020.1600000000001
2026-01-05 12:00:00,1020.0266666666666
2026-01-05 12:10:00,1019.89
2026-01-05 12:20:00,1019.7633333333333
2026-01-05 12:30:00,1019.6450000000001
2026-01-05 12:40:00,1019.5266666666666
2026-01-05 12:50:00,1019.4050000000001
2026-01-05 13:00:00,1019.2966666666666
2026-01-05 13:10:00,1019.215
2026-01-05 13:20:00,1019.1
2026-01-05 13:30:00,1018.98
2026-01-05 13:40:00,1018.8833333333333
2026-01-05 13:50:00,1018.79
2026-01-05 14:00:00,1018.7166666666667
2026-01-05 14:10:00,1018.695
2026-01-05 14:20:00,1018.6533333333333
2026-01-05 14:30:00,1018.62
2026-01-05 14:40:00,1018.5766666666665
2026-01-05 14:50:00,1018.555
2026-01-05 15:00:00,1018.56
2026-01-05 15:10:00,1018.6049999999999
2026-01-05 15:20:00,1018.6500000000001
2026-01-05 15:30:00,1018.695
2026-01-05 15:40:00,1018.7133333333335
2026-01-05 15:50:00,1018.735
2026-01-05 16:00:00,1018.7999999999998
2026-01-05 16:10:00,1018.8499999999999
2026-01-05 16:20:00,1018.94
2026-01-05 16:30:00,1019.05
2026-01-05 16:40:00,1019.1466666666666
2026-01-05 16:50:00,1019.21
2026-01-05 17:00:00,1019.2733333333332
2026-01-05 17:10:00,1019.36
2026-01-05 17:20:00,1019.4166666666666
2026-01-05 17:30:00,1019.46
2026-01-05 17:40:00,1019.5166666666668
2026-01-05 17:50:00,1019.56
2026-01-05 18:00:00,1019.5799999999999
2026-01-05 18:10:00,1019.62
2026-01-05 18:20:00,1019.6833333333334
2026-01-05 18:30:00,1019.84
2026-01-05 18:40:00,1019.9533333333334
2026-01-05 18:50:00,1020.03
2026-01-05 19:00:00,1020.1366666666667
2026-01-05 19:10:00,1020.25
2026-01-05 19:20:00,1020.35
2026-01-05 19:30:00,1020.4100000000001
2026-01-05 19:40:00,1020.4666666666667
2026-01-05 19:50:00,1020.535
2026-01-05 20:00:00,1020.6099999999999
2026-01-05 20:10:00,1020.735
2026-01-05 20:20:00,1020.8149999999999
2026-01-05 20:30:00,1020.9033333333333
2026-01-05 20:40:00,1021
2026-01-05 20:50:00,1021.0933333333332
2026-01-05 21:00:00,1021.1500000000001
2026-01-05 21:10:00,1021.1166666666668
2026-01-05 21:20:00,1021.11
2026-01-05 21:30:00,1021.14
2026-01-05 21:40:00,1021.1550000000001
2026-01-05 21:50:00,1021.1166666666668
2026-01-05 22:00:00,1021.0899999999999
2026-01-05 22:10:00,1021.0733333333333
2026-01-05 22:20:00,1021.055
2026-01-05 22:30:00,1021.0166666666668
2026-01-05 22:40:00,1020.98
2026-01-05 22:50:00,1020.9666666666667
2026-01-05 23:00:00,1020.9300000000001
2026-01-05 23:10:00,1020.87
2026-01-05 23:20:00,1020.78
2026-01-05 23:30:00,1020.6766666666667
2026-01-05 23:40:00,1020.5649999999999
2026-01-05 23:50:00,1020.4466666666667
2026-01-06 00:00:00,1020.35
2026-01-06 00:10:00,1020.2166666666667
2026-01-06 00:20:00,1020.11
2026-01-06 00:30:00,1019.98
2026-01-06 00:40:00,1019.86
2026-01-06 00:50:00,1019.77
2026-01-06 01:00:00,1019.6450000000001
2026-01-06 01:10:00,1019.5466666666666
2026-01-06 01:20:00,1019.475
2026-01-06 01:30:00,1019.4533333333334
2026-01-06 01:40:00,1019.445
2026-01-06 01:50:00,1019.3266666666667
2026-01-06 02:00:00,1019.1850000000001
2026-01-06 02:10:00,1019.0833333333334
2026-01-06 02:20:00,1019.03
2026-01-06 02:30:00,1018.96
2026-01-06 02:40:00,1018.9000000000001
2026-01-06 02:50:00,1018.8033333333333
2026-01-06 03:00:00,1018.735
2026-01-06 03:10:00,1018.7033333333334
2026-01-06 03:20:00,1018.72
2026-01-06 03:30:00,1018.7466666666666
2026-01-06 03:40:00,1018.775
2026-01-06 03:50:00,1018.79
2026-01-06 04:00:00,1018.79
2026-01-06 04:10:00,1018.7999999999998
2026-01-06 04:20:00,1018.8349999999999
2026-01-06 04:30:00,1018.8933333333334
2026-01-06 04:40:00,1018.975
2026-01-06 04:50:00,1019.0233333333332
2026-01-06 05:00:00,1019.05
2026-01-06 05:10:00,1019.1033333333334
2026-01-06 05:20:00,1019.19
2026-01-06 05:30:00,1019.2166666666667
2026-01-06 05:40:00,1019.23
2026-01-06 05:50:00,1019.2333333333332
2026-01-06 06:00:00,1019.3199999999999
2026-01-06 06:10:00,1019.4433333333333
2026-01-06 06:20:00,1019.5749999999999
2026-01-06 06:30:00,1019.68
2026-01-06 06:40:00,1019.725
2026-01-06 06:50:00,1019.8133333333332
2026-01-06 07:00:00,1019.9250000000001
2026-01-06 07:10:00,1020.1033333333334
2026-01-06 07:20:00,1020.325
2026-01-06 07:30:00,1020.5033333333334
2026-01-06 07:40:00,1020.6650000000001
2026-01-06 07:50:00,1020.7233333333334
2026-01-06 08:00:00,1020.71
2026-01-06 08:10:00,1020.7633333333333
2026-01-06 08:20:00,1020.8349999999999
2026-01-06 08:30:00,1020.9266666666667
2026-01-06 08:40:00,1020.985
2026-01-06 08:50:00,1020.8466666666667
2026-01-06 09:00:00,1020.77
2026-01-06 09:10:00,1020.7800000000001
2026-01-06 09:20:00,1020.755
2026-01-06 09:30:00,1020.7133333333335
2026-01-06 09:40:00,1020.715
2026-01-06 09:50:00,1020.6433333333334
2026-01-06 10:00:00,1020.6350000000001
2026-01-06 10:10:00,1020.6233333333333
2026-01-06 10:20:00,1020.5649999999999
2026-01-06 10:30:00,1020.48
2026-01-06 10:40:00,1020.3950000000001
2026-01-06 10:50:00,1020.2400000000001
2026-01-06 11:00:00,1020.0749999999999
2026-01-06 11:10:00,1019.9625000000001
2026-01-06 11:20:00,1019.86
2026-01-06 11:30:00,1019.7766666666666
2026-01-06 11:40:00,1019.69
2026-01-06 11:50:00,1019.6033333333334
2026-01-06 12:00:00,1019.505
2026-01-06 12:10:00,1019.4200000000001
2026-01-06 12:20:00,1019.3249999999999
2026-01-06 12:30:00,1019.23
2026-01-06 12:40:00,1019.14
2026-01-06 12:50:00,1019.0133333333333
2026-01-06 13:00:00,1018.87
2026-01-06 13:10:00,1018.7366666666667
2026-01-06 13:20:00,1018.605
2026-01-06 13:30:00,1018.4566666666666
2026-01-06 13:40:00,1018.255
2026-01-06 13:50:00,1018.07
2026-01-06 14:00:00,1017.95
2026-01-06 14:10:00,1017.9000000000001
2026-01-06 14:20:00,1017.865
2026-01-06 14:30:00,1017.7266666666668
2026-01-06 14:40:00,1017.625
2026-01-06 14:50:00,1017.5666666666666
2026-01-06 15:00:00,1017.525
2026-01-06 15:10:00,1017.4900000000001
2026-01-06 15:20:00,1017.485
2026-01-06 15:30:00,1017.5733333333333
2026-01-06 15:40:00,1017.6850000000001
2026-01-06 15:50:00,1017.7866666666665
2026-01-06 16:00:00,1017.9200000000001
2026-01-06 16:10:00,1018.0433333333334
2026-01-06 16:20:00,1018.11
2026-01-06 16:30:00,1018.2000000000002
2026-01-06 16:40:00,1018.31
2026-01-06 16:50:00,1018.3933333333334
2026-01-06 17:00:00,1018.465
2026-01-06 17:10:00,1018.5333333333333
2026-01-06 17:20:00,1018.6450000000001
2026-01-06 17:30:00,1018.7199999999999
2026-01-06 17:40:00,1018.79
2026-01-06 17:50:00,1018.8266666666665
2026-01-06 18:00:00,1018.8900000000001
2026-01-06 18:10:00,1018.9433333333333
2026-01-06 18:20:00,1018.995
2026-01-06 18:30:00,1019.06
2026-01-06 18:40:00,1019.1550000000001
2026-01-06 18:50:00,1019.2533333333334
2026-01-06 19:00:00,1019.35
2026-01-06 19:10:00,1019.4633333333335
2026-01-06 19:20:00,1019.52
2026-01-06 19:30:00,1019.5333333333333
2026-01-06 19:40:00,1019.61
2026-01-06 19:50:00,1019.7233333333334
2026-01-06 20:00:00,1019.8399999999999
2026-01-06 20:10:00,1019.9366666666668
2026-01-06 20:20:00,1019.995
2026-01-06 20:30:00,1020.0666666666666
2026-01-06 20:40:00,1020.115
2026-01-06 20:50:00,1020.1866666666668
2026-01-06 21:00:00,1020.255
2026-01-06 21:10:00,1020.27
2026-01-06 21:20:00,1020.295
2026-01-06 21:30:00,1020.29
2026-01-06 21:40:00,1020.275
2026-01-06 21:50:00,1020.27
2026-01-06 22:00:00,1020.27
2026-01-06 22:10:00,1020.2566666666667
2026-01-06 22:20:00,1020.215
2026-01-06 22:30:00,1020.1633333333334
2026-01-06 22:40:00,1020.125
2026-01-06 22:50:00,1020.0899999999998
2026-01-06 23:00:00,1020.0799999999999
2026-01-06 23:10:00,1020.0333333333333
2026-01-06 23:20:00,1019.985
2026-01-06 23:30:00,1019.9333333333334
2026-01-06 23:40:00,1019.87
2026-01-06 23:50:00,1019.77
2026-01-07 00:00:00,1019.62
2026-01-07 00:10:00,1019.4866666666667
2026-01-07 00:20:00,1019.36
2026-01-07 00:30:00,1019.2999999999998
2026-01-07 00:40:00,1019.26
2026-01-07 00:50:00,1019.1866666666668
2026-01-07 01:00:00,1019.0949999999999
2026-01-07 01:10:00,1019.0066666666667
2026-01-07 01:20:00,1018.9250000000001
2026-01-07 01:30:00,1018.8299999999999
2026-01-07 01:40:00,1018.75
2026-01-07 01:50:00,1018.6766666666667
2026-01-07 02:00:00,1018.6550000000001
2026-01-07 02:10:00,1018.6233333333333
2026-01-07 02:20:00,1018.56
2026-01-07 02:30:00,1018.4933333333333
2026-01-07 02:40:00,1018.3950000000001
2026-01-07 02:50:00,1018.32
2026-01-07 03:00:00,1018.3349999999999
2026-01-07 03:10:00,1018.3766666666667
2026-01-07 03:20:00,1018.4050000000001
2026-01-07 03:30:00,1018.4100000000002
2026-01-07 03:40:00,1018.44
2026-01-07 03:50:00,1018.5066666666667
2026-01-07 04:00:00,1018.53
2026-01-07 04:10:00,1018.5633333333332
2026-01-07 04:20:00,1018.62
2026-01-07 04:30:00,1018.6566666666668
2026-01-07 04:40:00,1018.745
2026-01-07 04:50:00,1018.8133333333332
2026-01-07 05:00:00,1018.9150000000001
2026-01-07 05:10:00,1018.9633333333335
2026-01-07 05:20:00,1018.97
2026-01-07 05:30:00,1019.0066666666667
2026-01-07 05:40:00,1019.0749999999999
2026-01-07 05:50:00,1019.0733333333333
2026-01-07 06:00:00,1019.1450000000001
2026-01-07 06:10:00,1019.2433333333333
2026-01-07 06:20:00,1019.3199999999999
2026-01-07 06:30:00,1019.4566666666666
2026-01-07 06:40:00,1019.605
2026-01-07 06:50:00,1019.7199999999999
2026-01-07 07:00:00,1019.8249999999999
2026-01-07 07:10:00,1019.8433333333332
2026-01-07 07:20:00,1019.8900000000001
2026-01-07 07:30:00,1019.9933333333333
2026-01-07 07:40:00,1020.135
2026-01-07 07:50:00,1020.23
2026-01-07 08:00:00,1020.25
2026-01-07 08:10:00,1020.2833333333333
2026-01-07 08:20:00,1020.285
2026-01-07 08:30:00,1020.3299999999999
2026-01-07 08:40:00,1020.3800000000001
2026-01-07 08:50:00,1020.4100000000002
2026-01-07 09:00:00,1020.4250000000001
2026-01-07 09:10:00,1020.4333333333334
2026-01-07 09:20:00,1020.44
2026-01-07 09:30:00,1020.4333333333334
2026-01-07 09:40:00,1020.4100000000001
2026-01-07 09:50:00,1020.4333333333334
2026-01-07 10:00:00,1020.4350000000001
2026-01-07 10:10:00,1020.4033333333333
2026-01-07 10:20:00,1020.3199999999999
2026-01-07 10:30:00,1020.26
2026-01-07 10:40:00,1020.1433333333334
2026-01-07 10:50:00,1020.005
2026-01-07 11:00:00,1019.8699999999999
2026-01-07 11:10:00,1019.76
2026-01-07 11:20:00,1019.6333333333333
2026-01-07 11:30:00,1019.49
2026-01-07 11:40:00,1019.3699999999999
2026-01-07 11:50:00,1019.27
2026-01-07 12:00:00,1019.1233333333333
2026-01-07 12:10:00,1018.98
2026-01-07 12:20:00,1018.8299999999999
2026-01-07 12:30:00,1018.725
2026-01-07 12:40:00,1018.6133333333333
2026-01-07 12:50:00,1018.4200000000001
2026-01-07 13:00:00,1018.2766666666666
2026-01-07 13:10:00,1018.1500000000001
2026-01-07 13:20:00,1018.0166666666668
2026-01-07 13:30:00,1017.9200000000001
2026-01-07 13:40:00,1017.7933333333334
2026-01-07 13:50:00,1017.705
2026-01-07 14:00:00,1017.6133333333333
2026-01-07 14:10:00,1017.495
2026-01-07 14:20:00,1017.4
2026-01-07 14:30:00,1017.28
2026-01-07 14:40:00,1017.21
2026-01-07 14:50:00,1017.1500000000001
2026-01-07 15:00:00,1017.1333333333336
2026-01-07 15:10:00,1017.1250000000001
2026-01-07 15:20:00,1017.1266666666667
2026-01-07 15:30:00,1017.1200000000001
2026-01-07 15:40:00,1017.1366666666668
2026-01-07 15:50:00,1017.1750000000001
2026-01-07 16:00:00,1017.2466666666666
2026-01-07 16:10:00,1017.3399999999999
2026-01-07 16:20:00,1017.3933333333334
2026-01-07 16:30:00,1017.475
2026-01-07 16:40:00,1017.54
2026-01-07 16:50:00,1017.6450000000001
2026-01-07 17:00:00,1017.7166666666667
2026-01-07 17:10:00,1017.795
2026-01-07 17:20:00,1017.8733333333333
2026-01-07 17:30:00,1017.975
2026-01-07 17:40:00,1018.06
2026-01-07 17:50:00,1018.1049999999999
2026-01-07 18:00:00,1018.1333333333336
2026-01-07 18:10:00,1018.195
2026-01-07 18:20:00,1018.2599999999999
2026-01-07 18:30:00,1018.3249999999999
2026-01-07 18:40:00,1018.4666666666667
2026-01-07 18:50:00,1018.555
2026-01-07 19:00:00,1018.64
2026-01-07 19:10:00,1018.71
2026-01-07 19:20:00,1018.8133333333332
2026-01-07 19:30:00,1018.9050000000001
2026-01-07 19:40:00,1019.0300000000001
2026-01-07 19:50:00,1019.1650000000001
2026-01-07 20:00:00,1019.2933333333334
2026-01-07 20:10:00,1019.3950000000001
2026-01-07 20:20:00,1019.44
2026-01-07 20:30:00,1019.49
2026-01-07 20:40:00,1019.52
2026-01-07 20:50:00,1019.555
2026-01-07 21:00:00,1019.5566666666667
2026-01-07 21:10:00,1019.56
2026-01-07 21:20:00,1019.6233333333333
2026-01-07 21:30:00,1019.6800000000001
2026-01-07 21:40:00,1019.6933333333333
2026-01-07 21:50:00,1019.71
2026-01-07 22:00:00,1019.7166666666667
2026-01-07 22:10:00,1019.725
2026-01-07 22:20:00,1019.75
2026-01-07 22:30:00,1019.735
2026-01-07 22:40:00,1019.6966666666667
2026-01-07 22:50:00,1019.6500000000001
2026-01-07 23:00:00,1019.5633333333332
2026-01-07 23:10:00,1019.48
2026-01-07 23:20:00,1019.4233333333335
2026-01-07 23:30:00,1019.3850000000001
2026-01-07 23:40:00,1019.35
2026-01-07 23:50:00,1019.305
2026-01-08 00:00:00,1019.2233333333334
2026-01-08 00:10:00,1019.1300000000001
2026-01-08 00:20:00,1019.0533333333333
2026-01-08 00:30:00,1018.975
2026-01-08 00:40:00,1018.8933333333334
2026-01-08 00:50:00,1018.8249999999999
2026-01-08 01:00:00,1018.7466666666666
2026-01-08 01:10:00,1018.6650000000001
2026-01-08 01:20:00,1018.5533333333333
2026-01-08 01:30:00,1018.455
2026-01-08 01:40:00,1018.3666666666667
2026-01-08 01:50:00,1018.3349999999999
2026-01-08 02:00:00,1018.2800000000001
2026-01-08 02:10:00,1018.21
2026-01-08 02:20:00,1018.1733333333335
2026-01-08 02:30:00,1018.1700000000001
2026-01-08 02:40:00,1018.1666666666666
2026-01-08 02:50:00,1018.1600000000001
2026-01-08 03:00:00,1018.1333333333336
2026-01-08 03:10:00,1018.1300000000001
2026-01-08 03:20:00,1018.18
2026-01-08 03:30:00,1018.235
2026-01-08 03:40:00,1018.2833333333333
2026-01-08 03:50:00,1018.3299999999999
2026-01-08 04:00:00,1018.3800000000001
2026-01-08 04:10:00,1018.4200000000001
2026-01-08 04:20:00,1018.5033333333334
2026-01-08 04:30:00,1018.595
2026-01-08 04:40:00,1018.7566666666667
2026-01-08 04:50:00,1018.9050000000001
2026-01-08 05:00:00,1018.9433333333333
2026-01-08 05:10:00,1018.97
2026-01-08 05:20:00,1018.9900000000001
2026-01-08 05:30:00,1019
2026-01-08 05:40:00,1019.0866666666666
2026-01-08 05:50:00,1019.1450000000001
2026-01-08 06:00:00,1019.1966666666667
2026-01-08 06:10:00,1019.275
2026-01-08 06:20:00,1019.3766666666667
2026-01-08 06:30:00,1019.465
2026-01-08 06:40:00,1019.54
2026-01-08 06:50:00,1019.615
2026-01-08 07:00:00,1019.7199999999999
2026-01-08 07:10:00,1019.85
2026-01-08 07:20:00,1020.0666666666666
2026-01-08 07:30:00,1020.23
2026-01-08 07:40:00,1020.31
2026-01-08 07:50:00,1020.365
2026-01-08 08:00:00,1020.4166666666666
2026-01-08 08:10:00,1020.4300000000001
2026-01-08 08:20:00,1020.4100000000002
2026-01-08 08:30:00,1020.3850000000001
2026-01-08 08:40:00,1020.4000000000001
2026-01-08 08:50:00,1020.4250000000001
2026-01-08 09:00:00,1020.3833333333336
2026-01-08 09:10:00,1020.3599999999999
2026-01-08 09:20:00,1020.3166666666666
2026-01-08 09:30:00,1020.3299999999999
2026-01-08 09:40:00,1020.25
2026-01-08 09:50:00,1020.23
2026-01-08 10:00:00,1020.2066666666666
2026-01-08 10:10:00,1020.135
2026-01-08 10:20:00,1020.0999999999999
2026-01-08 10:30:00,1019.99
2026-01-08 10:40:00,1019.8566666666666
2026-01-08 10:50:00,1019.745
2026-01-08 11:00:00,1019.6133333333333
2026-01-08 11:10:00,1019.465
2026-01-08 11:20:00,1019.3100000000001
2026-01-08 11:30:00,1019.2
2026-01-08 11:40:00,1019.0433333333334
2026-01-08 11:50:00,1018.9150000000001
2026-01-08 12:00:00,1018.87
2026-01-08 12:10:00,1018.8149999999999
2026-01-08 12:20:00,1018.7366666666667
2026-01-08 12:30:00,1018.6600000000001
2026-01-08 12:40:00,1018.5633333333332
2026-01-08 12:50:00,1018.4150000000001
2026-01-08 13:00:00,1018.2966666666666
2026-01-08 13:10:00,1018.1850000000001
2026-01-08 13:20:00,1018.0499999999998
2026-01-08 13:30:00,1017.945
2026-01-08 13:40:00,1017.8033333333333
2026-01-08 13:50:00,1017.6750000000001
2026-01-08 14:00:00,1017.5733333333333
2026-01-08 14:10:00,1017.48
2026-01-08 14:20:00,1017.4166666666666
2026-01-08 14:30:00,1017.3199999999999
2026-01-08 14:40:00,1017.2733333333332
2026-01-08 14:50:00,1017.1750000000001
2026-01-08 15:00:00,1017.1199999999999
2026-01-08 15:10:00,1017.1049999999999
2026-01-08 15:20:00,1017.0566666666667
2026-01-08 15:30:00,1016.99
2026-01-08 15:40:00,1016.9766666666668
2026-01-08 15:50:00,1017.025
2026-01-08 16:00:00,1017.12
2026-01-08 16:10:00,1017.22
2026-01-08 16:20:00,1017.36
2026-01-08 16:30:00,1017.45
2026-01-08 16:40:00,1017.5300000000001
2026-01-08 16:50:00,1017.615
2026-01-08 17:00:00,1017.7400000000001
2026-01-08 17:10:00,1017.8449999999999
2026-01-08 17:20:00,1017.9333333333334
2026-01-08 17:30:00,1017.995
2026-01-08 17:40:00,1018.0133333333333
2026-01-08 17:50:00,1018.04
2026-01-08 18:00:00,1018.0833333333334
2026-01-08 18:10:00,1018.125
2026-01-08 18:20:00,1018.2000000000002
2026-01-08 18:30:00,1018.3
2026-01-08 18:40:00,1018.4233333333335
2026-01-08 18:50:00,1018.585
2026-01-08 19:00:00,1018.7333333333332
2026-01-08 19:10:00,1018.865
2026-01-08 19:20:00,1018.9699999999999
2026-01-08 19:30:00,1019.055
2026-01-08 19:40:00,1019.19
2026-01-08 19:50:00,1019.355
2026-01-08 20:00:00,1019.5033333333334
2026-01-08 20:10:00,1019.63
2026-01-08 20:20:00,1019.7566666666667
2026-01-08 20:30:00,1019.8299999999999
2026-01-08 20:40:00,1019.8766666666667
2026-01-08 20:50:00,1019.98
2026-01-08 21:00:00,1020.1033333333334
2026-01-08 21:10:00,1020.1700000000001
2026-01-08 21:20:00,1020.2199999999999
2026-01-08 21:30:00,1020.26
2026-01-08 21:40:00,1020.2833333333333
2026-01-08 21:50:00,1020.29
2026-01-08 22:00:00,1020.27
2026-01-08 22:10:00,1020.255
2026-01-08 22:20:00,1020.23
2026-01-08 22:30:00,1020.1700000000001
2026-01-08 22:40:00,1020.1166666666668
2026-01-08 22:50:00,1020.03
2026-01-08 23:00:00,1019.9533333333334
2026-01-08 23:10:00,1019.9050000000001
2026-01-08 23:20:00,1019.8666666666668
2026-01-08 23:30:00,1019.785
2026-01-08 23:40:00,1019.6466666666666
2026-01-08 23:50:00,1019.535
2026-01-09 00:00:00,1019.46
2026-01-09 00:10:00,1019.3950000000001
2026-01-09 00:20:00,1019.2599999999999
2026-01-09 00:30:00,1019.1500000000001
2026-01-09 00:40:00,1019.0066666666667
2026-01-09 00:50:00,1018.835
2026-01-09 01:00:00,1018.6666666666666
2026-01-09 01:10:00,1018.53
2026-01-09 01:20:00,1018.4500000000002
2026-01-09 01:30:00,1018.4100000000001
2026-01-09 01:40:00,1018.3800000000001
2026-01-09 01:50:00,1018.3199999999999
2026-01-09 02:00:00,1018.2633333333333
2026-01-09 02:10:00,1018.25
2026-01-09 02:20:00,1018.2000000000002
2026-01-09 02:30:00,1018.12
2026-01-09 02:40:00,1018.04
2026-01-09 02:50:00,1017.9250000000001
2026-01-09 03:00:00,1017.8866666666668
2026-01-09 03:10:00,1017.94
2026-01-09 03:20:00,1018.0333333333333
2026-01-09 03:30:00,1018.1750000000001
2026-01-09 03:40:00,1018.2999999999998
2026-01-09 03:50:00,1018.3900000000001
2026-01-09 04:00:00,1018.4666666666667
2026-01-09 04:10:00,1018.54
2026-01-09 04:20:00,1018.6366666666667
2026-01-09 04:30:00,1018.6450000000001
2026-01-09 04:40:00,1018.61
2026-01-09 04:50:00,1018.625
2026-01-09 05:00:00,1018.7066666666666
2026-01-09 05:10:00,1018.8249999999999
2026-01-09 05:20:00,1018.9166666666666
2026-01-09 05:30:00,1019.02
2026-01-09 05:40:00,1019.0766666666665
2026-01-09 05:50:00,1019.06
2026-01-09 06:00:00,1019.1333333333333
2026-01-09 06:10:00,1019.25
2026-01-09 06:20:00,1019.2933333333334
2026-01-09 06:30:00,1019.31
2026-01-09 06:40:00,1019.3766666666667
2026-01-09 06:50:00,1019.475
2026-01-09 07:00:00,1019.6266666666667
2026-01-09 07:10:00,1019.825
2026-01-09 07:20:00,1020.04
2026-01-09 07:30:00,1020.1650000000001
2026-01-09 07:40:00,1020.2433333333333
2026-01-09 07:50:00,1020.3199999999999
2026-01-09 08:00:00,1020.3833333333336
2026-01-09 08:10:00,1020.3850000000001
2026-01-09 08:20:00,1020.39
2026-01-09 08:30:00,1020.3950000000001
2026-01-09 08:40:00,1020.4266666666667
2026-01-09 08:50:00,1020.4350000000001
2026-01-09 09:00:00,1020.44
2026-01-09 09:10:00,1020.4150000000001
2026-01-09 09:20:00,1020.3733333333333
2026-01-09 09:30:00,1020.3700000000001
2026-01-09 09:40:00,1020.3666666666668
2026-01-09 09:50:00,1020.3750000000001
2026-01-09 10:00:00,1020.3399999999998
2026-01-09 10:10:00,1020.285
2026-01-09 10:20:00,1020.2433333333333
2026-01-09 10:30:00,1020.245
2026-01-09 10:40:00,1020.2333333333332
2026-01-09 10:50:00,1020.235
2026-01-09 11:00:00,1020.21
2026-01-09 11:10:00,1020.1750000000001
2026-01-09 11:20:00,1020.0933333333332
2026-01-09 11:30:00,1020.015
2026-01-09 11:40:00,1019.9133333333333
2026-01-09 11:50:00,1019.775
2026-01-09 12:00:00,1019.6933333333333
2026-01-09 12:10:00,1019.6500000000001
2026-01-09 12:20:00,1019.5166666666668
2026-01-09 12:30:00,1019.355
2026-01-09 12:40:00,1019.2599999999999
2026-01-09 12:50:00,1019.1550000000001
2026-01-09 13:00:00,1019.0966666666667
2026-01-09 13:10:00,1018.99
2026-01-09 13:20:00,1018.8666666666668
2026-01-09 13:30:00,1018.73
2026-01-09 13:40:00,1018.5766666666667
2026-01-09 13:50:00,1018.4200000000001
2026-01-09 14:00:00,1018.3133333333332
2026-01-09 14:10:00,1018.205
2026-01-09 14:20:00,1018.1166666666668
2026-01-09 14:30:00,1018.06
2026-01-09 14:40:00,1018.0033333333334
2026-01-09 14:50:00,1017.97
2026-01-09 15:00:00,1017.9233333333335
2026-01-09 15:10:00,1017.8850000000001
2026-01-09 15:20:00,1017.9100000000001
2026-01-09 15:30:00,1017.955
2026-01-09 15:40:00,1017.955
2026-01-09 15:50:00,1018.0099999999999
2026-01-09 16:00:00,1018.0749999999999
2026-01-09 16:10:00,1018.14
2026-01-09 16:20:00,1018.1600000000001
2026-01-09 16:30:00,1018.1933333333333
2026-01-09 16:40:00,1018.23
2026-01-09 16:50:00,1018.3033333333333
2026-01-09 17:00:00,1018.4050000000001
2026-01-09 17:10:00,1018.4766666666668
2026-01-09 17:20:00,1018.5749999999999
2026-01-09 17:30:00,1018.6233333333333
2026-01-09 17:40:00,1018.6250000000001
2026-01-09 17:50:00,1018.6166666666668
2026-01-09 18:00:00,1018.6550000000001
2026-01-09 18:10:00,1018.7133333333335
2026-01-09 18:20:00,1018.765
2026-01-09 18:30:00,1018.82
2026-01-09 18:40:00,1018.8800000000001
2026-01-09 18:50:00,1018.9350000000001
2026-01-09 19:00:00,1019.0166666666668
2026-01-09 19:10:00,1019.0949999999999
2026-01-09 19:20:00,1019.1633333333334
2026-01-09 19:30:00,1019.24
2026-01-09 19:40:00,1019.36
2026-01-09 19:50:00,1019.51
2026-01-09 20:00:00,1019.64
2026-01-09 20:10:00,1019.755
2026-01-09 20:20:00,1019.8333333333334
2026-01-09 20:30:00,1019.9200000000001
2026-01-09 20:40:00,1019.9433333333333
2026-01-09 20:50:00,1019.945
2026-01-09 21:00:00,1019.9933333333333
2026-01-09 21:10:00,1020.05
2026-01-09 21:20:00,1020.0899999999998
2026-01-09 21:30:00,1020.0949999999999
2026-01-09 21:40:00,1020.0733333333333
2026-01-09 21:50:00,1020.025
2026-01-09 22:00:00,1019.9733333333334
2026-01-09 22:10:00,1019.9250000000001
2026-01-09 22:20:00,1019.9133333333334
2026-01-09 22:30:00,1019.9100000000001
2026-01-09 22:40:00,1019.8866666666668
2026-01-09 22:50:00,1019.8449999999999
2026-01-09 23:00:00,1019.7833333333333
2026-01-09 23:10:00,1019.71
2026-01-09 23:20:00,1019.6666666666666
2026-01-09 23:30:00,1019.615
2026-01-09 23:40:00,1019.56
2026-01-09 23:50:00,1019.495
2026-01-10 00:00:00,1019.4100000000002
2026-01-10 00:10:00,1019.3499999999999
2026-01-10 00:20:00,1019.2633333333333
2026-01-10 00:30:00,1019.1450000000001
2026-01-10 00:40:00,1019.0133333333333
2026-01-10 00:50:00,1018.87
2026-01-10 01:00:00,1018.77
2026-01-10 01:10:00,1018.705
2026-01-10 01:20:00,1018.6500000000001
2026-01-10 01:30:00,1018.54
2026-01-10 01:40:00,1018.4433333333333
2026-01-10 01:50:00,1018.36
2026-01-10 02:00:00,1018.2333333333332
2026-01-10 02:10:00,1018.12
2026-01-10 02:20:00,1018.0533333333333
2026-01-10 02:30:00,1018
2026-01-10 02:40:00,1017.9533333333334
2026-01-10 02:50:00,1017.9250000000001
2026-01-10 03:00:00,1017.9266666666667
2026-01-10 03:10:00,1017.9300000000001
2026-01-10 03:20:00,1017.9466666666667
2026-01-10 03:30:00,1017.995
2026-01-10 03:40:00,1018.0433333333334
2026-01-10 03:50:00,1018.115
2026-01-10 04:00:00,1018.18
2026-01-10 04:10:00,1018.22
2026-01-10 04:20:00,1018.27
2026-01-10 04:30:00,1018.285
2026-01-10 04:40:00,1018.2866666666665
2026-01-10 04:50:00,1018.3349999999999
2026-01-10 05:00:00,1018.4666666666667
2026-01-10 05:10:00,1018.6
2026-01-10 05:20:00,1018.69
2026-01-10 05:30:00,1018.775
2026-01-10 05:40:00,1018.8633333333333
2026-01-10 05:50:00,1018.94
2026-01-10 06:00:00,1019.0033333333334
2026-01-10 06:10:00,1019.125
2026-01-10 06:20:00,1019.2133333333335
2026-01-10 06:30:00,1019.265
2026-01-10 06:40:00,1019.3233333333333
2026-01-10 06:50:00,1019.4050000000001
2026-01-10 07:00:00,1019.4699999999999
2026-01-10 07:10:00,1019.545
2026-01-10 07:20:00,1019.6933333333333
2026-01-10 07:30:00,1019.9100000000001
2026-01-10 07:40:00,1020.0466666666666
2026-01-10 07:50:00,1020.1049999999999
2026-01-10 08:00:00,1020.1433333333334
2026-01-10 08:10:00,1020.21
2026-01-10 08:20:00,1020.2466666666666
2026-01-10 08:30:00,1020.31
2026-01-10 08:40:00,1020.3399999999998
2026-01-10 08:50:00,1020.39
2026-01-10 09:00:00,1020.4633333333335
2026-01-10 09:10:00,1020.48
2026-01-10 09:20:00,1020.46
2026-01-10 09:30:00,1020.505
2026-01-10 09:40:00,1020.5166666666668
2026-01-10 09:50:00,1020.4300000000001
2026-01-10 10:00:00,1020.4000000000001
2026-01-10 10:10:00,1020.36
2026-01-10 10:20:00,1020.2833333333333
2026-01-10 10:30:00,1020.21
2026-01-10 10:40:00,1020.1600000000002
2026-01-10 10:50:00,1020.11
2026-01-10 11:00:00,1020.0233333333332
2026-01-10 11:10:00,1019.9300000000001
2026-01-10 11:20:00,1019.7933333333334
2026-01-10 11:30:00,1019.695
2026-01-10 11:40:00,1019.5799999999999
2026-01-10 11:50:00,1019.47
2026-01-10 12:00:00,1019.3533333333334
2026-01-10 12:10:00,1019.245
2026-01-10 12:20:00,1019.1633333333334
2026-01-10 12:30:00,1019.05
2026-01-10 12:40:00,1018.9133333333333
2026-01-10 12:50:00,1018.725
2026-01-10 13:00:00,1018.5633333333334
2026-01-10 13:10:00,1018.445
2026-01-10 13:20:00,1018.2766666666666
2026-01-10 13:30:00,1018.105
2026-01-10 13:40:00,1018.0033333333334
2026-01-10 13:50:00,1017.9150000000001
2026-01-10 14:00:00,1017.81
2026-01-10 14:10:00,1017.65
2026-01-10 14:20:00,1017.56
2026-01-10 14:30:00,1017.465
2026-01-10 14:40:00,1017.3833333333336
2026-01-10 14:50:00,1017.3399999999999
2026-01-10 15:00:00,1017.2733333333332
2026-01-10 15:10:00,1017.215
2026-01-10 15:20:00,1017.1533333333333
2026-01-10 15:30:00,1017.1400000000001
2026-01-10 15:40:00,1017.1300000000001
2026-01-10 15:50:00,1017.1350000000001
2026-01-10 16:00:00,1017.1600000000002
2026-01-10 16:10:00,1017.1750000000001
2026-01-10 16:20:00,1017.2400000000001
2026-01-10 16:30:00,1017.365
2026-01-10 16:40:00,1017.5133333333333
2026-01-10 16:50:00,1017.6350000000001
2026-01-10 17:00:00,1017.7166666666667
2026-01-10 17:10:00,1017.81
2026-01-10 17:20:00,1017.9066666666668
2026-01-10 17:30:00,1018.02
2026-01-10 17:40:00,1018.1366666666667
2026-01-10 17:50:00,1018.24
2026-01-10 18:00:00,1018.3666666666667
2026-01-10 18:10:00,1018.515
2026-01-10 18:20:00,1018.6066666666666
2026-01-10 18:30:00,1018.735
2026-01-10 18:40:00,1018.9133333333333
2026-01-10 18:50:00,1019.0699999999999
2026-01-10 19:00:00,1019.2133333333335
2026-01-10 19:10:00,1019.3199999999999
2026-01-10 19:20:00,1019.36
2026-01-10 19:30:00,1019.37
2026-01-10 19:40:00,1019.4766666666668
2026-01-10 19:50:00,1019.645
2026-01-10 20:00:00,1019.8133333333334
2026-01-10 20:10:00,1019.9350000000001
2026-01-10 20:20:00,1020.0366666666665
2026-01-10 20:30:00,1020.11
2026-01-10 20:40:00,1020.1833333333334
2026-01-10 20:50:00,1020.3149999999999
2026-01-10 21:00:00,1020.3666666666668
2026-01-10 21:10:00,1020.4000000000001
2026-01-10 21:20:00,1020.39
2026-01-10 21:30:00,1020.4250000000001
2026-01-10 21:40:00,1020.4766666666668
2026-01-10 21:50:00,1020.485
2026-01-10 22:00:00,1020.4166666666666
2026-01-10 22:10:00,1020.3800000000001
2026-01-10 22:20:00,1020.3833333333336
2026-01-10 22:30:00,1020.3950000000001
2026-01-10 22:40:00,1020.44
2026-01-10 22:50:00,1020.485
2026-01-10 23:00:00,1020.5066666666667
2026-01-10 23:10:00,1020.51
2026-01-10 23:20:00,1020.4633333333335
2026-01-10 23:30:00,1020.375
2026-01-10 23:40:00,1020.2833333333333
2026-01-10 23:50:00,1020.195
2026-01-11 00:00:00,1020.0533333333333
2026-01-11 00:10:00,1019.9250000000001
2026-01-11 00:20:00,1019.85
2026-01-11 00:30:00,1019.79
2026-01-11 00:40:00,1019.6866666666668
2026-01-11 00:50:00,1019.5649999999999
2026-01-11 01:00:00,1019.4900000000001
2026-01-11 01:10:00,1019.4250000000001
2026-01-11 01:20:00,1019.3933333333334
2026-01-11 01:30:00,1019.265
2026-01-11 01:40:00,1019.1366666666667
2026-01-11 01:50:00,1019.04
2026-01-11 02:00:00,1018.9933333333333
2026-01-11 02:10:00,1018.97
2026-01-11 02:20:00,1018.93
2026-01-11 02:30:00,1018.8950000000001
2026-01-11 02:40:00,1018.8733333333334
2026-01-11 02:50:00,1018.86
2026-01-11 03:00:00,1018.7966666666666
2026-01-11 03:10:00,1018.775
2026-01-11 03:20:00,1018.75
2026-01-11 03:30:00,1018.6800000000001
2026-01-11 03:40:00,1018.6700000000001
2026-01-11 03:50:00,1018.725
2026-01-11 04:00:00,1018.7266666666668
2026-01-11 04:10:00,1018.715
2026-01-11 04:20:00,1018.7666666666668
2026-01-11 04:30:00,1018.8399999999999
2026-01-11 04:40:00,1018.8866666666668
2026-01-11 04:50:00,1018.9100000000001
2026-01-11 05:00:00,1018.9433333333333
2026-01-11 05:10:00,1019.02
2026-01-11 05:20:00,1019.0566666666667
2026-01-11 05:30:00,1019.0849999999999
2026-01-11 05:40:00,1019.1933333333333
2026-01-11 05:50:00,1019.285
2026-01-11 06:00:00,1019.2633333333333
2026-01-11 06:10:00,1019.25
2026-01-11 06:20:00,1019.3333333333334
2026-01-11 06:30:00,1019.475
2026-01-11 06:40:00,1019.5766666666665
2026-01-11 06:50:00,1019.6650000000001
2026-01-11 07:00:00,1019.8166666666666
2026-01-11 07:10:00,1019.96
2026-01-11 07:20:00,1020.15
2026-01-11 07:30:00,1020.375
2026-01-11 07:40:00,1020.4500000000002
2026-01-11 07:50:00,1020.535
2026-01-11 08:00:00,1020.5766666666665
2026-01-11 08:10:00,1020.5799999999999
2026-01-11 08:20:00,1020.6033333333334
2026-01-11 08:30:00,1020.6500000000001
2026-01-11 08:40:00,1020.7033333333334
2026-01-11 08:50:00,1020.735
2026-01-11 09:00:00,1020.7466666666666
2026-01-11 09:10:00,1020.745
2026-01-11 09:20:00,1020.6866666666668
2026-01-11 09:30:00,1020.6550000000001
2026-01-11 09:40:00,1020.6600000000002
2026-01-11 09:50:00,1020.5999999999999
2026-01-11 10:00:00,1020.5233333333332
2026-01-11 10:10:00,1020.4200000000001
2026-01-11 10:20:00,1020.3800000000001
2026-01-11 10:30:00,1020.3349999999999
2026-01-11 10:40:00,1020.27
2026-01-11 10:50:00,1020.25
2026-01-11 11:00:00,1020.1566666666668
2026-01-11 11:10:00,1020.05
2026-01-11 11:20:00,1019.9733333333334
2026-01-11 11:30:00,1019.9050000000001
2026-01-11 11:40:00,1019.84
2026-01-11 11:50:00,1019.76
2026-01-11 12:00:00,1019.7233333333334
2026-01-11 12:10:00,1019.595
2026-01-11 12:20:00,1019.4366666666668
2026-01-11 12:30:00,1019.28
2026-01-11 12:40:00,1019.11
2026-01-11 12:50:00,1018.995
2026-01-11 13:00:00,1018.9133333333334
2026-01-11 13:10:00,1018.8399999999999
2026-01-11 13:20:00,1018.7999999999998
2026-01-11 13:30:00,1018.725
2026-01-11 13:40:00,1018.6333333333333
2026-01-11 13:50:00,1018.525
2026-01-11 14:00:00,1018.3466666666667
2026-01-11 14:10:00,1018.19
2026-01-11 14:20:00,1018.0433333333334
2026-01-11 14:30:00,1017.96
2026-01-11 14:40:00,1017.9566666666666
2026-01-11 14:50:00,1017.88
2026-01-11 15:00:00,1017.8133333333332
2026-01-11 15:10:00,1017.775
2026-01-11 15:20:00,1017.7733333333332
2026-01-11 15:30:00,1017.8349999999999
2026-01-11 15:40:00,1017.8233333333333
2026-01-11 15:50:00,1017.8299999999999
2026-01-11 16:00:00,1017.8533333333334
2026-01-11 16:10:00,1017.9050000000001
2026-01-11 16:20:00,1017.9966666666666
2026-01-11 16:30:00,1018.0699999999999
2026-01-11 16:40:00,1018.1966666666667
2026-01-11 16:50:00,1018.31
2026-01-11 17:00:00,1018.3733333333333
2026-01-11 17:10:00,1018.4100000000001
2026-01-11 17:20:00,1018.4966666666666
2026-01-11 17:30:00,1018.555
2026-01-11 17:40:00,1018.6333333333333
2026-01-11 17:50:00,1018.755
2026-01-11 18:00:00,1018.9266666666666
2026-01-11 18:10:00,1019.035
2026-01-11 18:20:00,1019.1233333333333
2026-01-11 18:30:00,1019.205
2026-01-11 18:40:00,1019.3299999999999
2026-01-11 18:50:00,1019.4100000000001
2026-01-11 19:00:00,1019.5333333333333
2026-01-11 19:10:00,1019.655
2026-01-11 19:20:00,1019.85
2026-01-11 19:30:00,1020.005
2026-01-11 19:40:00,1020.1633333333333
2026-01-11 19:50:00,1020.3149999999999
2026-01-11 20:00:00,1020.44
2026-01-11 20:10:00,1020.515
2026-01-11 20:20:00,1020.5866666666667
2026-01-11 20:30:00,1020.6500000000001
2026-01-11 20:40:00,1020.7166666666667
2026-01-11 20:50:00,1020.785
2026-01-11 21:00:00,1020.79
2026-01-11 21:10:00,1020.77
2026-01-11 21:20:00,1020.7800000000001
2026-01-11 21:30:00,1020.8299999999999
2026-01-11 21:40:00,1020.8366666666666
2026-01-11 21:50:00,1020.8349999999999
2026-01-11 22:00:00,1020.795
2026-01-11 22:10:00,1020.7566666666667
2026-01-11 22:20:00,1020.7333333333332
2026-01-11 22:30:00,1020.74
2026-01-11 22:40:00,1020.7566666666667
2026-01-11 22:50:00,1020.77
2026-01-11 23:00:00,1020.7766666666666
2026-01-11 23:10:00,1020.785
2026-01-11 23:20:00,1020.7400000000001
2026-01-11 23:30:00,1020.6500000000001
2026-01-11 23:40:00,1020.6066666666666
2026-01-11 23:50:00,1020.55
2026-01-12 00:00:00,1020.43
2026-01-12 00:10:00,1020.305
2026-01-12 00:20:00,1020.2066666666666
2026-01-12 00:30:00,1020.1
2026-01-12 00:40:00,1019.9666666666667
2026-01-12 00:50:00,1019.865
2026-01-12 01:00:00,1019.7599999999999
2026-01-12 01:10:00,1019.73
2026-01-12 01:20:00,1019.6333333333333
2026-01-12 01:30:00,1019.47
2026-01-12 01:40:00,1019.3633333333333
2026-01-12 01:50:00,1019.3249999999999
2026-01-12 02:00:00,1019.27
2026-01-12 02:10:00,1019.19
2026-01-12 02:20:00,1019.1233333333333
2026-01-12 02:30:00,1019.055
2026-01-12 02:40:00,1018.9966666666666
2026-01-12 02:50:00,1018.965
2026-01-12 03:00:00,1018.9100000000002
2026-01-12 03:10:00,1018.9050000000001
2026-01-12 03:20:00,1018.9266666666667
2026-01-12 03:30:00,1018.9350000000001
2026-01-12 03:40:00,1018.94
2026-01-12 03:50:00,1018.94
2026-01-12 04:00:00,1018.9966666666666
2026-01-12 04:10:00,1019.005
2026-01-12 04:20:00,1018.995
2026-01-12 04:30:00,1018.9500000000002
2026-01-12 04:40:00,1018.97
2026-01-12 04:50:00,1018.9966666666666
2026-01-12 05:00:00,1018.995
2026-01-12 05:10:00,1019.0433333333334
2026-01-12 05:20:00,1019.12
2026-01-12 05:30:00,1019.2033333333334
2026-01-12 05:40:00,1019.27
2026-01-12 05:50:00,1019.3166666666666
2026-01-12 06:00:00,1019.3950000000001
2026-01-12 06:10:00,1019.5033333333334
2026-01-12 06:20:00,1019.635
2026-01-12 06:30:00,1019.8233333333334
2026-01-12 06:40:00,1020.035
2026-01-12 06:50:00,1020.1866666666668
2026-01-12 07:00:00,1020.275
2026-01-12 07:10:00,1020.3299999999999
2026-01-12 07:20:00,1020.46
2026-01-12 07:30:00,1020.7133333333335
2026-01-12 07:40:00,1020.8149999999999
2026-01-12 07:50:00,1020.8433333333332
2026-01-12 08:00:00,1020.8950000000001
2026-01-12 08:10:00,1020.9966666666666
2026-01-12 08:20:00,1021.055
2026-01-12 08:30:00,1021.0733333333333
2026-01-12 08:40:00,1021.015
2026-01-12 08:50:00,1021.0566666666667
2026-01-12 09:00:00,1021.1400000000001
2026-01-12 09:10:00,1021.0899999999998
2026-01-12 09:20:00,1021.04
2026-01-12 09:30:00,1021.0233333333332
2026-01-12 09:40:00,1021.035
2026-01-12 09:50:00,1020.9900000000001
2026-01-12 10:00:00,1020.96
2026-01-12 10:10:00,1020.8733333333333
2026-01-12 10:20:00,1020.8499999999999
2026-01-12 10:30:00,1020.7733333333332
2026-01-12 10:40:00,1020.6700000000001
2026-01-12 10:50:00,1020.6066666666666
2026-01-12 11:00:00,1020.53
2026-01-12 11:10:00,1020.4533333333334
2026-01-12 11:20:00,1020.3850000000001
2026-01-12 11:30:00,1020.29
2026-01-12 11:40:00,1020.2
2026-01-12 11:50:00,1020.07
2026-01-12 12:00:00,1019.96
2026-01-12 12:10:00,1019.8833333333333
2026-01-12 12:20:00,1019.8
2026-01-12 12:30:00,1019.6833333333334
2026-01-12 12:40:00,1019.51
2026-01-12 12:50:00,1019.3666666666667
2026-01-12 13:00:00,1019.28
2026-01-12 13:10:00,1019.21
2026-01-12 13:20:00,1019.195
2026-01-12 13:30:00,1019.1566666666668
2026-01-12 13:40:00,1019.0699999999999
2026-01-12 13:50:00,1018.9466666666667
2026-01-12 14:00:00,1018.8149999999999
2026-01-12 14:10:00,1018.6666666666666
2026-01-12 14:20:00,1018.56
2026-01-12 14:30:00,1018.5066666666667
2026-01-12 14:40:00,1018.4300000000001
2026-01-12 14:50:00,1018.3533333333334
2026-01-12 15:00:00,1018.31
2026-01-12 15:10:00,1018.2666666666668
2026-01-12 15:20:00,1018.215
2026-01-12 15:30:00,1018.1833333333334
2026-01-12 15:40:00,1018.1200000000001
2026-01-12 15:50:00,1018.1300000000001
2026-01-12 16:00:00,1018.1700000000001
2026-01-12 16:10:00,1018.2233333333334
2026-01-12 16:20:00,1018.24
2026-01-12 16:30:00,1018.23
2026-01-12 16:40:00,1018.26
2026-01-12 16:50:00,1018.3766666666667
2026-01-12 17:00:00,1018.47
2026-01-12 17:10:00,1018.5499999999998
2026-01-12 17:20:00,1018.615
2026-01-12 17:30:00,1018.6266666666667
2026-01-12 17:40:00,1018.6450000000001
2026-01-12 17:50:00,1018.7666666666668
2026-01-12 18:00:00,1018.86
2026-01-12 18:10:00,1018.9200000000001
2026-01-12 18:20:00,1019
2026-01-12 18:30:00,1019.0633333333332
2026-01-12 18:40:00,1019.2
2026-01-12 18:50:00,1019.36
2026-01-12 19:00:00,1019.49
2026-01-12 19:10:00,1019.59
2026-01-12 19:20:00,1019.6700000000001
2026-01-12 19:30:00,1019.7433333333333
2026-01-12 19:40:00,1019.865
2026-01-12 19:50:00,1020.0066666666667
2026-01-12 20:00:00,1020.13
2026-01-12 20:10:00,1020.2566666666667
2026-01-12 20:20:00,1020.355
2026-01-12 20:30:00,1020.4500000000002
2026-01-12 20:40:00,1020.495
2026-01-12 20:50:00,1020.5833333333334
2026-01-12 21:00:00,1020.735
2026-01-12 21:10:00,1020.82
2026-01-12 21:20:00,1020.8700000000001
2026-01-12 21:30:00,1020.93
2026-01-12 21:40:00,1020.995
2026-01-12 21:50:00,1021.0366666666665
2026-01-12 22:00:00,1021.035
2026-01-12 22:10:00,1021
2026-01-12 22:20:00,1020.98
2026-01-12 22:30:00,1020.9966666666666
2026-01-12 22:40:00,1020.96
2026-01-12 22:50:00,1020.84
2026-01-12 23:00:00,1020.775
2026-01-12 23:10:00,1020.7400000000001
2026-01-12 23:20:00,1020.6800000000001
2026-01-12 23:30:00,1020.64
2026-01-12 23:40:00,1020.5749999999999
2026-01-12 23:50:00,1020.4933333333333
2026-01-13 00:00:00,1020.4350000000001
2026-01-13 00:10:00,1020.3233333333334
2026-01-13 00:20:00,1020.1800000000001
2026-01-13 00:30:00,1020.0366666666665
2026-01-13 00:40:00,1019.94
2026-01-13 00:50:00,1019.8100000000001
2026-01-13 01:00:00,1019.6450000000001
2026-01-13 01:10:00,1019.5233333333332
2026-01-13 01:20:00,1019.375
2026-01-13 01:30:00,1019.2466666666666
2026-01-13 01:40:00,1019.1850000000001
2026-01-13 01:50:00,1019.0866666666667
2026-01-13 02:00:00,1018.97
2026-01-13 02:10:00,1018.87
2026-01-13 02:20:00,1018.805
2026-01-13 02:30:00,1018.7633333333333
2026-01-13 02:40:00,1018.705
2026-01-13 02:50:00,1018.6633333333334
2026-01-13 03:00:00,1018.6550000000001
2026-01-13 03:10:00,1018.7133333333335
2026-01-13 03:20:00,1018.765
2026-01-13 03:30:00,1018.7866666666665
2026-01-13 03:40:00,1018.78
2026-01-13 03:50:00,1018.7800000000001
2026-01-13 04:00:00,1018.78
2026-01-13 04:10:00,1018.8166666666666
2026-01-13 04:20:00,1018.8549999999999
2026-01-13 04:30:00,1018.8966666666669
2026-01-13 04:40:00,1018.94
2026-01-13 04:50:00,1018.9266666666667
2026-01-13 05:00:00,1018.965
2026-01-13 05:10:00,1019.02
2026-01-13 05:20:00,1019.06
2026-01-13 05:30:00,1019.0766666666665
2026-01-13 05:40:00,1019.0849999999999
2026-01-13 05:50:00,1019.0933333333332
2026-01-13 06:00:00,1019.1750000000001
2026-01-13 06:10:00,1019.3266666666667
2026-01-13 06:20:00,1019.465
2026-01-13 06:30:00,1019.4766666666668
2026-01-13 06:40:00,1019.535
2026-01-13 06:50:00,1019.6733333333335
2026-01-13 07:00:00,1019.8149999999999
2026-01-13 07:10:00,1019.9100000000002
2026-01-13 07:20:00,1020.045
2026-01-13 07:30:00,1020.29
2026-01-13 07:40:00,1020.465
2026-01-13 07:50:00,1020.5433333333334
2026-01-13 08:00:00,1020.615
2026-01-13 08:10:00,1020.6166666666667
2026-01-13 08:20:00,1020.6500000000001
2026-01-13 08:30:00,1020.62
2026-01-13 08:40:00,1020.56
2026-01-13 08:50:00,1020.4900000000001
2026-01-13 09:00:00,1020.4350000000001
2026-01-13 09:10:00,1020.3733333333333
2026-01-13 09:20:00,1020.295
2026-01-13 09:30:00,1020.31
2026-01-13 09:40:00,1020.3900000000001
2026-01-13 09:50:00,1020.4566666666666
2026-01-13 10:00:00,1020.46
2026-01-13 10:10:00,1020.3766666666667
2026-01-13 10:20:00,1020.235
2026-01-13 10:30:00,1020.12
2026-01-13 10:40:00,1020.02
2026-01-13 10:50:00,1019.96
2026-01-13 11:00:00,1019.8800000000001
2026-01-13 11:10:00,1019.82
2026-01-13 11:20:00,1019.76
2026-01-13 11:30:00,1019.6433333333334
2026-01-13 11:40:00,1019.505
2026-01-13 11:50:00,1019.2933333333334
2026-01-13 12:00:00,1019.125
2026-01-13 12:10:00,1018.9533333333334
2026-01-13 12:20:00,1018.79
2026-01-13 12:30:00,1018.6933333333333
2026-01-13 12:40:00,1018.455
2026-01-13 12:50:00,1018.2266666666668
2026-01-13 13:00:00,1018.035
2026-01-13 13:10:00,1017.8800000000001
2026-01-13 13:20:00,1017.725
2026-01-13 13:30:00,1017.5966666666667
2026-01-13 13:40:00,1017.525
2026-01-13 13:50:00,1017.43
2026-01-13 14:00:00,1017.285
2026-01-13 14:10:00,1017.1733333333335
2026-01-13 14:20:00,1017.125
2026-01-13 14:30:00,1017.0566666666667
2026-01-13 14:40:00,1017.015
2026-01-13 14:50:00,1016.9766666666668
2026-01-13 15:00:00,1016.96
2026-01-13 15:10:00,1016.9266666666667
2026-01-13 15:20:00,1016.9050000000001
2026-01-13 15:30:00,1016.8299999999999
2026-01-13 15:40:00,1016.765
2026-01-13 15:50:00,1016.7533333333334
2026-01-13 16:00:00,1016.785
2026-01-13 16:10:00,1016.7966666666666
2026-01-13 16:20:00,1016.785
2026-01-13 16:30:00,1016.8299999999999
2026-01-13 16:40:00,1016.86
2026-01-13 16:50:00,1016.9200000000001
2026-01-13 17:00:00,1017.05
2026-01-13 17:10:00,1017.1433333333334
2026-01-13 17:20:00,1017.26
2026-01-13 17:30:00,1017.3033333333333
2026-01-13 17:40:00,1017.3850000000001
2026-01-13 17:50:00,1017.5033333333334
2026-01-13 18:00:00,1017.615
2026-01-13 18:10:00,1017.7366666666667
2026-01-13 18:20:00,1017.8249999999999
2026-01-13 18:30:00,1017.8566666666666
2026-01-13 18:40:00,1017.865
2026-01-13 18:50:00,1017.9699999999999
2026-01-13 19:00:00,1018.095
2026-01-13 19:10:00,1018.2233333333334
2026-01-13 19:20:00,1018.365
2026-01-13 19:30:00,1018.5099999999999
2026-01-13 19:40:00,1018.63
2026-01-13 19:50:00,1018.7833333333333
2026-01-13 20:00:00,1018.9200000000001
2026-01-13 20:10:00,1019.0799999999999
2026-01-13 20:20:00,1019.23
2026-01-13 20:30:00,1019.3533333333334
2026-01-13 20:40:00,1019.445
2026-01-13 20:50:00,1019.4699999999999
2026-01-13 21:00:00,1019.46
2026-01-13 21:10:00,1019.4766666666668
2026-01-13 21:20:00,1019.5
2026-01-13 21:30:00,1019.5099999999999
2026-01-13 21:40:00,1019.55
2026-01-13 21:50:00,1019.5833333333334
2026-01-13 22:00:00,1019.5749999999999
2026-01-13 22:10:00,1019.5300000000001
2026-01-13 22:20:00,1019.505
2026-01-13 22:30:00,1019.5166666666668
2026-01-13 22:40:00,1019.5
2026-01-13 22:50:00,1019.4966666666666
2026-01-13 23:00:00,1019.485
2026-01-13 23:10:00,1019.4766666666668
2026-01-13 23:20:00,1019.455
2026-01-13 23:30:00,1019.36
2026-01-13 23:40:00,1019.23
2026-01-13 23:50:00,1019.1266666666667
2026-01-14 00:00:00,1019.015
2026-01-14 00:10:00,1018.9333333333334
2026-01-14 00:20:00,1018.8199999999999
2026-01-14 00:30:00,1018.66
2026-01-14 00:40:00,1018.485
2026-01-14 00:50:00,1018.36
2026-01-14 01:00:00,1018.22
2026-01-14 01:10:00,1018.0666666666666
2026-01-14 01:20:00,1017.955
2026-01-14 01:30:00,1017.8299999999999
2026-01-14 01:40:00,1017.735
2026-01-14 01:50:00,1017.6666666666666
2026-01-14 02:00:00,1017.5999999999999
2026-01-14 02:10:00,1017.54
2026-01-14 02:20:00,1017.47
2026-01-14 02:30:00,1017.3966666666669
2026-01-14 02:40:00,1017.36
2026-01-14 02:50:00,1017.3766666666667
2026-01-14 03:00:00,1017.3900000000001
2026-01-14 03:10:00,1017.3733333333333
2026-01-14 03:20:00,1017.3299999999999
2026-01-14 03:30:00,1017.3333333333334
2026-01-14 03:40:00,1017.3850000000001
2026-01-14 03:50:00,1017.4333333333334
2026-01-14 04:00:00,1017.49
2026-01-14 04:10:00,1017.5833333333334
2026-01-14 04:20:00,1017.6500000000001
2026-01-14 04:30:00,1017.7199999999999
2026-01-14 04:40:00,1017.76
2026-01-14 04:50:00,1017.8133333333332
2026-01-14 05:00:00,1017.8900000000001
2026-01-14 05:10:00,1017.9533333333334
2026-01-14 05:20:00,1017.99
2026-01-14 05:30:00,1017.9900000000001
2026-01-14 05:40:00,1018.005
2026-01-14 05:50:00,1018.0866666666667
2026-01-14 06:00:00,1018.19
2026-01-14 06:10:00,1018.2566666666667
2026-01-14 06:20:00,1018.3399999999999
2026-01-14 06:30:00,1018.4699999999999
2026-01-14 06:40:00,1018.615
2026-01-14 06:50:00,1018.7266666666668
2026-01-14 07:00:00,1018.8349999999999
2026-01-14 07:10:00,1018.89
2026-01-14 07:20:00,1019.01
2026-01-14 07:30:00,1019.1966666666667
2026-01-14 07:40:00,1019.295
2026-01-14 07:50:00,1019.3033333333333
2026-01-14 08:00:00,1019.3249999999999
2026-01-14 08:10:00,1019.3666666666668
2026-01-14 08:20:00,1019.4150000000001
2026-01-14 08:30:00,1019.4466666666667
2026-01-14 08:40:00,1019.44
2026-01-14 08:50:00,1019.4100000000002
2026-01-14 09:00:00,1019.3800000000001
2026-01-14 09:10:00,1019.2633333333333
2026-01-14 09:20:00,1019.1450000000001
2026-01-14 09:30:00,1019.1500000000001
2026-01-14 09:40:00,1019.1550000000001
2026-01-14 09:50:00,1019.1566666666668
2026-01-14 10:00:00,1019.11
2026-01-14 15:30:00,1016.1400000000001
2026-01-14 15:40:00,1016.1433333333334
2026-01-14 15:50:00,1016.1200000000001
2026-01-14 16:00:00,1016.12
2026-01-14 16:10:00,1016.115
2026-01-14 16:20:00,1016.1333333333333
2026-01-14 16:30:00,1016.19
2026-01-14 16:40:00,1016.2266666666668
2026-01-14 16:50:00,1016.275
2026-01-14 17:00:00,1016.3533333333334
2026-01-14 17:10:00,1016.45
2026-01-14 17:20:00,1016.5633333333332
2026-01-14 17:30:00,1016.69
2026-01-14 17:40:00,1016.8266666666665
2026-01-14 17:50:00,1016.9266666666667
2026-01-14 18:00:00,1017.0300000000001
2026-01-14 18:10:00,1017.0949999999999
2026-01-14 18:20:00,1017.1833333333334
2026-01-14 18:30:00,1017.295
2026-01-14 18:40:00,1017.44
2026-01-14 18:50:00,1017.61
2026-01-14 19:00:00,1017.7466666666666
2026-01-14 19:10:00,1017.885
2026-01-14 19:20:00,1018.0133333333333
2026-01-14 19:30:00,1018.125
2026-01-14 19:40:00,1018.2933333333334
2026-01-14 19:50:00,1018.52
2026-01-14 20:00:00,1018.7133333333335
2026-01-14 20:10:00,1018.87
2026-01-14 20:20:00,1019.0300000000001
2026-01-14 20:30:00,1019.1500000000001
2026-01-14 20:40:00,1019.2199999999999
2026-01-14 20:50:00,1019.295
2026-01-14 21:00:00,1019.4000000000001
2026-01-14 21:10:00,1019.49
2026-01-14 21:20:00,1019.5733333333333
2026-01-14 21:30:00,1019.5949999999999
2026-01-14 21:40:00,1019.5866666666666
2026-01-14 21:50:00,1019.5699999999999
2026-01-14 22:00:00,1019.5533333333333
2026-01-14 22:10:00,1019.515
2026-01-14 22:20:00,1019.4900000000001
2026-01-14 22:30:00,1019.475
2026-01-14 22:40:00,1019.4166666666666
2026-01-14 22:50:00,1019.3299999999999
2026-01-14 23:00:00,1019.2733333333332
2026-01-14 23:10:00,1019.22
2026-01-14 23:20:00,1019.1766666666667
2026-01-14 23:30:00,1019.1600000000001
2026-01-14 23:40:00,1019.1300000000001
2026-01-14 23:50:00,1019.1049999999999
2026-01-15 00:00:00,1019.06
2026-01-15 00:10:00,1018.99
2026-01-15 00:20:00,1018.9066666666668
2026-01-15 00:30:00,1018.8399999999999
2026-01-15 00:40:00,1018.75
2026-01-15 00:50:00,1018.6500000000001
2026-01-15 01:00:00,1018.54
2026-01-15 01:10:00,1018.4300000000001
2026-01-15 01:20:00,1018.3333333333334
2026-01-15 01:30:00,1018.255
2026-01-15 01:40:00,1018.1700000000001
2026-01-15 01:50:00,1018.0699999999999
2026-01-15 02:00:00,1017.9900000000001
2026-01-15 02:10:00,1017.9100000000001
2026-01-15 02:20:00,1017.8066666666667
2026-01-15 02:30:00,1017.76
2026-01-15 02:40:00,1017.7566666666667
2026-01-15 02:50:00,1017.75
2026-01-15 03:00:00,1017.73
2026-01-15 03:10:00,1017.73
2026-01-15 03:20:00,1017.7666666666668
2026-01-15 03:30:00,1017.8
2026-01-15 03:40:00,1017.8633333333333
2026-01-15 03:50:00,1017.99
2026-01-15 04:00:00,1018.1166666666668
2026-01-15 04:10:00,1018.235
2026-01-15 04:20:00,1018.3233333333334
2026-01-15 04:30:00,1018.4200000000001
2026-01-15 04:40:00,1018.4566666666666
2026-01-15 04:50:00,1018.525
2026-01-15 05:00:00,1018.6366666666667
2026-01-15 05:10:00,1018.725
2026-01-15 05:20:00,1018.7633333333333
2026-01-15 05:30:00,1018.8399999999999
2026-01-15 05:40:00,1018.9566666666666
2026-01-15 05:50:00,1019.105
2026-01-15 06:00:00,1019.2166666666667
2026-01-15 06:10:00,1019.255
2026-01-15 06:20:00,1019.23
2026-01-15 06:30:00,1019.265
2026-01-15 06:40:00,1019.3733333333333
2026-01-15 06:50:00,1019.495
2026-01-15 07:00:00,1019.5899999999998
2026-01-15 07:10:00,1019.6450000000001
2026-01-15 07:20:00,1019.8800000000001
2026-01-15 07:30:00,1020.1750000000001
2026-01-15 07:40:00,1020.32
2026-01-15 07:50:00,1020.37
2026-01-15 08:00:00,1020.4100000000002
2026-01-15 08:10:00,1020.4300000000001
2026-01-15 08:20:00,1020.4333333333334
2026-01-15 08:30:00,1020.44
2026-01-15 08:40:00,1020.4433333333333
2026-01-15 08:50:00,1020.46
2026-01-15 09:00:00,1020.4266666666667
2026-01-15 09:10:00,1020.445
2026-01-15 09:20:00,1020.4333333333334
2026-01-15 09:30:00,1020.455
2026-01-15 09:40:00,1020.4433333333333
2026-01-15 09:50:00,1020.3399999999999
2026-01-15 10:00:00,1020.27
2026-01-15 10:10:00,1020.2
2026-01-15 10:20:00,1020.1133333333333
2026-01-15 10:30:00,1019.99
2026-01-15 10:40:00,1019.8933333333334
2026-01-15 10:50:00,1019.805
2026-01-15 11:00:00,1019.69
2026-01-15 11:10:00,1019.535
2026-01-15 11:20:00,1019.4699999999999
2026-01-15 11:30:00,1019.4300000000001
2026-01-15 11:40:00,1019.3433333333332
2026-01-15 11:50:00,1019.28
2026-01-15 12:00:00,1019.19
2026-01-15 12:10:00,1019.1
2026-01-15 12:20:00,1018.985
2026-01-15 12:30:00,1018.8833333333333
2026-01-15 12:40:00,1018.735
2026-01-15 12:50:00,1018.61
2026-01-15 13:00:00,1018.555
2026-01-15 13:10:00,1018.4733333333334
2026-01-15 13:20:00,1018.37
2026-01-15 13:30:00,1018.2966666666666
2026-01-15 13:40:00,1018.245
2026-01-15 13:50:00,1018.1600000000002
2026-01-15 14:00:00,1017.985
2026-01-15 14:10:00,1017.7366666666667
2026-01-15 14:20:00,1017.535
2026-01-15 14:30:00,1017.3866666666667
2026-01-15 14:40:00,1017.27
2026-01-15 14:50:00,1017.1866666666668
2026-01-15 15:00:00,1017.1250000000001
2026-01-15 15:10:00,1017.12
2026-01-15 15:20:00,1017.115
2026-01-15 15:30:00,1017.0666666666666
2026-01-15 15:40:00,1017.025
2026-01-15 15:50:00,1017.0099999999999
2026-01-15 16:00:00,1017.06
2026-01-15 16:10:00,1017.1550000000001
2026-01-15 16:20:00,1017.2999999999998
2026-01-15 16:30:00,1017.4000000000001
2026-01-15 16:40:00,1017.4666666666667
2026-01-15 16:50:00,1017.5799999999999
2026-01-15 17:00:00,1017.69
2026-01-15 17:10:00,1017.8149999999999
2026-01-15 17:20:00,1017.9133333333334
2026-01-15 17:30:00,1018.04
2026-01-15 17:40:00,1018.19
2026-01-15 17:50:00,1018.3249999999999
2026-01-15 18:00:00,1018.4333333333334
2026-01-15 18:10:00,1018.545
2026-01-15 18:20:00,1018.6700000000001
2026-01-15 18:30:00,1018.75
2026-01-15 18:40:00,1018.7800000000001
2026-01-15 18:50:00,1018.86
2026-01-15 19:00:00,1019.0333333333333
2026-01-15 19:10:00,1019.2
2026-01-15 19:20:00,1019.3133333333332
2026-01-15 19:30:00,1019.3750000000001
2026-01-15 19:40:00,1019.36
2026-01-15 19:50:00,1019.4300000000001
2026-01-15 20:00:00,1019.64
2026-01-15 20:10:00,1019.87
2026-01-15 20:20:00,1019.9633333333335
2026-01-15 20:30:00,1020.02
2026-01-15 20:40:00,1020.0966666666667
2026-01-15 20:50:00,1020.1850000000001
2026-01-15 21:00:00,1020.2833333333333
2026-01-15 21:10:00,1020.36
2026-01-15 21:20:00,1020.4233333333335
2026-01-15 21:30:00,1020.45
2026-01-15 21:40:00,1020.4833333333332
2026-01-15 21:50:00,1020.54
2026-01-15 22:00:00,1020.5833333333334
2026-01-15 22:10:00,1020.515
2026-01-15 22:20:00,1020.4133333333334
2026-01-15 22:30:00,1020.3299999999999
2026-01-15 22:40:00,1020.2533333333334
2026-01-15 22:50:00,1020.1400000000001
2026-01-15 23:00:00,1020.0666666666666
2026-01-15 23:10:00,1020.06
2026-01-15 23:20:00,1020.0733333333333
2026-01-15 23:30:00,1020.105
2026-01-15 23:40:00,1020.1
2026-01-15 23:50:00,1019.975
2026-01-16 00:00:00,1019.8133333333334
2026-01-16 00:10:00,1019.6700000000001
2026-01-16 00:20:00,1019.5266666666666
2026-01-16 00:30:00,1019.38
2026-01-16 00:40:00,1019.2033333333334
2026-01-16 00:50:00,1019.05
2026-01-16 01:00:00,1018.9066666666668
2026-01-16 01:10:00,1018.73
2026-01-16 01:20:00,1018.5966666666667
2026-01-16 01:30:00,1018.545
2026-01-16 01:40:00,1018.4633333333335
2026-01-16 01:50:00,1018.3149999999999
2026-01-16 02:00:00,1018.1700000000001
2026-01-16 02:10:00,1018.0849999999999
2026-01-16 02:20:00,1018.0733333333333
2026-01-16 02:30:00,1018.035
2026-01-16 02:40:00,1018
2026-01-16 02:50:00,1017.995
2026-01-16 03:00:00,1018.0133333333333
2026-01-16 03:10:00,1018.03
2026-01-16 03:20:00,1018.0233333333332
2026-01-16 03:30:00,1018.02
2026-01-16 03:40:00,1018.06
2026-01-16 03:50:00,1018.0799999999999
2026-01-16 04:00:00,1018.12
2026-01-16 04:10:00,1018.1250000000001
2026-01-16 04:20:00,1018.1333333333336
2026-01-16 04:30:00,1018.1350000000001
2026-01-16 04:40:00,1018.1700000000001
2026-01-16 04:50:00,1018.24
2026-01-16 05:00:00,1018.3166666666666
2026-01-16 05:10:00,1018.3399999999999
2026-01-16 05:20:00,1018.3433333333332
2026-01-16 05:30:00,1018.455
2026-01-16 05:40:00,1018.5666666666666
2026-01-16 05:50:00,1018.5949999999999
2026-01-16 06:00:00,1018.6766666666667
2026-01-16 06:10:00,1018.78
2026-01-16 06:20:00,1018.8966666666666
2026-01-16 06:30:00,1019.06
2026-01-16 06:40:00,1019.1966666666667
2026-01-16 06:50:00,1019.345
2026-01-16 07:00:00,1019.4666666666667
2026-01-16 07:10:00,1019.52
2026-01-16 07:20:00,1019.5533333333333
2026-01-16 07:30:00,1019.6800000000001
2026-01-16 07:40:00,1019.7866666666665
2026-01-16 07:50:00,1019.975
2026-01-16 08:00:00,1020.0766666666665
2026-01-16 08:10:00,1020.1450000000001
2026-01-16 08:20:00,1020.2533333333334
2026-01-16 08:30:00,1020.35
2026-01-16 08:40:00,1020.3033333333333
2026-01-16 08:50:00,1020.1850000000001
2026-01-16 09:00:00,1020.1666666666666
2026-01-16 09:10:00,1020.22
2026-01-16 09:20:00,1020.2366666666667
2026-01-16 09:30:00,1020.235
2026-01-16 09:40:00,1020.2199999999999
2026-01-16 09:50:00,1020.205
2026-01-16 10:00:00,1020.2066666666666
2026-01-16 10:10:00,1020.1800000000001
2026-01-16 10:20:00,1020.09
2026-01-16 10:30:00,1019.995
2026-01-16 10:40:00,1019.8800000000001
2026-01-16 10:50:00,1019.74
2026-01-16 11:00:00,1019.59
2026-01-16 11:10:00,1019.475
2026-01-16 11:20:00,1019.3533333333334
2026-01-16 11:30:00,1019.235
2026-01-16 11:40:00,1019.205
2026-01-16 11:50:00,1019.1099999999999
2026-01-16 12:00:00,1019.0649999999999
2026-01-16 12:10:00,1019.0099999999999
2026-01-16 12:20:00,1018.9150000000001
2026-01-16 12:30:00,1018.7633333333333
2026-01-16 12:40:00,1018.6
2026-01-16 12:50:00,1018.4833333333332
2026-01-16 13:00:00,1018.37
2026-01-16 13:10:00,1018.2033333333334
2026-01-16 13:20:00,1018.055
2026-01-16 13:30:00,1017.8833333333333
2026-01-16 13:40:00,1017.725
2026-01-16 13:50:00,1017.5766666666667
2026-01-16 14:00:00,1017.475
2026-01-16 14:10:00,1017.3866666666667
2026-01-16 14:20:00,1017.3249999999999
2026-01-16 14:30:00,1017.27
2026-01-16 14:40:00,1017.205
2026-01-16 14:50:00,1017.1
2026-01-16 15:00:00,1017.035
2026-01-16 15:10:00,1017.0233333333332
2026-01-16 15:20:00,1017.03
2026-01-16 15:30:00,1017.04
2026-01-16 15:40:00,1017.045
2026-01-16 15:50:00,1017.0433333333334
2026-01-16 16:00:00,1017.045
2026-01-16 16:10:00,1017.11
2026-01-16 16:20:00,1017.205
2026-01-16 16:30:00,1017.3266666666667
2026-01-16 16:40:00,1017.445
2026-01-16 16:50:00,1017.5433333333334
2026-01-16 17:00:00,1017.6500000000001
2026-01-16 17:10:00,1017.7400000000001
2026-01-16 17:20:00,1017.8149999999999
2026-01-16 17:30:00,1017.7999999999998
2026-01-16 17:40:00,1017.8199999999999
2026-01-16 17:50:00,1017.8533333333334
2026-01-16 18:00:00,1017.8700000000001
2026-01-16 18:10:00,1017.8633333333333
2026-01-16 18:20:00,1017.8800000000001
2026-01-16 18:30:00,1017.9066666666668
2026-01-16 18:40:00,1017.8950000000001
2026-01-16 18:50:00,1017.93
2026-01-16 19:00:00,1018.0699999999999
2026-01-16 19:10:00,1018.3000000000001
2026-01-16 19:20:00,1018.525
2026-01-16 19:30:00,1018.7633333333333
2026-01-16 19:40:00,1018.9200000000001
2026-01-16 19:50:00,1019.0566666666667
2026-01-16 20:00:00,1019.1650000000001
2026-01-16 20:10:00,1019.1366666666668
2026-01-16 20:20:00,1019.195
2026-01-16 20:30:00,1019.3266666666665
2026-01-16 20:40:00,1019.3449999999999
2026-01-16 20:50:00,1019.3166666666666
2026-01-16 21:00:00,1019.305
2026-01-16 21:10:00,1019.2833333333333
2026-01-16 21:20:00,1019.255
2026-01-16 21:30:00,1019.3366666666667
2026-01-16 21:40:00,1019.4250000000001
2026-01-16 21:50:00,1019.5166666666668
2026-01-16 22:00:00,1019.5999999999999
2026-01-16 22:10:00,1019.6966666666667
2026-01-16 22:20:00,1019.795
2026-01-16 22:30:00,1019.8466666666667
2026-01-16 22:40:00,1019.8299999999999
2026-01-16 22:50:00,1019.7033333333334
2026-01-16 23:00:00,1019.605
2026-01-16 23:10:00,1019.5166666666668
2026-01-16 23:20:00,1019.455
2026-01-16 23:30:00,1019.44
2026-01-16 23:40:00,1019.375
2026-01-16 23:50:00,1019.2633333333333
2026-01-17 00:00:00,1019.125
2026-01-17 00:10:00,1019.0033333333334
2026-01-17 00:20:00,1018.9050000000001
2026-01-17 00:30:00,1018.8233333333333
2026-01-17 00:40:00,1018.71
2026-01-17 00:50:00,1018.5466666666666
2026-01-17 01:00:00,1018.395
2026-01-17 01:10:00,1018.2433333333333
2026-01-17 01:20:00,1018.115
2026-01-17 01:30:00,1017.93
2026-01-17 01:40:00,1017.78
2026-01-17 01:50:00,1017.6833333333334
2026-01-17 02:00:00,1017.5699999999999
2026-01-17 02:10:00,1017.4433333333333
2026-01-17 02:20:00,1017.3149999999999
2026-01-17 02:30:00,1017.2066666666666
2026-01-17 02:40:00,1017.0799999999999
2026-01-17 02:50:00,1017.0033333333334
2026-01-17 03:00:00,1017.005
2026-01-17 03:10:00,1017.0633333333332
2026-01-17 03:20:00,1017.1450000000001
2026-01-17 03:30:00,1017.2133333333335
2026-01-17 03:40:00,1017.235
2026-01-17 03:50:00,1017.2266666666668
2026-01-17 04:00:00,1017.27
2026-01-17 04:10:00,1017.3133333333332
2026-01-17 04:20:00,1017.365
2026-01-17 04:30:00,1017.4433333333333
2026-01-17 04:40:00,1017.48
2026-01-17 04:50:00,1017.5300000000001
2026-01-17 05:00:00,1017.5899999999999
2026-01-17 05:10:00,1017.64
2026-01-17 05:20:00,1017.7
2026-01-17 05:30:00,1017.71
2026-01-17 05:40:00,1017.72
2026-01-17 05:50:00,1017.7966666666666
2026-01-17 06:00:00,1017.8950000000001
2026-01-17 06:10:00,1017.9433333333333
2026-01-17 06:20:00,1018.025
2026-01-17 06:30:00,1018.1333333333333
2026-01-17 06:40:00,1018.27
2026-01-17 06:50:00,1018.3933333333334
2026-01-17 07:00:00,1018.495
2026-01-17 07:10:00,1018.5933333333332
2026-01-17 07:20:00,1018.69
2026-01-17 07:30:00,1018.7933333333334
2026-01-17 07:40:00,1018.9100000000001
2026-01-17 07:50:00,1019.0433333333334
2026-01-17 08:00:00,1019.1600000000001
2026-01-17 08:10:00,1019.2533333333334
2026-01-17 08:20:00,1019.385
2026-01-17 08:30:00,1019.5133333333333
2026-01-17 08:40:00,1019.5999999999999
2026-01-17 08:50:00,1019.5733333333333
2026-01-17 09:00:00,1019.55
2026-01-17 09:10:00,1019.4366666666668
2026-01-17 09:20:00,1019.3199999999999
2026-01-17 09:30:00,1019.3233333333333
2026-01-17 09:40:00,1019.3
2026-01-17 09:50:00,1019.2366666666667
2026-01-17 10:00:00,1019.1850000000001
2026-01-17 10:10:00,1019.11
2026-01-17 10:20:00,1019.0749999999999
2026-01-17 10:30:00,1019.0466666666666
2026-01-17 10:40:00,1018.985
2026-01-17 10:50:00,1018.9033333333333
2026-01-17 11:00:00,1018.8199999999999
2026-01-17 11:10:00,1018.6633333333333
2026-01-17 11:20:00,1018.48
2026-01-17 11:30:00,1018.2833333333333
2026-01-17 11:40:00,1018.1450000000001
2026-01-17 11:50:00,1018.0366666666665
2026-01-17 12:00:00,1017.97
2026-01-17 12:10:00,1017.8433333333332
2026-01-17 12:20:00,1017.715
2026-01-17 12:30:00,1017.6133333333333
2026-01-17 12:40:00,1017.49
2026-01-17 12:50:00,1017.3133333333334
2026-01-17 13:00:00,1017.1500000000001
2026-01-17 13:10:00,1017.02
2026-01-17 13:20:00,1016.8850000000001
2026-01-17 13:30:00,1016.75
2026-01-17 13:40:00,1016.61
2026-01-17 13:50:00,1016.4933333333333
2026-01-17 14:00:00,1016.395
2026-01-17 14:10:00,1016.2966666666666
2026-01-17 14:20:00,1016.1850000000001
2026-01-17 14:30:00,1016.07
2026-01-17 14:40:00,1015.975
2026-01-17 14:50:00,1015.9000000000001
2026-01-17 15:00:00,1015.8599999999999
2026-01-17 15:10:00,1015.8299999999999
2026-01-17 15:20:00,1015.8149999999999
2026-01-17 15:30:00,1015.8399999999998
2026-01-17 15:40:00,1015.86
2026-01-17 15:50:00,1015.8333333333334
2026-01-17 16:00:00,1015.81
2026-01-17 16:10:00,1015.9200000000001
2026-01-17 16:20:00,1016.0699999999999
2026-01-17 16:30:00,1016.1166666666668
2026-01-17 16:40:00,1016.0799999999999
2026-01-17 16:50:00,1016.0333333333333
2026-01-17 17:00:00,1016.0749999999999
2026-01-17 17:10:00,1016.1133333333333
2026-01-17 17:20:00,1016.115
2026-01-17 17:30:00,1016.2033333333334
2026-01-17 17:40:00,1016.285
2026-01-17 17:50:00,1016.34
2026-01-17 18:00:00,1016.4250000000001
2026-01-17 18:10:00,1016.4966666666666
2026-01-17 18:20:00,1016.5699999999999
2026-01-17 18:30:00,1016.6833333333334
2026-01-17 18:40:00,1016.745
2026-01-17 18:50:00,1016.8433333333332
2026-01-17 19:00:00,1016.9300000000001
2026-01-17 19:10:00,1016.9900000000001
2026-01-17 19:20:00,1017.025
2026-01-17 19:30:00,1017.0933333333332
2026-01-17 19:40:00,1017.1700000000001
2026-01-17 19:50:00,1017.2800000000001
2026-01-17 20:00:00,1017.4200000000001
2026-01-17 20:10:00,1017.5166666666668
2026-01-17 20:20:00,1017.635
2026-01-17 20:30:00,1017.6966666666667
2026-01-17 20:40:00,1017.79
2026-01-17 20:50:00,1017.9900000000001
2026-01-17 21:00:00,1018.14
2026-01-17 21:10:00,1018.21
2026-01-17 21:20:00,1018.27
2026-01-17 21:30:00,1018.3066666666667
2026-01-17 21:40:00,1018.4150000000001
2026-01-17 21:50:00,1018.5133333333333
2026-01-17 22:00:00,1018.53
2026-01-17 22:10:00,1018.5033333333334
2026-01-17 22:20:00,1018.445
2026-01-17 22:30:00,1018.4166666666666
2026-01-17 22:40:00,1018.4300000000001
2026-01-17 22:50:00,1018.4000000000001
2026-01-17 23:00:00,1018.3299999999999
2026-01-17 23:10:00,1018.2400000000001
2026-01-17 23:20:00,1018.195
2026-01-17 23:30:00,1018.1366666666667
2026-01-17 23:40:00,1018.05
2026-01-17 23:50:00,1017.96
2026-01-18 00:00:00,1017.8299999999999
2026-01-18 00:10:00,1017.7599999999999
2026-01-18 00:20:00,1017.61
2026-01-18 00:30:00,1017.3966666666666
2026-01-18 00:40:00,1017.21
2026-01-18 00:50:00,1017.07
2026-01-18 01:00:00,1016.9300000000001
2026-01-18 01:10:00,1016.8166666666666
2026-01-18 01:20:00,1016.735
2026-01-18 01:30:00,1016.5766666666667
2026-01-18 01:40:00,1016.395
2026-01-18 01:50:00,1016.25
2026-01-18 02:00:00,1016.1450000000001
2026-01-18 02:10:00,1016.0333333333333
2026-01-18 02:20:00,1015.9300000000001
2026-01-18 02:30:00,1015.8666666666667
2026-01-18 02:40:00,1015.8349999999999
2026-01-18 02:50:00,1015.8399999999998
2026-01-18 03:00:00,1015.865
2026-01-18 03:10:00,1015.8466666666667
2026-01-18 03:20:00,1015.865
2026-01-18 03:30:00,1015.8800000000001
2026-01-18 03:40:00,1015.8900000000001
2026-01-18 03:50:00,1015.9466666666667
2026-01-18 04:00:00,1016.045
2026-01-18 04:10:00,1016.1433333333334
2026-01-18 04:20:00,1016.22
2026-01-18 04:30:00,1016.2800000000001
2026-01-18 04:40:00,1016.37
2026-01-18 04:50:00,1016.5033333333334
2026-01-18 05:00:00,1016.6450000000001
2026-01-18 05:10:00,1016.7333333333332
2026-01-18 05:20:00,1016.785
2026-01-18 05:30:00,1016.8766666666667
2026-01-18 05:40:00,1016.94
2026-01-18 05:50:00,1016.96
2026-01-18 06:00:00,1017.035
2026-01-18 06:10:00,1017.1266666666667
2026-01-18 06:20:00,1017.225
2026-01-18 06:30:00,1017.2933333333334
2026-01-18 06:40:00,1017.4050000000001
2026-01-18 06:50:00,1017.5566666666667
2026-01-18 07:00:00,1017.6700000000001
2026-01-18 07:10:00,1017.82
2026-01-18 07:20:00,1018.03
2026-01-18 07:30:00,1018.2400000000001
2026-01-18 07:40:00,1018.38
2026-01-18 07:50:00,1018.46
2026-01-18 08:00:00,1018.5099999999999
2026-01-18 08:10:00,1018.55
2026-01-18 08:20:00,1018.6300000000001
2026-01-18 08:30:00,1018.69
2026-01-18 08:40:00,1018.71
2026-01-18 08:50:00,1018.775
2026-01-18 09:00:00,1018.8399999999998
2026-01-18 09:10:00,1018.8950000000001
2026-01-18 09:20:00,1018.93
2026-01-18 09:30:00,1018.89
2026-01-18 09:40:00,1018.89
2026-01-18 09:50:00,1018.8900000000001
2026-01-18 10:00:00,1018.9333333333334
2026-01-18 10:10:00,1018.865
2026-01-18 10:20:00,1018.7800000000001
2026-01-18 10:30:00,1018.6700000000001
2026-01-18 10:40:00,1018.5833333333334
2026-01-18 10:50:00,1018.52
2026-01-18 11:00:00,1018.4250000000001
2026-01-18 11:10:00,1018.31
2026-01-18 11:20:00,1018.225
2026-01-18 11:30:00,1018.0866666666667
2026-01-18 11:40:00,1017.9200000000001
2026-01-18 11:50:00,1017.7800000000001
2026-01-18 12:00:00,1017.6450000000001
2026-01-18 12:10:00,1017.4933333333333
2026-01-18 12:20:00,1017.36
2026-01-18 12:30:00,1017.18
2026-01-18 12:40:00,1017.045
2026-01-18 12:50:00,1016.8866666666667
2026-01-18 13:00:00,1016.7
2026-01-18 13:10:00,1016.5833333333334
2026-01-18 13:20:00,1016.455
2026-01-18 13:30:00,1016.2966666666666
2026-01-18 13:40:00,1016.1550000000001
2026-01-18 13:50:00,1016.0333333333333
2026-01-18 14:00:00,1015.9050000000001
2026-01-18 14:10:00,1015.7766666666666
2026-01-18 14:20:00,1015.635
2026-01-18 14:30:00,1015.5300000000001
2026-01-18 14:40:00,1015.4300000000001
2026-01-18 14:50:00,1015.3833333333336
2026-01-18 15:00:00,1015.365
2026-01-18 15:10:00,1015.4000000000001
2026-01-18 15:20:00,1015.4150000000001
2026-01-18 15:30:00,1015.4566666666666
2026-01-18 15:40:00,1015.485
2026-01-18 15:50:00,1015.4900000000001
2026-01-18 16:00:00,1015.53
2026-01-18 16:10:00,1015.5733333333333
2026-01-18 16:20:00,1015.615
2026-01-18 16:30:00,1015.6566666666668
2026-01-18 16:40:00,1015.6450000000001
2026-01-18 16:50:00,1015.6766666666667
2026-01-18 17:00:00,1015.745
2026-01-18 17:10:00,1015.8466666666667
2026-01-18 17:20:00,1016.005
2026-01-18 17:30:00,1016.04
2026-01-18 17:40:00,1016.06
2026-01-18 17:50:00,1016.1833333333334
2026-01-18 18:00:00,1016.37
2026-01-18 18:10:00,1016.4900000000001
2026-01-18 18:20:00,1016.5799999999999
2026-01-18 18:30:00,1016.6433333333334
2026-01-18 18:40:00,1016.775
2026-01-18 18:50:00,1016.9466666666667
2026-01-18 19:00:00,1017.0649999999999
2026-01-18 19:10:00,1017.1500000000001
2026-01-18 19:20:00,1017.24
2026-01-18 19:30:00,1017.3633333333333
2026-01-18 19:40:00,1017.49
2026-01-18 19:50:00,1017.6266666666667
2026-01-18 20:00:00,1017.75
2026-01-18 20:10:00,1017.9200000000001
2026-01-18 20:20:00,1018.055
2026-01-18 20:30:00,1018.1466666666666
2026-01-18 20:40:00,1018.245
2026-01-18 20:50:00,1018.3800000000001
2026-01-18 21:00:00,1018.5133333333333
2026-01-18 21:10:00,1018.5949999999999
2026-01-18 21:20:00,1018.7033333333334
2026-01-18 21:30:00,1018.785
2026-01-18 21:40:00,1018.7366666666667
2026-01-18 21:50:00,1018.775
2026-01-18 22:00:00,1018.86
2026-01-18 22:10:00,1018.87
2026-01-18 22:20:00,1018.8299999999999
2026-01-18 22:30:00,1018.8249999999999
2026-01-18 22:40:00,1018.8366666666666
2026-01-18 22:50:00,1018.8549999999999
2026-01-18 23:00:00,1018.8299999999999
2026-01-18 23:10:00,1018.8466666666667
2026-01-18 23:20:00,1018.9100000000001
2026-01-18 23:30:00,1018.9466666666667
2026-01-18 23:40:00,1018.945
2026-01-18 23:50:00,1018.89
2026-01-19 00:00:00,1018.8149999999999
2026-01-19 00:10:00,1018.75
2026-01-19 00:20:00,1018.705
2026-01-19 00:30:00,1018.64
2026-01-19 00:40:00,1018.5749999999999
2026-01-19 00:50:00,1018.5266666666666
2026-01-19 01:00:00,1018.46
2026-01-19 01:10:00,1018.3766666666667
2026-01-19 01:20:00,1018.3299999999999
2026-01-19 01:30:00,1018.2066666666666
2026-01-19 01:40:00,1018.0899999999999
2026-01-19 01:50:00,1018.0333333333333
2026-01-19 02:00:00,1018.02
2026-01-19 02:10:00,1018.0166666666668
2026-01-19 02:20:00,1017.995
2026-01-19 02:30:00,1018
2026-01-19 02:40:00,1017.99
2026-01-19 02:50:00,1017.98
2026-01-19 03:00:00,1017.9200000000001
2026-01-19 03:10:00,1017.8366666666667
2026-01-19 03:20:00,1017.77
2026-01-19 03:30:00,1017.77
2026-01-19 03:40:00,1017.8149999999999
2026-01-19 03:50:00,1017.8433333333332
2026-01-19 04:00:00,1017.9050000000001
2026-01-19 04:10:00,1017.9266666666667
2026-01-19 04:20:00,1017.975
2026-01-19 04:30:00,1018.0666666666666
2026-01-19 04:40:00,1018.1450000000001
2026-01-19 04:50:00,1018.2166666666667
2026-01-19 05:00:00,1018.27
2026-01-19 05:10:00,1018.3066666666667
2026-01-19 05:20:00,1018.3449999999999
2026-01-19 05:30:00,1018.4266666666667
2026-01-19 05:40:00,1018.47
2026-01-19 05:50:00,1018.4933333333333
2026-01-19 06:00:00,1018.54
2026-01-19 06:10:00,1018.64
2026-01-19 06:20:00,1018.735
2026-01-19 06:30:00,1018.7733333333332
2026-01-19 06:40:00,1018.9050000000001
2026-01-19 06:50:00,1019.0066666666667
2026-01-19 07:00:00,1019.0849999999999
2026-01-19 07:10:00,1019.2199999999999
2026-01-19 07:20:00,1019.295
2026-01-19 07:30:00,1019.4366666666668
2026-01-19 07:40:00,1019.54
2026-01-19 07:50:00,1019.5633333333332
2026-01-19 08:00:00,1019.545
2026-01-19 08:10:00,1019.4699999999999
2026-01-19 08:20:00,1019.48
2026-01-19 08:30:00,1019.6
2026-01-19 08:40:00,1019.715
2026-01-19 08:50:00,1019.7800000000001
2026-01-19 09:00:00,1019.81
2026-01-19 09:10:00,1019.7966666666666
2026-01-19 09:20:00,1019.745
2026-01-19 09:30:00,1019.7366666666667
2026-01-19 09:40:00,1019.75
2026-01-19 09:50:00,1019.7933333333334
2026-01-19 10:00:00,1019.77
2026-01-19 10:10:00,1019.7033333333334
2026-01-19 10:20:00,1019.615
2026-01-19 10:30:00,1019.5300000000001
2026-01-19 10:40:00,1019.4100000000001
2026-01-19 10:50:00,1019.2333333333332
2026-01-19 11:00:00,1019.0899999999999
2026-01-19 11:10:00,1018.96
2026-01-19 11:20:00,1018.8700000000001
2026-01-19 11:30:00,1018.86
2026-01-19 11:40:00,1018.79
2026-01-19 11:50:00,1018.6733333333335
2026-01-19 12:00:00,1018.5749999999999
2026-01-19 12:10:00,1018.4866666666667
2026-01-19 12:20:00,1018.285
2026-01-19 12:30:00,1018.14
2026-01-19 12:40:00,1017.995
2026-01-19 12:50:00,1017.9
2026-01-19 13:00:00,1017.765
2026-01-19 13:10:00,1017.5633333333334
2026-01-19 13:20:00,1017.305
2026-01-19 13:30:00,1017.1033333333334
2026-01-19 13:40:00,1016.96
2026-01-19 13:50:00,1016.8833333333333
2026-01-19 14:00:00,1016.785
2026-01-19 14:10:00,1016.7433333333333
2026-01-19 14:20:00,1016.6800000000001
2026-01-19 14:30:00,1016.6066666666667
2026-01-19 14:40:00,1016.5849999999999
2026-01-19 14:50:00,1016.5933333333332
2026-01-19 15:00:00,1016.545
2026-01-19 15:10:00,1016.5333333333333
2026-01-19 15:20:00,1016.51
2026-01-19 15:30:00,1016.4966666666666
2026-01-19 15:40:00,1016.455
2026-01-19 15:50:00,1016.4500000000002
2026-01-19 16:00:00,1016.505
2026-01-19 16:10:00,1016.5566666666667
2026-01-19 16:20:00,1016.6500000000001
2026-01-19 16:30:00,1016.7933333333334
2026-01-19 16:40:00,1016.8800000000001
2026-01-19 16:50:00,1016.9666666666667
2026-01-19 17:00:00,1017.095
2026-01-19 17:10:00,1017.2666666666668
2026-01-19 17:20:00,1017.465
2026-01-19 17:30:00,1017.6
2026-01-19 17:40:00,1017.6400000000001
2026-01-19 17:50:00,1017.6366666666668
2026-01-19 18:00:00,1017.715
2026-01-19 18:10:00,1017.8033333333333
2026-01-19 18:20:00,1017.8950000000001
2026-01-19 18:30:00,1017.94
2026-01-19 18:40:00,1017.995
2026-01-19 18:50:00,1018.1233333333333
2026-01-19 19:00:00,1018.325
2026-01-19 19:10:00,1018.5566666666667
2026-01-19 19:20:00,1018.715
2026-01-19 19:30:00,1018.8766666666667
2026-01-19 19:40:00,1019.04
2026-01-19 19:50:00,1019.1833333333334
2026-01-19 20:00:00,1019.3199999999999
2026-01-19 20:10:00,1019.4533333333334
2026-01-19 20:20:00,1019.525
2026-01-19 20:30:00,1019.5899999999998
2026-01-19 20:40:00,1019.6450000000001
2026-01-19 20:50:00,1019.7199999999999
2026-01-19 21:00:00,1019.77
2026-01-19 21:10:00,1019.7833333333333
2026-01-19 21:20:00,1019.8199999999999
2026-01-19 21:30:00,1019.8800000000001
2026-01-19 21:40:00,1019.95
2026-01-19 21:50:00,1019.9966666666666
2026-01-19 22:00:00,1020.0949999999999
2026-01-19 22:10:00,1020.0899999999998
2026-01-19 22:20:00,1020.0949999999999
2026-01-19 22:30:00,1020.0533333333333
2026-01-19 22:40:00,1019.99
2026-01-19 22:50:00,1019.9133333333334
2026-01-19 23:00:00,1019.8249999999999
2026-01-19 23:10:00,1019.8399999999998
2026-01-19 23:20:00,1019.8349999999999
2026-01-19 23:30:00,1019.7800000000001
2026-01-19 23:40:00,1019.6850000000001
2026-01-19 23:50:00,1019.6033333333334
2026-01-20 00:00:00,1019.525
2026-01-20 00:10:00,1019.4366666666668
2026-01-20 00:20:00,1019.3249999999999
2026-01-20 00:30:00,1019.2233333333334
2026-01-20 00:40:00,1019.1650000000001
2026-01-20 00:50:00,1019.14
2026-01-20 01:00:00,1019.1250000000001
2026-01-20 01:10:00,1019.0899999999998
2026-01-20 01:20:00,1018.995
2026-01-20 01:30:00,1018.82
2026-01-20 01:40:00,1018.6750000000001
2026-01-20 01:50:00,1018.4499999999999
2026-01-20 02:00:00,1018.285
2026-01-20 02:10:00,1018.2866666666665
2026-01-20 02:20:00,1018.3349999999999
2026-01-20 02:30:00,1018.3633333333333
2026-01-20 02:40:00,1018.4150000000001
2026-01-20 02:50:00,1018.3633333333333
2026-01-20 03:00:00,1018.45
2026-01-20 03:10:00,1018.4433333333333
2026-01-20 03:20:00,1018.305
2026-01-20 03:30:00,1018.2033333333334
2026-01-20 03:40:00,1018.1550000000001
2026-01-20 03:50:00,1018.0733333333333
2026-01-20 04:00:00,1018.06
2026-01-20 04:10:00,1018.11
2026-01-20 04:20:00,1018.245
2026-01-20 04:30:00,1018.4133333333333
2026-01-20 04:40:00,1018.53
2026-01-20 04:50:00,1018.57
2026-01-20 05:00:00,1018.555
2026-01-20 05:10:00,1018.6733333333333
2026-01-20 05:20:00,1018.76
2026-01-20 05:30:00,1018.7966666666666
2026-01-20 05:40:00,1018.8149999999999
2026-01-20 05:50:00,1018.9433333333333
2026-01-20 06:00:00,1019.0749999999999
2026-01-20 06:10:00,1019.1666666666666
2026-01-20 06:20:00,1019.215
2026-01-20 06:30:00,1019.2599999999999
2026-01-20 06:40:00,1019.305
2026-01-20 06:50:00,1019.4166666666666
2026-01-20 07:00:00,1019.515
2026-01-20 07:10:00,1019.5799999999999
2026-01-20 07:20:00,1019.6650000000001
2026-01-20 07:30:00,1019.8100000000001
2026-01-20 07:40:00,1019.99
2026-01-20 07:50:00,1020.0766666666665
2026-01-20 08:00:00,1020.0849999999999
2026-01-20 08:10:00,1020.1433333333334
2026-01-20 08:20:00,1020.195
2026-01-20 08:30:00,1020.31
2026-01-20 08:40:00,1020.465
2026-01-20 08:50:00,1020.5799999999999
2026-01-20 09:00:00,1020.6300000000001
2026-01-20 09:10:00,1020.6266666666667
2026-01-20 09:20:00,1020.5799999999999
2026-01-20 09:30:00,1020.56
2026-01-20 09:40:00,1020.535
2026-01-20 09:50:00,1020.5766666666665
2026-01-20 10:00:00,1020.62
2026-01-20 10:10:00,1020.6566666666668
2026-01-20 10:20:00,1020.6600000000001
2026-01-20 10:30:00,1020.6133333333333
2026-01-20 10:40:00,1020.535
2026-01-20 10:50:00,1020.41
2026-01-20 11:00:00,1020.29
2026-01-20 11:10:00,1020.1933333333333
2026-01-20 11:20:00,1020.105
2026-01-20 11:30:00,1020.0333333333333
2026-01-20 11:40:00,1019.955
2026-01-20 11:50:00,1019.9466666666667
2026-01-20 12:00:00,1019.86
2026-01-20 12:10:00,1019.7466666666666
2026-01-20 12:20:00,1019.6650000000001
2026-01-20 12:30:00,1019.54
2026-01-20 12:40:00,1019.4100000000001
2026-01-20 12:50:00,1019.2266666666668
2026-01-20 13:00:00,1019.09
2026-01-20 13:10:00,1018.9
2026-01-20 13:20:00,1018.7
2026-01-20 13:30:00,1018.6166666666668
2026-01-20 13:40:00,1018.5
2026-01-20 13:50:00,1018.4033333333333
2026-01-20 14:00:00,1018.28
2026-01-20 14:10:00,1018.1233333333333
2026-01-20 14:20:00,1018.015
2026-01-20 14:30:00,1018.0066666666667
2026-01-20 14:40:00,1017.96
2026-01-20 14:50:00,1017.9733333333334
2026-01-20 15:00:00,1017.9000000000001
2026-01-20 15:10:00,1017.86
2026-01-20 15:20:00,1017.8399999999999
2026-01-20 15:30:00,1017.8433333333332
2026-01-20 15:40:00,1017.805
2026-01-20 15:50:00,1017.8800000000001
2026-01-20 16:00:00,1017.995
2026-01-20 16:10:00,1018.0266666666666
2026-01-20 16:20:00,1018.0699999999999
2026-01-20 16:30:00,1018.1633333333334
2026-01-20 16:40:00,1018.235
2026-01-20 16:50:00,1018.2333333333332
2026-01-20 17:00:00,1018.195
2026-01-20 17:10:00,1018.2133333333335
2026-01-20 17:20:00,1018.22
2026-01-20 17:30:00,1018.2599999999999
2026-01-20 17:40:00,1018.345
2026-01-20 17:50:00,1018.4066666666668
2026-01-20 18:00:00,1018.44
2026-01-20 18:10:00,1018.4566666666666
2026-01-20 18:20:00,1018.495
2026-01-20 18:30:00,1018.5433333333334
2026-01-20 18:40:00,1018.5699999999999
2026-01-20 18:50:00,1018.6266666666667
2026-01-20 19:00:00,1018.625
2026-01-20 19:10:00,1018.5866666666666
2026-01-20 19:20:00,1018.6500000000001
2026-01-20 19:30:00,1018.7833333333333
2026-01-20 19:40:00,1018.965
2026-01-20 19:50:00,1019.0099999999999
2026-01-20 20:00:00,1019.0649999999999
2026-01-20 20:10:00,1019.1633333333334
2026-01-20 20:20:00,1019.34
2026-01-20 20:30:00,1019.4533333333334
2026-01-20 20:40:00,1019.535
2026-01-20 20:50:00,1019.56
2026-01-20 21:00:00,1019.615
2026-01-20 21:10:00,1019.5099999999999
2026-01-20 21:20:00,1019.48
2026-01-20 21:30:00,1019.5099999999999
2026-01-20 21:40:00,1019.535
2026-01-20 21:50:00,1019.5666666666666
2026-01-20 22:00:00,1019.55
2026-01-20 22:10:00,1019.5300000000001
2026-01-20 22:20:00,1019.55
2026-01-20 22:30:00,1019.6433333333334
2026-01-20 22:40:00,1019.6700000000001
2026-01-20 22:50:00,1019.61
2026-01-20 23:00:00,1019.53
2026-01-20 23:10:00,1019.4666666666667
2026-01-20 23:20:00,1019.465
2026-01-20 23:30:00,1019.4500000000002
2026-01-20 23:40:00,1019.4200000000001
2026-01-20 23:50:00,1019.31
2026-01-21 00:00:00,1019.205
2026-01-21 00:10:00,1019.1533333333333
2026-01-21 00:20:00,1019.0649999999999
2026-01-21 00:30:00,1018.9533333333334
2026-01-21 00:40:00,1018.8950000000001
2026-01-21 00:50:00,1018.8466666666667
2026-01-21 01:00:00,1018.8249999999999
2026-01-21 01:10:00,1018.7466666666666
2026-01-21 01:20:00,1018.645
2026-01-21 01:30:00,1018.5300000000001
2026-01-21 01:40:00,1018.375
2026-01-21 01:50:00,1018.3033333333333
2026-01-21 02:00:00,1018.225
2026-01-21 02:10:00,1018.0733333333334
2026-01-21 02:20:00,1017.94
2026-01-21 02:30:00,1017.8299999999999
2026-01-21 02:40:00,1017.78
2026-01-21 02:50:00,1017.7033333333334
2026-01-21 03:00:00,1017.6500000000001
2026-01-21 03:10:00,1017.6833333333334
2026-01-21 03:20:00,1017.72
2026-01-21 03:30:00,1017.7999999999998
2026-01-21 03:40:00,1017.8
2026-01-21 03:50:00,1017.81
2026-01-21 04:00:00,1017.7999999999998
2026-01-21 04:10:00,1017.8700000000001
2026-01-21 04:20:00,1017.95
2026-01-21 07:40:00,1019.28
2026-01-21 10:40:00,1019.8900000000001
2026-01-21 13:30:00,1018.8599999999999
2026-02-16 19:40:00,1019.865
2026-02-16 19:50:00,1019.9200000000001
2026-02-16 20:00:00,1019.9666666666667
2026-02-16 20:10:00,1020.03
2026-02-16 20:20:00,1020.1266666666667
2026-02-16 20:30:00,1020.1700000000001
2026-02-16 20:40:00,1020.1666666666666
2026-02-16 20:50:00,1020.1600000000001
2026-02-16 21:00:00,1020.1866666666668
2026-02-16 21:10:00,1020.26
2026-02-16 21:20:00,1020.31
2026-02-16 21:30:00,1020.36
2026-02-16 21:40:00,1020.44
2026-02-16 21:50:00,1020.475
2026-02-16 22:00:00,1020.5133333333333
2026-02-16 22:10:00,1020.55
2026-02-16 22:20:00,1020.5899999999998
2026-02-16 22:30:00,1020.6500000000001
2026-02-16 22:40:00,1020.6833333333334
2026-02-16 22:50:00,1020.6600000000001
2026-02-16 23:00:00,1020.5966666666667
2026-02-16 23:10:00,1020.54
2026-02-16 23:20:00,1020.5166666666668
2026-02-16 23:30:00,1020.495
2026-02-16 23:40:00,1020.4200000000001
2026-02-16 23:50:00,1020.3249999999999
2026-02-17 00:00:00,1020.2633333333333
2026-02-17 00:10:00,1020.195
2026-02-17 00:20:00,1020.1633333333334
2026-02-17 00:30:00,1020.0849999999999
2026-02-17 00:40:00,1019.9733333333334
2026-02-17 00:50:00,1019.845
2026-02-17 01:00:00,1019.77
2026-02-17 01:10:00,1019.6733333333335
2026-02-17 01:20:00,1019.535
2026-02-17 01:30:00,1019.39
2026-02-17 01:40:00,1019.3
2026-02-17 01:50:00,1019.2599999999999
2026-02-17 02:00:00,1019.235
2026-02-17 02:10:00,1019.2533333333334
2026-02-17 02:20:00,1019.21
2026-02-17 02:30:00,1019.1533333333333
2026-02-17 02:40:00,1019.19
2026-02-17 02:50:00,1019.2333333333332
2026-02-17 03:00:00,1019.23
2026-02-17 03:10:00,1019.2366666666667
2026-02-17 03:20:00,1019.3199999999999
2026-02-17 03:30:00,1019.3833333333333
2026-02-17 03:40:00,1019.445
2026-02-17 03:50:00,1019.4433333333333
2026-02-17 04:00:00,1019.45
2026-02-17 04:10:00,1019.4699999999999
2026-02-17 04:20:00,1019.5
2026-02-17 04:30:00,1019.5
2026-02-17 04:40:00,1019.51
2026-02-17 04:50:00,1019.5266666666666
2026-02-17 05:00:00,1019.5899999999999
2026-02-17 05:10:00,1019.7033333333334
2026-02-17 05:20:00,1019.765
2026-02-17 05:30:00,1019.8299999999999
2026-02-17 05:40:00,1019.8900000000001
2026-02-17 05:50:00,1020
2026-02-17 06:00:00,1020.1550000000001
2026-02-17 06:10:00,1020.3033333333333
2026-02-17 06:20:00,1020.46
2026-02-17 06:30:00,1020.5833333333334
2026-02-17 06:40:00,1020.69
2026-02-17 06:50:00,1020.8066666666667
2026-02-17 07:00:00,1020.955
2026-02-17 07:10:00,1021.1633333333333
2026-02-17 07:20:00,1021.3249999999999
2026-02-17 07:30:00,1021.37
2026-02-17 07:40:00,1021.48
2026-02-17 07:50:00,1021.5433333333334
2026-02-17 08:00:00,1021.5899999999999
2026-02-17 08:10:00,1021.5633333333332
2026-02-17 08:20:00,1021.5649999999999
2026-02-17 08:30:00,1021.5766666666665
2026-02-17 08:40:00,1021.5949999999999
2026-02-17 08:50:00,1021.6600000000002
2026-02-17 09:00:00,1021.71
2026-02-17 09:10:00,1021.7266666666668
2026-02-17 09:20:00,1021.73
2026-02-17 09:30:00,1021.6566666666668
2026-02-17 09:40:00,1021.5999999999999
2026-02-17 09:50:00,1021.5799999999999
2026-02-17 10:00:00,1021.53
2026-02-17 10:10:00,1021.4933333333333
2026-02-17 10:20:00,1021.44
2026-02-17 10:30:00,1021.3033333333333
2026-02-17 10:40:00,1021.2
2026-02-17 10:50:00,1021.1233333333333
2026-02-17 11:00:00,1020.975
2026-02-17 11:10:00,1020.82
2026-02-17 11:20:00,1020.6850000000001
2026-02-17 11:30:00,1020.57
2026-02-17 11:40:00,1020.4200000000001
2026-02-17 11:50:00,1020.3033333333333
2026-02-17 12:00:00,1020.2
2026-02-17 12:10:00,1020.06
2026-02-17 12:20:00,1019.94
2026-02-17 12:30:00,1019.82
2026-02-17 12:40:00,1019.6850000000001
2026-02-17 12:50:00,1019.5533333333333
2026-02-17 13:00:00,1019.385
2026-02-17 13:10:00,1019.2199999999999
2026-02-17 13:20:00,1019.105
2026-02-17 13:30:00,1018.98
2026-02-17 13:40:00,1018.8950000000001
2026-02-17 13:50:00,1018.7266666666668
2026-02-17 14:00:00,1018.5749999999999
2026-02-17 14:10:00,1018.4166666666666
2026-02-17 14:20:00,1018.295
2026-02-17 14:30:00,1018.1866666666668
2026-02-17 14:40:00,1018.1250000000001
2026-02-17 14:50:00,1018.1166666666668
2026-02-17 15:00:00,1018.0999999999999
2026-02-17 15:10:00,1018.0799999999999
2026-02-17 15:20:00,1018.12
2026-02-17 15:30:00,1018.1533333333333
2026-02-17 15:40:00,1018.1650000000001
2026-02-17 15:50:00,1018.1733333333335
2026-02-17 16:00:00,1018.2
2026-02-17 16:10:00,1018.23
2026-02-17 16:20:00,1018.235
2026-02-17 16:30:00,1018.2800000000001
2026-02-17 16:40:00,1018.3149999999999
2026-02-17 16:50:00,1018.3533333333334
2026-02-17 17:00:00,1018.3800000000001
2026-02-17 17:10:00,1018.4466666666667
2026-02-17 17:20:00,1018.5799999999999
2026-02-17 17:30:00,1018.6233333333333
2026-02-17 17:40:00,1018.6700000000001
2026-02-17 17:50:00,1018.7766666666666
2026-02-17 18:00:00,1018.9200000000001
2026-02-17 18:10:00,1019.0666666666666
2026-02-17 18:20:00,1019.21
2026-02-17 18:30:00,1019.34
2026-02-17 18:40:00,1019.445
2026-02-17 18:50:00,1019.5300000000001
2026-02-17 19:00:00,1019.625
2026-02-17 19:10:00,1019.7000000000002
2026-02-17 19:20:00,1019.775
2026-02-17 19:30:00,1019.8733333333333
2026-02-17 19:40:00,1019.95
2026-02-17 19:50:00,1020.0466666666666
2026-02-17 20:00:00,1020.0999999999999
2026-02-17 20:10:00,1020.1333333333336
2026-02-17 20:20:00,1020.2
2026-02-17 20:30:00,1020.3033333333333
2026-02-17 20:40:00,1020.4150000000001
2026-02-17 20:50:00,1020.4900000000001
2026-02-17 21:00:00,1020.5699999999999
2026-02-17 21:10:00,1020.6466666666669
2026-02-17 21:20:00,1020.71
2026-02-17 21:30:00,1020.7933333333334
2026-02-17 21:40:00,1020.8549999999999
2026-02-17 21:50:00,1020.8800000000001
2026-02-17 22:00:00,1020.8900000000001
2026-02-17 22:10:00,1020.9366666666668
2026-02-17 22:20:00,1020.965
2026-02-17 22:30:00,1020.9933333333333
2026-02-17 22:40:00,1020.985
2026-02-17 22:50:00,1021.0133333333333
2026-02-17 23:00:00,1021.025
2026-02-17 23:10:00,1020.9699999999999
2026-02-17 23:20:00,1020.9350000000001
2026-02-17 23:30:00,1020.9500000000002
2026-02-17 23:40:00,1020.9150000000001
2026-02-17 23:50:00,1020.8933333333334
2026-02-18 00:00:00,1020.8249999999999
2026-02-18 00:10:00,1020.7666666666668
2026-02-18 00:20:00,1020.71
2026-02-18 00:30:00,1020.62
2026-02-18 00:40:00,1020.5649999999999
2026-02-18 00:50:00,1020.4699999999999
2026-02-18 01:00:00,1020.35
2026-02-18 01:10:00,1020.1933333333333
2026-02-18 01:20:00,1020.045
2026-02-18 01:30:00,1019.9366666666668
2026-02-18 01:40:00,1019.8499999999999
2026-02-18 01:50:00,1019.7833333333333
2026-02-18 02:00:00,1019.71
2026-02-18 02:10:00,1019.6700000000001
2026-02-18 02:20:00,1019.6550000000001
2026-02-18 02:30:00,1019.59
2026-02-18 02:40:00,1019.51
2026-02-18 02:50:00,1019.48
2026-02-18 03:00:00,1019.46
2026-02-18 03:10:00,1019.4566666666666
2026-02-18 03:20:00,1019.4250000000001
2026-02-18 03:30:00,1019.4200000000001
2026-02-18 03:40:00,1019.44
2026-02-18 03:50:00,1019.4766666666668
2026-02-18 04:00:00,1019.49
2026-02-18 04:10:00,1019.5099999999999
2026-02-18 04:20:00,1019.52
2026-02-18 04:30:00,1019.4466666666667
2026-02-18 04:40:00,1019.4250000000001
2026-02-18 04:50:00,1019.5066666666667
2026-02-18 05:00:00,1019.5799999999999
2026-02-18 05:10:00,1019.6366666666667
2026-02-18 05:20:00,1019.755
2026-02-18 05:30:00,1019.84
2026-02-18 05:40:00,1019.9250000000001
2026-02-18 05:50:00,1020.0266666666666
2026-02-18 06:00:00,1020.115
2026-02-18 06:10:00,1020.1566666666668
2026-02-18 06:20:00,1020.24
2026-02-18 06:30:00,1020.3233333333334
2026-02-18 06:40:00,1020.465
2026-02-18 06:50:00,1020.6300000000001
2026-02-18 07:00:00,1020.78
2026-02-18 07:10:00,1020.89
2026-02-18 07:20:00,1020.99
2026-02-18 07:30:00,1021.0333333333333
2026-02-18 07:40:00,1021.0699999999999
2026-02-18 07:50:00,1021.0966666666667
2026-02-18 08:00:00,1021.1650000000001
2026-02-18 08:10:00,1021.2199999999999
2026-02-18 08:20:00,1021.215
2026-02-18 08:30:00,1021.2000000000002
2026-02-18 08:40:00,1021.21
2026-02-18 08:50:00,1021.2733333333332
2026-02-18 09:00:00,1021.28
2026-02-18 09:10:00,1021.2766666666666
2026-02-18 09:20:00,1021.245
2026-02-18 09:30:00,1021.2199999999999
2026-02-18 09:40:00,1021.215
2026-02-18 09:50:00,1021.2266666666668
2026-02-18 10:00:00,1021.1850000000001
2026-02-18 10:10:00,1021.0966666666667
2026-02-18 10:20:00,1021.005
2026-02-18 10:30:00,1020.8933333333334
2026-02-18 10:40:00,1020.8
2026-02-18 10:50:00,1020.6966666666667
2026-02-18 11:00:00,1020.59
2026-02-18 11:10:00,1020.4500000000002
2026-02-18 11:20:00,1020.375
2026-02-18 11:30:00,1020.2999999999998
2026-02-18 11:40:00,1020.22
2026-02-18 11:50:00,1020.1266666666667
2026-02-18 12:00:00,1020.04
2026-02-18 12:10:00,1019.9433333333333
2026-02-18 12:20:00,1019.865
2026-02-18 12:30:00,1019.7533333333334
2026-02-18 12:40:00,1019.555
2026-02-18 12:50:00,1019.35
2026-02-18 13:00:00,1019.1700000000001
2026-02-18 13:10:00,1019.0466666666666
2026-02-18 13:20:00,1018.96
2026-02-18 13:30:00,1018.8566666666666
2026-02-18 13:40:00,1018.775
2026-02-18 13:50:00,1018.6466666666666
2026-02-18 14:00:00,1018.49
2026-02-18 14:10:00,1018.3266666666667
2026-02-18 14:20:00,1018.19
2026-02-18 14:30:00,1018.1166666666667
2026-02-18 14:40:00,1018.0649999999999
2026-02-18 14:50:00,1018.02
2026-02-18 15:00:00,1017.965
2026-02-18 15:10:00,1017.9050000000001
2026-02-18 15:20:00,1017.8233333333333
2026-02-18 15:30:00,1017.755
2026-02-18 15:40:00,1017.6766666666667
2026-02-18 15:50:00,1017.6300000000001
2026-02-18 16:00:00,1017.6566666666668
2026-02-18 16:10:00,1017.69
2026-02-18 16:20:00,1017.7133333333335
2026-02-18 16:30:00,1017.725
2026-02-18 16:40:00,1017.7033333333334
2026-02-18 16:50:00,1017.7
2026-02-18 17:00:00,1017.7266666666668
2026-02-18 17:10:00,1017.76
2026-02-18 17:20:00,1017.7866666666665
2026-02-18 17:30:00,1017.8249999999999
2026-02-18 17:40:00,1017.8933333333334
2026-02-18 17:50:00,1017.965
2026-02-18 18:00:00,1018.0166666666668
2026-02-18 18:10:00,1018.125
2026-02-18 18:20:00,1018.2533333333334
2026-02-18 18:30:00,1018.3950000000001
2026-02-18 18:40:00,1018.5066666666667
2026-02-18 18:50:00,1018.5849999999999
2026-02-18 19:00:00,1018.6500000000001
2026-02-18 19:10:00,1018.705
2026-02-18 19:20:00,1018.7733333333332
2026-02-18 19:30:00,1018.8449999999999
2026-02-18 19:40:00,1018.8766666666667
2026-02-18 19:50:00,1018.955
2026-02-18 20:00:00,1019.0466666666666
2026-02-18 20:10:00,1019.115
2026-02-18 20:20:00,1019.2166666666667
2026-02-18 20:30:00,1019.3
2026-02-18 20:40:00,1019.3866666666667
2026-02-18 20:50:00,1019.465
2026-02-18 21:00:00,1019.5499999999998
2026-02-18 21:10:00,1019.5899999999999
2026-02-18 21:20:00,1019.6199999999999
2026-02-18 21:30:00,1019.7
2026-02-18 21:40:00,1019.7599999999999
2026-02-18 21:50:00,1019.81
2026-02-18 22:00:00,1019.8166666666666
2026-02-18 22:10:00,1019.765
2026-02-18 22:20:00,1019.7433333333333
2026-02-18 22:30:00,1019.75
2026-02-18 22:40:00,1019.7766666666666
2026-02-18 22:50:00,1019.76
2026-02-18 23:00:00,1019.7633333333333
2026-02-18 23:10:00,1019.79
2026-02-18 23:20:00,1019.7833333333333
2026-02-18 23:30:00,1019.725
2026-02-18 23:40:00,1019.6133333333333
2026-02-18 23:50:00,1019.52
2026-02-19 00:00:00,1019.46
2026-02-19 00:10:00,1019.365
2026-02-19 00:20:00,1019.2266666666668
2026-02-19 00:30:00,1019.1450000000001
2026-02-19 00:40:00,1019.0499999999998
2026-02-19 00:50:00,1018.9350000000001
2026-02-19 01:00:00,1018.8299999999999
2026-02-19 01:10:00,1018.72
2026-02-19 01:20:00,1018.5966666666667
2026-02-19 01:30:00,1018.51
2026-02-19 01:40:00,1018.4033333333333
2026-02-19 01:50:00,1018.28
2026-02-19 02:00:00,1018.1766666666667
2026-02-19 02:10:00,1018.0799999999999
2026-02-19 02:20:00,1017.9933333333333
2026-02-19 02:30:00,1017.8950000000001
2026-02-19 02:40:00,1017.79
2026-02-19 02:50:00,1017.75
2026-02-19 03:00:00,1017.7000000000002
2026-02-19 03:10:00,1017.6450000000001
2026-02-19 03:20:00,1017.6566666666668
2026-02-19 03:30:00,1017.6650000000001
2026-02-19 03:40:00,1017.6766666666667
2026-02-19 03:50:00,1017.71
2026-02-19 04:00:00,1017.7633333333333
2026-02-19 04:10:00,1017.8
2026-02-19 04:20:00,1017.85
2026-02-19 04:30:00,1017.9000000000001
2026-02-19 04:40:00,1017.96
2026-02-19 04:50:00,1018.025
2026-02-19 05:00:00,1018.1133333333333
2026-02-19 05:10:00,1018.195
2026-02-19 05:20:00,1018.2666666666668
2026-02-19 05:30:00,1018.3399999999999
2026-02-19 05:40:00,1018.4733333333334
2026-02-19 05:50:00,1018.605
2026-02-19 06:00:00,1018.6700000000001
2026-02-19 06:10:00,1018.725
2026-02-19 06:20:00,1018.79
2026-02-19 06:30:00,1018.8900000000001
2026-02-19 06:40:00,1018.9766666666668
2026-02-19 06:50:00,1019.0699999999999
2026-02-19 07:00:00,1019.2000000000002
2026-02-19 07:10:00,1019.4000000000001
2026-02-19 07:20:00,1019.5
2026-02-19 07:30:00,1019.5749999999999
2026-02-19 07:40:00,1019.6566666666668
2026-02-19 07:50:00,1019.765
2026-02-19 08:00:00,1019.9133333333333
2026-02-19 08:10:00,1019.99
2026-02-19 08:20:00,1020.0099999999999
2026-02-19 08:30:00,1020.0799999999999
2026-02-19 08:40:00,1020.1133333333333
2026-02-19 08:50:00,1020.195
2026-02-19 09:00:00,1020.2866666666665
2026-02-19 09:10:00,1020.3449999999999
2026-02-19 09:20:00,1020.4033333333333
2026-02-19 09:30:00,1020.4000000000001
2026-02-19 09:40:00,1020.3633333333333
2026-02-19 09:50:00,1020.3800000000001
2026-02-19 10:00:00,1020.4466666666667
2026-02-19 10:10:00,1020.45
2026-02-19 10:20:00,1020.4100000000002
2026-02-19 10:30:00,1020.3349999999999
2026-02-19 10:40:00,1020.2333333333332
2026-02-19 10:50:00,1020.12
2026-02-19 11:00:00,1020
2026-02-19 11:10:00,1019.9150000000001
2026-02-19 11:20:00,1019.8566666666666
2026-02-19 11:30:00,1019.765
2026-02-19 11:40:00,1019.6366666666667
2026-02-19 11:50:00,1019.53
2026-02-19 12:00:00,1019.46
2026-02-19 12:10:00,1019.345
2026-02-19 12:20:00,1019.2133333333335
2026-02-19 12:30:00,1019.12
2026-02-19 12:40:00,1019.0433333333334
2026-02-19 12:50:00,1018.9150000000001
2026-02-19 13:00:00,1018.77
2026-02-19 13:10:00,1018.645
2026-02-19 13:20:00,1018.5633333333332
2026-02-19 13:30:00,1018.485
2026-02-19 13:40:00,1018.25
2026-02-19 13:50:00,1017.97
2026-02-19 14:00:00,1017.8399999999998
2026-02-19 14:10:00,1017.8449999999999
2026-02-19 14:20:00,1017.7599999999999
2026-02-19 14:30:00,1017.775
2026-02-19 14:40:00,1017.75
2026-02-19 14:50:00,1017.715
2026-02-19 15:00:00,1017.71
2026-02-19 15:10:00,1017.625
2026-02-19 15:20:00,1017.5233333333332
2026-02-19 15:30:00,1017.44
2026-02-19 15:40:00,1017.3933333333334
2026-02-19 15:50:00,1017.4100000000001
2026-02-19 16:00:00,1017.4200000000001
2026-02-19 16:10:00,1017.4250000000001
2026-02-19 16:20:00,1017.3733333333333
2026-02-19 16:30:00,1017.275
2026-02-19 16:40:00,1017.2733333333332
2026-02-19 16:50:00,1017.285
2026-02-19 17:00:00,1017.3133333333332
2026-02-19 17:10:00,1017.385
2026-02-19 17:20:00,1017.4900000000001
2026-02-19 17:30:00,1017.5649999999999
2026-02-19 17:40:00,1017.64
2026-02-19 17:50:00,1017.715
2026-02-19 18:00:00,1017.7800000000001
2026-02-19 18:10:00,1017.9100000000001
2026-02-19 18:20:00,1018.02
2026-02-19 18:30:00,1018.0799999999999
2026-02-19 18:40:00,1018.1049999999999
2026-02-19 18:50:00,1018.1566666666668
2026-02-19 19:00:00,1018.205
2026-02-19 19:10:00,1018.2933333333334
2026-02-19 19:20:00,1018.38
2026-02-19 19:30:00,1018.4566666666666
2026-02-19 19:40:00,1018.5649999999999
2026-02-19 19:50:00,1018.6633333333334
2026-02-19 20:00:00,1018.755
2026-02-19 20:10:00,1018.87
2026-02-19 20:20:00,1018.98
2026-02-19 20:30:00,1019.1
2026-02-19 20:40:00,1019.1550000000001
2026-02-19 20:50:00,1019.1433333333334
2026-02-19 21:00:00,1019.1750000000001
2026-02-19 21:10:00,1019.2266666666668
2026-02-19 21:20:00,1019.28
2026-02-19 21:30:00,1019.3233333333333
2026-02-19 21:40:00,1019.3800000000001
2026-02-19 21:50:00,1019.4500000000002
2026-02-19 22:00:00,1019.455
2026-02-19 22:10:00,1019.3866666666667
2026-02-19 22:20:00,1019.255
2026-02-19 22:30:00,1019.0866666666667
2026-02-19 22:40:00,1018.9250000000001
2026-02-19 22:50:00,1018.8066666666667
2026-02-19 23:00:00,1018.725
2026-02-19 23:10:00,1018.6500000000001
2026-02-19 23:20:00,1018.5849999999999
2026-02-19 23:30:00,1018.5466666666666
2026-02-19 23:40:00,1018.53
2026-02-19 23:50:00,1018.4699999999999
2026-02-20 00:00:00,1018.375
2026-02-20 00:10:00,1018.2233333333334
2026-02-20 00:20:00,1018.0649999999999
2026-02-20 00:30:00,1017.9266666666667
2026-02-20 00:40:00,1017.8499999999999
2026-02-20 00:50:00,1017.7933333333334
2026-02-20 01:00:00,1017.71
2026-02-20 01:10:00,1017.6300000000001
2026-02-20 01:20:00,1017.54
2026-02-20 01:30:00,1017.4333333333334
2026-02-20 01:40:00,1017.3
2026-02-20 01:50:00,1017.2000000000002
2026-02-20 02:00:00,1017.1450000000001
2026-02-20 02:10:00,1017.0833333333334
2026-02-20 02:20:00,1017.0649999999999
2026-02-20 02:30:00,1017.02
2026-02-20 02:40:00,1016.9350000000001
2026-02-20 02:50:00,1016.87
2026-02-20 03:00:00,1016.865
2026-02-20 03:10:00,1016.8666666666667
2026-02-20 03:20:00,1016.8800000000001
2026-02-20 03:30:00,1016.8866666666668
2026-02-20 03:40:00,1016.8750000000001
2026-02-20 03:50:00,1016.8833333333336
2026-02-20 04:00:00,1016.9050000000001
2026-02-20 04:10:00,1016.96
2026-02-20 04:20:00,1017.025
2026-02-20 04:30:00,1017.12
2026-02-20 04:40:00,1017.1750000000001
2026-02-20 04:50:00,1017.2199999999999
2026-02-20 05:00:00,1017.25
2026-02-20 05:10:00,1017.3333333333334
2026-02-20 05:20:00,1017.495
2026-02-20 05:30:00,1017.62
2026-02-20 05:40:00,1017.735
2026-02-20 05:50:00,1017.8133333333332
2026-02-20 06:00:00,1017.875
2026-02-20 06:10:00,1017.89
2026-02-20 06:20:00,1017.9150000000001
2026-02-20 06:30:00,1017.9933333333333
2026-02-20 06:40:00,1018.06
2026-02-20 06:50:00,1018.1733333333335
2026-02-20 07:00:00,1018.385
2026-02-20 07:10:00,1018.5133333333333
2026-02-20 07:20:00,1018.53
2026-02-20 07:30:00,1018.6199999999999
2026-02-20 07:40:00,1018.695
2026-02-20 07:50:00,1018.7566666666667
2026-02-20 08:00:00,1018.78
2026-02-20 08:10:00,1018.8166666666666
2026-02-20 08:20:00,1018.855
2026-02-20 08:30:00,1018.8933333333334
2026-02-20 08:40:00,1018.9350000000001
2026-02-20 08:50:00,1018.9500000000002
2026-02-20 09:00:00,1018.955
2026-02-20 09:10:00,1018.9833333333332
2026-02-20 09:20:00,1019.01
2026-02-20 09:30:00,1019.0433333333334
2026-02-20 09:40:00,1019.0749999999999
2026-02-20 09:50:00,1019.1166666666667
2026-02-20 10:00:00,1019.0849999999999
2026-02-20 10:10:00,1019.0333333333333
2026-02-20 10:20:00,1018.98
2026-02-20 10:30:00,1018.94
2026-02-20 10:40:00,1018.9200000000001
2026-02-20 10:50:00,1018.8533333333334
2026-02-20 11:00:00,1018.745
2026-02-20 11:10:00,1018.6633333333334
2026-02-20 11:20:00,1018.5799999999999
2026-02-20 11:30:00,1018.4666666666667
2026-02-20 11:40:00,1018.335
2026-02-20 11:50:00,1018.1666666666666
2026-02-20 12:00:00,1018.025
2026-02-20 12:10:00,1017.9166666666666
2026-02-20 12:20:00,1017.785
2026-02-20 12:30:00,1017.6366666666667
2026-02-20 12:40:00,1017.49
2026-02-20 12:50:00,1017.3333333333334
2026-02-20 13:00:00,1017.15
2026-02-20 13:10:00,1016.9666666666667
2026-02-20 13:20:00,1016.795
2026-02-20 13:30:00,1016.65
2026-02-20 13:40:00,1016.545
2026-02-20 13:50:00,1016.3966666666666
2026-02-20 14:00:00,1016.31
2026-02-20 14:10:00,1016.2733333333332
2026-02-20 14:20:00,1016.2
2026-02-20 14:30:00,1016.0675
2026-02-20 14:40:00,1015.9166666666666
2026-02-20 14:50:00,1015.855
2026-02-20 15:00:00,1015.8066666666667
2026-02-20 15:10:00,1015.8299999999999
2026-02-20 15:20:00,1015.8499999999999
2026-02-20 15:30:00,1015.87
2026-02-20 15:40:00,1015.9000000000001
2026-02-20 15:50:00,1015.9100000000001
2026-02-20 16:00:00,1015.9533333333334
2026-02-20 16:10:00,1016.06
2026-02-20 16:20:00,1016.1533333333333
2026-02-20 16:30:00,1016.2
2026-02-20 16:40:00,1016.2199999999999
2026-02-20 16:50:00,1016.305
2026-02-20 17:00:00,1016.3766666666667
2026-02-20 17:10:00,1016.475
2026-02-20 17:20:00,1016.56
2026-02-20 17:30:00,1016.6383333333334
2026-02-20 17:40:00,1016.7
2026-02-20 17:50:00,1016.7599999999999
2026-02-20 18:00:00,1016.885
2026-02-20 18:10:00,1017
2026-02-20 18:20:00,1017.135
2026-02-20 18:30:00,1017.2266666666668
2026-02-20 18:40:00,1017.275
2026-02-20 18:50:00,1017.35
2026-02-20 19:00:00,1017.4300000000001
2026-02-20 19:10:00,1017.5733333333334
2026-02-20 19:20:00,1017.74
2026-02-20 19:30:00,1017.9166666666666
2026-02-20 19:40:00,1018.125
2026-02-20 19:50:00,1018.3800000000001
2026-02-20 20:00:00,1018.4250000000001
2026-02-20 20:10:00,1018.5533333333333
2026-02-20 20:20:00,1018.6600000000001
2026-02-20 20:30:00,1018.77
2026-02-20 20:40:00,1018.9150000000001
2026-02-20 20:50:00,1019.0300000000001
2026-02-20 21:00:00,1019.1099999999999
2026-02-20 21:10:00,1019.1099999999999
2026-02-20 21:20:00,1019.0566666666667
2026-02-20 21:30:00,1018.965
2026-02-20 21:40:00,1018.9166666666666
2026-02-20 21:50:00,1018.9100000000001
2026-02-20 22:00:00,1018.9000000000001
2026-02-20 22:10:00,1018.9250000000001
2026-02-20 22:20:00,1018.93
2026-02-20 22:30:00,1018.9150000000001
2026-02-20 22:40:00,1018.9200000000001
2026-02-20 22:50:00,1018.9150000000001
2026-02-20 23:00:00,1018.8766666666667
2026-02-20 23:10:00,1018.865
2026-02-20 23:20:00,1018.8299999999999
2026-02-20 23:30:00,1018.77
2026-02-20 23:40:00,1018.7233333333334
2026-02-20 23:50:00,1018.6800000000001
2026-02-21 00:00:00,1018.6266666666667
2026-02-21 00:10:00,1018.53
2026-02-21 00:20:00,1018.41
2026-02-21 00:30:00,1018.24
2026-02-21 00:40:00,1018.0633333333334
2026-02-21 00:50:00,1017.975
2026-02-21 01:00:00,1017.8966666666669
2026-02-21 01:10:00,1017.8399999999999
2026-02-21 01:20:00,1017.7766666666666
2026-02-21 01:30:00,1017.75
2026-02-21 01:40:00,1017.6700000000001
2026-02-21 01:50:00,1017.5899999999999
2026-02-21 02:00:00,1017.6066666666666
2026-02-21 02:10:00,1017.5799999999999
2026-02-21 02:20:00,1017.5133333333333
2026-02-21 02:30:00,1017.49
2026-02-21 02:40:00,1017.5166666666668
2026-02-21 02:50:00,1017.56
2026-02-21 03:00:00,1017.5466666666666
2026-02-21 03:10:00,1017.46
2026-02-21 03:20:00,1017.3966666666669
2026-02-21 03:30:00,1017.3950000000001
2026-02-21 03:40:00,1017.4266666666667
2026-02-21 03:50:00,1017.505
2026-02-21 04:00:00,1017.57
2026-02-21 04:10:00,1017.5799999999999
2026-02-21 04:20:00,1017.6033333333334
2026-02-21 04:30:00,1017.6500000000001
2026-02-21 04:40:00,1017.6933333333333
2026-02-21 04:50:00,1017.775
2026-02-21 05:00:00,1017.8399999999998
2026-02-21 05:10:00,1017.86
2026-02-21 05:20:00,1017.9100000000002
2026-02-21 05:30:00,1017.965
2026-02-21 05:40:00,1018.0499999999998
2026-02-21 05:50:00,1018.1350000000001
2026-02-21 06:00:00,1018.1433333333334
2026-02-21 06:10:00,1018.1200000000001
2026-02-21 06:20:00,1018.1700000000001
2026-02-21 06:30:00,1018.29
2026-02-21 06:40:00,1018.44
2026-02-21 06:50:00,1018.53
2026-02-21 07:00:00,1018.6300000000001
2026-02-21 07:10:00,1018.725
2026-02-21 07:20:00,1018.8333333333334
2026-02-21 07:30:00,1018.9300000000001
2026-02-21 07:40:00,1019.0466666666666
2026-02-21 07:50:00,1019.1550000000001
2026-02-21 08:00:00,1019.2366666666667
2026-02-21 08:10:00,1019.29
2026-02-21 08:20:00,1019.3633333333333
2026-02-21 08:30:00,1019.4050000000001
2026-02-21 08:40:00,1019.475
2026-02-21 08:50:00,1019.5633333333332
2026-02-21 09:00:00,1019.6733333333335
2026-02-21 09:10:00,1019.765
2026-02-21 09:20:00,1019.8433333333332
2026-02-21 09:30:00,1019.94
2026-02-21 09:40:00,1020.0033333333334
2026-02-21 09:50:00,1020.0699999999999
2026-02-21 10:00:00,1020.0899999999998
2026-02-21 10:10:00,1020.115
2026-02-21 10:20:00,1020.1133333333333
2026-02-21 10:30:00,1020.0799999999999
2026-02-21 10:40:00,1019.9666666666667
2026-02-21 10:50:00,1019.8399999999999
2026-02-21 11:00:00,1019.755
2026-02-21 11:10:00,1019.66
2026-02-21 11:20:00,1019.52
2026-02-21 11:30:00,1019.3800000000001
2026-02-21 11:40:00,1019.28
2026-02-21 11:50:00,1019.1533333333333
2026-02-21 12:00:00,1019.015
2026-02-21 12:10:00,1018.8800000000001
2026-02-21 12:20:00,1018.79
2026-02-21 12:30:00,1018.6600000000002
2026-02-21 12:40:00,1018.56
2026-02-21 12:50:00,1018.4566666666666
2026-02-21 13:00:00,1018.34
2026-02-21 13:10:00,1018.1733333333333
2026-02-21 13:20:00,1018.005
2026-02-21 13:30:00,1017.8299999999999
2026-02-21 13:40:00,1017.6850000000001
2026-02-21 13:50:00,1017.6033333333334
2026-02-21 14:00:00,1017.56
2026-02-21 14:10:00,1017.5133333333333
2026-02-21 14:20:00,1017.4100000000001
2026-02-21 14:30:00,1017.3066666666667
2026-02-21 14:40:00,1017.2025000000001
2026-02-21 14:50:00,1017.055
2026-02-21 15:00:00,1016.9466666666667
2026-02-21 15:10:00,1016.875
2026-02-21 15:20:00,1016.8833333333333
2026-02-21 15:30:00,1016.94
2026-02-21 15:40:00,1017.0766666666665
2026-02-21 15:50:00,1017.0849999999999
2026-02-21 16:00:00,1017.1333333333333
2026-02-21 16:10:00,1017.25
2026-02-21 16:20:00,1017.2966666666666
2026-02-21 16:30:00,1017.4000000000001
2026-02-21 16:40:00,1017.4433333333333
2026-02-21 16:50:00,1017.515
2026-02-21 17:00:00,1017.5866666666666
2026-02-21 17:10:00,1017.6800000000001
2026-02-21 17:20:00,1017.8066666666667
2026-02-21 17:30:00,1017.9050000000001
2026-02-21 17:40:00,1017.9966666666666
2026-02-21 17:50:00,1018.06
2026-02-21 18:00:00,1018.1266666666667
2026-02-21 18:10:00,1018.2549999999999
2026-02-21 18:20:00,1018.4233333333333
2026-02-21 18:30:00,1018.605
2026-02-21 18:40:00,1018.7433333333333
2026-02-21 18:50:00,1018.84
2026-02-21 19:00:00,1019.0466666666666
2026-02-21 19:10:00,1019.215
2026-02-21 19:20:00,1019.385
2026-02-21 19:30:00,1019.5666666666666
2026-02-21 19:40:00,1019.71
2026-02-21 19:50:00,1019.7999999999998
2026-02-21 20:00:00,1019.8199999999999
2026-02-21 20:10:00,1019.8733333333333
2026-02-21 20:20:00,1019.9300000000001
2026-02-21 20:30:00,1019.945
2026-02-21 20:40:00,1019.9900000000001
2026-02-21 20:50:00,1020.06
2026-02-21 21:00:00,1020.1500000000001
2026-02-21 21:10:00,1020.25
2026-02-21 21:20:00,1020.3249999999999
2026-02-21 21:30:00,1020.3833333333336
2026-02-21 21:40:00,1020.365
2026-02-21 21:50:00,1020.3166666666666
2026-02-21 22:00:00,1020.27
2026-02-21 22:10:00,1020.2400000000001
2026-02-21 22:20:00,1020.2
2026-02-21 22:30:00,1020.2133333333335
2026-02-21 22:40:00,1020.27
2026-02-21 22:50:00,1020.31
2026-02-21 23:00:00,1020.265
2026-02-21 23:10:00,1020.1766666666667
2026-02-21 23:20:00,1020.11
2026-02-21 23:30:00,1020.0499999999998
2026-02-21 23:40:00,1019.955
2026-02-21 23:50:00,1019.8066666666667
2026-02-22 00:00:00,1019.6550000000001
2026-02-22 00:10:00,1019.4699999999999
2026-02-22 00:20:00,1019.3800000000001
2026-02-22 00:30:00,1019.3433333333332
2026-02-22 00:40:00,1019.255
2026-02-22 00:50:00,1019.1733333333335
2026-02-22 01:00:00,1019.0699999999999
2026-02-22 01:10:00,1018.9866666666667
2026-02-22 01:20:00,1018.9250000000001
2026-02-22 01:30:00,1018.8833333333336
2026-02-22 01:40:00,1018.8599999999999
2026-02-22 01:50:00,1018.8233333333333
2026-02-22 02:00:00,1018.765
2026-02-22 02:10:00,1018.6433333333334
2026-02-22 02:20:00,1018.5699999999999
2026-02-22 02:30:00,1018.545
2026-02-22 02:40:00,1018.5499999999998
2026-02-22 02:50:00,1018.5
2026-02-22 03:00:00,1018.4733333333334
2026-02-22 03:10:00,1018.4000000000001
2026-02-22 03:20:00,1018.3266666666665
2026-02-22 03:30:00,1018.3249999999999
2026-02-22 03:40:00,1018.3233333333333
2026-02-22 03:50:00,1018.3299999999999
2026-02-22 04:00:00,1018.3333333333334
2026-02-22 04:10:00,1018.3549999999999
2026-02-22 04:20:00,1018.4200000000001
2026-02-22 04:30:00,1018.535
2026-02-22 04:40:00,1018.6300000000001
2026-02-22 04:50:00,1018.73
2026-02-22 05:00:00,1018.8299999999999
2026-02-22 05:10:00,1018.9050000000001
2026-02-22 05:20:00,1019
2026-02-22 05:30:00,1019.29
2026-02-22 05:40:00,1019.37
2026-02-22 05:50:00,1019.4533333333334
2026-02-22 06:00:00,1019.5
2026-02-22 06:10:00,1019.6433333333334
2026-02-22 06:20:00,1019.785
2026-02-22 06:30:00,1019.9166666666666
2026-02-22 06:40:00,1020.025
2026-02-22 06:50:00,1020.1266666666667
2026-02-22 07:00:00,1020.1850000000001
2026-02-22 07:10:00,1020.27
2026-02-22 07:20:00,1020.385
2026-02-22 07:30:00,1020.5266666666666
2026-02-22 07:40:00,1020.7
2026-02-22 07:50:00,1020.7999999999998
2026-02-22 08:00:00,1020.88
2026-02-22 08:10:00,1020.9833333333332
2026-02-22 08:20:00,1021.125
2026-02-22 08:30:00,1021.2333333333332
2026-02-22 08:40:00,1021.275
2026-02-22 08:50:00,1021.3366666666666
2026-02-22 09:00:00,1021.3199999999999
2026-02-22 09:10:00,1021.39
2026-02-22 09:20:00,1021.46
2026-02-22 09:30:00,1021.4500000000002
2026-02-22 09:40:00,1021.4200000000001
2026-02-22 09:50:00,1021.39
2026-02-22 10:00:00,1021.3850000000001
2026-02-22 10:10:00,1021.4466666666667
2026-02-22 10:20:00,1021.515
2026-02-22 10:30:00,1021.46
2026-02-22 10:40:00,1021.3950000000001
2026-02-22 10:50:00,1021.2666666666668
2026-02-22 11:00:00,1021.1600000000001
2026-02-22 11:10:00,1021.0533333333333
2026-02-22 11:20:00,1020.975
2026-02-22 11:30:00,1020.9033333333333
2026-02-22 11:40:00,1020.8750000000001
2026-02-22 11:50:00,1020.8266666666667
2026-02-22 12:00:00,1020.71
2026-02-22 12:10:00,1020.71
2026-02-22 12:20:00,1020.69
2026-02-22 12:30:00,1020.61
2026-02-22 12:40:00,1020.47
2026-02-22 12:50:00,1020.29
2026-02-22 13:00:00,1020.1500000000001
2026-02-22 13:10:00,1020.0533333333333
2026-02-22 13:20:00,1019.97
2026-02-22 13:30:00,1019.9166666666666
2026-02-22 13:40:00,1019.8199999999999
2026-02-22 13:50:00,1019.7233333333334
2026-02-22 14:00:00,1019.5899999999999
2026-02-22 14:10:00,1019.44
2026-02-22 14:20:00,1019.375
2026-02-22 14:30:00,1019.2800000000001
2026-02-22 14:40:00,1019.275
2026-02-22 14:50:00,1019.2999999999998
2026-02-22 15:00:00,1019.27
2026-02-22 15:10:00,1019.2266666666668
2026-02-22 15:20:00,1019.1450000000001
2026-02-22 15:30:00,1019.1033333333334
2026-02-22 15:40:00,1019.055
2026-02-22 15:50:00,1019.0166666666668
2026-02-22 16:00:00,1018.9250000000001
2026-02-22 16:10:00,1018.94
2026-02-22 16:20:00,1019
2026-02-22 16:30:00,1019.02
2026-02-22 16:40:00,1019.02
2026-02-22 16:50:00,1019.0433333333334
2026-02-22 17:00:00,1019.045
2026-02-22 17:10:00,1019.1166666666668
2026-02-22 17:20:00,1019.23
2026-02-22 17:30:00,1019.3299999999999
2026-02-22 17:40:00,1019.46
2026-02-22 17:50:00,1019.6233333333333
2026-02-22 18:00:00,1019.72
2026-02-22 18:10:00,1019.8166666666666
2026-02-22 18:20:00,1019.8900000000001
2026-02-22 18:30:00,1019.98
2026-02-22 18:40:00,1020.115
2026-02-22 18:50:00,1020.2333333333332
2026-02-22 19:00:00,1020.31
2026-02-22 19:10:00,1020.4433333333333
2026-02-22 19:20:00,1020.555
2026-02-22 19:30:00,1020.6333333333333
2026-02-22 19:40:00,1020.77
2026-02-22 19:50:00,1020.89
2026-02-22 20:00:00,1020.975
2026-02-22 20:10:00,1021.0766666666667
2026-02-22 20:20:00,1021.2
2026-02-22 20:30:00,1021.3666666666667
2026-02-22 20:40:00,1021.515
2026-02-22 20:50:00,1021.6233333333333
2026-02-22 21:00:00,1021.72
2026-02-22 21:10:00,1021.7433333333333
2026-02-22 21:20:00,1021.765
2026-02-22 21:30:00,1021.7966666666666
2026-02-22 21:40:00,1021.8766666666667
2026-02-22 21:50:00,1021.8933333333334
2026-02-22 22:00:00,1021.9000000000001
2026-02-22 22:10:00,1021.9100000000002
2026-02-22 22:20:00,1021.87
2026-02-22 22:30:00,1021.8033333333333
2026-02-22 22:40:00,1021.795
2026-02-22 22:50:00,1021.77
2026-02-22 23:00:00,1021.75
2026-02-22 23:10:00,1021.7000000000002
2026-02-22 23:20:00,1021.61
2026-02-22 23:30:00,1021.5133333333333
2026-02-22 23:40:00,1021.385
2026-02-22 23:50:00,1021.2800000000001
2026-02-23 00:00:00,1021.1600000000001
2026-02-23 00:10:00,1021.0033333333334
2026-02-23 00:20:00,1020.87
2026-02-23 00:30:00,1020.7533333333334
2026-02-23 00:40:00,1020.6650000000001
2026-02-23 00:50:00,1020.6066666666666
2026-02-23 01:00:00,1020.5699999999999
2026-02-23 01:10:00,1020.48
2026-02-23 01:20:00,1020.355
2026-02-23 01:30:00,1020.2199999999999
2026-02-23 01:40:00,1020.095
2026-02-23 01:50:00,1020.0266666666666
2026-02-23 02:00:00,1019.95
2026-02-23 02:10:00,1019.8666666666667
2026-02-23 02:20:00,1019.8
2026-02-23 02:30:00,1019.7433333333333
2026-02-23 02:40:00,1019.63
2026-02-23 02:50:00,1019.5099999999999
2026-02-23 03:00:00,1019.46
2026-02-23 03:10:00,1019.4566666666666
2026-02-23 03:20:00,1019.445
2026-02-23 03:30:00,1019.4333333333334
2026-02-23 03:40:00,1019.3900000000001
2026-02-23 03:50:00,1019.37
2026-02-23 04:00:00,1019.3349999999999
2026-02-23 04:10:00,1019.2633333333333
2026-02-23 04:20:00,1019.285
2026-02-23 04:30:00,1019.3299999999999
2026-02-23 04:40:00,1019.37
2026-02-23 04:50:00,1019.4266666666667
2026-02-23 05:00:00,1019.485
2026-02-23 05:10:00,1019.5666666666666
2026-02-23 05:20:00,1019.615
2026-02-23 05:30:00,1019.6566666666668
2026-02-23 05:40:00,1019.6850000000001
2026-02-23 05:50:00,1019.7866666666665
2026-02-23 06:00:00,1019.8549999999999
2026-02-23 06:10:00,1019.9033333333333
2026-02-23 06:20:00,1020.02
2026-02-23 06:30:00,1020.2133333333335
2026-02-23 06:40:00,1020.36
2026-02-23 06:50:00,1020.59
2026-02-23 07:00:00,1020.725
2026-02-23 07:10:00,1020.79
2026-02-23 07:20:00,1020.8349999999999
2026-02-23 07:30:00,1020.89
2026-02-23 07:40:00,1020.9100000000001
2026-02-23 07:50:00,1020.8933333333334
2026-02-23 08:00:00,1020.8750000000001
2026-02-23 08:10:00,1020.9233333333335
2026-02-23 08:20:00,1020.94
2026-02-23 08:30:00,1020.9266666666667
2026-02-23 08:40:00,1020.9250000000001
2026-02-23 08:50:00,1020.94
2026-02-23 09:00:00,1020.97
2026-02-23 09:10:00,1020.98
2026-02-23 09:20:00,1020.94
2026-02-23 09:30:00,1020.94
2026-02-23 09:40:00,1020.955
2026-02-23 09:50:00,1020.94
2026-02-23 10:00:00,1020.9050000000001
2026-02-23 10:10:00,1020.8800000000001
2026-02-23 10:20:00,1020.8549999999999
2026-02-23 10:30:00,1020.7800000000001
2026-02-23 10:40:00,1020.6750000000001
2026-02-23 10:50:00,1020.5633333333332
2026-02-23 11:00:00,1020.465
2026-02-23 11:10:00,1020.3833333333333
2026-02-23 11:20:00,1020.27
2026-02-23 11:30:00,1020.1733333333335
2026-02-23 11:40:00,1020.035
2026-02-23 11:50:00,1019.9166666666666
2026-02-23 12:00:00,1019.785
2026-02-23 12:10:00,1019.64
2026-02-23 12:20:00,1019.455
2026-02-23 12:30:00,1019.27
2026-02-23 12:40:00,1019.135
2026-02-23 12:50:00,1019.0266666666666
2026-02-23 13:00:00,1018.9000000000001
2026-02-23 13:10:00,1018.8033333333333
2026-02-23 13:20:00,1018.71
2026-02-23 13:30:00,1018.6666666666666
2026-02-23 13:40:00,1018.61
2026-02-23 13:50:00,1018.56
2026-02-23 14:00:00,1018.47
2026-02-23 14:10:00,1018.34
2026-02-23 14:20:00,1018.225
2026-02-23 14:30:00,1018.0733333333333
2026-02-23 14:40:00,1017.965
2026-02-23 14:50:00,1017.9233333333335
2026-02-23 15:00:00,1017.8900000000001
2026-02-23 15:10:00,1017.8833333333336
2026-02-23 15:20:00,1017.8700000000001
2026-02-23 15:30:00,1017.9000000000001
2026-02-23 15:40:00,1017.96
2026-02-23 15:50:00,1017.9866666666667
2026-02-23 16:00:00,1018.01
2026-02-23 16:10:00,1018.0433333333334
2026-02-23 16:20:00,1018.135
2026-02-23 16:30:00,1018.27
2026-02-23 16:40:00,1018.4050000000001
2026-02-23 16:50:00,1018.4633333333335
2026-02-23 17:00:00,1018.545
2026-02-23 17:10:00,1018.6033333333334
2026-02-23 17:20:00,1018.6550000000001
2026-02-23 17:30:00,1018.7766666666666
2026-02-23 17:40:00,1018.8499999999999
2026-02-23 17:50:00,1018.9466666666667
2026-02-23 18:00:00,1019.04
2026-02-23 18:10:00,1019.19
2026-02-23 18:20:00,1019.375
2026-02-23 18:30:00,1019.57
2026-02-23 18:40:00,1019.715
2026-02-23 18:50:00,1019.8800000000001
2026-02-23 19:00:00,1020.02
2026-02-23 19:10:00,1020.1933333333333
2026-02-23 19:20:00,1020.39
2026-02-23 19:30:00,1020.5566666666667
2026-02-23 19:40:00,1020.695
2026-02-23 19:50:00,1020.81
2026-02-23 20:00:00,1020.9200000000001
2026-02-23 20:10:00,1021.0233333333332
2026-02-23 20:20:00,1021.035
2026-02-23 20:30:00,1021.1133333333333
2026-02-23 20:40:00,1021.24
2026-02-23 20:50:00,1021.36
2026-02-23 21:00:00,1021.4250000000001
2026-02-23 21:10:00,1021.4466666666667
2026-02-23 21:20:00,1021.51
2026-02-23 21:30:00,1021.5266666666666
2026-02-23 21:40:00,1021.55
2026-02-23 21:50:00,1021.5300000000001
2026-02-23 22:00:00,1021.475
2026-02-23 22:10:00,1021.4666666666667
2026-02-23 22:20:00,1021.535
2026-02-23 22:30:00,1021.5866666666666
2026-02-23 22:40:00,1021.6200000000001
2026-02-23 22:50:00,1021.5533333333333
2026-02-23 23:00:00,1021.475
2026-02-23 23:10:00,1021.3866666666667
2026-02-23 23:20:00,1021.275
2026-02-23 23:30:00,1021.2166666666667
2026-02-23 23:40:00,1021.1
2026-02-23 23:50:00,1020.9366666666666
2026-02-24 00:00:00,1020.79
2026-02-24 00:10:00,1020.7133333333335
2026-02-24 00:20:00,1020.71
2026-02-24 00:30:00,1020.6933333333333
2026-02-24 00:40:00,1020.5749999999999
2026-02-24 00:50:00,1020.4266666666667
2026-02-24 01:00:00,1020.3199999999999
2026-02-24 01:10:00,1020.2199999999999
2026-02-24 01:20:00,1020.1300000000001
2026-02-24 01:30:00,1020.1433333333334
2026-02-24 01:40:00,1020.1300000000001
2026-02-24 01:50:00,1020.0466666666666
2026-02-24 02:00:00,1019.985
2026-02-24 02:10:00,1019.9666666666667
2026-02-24 02:20:00,1019.9
2026-02-24 02:30:00,1019.7366666666667
2026-02-24 02:40:00,1019.6550000000001
2026-02-24 02:50:00,1019.62
2026-02-24 03:00:00,1019.5899999999999
2026-02-24 03:10:00,1019.5933333333332
2026-02-24 03:20:00,1019.5999999999999
2026-02-24 03:30:00,1019.64
2026-02-24 03:40:00,1019.6550000000001
2026-02-24 03:50:00,1019.6166666666668
2026-02-24 04:00:00,1019.5799999999999
2026-02-24 04:10:00,1019.5766666666665
2026-02-24 04:20:00,1019.5899999999999
2026-02-24 04:30:00,1019.64
2026-02-24 04:40:00,1019.6850000000001
2026-02-24 04:50:00,1019.6433333333334
2026-02-24 05:00:00,1019.6099999999999
2026-02-24 05:10:00,1019.6700000000001
2026-02-24 05:20:00,1019.75
2026-02-24 05:30:00,1019.75
2026-02-24 05:40:00,1019.805
2026-02-24 05:50:00,1019.8766666666667
2026-02-24 06:00:00,1019.9200000000001
2026-02-24 06:10:00,1020.0099999999999
2026-02-24 06:20:00,1020.105
2026-02-24 06:30:00,1020.2166666666667
2026-02-24 06:40:00,1020.3
2026-02-24 06:50:00,1020.4666666666667
2026-02-24 07:00:00,1020.54
2026-02-24 07:10:00,1020.5733333333333
2026-02-24 07:20:00,1020.6049999999999
2026-02-24 07:30:00,1020.6933333333333
2026-02-24 07:40:00,1020.725
2026-02-24 07:50:00,1020.7366666666667
2026-02-24 08:00:00,1020.805
2026-02-24 08:10:00,1020.9233333333335
2026-02-24 08:20:00,1021.02
2026-02-24 08:30:00,1021.0533333333333
2026-02-24 08:40:00,1021.115
2026-02-24 08:50:00,1021.2533333333334
2026-02-24 09:00:00,1021.4200000000001
2026-02-24 09:10:00,1021.5300000000001
2026-02-24 09:20:00,1021.63
2026-02-24 09:30:00,1021.6933333333333
2026-02-24 09:40:00,1021.6800000000001
2026-02-24 09:50:00,1021.6066666666666
2026-02-24 10:00:00,1021.52
2026-02-24 10:10:00,1021.4
2026-02-24 10:20:00,1021.26
2026-02-24 10:30:00,1021.1166666666668
2026-02-24 10:40:00,1020.955
2026-02-24 10:50:00,1020.8433333333332
2026-02-24 11:00:00,1020.725
2026-02-24 11:10:00,1020.5799999999999
2026-02-24 11:20:00,1020.4300000000001
2026-02-24 11:30:00,1020.3566666666666
2026-02-24 11:40:00,1020.285
2026-02-24 11:50:00,1020.2266666666668
2026-02-24 12:00:00,1020.195
2026-02-24 12:10:00,1020.115
2026-02-24 12:20:00,1020.02
2026-02-24 12:30:00,1019.9200000000001
2026-02-24 12:40:00,1019.7766666666666
2026-02-24 12:50:00,1019.6500000000001
2026-02-24 13:00:00,1019.5099999999999
2026-02-24 13:10:00,1019.35
2026-02-24 13:20:00,1019.19
2026-02-24 13:30:00,1019.0649999999999
2026-02-24 13:40:00,1018.9233333333333
2026-02-24 13:50:00,1018.765
2026-02-24 14:00:00,1018.6066666666666
2026-02-24 14:10:00,1018.475
2026-02-24 14:20:00,1018.3533333333334
2026-02-24 14:30:00,1018.23
2026-02-24 14:40:00,1018.1500000000001
2026-02-24 14:50:00,1018.0949999999999
2026-02-24 15:00:00,1018.0333333333333
2026-02-24 15:10:00,1018
2026-02-24 15:20:00,1017.9133333333334
2026-02-24 15:30:00,1017.8750000000001
2026-02-24 15:40:00,1017.8700000000002
2026-02-24 15:50:00,1017.8750000000001
2026-02-24 16:00:00,1017.9266666666667
2026-02-24 16:10:00,1017.975
2026-02-24 16:20:00,1017.9233333333335
2026-02-24 16:30:00,1017.86
2026-02-24 16:40:00,1017.9033333333333
2026-02-24 16:50:00,1017.975
2026-02-24 17:00:00,1018.1233333333333
2026-02-24 17:10:00,1018.22
2026-02-24 17:20:00,1018.2666666666668
2026-02-24 17:30:00,1018.37
2026-02-24 17:40:00,1018.5233333333332
2026-02-24 17:50:00,1018.6350000000001
2026-02-24 18:00:00,1018.71
2026-02-24 18:10:00,1018.775
2026-02-24 18:20:00,1018.85
2026-02-24 18:30:00,1018.8950000000001
2026-02-24 18:40:00,1018.9266666666667
2026-02-24 18:50:00,1019.025
2026-02-24 19:00:00,1019.1733333333335
2026-02-24 19:10:00,1019.265
2026-02-24 19:20:00,1019.4133333333333
2026-02-24 19:30:00,1019.5699999999999
2026-02-24 19:40:00,1019.7066666666666
2026-02-24 19:50:00,1019.8249999999999
2026-02-24 20:00:00,1019.9033333333333
2026-02-24 20:10:00,1019.995
2026-02-24 20:20:00,1020.1366666666667
2026-02-24 20:30:00,1020.225
2026-02-24 20:40:00,1020.2733333333332
2026-02-24 20:50:00,1020.3299999999999
2026-02-24 21:00:00,1020.3266666666665
2026-02-24 21:10:00,1020.3850000000001
2026-02-24 21:20:00,1020.4100000000002
2026-02-24 21:30:00,1020.4000000000001
2026-02-24 21:40:00,1020.4533333333334
2026-02-24 21:50:00,1020.485
2026-02-24 22:00:00,1020.4866666666667
2026-02-24 22:10:00,1020.495
2026-02-24 22:20:00,1020.4533333333334
2026-02-24 22:30:00,1020.4150000000001
2026-02-24 22:40:00,1020.3733333333333
2026-02-24 22:50:00,1020.295
2026-02-24 23:00:00,1020.1766666666667
2026-02-24 23:10:00,1020.1099999999999
2026-02-24 23:20:00,1020.0433333333334
2026-02-24 23:30:00,1019.9150000000001
2026-02-24 23:40:00,1019.7866666666665
2026-02-24 23:50:00,1019.6700000000001
2026-02-25 00:00:00,1019.5133333333333
2026-02-25 00:10:00,1019.345
2026-02-25 00:20:00,1019.1533333333333
2026-02-25 00:30:00,1018.975
2026-02-25 00:40:00,1018.8033333333333
2026-02-25 00:50:00,1018.6700000000001
2026-02-25 01:00:00,1018.5466666666666
2026-02-25 01:10:00,1018.46
2026-02-25 01:20:00,1018.4033333333333
2026-02-25 01:30:00,1018.4350000000001
2026-02-25 01:40:00,1018.4466666666667
2026-02-25 01:50:00,1018.3900000000001
2026-02-25 02:00:00,1018.3266666666665
2026-02-25 02:10:00,1018.305
2026-02-25 02:20:00,1018.2933333333334
2026-02-25 02:30:00,1018.265
2026-02-25 02:40:00,1018.27
2026-02-25 02:50:00,1018.28
2026-02-25 03:00:00,1018.2633333333333
2026-02-25 03:10:00,1018.22
2026-02-25 03:20:00,1018.23
2026-02-25 03:30:00,1018.24
2026-02-25 03:40:00,1018.2433333333333
2026-02-25 03:50:00,1018.235
2026-02-25 04:00:00,1018.2533333333334
2026-02-25 04:10:00,1018.28
2026-02-25 04:20:00,1018.2766666666666
2026-02-25 04:30:00,1018.27
2026-02-25 04:40:00,1018.3033333333333
2026-02-25 04:50:00,1018.31
2026-02-25 05:00:00,1018.3233333333333
2026-02-25 05:10:00,1018.355
2026-02-25 05:20:00,1018.4433333333333
2026-02-25 05:30:00,1018.555
2026-02-25 05:40:00,1018.6733333333333
2026-02-25 05:50:00,1018.775
2026-02-25 06:00:00,1018.86
2026-02-25 06:10:00,1018.9300000000001
2026-02-25 06:20:00,1019.02
2026-02-25 06:30:00,1019.105
2026-02-25 06:40:00,1019.2000000000002
2026-02-25 06:50:00,1019.28
2026-02-25 07:00:00,1019.4666666666667
2026-02-25 07:10:00,1019.6500000000001
2026-02-25 07:20:00,1019.73
2026-02-25 07:30:00,1019.805
2026-02-25 07:40:00,1019.9133333333333
2026-02-25 07:50:00,1020.0949999999999
2026-02-25 08:00:00,1020.1233333333333
2026-02-25 08:10:00,1020.195
2026-02-25 08:20:00,1020.1966666666667
2026-02-25 08:30:00,1020.23
2026-02-25 08:40:00,1020.32
2026-02-25 08:50:00,1020.4200000000001
2026-02-25 09:00:00,1020.4133333333334
2026-02-25 09:10:00,1020.3750000000001
2026-02-25 09:20:00,1020.3066666666667
2026-02-25 09:30:00,1020.23
2026-02-25 09:40:00,1020.1266666666667
2026-02-25 09:50:00,1020.05
2026-02-25 10:00:00,1020
2026-02-25 10:10:00,1020.035
2026-02-25 10:20:00,1020.0333333333333
2026-02-25 10:30:00,1019.98
2026-02-25 10:40:00,1019.8933333333334
2026-02-25 10:50:00,1019.745
2026-02-25 11:00:00,1019.59
2026-02-25 11:10:00,1019.4200000000001
2026-02-25 11:20:00,1019.2233333333334
2026-02-25 11:30:00,1019.06
2026-02-25 11:40:00,1018.9266666666667
2026-02-25 11:50:00,1018.8199999999999
2026-02-25 12:00:00,1018.73
2026-02-25 12:10:00,1018.6450000000001
2026-02-25 12:20:00,1018.5499999999998
2026-02-25 12:30:00,1018.375
2026-02-25 12:40:00,1018.2333333333332
2026-02-25 12:50:00,1018.11
2026-02-25 13:00:00,1017.9500000000002
2026-02-25 13:10:00,1017.8149999999999
2026-02-25 13:20:00,1017.6466666666666
2026-02-25 13:30:00,1017.495
2026-02-25 13:40:00,1017.32
2026-02-25 13:50:00,1017.1500000000001
2026-02-25 14:00:00,1017.0533333333333
2026-02-25 14:10:00,1016.97
2026-02-25 14:20:00,1016.9033333333333
2026-02-25 14:30:00,1016.8549999999999
2026-02-25 14:40:00,1016.8633333333333
2026-02-25 14:50:00,1016.8950000000001
2026-02-25 15:00:00,1016.8866666666668
2026-02-25 15:10:00,1016.8399999999999
2026-02-25 15:20:00,1016.8499999999999
2026-02-25 15:30:00,1016.8549999999999
2026-02-25 15:40:00,1016.9066666666668
2026-02-25 15:50:00,1016.9100000000001
2026-02-25 16:00:00,1016.9533333333334
2026-02-25 16:10:00,1016.995
2026-02-25 16:20:00,1016.9733333333334
2026-02-25 16:30:00,1017.01
2026-02-25 16:40:00,1017.0533333333333
2026-02-25 16:50:00,1017.0899999999999
2026-02-25 17:00:00,1017.1233333333333
2026-02-25 17:10:00,1017.2
2026-02-25 17:20:00,1017.2966666666666
2026-02-25 17:30:00,1017.3950000000001
2026-02-25 17:50:00,1017.5533333333333
2026-02-25 18:00:00,1017.6500000000001
2026-02-25 18:10:00,1017.7199999999999
2026-02-25 18:20:00,1017.79
2026-02-25 18:30:00,1017.8800000000001
2026-02-25 18:40:00,1017.96
2026-02-25 18:50:00,1018.0466666666666
2026-02-25 19:00:00,1018.115
2026-02-25 19:10:00,1018.2033333333334
2026-02-25 19:20:00,1018.3199999999999
2026-02-25 19:30:00,1018.4633333333335
2026-02-25 19:40:00,1018.615
2026-02-25 19:50:00,1018.7266666666668
2026-02-25 20:00:00,1018.79
2026-02-25 20:10:00,1018.9066666666668
2026-02-25 20:20:00,1019.045
2026-02-25 20:30:00,1019.15
2026-02-25 20:40:00,1019.24
2026-02-25 20:50:00,1019.2866666666665
2026-02-25 21:00:00,1019.3349999999999
2026-02-25 21:10:00,1019.4033333333333
2026-02-25 21:20:00,1019.455
2026-02-25 21:30:00,1019.4966666666666
2026-02-25 21:40:00,1019.535
2026-02-25 21:50:00,1019.59
2026-02-25 22:00:00,1019.6700000000001
2026-02-25 22:10:00,1019.6866666666668
2026-02-25 22:20:00,1019.6600000000001
2026-02-25 22:30:00,1019.6166666666667
2026-02-25 22:40:00,1019.5849999999999
2026-02-25 22:50:00,1019.5899999999998
2026-02-25 23:00:00,1019.5699999999999
2026-02-25 23:10:00,1019.5566666666667
2026-02-25 23:20:00,1019.505
2026-02-25 23:30:00,1019.4300000000001
2026-02-25 23:40:00,1019.3249999999999
2026-02-25 23:50:00,1019.2199999999999
2026-02-26 00:00:00,1019.0799999999999
2026-02-26 00:10:00,1018.9633333333335
2026-02-26 00:20:00,1018.87
2026-02-26 00:30:00,1018.7433333333333
2026-02-26 00:40:00,1018.615
2026-02-26 00:50:00,1018.5300000000001
2026-02-26 01:00:00,1018.49
2026-02-26 01:10:00,1018.4233333333335
2026-02-26 01:20:00,1018.37
2026-02-26 01:30:00,1018.3199999999999
2026-02-26 01:40:00,1018.29
2026-02-26 01:50:00,1018.265
2026-02-26 02:00:00,1018.2366666666667
2026-02-26 02:10:00,1018.19
2026-02-26 02:20:00,1018.1366666666667
2026-02-26 02:30:00,1018.0949999999999
2026-02-26 02:40:00,1018.0533333333333
2026-02-26 02:50:00,1018.035
2026-02-26 03:00:00,1018.0433333333334
2026-02-26 03:10:00,1018.055
2026-02-26 03:20:00,1018.0300000000001
2026-02-26 03:30:00,1018.01
2026-02-26 03:40:00,1018.0566666666667
2026-02-26 03:50:00,1018.0749999999999
2026-02-26 04:00:00,1018.1066666666666
2026-02-26 04:10:00,1018.1500000000001
2026-02-26 04:20:00,1018.1766666666667
2026-02-26 04:30:00,1018.225
2026-02-26 04:40:00,1018.2533333333334
2026-02-26 04:50:00,1018.28
2026-02-26 05:00:00,1018.3133333333332
2026-02-26 05:10:00,1018.365
2026-02-26 05:20:00,1018.4333333333334
2026-02-26 05:30:00,1018.6
2026-02-26 05:40:00,1018.73
2026-02-26 05:50:00,1018.8249999999999
2026-02-26 06:00:00,1018.9000000000001
2026-02-26 06:10:00,1018.99
2026-02-26 06:20:00,1019.1
2026-02-26 06:30:00,1019.21
2026-02-26 06:40:00,1019.3133333333334
2026-02-26 06:50:00,1019.495
2026-02-26 07:00:00,1019.6533333333333
2026-02-26 07:10:00,1019.73
2026-02-26 07:20:00,1019.79
2026-02-26 07:30:00,1019.8499999999999
2026-02-26 07:40:00,1019.9033333333333
2026-02-26 07:50:00,1019.97
2026-02-26 08:00:00,1020.0333333333333
2026-02-26 08:10:00,1020.105
2026-02-26 08:20:00,1020.1600000000002
2026-02-26 08:30:00,1020.19
2026-02-26 08:40:00,1020.1833333333334
2026-02-26 08:50:00,1020.1750000000001
2026-02-26 09:00:00,1020.1666666666666
2026-02-26 09:10:00,1020.1400000000001
2026-02-26 09:20:00,1020.1366666666668
2026-02-26 09:30:00,1020.1200000000001
2026-02-26 09:40:00,1020.1133333333333
2026-02-26 09:50:00,1020.0749999999999
2026-02-26 10:00:00,1019.9966666666666
2026-02-26 10:10:00,1019.9000000000001
2026-02-26 10:20:00,1019.7833333333333
2026-02-26 10:30:00,1019.6650000000001
2026-02-26 10:40:00,1019.5566666666667
2026-02-26 10:50:00,1019.475
2026-02-26 11:00:00,1019.3533333333334
2026-02-26 11:10:00,1019.21
2026-02-26 11:20:00,1019.0666666666666
2026-02-26 11:30:00,1018.95
2026-02-26 11:40:00,1018.8366666666667
2026-02-26 11:50:00,1018.725
2026-02-26 12:00:00,1018.6166666666667
2026-02-26 12:10:00,1018.495
2026-02-26 12:20:00,1018.36
2026-02-26 12:30:00,1018.19
2026-02-26 12:40:00,1018.0566666666667
2026-02-26 12:50:00,1017.945
2026-02-26 13:00:00,1017.82
2026-02-26 13:10:00,1017.6800000000001
2026-02-26 13:20:00,1017.54
2026-02-26 13:30:00,1017.4200000000001
2026-02-26 13:40:00,1017.3066666666667
2026-02-26 13:50:00,1017.21
2026-02-26 14:00:00,1017.1
2026-02-26 14:10:00,1017.035
2026-02-26 14:20:00,1016.9166666666666
2026-02-26 14:30:00,1016.8199999999999
2026-02-26 14:40:00,1016.6933333333333
2026-02-26 14:50:00,1016.5799999999999
2026-02-26 15:00:00,1016.4966666666666
2026-02-26 15:10:00,1016.455
2026-02-26 15:20:00,1016.4033333333333
2026-02-26 15:30:00,1016.3499999999999
2026-02-26 15:40:00,1016.4
2026-02-26 15:50:00,1016.475
2026-02-26 16:00:00,1016.5033333333334
2026-02-26 16:10:00,1016.545
2026-02-26 16:20:00,1016.5300000000001
2026-02-26 16:30:00,1016.515
2026-02-26 16:40:00,1016.5300000000001
2026-02-26 16:50:00,1016.55
2026-02-26 17:00:00,1016.5799999999999
2026-02-26 17:10:00,1016.615
2026-02-26 17:20:00,1016.6433333333334
2026-02-26 17:30:00,1016.6800000000001
2026-02-26 17:40:00,1016.7366666666667
2026-02-26 17:50:00,1016.805
2026-02-26 18:00:00,1016.8666666666668
2026-02-26 18:10:00,1016.9350000000001
2026-02-26 18:20:00,1017.0566666666667
2026-02-26 18:30:00,1017.1850000000001
2026-02-26 18:40:00,1017.2933333333334
2026-02-26 18:50:00,1017.3950000000001
2026-02-26 19:00:00,1017.4766666666668
2026-02-26 19:10:00,1017.5649999999999
2026-02-26 19:20:00,1017.68
2026-02-26 19:30:00,1017.79
2026-02-26 19:40:00,1017.8866666666667
2026-02-26 19:50:00,1018
2026-02-26 20:00:00,1018.1266666666667
2026-02-26 20:10:00,1018.225
2026-02-26 20:20:00,1018.3166666666666
2026-02-26 20:30:00,1018.44
2026-02-26 20:40:00,1018.5300000000001
2026-02-26 20:50:00,1018.605
2026-02-26 21:00:00,1018.6466666666669
2026-02-26 21:10:00,1018.6800000000001
2026-02-26 21:20:00,1018.7000000000002
2026-02-26 21:30:00,1018.695
2026-02-26 21:40:00,1018.6866666666668
2026-02-26 21:50:00,1018.69
2026-02-26 22:00:00,1018.7000000000002
2026-02-26 22:10:00,1018.69
2026-02-26 22:20:00,1018.6733333333335
2026-02-26 22:30:00,1018.6600000000001
2026-02-26 22:40:00,1018.6266666666667
2026-02-26 22:50:00,1018.5799999999999
2026-02-26 23:00:00,1018.5266666666666
2026-02-26 23:10:00,1018.49
2026-02-26 23:20:00,1018.4633333333335
2026-02-26 23:30:00,1018.4150000000001
2026-02-26 23:40:00,1018.3233333333333
2026-02-26 23:50:00,1018.26
2026-02-27 00:00:00,1018.19
2026-02-27 00:10:00,1018.0949999999999
2026-02-27 00:20:00,1018.0133333333333
2026-02-27 00:30:00,1017.9200000000001
2026-02-27 00:40:00,1017.8433333333332
2026-02-27 00:50:00,1017.74
2026-02-27 01:00:00,1017.6500000000001
2026-02-27 01:10:00,1017.5749999999999
2026-02-27 01:20:00,1017.4833333333332
2026-02-27 01:30:00,1017.4000000000001
2026-02-27 01:40:00,1017.2966666666666
2026-02-27 01:50:00,1017.22
2026-02-27 02:00:00,1017.1500000000001
2026-02-27 02:10:00,1017.0949999999999
2026-02-27 02:20:00,1017.0666666666666
2026-02-27 02:30:00,1017.025
2026-02-27 02:40:00,1016.9833333333332
2026-02-27 02:50:00,1016.9350000000001
2026-02-27 03:00:00,1016.89
2026-02-27 03:10:00,1016.8800000000001
2026-02-27 03:20:00,1016.8833333333336
2026-02-27 03:30:00,1016.9050000000001
2026-02-27 03:40:00,1016.9866666666667
2026-02-27 03:50:00,1017.06
2026-02-27 04:00:00,1017.1600000000002
2026-02-27 04:10:00,1017.22
2026-02-27 04:20:00,1017.2800000000001
2026-02-27 04:30:00,1017.3449999999999
2026-02-27 04:40:00,1017.46
2026-02-27 04:50:00,1017.54
2026-02-27 05:00:00,1017.6066666666666
2026-02-27 05:10:00,1017.6650000000001
2026-02-27 05:20:00,1017.7433333333333
2026-02-27 05:30:00,1017.85
2026-02-27 05:40:00,1017.96
2026-02-27 05:50:00,1018.0849999999999
2026-02-27 06:00:00,1018.2033333333334
2026-02-27 06:10:00,1018.3299999999999
2026-02-27 06:20:00,1018.4633333333335
2026-02-27 06:30:00,1018.6
2026-02-27 06:40:00,1018.7066666666666
2026-02-27 06:50:00,1018.855
2026-02-27 07:00:00,1018.9433333333333
2026-02-27 07:10:00,1019.01
2026-02-27 07:20:00,1019.0466666666666
2026-02-27 07:30:00,1019.0649999999999
2026-02-27 07:40:00,1019.1166666666668
2026-02-27 07:50:00,1019.1800000000001
2026-02-27 08:00:00,1019.2633333333333
2026-02-27 08:10:00,1019.365
2026-02-27 08:20:00,1019.44
2026-02-27 08:30:00,1019.475
2026-02-27 08:40:00,1019.54
2026-02-27 08:50:00,1019.5999999999999
2026-02-27 09:00:00,1019.5999999999999
2026-02-27 09:10:00,1019.615
2026-02-27 09:20:00,1019.6200000000002
2026-02-27 09:30:00,1019.6099999999999
2026-02-27 09:40:00,1019.5899999999998
2026-02-27 09:50:00,1019.56
2026-02-27 10:00:00,1019.52
2026-02-27 10:10:00,1019.47
2026-02-27 10:20:00,1019.3966666666666
2026-02-27 10:30:00,1019.305
2026-02-27 10:40:00,1019.2066666666666
2026-02-27 10:50:00,1019.105
2026-02-27 11:00:00,1019.0033333333334
2026-02-27 11:10:00,1018.9050000000001
2026-02-27 11:20:00,1018.7666666666668
2026-02-27 11:30:00,1018.61
2026-02-27 11:40:00,1018.4733333333334
2026-02-27 11:50:00,1018.3149999999999
2026-02-27 12:00:00,1018.18
2026-02-27 12:10:00,1018.06
2026-02-27 12:20:00,1017.9200000000001
2026-02-27 12:30:00,1017.79
2026-02-27 12:40:00,1017.6833333333334
2026-02-27 12:50:00,1017.545
2026-02-27 13:00:00,1017.3766666666667
2026-02-27 13:10:00,1017.225
2026-02-27 13:20:00,1017.0966666666667
2026-02-27 13:30:00,1016.985
2026-02-27 13:40:00,1016.8933333333334
2026-02-27 13:50:00,1016.79
2026-02-27 14:00:00,1016.6866666666668
2026-02-27 14:10:00,1016.5649999999999
2026-02-27 14:20:00,1016.4433333333333
2026-02-27 14:30:00,1016.3399999999999
2026-02-27 14:40:00,1016.2666666666668
2026-02-27 14:50:00,1016.205
2026-02-27 15:00:00,1016.1533333333333
2026-02-27 15:10:00,1016.1099999999999
2026-02-27 15:20:00,1016.0799999999999
2026-02-27 15:30:00,1016.0749999999999
2026-02-27 15:40:00,1016.0933333333332
2026-02-27 15:50:00,1016.1350000000001
2026-02-27 16:00:00,1016.2166666666667
2026-02-27 16:10:00,1016.27
2026-02-27 16:20:00,1016.2800000000001
2026-02-27 16:30:00,1016.27
2026-02-27 16:40:00,1016.2633333333333
2026-02-27 16:50:00,1016.285
2026-02-27 17:00:00,1016.29
2026-02-27 17:10:00,1016.295
2026-02-27 17:20:00,1016.35
2026-02-27 17:30:00,1016.4300000000001
2026-02-27 17:40:00,1016.5
2026-02-27 17:50:00,1016.5899999999999
2026-02-27 18:00:00,1016.6633333333334
2026-02-27 18:10:00,1016.785
2026-02-27 18:20:00,1016.8833333333333
2026-02-27 18:30:00,1016.99
2026-02-27 18:40:00,1017.0766666666665
2026-02-27 18:50:00,1017.1500000000001
2026-02-27 19:00:00,1017.2199999999999
2026-02-27 19:10:00,1017.295
2026-02-27 19:20:00,1017.3866666666667
2026-02-27 19:30:00,1017.465
2026-02-27 19:40:00,1017.5033333333334
2026-02-27 19:50:00,1017.555
2026-02-27 20:00:00,1017.62
2026-02-27 20:10:00,1017.6750000000001
2026-02-27 20:20:00,1017.7233333333334
2026-02-27 20:30:00,1017.795
2026-02-27 20:40:00,1017.8566666666666
2026-02-27 20:50:00,1017.9100000000001
2026-02-27 21:00:00,1017.9466666666667
2026-02-27 21:10:00,1017.985
2026-02-27 21:20:00,1018.0233333333332
2026-02-27 21:30:00,1018.0899999999999
2026-02-27 21:40:00,1018.1500000000001
2026-02-27 21:50:00,1018.205
2026-02-27 22:00:00,1018.2533333333334
2026-02-27 22:10:00,1018.275
2026-02-27 22:20:00,1018.2733333333332
2026-02-27 22:30:00,1018.26
2026-02-27 22:40:00,1018.2800000000001
2026-02-27 22:50:00,1018.295
2026-02-27 23:00:00,1018.2833333333333
2026-02-27 23:10:00,1018.255
2026-02-27 23:20:00,1018.2066666666666
2026-02-27 23:30:00,1018.1450000000001
2026-02-27 23:40:00,1018.07
2026-02-27 23:50:00,1017.98
2026-02-28 00:00:00,1017.9000000000001
2026-02-28 00:10:00,1017.79
2026-02-28 00:20:00,1017.6466666666666
2026-02-28 00:30:00,1017.525
2026-02-28 00:40:00,1017.4033333333333
2026-02-28 00:50:00,1017.3399999999999
2026-02-28 01:00:00,1017.2666666666668
2026-02-28 01:10:00,1017.1850000000001
2026-02-28 01:20:00,1017.1233333333333
2026-02-28 01:30:00,1017.0749999999999
2026-02-28 01:40:00,1016.98
2026-02-28 01:50:00,1016.9050000000001
2026-02-28 02:00:00,1016.82
2026-02-28 02:10:00,1016.73
2026-02-28 02:20:00,1016.6533333333333
2026-02-28 02:30:00,1016.6099999999999
2026-02-28 02:40:00,1016.6433333333334
2026-02-28 02:50:00,1016.6600000000001
2026-02-28 03:00:00,1016.7000000000002
2026-02-28 03:10:00,1016.73
2026-02-28 03:20:00,1016.7433333333333
2026-02-28 03:30:00,1016.77
2026-02-28 03:40:00,1016.7633333333333
2026-02-28 03:50:00,1016.765
2026-02-28 04:00:00,1016.7800000000001
2026-02-28 04:10:00,1016.8349999999999
2026-02-28 04:20:00,1016.9033333333333
2026-02-28 04:30:00,1016.9300000000001
2026-02-28 04:40:00,1016.9900000000001
2026-02-28 04:50:00,1017.0699999999999
2026-02-28 05:00:00,1017.1300000000001
2026-02-28 05:10:00,1017.21
2026-02-28 05:20:00,1017.3133333333332
2026-02-28 05:30:00,1017.4350000000001
2026-02-28 05:40:00,1017.4933333333333
2026-02-28 05:50:00,1017.54
2026-02-28 06:00:00,1017.5966666666667
2026-02-28 06:10:00,1017.6800000000001
2026-02-28 06:20:00,1017.7766666666666
2026-02-28 06:30:00,1017.88
2026-02-28 06:40:00,1018.0099999999999
2026-02-28 06:50:00,1018.1650000000001
2026-02-28 07:00:00,1018.2933333333334
2026-02-28 07:10:00,1018.46
2026-02-28 07:20:00,1018.5466666666666
2026-02-28 07:30:00,1018.5799999999999
2026-02-28 07:40:00,1018.61
2026-02-28 07:50:00,1018.615
2026-02-28 08:00:00,1018.6166666666668
2026-02-28 08:10:00,1018.6400000000001
2026-02-28 08:20:00,1018.6833333333334
2026-02-28 08:30:00,1018.6850000000001
2026-02-28 08:40:00,1018.7199999999999
2026-02-28 08:50:00,1018.745
2026-02-28 09:00:00,1018.7833333333333
2026-02-28 09:10:00,1018.8149999999999
2026-02-28 09:20:00,1018.86
2026-02-28 09:30:00,1018.8850000000001
2026-02-28 09:40:00,1018.8766666666667
2026-02-28 09:50:00,1018.8599999999999
2026-02-28 10:00:00,1018.8166666666666
2026-02-28 10:10:00,1018.75
2026-02-28 10:20:00,1018.6733333333335
2026-02-28 10:30:00,1018.5999999999999
2026-02-28 10:40:00,1018.5099999999999
2026-02-28 10:50:00,1018.4100000000001
2026-02-28 11:00:00,1018.3066666666667
2026-02-28 11:10:00,1018.23
2026-02-28 11:20:00,1018.1666666666666
2026-02-28 11:30:00,1018.0699999999999
2026-02-28 11:40:00,1018.035
2026-02-28 11:50:00,1017.9033333333333
2026-02-28 12:00:00,1017.785
2026-02-28 12:10:00,1017.69
2026-02-28 12:20:00,1017.5799999999999
2026-02-28 12:30:00,1017.5033333333334
2026-02-28 12:40:00,1017.4250000000001
2026-02-28 12:50:00,1017.3800000000001
2026-02-28 13:00:00,1017.29
2026-02-28 13:10:00,1017.21
2026-02-28 13:20:00,1017.215
2026-02-28 13:30:00,1017.1433333333334
2026-02-28 13:40:00,1016.995
2026-02-28 13:50:00,1016.8266666666667
2026-02-28 14:00:00,1016.615
2026-02-28 14:10:00,1016.4833333333332
2026-02-28 14:20:00,1016.36
2026-02-28 14:30:00,1016.2766666666666
2026-02-28 14:40:00,1016.205
2026-02-28 14:50:00,1016.1300000000001
2026-02-28 15:00:00,1016.06
2026-02-28 15:10:00,1016.04
2026-02-28 15:20:00,1015.985
2026-02-28 15:30:00,1016
2026-02-28 15:40:00,1016.035
2026-02-28 15:50:00,1016.02
2026-02-28 16:00:00,1016.01
2026-02-28 16:10:00,1016.0533333333333
2026-02-28 16:20:00,1016.135
2026-02-28 16:30:00,1016.2666666666668
2026-02-28 16:40:00,1016.3900000000001
2026-02-28 16:50:00,1016.5033333333334
2026-02-28 17:00:00,1016.5749999999999
2026-02-28 17:10:00,1016.6566666666668
2026-02-28 17:20:00,1016.75
2026-02-28 17:30:00,1016.87
2026-02-28 17:40:00,1016.99
2026-02-28 17:50:00,1017.0733333333333
2026-02-28 18:00:00,1017.1550000000001
2026-02-28 18:10:00,1017.21
2026-02-28 18:20:00,1017.255
2026-02-28 18:30:00,1017.3133333333332
2026-02-28 18:40:00,1017.4000000000001
2026-02-28 18:50:00,1017.5066666666667
2026-02-28 19:00:00,1017.5899999999999
2026-02-28 19:10:00,1017.6566666666668
2026-02-28 19:20:00,1017.71
2026-02-28 19:30:00,1017.7966666666666
2026-02-28 19:40:00,1017.8900000000001
2026-02-28 19:50:00,1017.9633333333335
2026-02-28 20:00:00,1018.0649999999999
2026-02-28 20:10:00,1018.11
2026-02-28 20:20:00,1018.1600000000001
2026-02-28 20:30:00,1018.2333333333332
2026-02-28 20:40:00,1018.3299999999999
2026-02-28 20:50:00,1018.46
2026-02-28 21:00:00,1018.5699999999999
2026-02-28 21:10:00,1018.6766666666667
2026-02-28 21:20:00,1018.74
2026-02-28 21:30:00,1018.7833333333333
2026-02-28 21:40:00,1018.79
2026-02-28 21:50:00,1018.8166666666666
2026-02-28 22:00:00,1018.8850000000001
2026-02-28 22:10:00,1018.9566666666666
2026-02-28 22:20:00,1018.995
2026-02-28 22:30:00,1018.9933333333333
2026-02-28 22:40:00,1018.985
2026-02-28 22:50:00,1018.96
2026-02-28 23:00:00,1018.9350000000001
2026-02-28 23:10:00,1018.89
2026-02-28 23:20:00,1018.8199999999999
2026-02-28 23:30:00,1018.7133333333335
2026-02-28 23:40:00,1018.6350000000001
2026-02-28 23:50:00,1018.5499999999998
2026-03-01 00:00:00,1018.475
2026-03-01 00:10:00,1018.3433333333332
2026-03-01 00:20:00,1018.205
2026-03-01 00:30:00,1018.0966666666667
2026-03-01 00:40:00,1018.015
2026-03-01 00:50:00,1017.9466666666667
2026-03-01 01:00:00,1017.87
2026-03-01 01:10:00,1017.77
2026-03-01 01:20:00,1017.7
2026-03-01 01:30:00,1017.6066666666666
2026-03-01 01:40:00,1017.515
2026-03-01 01:50:00,1017.4333333333334
2026-03-01 02:00:00,1017.3900000000001
2026-03-01 02:10:00,1017.3666666666668
2026-03-01 02:20:00,1017.3149999999999
2026-03-01 02:30:00,1017.2533333333334
2026-03-01 02:40:00,1017.1450000000001
2026-03-01 02:50:00,1017.0166666666668
2026-03-01 03:00:00,1016.945
2026-03-01 03:10:00,1016.93
2026-03-01 03:20:00,1016.9200000000001
2026-03-01 03:30:00,1016.9266666666667
2026-03-01 03:40:00,1016.955
2026-03-01 03:50:00,1017.0133333333333
2026-03-01 04:00:00,1017.0649999999999
2026-03-01 04:10:00,1017.0833333333334
2026-03-01 04:20:00,1017.115
2026-03-01 04:30:00,1017.2033333333334
2026-03-01 04:40:00,1017.295
2026-03-01 04:50:00,1017.35
2026-03-01 05:00:00,1017.3900000000001
2026-03-01 05:10:00,1017.4433333333333
2026-03-01 05:20:00,1017.52
2026-03-01 05:30:00,1017.6300000000001
2026-03-01 05:40:00,1017.6550000000001
2026-03-01 05:50:00,1017.7066666666666
2026-03-01 06:00:00,1017.735
2026-03-01 06:10:00,1017.81
2026-03-01 06:20:00,1017.9250000000001
2026-03-01 06:30:00,1018.0266666666666
2026-03-01 06:40:00,1018.14
2026-03-01 06:50:00,1018.3166666666666
2026-03-01 07:00:00,1018.4300000000001
2026-03-01 07:10:00,1018.4666666666667
2026-03-01 07:20:00,1018.53
2026-03-01 07:30:00,1018.6433333333334
2026-03-01 07:40:00,1018.74
2026-03-01 07:50:00,1018.87
2026-03-01 08:00:00,1018.94
2026-03-01 08:10:00,1018.9766666666668
2026-03-01 08:20:00,1018.99
2026-03-01 08:30:00,1019.0366666666665
2026-03-01 08:40:00,1019.13
2026-03-01 08:50:00,1019.2066666666666
2026-03-01 09:00:00,1019.295
2026-03-01 09:10:00,1019.37
2026-03-01 09:20:00,1019.4300000000001
2026-03-01 09:30:00,1019.4933333333333
2026-03-01 09:40:00,1019.52
2026-03-01 09:50:00,1019.52
2026-03-01 10:00:00,1019.47
2026-03-01 10:10:00,1019.4366666666668
2026-03-01 10:20:00,1019.3900000000001
2026-03-01 10:30:00,1019.31
2026-03-01 10:40:00,1019.23
2026-03-01 10:50:00,1019.1566666666668
2026-03-01 11:00:00,1019.1
2026-03-01 11:10:00,1019.0266666666666
2026-03-01 11:20:00,1018.9050000000001
2026-03-01 11:30:00,1018.8133333333332
2026-03-01 11:40:00,1018.78
2026-03-01 11:50:00,1018.7133333333335
2026-03-01 12:00:00,1018.6550000000001
2026-03-01 12:10:00,1018.5433333333334
2026-03-01 12:20:00,1018.36
2026-03-01 12:30:00,1018.2366666666667
2026-03-01 12:40:00,1018.13
2026-03-01 12:50:00,1018.0033333333334
2026-03-01 13:00:00,1017.85
2026-03-01 13:10:00,1017.6933333333333
2026-03-01 13:20:00,1017.505
2026-03-01 13:30:00,1017.3433333333332
2026-03-01 13:40:00,1017.19
2026-03-01 13:50:00,1017.0099999999999
2026-03-01 14:00:00,1016.855
2026-03-01 14:10:00,1016.7966666666666
2026-03-01 14:20:00,1016.7
2026-03-01 14:30:00,1016.6633333333334
2026-03-01 14:40:00,1016.6250000000001
2026-03-01 14:50:00,1016.5933333333332
2026-03-01 15:00:00,1016.53
2026-03-01 15:10:00,1016.4433333333333
2026-03-01 15:20:00,1016.3950000000001
2026-03-01 15:30:00,1016.39
2026-03-01 15:40:00,1016.4150000000001
2026-03-01 15:50:00,1016.4033333333333
2026-03-01 16:00:00,1016.3850000000001
2026-03-01 16:10:00,1016.35
2026-03-01 16:20:00,1016.3299999999999
2026-03-01 16:30:00,1016.32
2026-03-01 16:40:00,1016.34
2026-03-01 16:50:00,1016.43
2026-03-01 17:00:00,1016.525
2026-03-01 17:10:00,1016.6333333333333
2026-03-01 17:20:00,1016.6800000000001
2026-03-01 17:30:00,1016.6966666666667
2026-03-01 17:40:00,1016.725
2026-03-01 17:50:00,1016.8366666666667
2026-03-01 18:00:00,1016.99
2026-03-01 18:10:00,1017.0733333333333
2026-03-01 18:20:00,1017.1500000000001
2026-03-01 18:30:00,1017.2333333333332
2026-03-01 18:40:00,1017.27
2026-03-01 18:50:00,1017.3966666666666
2026-03-01 19:00:00,1017.56
2026-03-01 19:10:00,1017.7400000000001
2026-03-01 19:20:00,1017.8499999999999
2026-03-01 19:30:00,1017.9233333333335
2026-03-01 19:40:00,1018.005
2026-03-01 19:50:00,1018.1199999999999
2026-03-01 20:00:00,1018.205
2026-03-01 20:10:00,1018.2266666666668
2026-03-01 20:20:00,1018.29
2026-03-01 20:30:00,1018.3933333333334
2026-03-01 20:40:00,1018.485
2026-03-01 20:50:00,1018.56
2026-03-01 21:00:00,1018.6650000000001
2026-03-01 21:10:00,1018.7866666666665
2026-03-01 21:20:00,1018.945
2026-03-01 21:30:00,1019.0366666666665
2026-03-01 21:40:00,1019.0749999999999
2026-03-01 21:50:00,1019.1166666666667
2026-03-01 22:00:00,1019.1500000000001
2026-03-01 22:10:00,1019.1833333333334
2026-03-01 22:20:00,1019.1850000000001
2026-03-01 22:30:00,1019.1600000000002
2026-03-01 22:40:00,1019.1300000000001
2026-03-01 22:50:00,1019.1166666666667
2026-03-01 23:00:00,1019.055
2026-03-01 23:10:00,1019.0066666666667
2026-03-01 23:20:00,1018.9350000000001
2026-03-01 23:30:00,1018.8733333333333
2026-03-01 23:40:00,1018.77
2026-03-01 23:50:00,1018.66
2026-03-02 00:00:00,1018.555
2026-03-02 00:10:00,1018.5
2026-03-02 00:20:00,1018.45
2026-03-02 00:30:00,1018.3566666666666
2026-03-02 00:40:00,1018.295
2026-03-02 00:50:00,1018.2533333333334
2026-03-02 01:00:00,1018.21
2026-03-02 01:10:00,1018.1233333333333
2026-03-02 01:20:00,1018.025
2026-03-02 01:30:00,1017.9433333333333
2026-03-02 01:40:00,1017.84
2026-03-02 01:50:00,1017.7233333333334
2026-03-02 02:00:00,1017.625
2026-03-02 02:10:00,1017.5466666666666
2026-03-02 02:20:00,1017.51
2026-03-02 02:30:00,1017.43
2026-03-02 02:40:00,1017.3750000000001
2026-03-02 02:50:00,1017.3333333333334
2026-03-02 03:00:00,1017.275
2026-03-02 03:10:00,1017.2366666666667
2026-03-02 03:20:00,1017.1850000000001
2026-03-02 03:30:00,1017.18
2026-03-02 03:40:00,1017.22
2026-03-02 03:50:00,1017.2466666666666
2026-03-02 04:00:00,1017.1700000000001
2026-03-02 04:10:00,1017.12
2026-03-02 04:20:00,1017.12
2026-03-02 04:30:00,1017.2166666666667
2026-03-02 04:40:00,1017.31
2026-03-02 04:50:00,1017.3800000000001
2026-03-02 05:00:00,1017.475
2026-03-02 05:10:00,1017.5866666666667
2026-03-02 05:20:00,1017.6400000000001
2026-03-02 05:30:00,1017.6500000000001
2026-03-02 05:40:00,1017.745
2026-03-02 05:50:00,1017.8266666666667
2026-03-02 06:00:00,1017.8950000000001
2026-03-02 06:10:00,1017.9500000000002
2026-03-02 06:20:00,1018
2026-03-02 06:30:00,1018.0533333333333
2026-03-02 06:40:00,1018.1650000000001
2026-03-02 06:50:00,1018.2800000000001
2026-03-02 07:00:00,1018.4
2026-03-02 07:10:00,1018.5466666666666
2026-03-02 07:20:00,1018.6850000000001
2026-03-02 07:30:00,1018.7833333333333
2026-03-02 07:40:00,1018.8449999999999
2026-03-02 07:50:00,1018.9200000000001
2026-03-02 08:00:00,1019.025
2026-03-02 08:10:00,1019.0933333333332
2026-03-02 08:20:00,1019.2
2026-03-02 08:30:00,1019.27
2026-03-02 08:40:00,1019.3349999999999
2026-03-02 08:50:00,1019.3966666666669
2026-03-02 09:00:00,1019.47
2026-03-02 09:10:00,1019.5333333333333
2026-03-02 09:20:00,1019.5849999999999
2026-03-02 09:30:00,1019.5533333333333
2026-03-02 09:40:00,1019.54
2026-03-02 09:50:00,1019.5333333333333
2026-03-02 10:00:00,1019.485
2026-03-02 10:10:00,1019.4500000000002
2026-03-02 10:20:00,1019.4350000000001
2026-03-02 10:30:00,1019.4066666666668
2026-03-02 10:40:00,1019.305
2026-03-02 10:50:00,1019.1966666666667
2026-03-02 11:00:00,1019.1450000000001
2026-03-02 11:10:00,1019.0533333333333
2026-03-02 11:20:00,1018.9350000000001
2026-03-02 11:30:00,1018.8433333333332
2026-03-02 11:40:00,1018.73
2026-03-02 11:50:00,1018.6600000000002
2026-03-02 12:00:00,1018.55
2026-03-02 12:10:00,1018.39
2026-03-02 12:20:00,1018.27
2026-03-02 12:30:00,1018.1266666666667
2026-03-02 12:40:00,1018.055
2026-03-02 12:50:00,1017.91
2026-03-02 13:00:00,1017.715
2026-03-02 13:10:00,1017.4699999999999
2026-03-02 13:20:00,1017.25
2026-03-02 13:30:00,1017.09
2026-03-02 13:40:00,1016.9300000000001
2026-03-02 13:50:00,1016.8233333333334
2026-03-02 14:00:00,1016.755
2026-03-02 14:10:00,1016.6933333333333
2026-03-02 14:20:00,1016.605
2026-03-02 14:30:00,1016.4833333333332
2026-03-02 14:40:00,1016.36
2026-03-02 14:50:00,1016.2133333333335
2026-03-02 15:00:00,1016.1450000000001
2026-03-02 15:10:00,1016.06
2026-03-02 15:20:00,1015.975
2026-03-02 15:30:00,1015.8966666666669
2026-03-02 15:40:00,1015.8549999999999
2026-03-02 15:50:00,1015.8499999999999
2026-03-02 16:00:00,1015.8449999999999
2026-03-02 16:10:00,1015.8666666666667
2026-03-02 16:20:00,1015.965
2026-03-02 16:30:00,1016.0533333333333
2026-03-02 16:40:00,1016.215
2026-03-02 16:50:00,1016.2999999999998
2026-03-02 17:00:00,1016.39
2026-03-02 17:10:00,1016.5333333333333
2026-03-02 17:20:00,1016.6350000000001
2026-03-02 17:30:00,1016.7466666666666
2026-03-02 17:40:00,1016.8499999999999
2026-03-02 17:50:00,1016.9366666666668
2026-03-02 18:00:00,1017.04
2026-03-02 18:10:00,1017.1533333333333
2026-03-02 18:20:00,1017.245
2026-03-02 18:30:00,1017.34
2026-03-02 18:40:00,1017.4150000000001
2026-03-02 18:50:00,1017.4866666666667
2026-03-02 19:00:00,1017.595
2026-03-02 19:10:00,1017.7199999999999
2026-03-02 19:20:00,1017.875
2026-03-02 19:30:00,1018
2026-03-02 19:40:00,1018.0799999999999
2026-03-02 19:50:00,1018.1266666666667
2026-03-02 20:00:00,1018.2
2026-03-02 20:10:00,1018.3166666666666
2026-03-02 20:20:00,1018.44
2026-03-02 20:30:00,1018.5133333333333
2026-03-02 20:40:00,1018.56
2026-03-02 20:50:00,1018.6233333333333
2026-03-02 21:00:00,1018.705
2026-03-02 21:10:00,1018.7933333333334
2026-03-02 21:20:00,1018.8249999999999
2026-03-02 21:30:00,1018.8433333333332
2026-03-02 21:40:00,1018.8800000000001
2026-03-02 21:50:00,1018.9000000000001
2026-03-02 22:00:00,1018.9150000000001
2026-03-02 22:10:00,1018.8733333333333
2026-03-02 22:20:00,1018.8349999999999
2026-03-02 22:30:00,1018.8299999999999
2026-03-02 22:40:00,1018.8466666666667
2026-03-02 22:50:00,1018.865
2026-03-02 23:00:00,1018.81
2026-03-02 23:10:00,1018.75
2026-03-02 23:20:00,1018.7000000000002
2026-03-02 23:30:00,1018.6600000000001
2026-03-02 23:40:00,1018.59
2026-03-02 23:50:00,1018.505
2026-03-03 00:00:00,1018.3566666666666
2026-03-03 00:10:00,1018.24
2026-03-03 00:20:00,1018.1533333333333
2026-03-03 00:30:00,1018.0949999999999
2026-03-03 00:40:00,1018.0066666666667
2026-03-03 00:50:00,1017.845
2026-03-03 01:00:00,1017.68
2026-03-03 01:10:00,1017.55
2026-03-03 01:20:00,1017.44
2026-03-03 01:30:00,1017.345
2026-03-03 01:40:00,1017.2666666666668
2026-03-03 01:50:00,1017.225
2026-03-03 02:00:00,1017.1466666666669
2026-03-03 02:10:00,1017.0749999999999
2026-03-03 02:20:00,1016.9900000000001
2026-03-03 02:30:00,1016.8850000000001
2026-03-03 02:40:00,1016.7933333333334
2026-03-03 02:50:00,1016.725
2026-03-03 03:00:00,1016.75
2026-03-03 03:10:00,1016.765
2026-03-03 03:20:00,1016.7599999999999
2026-03-03 03:30:00,1016.765
2026-03-03 03:40:00,1016.7400000000001
2026-03-03 03:50:00,1016.75
2026-03-03 04:00:00,1016.7599999999999
2026-03-03 04:10:00,1016.74
2026-03-03 04:20:00,1016.7233333333334
2026-03-03 04:30:00,1016.735
2026-03-03 04:40:00,1016.7433333333333
2026-03-03 04:50:00,1016.725
2026-03-03 05:00:00,1016.7666666666668
2026-03-03 05:10:00,1016.8349999999999
2026-03-03 05:20:00,1016.8766666666667
2026-03-03 05:30:00,1016.9350000000001
2026-03-03 05:40:00,1017.0233333333332
2026-03-03 05:50:00,1017.11
2026-03-03 06:00:00,1017.1866666666668
2026-03-03 06:10:00,1017.275
2026-03-03 06:20:00,1017.3733333333333
2026-03-03 06:30:00,1017.44
2026-03-03 06:40:00,1017.5799999999999
2026-03-03 06:50:00,1017.74
2026-03-03 07:00:00,1017.8266666666665
2026-03-03 07:10:00,1017.86
2026-03-03 07:20:00,1017.8833333333336
2026-03-03 07:30:00,1017.9300000000001
2026-03-03 07:40:00,1018.04
2026-03-03 07:50:00,1018.1400000000001
2026-03-03 08:00:00,1018.2133333333335
2026-03-03 08:10:00,1018.25
2026-03-03 08:20:00,1018.2800000000001
2026-03-03 08:30:00,1018.27
2026-03-03 08:40:00,1018.3033333333333
2026-03-03 08:50:00,1018.365
2026-03-03 09:00:00,1018.3833333333336
2026-03-03 09:10:00,1018.3800000000001
2026-03-03 09:20:00,1018.3833333333336
2026-03-03 09:30:00,1018.365
2026-03-03 09:40:00,1018.3533333333331
2026-03-03 09:50:00,1018.3349999999999
2026-03-03 10:00:00,1018.3466666666667
2026-03-03 10:10:00,1018.3449999999999
2026-03-03 10:20:00,1018.3366666666666
2026-03-03 10:30:00,1018.285
2026-03-03 10:40:00,1018.1433333333334
2026-03-03 10:50:00,1018.025
2026-03-03 11:00:00,1017.91
2026-03-03 11:10:00,1017.8249999999999
2026-03-03 11:20:00,1017.73
2026-03-03 11:30:00,1017.6400000000001
2026-03-03 11:40:00,1017.54
2026-03-03 11:50:00,1017.455
2026-03-03 12:00:00,1017.3333333333334
2026-03-03 12:10:00,1017.3
2026-03-03 12:20:00,1017.2766666666666
2026-03-03 12:30:00,1017.26
2026-03-03 12:40:00,1017.1333333333333
2026-03-03 12:50:00,1017.01
2026-03-03 13:00:00,1016.9266666666667
2026-03-03 13:10:00,1016.81
2026-03-03 13:20:00,1016.6833333333334
2026-03-03 13:30:00,1016.515
2026-03-03 13:40:00,1016.3466666666667
2026-03-03 13:50:00,1016.225
2026-03-03 14:00:00,1016.1300000000001
2026-03-03 14:10:00,1015.97
2026-03-03 14:20:00,1015.8066666666667
2026-03-03 14:30:00,1015.715
2026-03-03 14:40:00,1015.61
2026-03-03 14:50:00,1015.54
2026-03-03 15:00:00,1015.4633333333335
2026-03-03 15:10:00,1015.4050000000001
2026-03-03 15:20:00,1015.36
2026-03-03 15:30:00,1015.295
2026-03-03 15:40:00,1015.1966666666667
2026-03-03 15:50:00,1015.225
2026-03-03 16:00:00,1015.2933333333334
2026-03-03 16:10:00,1015.4050000000001
2026-03-03 16:20:00,1015.5066666666667
2026-03-03 16:30:00,1015.555
2026-03-03 16:40:00,1015.6233333333333
2026-03-03 16:50:00,1015.69
2026-03-03 17:00:00,1015.7933333333334
2026-03-03 17:10:00,1015.8149999999999
2026-03-03 17:20:00,1015.8366666666666
2026-03-03 17:30:00,1015.875
2026-03-03 17:40:00,1015.9633333333335
2026-03-03 17:50:00,1016.095
2026-03-03 18:00:00,1016.2033333333334
2026-03-03 18:10:00,1016.3249999999999
2026-03-03 18:20:00,1016.4633333333335
2026-03-03 18:30:00,1016.59
2026-03-03 18:40:00,1016.77
2026-03-03 18:50:00,1016.975
2026-03-03 19:00:00,1017.1366666666667
2026-03-03 19:10:00,1017.275
2026-03-03 19:20:00,1017.4366666666668
2026-03-03 19:30:00,1017.54
2026-03-03 19:40:00,1017.6566666666668
2026-03-03 19:50:00,1017.77
2026-03-03 20:00:00,1017.87
2026-03-03 20:10:00,1017.99
2026-03-03 20:20:00,1018.1333333333333
2026-03-03 20:30:00,1018.235
2026-03-03 20:40:00,1018.3033333333333
2026-03-03 20:50:00,1018.3900000000001
2026-03-03 21:00:00,1018.4500000000002
2026-03-03 21:10:00,1018.52
2026-03-03 21:20:00,1018.5833333333334
2026-03-03 21:30:00,1018.6300000000001
2026-03-03 21:40:00,1018.6500000000001
2026-03-03 21:50:00,1018.735
2026-03-03 22:00:00,1018.8766666666667
2026-03-03 22:10:00,1018.98
2026-03-03 22:20:00,1019.0133333333333
2026-03-03 22:30:00,1019.02
2026-03-03 22:40:00,1019.0333333333333
2026-03-03 22:50:00,1019.03
2026-03-03 23:00:00,1019.0233333333332
2026-03-03 23:10:00,1018.995
2026-03-03 23:20:00,1018.9566666666666
2026-03-03 23:30:00,1018.9150000000001
2026-03-03 23:40:00,1018.9100000000002
2026-03-03 23:50:00,1018.8850000000001
2026-03-04 00:00:00,1018.8399999999998
2026-03-04 00:10:00,1018.8149999999999
2026-03-04 00:20:00,1018.7333333333332
2026-03-04 00:30:00,1018.635
2026-03-04 00:40:00,1018.4833333333332
2026-03-04 00:50:00,1018.3800000000001
2026-03-04 01:00:00,1018.3033333333333
2026-03-04 01:10:00,1018.1600000000001
2026-03-04 01:20:00,1018.07
2026-03-04 01:30:00,1017.9150000000001
2026-03-04 01:40:00,1017.7833333333333
2026-03-04 01:50:00,1017.69
2026-03-04 02:00:00,1017.6433333333334
2026-03-04 02:10:00,1017.6049999999999
2026-03-04 02:20:00,1017.5499999999998
2026-03-04 02:30:00,1017.51
2026-03-04 02:40:00,1017.4566666666666
2026-03-04 02:50:00,1017.45
2026-03-04 03:00:00,1017.4699999999999
2026-03-04 03:10:00,1017.5
2026-03-04 03:20:00,1017.4966666666666
2026-03-04 03:30:00,1017.48
2026-03-04 03:40:00,1017.43
2026-03-04 03:50:00,1017.4150000000001
2026-03-04 04:00:00,1017.4233333333335
2026-03-04 04:10:00,1017.45
2026-03-04 04:20:00,1017.5066666666667
2026-03-04 04:30:00,1017.605
2026-03-04 04:40:00,1017.71
2026-03-04 04:50:00,1017.745
2026-03-04 05:00:00,1017.7733333333332
2026-03-04 05:10:00,1017.8299999999999
2026-03-04 05:20:00,1017.9
2026-03-04 05:30:00,1018.025
2026-03-04 05:40:00,1018.25
2026-03-04 05:50:00,1018.29
2026-03-04 06:00:00,1018.3666666666668
2026-03-04 06:10:00,1018.445
2026-03-04 06:20:00,1018.5666666666666
2026-03-04 06:30:00,1018.6400000000001
2026-03-04 06:40:00,1018.7566666666667
2026-03-04 06:50:00,1018.875
2026-03-04 07:00:00,1018.9233333333335
2026-03-04 07:10:00,1019
2026-03-04 07:20:00,1019.0899999999998
2026-03-04 07:30:00,1019.1350000000001
2026-03-04 07:40:00,1019.2199999999999
2026-03-04 07:50:00,1019.285
2026-03-04 08:00:00,1019.3133333333332
2026-03-04 08:10:00,1019.3349999999999
2026-03-04 08:20:00,1019.3833333333336
2026-03-04 08:30:00,1019.3599999999999
2026-03-04 08:40:00,1019.36
2026-03-04 08:50:00,1019.3399999999999
2026-03-04 09:00:00,1019.3133333333332
2026-03-04 09:10:00,1019.3149999999999
2026-03-04 09:20:00,1019.3566666666666
2026-03-04 09:30:00,1019.3950000000001
2026-03-04 09:40:00,1019.3966666666669
2026-03-04 09:50:00,1019.38
2026-03-04 10:00:00,1019.2866666666665
2026-03-04 10:10:00,1019.1600000000001
2026-03-04 10:20:00,1019.0833333333334
2026-03-04 10:30:00,1019.02
2026-03-04 10:40:00,1018.9433333333333
2026-03-04 10:50:00,1018.8800000000001
2026-03-04 11:00:00,1018.8466666666667
2026-03-04 11:10:00,1018.75
2026-03-04 11:20:00,1018.6033333333334
2026-03-04 11:30:00,1018.46
2026-03-04 11:40:00,1018.3166666666666
2026-03-04 11:50:00,1018.19
2026-03-04 12:00:00,1018.1366666666667
2026-03-04 12:10:00,1018.05
2026-03-04 12:20:00,1017.96
2026-03-04 12:30:00,1017.88
2026-03-04 12:40:00,1017.8566666666666
2026-03-04 12:50:00,1017.8249999999999
2026-03-04 13:00:00,1017.7166666666667
2026-03-04 13:10:00,1017.5699999999999
2026-03-04 13:20:00,1017.41
2026-03-04 13:30:00,1017.24
2026-03-04 13:40:00,1017.0866666666667
2026-03-04 13:50:00,1016.9050000000001
2026-03-04 14:00:00,1016.77
2026-03-04 14:10:00,1016.705
2026-03-04 14:20:00,1016.5966666666667
2026-03-04 14:30:00,1016.535
2026-03-04 14:40:00,1016.5
2026-03-04 14:50:00,1016.45
2026-03-04 15:00:00,1016.44
2026-03-04 15:10:00,1016.4100000000001
2026-03-04 15:20:00,1016.3666666666668
2026-03-04 15:30:00,1016.305
2026-03-04 15:40:00,1016.2666666666668
2026-03-04 15:50:00,1016.245
2026-03-04 16:00:00,1016.2633333333333
2026-03-04 16:10:00,1016.27
2026-03-04 16:20:00,1016.2966666666666
2026-03-04 16:30:00,1016.3
2026-03-04 16:40:00,1016.2999999999998
2026-03-04 16:50:00,1016.3399999999999
2026-03-04 17:00:00,1016.36
2026-03-04 17:10:00,1016.4250000000001
2026-03-04 17:20:00,1016.46
2026-03-04 17:30:00,1016.515
2026-03-04 17:40:00,1016.57
2026-03-04 17:50:00,1016.61
2026-03-04 18:00:00,1016.64
2026-03-04 18:10:00,1016.6200000000001
2026-03-04 18:20:00,1016.6633333333334
2026-03-04 18:30:00,1016.745
2026-03-04 18:40:00,1016.8966666666666
2026-03-04 18:50:00,1017.025
2026-03-04 19:00:00,1017.1733333333333
2026-03-04 19:10:00,1017.365
2026-03-04 19:20:00,1017.5733333333334
2026-03-04 19:30:00,1017.7
2026-03-04 19:40:00,1017.7933333333334
2026-03-04 19:50:00,1017.87
2026-03-04 20:00:00,1017.9133333333334
2026-03-04 20:10:00,1018.01
2026-03-04 20:20:00,1018.14
2026-03-04 20:30:00,1018.245
2026-03-04 20:40:00,1018.3466666666667
2026-03-04 20:50:00,1018.4300000000001
2026-03-04 21:00:00,1018.52
2026-03-04 21:10:00,1018.5799999999999
2026-03-04 21:20:00,1018.6566666666668
2026-03-04 21:30:00,1018.74
2026-03-04 21:40:00,1018.81
2026-03-04 21:50:00,1018.87
2026-03-04 22:00:00,1018.9566666666666
2026-03-04 22:10:00,1019.055
2026-03-04 22:20:00,1019.0999999999999
2026-03-04 22:30:00,1019.1200000000001
2026-03-04 22:40:00,1019.1233333333333
2026-03-04 22:50:00,1019.0999999999999
2026-03-04 23:00:00,1019.11
2026-03-04 23:10:00,1019.12
2026-03-04 23:20:00,1019.0499999999998
2026-03-04 23:30:00,1018.955
2026-03-04 23:40:00,1018.86
2026-03-04 23:50:00,1018.775
2026-03-05 00:00:00,1018.7033333333334
2026-03-05 00:10:00,1018.6500000000001
2026-03-05 00:20:00,1018.5833333333334
2026-03-05 00:30:00,1018.47
2026-03-05 00:40:00,1018.3633333333333
2026-03-05 00:50:00,1018.225
2026-03-05 01:00:00,1018.14
2026-03-05 01:10:00,1018.06
2026-03-05 01:20:00,1017.9633333333335
2026-03-05 01:30:00,1017.8249999999999
2026-03-05 01:40:00,1017.6933333333333
2026-03-05 01:50:00,1017.5649999999999
2026-03-05 02:00:00,1017.4633333333335
2026-03-05 02:10:00,1017.37
2026-03-05 02:20:00,1017.2833333333333
2026-03-05 02:30:00,1017.245
2026-03-05 02:40:00,1017.2366666666667
2026-03-05 02:50:00,1017.215
2026-03-05 03:00:00,1017.23
2026-03-05 03:10:00,1017.285
2026-03-05 03:20:00,1017.3366666666666
2026-03-05 03:30:00,1017.3800000000001
2026-03-05 03:40:00,1017.36
2026-03-05 03:50:00,1017.3149999999999
2026-03-05 04:00:00,1017.2933333333334
2026-03-05 04:10:00,1017.275
2026-03-05 04:20:00,1017.2633333333333
2026-03-05 04:30:00,1017.29
2026-03-05 04:40:00,1017.39
2026-03-05 04:50:00,1017.53
2026-03-05 05:00:00,1017.6366666666667
2026-03-05 05:10:00,1017.75
2026-03-05 05:20:00,1017.86
2026-03-05 05:30:00,1017.96
2026-03-05 05:40:00,1018.04
2026-03-05 05:50:00,1018.1350000000001
2026-03-05 06:00:00,1018.23
2026-03-05 06:10:00,1018.3249999999999
2026-03-05 06:20:00,1018.4233333333335
2026-03-05 06:30:00,1018.5
2026-03-05 06:40:00,1018.64
2026-03-05 06:50:00,1018.76
2026-03-05 07:00:00,1018.82
2026-03-05 07:10:00,1018.8449999999999
2026-03-05 07:20:00,1018.87
2026-03-05 07:30:00,1018.955
2026-03-05 07:40:00,1018.9900000000001
2026-03-05 07:50:00,1019.03
2026-03-05 08:00:00,1019.06
2026-03-05 08:10:00,1019.1750000000001
2026-03-05 08:20:00,1019.2566666666667
2026-03-05 08:30:00,1019.28
2026-03-05 08:40:00,1019.2566666666667
2026-03-05 08:50:00,1019.23
2026-03-05 09:00:00,1019.1833333333334
2026-03-05 09:10:00,1019.195
2026-03-05 09:20:00,1019.18
2026-03-05 09:30:00,1019.1750000000001
2026-03-05 09:40:00,1019.18
2026-03-05 09:50:00,1019.1750000000001
2026-03-05 10:00:00,1019.23
2026-03-05 10:10:00,1019.1700000000001
2026-03-05 10:20:00,1019.1
2026-03-05 10:30:00,1019.005
2026-03-05 10:40:00,1018.8966666666666
2026-03-05 10:50:00,1018.765
2026-03-05 11:00:00,1018.6766666666667
2026-03-05 11:10:00,1018.5649999999999
2026-03-05 11:20:00,1018.4933333333333
2026-03-05 11:30:00,1018.4200000000001
2026-03-05 11:40:00,1018.3333333333334
2026-03-05 11:50:00,1018.25
2026-03-05 12:00:00,1018.2233333333334
2026-03-05 12:10:00,1018.1600000000001
2026-03-05 12:20:00,1018.0699999999999
2026-03-05 12:50:00,1017.78
2026-03-05 13:00:00,1017.52
2026-03-05 13:10:00,1017.3766666666667
2026-03-05 13:20:00,1017.26
2026-03-05 13:30:00,1017.1366666666667
2026-03-05 13:40:00,1017.01
2026-03-05 13:50:00,1016.9333333333334
2026-03-05 14:00:00,1016.8149999999999
2026-03-05 14:10:00,1016.6766666666667
2026-03-05 14:20:00,1016.55
2026-03-05 14:30:00,1016.44
2026-03-05 14:40:00,1016.305
2026-03-05 14:50:00,1016.2599999999999
2026-03-05 15:00:00,1016.2
2026-03-05 15:10:00,1016.1500000000001
2026-03-05 15:20:00,1016.1850000000001
2026-03-05 15:30:00,1016.1166666666668
2026-03-05 15:40:00,1016.0799999999999
2026-03-05 15:50:00,1016.11
2026-03-05 16:00:00,1016.1200000000001
2026-03-05 16:10:00,1016.2066666666666
2026-03-05 16:20:00,1016.28
2026-03-05 16:30:00,1016.3033333333333
2026-03-05 16:40:00,1016.365
2026-03-05 16:50:00,1016.4500000000002
2026-03-05 17:00:00,1016.61
2026-03-05 17:10:00,1016.7199999999999
2026-03-05 17:20:00,1016.785
2026-03-05 17:30:00,1016.8266666666665
2026-03-05 17:40:00,1016.945
2026-03-05 17:50:00,1017.0533333333333
2026-03-05 18:00:00,1017.1850000000001
2026-03-05 18:10:00,1017.3066666666667
2026-03-05 18:20:00,1017.4250000000001
2026-03-05 18:30:00,1017.57
2026-03-05 18:40:00,1017.695
2026-03-05 18:50:00,1017.8066666666667
2026-03-05 19:00:00,1017.9000000000001
2026-03-05 19:10:00,1017.9966666666666
2026-03-05 19:20:00,1018.0699999999999
2026-03-05 19:30:00,1018.12
2026-03-05 19:40:00,1018.2
2026-03-05 19:50:00,1018.34
2026-03-05 20:00:00,1018.4350000000001
2026-03-05 20:10:00,1018.5566666666667
2026-03-05 20:20:00,1018.6400000000001
2026-03-05 20:30:00,1018.7433333333333
2026-03-05 20:40:00,1018.86
2026-03-05 20:50:00,1018.9966666666666
2026-03-05 21:00:00,1019.105
2026-03-05 21:10:00,1019.19
2026-03-05 21:20:00,1019.235
2026-03-05 21:30:00,1019.2566666666667
2026-03-05 21:40:00,1019.3399999999999
2026-03-05 21:50:00,1019.4066666666668
2026-03-05 22:00:00,1019.4250000000001
2026-03-05 22:10:00,1019.4533333333334
2026-03-05 22:20:00,1019.44
2026-03-05 22:30:00,1019.4033333333333
2026-03-05 22:40:00,1019.305
2026-03-05 22:50:00,1019.2533333333334
2026-03-05 23:00:00,1019.235
2026-03-05 23:10:00,1019.2233333333334
2026-03-05 23:20:00,1019.205
2026-03-05 23:30:00,1019.1133333333333
2026-03-05 23:40:00,1019.005
2026-03-05 23:50:00,1018.9166666666666
2026-03-06 00:00:00,1018.8950000000001
2026-03-06 00:10:00,1018.8233333333333
2026-03-06 00:20:00,1018.735
2026-03-06 00:30:00,1018.64
2026-03-06 00:40:00,1018.55
2026-03-06 00:50:00,1018.5166666666668
2026-03-06 01:00:00,1018.4350000000001
2026-03-06 01:10:00,1018.29
2026-03-06 01:20:00,1018.1500000000001
2026-03-06 01:30:00,1018.0366666666665
2026-03-06 01:40:00,1017.96
2026-03-06 01:50:00,1017.9266666666667
2026-03-06 02:00:00,1017.88
2026-03-06 02:10:00,1017.8266666666665
2026-03-06 02:20:00,1017.785
2026-03-06 02:30:00,1017.7333333333332
2026-03-06 02:40:00,1017.695
2026-03-06 02:50:00,1017.6866666666668
2026-03-06 03:00:00,1017.6500000000001
2026-03-06 03:10:00,1017.62
2026-03-06 03:20:00,1017.5799999999999
2026-03-06 03:30:00,1017.5499999999998
2026-03-06 03:40:00,1017.535
2026-03-06 03:50:00,1017.54
2026-03-06 04:00:00,1017.53
2026-03-06 04:10:00,1017.56
2026-03-06 04:20:00,1017.6200000000001
2026-03-06 04:30:00,1017.59
2026-03-06 04:40:00,1017.52
2026-03-06 04:50:00,1017.5066666666667
2026-03-06 05:00:00,1017.54
2026-03-06 05:10:00,1017.6300000000001
2026-03-06 05:20:00,1017.8
2026-03-06 05:30:00,1017.9100000000002
2026-03-06 05:40:00,1018.02
2026-03-06 05:50:00,1018.055
2026-03-06 06:00:00,1018.19
2026-03-06 06:10:00,1018.38
2026-03-06 06:20:00,1018.5233333333332
2026-03-06 06:30:00,1018.6450000000001
2026-03-06 06:40:00,1018.7633333333333
2026-03-06 06:50:00,1018.9000000000001
2026-03-06 07:00:00,1019.0366666666665
2026-03-06 07:10:00,1019.105
2026-03-06 07:20:00,1019.2400000000001
2026-03-06 07:30:00,1019.4050000000001
2026-03-06 07:40:00,1019.5366666666665
2026-03-06 07:50:00,1019.625
2026-03-06 08:00:00,1019.7133333333335
2026-03-06 08:10:00,1019.8
2026-03-06 08:20:00,1019.8633333333333
2026-03-06 08:30:00,1019.9000000000001
2026-03-06 08:40:00,1019.9433333333333
2026-03-06 08:50:00,1019.965
2026-03-06 09:00:00,1020.0279999999999
2026-03-06 09:10:00,1020.06
2026-03-06 09:20:00,1020.07
2026-03-06 09:30:00,1020.0749999999999
2026-03-06 09:40:00,1020.11
2026-03-06 09:50:00,1020.1750000000001
2026-03-06 10:00:00,1020.2199999999999
2026-03-06 10:10:00,1020.22
2026-03-06 10:20:00,1020.2199999999999
2026-03-06 10:30:00,1020.235
2026-03-06 10:40:00,1020.1866666666668
2026-03-06 10:50:00,1020.105
2026-03-06 11:00:00,1020.0166666666668
2026-03-06 11:10:00,1019.9150000000001
2026-03-06 11:20:00,1019.8333333333334
2026-03-06 11:30:00,1019.695
2026-03-06 11:40:00,1019.5300000000001
2026-03-06 11:50:00,1019.3950000000001
2026-03-06 12:00:00,1019.2633333333333
2026-03-06 12:10:00,1019.135
2026-03-06 12:20:00,1019.0433333333334
2026-03-06 12:30:00,1018.95
2026-03-06 12:40:00,1018.8233333333334
2026-03-06 12:50:00,1018.6600000000001
2026-03-06 13:00:00,1018.5233333333332
2026-03-06 13:10:00,1018.365
2026-03-06 13:20:00,1018.2000000000002
2026-03-06 13:30:00,1018.025
2026-03-06 13:40:00,1017.9166666666666
2026-03-06 13:50:00,1017.8299999999999
2026-03-06 14:00:00,1017.77
2026-03-06 14:10:00,1017.6850000000001
2026-03-06 14:20:00,1017.6233333333333
2026-03-06 14:30:00,1017.5799999999999
2026-03-06 14:40:00,1017.4866666666667
2026-03-06 14:50:00,1017.4250000000001
2026-03-06 15:00:00,1017.3633333333333
2026-03-06 15:10:00,1017.3399999999999
2026-03-06 15:20:00,1017.3233333333333
2026-03-06 15:30:00,1017.29
2026-03-06 15:40:00,1017.29
2026-03-06 15:50:00,1017.28
2026-03-06 16:00:00,1017.32
2026-03-06 16:10:00,1017.3449999999999
2026-03-06 16:20:00,1017.3866666666668
2026-03-06 16:30:00,1017.3800000000001
2026-03-06 16:40:00,1017.43
2026-03-06 16:50:00,1017.545
2026-03-06 17:00:00,1017.62
2026-03-06 17:10:00,1017.62
2026-03-06 17:20:00,1017.6533333333333
2026-03-06 17:30:00,1017.705
2026-03-06 17:40:00,1017.7166666666667
2026-03-06 17:50:00,1017.7
2026-03-06 18:00:00,1017.7733333333332
2026-03-06 18:10:00,1017.8299999999999
2026-03-06 18:20:00,1017.9733333333334
2026-03-06 18:30:00,1018.105
2026-03-06 18:40:00,1018.1766666666667
2026-03-06 18:50:00,1018.23
2026-03-06 19:00:00,1018.3466666666667
2026-03-06 19:10:00,1018.3800000000001
2026-03-06 19:20:00,1018.3800000000001
2026-03-06 19:30:00,1018.4250000000001
2026-03-06 19:40:00,1018.5266666666666
2026-03-06 19:50:00,1018.625
2026-03-06 20:00:00,1018.7233333333334
2026-03-06 20:10:00,1018.85
2026-03-06 20:20:00,1018.98
2026-03-06 20:30:00,1019.0849999999999
2026-03-06 20:40:00,1019.1733333333335
2026-03-06 20:50:00,1019.25
2026-03-06 21:00:00,1019.3266666666665
2026-03-06 21:10:00,1019.3950000000001
2026-03-06 21:20:00,1019.4866666666667
2026-03-06 21:30:00,1019.5649999999999
2026-03-06 21:40:00,1019.5999999999999
2026-03-06 21:50:00,1019.5849999999999
2026-03-06 22:00:00,1019.6133333333333
2026-03-06 22:10:00,1019.6500000000001
2026-03-06 22:20:00,1019.62
2026-03-06 22:30:00,1019.5949999999999
2026-03-06 22:40:00,1019.5866666666666
2026-03-06 22:50:00,1019.535
2026-03-06 23:00:00,1019.4966666666666
2026-03-06 23:10:00,1019.445
2026-03-06 23:20:00,1019.32
2026-03-06 23:30:00,1019.1650000000001
2026-03-06 23:40:00,1018.9900000000001
2026-03-06 23:50:00,1018.855
2026-03-07 00:00:00,1018.7833333333333
2026-03-07 00:10:00,1018.715
2026-03-07 00:20:00,1018.6300000000001
2026-03-07 00:30:00,1018.46
2026-03-07 00:40:00,1018.3066666666667
2026-03-07 00:50:00,1018.205
2026-03-07 01:00:00,1018.0600000000001
2026-03-07 01:10:00,1017.865
2026-03-07 01:20:00,1017.6433333333334
2026-03-07 01:30:00,1017.46
2026-03-07 01:40:00,1017.3299999999999
2026-03-07 01:50:00,1017.245
2026-03-07 02:00:00,1017.1700000000001
2026-03-07 02:10:00,1017.0999999999999
2026-03-07 02:20:00,1017.0633333333332
2026-03-07 02:30:00,1017.035
2026-03-07 02:40:00,1016.9966666666666
2026-03-07 02:50:00,1016.97
2026-03-07 03:00:00,1016.9266666666667
2026-03-07 03:10:00,1016.9350000000001
2026-03-07 03:20:00,1017.02
2026-03-07 03:30:00,1017.055
2026-03-07 03:40:00,1017.0300000000001
2026-03-07 03:50:00,1017.005
2026-03-07 04:00:00,1017.0499999999998
2026-03-07 04:10:00,1017.0649999999999
2026-03-07 04:20:00,1017.1033333333331
2026-03-07 04:30:00,1017.1049999999999
2026-03-07 04:40:00,1017.0733333333333
2026-03-07 04:50:00,1017.105
2026-03-07 05:00:00,1017.1933333333333
2026-03-07 05:10:00,1017.295
2026-03-07 05:20:00,1017.4
2026-03-07 05:30:00,1017.515
2026-03-07 05:40:00,1017.61
2026-03-07 05:50:00,1017.695
2026-03-07 06:00:00,1017.7966666666666
2026-03-07 06:10:00,1017.9250000000001
2026-03-07 06:20:00,1018.0533333333333
2026-03-07 06:30:00,1018.2
2026-03-07 06:40:00,1018.36
2026-03-07 06:50:00,1018.44
2026-03-07 07:00:00,1018.5033333333334
2026-03-07 07:10:00,1018.5699999999999
2026-03-07 07:20:00,1018.6333333333333
2026-03-07 07:30:00,1018.725
2026-03-07 07:40:00,1018.7633333333333
2026-03-07 07:50:00,1018.8199999999999
2026-03-07 08:00:00,1018.8366666666666
2026-03-07 08:10:00,1018.79
2026-03-07 08:20:00,1018.7999999999998
2026-03-07 08:30:00,1018.79
2026-03-07 08:40:00,1018.77
2026-03-07 08:50:00,1018.79
2026-03-07 09:00:00,1018.86
2026-03-07 09:10:00,1018.9300000000001
2026-03-07 09:20:00,1018.9533333333334
2026-03-07 09:30:00,1018.995
2026-03-07 09:40:00,1019.0099999999999
2026-03-07 09:50:00,1019.015
2026-03-07 10:00:00,1019.0166666666668
2026-03-07 10:10:00,1019.02
2026-03-07 10:20:00,1018.9833333333332
2026-03-07 10:30:00,1018.95
2026-03-07 10:40:00,1018.8166666666666
2026-03-07 10:50:00,1018.695
2026-03-07 11:00:00,1018.5499999999998
2026-03-07 11:10:00,1018.4100000000001
2026-03-07 11:20:00,1018.29
2026-03-07 11:30:00,1018.1650000000001
2026-03-07 11:40:00,1018.045
2026-03-07 11:50:00,1017.9033333333333
2026-03-07 12:00:00,1017.805
2026-03-07 12:10:00,1017.75
2026-03-07 12:20:00,1017.725
2026-03-07 12:30:00,1017.6700000000001
2026-03-07 12:40:00,1017.62
2026-03-07 12:50:00,1017.5033333333334
2026-03-07 13:00:00,1017.38
2026-03-07 13:10:00,1017.2566666666667
2026-03-07 13:20:00,1017.1600000000001
2026-03-07 13:30:00,1017.0833333333334
2026-03-07 13:40:00,1017.005
2026-03-07 13:50:00,1016.9133333333333
2026-03-07 14:00:00,1016.76
2026-03-07 14:10:00,1016.6833333333334
2026-03-07 14:20:00,1016.545
2026-03-07 14:30:00,1016.36
2026-03-07 14:40:00,1016.25
2026-03-07 14:50:00,1016.1666666666666
2026-03-07 15:00:00,1016.115
2026-03-07 15:10:00,1016.0666666666666
2026-03-07 15:20:00,1016.04
2026-03-07 15:30:00,1015.9966666666666
2026-03-07 15:40:00,1015.98
2026-03-07 15:50:00,1015.9900000000001
2026-03-07 16:00:00,1015.98
2026-03-07 16:10:00,1016.0366666666665
2026-03-07 16:20:00,1016.0899999999999
2026-03-07 16:30:00,1016.1300000000001
2026-03-07 16:40:00,1016.1700000000001
2026-03-07 16:50:00,1016.2000000000002
2026-03-07 17:00:00,1016.23
2026-03-07 17:10:00,1016.3066666666667
2026-03-07 17:20:00,1016.4200000000001
2026-03-07 17:30:00,1016.5133333333333
2026-03-07 17:40:00,1016.615
2026-03-07 17:50:00,1016.7066666666666
2026-03-07 18:00:00,1016.8
2026-03-07 18:10:00,1016.8633333333333
2026-03-07 18:20:00,1016.9250000000001
2026-03-07 18:30:00,1016.9766666666668
2026-03-07 18:40:00,1017.06
2026-03-07 18:50:00,1017.18
2026-03-07 19:00:00,1017.3299999999999
2026-03-07 19:10:00,1017.4533333333334
2026-03-07 19:20:00,1017.51
2026-03-07 19:30:00,1017.5466666666666
2026-03-07 19:40:00,1017.6
2026-03-07 19:50:00,1017.6933333333333
2026-03-07 20:00:00,1017.75
2026-03-07 20:10:00,1017.8066666666667
2026-03-07 20:20:00,1017.8800000000001
2026-03-07 20:30:00,1017.96
2026-03-07 20:40:00,1018.035
2026-03-07 20:50:00,1018.1333333333333
2026-03-07 21:00:00,1018.22
2026-03-07 21:10:00,1018.2966666666666
2026-03-07 21:20:00,1018.37
2026-03-07 21:30:00,1018.4033333333333
2026-03-07 21:40:00,1018.4300000000001
2026-03-07 21:50:00,1018.4633333333335
2026-03-07 22:00:00,1018.47
2026-03-07 22:10:00,1018.4933333333333
2026-03-07 22:20:00,1018.51
2026-03-07 22:30:00,1018.5333333333333
2026-03-07 22:40:00,1018.535
2026-03-07 22:50:00,1018.5066666666667
2026-03-07 23:00:00,1018.475
2026-03-07 23:10:00,1018.4566666666666
2026-03-07 23:20:00,1018.4000000000001
2026-03-07 23:30:00,1018.3399999999998
2026-03-07 23:40:00,1018.25
2026-03-07 23:50:00,1018.1333333333333
2026-03-08 00:00:00,1018.055
2026-03-08 00:10:00,1017.9766666666668
2026-03-08 00:20:00,1017.86
2026-03-08 00:30:00,1017.7599999999999
2026-03-08 00:40:00,1017.6400000000001
2026-03-08 00:50:00,1017.5266666666666
2026-03-08 01:00:00,1017.4100000000001
2026-03-08 01:10:00,1017.2800000000001
2026-03-08 01:20:00,1017.1650000000001
2026-03-08 01:30:00,1017.0833333333334
2026-03-08 01:40:00,1017.02
2026-03-08 01:50:00,1016.9900000000001
2026-03-08 02:00:00,1016.9300000000001
2026-03-08 02:10:00,1016.8466666666667
2026-03-08 02:20:00,1016.81
2026-03-08 02:30:00,1016.82
2026-03-08 02:40:00,1016.8199999999999
2026-03-08 02:50:00,1016.84
2026-03-08 03:00:00,1016.945
2026-03-08 03:10:00,1017.0333333333333
2026-03-08 03:20:00,1017.0649999999999
2026-03-08 03:30:00,1017.04
2026-03-08 03:40:00,1017.005
2026-03-08 03:50:00,1016.9933333333333
2026-03-08 04:00:00,1017.01
2026-03-08 04:10:00,1017.0233333333332
2026-03-08 04:20:00,1017.05
2026-03-08 04:30:00,1017.04
2026-03-08 04:40:00,1017.02
2026-03-08 04:50:00,1017.1033333333334
2026-03-08 05:00:00,1017.245
2026-03-08 05:10:00,1017.2966666666666
2026-03-08 05:20:00,1017.255
2026-03-08 05:30:00,1017.2266666666668
2026-03-08 05:40:00,1017.24
2026-03-08 05:50:00,1017.34
2026-03-08 06:00:00,1017.47
2026-03-08 06:10:00,1017.6166666666667
2026-03-08 06:20:00,1017.8
2026-03-08 06:30:00,1017.9866666666667
2026-03-08 06:40:00,1018.1400000000001
2026-03-08 06:50:00,1018.3433333333332
2026-03-08 07:00:00,1018.5749999999999
2026-03-08 07:10:00,1018.6966666666667
2026-03-08 07:20:00,1018.725
2026-03-08 07:30:00,1018.7666666666668
2026-03-08 07:40:00,1018.785
2026-03-08 07:50:00,1018.77
2026-03-08 08:00:00,1018.76
2026-03-08 08:10:00,1018.79
2026-03-08 08:20:00,1018.85
2026-03-08 08:30:00,1019.0099999999999
2026-03-08 08:40:00,1019.1450000000001
2026-03-08 08:50:00,1019.2333333333332
2026-03-08 09:00:00,1019.265
2026-03-08 09:10:00,1019.2466666666666
2026-03-08 09:20:00,1019.235
2026-03-08 09:30:00,1019.2733333333332
2026-03-08 09:40:00,1019.26
2026-03-08 09:50:00,1019.11
2026-03-08 10:00:00,1018.9350000000001
2026-03-08 10:10:00,1018.7766666666666
2026-03-08 10:20:00,1018.71
2026-03-08 10:30:00,1018.68
2026-03-08 10:40:00,1018.71
2026-03-08 10:50:00,1018.7400000000001
2026-03-08 11:00:00,1018.72
2026-03-08 11:10:00,1018.6733333333335
2026-03-08 11:20:00,1018.56
2026-03-08 11:30:00,1018.4333333333334
2026-03-08 11:40:00,1018.345
2026-03-08 11:50:00,1018.2433333333333
2026-03-08 12:00:00,1018.135
2026-03-08 12:10:00,1018.0166666666668
2026-03-08 12:20:00,1017.875
2026-03-08 12:30:00,1017.6533333333333
2026-03-08 12:40:00,1017.41
2026-03-08 12:50:00,1017.1933333333333
2026-03-08 13:00:00,1017.01
2026-03-08 13:10:00,1016.8966666666666
2026-03-08 13:20:00,1016.8149999999999
2026-03-08 13:30:00,1016.7066666666666
2026-03-08 13:40:00,1016.6
2026-03-08 13:50:00,1016.4966666666666
2026-03-08 14:00:00,1016.4150000000001
2026-03-08 14:10:00,1016.2999999999998
2026-03-08 14:20:00,1016.135
2026-03-08 14:30:00,1016.0233333333332
2026-03-08 14:40:00,1015.965
2026-03-08 14:50:00,1015.9066666666668
2026-03-08 15:00:00,1015.86
2026-03-08 15:10:00,1015.86
2026-03-08 15:20:00,1015.865
2026-03-08 15:30:00,1015.8866666666668
2026-03-08 15:40:00,1015.8750000000001
2026-03-08 15:50:00,1015.8750000000001
2026-03-08 16:00:00,1015.8700000000001
2026-03-08 16:10:00,1015.8499999999999
2026-03-08 16:20:00,1015.9500000000002
2026-03-08 16:30:00,1016
2026-03-08 16:40:00,1016.0499999999998
2026-03-08 16:50:00,1016.125
2026-03-08 17:00:00,1016.2333333333332
2026-03-08 17:10:00,1016.35
2026-03-08 17:20:00,1016.4900000000001
2026-03-08 17:30:00,1016.6500000000001
2026-03-08 17:40:00,1016.77
2026-03-08 17:50:00,1016.9250000000001
2026-03-08 18:00:00,1017.1
2026-03-08 18:10:00,1017.28
2026-03-08 18:20:00,1017.4333333333334
2026-03-08 18:30:00,1017.59
2026-03-08 18:40:00,1017.7633333333333
2026-03-08 18:50:00,1017.8800000000001
2026-03-08 19:00:00,1017.9633333333335
2026-03-08 19:10:00,1018.035
2026-03-08 19:20:00,1018.16
2026-03-08 19:30:00,1018.305
2026-03-08 19:40:00,1018.4766666666668
2026-03-08 19:50:00,1018.6450000000001
2026-03-08 20:00:00,1018.7466666666666
2026-03-08 20:10:00,1018.87
2026-03-08 20:20:00,1018.96
2026-03-08 20:30:00,1018.975
2026-03-08 20:40:00,1019.0766666666667
2026-03-08 20:50:00,1019.225
2026-03-08 21:00:00,1019.2800000000001
2026-03-08 21:10:00,1019.3
2026-03-08 21:20:00,1019.2999999999998
2026-03-08 21:30:00,1019.3149999999999
2026-03-08 21:40:00,1019.3399999999998
2026-03-08 21:50:00,1019.3950000000001
2026-03-08 22:00:00,1019.4266666666667
2026-03-08 22:10:00,1019.46
2026-03-08 22:20:00,1019.4566666666666
2026-03-08 22:30:00,1019.445
2026-03-08 22:40:00,1019.4233333333335
2026-03-08 22:50:00,1019.47
2026-03-08 23:00:00,1019.5333333333333
2026-03-08 23:10:00,1019.515
2026-03-08 23:20:00,1019.5233333333332
2026-03-08 23:30:00,1019.545
2026-03-08 23:40:00,1019.5533333333333
2026-03-08 23:50:00,1019.525
2026-03-09 00:00:00,1019.4666666666667
2026-03-09 00:10:00,1019.4000000000001
2026-03-09 00:20:00,1019.34
2026-03-09 00:30:00,1019.22
2026-03-09 00:40:00,1019.0933333333332
2026-03-09 00:50:00,1019.015
2026-03-09 01:00:00,1018.9333333333334
2026-03-09 01:10:00,1018.8499999999999
2026-03-09 01:20:00,1018.7433333333333
2026-03-09 01:30:00,1018.6550000000001
2026-03-09 01:40:00,1018.6300000000001
2026-03-09 01:50:00,1018.6200000000001
2026-03-09 02:00:00,1018.5666666666666
2026-03-09 02:10:00,1018.495
2026-03-09 02:20:00,1018.4200000000001
2026-03-09 02:30:00,1018.4200000000001
2026-03-09 02:40:00,1018.4200000000001
2026-03-09 02:50:00,1018.365
2026-03-09 03:00:00,1018.3800000000001
2026-03-09 03:10:00,1018.4200000000001
2026-03-09 03:20:00,1018.39
2026-03-09 03:30:00,1018.3850000000001
2026-03-09 03:40:00,1018.4266666666667
2026-03-09 03:50:00,1018.495
2026-03-09 04:00:00,1018.5333333333333
2026-03-09 04:10:00,1018.5949999999999
2026-03-09 04:20:00,1018.6533333333333
2026-03-09 04:30:00,1018.735
2026-03-09 04:40:00,1018.85
2026-03-09 04:50:00,1018.9200000000001
2026-03-09 05:00:00,1018.96
2026-03-09 05:10:00,1018.99
2026-03-09 05:20:00,1019.02
2026-03-09 05:30:00,1019.135
2026-03-09 05:40:00,1019.2633333333333
2026-03-09 05:50:00,1019.3299999999999
2026-03-09 06:00:00,1019.4133333333334
2026-03-09 06:10:00,1019.53
2026-03-09 06:20:00,1019.7066666666666
2026-03-09 06:30:00,1019.8349999999999
2026-03-09 06:40:00,1020.0066666666667
2026-03-09 06:50:00,1020.14
2026-03-09 07:00:00,1020.2066666666666
2026-03-09 07:10:00,1020.28
2026-03-09 07:20:00,1020.4066666666668
2026-03-09 07:30:00,1020.49
2026-03-09 07:40:00,1020.5366666666665
2026-03-09 07:50:00,1020.55
2026-03-09 08:00:00,1020.5533333333333
2026-03-09 08:10:00,1020.5949999999999
2026-03-09 08:20:00,1020.6533333333333
2026-03-09 08:30:00,1020.6450000000001
2026-03-09 08:40:00,1020.6466666666669
2026-03-09 08:50:00,1020.62
2026-03-09 09:00:00,1020.7000000000002
2026-03-09 09:10:00,1020.81
2026-03-09 09:20:00,1020.8066666666667
2026-03-09 09:30:00,1020.765
2026-03-09 09:40:00,1020.7266666666668
2026-03-09 09:50:00,1020.695
2026-03-09 10:00:00,1020.6533333333333
2026-03-09 10:10:00,1020.5749999999999
2026-03-09 10:20:00,1020.52
2026-03-09 10:30:00,1020.505
2026-03-09 10:40:00,1020.4500000000002
2026-03-09 10:50:00,1020.3800000000001
2026-03-09 11:00:00,1020.2866666666665
2026-03-09 11:10:00,1020.195
2026-03-09 11:20:00,1020.09
2026-03-09 11:30:00,1019.97
2026-03-09 11:40:00,1019.9066666666668
2026-03-09 11:50:00,1019.785
2026-03-09 12:00:00,1019.62
2026-03-09 12:10:00,1019.45
2026-03-09 12:20:00,1019.2666666666668
2026-03-09 12:30:00,1019.1550000000001
2026-03-09 12:40:00,1019.04
2026-03-09 12:50:00,1018.9350000000001
2026-03-09 13:00:00,1018.82
2026-03-09 13:10:00,1018.6850000000001
2026-03-09 13:20:00,1018.5300000000001
2026-03-09 13:30:00,1018.335
2026-03-09 13:40:00,1018.23
2026-03-09 13:50:00,1018.13
2026-03-09 14:00:00,1017.9933333333333
2026-03-09 14:10:00,1017.865
2026-03-09 14:20:00,1017.7633333333333
2026-03-09 14:30:00,1017.75
2026-03-09 14:40:00,1017.7233333333334
2026-03-09 14:50:00,1017.6750000000001
2026-03-09 15:00:00,1017.6033333333334
2026-03-09 15:10:00,1017.52
2026-03-09 15:20:00,1017.4366666666668
2026-03-09 15:30:00,1017.3900000000001
2026-03-09 15:40:00,1017.43
2026-03-09 15:50:00,1017.46
2026-03-09 16:00:00,1017.5499999999998
2026-03-09 16:10:00,1017.6500000000001
2026-03-09 16:20:00,1017.7066666666666
2026-03-09 16:30:00,1017.695
2026-03-09 16:40:00,1017.68
2026-03-09 16:50:00,1017.715
2026-03-09 17:00:00,1017.6933333333333
2026-03-09 17:10:00,1017.705
2026-03-09 17:20:00,1017.7599999999999
2026-03-09 17:30:00,1017.8449999999999
2026-03-09 17:40:00,1017.8966666666669
2026-03-09 17:50:00,1017.9250000000001
2026-03-09 18:00:00,1018.0133333333333
2026-03-09 18:10:00,1018.0799999999999
2026-03-09 18:20:00,1018.1266666666667
2026-03-09 18:30:00,1018.255
2026-03-09 18:40:00,1018.3966666666666
2026-03-09 18:50:00,1018.5649999999999
2026-03-09 19:00:00,1018.7033333333334
2026-03-09 19:10:00,1018.8
2026-03-09 19:20:00,1018.9200000000001
2026-03-09 19:30:00,1019.05
2026-03-09 19:40:00,1019.1966666666667
2026-03-09 19:50:00,1019.31
2026-03-09 20:00:00,1019.4033333333333
2026-03-09 20:10:00,1019.5
2026-03-09 20:20:00,1019.5499999999998
2026-03-09 20:30:00,1019.6750000000001
2026-03-09 20:40:00,1019.8333333333334
2026-03-09 20:50:00,1019.965
2026-03-09 21:00:00,1019.9933333333333
2026-03-09 21:10:00,1019.965
2026-03-09 21:20:00,1019.9133333333334
2026-03-09 21:30:00,1019.9200000000001
2026-03-09 21:40:00,1019.9833333333332
2026-03-09 21:50:00,1020.02
2026-03-09 22:00:00,1020.0266666666666
2026-03-09 22:10:00,1019.98
2026-03-09 22:20:00,1019.9833333333332
2026-03-09 22:30:00,1020.025
2026-03-09 22:40:00,1020.0033333333334
2026-03-09 22:50:00,1019.95
2026-03-09 23:00:00,1019.9633333333335
2026-03-09 23:10:00,1020
2026-03-09 23:20:00,1020.0333333333333
2026-03-09 23:30:00,1019.995
2026-03-09 23:40:00,1019.9233333333335
2026-03-09 23:50:00,1019.865
2026-03-10 00:00:00,1019.8133333333332
2026-03-10 00:10:00,1019.76
2026-03-10 00:20:00,1019.69
2026-03-10 00:30:00,1019.615
2026-03-10 00:40:00,1019.5266666666666
2026-03-10 00:50:00,1019.4050000000001
2026-03-10 01:00:00,1019.3533333333334
2026-03-10 01:10:00,1019.3449999999999
2026-03-10 01:20:00,1019.3233333333333
2026-03-10 01:30:00,1019.3
2026-03-10 01:40:00,1019.2533333333334
2026-03-10 01:50:00,1019.205
2026-03-10 02:00:00,1019.1633333333334
2026-03-10 02:10:00,1019.11
2026-03-10 02:20:00,1019.0733333333333
2026-03-10 02:30:00,1019
2026-03-10 02:40:00,1019.015
2026-03-10 02:50:00,1019.0099999999999
2026-03-10 03:00:00,1019.015
2026-03-10 03:10:00,1018.98
2026-03-10 03:20:00,1018.96
2026-03-10 03:30:00,1018.9466666666667
2026-03-10 03:40:00,1018.945
2026-03-10 03:50:00,1018.9166666666666
2026-03-10 04:00:00,1018.8399999999999
2026-03-10 04:10:00,1018.7533333333334
2026-03-10 04:20:00,1018.725
2026-03-10 04:30:00,1018.6966666666667
2026-03-10 04:40:00,1018.6650000000001
2026-03-10 04:50:00,1018.6733333333335
2026-03-10 05:00:00,1018.75
2026-03-10 05:10:00,1018.9133333333333
2026-03-10 05:20:00,1019
2026-03-10 05:30:00,1019.0166666666668
2026-03-10 05:40:00,1019.0649999999999
2026-03-10 05:50:00,1019.1866666666668
2026-03-10 06:00:00,1019.245
2026-03-10 06:10:00,1019.35
2026-03-10 06:20:00,1019.5
2026-03-10 06:30:00,1019.7233333333334
2026-03-10 06:40:00,1019.955
2026-03-10 06:50:00,1020.1366666666667
2026-03-10 07:00:00,1020.225
2026-03-10 07:10:00,1020.2666666666668
2026-03-10 07:20:00,1020.3399999999999
2026-03-10 07:30:00,1020.4333333333334
2026-03-10 07:40:00,1020.495
2026-03-10 07:50:00,1020.5300000000001
2026-03-10 08:00:00,1020.605
2026-03-10 08:10:00,1020.6866666666668
2026-03-10 08:20:00,1020.73
2026-03-10 08:30:00,1020.7333333333332
2026-03-10 08:40:00,1020.635
2026-03-10 08:50:00,1020.5733333333333
2026-03-10 09:00:00,1020.5999999999999
2026-03-10 09:10:00,1020.7199999999999
2026-03-10 09:20:00,1020.78
2026-03-10 09:30:00,1020.79
2026-03-10 09:40:00,1020.8149999999999
2026-03-10 09:50:00,1020.8333333333334
2026-03-10 10:00:00,1020.865
2026-03-10 10:10:00,1020.8133333333332
2026-03-10 10:20:00,1020.785
2026-03-10 10:30:00,1020.7199999999999
2026-03-10 10:40:00,1020.695
2026-03-10 10:50:00,1020.6833333333334
2026-03-10 11:00:00,1020.62
2026-03-10 11:10:00,1020.54
2026-03-10 11:20:00,1020.47
2026-03-10 11:30:00,1020.3633333333333
2026-03-10 11:40:00,1020.255
2026-03-10 11:50:00,1020.1333333333333
2026-03-10 12:00:00,1020.045
2026-03-10 12:10:00,1019.9900000000001
2026-03-10 12:20:00,1019.9250000000001
2026-03-10 12:30:00,1019.8666666666668
2026-03-10 12:40:00,1019.795
2026-03-10 12:50:00,1019.69
2026-03-10 13:00:00,1019.605
2026-03-10 13:10:00,1019.5233333333332
2026-03-10 13:20:00,1019.445
2026-03-10 13:30:00,1019.2933333333334
2026-03-10 13:40:00,1019.195
2026-03-10 13:50:00,1019.09
2026-03-10 14:00:00,1018.89
2026-03-10 14:10:00,1018.6766666666666
2026-03-10 14:20:00,1018.4350000000001
2026-03-10 14:30:00,1018.23
2026-03-10 14:40:00,1018.1650000000001
2026-03-10 14:50:00,1018.1633333333334
2026-03-10 15:00:00,1018.1700000000001
2026-03-10 15:10:00,1018.1833333333334
2026-03-10 15:20:00,1018.21
2026-03-10 15:30:00,1018.25
2026-03-10 15:40:00,1018.335
2026-03-10 15:50:00,1018.4200000000001
2026-03-10 16:00:00,1018.475
2026-03-10 16:10:00,1018.5133333333333
2026-03-10 16:20:00,1018.5533333333333
2026-03-10 16:30:00,1018.5766666666665
2026-03-10 16:40:00,1018.5949999999999
2026-03-10 16:50:00,1018.6666666666666
2026-03-10 17:00:00,1018.78
2026-03-10 17:10:00,1018.8466666666667
2026-03-10 17:20:00,1018.8599999999999
2026-03-10 17:30:00,1018.8366666666666
2026-03-10 17:40:00,1018.8199999999999
2026-03-10 17:50:00,1018.8766666666667
2026-03-10 18:00:00,1018.975
2026-03-10 18:10:00,1019.0499999999998
2026-03-10 18:20:00,1019.12
2026-03-10 18:30:00,1019.2166666666667
2026-03-10 18:40:00,1019.3199999999999
2026-03-10 18:50:00,1019.4500000000002
2026-03-10 19:00:00,1019.595
2026-03-10 19:10:00,1019.7366666666667
2026-03-10 19:20:00,1019.8449999999999
2026-03-10 19:30:00,1019.9200000000001
2026-03-10 19:40:00,1019.995
2026-03-10 19:50:00,1020.0633333333332
2026-03-10 20:00:00,1020.1650000000001
2026-03-10 20:10:00,1020.2033333333334
2026-03-10 20:20:00,1020.25
2026-03-10 20:30:00,1020.3533333333334
2026-03-10 20:40:00,1020.46
2026-03-10 20:50:00,1020.5633333333332
2026-03-10 21:00:00,1020.6800000000001
2026-03-10 21:10:00,1020.79
2026-03-10 21:20:00,1020.8800000000001
2026-03-10 21:30:00,1020.9100000000002
2026-03-10 21:40:00,1020.87
2026-03-10 21:50:00,1020.8533333333331
2026-03-10 22:00:00,1020.865
2026-03-10 22:10:00,1020.8633333333333
2026-03-10 22:20:00,1020.8449999999999
2026-03-10 22:30:00,1020.8366666666666
2026-03-10 22:40:00,1020.81
2026-03-10 22:50:00,1020.7933333333334
2026-03-10 23:00:00,1020.78
2026-03-10 23:10:00,1020.7400000000001
2026-03-10 23:20:00,1020.705
2026-03-10 23:30:00,1020.7133333333335
2026-03-10 23:40:00,1020.6800000000001
2026-03-10 23:50:00,1020.61
2026-03-11 00:00:00,1020.52
2026-03-11 00:10:00,1020.4033333333333
2026-03-11 00:20:00,1020.3149999999999
2026-03-11 00:30:00,1020.1833333333334
2026-03-11 00:40:00,1020.06
2026-03-11 00:50:00,1019.9699999999999
2026-03-11 01:00:00,1019.8349999999999
2026-03-11 01:10:00,1019.73
2026-03-11 01:20:00,1019.605
2026-03-11 01:30:00,1019.4933333333333
2026-03-11 01:40:00,1019.4100000000001
2026-03-11 01:50:00,1019.3399999999998
2026-03-11 02:00:00,1019.26
2026-03-11 02:10:00,1019.1700000000001
2026-03-11 02:20:00,1019.115
2026-03-11 02:30:00,1019.0633333333332
2026-03-11 02:40:00,1018.98
2026-03-11 02:50:00,1018.9233333333335
2026-03-11 03:00:00,1018.9350000000001
2026-03-11 03:10:00,1018.9133333333334
2026-03-11 03:20:00,1018.8800000000001
2026-03-11 03:30:00,1018.86
2026-03-11 03:40:00,1018.865
2026-03-11 03:50:00,1018.87
2026-03-11 04:00:00,1018.8700000000001
2026-03-11 04:10:00,1018.8733333333334
2026-03-11 04:20:00,1018.8549999999999
2026-03-11 04:30:00,1018.9000000000001
2026-03-11 04:40:00,1018.965
2026-03-11 04:50:00,1019.02
2026-03-11 05:00:00,1019.115
2026-03-11 05:10:00,1019.1633333333334
2026-03-11 05:20:00,1019.1700000000001
2026-03-11 05:30:00,1019.2666666666668
2026-03-11 05:40:00,1019.36
2026-03-11 05:50:00,1019.4366666666668
2026-03-11 06:00:00,1019.53
2026-03-11 06:10:00,1019.6300000000001
2026-03-11 06:20:00,1019.73
2026-03-11 06:30:00,1019.8299999999999
2026-03-11 06:40:00,1020.01
2026-03-11 06:50:00,1020.1133333333333
2026-03-11 07:00:00,1020.215
2026-03-11 07:10:00,1020.2866666666665
2026-03-11 07:20:00,1020.3
2026-03-11 07:30:00,1020.31
2026-03-11 07:40:00,1020.36
2026-03-11 07:50:00,1020.3933333333334
2026-03-11 08:00:00,1020.4100000000001
2026-03-11 08:10:00,1020.4033333333333
2026-03-11 08:20:00,1020.3900000000001
2026-03-11 08:30:00,1020.4133333333334
2026-03-11 08:40:00,1020.45
2026-03-11 08:50:00,1020.4533333333334
2026-03-11 09:00:00,1020.4300000000001
2026-03-11 09:10:00,1020.4233333333335
2026-03-11 09:20:00,1020.465
2026-03-11 09:30:00,1020.4966666666666
2026-03-11 09:40:00,1020.51
2026-03-11 09:50:00,1020.4566666666666
2026-03-11 10:00:00,1020.38
2026-03-11 10:10:00,1020.2999999999998
2026-03-11 10:20:00,1020.2
2026-03-11 10:30:00,1020.09
2026-03-11 10:40:00,1020.01
2026-03-11 10:50:00,1019.89
2026-03-11 11:00:00,1019.8299999999999
2026-03-11 11:10:00,1019.7766666666666
2026-03-11 11:20:00,1019.69
2026-03-11 11:30:00,1019.5866666666667
2026-03-11 11:40:00,1019.505
2026-03-11 11:50:00,1019.4500000000002
2026-03-11 12:00:00,1019.3900000000001
2026-03-11 12:10:00,1019.3299999999999
2026-03-11 12:20:00,1019.235
2026-03-11 12:30:00,1019.1766666666667
2026-03-11 12:40:00,1019.0999999999999
2026-03-11 12:50:00,1019.0266666666666
2026-03-11 13:00:00,1018.96
2026-03-11 13:10:00,1018.8800000000001
2026-03-11 13:20:00,1018.785
2026-03-11 13:30:00,1018.65
2026-03-11 13:40:00,1018.55
2026-03-11 13:50:00,1018.44
2026-03-11 14:00:00,1018.3249999999999
2026-03-11 14:10:00,1018.2266666666668
2026-03-11 14:20:00,1018.115
2026-03-11 14:30:00,1018.0466666666666
2026-03-11 14:40:00,1017.975
2026-03-11 14:50:00,1017.9433333333333
2026-03-11 15:00:00,1017.8750000000001
2026-03-11 15:10:00,1017.7866666666665
2026-03-11 15:20:00,1017.715
2026-03-11 15:30:00,1017.6533333333333
2026-03-11 15:40:00,1017.6300000000001
2026-03-11 15:50:00,1017.6633333333334
2026-03-11 16:00:00,1017.765
2026-03-11 16:10:00,1017.7766666666666
2026-03-11 16:20:00,1017.755
2026-03-11 16:30:00,1017.7400000000001
2026-03-11 16:40:00,1017.76
2026-03-11 16:50:00,1017.79
2026-03-11 17:00:00,1017.9
2026-03-11 17:10:00,1018.0300000000001
2026-03-11 17:20:00,1018.0749999999999
2026-03-11 17:30:00,1018.1600000000002
2026-03-11 17:40:00,1018.235
2026-03-11 17:50:00,1018.3466666666667
2026-03-11 18:00:00,1018.49
2026-03-11 18:10:00,1018.6233333333333
2026-03-11 18:20:00,1018.715
2026-03-11 18:30:00,1018.8299999999999
2026-03-11 18:40:00,1018.995
2026-03-11 18:50:00,1019.1666666666666
2026-03-11 19:00:00,1019.31
2026-03-11 19:10:00,1019.4066666666668
2026-03-11 19:20:00,1019.495
2026-03-11 19:30:00,1019.5799999999999
2026-03-11 19:40:00,1019.6650000000001
2026-03-11 19:50:00,1019.7733333333332
2026-03-11 20:00:00,1019.9300000000001
2026-03-11 20:10:00,1020.1066666666666
2026-03-11 20:20:00,1020.26
2026-03-11 20:30:00,1020.39
2026-03-11 20:40:00,1020.485
2026-03-11 20:50:00,1020.6033333333334
2026-03-11 21:00:00,1020.765
2026-03-11 21:10:00,1020.91
2026-03-11 21:20:00,1021.05
2026-03-11 21:30:00,1021.1566666666668
2026-03-11 21:40:00,1021.225
2026-03-11 21:50:00,1021.25
2026-03-11 22:00:00,1021.25
2026-03-11 22:10:00,1021.2466666666666
2026-03-11 22:20:00,1021.305
2026-03-11 22:30:00,1021.3399999999998
2026-03-11 22:40:00,1021.3499999999999
2026-03-11 22:50:00,1021.3233333333333
2026-03-11 23:00:00,1021.3349999999999
2026-03-11 23:10:00,1021.3299999999999
2026-03-11 23:20:00,1021.295
2026-03-11 23:30:00,1021.2000000000002
2026-03-11 23:40:00,1021.0749999999999
2026-03-11 23:50:00,1020.9333333333334
2026-03-12 00:00:00,1020.8
2026-03-12 00:10:00,1020.6766666666667
2026-03-12 00:20:00,1020.5849999999999
2026-03-12 00:30:00,1020.5066666666667
2026-03-12 00:40:00,1020.4000000000001
2026-03-12 00:50:00,1020.2533333333334
2026-03-12 01:00:00,1020.125
2026-03-12 01:10:00,1020.0033333333334
2026-03-12 01:20:00,1019.88
2026-03-12 01:30:00,1019.7400000000001
2026-03-12 01:40:00,1019.6350000000001
2026-03-12 01:50:00,1019.5233333333332
2026-03-12 02:00:00,1019.4250000000001
2026-03-12 02:10:00,1019.3299999999999
2026-03-12 02:20:00,1019.235
2026-03-12 02:30:00,1019.2000000000002
2026-03-12 02:40:00,1019.19
2026-03-12 02:50:00,1019.2066666666666
2026-03-12 03:00:00,1019.245
2026-03-12 03:10:00,1019.2566666666667
2026-03-12 03:20:00,1019.26
2026-03-12 03:30:00,1019.25
2026-03-12 03:40:00,1019.245
2026-03-12 03:50:00,1019.2633333333333
2026-03-12 04:00:00,1019.275
2026-03-12 04:10:00,1019.3399999999998
2026-03-12 04:20:00,1019.4000000000001
2026-03-12 04:30:00,1019.4666666666667
2026-03-12 04:40:00,1019.51
2026-03-12 04:50:00,1019.5866666666667
2026-03-12 05:00:00,1019.6550000000001
2026-03-12 05:10:00,1019.6966666666667
2026-03-12 05:20:00,1019.75
2026-03-12 05:30:00,1019.8766666666667
2026-03-12 05:40:00,1019.995
2026-03-12 05:50:00,1020.1466666666669
2026-03-12 06:00:00,1020.2
2026-03-12 06:10:00,1020.2966666666666
2026-03-12 06:20:00,1020.4300000000001
2026-03-12 06:30:00,1020.5966666666667
2026-03-12 06:40:00,1020.765
2026-03-12 06:50:00,1020.9033333333333
2026-03-12 07:00:00,1020.97
2026-03-12 07:10:00,1020.9766666666668
2026-03-12 07:20:00,1021.05
2026-03-12 07:30:00,1021.1300000000001
2026-03-12 07:40:00,1021.1800000000001
2026-03-12 07:50:00,1021.2166666666667
2026-03-12 08:00:00,1021.265
2026-03-12 08:10:00,1021.2800000000001
2026-03-12 08:20:00,1021.3199999999999
2026-03-12 08:30:00,1021.2733333333332
2026-03-12 08:40:00,1021.255
2026-03-12 08:50:00,1021.26
2026-03-12 09:00:00,1021.2800000000001
2026-03-12 09:10:00,1021.22
2026-03-12 09:20:00,1021.1966666666667
2026-03-12 09:30:00,1021.195
2026-03-12 09:40:00,1021.19
2026-03-12 09:50:00,1021.195
2026-03-12 10:00:00,1021.1600000000002
2026-03-12 10:10:00,1021.105
2026-03-12 10:20:00,1021.0633333333332
2026-03-12 10:30:00,1020.985
2026-03-12 10:40:00,1020.8800000000001
2026-03-12 10:50:00,1020.76
2026-03-12 11:00:00,1020.6633333333334
2026-03-12 11:10:00,1020.5849999999999
2026-03-12 11:20:00,1020.4866666666667
2026-03-12 11:30:00,1020.365
2026-03-12 11:40:00,1020.2033333333334
2026-03-12 11:50:00,1020.04
2026-03-12 12:00:00,1019.85
2026-03-12 12:10:00,1019.695
2026-03-12 12:20:00,1019.5799999999999
2026-03-12 12:30:00,1019.495
2026-03-12 12:40:00,1019.4166666666666
2026-03-12 12:50:00,1019.3149999999999
2026-03-12 13:00:00,1019.2000000000002
2026-03-12 13:10:00,1019.095
2026-03-12 13:20:00,1018.9866666666667
2026-03-12 13:30:00,1018.87
2026-03-12 13:40:00,1018.7433333333333
2026-03-12 13:50:00,1018.63
2026-03-12 14:00:00,1018.5033333333334
2026-03-12 14:10:00,1018.375
2026-03-12 14:20:00,1018.23
2026-03-12 14:30:00,1018.0949999999999
2026-03-12 14:40:00,1018.0566666666667
2026-03-12 14:50:00,1017.985
2026-03-12 15:00:00,1017.9266666666667
2026-03-12 15:10:00,1017.865
2026-03-12 15:20:00,1017.82
2026-03-12 15:30:00,1017.765
2026-03-12 15:40:00,1017.8066666666667
2026-03-12 15:50:00,1017.8399999999999
2026-03-12 16:00:00,1017.8566666666667
2026-03-12 16:10:00,1017.8850000000001
2026-03-12 16:20:00,1017.9500000000002
2026-03-12 16:30:00,1018.005
2026-03-12 16:40:00,1018.0366666666665
2026-03-12 16:50:00,1018.0699999999999
2026-03-12 17:00:00,1018.11
2026-03-12 17:10:00,1018.1350000000001
2026-03-12 17:20:00,1018.1566666666668
2026-03-12 17:30:00,1018.1600000000001
2026-03-12 17:40:00,1018.2066666666666
2026-03-12 17:50:00,1018.295
2026-03-12 18:00:00,1018.4066666666668
2026-03-12 18:10:00,1018.505
2026-03-12 18:20:00,1018.5833333333334
2026-03-12 18:30:00,1018.6750000000001
2026-03-12 18:40:00,1018.7433333333333
2026-03-12 18:50:00,1018.805
2026-03-12 19:00:00,1018.8800000000001
2026-03-12 19:10:00,1018.965
2026-03-12 19:20:00,1019.1166666666668
2026-03-12 19:30:00,1019.305
2026-03-12 19:40:00,1019.4966666666666
2026-03-12 19:50:00,1019.6850000000001
2026-03-12 20:00:00,1019.8299999999999
2026-03-12 20:10:00,1019.98
2026-03-12 20:20:00,1020.1466666666666
2026-03-12 20:30:00,1020.3
2026-03-12 20:40:00,1020.4033333333333
2026-03-12 20:50:00,1020.505
2026-03-12 21:00:00,1020.5499999999998
2026-03-12 21:10:00,1020.61
2026-03-12 21:20:00,1020.69
2026-03-12 21:30:00,1020.775
2026-03-12 21:40:00,1020.8266666666665
2026-03-12 21:50:00,1020.875
2026-03-12 22:00:00,1020.86
2026-03-12 22:10:00,1020.8349999999999
2026-03-12 22:20:00,1020.8800000000001
2026-03-12 22:30:00,1020.94
2026-03-12 22:40:00,1020.9699999999999
2026-03-12 22:50:00,1020.975
2026-03-12 23:00:00,1020.9133333333334
2026-03-12 23:10:00,1020.8299999999999
2026-03-12 23:20:00,1020.7466666666666
2026-03-12 23:30:00,1020.6400000000001
2026-03-12 23:40:00,1020.54
2026-03-12 23:50:00,1020.48
2026-03-13 00:00:00,1020.4066666666668
2026-03-13 00:10:00,1020.31
2026-03-13 00:20:00,1020.1933333333333
2026-03-13 00:30:00,1020.05
2026-03-13 00:40:00,1019.9066666666668
2026-03-13 00:50:00,1019.79
2026-03-13 01:00:00,1019.69
2026-03-13 01:10:00,1019.6300000000001
2026-03-13 01:20:00,1019.5733333333333
2026-03-13 01:30:00,1019.53
2026-03-13 01:40:00,1019.4966666666666
2026-03-13 01:50:00,1019.465
2026-03-13 02:00:00,1019.3833333333333
2026-03-13 02:10:00,1019.3
2026-03-13 02:20:00,1019.2433333333333
2026-03-13 02:30:00,1019.215
2026-03-13 02:40:00,1019.2000000000002
2026-03-13 02:50:00,1019.19
2026-03-13 03:00:00,1019.1966666666667
2026-03-13 03:10:00,1019.1850000000001
2026-03-13 03:20:00,1019.1766666666667
2026-03-13 03:30:00,1019.19
2026-03-13 03:40:00,1019.1933333333333
2026-03-13 03:50:00,1019.24
2026-03-13 04:00:00,1019.2800000000001
2026-03-13 04:10:00,1019.3349999999999
2026-03-13 04:20:00,1019.3433333333332
2026-03-13 04:30:00,1019.3950000000001
2026-03-13 04:40:00,1019.4733333333334
2026-03-13 04:50:00,1019.53
2026-03-13 05:00:00,1019.5499999999998
2026-03-13 05:10:00,1019.555
2026-03-13 05:20:00,1019.6133333333333
2026-03-13 05:30:00,1019.69
2026-03-13 05:40:00,1019.7966666666666
2026-03-13 05:50:00,1019.9300000000001
2026-03-13 06:00:00,1019.98
2026-03-13 06:10:00,1020.05
2026-03-13 06:20:00,1020.1633333333333
2026-03-13 06:30:00,1020.305
2026-03-13 06:40:00,1020.4533333333334
2026-03-13 06:50:00,1020.585
2026-03-13 07:00:00,1020.6833333333334
2026-03-13 07:10:00,1020.755
2026-03-13 07:20:00,1020.7933333333334
2026-03-13 07:30:00,1020.8199999999999
2026-03-13 07:40:00,1020.8833333333333
2026-03-13 07:50:00,1020.9200000000001
2026-03-13 08:00:00,1020.9133333333334
2026-03-13 08:10:00,1020.9100000000001
2026-03-13 08:20:00,1020.9266666666667
2026-03-13 08:30:00,1020.945
2026-03-13 08:40:00,1020.9333333333334
2026-03-13 08:50:00,1020.9300000000001
2026-03-13 09:00:00,1020.9033333333333
2026-03-13 09:10:00,1020.9100000000001
2026-03-13 09:20:00,1020.9033333333333
2026-03-13 09:30:00,1020.79
2026-03-13 09:40:00,1020.7933333333334
2026-03-13 09:50:00,1020.76
2026-03-13 10:00:00,1020.7266666666668
2026-03-13 10:10:00,1020.6850000000001
2026-03-13 10:20:00,1020.6133333333333
2026-03-13 10:30:00,1020.5899999999999
2026-03-13 10:40:00,1020.5433333333334
2026-03-13 10:50:00,1020.475
2026-03-13 11:00:00,1020.4266666666667
2026-03-13 11:10:00,1020.355
2026-03-13 11:20:00,1020.2633333333333
2026-03-13 11:30:00,1020.12
2026-03-13 11:40:00,1019.9166666666666
2026-03-13 11:50:00,1019.71
2026-03-13 12:00:00,1019.6066666666667
2026-03-13 12:10:00,1019.5
2026-03-13 12:20:00,1019.3766666666667
2026-03-13 12:30:00,1019.29
2026-03-13 12:40:00,1019.2166666666667
2026-03-13 12:50:00,1019.11
2026-03-13 13:00:00,1018.9566666666666
2026-03-13 13:10:00,1018.8299999999999
2026-03-13 13:20:00,1018.7366666666667
2026-03-13 13:30:00,1018.61
2026-03-13 13:40:00,1018.4433333333333
2026-03-13 13:50:00,1018.305
2026-03-13 14:00:00,1018.16
2026-03-13 14:10:00,1017.99
2026-03-13 14:20:00,1017.8333333333334
2026-03-13 14:30:00,1017.71
2026-03-13 14:40:00,1017.6066666666666
2026-03-13 18:40:00,1018.475
2026-03-13 18:50:00,1018.6033333333334
2026-03-13 19:00:00,1018.73
2026-03-13 19:10:00,1018.8066666666667
2026-03-13 19:20:00,1018.9050000000001
2026-03-13 19:30:00,1019.0466666666666
2026-03-13 19:40:00,1019.1600000000001
2026-03-13 19:50:00,1019.2400000000001
2026-03-13 20:00:00,1019.3149999999999
2026-03-13 20:10:00,1019.3499999999999
2026-03-13 20:20:00,1019.365
2026-03-13 20:30:00,1019.44
2026-03-13 20:40:00,1019.545
2026-03-13 20:50:00,1019.6633333333334
2026-03-13 21:00:00,1019.755
2026-03-13 21:10:00,1019.8033333333333
2026-03-13 21:20:00,1019.8499999999999
2026-03-13 21:30:00,1019.9233333333335
2026-03-13 21:50:00,1019.9300000000001
2026-03-14 00:10:00,1019.6300000000001
2026-03-14 00:20:00,1019.5633333333332
2026-03-14 00:30:00,1019.465
2026-03-14 00:40:00,1019.34
2026-03-14 00:50:00,1019.2
2026-03-14 01:00:00,1019.06
2026-03-14 01:10:00,1019.005
2026-03-14 01:20:00,1018.9566666666666
2026-03-14 01:30:00,1018.8900000000001
2026-03-14 01:40:00,1018.8499999999999
2026-03-14 01:50:00,1018.8199999999999
2026-03-14 02:00:00,1018.77
2026-03-14 02:40:00,1018.6600000000001
2026-03-14 02:50:00,1018.6300000000001
2026-03-14 03:00:00,1018.61
2026-03-14 03:10:00,1018.5533333333333
2026-03-14 03:20:00,1018.55
2026-03-14 03:30:00,1018.5266666666666
2026-03-14 03:40:00,1018.5649999999999
2026-03-14 03:50:00,1018.6933333333333
2026-03-14 04:00:00,1018.77
2026-03-14 04:10:00,1018.7933333333334
2026-03-14 04:20:00,1018.875
2026-03-14 04:30:00,1018.9633333333335
2026-03-14 04:40:00,1019.005
2026-03-14 04:50:00,1019.0633333333332
2026-03-14 05:00:00,1019.1750000000001
2026-03-14 05:10:00,1019.2666666666668
2026-03-14 05:20:00,1019.35
2026-03-14 05:30:00,1019.45
2026-03-14 05:50:00,1019.51
2026-03-14 08:10:00,1021.1850000000001
2026-03-14 08:20:00,1021.1733333333335
2026-03-14 08:30:00,1021.1750000000001
2026-03-14 08:40:00,1021.1700000000001
2026-03-14 08:50:00,1021.19
2026-03-14 09:00:00,1021.1566666666668
2026-03-14 09:10:00,1021.1850000000001
2026-03-14 09:20:00,1021.2400000000001
2026-03-14 09:30:00,1021.255
2026-03-14 09:40:00,1021.1733333333335
2026-03-14 09:50:00,1021.1
2026-03-14 10:00:00,1021.0333333333333
2026-03-14 10:10:00,1020.96
2026-03-14 10:20:00,1020.96
2026-03-14 10:30:00,1020.9200000000001
2026-03-14 10:40:00,1020.9000000000001
2026-03-14 10:50:00,1020.805
2026-03-14 11:00:00,1020.7166666666667
2026-03-14 11:10:00,1020.555
2026-03-14 11:20:00,1020.3866666666667
2026-03-14 11:30:00,1020.28
2026-03-14 11:40:00,1020.1966666666667
2026-03-14 11:50:00,1020.125
2026-03-14 12:00:00,1020.0266666666666
2026-03-14 12:10:00,1019.94
2026-03-14 12:20:00,1019.8166666666666
2026-03-14 12:30:00,1019.625
2026-03-14 12:40:00,1019.4966666666666
2026-03-14 12:50:00,1019.355
2026-03-14 13:00:00,1019.1733333333333
2026-03-14 13:10:00,1018.985
2026-03-14 13:20:00,1018.8266666666667
2026-03-14 13:30:00,1018.6650000000001
2026-03-14 13:40:00,1018.5099999999999
2026-03-14 13:50:00,1018.34
2026-03-14 14:00:00,1018.2566666666667
2026-03-14 14:10:00,1018.1650000000001
2026-03-14 14:20:00,1017.9666666666667
2026-03-14 14:30:00,1017.8349999999999
2026-03-14 14:40:00,1017.69
2026-03-14 14:50:00,1017.5699999999999
2026-03-14 15:00:00,1017.48
2026-03-14 15:10:00,1017.4350000000001
2026-03-14 15:20:00,1017.4033333333333
2026-03-14 15:30:00,1017.3750000000001
2026-03-14 15:40:00,1017.4133333333334
2026-03-14 15:50:00,1017.445
2026-03-14 16:00:00,1017.4699999999999
2026-03-14 16:10:00,1017.54
2026-03-14 16:20:00,1017.5933333333332
2026-03-14 16:30:00,1017.6250000000001
2026-03-14 16:40:00,1017.6033333333334
2026-03-14 16:50:00,1017.6049999999999
2026-03-14 17:00:00,1017.6033333333331
2026-03-14 17:10:00,1017.6450000000001
2026-03-14 17:20:00,1017.6666666666666
2026-03-14 17:30:00,1017.76
2026-03-14 17:40:00,1017.8533333333334
2026-03-14 17:50:00,1017.96
2026-03-14 18:00:00,1018.1033333333334
2026-03-14 18:10:00,1018.25
2026-03-14 18:20:00,1018.3800000000001
2026-03-14 18:30:00,1018.515
2026-03-14 18:40:00,1018.6433333333334
2026-03-14 18:50:00,1018.735
2026-03-14 19:00:00,1018.7966666666666
2026-03-14 19:10:00,1018.8199999999999
2026-03-14 19:20:00,1018.8866666666667
2026-03-14 19:30:00,1018.985
2026-03-14 19:40:00,1019.1133333333333
2026-03-14 19:50:00,1019.235
2026-03-14 20:00:00,1019.3166666666666
2026-03-14 20:10:00,1019.375
2026-03-14 20:20:00,1019.4566666666666
2026-03-14 20:30:00,1019.54
2026-03-14 20:40:00,1019.5833333333334
2026-03-14 20:50:00,1019.625
2026-03-14 21:00:00,1019.6566666666668
2026-03-14 21:10:00,1019.6800000000001
2026-03-14 21:20:00,1019.71
2026-03-14 21:30:00,1019.75
2026-03-14 21:40:00,1019.7833333333333
2026-03-14 21:50:00,1019.795
2026-03-14 22:00:00,1019.7566666666667
2026-03-14 22:10:00,1019.7
2026-03-14 22:20:00,1019.6833333333334
2026-03-14 22:30:00,1019.6700000000001
2026-03-14 22:40:00,1019.71
2026-03-14 22:50:00,1019.74
2026-03-14 23:00:00,1019.7166666666667
2026-03-14 23:10:00,1019.69
2026-03-14 23:20:00,1019.6566666666668
2026-03-14 23:30:00,1019.62
2026-03-14 23:40:00,1019.56
2026-03-14 23:50:00,1019.475
2026-03-15 00:00:00,1019.3566666666666
2026-03-15 00:10:00,1019.235
2026-03-15 00:20:00,1019.0766666666667
2026-03-15 00:30:00,1018.95
2026-03-15 00:40:00,1018.8266666666667
2026-03-15 00:50:00,1018.725
2026-03-15 01:00:00,1018.6066666666666
2026-03-15 01:10:00,1018.465
2026-03-15 01:20:00,1018.3266666666667
2026-03-15 01:30:00,1018.19
2026-03-15 01:40:00,1018.0933333333332
2026-03-15 01:50:00,1018.015
2026-03-15 02:00:00,1017.9733333333334
2026-03-15 02:10:00,1017.8900000000001
2026-03-15 02:20:00,1017.8066666666667
2026-03-15 02:30:00,1017.72
2026-03-15 02:40:00,1017.6533333333333
2026-03-15 02:50:00,1017.6450000000001
2026-03-15 03:00:00,1017.6600000000002
2026-03-15 03:10:00,1017.6600000000001
2026-03-15 03:20:00,1017.6433333333334
2026-03-15 03:30:00,1017.6300000000001
2026-03-15 03:40:00,1017.6266666666667
2026-03-15 03:50:00,1017.6450000000001
2026-03-15 04:00:00,1017.6933333333333
2026-03-15 04:10:00,1017.695
2026-03-15 04:20:00,1017.7233333333334
2026-03-15 04:30:00,1017.78
2026-03-15 04:40:00,1017.8366666666667
2026-03-15 04:50:00,1017.95
2026-03-15 05:00:00,1017.9933333333333
2026-03-15 05:10:00,1018.02
2026-03-15 05:20:00,1018.02
2026-03-15 05:30:00,1018.0649999999999
2026-03-15 05:40:00,1018.1466666666666
2026-03-15 05:50:00,1018.275
2026-03-15 06:00:00,1018.4200000000001
2026-03-15 06:10:00,1018.5699999999999
2026-03-15 06:20:00,1018.7000000000002
2026-03-15 06:30:00,1018.81
2026-03-15 06:40:00,1018.9333333333334
2026-03-15 06:50:00,1019.0699999999999
2026-03-15 07:00:00,1019.2033333333334
2026-03-15 07:10:00,1019.27
2026-03-15 07:20:00,1019.3033333333333
2026-03-15 07:30:00,1019.3399999999999
2026-03-15 07:40:00,1019.4233333333335
2026-03-15 07:50:00,1019.485
2026-03-15 08:00:00,1019.5766666666665
2026-03-15 08:10:00,1019.6850000000001
2026-03-15 08:20:00,1019.79
2026-03-15 08:30:00,1019.86
2026-03-15 08:40:00,1019.8800000000001
2026-03-15 08:50:00,1019.9100000000001
2026-03-15 09:00:00,1019.9366666666668
2026-03-15 09:10:00,1019.945
2026-03-15 09:20:00,1019.94
2026-03-15 09:30:00,1019.9100000000001
2026-03-15 09:40:00,1019.8733333333333
2026-03-15 09:50:00,1019.81
2026-03-15 10:00:00,1019.71
2026-03-15 10:10:00,1019.62
2026-03-15 10:20:00,1019.56
2026-03-15 10:30:00,1019.495
2026-03-15 10:40:00,1019.4166666666666
2026-03-15 10:50:00,1019.3399999999999
2026-03-15 11:00:00,1019.2199999999999
2026-03-15 11:10:00,1019.095
2026-03-15 11:20:00,1018.9633333333335
2026-03-15 11:30:00,1018.81
2026-03-15 11:40:00,1018.64
2026-03-15 11:50:00,1018.49
2026-03-15 12:00:00,1018.3533333333334
2026-03-15 12:10:00,1018.1850000000001
2026-03-15 12:20:00,1018.0300000000001
2026-03-15 12:30:00,1017.89
2026-03-15 12:40:00,1017.73
2026-03-15 12:50:00,1017.545
2026-03-15 13:00:00,1017.4233333333335
2026-03-15 13:10:00,1017.305
2026-03-15 13:20:00,1017.1633333333333
2026-03-15 13:30:00,1017.025
2026-03-15 13:40:00,1016.8866666666667
2026-03-15 13:50:00,1016.74
2026-03-15 14:00:00,1016.6
2026-03-15 14:10:00,1016.48
2026-03-15 14:20:00,1016.3299999999999
2026-03-15 14:30:00,1016.1650000000001
2026-03-15 14:40:00,1016.055
2026-03-15 14:50:00,1015.9500000000002
2026-03-15 15:00:00,1015.8850000000001
2026-03-15 15:10:00,1015.8266666666665
2026-03-15 15:20:00,1015.785
2026-03-15 15:30:00,1015.6933333333333
2026-03-15 15:40:00,1015.6800000000001
2026-03-15 15:50:00,1015.71
2026-03-15 16:00:00,1015.76
2026-03-15 16:10:00,1015.8333333333334
2026-03-15 16:20:00,1015.8950000000001
2026-03-15 16:30:00,1015.9633333333335
2026-03-15 16:40:00,1016.045
2026-03-15 16:50:00,1016.1133333333333
2026-03-15 17:00:00,1016.24
2026-03-15 17:10:00,1016.3466666666667
2026-03-15 17:20:00,1016.4250000000001
2026-03-15 17:30:00,1016.56
2026-03-15 17:40:00,1016.695
2026-03-15 17:50:00,1016.8166666666666
2026-03-15 18:00:00,1016.97
2026-03-15 18:10:00,1017.1033333333334
2026-03-15 18:20:00,1017.1700000000001
2026-03-15 18:30:00,1017.2566666666667
2026-03-15 18:40:00,1017.365
2026-03-15 18:50:00,1017.4766666666668
2026-03-15 19:00:00,1017.5849999999999
2026-03-15 19:10:00,1017.6933333333333
2026-03-15 19:20:00,1017.8249999999999
2026-03-15 19:30:00,1017.9733333333334
2026-03-15 19:40:00,1018.1400000000001
2026-03-15 19:50:00,1018.2366666666667
2026-03-15 20:00:00,1018.3399999999999
2026-03-15 20:10:00,1018.3966666666669
2026-03-15 20:20:00,1018.46
2026-03-15 20:30:00,1018.54
2026-03-15 20:40:00,1018.5899999999999
2026-03-15 20:50:00,1018.65
2026-03-15 21:00:00,1018.725
2026-03-15 21:10:00,1018.7866666666665
2026-03-15 21:20:00,1018.8299999999999
2026-03-15 21:30:00,1018.8633333333333
2026-03-15 21:40:00,1018.9100000000001
2026-03-15 21:50:00,1018.9766666666668
2026-03-15 22:00:00,1019.005
2026-03-15 22:10:00,1019.0033333333334
2026-03-15 22:20:00,1018.985
2026-03-15 22:30:00,1018.9699999999999
2026-03-15 22:40:00,1018.955
2026-03-15 22:50:00,1018.9033333333333
2026-03-15 23:00:00,1018.8149999999999
2026-03-15 23:10:00,1018.7166666666667
2026-03-15 23:20:00,1018.63
2026-03-15 23:30:00,1018.5466666666666
2026-03-15 23:40:00,1018.44
2026-03-15 23:50:00,1018.2966666666666
2026-03-16 00:00:00,1018.15
2026-03-16 00:10:00,1017.9766666666668
2026-03-16 00:20:00,1017.8199999999999
2026-03-16 00:30:00,1017.6866666666668
2026-03-16 00:40:00,1017.545
2026-03-16 00:50:00,1017.4266666666667
2026-03-16 01:00:00,1017.3149999999999
2026-03-16 01:10:00,1017.2000000000002
2026-03-16 01:20:00,1017.0749999999999
2026-03-16 01:30:00,1016.9699999999999
2026-03-16 01:40:00,1016.8850000000001
2026-03-16 01:50:00,1016.7933333333334
2026-03-16 02:00:00,1016.705
2026-03-16 02:10:00,1016.6766666666667
2026-03-16 02:20:00,1016.6850000000001
2026-03-16 02:30:00,1016.68
2026-03-16 02:40:00,1016.6500000000001
2026-03-16 02:50:00,1016.62
2026-03-16 03:00:00,1016.61
2026-03-16 03:10:00,1016.6466666666669
2026-03-16 03:20:00,1016.6400000000001
2026-03-16 03:30:00,1016.6266666666667
2026-03-16 03:40:00,1016.5749999999999
2026-03-16 03:50:00,1016.5433333333334
2026-03-16 04:00:00,1016.5799999999999
2026-03-16 04:10:00,1016.6433333333334
2026-03-16 04:20:00,1016.6450000000001
2026-03-16 04:30:00,1016.6866666666668
2026-03-16 04:40:00,1016.725
2026-03-16 04:50:00,1016.7599999999999
2026-03-16 05:00:00,1016.8
2026-03-16 05:10:00,1016.91
2026-03-16 05:20:00,1017.035
2026-03-16 05:30:00,1017.1233333333333
2026-03-16 05:40:00,1017.225
2026-03-16 05:50:00,1017.34
2026-03-16 06:00:00,1017.475
2026-03-16 06:10:00,1017.57
2026-03-16 06:20:00,1017.6550000000001
2026-03-16 06:30:00,1017.73
2026-03-16 06:40:00,1017.81
2026-03-16 06:50:00,1017.8933333333334
2026-03-16 07:00:00,1018.03
2026-03-16 07:10:00,1018.1866666666668
2026-03-16 07:20:00,1018.275
2026-03-16 07:30:00,1018.2966666666666
2026-03-16 07:40:00,1018.38
2026-03-16 07:50:00,1018.5066666666667
2026-03-16 08:00:00,1018.5899999999999
2026-03-16 08:10:00,1018.6666666666666
2026-03-16 08:20:00,1018.7
2026-03-16 08:30:00,1018.6700000000001
2026-03-16 08:40:00,1018.6550000000001
2026-03-16 08:50:00,1018.62
2026-03-16 09:00:00,1018.54
2026-03-16 09:10:00,1018.4833333333332
2026-03-16 09:20:00,1018.46
2026-03-16 09:30:00,1018.4133333333334
2026-03-16 09:40:00,1018.36
2026-03-16 09:50:00,1018.31
2026-03-16 10:00:00,1018.25
2026-03-16 10:10:00,1018.15
2026-03-16 10:20:00,1018.035
2026-03-16 10:30:00,1017.9133333333334
2026-03-16 10:40:00,1017.795
2026-03-16 10:50:00,1017.6366666666667
2026-03-16 11:00:00,1017.525
2026-03-16 11:10:00,1017.3866666666667
2026-03-16 11:20:00,1017.215
2026-03-16 11:30:00,1017.0866666666667
2026-03-16 11:40:00,1016.9350000000001
2026-03-16 11:50:00,1016.8133333333334
2026-03-16 12:00:00,1016.71
2026-03-16 12:10:00,1016.6300000000001
2026-03-16 12:20:00,1016.52
2026-03-16 12:30:00,1016.4133333333334
2026-03-16 12:40:00,1016.31
2026-03-16 12:50:00,1016.2400000000001
2026-03-16 13:00:00,1016.1850000000001
2026-03-16 13:10:00,1016.14
2026-03-16 13:20:00,1016.055
2026-03-16 13:30:00,1016.0099999999999
2026-03-16 13:40:00,1015.9200000000001
2026-03-16 13:50:00,1015.82
2026-03-16 14:00:00,1015.74
2026-03-16 14:10:00,1015.6233333333333
2026-03-16 14:20:00,1015.495
2026-03-16 14:30:00,1015.3933333333334
2026-03-16 14:40:00,1015.3299999999999
2026-03-16 14:50:00,1015.29
2026-03-16 15:00:00,1015.25
2026-03-16 15:10:00,1015.2599999999999
2026-03-16 15:20:00,1015.285
2026-03-16 15:30:00,1015.3166666666666
2026-03-16 15:40:00,1015.3349999999999
2026-03-16 15:50:00,1015.3266666666665
2026-03-16 16:00:00,1015.3850000000001
2026-03-16 16:10:00,1015.4200000000001
2026-03-16 16:20:00,1015.47
2026-03-16 16:30:00,1015.5233333333332
2026-03-16 16:40:00,1015.545
2026-03-16 16:50:00,1015.5766666666665
2026-03-16 17:00:00,1015.6650000000001
2026-03-16 17:10:00,1015.7733333333332
2026-03-16 17:20:00,1015.865
2026-03-16 17:30:00,1015.9633333333335
2026-03-16 17:40:00,1016.03
2026-03-16 17:50:00,1016.1300000000001
2026-03-16 18:00:00,1016.26
2026-03-16 18:10:00,1016.4066666666668
2026-03-16 18:20:00,1016.555
2026-03-16 18:30:00,1016.6600000000002
2026-03-16 18:40:00,1016.76
2026-03-16 18:50:00,1016.8966666666666
2026-03-16 19:00:00,1017.04
2026-03-16 19:10:00,1017.1766666666667
2026-03-16 19:20:00,1017.3199999999999
2026-03-16 19:30:00,1017.44
2026-03-16 19:40:00,1017.55
2026-03-16 19:50:00,1017.6266666666667
2026-03-16 20:00:00,1017.695
2026-03-16 20:10:00,1017.8366666666667
2026-03-16 20:20:00,1017.985
2026-03-16 20:30:00,1018.1366666666667
2026-03-16 20:40:00,1018.28
2026-03-16 20:50:00,1018.3866666666667
2026-03-16 21:00:00,1018.465
2026-03-16 21:10:00,1018.5300000000001
2026-03-16 21:20:00,1018.5849999999999
2026-03-16 21:30:00,1018.6600000000002
2026-03-16 21:40:00,1018.695
2026-03-16 21:50:00,1018.7199999999999
2026-03-16 22:00:00,1018.735
2026-03-16 22:10:00,1018.7433333333333
2026-03-16 22:20:00,1018.765
2026-03-16 22:30:00,1018.82
2026-03-16 22:40:00,1018.8299999999999
2026-03-16 22:50:00,1018.81
2026-03-16 23:00:00,1018.765
2026-03-16 23:10:00,1018.73
2026-03-16 23:20:00,1018.7
2026-03-16 23:30:00,1018.6633333333334
2026-03-16 23:40:00,1018.6350000000001
2026-03-16 23:50:00,1018.5966666666667
2026-03-17 00:00:00,1018.535
2026-03-17 00:10:00,1018.4866666666667
2026-03-17 00:20:00,1018.4300000000001
2026-03-17 00:30:00,1018.3299999999999
2026-03-17 00:40:00,1018.225
2026-03-17 00:50:00,1018.1133333333333
2026-03-17 01:00:00,1018.03
2026-03-17 01:10:00,1017.9333333333334
2026-03-17 01:20:00,1017.8199999999999
2026-03-17 01:30:00,1017.7833333333333
2026-03-17 01:40:00,1017.73
2026-03-17 01:50:00,1017.68
2026-03-17 02:00:00,1017.6650000000001
2026-03-17 02:10:00,1017.61
2026-03-17 02:20:00,1017.54
2026-03-17 02:30:00,1017.5166666666668
2026-03-17 02:40:00,1017.52
2026-03-17 02:50:00,1017.5300000000001
2026-03-17 03:00:00,1017.535
2026-03-17 03:10:00,1017.5333333333333
2026-03-17 03:20:00,1017.55
2026-03-17 03:30:00,1017.5533333333333
2026-03-17 03:40:00,1017.535
2026-03-17 03:50:00,1017.5866666666666
2026-03-17 04:00:00,1017.6049999999999
2026-03-17 04:10:00,1017.6533333333333
2026-03-17 04:20:00,1017.74
2026-03-17 04:30:00,1017.8233333333334
2026-03-17 04:40:00,1017.95
2026-03-17 04:50:00,1018.0066666666667
2026-03-17 05:00:00,1018.0899999999999
2026-03-17 05:10:00,1018.1533333333333
2026-03-17 05:20:00,1018.225
2026-03-17 05:30:00,1018.3166666666666
2026-03-17 05:40:00,1018.45
2026-03-17 05:50:00,1018.5633333333332
2026-03-17 06:00:00,1018.6400000000001
2026-03-17 06:10:00,1018.7366666666667
2026-03-17 06:20:00,1018.855
2026-03-17 06:30:00,1018.98
2026-03-17 06:40:00,1019.105
2026-03-17 06:50:00,1019.2233333333334
2026-03-17 07:00:00,1019.4
2026-03-17 07:10:00,1019.54
2026-03-17 07:20:00,1019.6550000000001
2026-03-17 07:30:00,1019.7066666666666
2026-03-17 07:40:00,1019.735
2026-03-17 07:50:00,1019.7966666666666
2026-03-17 08:00:00,1019.86
2026-03-17 08:10:00,1019.9066666666668
2026-03-17 08:20:00,1019.96
2026-03-17 08:30:00,1019.9866666666667
2026-03-17 08:40:00,1020.055
2026-03-17 08:50:00,1020.0366666666665
2026-03-17 09:00:00,1020.01
2026-03-17 09:10:00,1019.9833333333332
2026-03-17 09:20:00,1019.955
2026-03-17 09:30:00,1019.9266666666667
2026-03-17 09:40:00,1019.8850000000001
2026-03-17 09:50:00,1019.86
2026-03-17 10:00:00,1019.8349999999999
2026-03-17 10:10:00,1019.7533333333334
2026-03-17 10:20:00,1019.62
2026-03-17 10:30:00,1019.5333333333333
2026-03-17 10:40:00,1019.445
2026-03-17 10:50:00,1019.37
2026-03-17 11:00:00,1019.3
2026-03-17 11:10:00,1019.2166666666667
2026-03-17 11:20:00,1019.1600000000001
2026-03-17 11:30:00,1019.07
2026-03-17 11:40:00,1018.945
2026-03-17 11:50:00,1018.8066666666667
2026-03-17 12:00:00,1018.71
2026-03-17 12:10:00,1018.6
2026-03-17 12:20:00,1018.49
2026-03-17 12:30:00,1018.43
2026-03-17 12:40:00,1018.365
2026-03-17 12:50:00,1018.1766666666667
2026-03-17 13:00:00,1018.1
2026-03-17 13:10:00,1017.9900000000001
2026-03-17 13:20:00,1017.85
2026-03-17 13:30:00,1017.7366666666667
2026-03-17 13:40:00,1017.62
2026-03-17 13:50:00,1017.5300000000001
2026-03-17 14:00:00,1017.4250000000001
2026-03-17 14:10:00,1017.35
2026-03-17 14:20:00,1017.235
2026-03-17 14:30:00,1017.12
2026-03-17 14:40:00,1017.045
2026-03-17 14:50:00,1016.9766666666668
2026-03-17 15:00:00,1016.945
2026-03-17 15:10:00,1016.9266666666667
2026-03-17 15:20:00,1016.865
2026-03-17 15:30:00,1016.8366666666666
2026-03-17 15:40:00,1016.795
2026-03-17 15:50:00,1016.82
2026-03-17 16:00:00,1016.8900000000001
2026-03-17 16:10:00,1016.9433333333333
2026-03-17 16:20:00,1017.045
2026-03-17 16:30:00,1017.12
2026-03-17 16:40:00,1017.19
2026-03-17 16:50:00,1017.2566666666667
2026-03-17 17:00:00,1017.3
2026-03-17 17:10:00,1017.3299999999999
2026-03-17 17:20:00,1017.365
2026-03-17 17:30:00,1017.36
2026-03-17 17:40:00,1017.3700000000001
2026-03-17 17:50:00,1017.44
2026-03-17 18:00:00,1017.525
2026-03-17 18:10:00,1017.61
2026-03-17 18:20:00,1017.71
2026-03-17 18:30:00,1017.8133333333332
2026-03-17 18:40:00,1017.965
2026-03-17 18:50:00,1018.1566666666668
2026-03-17 19:00:00,1018.31
2026-03-17 19:10:00,1018.4233333333335
2026-03-17 19:20:00,1018.51
2026-03-17 19:30:00,1018.61
2026-03-17 19:40:00,1018.745
2026-03-17 19:50:00,1018.86
2026-03-17 20:00:00,1018.995
2026-03-17 20:10:00,1019.1166666666668
2026-03-17 20:20:00,1019.21
2026-03-17 20:30:00,1019.29
2026-03-17 20:40:00,1019.36
2026-03-17 20:50:00,1019.4266666666667
2026-03-17 21:00:00,1019.525
2026-03-17 21:10:00,1019.6633333333333
2026-03-17 21:20:00,1019.775
2026-03-17 21:30:00,1019.87
2026-03-17 21:40:00,1019.95
2026-03-17 21:50:00,1020.0066666666667
2026-03-17 22:00:00,1020.02
2026-03-17 22:10:00,1020.0066666666667
2026-03-17 22:20:00,1019.975
2026-03-17 22:30:00,1019.99
2026-03-17 22:40:00,1019.9433333333333
2026-03-17 22:50:00,1019.8900000000001
2026-03-17 23:00:00,1019.8566666666666
2026-03-17 23:10:00,1019.775
2026-03-17 23:20:00,1019.6833333333334
2026-03-17 23:30:00,1019.56
2026-03-17 23:40:00,1019.4200000000001
2026-03-17 23:50:00,1019.3249999999999
2026-03-18 00:00:00,1019.2966666666666
2026-03-18 00:10:00,1019.29
2026-03-18 00:20:00,1019.2333333333332
2026-03-18 00:30:00,1019.1500000000001
2026-03-18 00:40:00,1019.0666666666666
2026-03-18 00:50:00,1018.955
2026-03-18 01:00:00,1018.8233333333334
2026-03-18 01:10:00,1018.73
2026-03-18 01:20:00,1018.6766666666667
2026-03-18 01:30:00,1018.6250000000001
2026-03-18 01:40:00,1018.5866666666666
2026-03-18 01:50:00,1018.555
2026-03-18 02:00:00,1018.5266666666666
2026-03-18 02:10:00,1018.515
2026-03-18 02:20:00,1018.5233333333332
2026-03-18 02:30:00,1018.535
2026-03-18 02:40:00,1018.5166666666668
2026-03-18 02:50:00,1018.455
2026-03-18 03:00:00,1018.4200000000001
2026-03-18 03:10:00,1018.4350000000001
2026-03-18 03:20:00,1018.4733333333334
2026-03-18 03:30:00,1018.49
2026-03-18 03:40:00,1018.4933333333333
2026-03-18 03:50:00,1018.52
2026-03-18 04:00:00,1018.5566666666667
2026-03-18 04:10:00,1018.63
2026-03-18 04:20:00,1018.7033333333334
2026-03-18 04:30:00,1018.785
2026-03-18 04:40:00,1018.8399999999998
2026-03-18 04:50:00,1018.8750000000001
2026-03-18 05:00:00,1018.8966666666669
2026-03-18 05:10:00,1018.9250000000001
2026-03-18 05:20:00,1019.0033333333334
2026-03-18 05:30:00,1019.105
2026-03-18 05:40:00,1019.2233333333334
2026-03-18 05:50:00,1019.365
2026-03-18 06:00:00,1019.4466666666667
2026-03-18 06:10:00,1019.49
2026-03-18 06:20:00,1019.5633333333332
2026-03-18 06:30:00,1019.69
2026-03-18 06:40:00,1019.8166666666666
2026-03-18 06:50:00,1019.945
2026-03-18 07:00:00,1020.1266666666667
2026-03-18 07:10:00,1020.3249999999999
2026-03-18 07:20:00,1020.4666666666667
2026-03-18 07:30:00,1020.61
2026-03-18 07:40:00,1020.7433333333333
2026-03-18 07:50:00,1020.8449999999999
2026-03-18 08:00:00,1020.9066666666668
2026-03-18 08:10:00,1020.9300000000001
2026-03-18 08:20:00,1020.9200000000001
2026-03-18 08:30:00,1020.9200000000001
2026-03-18 08:40:00,1020.9733333333334
2026-03-18 08:50:00,1021.005
2026-03-18 09:00:00,1021.0166666666668
2026-03-18 09:10:00,1020.97
2026-03-18 09:20:00,1020.9133333333334
2026-03-18 09:30:00,1020.9000000000001
2026-03-18 09:40:00,1020.9100000000002
2026-03-18 09:50:00,1020.85
2026-03-18 10:00:00,1020.7266666666668
2026-03-18 10:10:00,1020.5949999999999
2026-03-18 10:20:00,1020.4366666666668
2026-03-18 10:30:00,1020.285
2026-03-18 10:40:00,1020.1633333333334
2026-03-18 10:50:00,1020.0849999999999
2026-03-18 11:00:00,1020
2026-03-18 11:10:00,1019.8950000000001
2026-03-18 11:20:00,1019.7933333333334
2026-03-18 11:30:00,1019.625
2026-03-18 11:40:00,1019.4699999999999
2026-03-18 11:50:00,1019.37
2026-03-18 12:00:00,1019.2833333333333
2026-03-18 12:10:00,1019.195
2026-03-18 12:20:00,1019.0766666666667
2026-03-18 12:30:00,1018.9350000000001
2026-03-18 12:40:00,1018.7833333333333
2026-03-18 12:50:00,1018.63
2026-03-18 13:00:00,1018.4433333333333
2026-03-18 13:10:00,1018.27
2026-03-18 13:20:00,1018.1266666666667
2026-03-18 13:30:00,1017.99
2026-03-18 13:40:00,1017.89
2026-03-18 13:50:00,1017.775
2026-03-18 14:00:00,1017.6266666666667
2026-03-18 14:10:00,1017.505
2026-03-18 14:20:00,1017.4100000000002
2026-03-18 14:30:00,1017.3399999999999
2026-03-18 14:40:00,1017.2199999999999
2026-03-18 14:50:00,1017.115
2026-03-18 15:00:00,1017.0733333333333
2026-03-18 15:10:00,1017.115
2026-03-18 15:20:00,1017.1066666666666
2026-03-18 15:30:00,1017.1650000000001
2026-03-18 15:40:00,1017.2333333333332
2026-03-18 15:50:00,1017.2966666666666
2026-03-18 16:00:00,1017.35
2026-03-18 16:10:00,1017.4366666666668
2026-03-18 16:20:00,1017.49
2026-03-18 16:30:00,1017.4500000000002
2026-03-18 16:40:00,1017.505
2026-03-18 16:50:00,1017.6466666666666
2026-03-18 17:00:00,1017.755
2026-03-18 17:10:00,1017.8366666666667
2026-03-18 17:20:00,1017.9300000000001
2026-03-18 17:30:00,1018.0133333333333
2026-03-18 17:40:00,1018.0699999999999
2026-03-18 17:50:00,1018.1233333333333
2026-03-18 18:00:00,1018.195
2026-03-18 18:10:00,1018.2933333333334
2026-03-18 18:20:00,1018.37
2026-03-18 18:30:00,1018.4233333333335
2026-03-18 18:40:00,1018.51
2026-03-18 18:50:00,1018.6266666666667
2026-03-18 19:00:00,1018.755
2026-03-18 19:10:00,1018.8866666666667
2026-03-18 19:20:00,1019.045
2026-03-18 19:30:00,1019.2266666666668
2026-03-18 19:40:00,1019.36
2026-03-18 19:50:00,1019.46
2026-03-18 20:00:00,1019.5649999999999
2026-03-18 20:10:00,1019.6500000000001
2026-03-18 20:20:00,1019.69
2026-03-18 20:30:00,1019.7566666666667
2026-03-18 20:40:00,1019.845
2026-03-18 20:50:00,1019.9466666666667
2026-03-18 21:00:00,1020.09
2026-03-18 21:10:00,1020.2466666666666
2026-03-18 21:20:00,1020.4200000000001
2026-03-18 21:30:00,1020.5433333333334
2026-03-18 21:40:00,1020.635
2026-03-18 21:50:00,1020.7433333333333
2026-03-18 22:00:00,1020.855
2026-03-18 22:10:00,1020.9699999999999
2026-03-18 22:20:00,1021.025
2026-03-18 22:30:00,1021.0466666666666
2026-03-18 22:40:00,1021.0649999999999
2026-03-18 22:50:00,1021.0999999999999
2026-03-18 23:00:00,1021.1250000000001
2026-03-18 23:10:00,1021.1033333333334
2026-03-18 23:20:00,1021.01
2026-03-18 23:30:00,1020.9366666666668
2026-03-18 23:40:00,1020.8399999999999
2026-03-18 23:50:00,1020.7233333333334
2026-03-19 00:00:00,1020.5899999999999
2026-03-19 00:10:00,1020.4699999999999
2026-03-19 00:20:00,1020.36
2026-03-19 00:30:00,1020.2766666666666
2026-03-19 00:40:00,1020.19
2026-03-19 00:50:00,1020.1066666666666
2026-03-19 01:00:00,1019.985
2026-03-19 01:10:00,1019.8566666666666
2026-03-19 01:20:00,1019.71
2026-03-19 01:30:00,1019.5733333333334
2026-03-19 01:40:00,1019.46
2026-03-19 01:50:00,1019.36
2026-03-19 02:00:00,1019.28
2026-03-19 02:10:00,1019.2333333333332
2026-03-19 02:20:00,1019.215
2026-03-19 02:30:00,1019.2000000000002
2026-03-19 02:40:00,1019.1350000000001
2026-03-19 02:50:00,1019.0799999999999
2026-03-19 03:00:00,1019.0649999999999
2026-03-19 03:10:00,1019.0633333333332
2026-03-19 03:20:00,1019.005
2026-03-19 03:30:00,1018.9500000000002
2026-03-19 03:40:00,1018.9300000000001
2026-03-19 03:50:00,1018.9366666666668
2026-03-19 04:00:00,1018.8900000000001
2026-03-19 04:10:00,1018.89
2026-03-19 04:20:00,1018.9050000000001
2026-03-19 04:30:00,1018.9133333333334
2026-03-19 04:40:00,1018.955
2026-03-19 04:50:00,1018.98
2026-03-19 05:00:00,1019.005
2026-03-19 05:10:00,1019.0499999999998
2026-03-19 05:20:00,1019.13
2026-03-19 05:30:00,1019.23
2026-03-19 05:40:00,1019.345
2026-03-19 05:50:00,1019.4833333333332
2026-03-19 06:00:00,1019.5849999999999
2026-03-19 06:10:00,1019.6966666666667
2026-03-19 06:20:00,1019.81
2026-03-19 06:30:00,1019.8933333333334
2026-03-19 06:40:00,1020
2026-03-19 06:50:00,1020.09
2026-03-19 07:00:00,1020.1400000000001
2026-03-19 07:10:00,1020.29
2026-03-19 07:20:00,1020.37
2026-03-19 07:30:00,1020.4500000000002
2026-03-19 07:40:00,1020.5
2026-03-19 07:50:00,1020.57
2026-03-19 08:00:00,1020.6250000000001
2026-03-19 08:10:00,1020.6566666666668
2026-03-19 08:20:00,1020.6700000000001
2026-03-19 08:30:00,1020.64
2026-03-19 08:40:00,1020.6500000000001
2026-03-19 08:50:00,1020.6833333333334
2026-03-19 09:00:00,1020.705
2026-03-19 09:10:00,1020.7266666666668
2026-03-19 09:20:00,1020.755
2026-03-19 09:30:00,1020.7733333333332
2026-03-19 09:40:00,1020.76
2026-03-19 09:50:00,1020.7199999999999
2026-03-19 10:00:00,1020.6850000000001
2026-03-19 10:10:00,1020.6166666666668
2026-03-19 10:20:00,1020.55
2026-03-19 10:30:00,1020.4733333333334
2026-03-19 10:40:00,1020.355
2026-03-19 10:50:00,1020.2766666666666
2026-03-19 11:00:00,1020.205
2026-03-19 11:10:00,1020.0866666666667
2026-03-19 11:20:00,1019.955
2026-03-19 11:30:00,1019.8266666666667
2026-03-19 11:40:00,1019.705
2026-03-19 11:50:00,1019.5766666666667
2026-03-19 12:00:00,1019.45
2026-03-19 12:10:00,1019.32
2026-03-19 12:20:00,1019.2
2026-03-19 12:30:00,1019.0933333333332
2026-03-19 12:40:00,1018.985
2026-03-19 12:50:00,1018.7700000000001
2026-03-19 13:00:00,1018.6700000000001
2026-03-19 13:10:00,1018.5766666666665
2026-03-19 13:20:00,1018.495
2026-03-19 13:30:00,1018.35
2026-03-19 13:40:00,1018.1850000000001
2026-03-19 13:50:00,1018.0566666666667
2026-03-19 14:00:00,1017.9150000000001
2026-03-19 14:10:00,1017.7866666666665
2026-03-19 14:20:00,1017.7
2026-03-19 14:30:00,1017.5966666666667
2026-03-19 14:40:00,1017.5799999999999
2026-03-19 14:50:00,1017.4866666666667
2026-03-19 15:00:00,1017.3800000000001
2026-03-19 15:10:00,1017.3433333333332
2026-03-19 15:20:00,1017.3449999999999
2026-03-19 15:30:00,1017.35
2026-03-19 15:40:00,1017.27
2026-03-19 15:50:00,1017.27
2026-03-19 16:00:00,1017.3549999999999
2026-03-19 16:10:00,1017.4133333333334
2026-03-19 16:20:00,1017.455
2026-03-19 16:30:00,1017.5933333333332
2026-03-19 16:40:00,1017.75
2026-03-19 16:50:00,1017.86
2026-03-19 17:00:00,1017.985
2026-03-19 17:10:00,1018.0766666666665
2026-03-19 17:20:00,1018.1450000000001
2026-03-19 17:30:00,1018.2733333333332
2026-03-19 17:40:00,1018.37
2026-03-19 17:50:00,1018.4733333333334
2026-03-19 18:00:00,1018.525
2026-03-19 18:10:00,1018.5933333333332
2026-03-19 18:20:00,1018.6800000000001
2026-03-19 18:30:00,1018.8066666666667
2026-03-19 18:40:00,1018.955
2026-03-19 18:50:00,1019.1066666666666
2026-03-19 19:00:00,1019.265
2026-03-19 19:10:00,1019.39
2026-03-19 19:20:00,1019.515
2026-03-19 19:30:00,1019.6933333333333
2026-03-19 19:40:00,1019.87
2026-03-19 19:50:00,1019.94
2026-03-19 20:00:00,1019.945
2026-03-19 20:10:00,1020.1
2026-03-19 20:20:00,1020.265
2026-03-19 20:30:00,1020.3833333333333
2026-03-19 20:40:00,1020.495
2026-03-19 20:50:00,1020.59
2026-03-19 21:00:00,1020.73
2026-03-19 21:10:00,1020.9066666666668
2026-03-19 21:20:00,1021.01
2026-03-19 21:30:00,1021.07
2026-03-19 21:40:00,1021.0899999999999
2026-03-19 21:50:00,1021.0899999999998
2026-03-19 22:00:00,1021.1200000000001
2026-03-19 22:10:00,1021.18
2026-03-19 22:20:00,1021.23
2026-03-19 22:30:00,1021.2000000000002
2026-03-19 22:40:00,1021.1400000000001
2026-03-19 22:50:00,1021.06
2026-03-19 23:00:00,1020.99
2026-03-19 23:10:00,1020.9233333333335
2026-03-19 23:20:00,1020.8299999999999
2026-03-19 23:30:00,1020.73
2026-03-19 23:40:00,1020.625
2026-03-19 23:50:00,1020.4933333333333
2026-03-20 00:00:00,1020.36
2026-03-20 00:10:00,1020.18
2026-03-20 00:20:00,1020.04
2026-03-20 00:30:00,1019.87
2026-03-20 00:40:00,1019.72
2026-03-20 00:50:00,1019.6
2026-03-20 01:00:00,1019.48
2026-03-20 01:10:00,1019.3433333333332
2026-03-20 01:20:00,1019.215
2026-03-20 01:30:00,1019.11
2026-03-20 01:40:00,1018.97
2026-03-20 01:50:00,1018.8233333333333
2026-03-20 02:00:00,1018.755
2026-03-20 02:10:00,1018.6466666666666
2026-03-20 02:20:00,1018.56
2026-03-20 02:30:00,1018.5566666666667
2026-03-20 02:40:00,1018.5699999999999
2026-03-20 02:50:00,1018.61
2026-03-20 03:00:00,1018.615
2026-03-20 03:10:00,1018.5466666666666
2026-03-20 03:20:00,1018.465
2026-03-20 03:30:00,1018.3766666666667
2026-03-20 03:40:00,1018.3149999999999
2026-03-20 03:50:00,1018.4333333333334
2026-03-20 04:00:00,1018.6600000000001
2026-03-20 04:10:00,1018.8233333333334
2026-03-20 04:20:00,1018.8750000000001
2026-03-20 04:30:00,1018.8699999999999
2026-03-20 04:40:00,1018.99
2026-03-20 04:50:00,1019.04
2026-03-20 05:00:00,1019.055
2026-03-20 05:10:00,1019.1266666666667
2026-03-20 05:20:00,1019.215
2026-03-20 05:30:00,1019.2833333333333
2026-03-20 05:40:00,1019.3299999999999
2026-03-20 05:50:00,1019.3966666666669
2026-03-20 06:00:00,1019.4250000000001
2026-03-20 06:10:00,1019.5066666666667
2026-03-20 06:20:00,1019.61
2026-03-20 06:30:00,1019.6833333333334
2026-03-20 06:40:00,1019.8
2026-03-20 06:50:00,1019.9533333333334
2026-03-20 07:00:00,1020.055
2026-03-20 07:10:00,1020.2033333333334
2026-03-20 07:20:00,1020.34
2026-03-20 07:30:00,1020.4533333333334
2026-03-20 07:40:00,1020.5699999999999
2026-03-20 07:50:00,1020.6433333333334
2026-03-20 08:00:00,1020.765
2026-03-20 08:10:00,1020.94
2026-03-20 08:20:00,1021.045
2026-03-20 08:30:00,1021.0966666666667
2026-03-20 08:40:00,1021.1650000000001
2026-03-20 08:50:00,1021.2466666666666
2026-03-20 09:00:00,1021.3349999999999
2026-03-20 09:10:00,1021.3366666666666
2026-03-20 09:20:00,1021.29
2026-03-20 09:30:00,1021.2633333333333
2026-03-20 09:40:00,1021.265
2026-03-20 09:50:00,1021.2599999999999
2026-03-20 10:00:00,1021.1800000000001
2026-03-20 10:10:00,1021.0566666666667
2026-03-20 10:20:00,1020.9300000000001
2026-03-20 10:30:00,1020.8166666666666
2026-03-20 10:40:00,1020.695
2026-03-20 10:50:00,1020.56
2026-03-20 11:00:00,1020.4250000000001
2026-03-20 11:10:00,1020.2633333333333
2026-03-20 11:20:00,1020.0849999999999
2026-03-20 11:30:00,1019.9
2026-03-20 11:40:00,1019.73
2026-03-20 11:50:00,1019.5733333333334
2026-03-20 12:00:00,1019.4300000000001
2026-03-20 12:10:00,1019.2933333333334
2026-03-20 12:20:00,1019.1850000000001
2026-03-20 12:30:00,1019.1
2026-03-20 12:40:00,1019.005
2026-03-20 12:50:00,1018.8833333333333
2026-03-20 13:00:00,1018.8249999999999
2026-03-20 13:10:00,1018.71
2026-03-20 13:20:00,1018.5699999999999
2026-03-20 13:30:00,1018.4633333333335
2026-03-20 13:40:00,1018.4150000000001
2026-03-20 13:50:00,1018.2999999999998
2026-03-20 14:00:00,1018.195
2026-03-20 14:10:00,1018.0533333333333
2026-03-20 14:20:00,1017.985
2026-03-20 14:30:00,1017.9033333333333
2026-03-20 14:40:00,1017.8349999999999
2026-03-20 14:50:00,1017.77
2026-03-20 15:00:00,1017.71
2026-03-20 15:10:00,1017.6833333333334
2026-03-20 15:20:00,1017.69
2026-03-20 15:30:00,1017.6733333333335
2026-03-20 15:40:00,1017.725
2026-03-20 15:50:00,1017.7733333333332
2026-03-20 16:00:00,1017.86
2026-03-20 16:10:00,1017.9100000000002
2026-03-20 16:20:00,1018.02
2026-03-20 16:30:00,1018.1066666666666
2026-03-20 16:40:00,1018.23
2026-03-20 16:50:00,1018.2999999999998
2026-03-20 17:00:00,1018.375
2026-03-20 17:10:00,1018.4433333333333
2026-03-20 17:20:00,1018.5
2026-03-20 17:30:00,1018.64
2026-03-20 17:40:00,1018.77
2026-03-20 17:50:00,1018.8933333333334
2026-03-20 18:00:00,1019.0749999999999
2026-03-20 18:10:00,1019.2033333333334
2026-03-20 18:20:00,1019.3149999999999
2026-03-20 18:30:00,1019.4200000000001
2026-03-20 18:40:00,1019.56
2026-03-20 18:50:00,1019.6533333333333
2026-03-20 19:00:00,1019.695
2026-03-20 19:10:00,1019.7633333333333
2026-03-20 19:20:00,1019.8349999999999
2026-03-20 19:30:00,1019.8933333333334
2026-03-20 19:40:00,1020.005
2026-03-20 19:50:00,1020.12
2026-03-20 20:00:00,1020.225
2026-03-20 20:10:00,1020.31
2026-03-20 20:20:00,1020.4050000000001
2026-03-20 20:30:00,1020.4766666666668
2026-03-20 20:40:00,1020.56
2026-03-20 20:50:00,1020.6366666666668
2026-03-20 21:00:00,1020.6350000000001
2026-03-20 21:10:00,1020.68
2026-03-20 21:20:00,1020.765
2026-03-20 21:30:00,1020.8433333333332
2026-03-20 21:40:00,1020.9100000000001
2026-03-20 21:50:00,1020.9266666666667
2026-03-20 22:00:00,1020.94
2026-03-20 22:10:00,1020.9766666666668
2026-03-20 22:20:00,1020.975
2026-03-20 22:30:00,1020.9866666666667
2026-03-20 22:40:00,1020.945
2026-03-20 22:50:00,1020.9233333333335
2026-03-20 23:00:00,1020.9150000000001
2026-03-20 23:10:00,1020.8933333333334
2026-03-20 23:20:00,1020.8199999999999
2026-03-20 23:30:00,1020.71
2026-03-20 23:40:00,1020.6300000000001
2026-03-20 23:50:00,1020.5733333333333
2026-03-21 00:00:00,1020.54
2026-03-21 00:10:00,1020.4866666666667
2026-03-21 00:20:00,1020.385
2026-03-21 00:30:00,1020.27
2026-03-21 00:40:00,1020.1550000000001
2026-03-21 00:50:00,1020.09
2026-03-21 01:00:00,1020.025
2026-03-21 01:10:00,1019.9266666666667
2026-03-21 01:20:00,1019.8349999999999
2026-03-21 01:30:00,1019.7033333333334
2026-03-21 01:40:00,1019.55
2026-03-21 01:50:00,1019.3766666666667
2026-03-21 02:00:00,1019.25
2026-03-21 02:10:00,1019.2000000000002
2026-03-21 02:20:00,1019.105
2026-03-21 02:30:00,1018.9900000000001
2026-03-21 02:40:00,1018.8850000000001
2026-03-21 02:50:00,1018.8666666666668
2026-03-21 03:00:00,1018.9250000000001
2026-03-21 03:10:00,1018.9433333333333
2026-03-21 03:20:00,1018.945
2026-03-21 03:30:00,1018.9699999999999
2026-03-21 03:40:00,1019.02
2026-03-21 03:50:00,1019.07
2026-03-21 04:00:00,1019.13
2026-03-21 04:10:00,1019.18
2026-03-21 04:20:00,1019.215
2026-03-21 04:30:00,1019.2666666666668
2026-03-21 04:40:00,1019.3299999999999
2026-03-21 04:50:00,1019.4200000000001
2026-03-21 05:00:00,1019.5099999999999
2026-03-21 05:10:00,1019.55
2026-03-21 05:20:00,1019.5966666666667
2026-03-21 05:30:00,1019.6350000000001
2026-03-21 05:40:00,1019.6433333333334
2026-03-21 05:50:00,1019.72
2026-03-21 06:00:00,1019.8433333333332
2026-03-21 06:10:00,1020.01
2026-03-21 06:20:00,1020.2366666666667
2026-03-21 06:30:00,1020.4150000000001
2026-03-21 06:40:00,1020.5
2026-03-21 06:50:00,1020.49
2026-03-21 07:00:00,1020.5099999999999
2026-03-21 07:10:00,1020.5699999999999
2026-03-21 07:20:00,1020.68
2026-03-21 07:30:00,1020.85
2026-03-21 07:40:00,1021.0333333333333
2026-03-21 07:50:00,1021.05
2026-03-21 08:00:00,1021.06
2026-03-21 08:10:00,1021.12
2026-03-21 08:20:00,1021.2166666666667
2026-03-21 08:30:00,1021.255
2026-03-21 08:40:00,1021.3433333333332
2026-03-21 08:50:00,1021.3750000000001
2026-03-21 09:00:00,1021.3433333333332
2026-03-21 09:10:00,1021.305
2026-03-21 09:20:00,1021.2999999999998
2026-03-21 09:30:00,1021.3249999999999
2026-03-21 09:40:00,1021.2666666666668
2026-03-21 09:50:00,1021.1700000000001
2026-03-21 10:00:00,1021.1033333333334
2026-03-21 10:10:00,1021.025
2026-03-21 10:20:00,1020.9666666666667
2026-03-21 10:30:00,1020.9000000000001
2026-03-21 10:40:00,1020.7800000000001
2026-03-21 10:50:00,1020.6700000000001
2026-03-21 11:00:00,1020.4766666666668
2026-03-21 11:10:00,1020.3349999999999
2026-03-21 11:20:00,1020.2366666666667
2026-03-21 11:30:00,1020.135
2026-03-21 11:40:00,1019.9866666666667
2026-03-21 11:50:00,1019.81
2026-03-21 12:00:00,1019.6466666666666
2026-03-21 12:10:00,1019.54
2026-03-21 12:20:00,1019.4233333333335
2026-03-21 12:30:00,1019.305
2026-03-21 12:40:00,1019.1866666666668
2026-03-21 12:50:00,1018.9499999999999
2026-03-21 13:00:00,1018.8033333333333
2026-03-21 13:10:00,1018.775
2026-03-21 13:20:00,1018.73
2026-03-21 13:30:00,1018.6850000000001
2026-03-21 13:40:00,1018.6366666666667
2026-03-21 13:50:00,1018.5999999999999
2026-03-21 14:00:00,1018.6133333333333
2026-03-21 14:10:00,1018.5699999999999
2026-03-21 14:20:00,1018.5133333333333
2026-03-21 14:30:00,1018.355
2026-03-21 14:40:00,1018.23
2026-03-21 14:50:00,1018.1800000000001
2026-03-21 15:00:00,1018.1633333333334
2026-03-21 15:10:00,1018.1400000000001
2026-03-21 15:20:00,1018.11
2026-03-21 15:30:00,1018.1049999999999
2026-03-21 15:40:00,1018.0866666666666
2026-03-21 15:50:00,1018.055
2026-03-21 16:00:00,1018.0733333333333
2026-03-21 16:10:00,1018.1400000000001
2026-03-21 16:20:00,1018.3133333333334
2026-03-21 16:30:00,1018.46
2026-03-21 16:40:00,1018.5233333333332
2026-03-21 16:50:00,1018.545
2026-03-21 17:00:00,1018.61
2026-03-21 17:10:00,1018.6800000000001
2026-03-21 17:20:00,1018.7533333333334
2026-03-21 17:30:00,1018.78
2026-03-21 17:40:00,1018.8333333333334
2026-03-21 17:50:00,1018.9150000000001
2026-03-21 18:00:00,1018.9966666666666
2026-03-21 18:10:00,1019.04
2026-03-21 18:20:00,1019.0966666666667
2026-03-21 18:30:00,1019.1750000000001
2026-03-21 18:40:00,1019.25
2026-03-21 18:50:00,1019.295
2026-03-21 19:00:00,1019.3066666666667
2026-03-21 19:10:00,1019.3950000000001
2026-03-21 19:20:00,1019.5
2026-03-21 19:30:00,1019.61
2026-03-21 19:40:00,1019.68
2026-03-21 19:50:00,1019.785
2026-03-21 20:00:00,1019.9766666666668
2026-03-21 20:10:00,1020.14
2026-03-21 20:20:00,1020.2566666666667
2026-03-21 20:30:00,1020.3449999999999
2026-03-21 20:40:00,1020.4033333333333
2026-03-21 20:50:00,1020.48
2026-03-21 21:00:00,1020.6266666666667
2026-03-21 21:10:00,1020.745
2026-03-21 21:20:00,1020.8233333333333
2026-03-21 21:30:00,1020.97
2026-03-21 21:40:00,1021.1766666666666
2026-03-21 21:50:00,1021.3199999999999
2026-03-21 22:00:00,1021.3766666666667
2026-03-21 22:10:00,1021.3750000000001
2026-03-21 22:20:00,1021.3299999999999
2026-03-21 22:30:00,1021.28
2026-03-21 22:40:00,1021.25
2026-03-21 22:50:00,1021.22
2026-03-21 23:00:00,1021.19
2026-03-21 23:10:00,1021.1049999999999
2026-03-21 23:20:00,1021.02
2026-03-21 23:30:00,1020.96
2026-03-21 23:40:00,1020.8699999999999
2026-03-21 23:50:00,1020.785
2026-03-22 00:00:00,1020.7233333333334
2026-03-22 00:10:00,1020.5949999999999
2026-03-22 00:20:00,1020.5166666666668
2026-03-22 00:30:00,1020.4350000000001
2026-03-22 00:40:00,1020.2866666666665
2026-03-22 00:50:00,1020.075
2026-03-22 01:00:00,1019.8866666666667
2026-03-22 01:10:00,1019.785
2026-03-22 01:20:00,1019.7066666666666
2026-03-22 01:30:00,1019.605
2026-03-22 01:40:00,1019.5
2026-03-22 01:50:00,1019.3900000000001
2026-03-22 02:00:00,1019.2833333333333
2026-03-22 02:10:00,1019.1850000000001
2026-03-22 02:20:00,1019.1433333333334
2026-03-22 02:30:00,1019.1300000000001
2026-03-22 02:40:00,1019.0499999999998
2026-03-22 02:50:00,1018.94
2026-03-22 03:00:00,1018.8866666666668
2026-03-22 03:10:00,1018.865
2026-03-22 03:20:00,1018.81
2026-03-22 03:30:00,1018.79
2026-03-22 03:40:00,1018.7966666666666
2026-03-22 03:50:00,1018.795
2026-03-22 04:00:00,1018.8766666666667
2026-03-22 04:10:00,1018.9150000000001
2026-03-22 04:20:00,1018.9266666666667
2026-03-22 04:30:00,1018.9300000000001
2026-03-22 04:40:00,1018.9200000000001
2026-03-22 04:50:00,1018.9250000000001
2026-03-22 05:00:00,1018.96
2026-03-22 05:10:00,1019.045
2026-03-22 05:20:00,1019.15
2026-03-22 05:30:00,1019.225
2026-03-22 05:40:00,1019.2766666666666
2026-03-22 05:50:00,1019.3449999999999
2026-03-22 06:00:00,1019.4033333333333
2026-03-22 06:10:00,1019.45
2026-03-22 06:20:00,1019.5099999999999
2026-03-22 06:30:00,1019.61
2026-03-22 06:40:00,1019.7166666666667
2026-03-22 06:50:00,1019.8449999999999
2026-03-22 07:00:00,1019.94
2026-03-22 07:10:00,1020.11
2026-03-22 07:20:00,1020.2233333333334
2026-03-22 07:30:00,1020.3299999999999
2026-03-22 07:40:00,1020.3866666666667
2026-03-22 07:50:00,1020.4300000000001
2026-03-22 08:00:00,1020.4500000000002
2026-03-22 08:10:00,1020.45
2026-03-22 08:20:00,1020.4366666666668
2026-03-22 08:30:00,1020.495
2026-03-22 08:40:00,1020.4733333333334
2026-03-22 08:50:00,1020.475
2026-03-22 09:00:00,1020.4933333333333
2026-03-22 09:10:00,1020.465
2026-03-22 09:20:00,1020.4500000000002
2026-03-22 09:30:00,1020.4050000000001
2026-03-22 09:40:00,1020.3566666666666
2026-03-22 09:50:00,1020.25
2026-03-22 10:00:00,1020.19
2026-03-22 10:10:00,1020.1550000000001
2026-03-22 10:20:00,1020.0833333333334
2026-03-22 10:30:00,1019.98
2026-03-22 10:40:00,1019.8666666666667
2026-03-22 10:50:00,1019.76
2026-03-22 11:00:00,1019.6533333333333
2026-03-22 11:10:00,1019.53
2026-03-22 11:20:00,1019.3966666666666
2026-03-22 11:30:00,1019.28
2026-03-22 11:40:00,1019.1633333333334
2026-03-22 11:50:00,1019.0649999999999
2026-03-22 12:00:00,1018.9366666666668
2026-03-22 12:10:00,1018.8599999999999
2026-03-22 12:20:00,1018.7866666666665
2026-03-22 12:30:00,1018.71
2026-03-22 12:40:00,1018.6300000000001
2026-03-22 12:50:00,1018.535
2026-03-22 13:00:00,1018.4933333333333
2026-03-22 13:10:00,1018.475
2026-03-22 13:20:00,1018.4166666666666
2026-03-22 13:30:00,1018.3
2026-03-22 13:40:00,1018.1666666666666
2026-03-22 13:50:00,1018.05
2026-03-22 14:00:00,1017.9333333333334
2026-03-22 14:10:00,1017.8750000000001
2026-03-22 14:20:00,1017.7999999999998
2026-03-22 14:30:00,1017.7
2026-03-22 14:40:00,1017.5533333333333
2026-03-22 14:50:00,1017.4350000000001
2026-03-22 15:00:00,1017.31
2026-03-22 15:10:00,1017.225
2026-03-22 15:20:00,1017.1600000000002
2026-03-22 15:30:00,1017.0799999999999
2026-03-22 15:40:00,1017.0566666666667
2026-03-22 15:50:00,1017.0649999999999
2026-03-22 16:00:00,1017.0966666666667
2026-03-22 16:10:00,1017.1600000000001
2026-03-22 16:20:00,1017.2666666666668
2026-03-22 16:30:00,1017.4250000000001
2026-03-22 16:40:00,1017.5033333333334
2026-03-22 16:50:00,1017.605
2026-03-22 17:00:00,1017.69
2026-03-22 17:10:00,1017.72
2026-03-22 17:20:00,1017.7633333333333
2026-03-22 17:30:00,1017.8349999999999
2026-03-22 17:40:00,1017.8800000000001
2026-03-22 17:50:00,1017.945
2026-03-22 18:00:00,1018.0300000000001
2026-03-22 18:10:00,1018.1
2026-03-22 18:20:00,1018.1933333333333
2026-03-22 18:30:00,1018.27
2026-03-22 18:40:00,1018.3800000000001
2026-03-22 18:50:00,1018.495
2026-03-22 19:00:00,1018.6
2026-03-22 19:10:00,1018.695
2026-03-22 19:20:00,1018.7933333333334
2026-03-22 19:30:00,1018.8800000000001
2026-03-22 19:40:00,1018.9166666666666
2026-03-22 19:50:00,1018.985
2026-03-22 20:00:00,1019.11
2026-03-22 20:10:00,1019.3
2026-03-22 20:20:00,1019.4366666666668
2026-03-22 20:30:00,1019.56
2026-03-22 20:40:00,1019.68
2026-03-22 20:50:00,1019.8149999999999
2026-03-22 21:00:00,1019.96
2026-03-22 21:10:00,1020.115
2026-03-22 21:20:00,1020.2333333333332
2026-03-22 21:30:00,1020.3399999999999
2026-03-22 21:40:00,1020.3966666666669
2026-03-22 21:50:00,1020.3950000000001
2026-03-22 22:00:00,1020.4233333333335
2026-03-22 22:10:00,1020.455
2026-03-22 22:20:00,1020.4833333333332
2026-03-22 22:30:00,1020.44
2026-03-22 22:40:00,1020.4033333333333
2026-03-22 22:50:00,1020.3349999999999
2026-03-22 23:00:00,1020.2866666666665
2026-03-22 23:10:00,1020.245
2026-03-22 23:20:00,1020.2066666666666
2026-03-22 23:30:00,1020.1500000000001
2026-03-22 23:40:00,1020.0833333333334
2026-03-22 23:50:00,1020.035
2026-03-23 00:00:00,1019.9466666666667
2026-03-23 00:10:00,1019.9100000000001
2026-03-23 00:20:00,1019.8433333333332
2026-03-23 00:30:00,1019.775
2026-03-23 00:40:00,1019.7366666666667
2026-03-23 00:50:00,1019.6700000000001
2026-03-23 01:00:00,1019.6033333333334
2026-03-23 01:10:00,1019.53
2026-03-23 01:20:00,1019.4200000000001
2026-03-23 01:30:00,1019.3249999999999
2026-03-23 01:40:00,1019.2433333333333
2026-03-23 01:50:00,1019.1650000000001
2026-03-23 02:00:00,1019.1533333333333
2026-03-23 02:10:00,1019.1450000000001
2026-03-23 02:20:00,1019.1266666666667
2026-03-23 02:40:00,1019.04
2026-03-23 02:50:00,1018.96
2026-03-23 03:00:00,1018.875
2026-03-23 03:10:00,1018.8233333333333
2026-03-23 03:20:00,1018.74
2026-03-23 03:30:00,1018.6866666666668
2026-03-23 03:40:00,1018.6600000000001
2026-03-23 03:50:00,1018.6333333333336
2026-03-23 04:00:00,1018.615
2026-03-23 04:10:00,1018.6199999999999
2026-03-23 04:20:00,1018.6350000000001
2026-03-23 04:30:00,1018.6333333333336
2026-03-23 04:40:00,1018.6600000000001
2026-03-23 04:50:00,1018.6850000000001
2026-03-23 05:00:00,1018.7366666666667
2026-03-23 05:10:00,1018.795
2026-03-23 05:20:00,1018.87
2026-03-23 05:30:00,1018.9050000000001
2026-03-23 05:40:00,1019
2026-03-23 05:50:00,1019.105
2026-03-23 06:00:00,1019.2266666666668
2026-03-23 06:10:00,1019.345
2026-03-23 06:20:00,1019.4466666666667
2026-03-23 06:30:00,1019.535
2026-03-23 06:40:00,1019.63
2026-03-23 07:00:00,1019.6700000000001
2026-03-23 09:20:00,1020.0799999999999
2026-03-23 09:30:00,1020.0666666666666
2026-03-23 09:40:00,1020.025
2026-03-23 09:50:00,1020
2026-03-23 10:00:00,1019.97
2026-03-23 10:10:00,1019.8933333333334
2026-03-23 10:20:00,1019.8149999999999
2026-03-23 10:30:00,1019.7000000000002
2026-03-23 10:40:00,1019.5849999999999
2026-03-23 10:50:00,1019.54
2026-03-23 11:00:00,1019.4150000000001
2026-03-23 11:10:00,1019.2766666666666
2026-03-23 11:20:00,1019.12
2026-03-23 11:30:00,1018.9699999999999
2026-03-23 11:40:00,1018.795
2026-03-23 11:50:00,1018.6533333333333
2026-03-23 12:00:00,1018.495
2026-03-23 12:10:00,1018.3366666666667
2026-03-23 12:20:00,1018.23
2026-03-23 12:30:00,1018.1133333333333
2026-03-23 12:40:00,1018.03
2026-03-23 12:50:00,1017.9500000000002
2026-03-23 13:00:00,1017.8950000000001
2026-03-23 13:10:00,1017.82
2026-03-23 13:20:00,1017.695
2026-03-23 13:30:00,1017.5799999999999
2026-03-23 13:40:00,1017.505
2026-03-23 13:50:00,1017.4166666666666
2026-03-23 14:00:00,1017.3149999999999
2026-03-23 14:10:00,1017.2400000000001
2026-03-23 14:20:00,1017.1700000000001
2026-03-23 14:30:00,1017.1266666666667
2026-03-23 14:40:00,1017.05
2026-03-23 14:50:00,1017.0233333333332
2026-03-23 15:00:00,1017.035
2026-03-23 15:10:00,1017.0966666666667
2026-03-23 15:20:00,1017.1200000000001
2026-03-23 15:30:00,1017.1833333333334
2026-03-23 15:40:00,1017.28
2026-03-23 15:50:00,1017.36
2026-03-23 16:00:00,1017.4633333333335
2026-03-23 16:10:00,1017.56
2026-03-23 16:20:00,1017.6433333333334
2026-03-23 16:30:00,1017.69
2026-03-23 16:40:00,1017.7466666666666
2026-03-23 16:50:00,1017.805
2026-03-23 17:00:00,1017.8766666666667
2026-03-23 17:10:00,1017.9050000000001
2026-03-23 17:20:00,1017.9733333333334
2026-03-23 17:30:00,1018.06
2026-03-23 17:40:00,1018.1533333333333
2026-03-23 17:50:00,1018.195
2026-03-23 18:00:00,1018.2533333333334
2026-03-23 18:10:00,1018.3399999999999
2026-03-23 18:20:00,1018.4000000000001
2026-03-23 18:30:00,1018.495
2026-03-23 18:40:00,1018.61
2026-03-23 18:50:00,1018.69
2026-03-23 19:00:00,1018.7800000000001
2026-03-23 19:10:00,1018.8449999999999
2026-03-23 19:20:00,1018.8833333333333
2026-03-23 19:30:00,1018.955
2026-03-23 19:40:00,1019.04
2026-03-23 19:50:00,1019.1450000000001
2026-03-23 20:00:00,1019.25
2026-03-23 20:10:00,1019.36
2026-03-23 20:20:00,1019.4966666666666
2026-03-23 20:30:00,1019.5749999999999
2026-03-23 20:40:00,1019.6500000000001
2026-03-23 20:50:00,1019.73
2026-03-23 21:00:00,1019.8433333333332
2026-03-23 21:10:00,1019.955
2026-03-23 21:20:00,1020.0133333333333
2026-03-23 21:30:00,1020.0799999999999
2026-03-23 21:40:00,1020.12
2026-03-23 21:50:00,1020.1450000000001
2026-03-23 22:00:00,1020.2000000000002
2026-03-23 22:10:00,1020.23
2026-03-23 22:20:00,1020.2566666666667
2026-03-23 22:30:00,1020.26
2026-03-23 22:40:00,1020.2466666666666
2026-03-23 22:50:00,1020.235
2026-03-23 23:00:00,1020.2400000000001
2026-03-23 23:10:00,1020.25
2026-03-23 23:20:00,1020.1966666666667
2026-03-23 23:30:00,1020.1500000000001
2026-03-23 23:40:00,1020.0899999999998
2026-03-23 23:50:00,1020.035
2026-03-24 00:00:00,1019.9533333333334
2026-03-24 00:10:00,1019.845
2026-03-24 00:20:00,1019.7433333333333
2026-03-24 00:30:00,1019.6650000000001
2026-03-24 00:40:00,1019.5733333333334
2026-03-24 00:50:00,1019.45
2026-03-24 01:00:00,1019.3366666666667
2026-03-24 01:10:00,1019.24
2026-03-24 01:20:00,1019.15
2026-03-24 01:30:00,1019.05
2026-03-24 01:40:00,1018.9566666666666
2026-03-24 01:50:00,1018.8900000000001
2026-03-24 02:00:00,1018.8133333333332
2026-03-24 02:10:00,1018.71
2026-03-24 02:20:00,1018.64
2026-03-24 02:30:00,1018.6300000000001
2026-03-24 02:40:00,1018.61
2026-03-24 02:50:00,1018.5999999999999
2026-03-24 03:00:00,1018.6033333333331
2026-03-24 03:10:00,1018.6450000000001
2026-03-24 03:20:00,1018.69
2026-03-24 03:30:00,1018.705
2026-03-24 03:40:00,1018.7199999999999
2026-03-24 03:50:00,1018.75
2026-03-24 04:00:00,1018.7599999999999
2026-03-24 04:10:00,1018.79
2026-03-24 04:20:00,1018.7766666666666
2026-03-24 04:30:00,1018.74
2026-03-24 04:40:00,1018.75
2026-03-24 04:50:00,1018.8
2026-03-24 05:00:00,1018.8800000000001
2026-03-24 05:10:00,1018.98
2026-03-24 05:20:00,1019.0666666666666
2026-03-24 05:30:00,1019.11
2026-03-24 05:40:00,1019.1566666666668
2026-03-24 05:50:00,1019.235
2026-03-24 06:00:00,1019.3233333333333
2026-03-24 06:10:00,1019.4100000000001
2026-03-24 06:20:00,1019.4933333333333
2026-03-24 06:30:00,1019.5649999999999
2026-03-24 06:40:00,1019.6500000000001
2026-03-24 06:50:00,1019.72
2026-03-24 07:00:00,1019.7966666666666
2026-03-24 07:10:00,1019.94
2026-03-24 07:20:00,1020.1133333333333
2026-03-24 07:30:00,1020.24
2026-03-24 07:40:00,1020.2966666666666
2026-03-24 07:50:00,1020.3499999999999
2026-03-24 08:00:00,1020.3833333333336
2026-03-24 08:10:00,1020.4300000000001
2026-03-24 08:20:00,1020.4266666666667
2026-03-24 08:30:00,1020.4050000000001
2026-03-24 08:40:00,1020.3399999999998
2026-03-24 08:50:00,1020.3
2026-03-24 09:00:00,1020.2599999999999
2026-03-24 09:10:00,1020.2
2026-03-24 09:20:00,1020.1466666666669
2026-03-24 09:30:00,1020.0749999999999
2026-03-24 09:40:00,1020.0433333333334
2026-03-24 09:50:00,1020.055
2026-03-24 10:00:00,1020.0300000000001
2026-03-24 10:10:00,1019.95
2026-03-24 10:20:00,1019.8833333333336
2026-03-24 10:30:00,1019.8349999999999
2026-03-24 10:40:00,1019.7333333333332
2026-03-24 10:50:00,1019.64
2026-03-24 11:00:00,1019.5300000000001
2026-03-24 11:10:00,1019.4150000000001
2026-03-24 11:20:00,1019.3533333333334
2026-03-24 11:30:00,1019.23
2026-03-24 11:40:00,1019.1166666666667
2026-03-24 11:50:00,1018.965
2026-03-24 12:00:00,1018.8033333333333
2026-03-24 12:10:00,1018.6500000000001
2026-03-24 12:20:00,1018.5133333333333
2026-03-24 12:30:00,1018.365
2026-03-24 12:40:00,1018.1933333333333
2026-03-24 12:50:00,1018.04
2026-03-24 13:00:00,1017.9166666666666
2026-03-24 13:10:00,1017.785
2026-03-24 13:20:00,1017.68
2026-03-24 13:30:00,1017.595
2026-03-24 13:40:00,1017.4933333333333
2026-03-24 13:50:00,1017.4000000000001
2026-03-24 14:00:00,1017.2999999999998
2026-03-24 14:10:00,1017.2
2026-03-24 14:20:00,1017.0833333333334
2026-03-24 14:30:00,1016.985
2026-03-24 14:40:00,1016.87
2026-03-24 14:50:00,1016.745
2026-03-24 15:00:00,1016.6766666666667
2026-03-24 15:10:00,1016.6550000000001
2026-03-24 15:20:00,1016.6466666666669
2026-03-24 15:30:00,1016.6550000000001
2026-03-24 15:40:00,1016.6466666666669
2026-03-24 15:50:00,1016.62
2026-03-24 16:00:00,1016.6500000000001
2026-03-24 16:10:00,1016.7
2026-03-24 16:20:00,1016.7766666666666
2026-03-24 16:30:00,1016.8249999999999
2026-03-24 16:40:00,1016.8533333333334
2026-03-24 16:50:00,1016.9050000000001
2026-03-24 17:00:00,1016.9333333333334
2026-03-24 17:10:00,1016.975
2026-03-24 17:20:00,1017.06
2026-03-24 17:30:00,1017.1650000000001
2026-03-24 17:40:00,1017.3299999999999
2026-03-24 17:50:00,1017.45
2026-03-24 18:00:00,1017.5499999999998
2026-03-24 18:10:00,1017.6400000000001
2026-03-24 18:20:00,1017.7266666666668
2026-03-24 18:30:00,1017.8149999999999
2026-03-24 18:40:00,1017.9000000000001
2026-03-24 18:50:00,1017.99
2026-03-24 19:00:00,1018.1533333333333
2026-03-24 19:10:00,1018.3
2026-03-24 19:20:00,1018.4033333333333
2026-03-24 19:30:00,1018.465
2026-03-24 19:40:00,1018.5433333333334
2026-03-24 19:50:00,1018.6550000000001
2026-03-24 20:00:00,1018.7866666666665
2026-03-24 20:10:00,1018.8800000000001
2026-03-24 20:20:00,1018.9066666666668
2026-03-24 20:30:00,1019.01
2026-03-24 20:40:00,1019.0866666666666
2026-03-24 20:50:00,1019.115
2026-03-24 21:00:00,1019.2000000000002
2026-03-24 21:10:00,1019.3
2026-03-24 21:20:00,1019.3666666666668
2026-03-24 21:30:00,1019.3900000000001
2026-03-24 21:40:00,1019.3833333333336
2026-03-24 21:50:00,1019.3750000000001
2026-03-24 22:00:00,1019.3733333333334
2026-03-24 22:10:00,1019.3700000000001
2026-03-24 22:20:00,1019.3633333333333
2026-03-24 22:30:00,1019.3449999999999
2026-03-24 22:40:00,1019.2800000000001
2026-03-24 22:50:00,1019.23
2026-03-24 23:00:00,1019.2066666666666
2026-03-24 23:10:00,1019.1500000000001
2026-03-24 23:20:00,1019.0566666666667
2026-03-24 23:30:00,1018.965
2026-03-24 23:40:00,1018.8933333333334
2026-03-24 23:50:00,1018.8549999999999
2026-03-25 00:00:00,1018.8633333333333
2026-03-25 00:10:00,1018.8549999999999
2026-03-25 00:20:00,1018.8366666666666
2026-03-25 00:30:00,1018.76
2026-03-25 00:40:00,1018.6766666666667
2026-03-25 00:50:00,1018.615
2026-03-25 01:00:00,1018.56
2026-03-25 01:10:00,1018.45
2026-03-25 01:20:00,1018.3566666666666
2026-03-25 01:30:00,1018.255
2026-03-25 01:40:00,1018.1750000000001
2026-03-25 01:50:00,1018.11
2026-03-25 02:00:00,1018.0166666666668
2026-03-25 02:10:00,1017.96
2026-03-25 02:20:00,1017.9533333333334
2026-03-25 02:30:00,1017.9100000000001
2026-03-25 02:40:00,1017.8800000000001
2026-03-25 03:00:00,1017.8499999999999
2026-03-25 05:20:00,1018.45
2026-03-25 05:30:00,1018.535
2026-03-25 05:40:00,1018.6500000000001
2026-03-25 05:50:00,1018.705
2026-03-25 06:00:00,1018.7366666666667
2026-03-25 06:10:00,1018.86
2026-03-25 06:20:00,1018.9900000000001
2026-03-25 06:30:00,1019.12
2026-03-25 06:40:00,1019.25
2026-03-25 06:50:00,1019.3249999999999
2026-03-25 07:00:00,1019.3399999999998
2026-03-25 07:10:00,1019.4350000000001
2026-03-25 07:20:00,1019.6433333333334
2026-03-25 07:30:00,1019.795
2026-03-25 07:40:00,1019.89
2026-03-25 07:50:00,1019.9350000000001
2026-03-25 08:00:00,1019.9900000000001
2026-03-25 08:10:00,1020.01
2026-03-25 08:20:00,1020.0433333333334
2026-03-25 08:30:00,1020.05
2026-03-25 08:40:00,1020.0300000000001
2026-03-25 08:50:00,1019.985
2026-03-25 09:00:00,1019.9266666666667
2026-03-25 09:10:00,1019.8449999999999
2026-03-25 09:20:00,1019.7833333333333
2026-03-25 09:30:00,1019.735
2026-03-25 09:40:00,1019.68
2026-03-25 09:50:00,1019.5799999999999
2026-03-25 10:00:00,1019.44
2026-03-25 10:10:00,1019.3149999999999
2026-03-25 10:20:00,1019.19
2026-03-25 10:30:00,1019.0699999999999
2026-03-25 10:40:00,1018.9666666666667
2026-03-25 10:50:00,1018.835
2026-03-25 11:00:00,1018.6833333333334
2026-03-25 11:10:00,1018.535
2026-03-25 11:20:00,1018.4133333333333
2026-03-25 11:30:00,1018.27
2026-03-25 11:40:00,1018.12
2026-03-25 11:50:00,1017.975
2026-03-25 12:00:00,1017.8166666666666
2026-03-25 12:10:00,1017.6750000000001
2026-03-25 12:20:00,1017.5733333333333
2026-03-25 12:30:00,1017.515
2026-03-25 12:40:00,1017.4766666666668
2026-03-25 12:50:00,1017.44
2026-03-25 13:00:00,1017.4166666666666
2026-03-25 13:10:00,1017.37
2026-03-25 13:20:00,1017.2833333333333
2026-03-25 13:30:00,1017.1850000000001
2026-03-25 13:40:00,1017.0566666666667
2026-03-25 13:50:00,1016.94
2026-03-25 14:00:00,1016.8766666666667
2026-03-25 14:10:00,1016.795
2026-03-25 14:20:00,1016.71
2026-03-25 14:30:00,1016.5949999999999
2026-03-25 14:40:00,1016.5
2026-03-25 14:50:00,1016.4350000000001
2026-03-25 15:00:00,1016.3766666666667
2026-03-25 15:10:00,1016.3499999999999
2026-03-25 15:20:00,1016.3399999999998
2026-03-25 15:30:00,1016.3
2026-03-25 15:40:00,1016.27
2026-03-25 15:50:00,1016.255
2026-03-25 16:00:00,1016.2733333333332
2026-03-25 16:10:00,1016.275
2026-03-25 16:20:00,1016.2400000000001
2026-03-25 16:30:00,1016.24
2026-03-25 16:40:00,1016.2733333333332
2026-03-25 16:50:00,1016.3349999999999
2026-03-25 17:00:00,1016.3966666666669
2026-03-25 17:10:00,1016.46
2026-03-25 17:20:00,1016.5300000000001
2026-03-25 17:30:00,1016.6350000000001
2026-03-25 17:40:00,1016.68
2026-03-25 17:50:00,1016.73
2026-03-25 18:00:00,1016.81
2026-03-25 18:10:00,1016.9050000000001
2026-03-25 18:20:00,1016.9933333333333
2026-03-25 18:30:00,1017.1
2026-03-25 18:40:00,1017.2666666666668
2026-03-25 18:50:00,1017.37
2026-03-25 19:00:00,1017.5066666666667
2026-03-25 19:10:00,1017.645
2026-03-25 19:20:00,1017.7666666666668
2026-03-25 19:30:00,1017.8449999999999
2026-03-25 19:40:00,1017.9000000000001
2026-03-25 19:50:00,1017.95
2026-03-25 20:00:00,1018.0099999999999
2026-03-25 20:10:00,1018.135
2026-03-25 20:20:00,1018.2533333333334
2026-03-25 20:30:00,1018.365
2026-03-25 20:40:00,1018.4666666666667
2026-03-25 20:50:00,1018.585
2026-03-25 21:00:00,1018.7199999999999
2026-03-25 21:10:00,1018.8
2026-03-25 21:20:00,1018.86
2026-03-25 21:30:00,1018.9050000000001
2026-03-25 21:40:00,1018.9666666666667
2026-03-25 21:50:00,1018.99
2026-03-25 22:00:00,1019.04
2026-03-25 22:10:00,1019.0649999999999
2026-03-25 22:20:00,1019.0366666666665
2026-03-25 22:30:00,1019
2026-03-25 22:40:00,1018.96
2026-03-25 22:50:00,1018.96
2026-03-25 23:00:00,1019.02
2026-03-25 23:10:00,1019.06
2026-03-25 23:20:00,1019.0633333333332
2026-03-25 23:30:00,1019.045
2026-03-25 23:40:00,1019.06
2026-03-25 23:50:00,1019.01
2026-03-26 00:00:00,1018.9266666666667
2026-03-26 00:10:00,1018.8
2026-03-26 00:20:00,1018.6666666666666
2026-03-26 00:30:00,1018.48
2026-03-26 00:40:00,1018.2966666666666
2026-03-26 00:50:00,1018.1750000000001
2026-03-26 01:00:00,1018.1133333333333
2026-03-26 01:10:00,1018.055
2026-03-26 01:20:00,1017.9866666666667
2026-03-26 01:30:00,1017.8850000000001
2026-03-26 01:40:00,1017.8166666666666
2026-03-26 01:50:00,1017.76
2026-03-26 02:00:00,1017.73
2026-03-26 02:10:00,1017.6850000000001
2026-03-26 02:20:00,1017.6700000000001
2026-03-26 02:30:00,1017.6800000000001
2026-03-26 02:40:00,1017.6633333333334
2026-03-26 02:50:00,1017.6250000000001
2026-03-26 03:00:00,1017.5566666666667
2026-03-26 03:10:00,1017.49
2026-03-26 03:20:00,1017.46
2026-03-26 03:30:00,1017.485
2026-03-26 03:40:00,1017.5366666666665
2026-03-26 03:50:00,1017.54
2026-03-26 04:00:00,1017.5233333333332
2026-03-26 04:10:00,1017.52
2026-03-26 04:20:00,1017.5566666666667
2026-03-26 04:30:00,1017.6550000000001
2026-03-26 04:40:00,1017.7133333333335
2026-03-26 04:50:00,1017.76
2026-03-26 05:00:00,1017.82
2026-03-26 05:10:00,1017.8549999999999
2026-03-26 05:20:00,1017.8733333333333
2026-03-26 05:30:00,1017.9300000000001
2026-03-26 05:40:00,1017.9866666666667
2026-03-26 05:50:00,1018.0649999999999
2026-03-26 06:00:00,1018.2199999999999
2026-03-26 06:10:00,1018.39
2026-03-26 06:20:00,1018.5833333333334
2026-03-26 06:30:00,1018.795
2026-03-26 06:40:00,1018.96
2026-03-26 06:50:00,1019.09
2026-03-26 07:00:00,1019.2066666666666
2026-03-26 07:10:00,1019.31
2026-03-26 07:20:00,1019.4699999999999
2026-03-26 07:30:00,1019.5849999999999
2026-03-26 07:40:00,1019.6366666666668
2026-03-26 07:50:00,1019.6550000000001
2026-03-26 08:00:00,1019.6500000000001
2026-03-26 08:10:00,1019.6300000000001
2026-03-26 08:20:00,1019.6133333333333
2026-03-26 08:30:00,1019.5899999999999
2026-03-26 08:40:00,1019.5866666666666
2026-03-26 08:50:00,1019.62
2026-03-26 09:00:00,1019.61
2026-03-26 09:10:00,1019.6500000000001
2026-03-26 09:20:00,1019.5866666666666
2026-03-26 09:30:00,1019.5
2026-03-26 09:40:00,1019.4500000000002
2026-03-26 09:50:00,1019.4300000000001
2026-03-26 10:00:00,1019.3733333333333
2026-03-26 10:10:00,1019.28
2026-03-26 10:20:00,1019.1766666666667
2026-03-26 10:30:00,1019.115
2026-03-26 10:40:00,1019.04
2026-03-26 10:50:00,1018.99
2026-03-26 11:00:00,1018.9633333333335
2026-03-26 11:10:00,1018.8900000000001
2026-03-26 11:20:00,1018.7633333333333
2026-03-26 11:30:00,1018.645
2026-03-26 11:40:00,1018.5366666666665
2026-03-26 11:50:00,1018.4300000000001
2026-03-26 12:00:00,1018.2800000000001
2026-03-26 12:10:00,1018.09
2026-03-26 12:20:00,1017.98
2026-03-26 12:30:00,1017.835
2026-03-26 12:40:00,1017.6433333333334
2026-03-26 12:50:00,1017.465
2026-03-26 13:00:00,1017.3533333333334
2026-03-26 13:10:00,1017.215
2026-03-26 13:20:00,1017.09
2026-03-26 13:30:00,1017.015
2026-03-26 13:40:00,1016.9200000000001
2026-03-26 13:50:00,1016.805
2026-03-26 14:00:00,1016.6700000000001
2026-03-26 14:10:00,1016.555
2026-03-26 14:20:00,1016.4699999999999
2026-03-26 14:30:00,1016.4100000000001
2026-03-26 14:40:00,1016.3133333333334
2026-03-26 14:50:00,1016.21
2026-03-26 15:00:00,1016.14
2026-03-26 15:10:00,1016.115
2026-03-26 15:20:00,1016.1233333333334
2026-03-26 15:30:00,1016.1550000000001
2026-03-26 15:40:00,1016.1633333333334
2026-03-26 15:50:00,1016.225
2026-03-26 16:00:00,1016.2199999999999
2026-03-26 16:10:00,1016.1800000000001
2026-03-26 16:20:00,1016.2233333333334
2026-03-26 16:30:00,1016.3499999999999
2026-03-26 16:40:00,1016.4333333333334
2026-03-26 16:50:00,1016.53
2026-03-26 17:00:00,1016.68
2026-03-26 17:10:00,1016.85
2026-03-26 17:20:00,1016.9933333333333
2026-03-26 17:30:00,1017.13
2026-03-26 17:40:00,1017.2433333333333
2026-03-26 17:50:00,1017.36
2026-03-26 18:00:00,1017.4433333333333
2026-03-26 18:10:00,1017.52
2026-03-26 18:20:00,1017.59
2026-03-26 18:30:00,1017.695
2026-03-26 18:40:00,1017.8666666666668
2026-03-26 18:50:00,1017.965
2026-03-26 19:00:00,1018.07
2026-03-26 19:10:00,1018.1700000000001
2026-03-26 19:20:00,1018.2533333333334
2026-03-26 19:30:00,1018.3
2026-03-26 19:40:00,1018.3433333333332
2026-03-26 20:20:00,1018.6600000000002
2026-03-26 20:30:00,1018.6750000000001
2026-03-26 20:40:00,1018.69
2026-03-26 20:50:00,1018.7233333333334
2026-03-26 21:00:00,1018.8149999999999
2026-03-26 21:10:00,1018.9766666666668
2026-03-26 21:20:00,1019.115
2026-03-26 21:30:00,1019.2266666666668
2026-03-26 21:40:00,1019.295
2026-03-26 21:50:00,1019.3033333333333
2026-03-26 22:00:00,1019.25
2026-03-26 22:10:00,1019.1766666666667
2026-03-26 22:20:00,1019.105
2026-03-26 22:30:00,1019.06
2026-03-26 22:40:00,1019.025
2026-03-26 22:50:00,1018.9933333333333
2026-03-26 23:00:00,1018.95
2026-03-26 23:10:00,1018.9033333333333
2026-03-26 23:20:00,1018.8549999999999
2026-03-26 23:30:00,1018.79
2026-03-26 23:40:00,1018.71
2026-03-26 23:50:00,1018.6600000000002
2026-03-27 00:00:00,1018.5949999999999
2026-03-27 00:10:00,1018.5099999999999
2026-03-27 00:20:00,1018.38
2026-03-27 00:30:00,1018.2466666666666
2026-03-27 00:40:00,1018.115
2026-03-27 00:50:00,1018.0066666666667
2026-03-27 01:00:00,1017.9000000000001
2026-03-27 01:10:00,1017.7999999999998
2026-03-27 01:20:00,1017.71
2026-03-27 01:30:00,1017.6500000000001
2026-03-27 01:40:00,1017.5799999999999
2026-03-27 01:50:00,1017.5466666666666
2026-03-27 02:00:00,1017.515
2026-03-27 02:10:00,1017.48
2026-03-27 02:20:00,1017.465
2026-03-27 02:30:00,1017.4033333333333
2026-03-27 02:40:00,1017.3850000000001
2026-03-27 02:50:00,1017.4133333333334
2026-03-27 03:00:00,1017.4100000000001
2026-03-27 03:10:00,1017.4833333333332
2026-03-27 03:20:00,1017.51
2026-03-27 03:30:00,1017.5266666666666
2026-03-27 03:40:00,1017.555
2026-03-27 03:50:00,1017.5633333333332
2026-03-27 04:00:00,1017.56
2026-03-27 04:10:00,1017.5366666666665
2026-03-27 04:20:00,1017.515
2026-03-27 04:30:00,1017.5333333333333
2026-03-27 04:40:00,1017.61
2026-03-27 04:50:00,1017.71
2026-03-27 05:00:00,1017.81
2026-03-27 05:10:00,1017.9100000000002
2026-03-27 05:20:00,1018.04
2026-03-27 05:30:00,1018.19
2026-03-27 05:40:00,1018.255
2026-03-27 05:50:00,1018.2766666666666
2026-03-27 06:00:00,1018.3299999999999
2026-03-27 06:10:00,1018.4200000000001
2026-03-27 06:20:00,1018.515
2026-03-27 06:30:00,1018.6266666666667
2026-03-27 06:40:00,1018.705
2026-03-27 06:50:00,1018.7650000000001
2026-03-27 07:00:00,1018.8399999999999
2026-03-27 07:10:00,1018.8966666666669
2026-03-27 07:20:00,1018.95
2026-03-27 07:30:00,1019.04
2026-03-27 07:40:00,1019.1700000000001
2026-03-27 07:50:00,1019.2966666666666
2026-03-27 08:00:00,1019.375
2026-03-27 08:10:00,1019.4466666666667
2026-03-27 08:20:00,1019.54
2026-03-27 08:30:00,1019.5433333333334
2026-03-27 08:40:00,1019.56
2026-03-27 08:50:00,1019.56
2026-03-27 09:00:00,1019.54
2026-03-27 09:10:00,1019.5233333333332
2026-03-27 09:20:00,1019.535
2026-03-27 09:30:00,1019.54
2026-03-27 09:40:00,1019.535
2026-03-27 09:50:00,1019.5166666666668
2026-03-27 10:00:00,1019.48
2026-03-27 10:10:00,1019.3966666666666
2026-03-27 10:20:00,1019.3249999999999
2026-03-27 10:30:00,1019.2566666666667
2026-03-27 10:40:00,1019.1550000000001
2026-03-27 10:50:00,1019.0266666666666
2026-03-27 11:00:00,1018.9250000000001
2026-03-27 11:10:00,1018.7866666666665
2026-03-27 11:20:00,1018.6650000000001
2026-03-27 11:30:00,1018.5499999999998
2026-03-27 11:40:00,1018.4250000000001
2026-03-27 11:50:00,1018.2733333333332
2026-03-27 12:00:00,1018.11
2026-03-27 12:10:00,1017.9666666666667
2026-03-27 12:20:00,1017.8199999999999
2026-03-27 12:30:00,1017.6666666666666
2026-03-27 12:40:00,1017.485
2026-03-27 12:50:00,1017.3233333333334
2026-03-27 13:00:00,1017.1450000000001
2026-03-27 13:10:00,1016.98
2026-03-27 13:20:00,1016.8149999999999
2026-03-27 13:30:00,1016.64
2026-03-27 13:40:00,1016.44
2026-03-27 13:50:00,1016.3233333333333
2026-03-27 14:00:00,1016.235
2026-03-27 14:10:00,1016.1233333333333
2026-03-27 14:20:00,1016.02
2026-03-27 14:30:00,1015.9500000000002
2026-03-27 14:40:00,1015.84
2026-03-27 14:50:00,1015.7800000000001
2026-03-27 15:00:00,1015.745
2026-03-27 15:10:00,1015.7266666666668
2026-03-27 15:20:00,1015.715
2026-03-27 15:30:00,1015.6700000000001
2026-03-27 15:40:00,1015.625
2026-03-27 15:50:00,1015.6566666666668
2026-03-27 16:00:00,1015.735
2026-03-27 16:10:00,1015.7966666666666
2026-03-27 16:20:00,1015.96
2026-03-27 16:30:00,1016.0600000000001
2026-03-27 16:40:00,1016.2
2026-03-27 16:50:00,1016.2533333333334
2026-03-27 17:00:00,1016.38
2026-03-27 17:10:00,1016.4033333333333
2026-03-27 17:20:00,1016.46
2026-03-27 17:30:00,1016.5300000000001
2026-03-27 17:40:00,1016.6283333333334
2026-03-27 17:50:00,1016.0933333333332
2026-03-27 18:00:00,1016.04
2026-03-27 18:10:00,1016.1366666666667
2026-03-27 18:20:00,1016.22
2026-03-27 18:30:00,1016.27
2026-03-27 18:40:00,1016.3199999999999
2026-03-27 18:50:00,1016.39
2026-03-27 19:00:00,1016.52
2026-03-27 19:10:00,1016.6033333333334
2026-03-27 19:20:00,1016.705
2026-03-27 19:30:00,1016.75
2026-03-27 19:40:00,1016.785
2026-03-27 19:50:00,1016.8533333333334
2026-03-27 20:00:00,1016.95
2026-03-27 20:10:00,1017.0633333333332
2026-03-27 20:20:00,1017.195
2026-03-27 20:30:00,1017.2866666666665
2026-03-27 20:40:00,1017.365
2026-03-27 20:50:00,1017.465
2026-03-27 21:00:00,1017.61
2026-03-27 21:10:00,1017.76
2026-03-27 21:20:00,1017.87
2026-03-27 21:30:00,1017.9350000000001
2026-03-27 21:40:00,1018.0233333333332
2026-03-27 21:50:00,1018.115
2026-03-27 22:00:00,1018.1866666666668
2026-03-27 22:10:00,1018.215
2026-03-27 22:20:00,1018.1666666666666
2026-03-27 22:30:00,1018.1500000000001
2026-03-27 22:40:00,1018.18
2026-03-27 22:50:00,1018.2
2026-03-27 23:00:00,1018.19
2026-03-27 23:10:00,1018.1350000000001
2026-03-27 23:20:00,1018.0633333333332
2026-03-27 23:30:00,1018.025
2026-03-27 23:40:00,1018.0233333333332
2026-03-27 23:50:00,1018
2026-03-28 00:00:00,1017.9466666666667
2026-03-28 00:10:00,1017.9150000000001
2026-03-28 00:20:00,1017.8866666666668
2026-03-28 00:30:00,1017.8299999999999
2026-03-28 00:40:00,1017.7266666666668
2026-03-28 00:50:00,1017.55
2026-03-28 01:00:00,1017.3866666666667
2026-03-28 01:10:00,1017.27
2026-03-28 01:20:00,1017.1633333333334
2026-03-28 01:30:00,1017.0699999999999
2026-03-28 01:40:00,1016.9733333333334
2026-03-28 01:50:00,1016.9000000000001
2026-03-28 02:00:00,1016.8433333333332
2026-03-28 02:10:00,1016.78
2026-03-28 02:20:00,1016.7266666666668
2026-03-28 02:30:00,1016.6550000000001
2026-03-28 02:40:00,1016.5899999999998
2026-03-28 02:50:00,1016.5849999999999
2026-03-28 03:00:00,1016.5999999999999
2026-03-28 03:10:00,1016.5849999999999
2026-03-28 03:20:00,1016.57
2026-03-28 03:30:00,1016.5799999999999
2026-03-28 03:40:00,1016.5999999999999
2026-03-28 03:50:00,1016.6250000000001
2026-03-28 04:00:00,1016.6566666666668
2026-03-28 04:10:00,1016.6850000000001
2026-03-28 04:20:00,1016.75
2026-03-28 04:30:00,1016.8199999999999
2026-03-28 04:40:00,1016.8933333333334
2026-03-28 04:50:00,1016.965
2026-03-28 05:00:00,1017.0233333333332
2026-03-28 05:10:00,1017.135
2026-03-28 05:20:00,1017.2366666666667
2026-03-28 05:30:00,1017.305
2026-03-28 05:40:00,1017.3699999999999
2026-03-28 05:50:00,1017.47
2026-03-28 06:00:00,1017.5666666666666
2026-03-28 06:10:00,1017.6600000000001
2026-03-28 06:20:00,1017.8033333333333
2026-03-28 06:30:00,1017.9300000000001
2026-03-28 06:40:00,1018.0733333333334
2026-03-28 06:50:00,1018.21
2026-03-28 07:00:00,1018.3666666666668
2026-03-28 07:10:00,1018.495
2026-03-28 07:20:00,1018.6066666666666
2026-03-28 07:30:00,1018.7
2026-03-28 07:40:00,1018.75
2026-03-28 07:50:00,1018.805
2026-03-28 08:00:00,1018.9200000000001
2026-03-28 08:10:00,1019.415
2026-03-28 08:20:00,1019.8333333333334
2026-03-28 08:30:00,1020.0799999999999
2026-03-28 08:40:00,1020.1633333333334
2026-03-28 08:50:00,1020.1800000000001
2026-03-28 09:00:00,1020.1733333333335
2026-03-28 09:10:00,1020.195
2026-03-28 09:20:00,1020.1700000000001
2026-03-28 09:30:00,1020.0436363636364
2026-03-28 09:40:00,1018.355
2026-03-28 09:50:00,1017.9100000000001
2026-03-28 10:00:00,1017.7475
2026-03-28 10:10:00,1018.275
2026-03-28 10:20:00,1018.795
2026-03-28 10:30:00,1018.8533333333334
2026-03-28 10:40:00,1018.8800000000001
2026-03-28 10:50:00,1018.8933333333334
2026-03-28 11:00:00,1018.8750000000001
2026-03-28 11:10:00,1018.8133333333332
2026-03-28 11:20:00,1018.725
2026-03-28 11:30:00,1018.6066666666666
2026-03-28 11:40:00,1018.5
2026-03-28 11:50:00,1018.36
2026-03-28 12:00:00,1018.255
2026-03-28 12:10:00,1018.18
2026-03-28 12:20:00,1018.06
2026-03-28 12:30:00,1017.9500000000002
2026-03-28 12:40:00,1017.9250000000001
2026-03-28 12:50:00,1017.9133333333334
2026-03-28 13:00:00,1017.8349999999999
2026-03-28 13:10:00,1017.7266666666668
2026-03-28 13:20:00,1017.56
2026-03-28 13:30:00,1017.4033333333333
2026-03-28 13:40:00,1017.25
2026-03-28 13:50:00,1017
2026-03-28 14:00:00,1016.44
2026-03-28 14:10:00,1016.325
2026-03-28 14:20:00,1016.4537500000001
2026-03-28 14:30:00,1017.37
2026-03-28 19:40:00,1071.5575
2026-03-28 19:50:00,1071.605
2026-03-28 20:00:00,1071.6233333333332
2026-03-28 20:10:00,1071.6950000000002
2026-03-28 20:20:00,1071.7566666666667
2026-03-28 20:30:00,1072.18
2026-03-28 20:40:00,1065.0233333333335
2026-03-28 20:50:00,1040.4171428571428
2026-03-28 21:00:00,1009.4153846153846
2026-03-28 21:10:00,999.4499999999999
2026-03-28 21:20:00,998.2066666666666
2026-03-28 21:30:00,997.585
2026-03-28 21:40:00,997.3033333333333
2026-03-28 21:50:00,997.21
2026-03-28 22:00:00,997.1666666666666
2026-03-28 22:10:00,997.11
2026-03-28 22:20:00,997.0666666666666
2026-03-28 22:30:00,997.045
2026-03-28 22:40:00,997
2026-03-28 22:50:00,996.94
2026-03-28 23:00:00,996.8133333333332
2026-03-28 23:10:00,996.765
2026-03-28 23:20:00,996.7333333333332
2026-03-28 23:30:00,996.695
2026-03-28 23:40:00,996.64
2026-03-28 23:50:00,996.615
2026-03-29 00:00:00,996.61
2026-03-29 00:10:00,996.5649999999999
2026-03-29 00:20:00,996.5033333333334
2026-03-29 00:30:00,996.39
2026-03-29 00:40:00,996.2366666666667
2026-03-29 00:50:00,996.0799999999999
2026-03-29 01:00:00,995.9033333333333
2026-03-29 01:10:00,995.72
2026-03-29 01:20:00,995.61
2026-03-29 01:30:00,995.4733333333334
2026-03-29 01:40:00,995.345
2026-03-29 01:50:00,995.2400000000001
2026-03-29 02:00:00,995.12
2026-03-29 02:10:00,994.9900000000001
2026-03-29 02:20:00,994.87
2026-03-29 02:30:00,994.7933333333334
2026-03-29 02:40:00,994.8
2026-03-29 02:50:00,994.8333333333334
2026-03-29 03:00:00,994.8549999999999
2026-03-29 03:10:00,994.8566666666666
2026-03-29 03:20:00,994.8399999999999
2026-03-29 03:30:00,994.8399999999998
2026-03-29 03:40:00,994.8800000000001
2026-03-29 03:50:00,994.9766666666668
2026-03-29 04:00:00,995.0699999999999
2026-03-29 04:10:00,995.1166666666667
2026-03-29 04:20:00,995.1600000000001
2026-03-29 04:30:00,995.2333333333332
2026-03-29 04:40:00,995.27
2026-03-29 04:50:00,995.2999999999998
2026-03-29 05:00:00,995.275
2026-03-29 05:10:00,995.2999999999998
2026-03-29 05:20:00,995.3750000000001
2026-03-29 05:30:00,995.4066666666668
2026-03-29 05:40:00,995.445
2026-03-29 05:50:00,995.4966666666666
2026-03-29 06:00:00,995.555
2026-03-29 06:10:00,995.6533333333333
2026-03-29 06:20:00,995.785
2026-03-29 06:30:00,995.8766666666667
2026-03-29 06:40:00,995.94
2026-03-29 06:50:00,996.0266666666666
2026-03-29 07:00:00,996.0949999999999
2026-03-29 07:10:00,996.1766666666667
2026-03-29 07:20:00,996.27
2026-03-29 07:30:00,996.3266666666665
2026-03-29 07:40:00,996.3349999999999
2026-03-29 07:50:00,996.3533333333334
2026-03-29 08:00:00,996.4200000000001
2026-03-29 08:10:00,996.54
2026-03-29 08:20:00,996.71
2026-03-29 08:30:00,996.85
2026-03-29 08:50:00,996.96
2026-03-29 11:40:00,1084.4844444444445
2026-03-29 11:50:00,1085.7600000000002
2026-03-29 12:00:00,1086.1166666666668
2026-03-29 12:10:00,1089.42
2026-03-29 12:20:00,1100.338
2026-03-29 12:30:00,1109.6533333333334
2026-03-29 12:40:00,1121.0075
2026-03-29 12:50:00,1122.5005
2026-03-29 13:00:00,1107.3380000000002
2026-03-29 13:10:00,1082.8544444444444
2026-03-29 13:20:00,1052.5881818181817
2026-03-29 13:30:00,1041.361818181818
2026-03-29 13:40:00,1040.31
2026-03-29 13:50:00,1042.42
2026-03-29 14:00:00,1043.8533333333332
2026-03-29 14:10:00,1044.525
2026-03-29 14:20:00,1044.7966666666669
2026-03-29 14:30:00,1044.97
2026-03-29 18:00:00,1039.98
2026-03-29 18:10:00,1040.0333333333333
2026-03-29 18:20:00,1040.105
2026-03-29 18:30:00,1040.2266666666667
2026-03-29 18:40:00,1040.41
2026-03-29 18:50:00,1040.5466666666669
2026-03-29 19:00:00,1040.65
2026-03-29 19:10:00,1040.7649999999999
2026-03-29 19:20:00,1040.935
2026-03-29 19:30:00,1041.0466666666669
2026-03-29 19:40:00,1041.18
2026-03-29 19:50:00,1041.2833333333333
2026-03-29 20:00:00,1041.41
2026-03-29 20:10:00,1041.49
2026-03-29 20:20:00,1041.5766666666666
2026-03-29 20:30:00,1041.58
2026-03-29 20:40:00,1041.71
2026-03-29 20:50:00,1041.8
2026-03-29 21:00:00,1041.8700000000001
2026-03-29 21:10:00,1041.9050000000002
2026-03-29 21:20:00,1042.02
2026-03-29 21:30:00,1042.08
2026-03-29 21:40:00,1042.11
2026-03-29 21:50:00,1042.2150000000001
2026-03-29 22:00:00,1042.33
2026-03-29 22:10:00,1042.43
2026-03-30 02:00:00,1040.6499999999999
2026-03-30 02:10:00,1040.6
2026-03-30 02:20:00,1040.58
2026-03-30 02:30:00,1040.5149999999999
2026-03-30 02:40:00,1040.4666666666665
2026-03-30 02:50:00,1040.43
2026-03-30 03:00:00,1040.3700000000001
2026-03-30 03:10:00,1040.33
2026-03-30 03:20:00,1040.2733333333333
2026-03-30 03:30:00,1040.2649999999999
2026-03-30 03:40:00,1040.2766666666666
2026-03-30 03:50:00,1040.3
2026-03-30 04:00:00,1040.37
2026-03-30 04:10:00,1040.495
2026-03-30 04:20:00,1040.6200000000001
2026-03-30 04:30:00,1040.74
2026-03-30 04:40:00,1040.8433333333332
2026-03-30 04:50:00,1040.9250000000002
2026-03-30 05:00:00,1040.9800000000002
2026-03-30 05:10:00,1041.03
2026-03-30 05:20:00,1041.0599999999997
2026-03-30 05:30:00,1041.12
2026-03-30 05:40:00,1041.2300000000002
2026-03-30 05:50:00,1041.2849999999999
2026-03-30 06:00:00,1041.3500000000001
2026-03-30 06:10:00,1041.45
2026-03-30 06:20:00,1041.51
2026-03-30 06:30:00,1041.6200000000001
2026-03-30 06:40:00,1041.7066666666667
2026-03-30 06:50:00,1041.8833333333332
2026-03-30 07:00:00,1042.02
2026-03-30 07:10:00,1042.1733333333332
2026-03-30 07:20:00,1042.33
2026-03-30 07:30:00,1042.4766666666667
2026-03-30 07:40:00,1042.605
2026-03-30 07:50:00,1042.7233333333334
2026-03-30 08:00:00,1042.835
2026-03-30 08:10:00,1042.9433333333334
2026-03-30 08:20:00,1043
2026-03-30 08:30:00,1043.0333333333333
2026-03-30 08:40:00,1043.065
2026-03-30 08:50:00,1043.0166666666667
2026-03-30 09:00:00,1042.955
2026-03-30 09:10:00,1042.926666666667
2026-03-30 09:20:00,1042.9050000000002
2026-03-30 09:30:00,1042.9
2026-03-30 09:40:00,1042.895
2026-03-30 09:50:00,1042.8666666666666
2026-03-30 10:00:00,1042.84
2026-03-30 10:10:00,1042.78
2026-03-30 10:20:00,1042.72
2026-03-30 10:30:00,1042.71
2026-03-30 10:40:00,1042.6950000000002
2026-03-30 10:50:00,1042.6466666666668
2026-03-30 11:00:00,1042.565
2026-03-30 11:10:00,1042.4366666666667
2026-03-30 11:20:00,1042.315
2026-03-30 11:30:00,1042.19
2026-03-30 11:40:00,1042.04
2026-03-30 11:50:00,1041.9400000000003
2026-03-30 12:00:00,1041.84
2026-03-30 12:10:00,1041.7966666666664
2026-03-30 12:20:00,1041.705
2026-03-30 12:30:00,1041.6833333333334
2026-03-30 12:40:00,1041.59
2026-03-30 12:50:00,1041.53
2026-03-30 17:30:00,1040.795
2026-03-30 17:40:00,1040.84
2026-03-30 17:50:00,1040.9233333333334
2026-03-30 18:00:00,1040.98
2026-03-30 18:10:00,1041.1733333333334
2026-03-30 18:20:00,1041.34
2026-03-30 18:30:00,1041.495
2026-03-30 18:40:00,1041.6066666666666
2026-03-30 18:50:00,1041.615
2026-03-30 19:00:00,1041.6200000000001
2026-03-30 19:10:00,1041.65
2026-03-30 19:20:00,1041.7966666666664
2026-03-30 19:30:00,1041.9450000000002
2026-03-30 19:40:00,1042.0833333333333
2026-03-30 19:50:00,1042.17
2026-03-30 20:00:00,1042.2533333333333
2026-03-30 20:10:00,1042.37
2026-03-30 20:20:00,1042.4933333333336
2026-03-30 20:30:00,1042.65
2026-03-30 20:40:00,1042.82
2026-03-30 20:50:00,1042.955
2026-03-30 21:00:00,1043.0366666666666
2026-03-30 21:10:00,1043.03
2026-03-30 21:20:00,1043.05
2026-03-30 21:30:00,1043.09
2026-03-30 21:40:00,1043.0866666666666
2026-03-30 21:50:00,1043.12
2026-03-30 22:00:00,1043.1166666666666
2026-03-30 22:10:00,1043.125
2026-03-30 22:20:00,1043.165
2026-03-30 22:40:00,1043.18
2026-03-30 22:50:00,1043.185
2026-03-30 23:00:00,1043.1200000000001
2026-03-30 23:10:00,1043.0149999999999
2026-03-30 23:20:00,1042.92
2026-03-30 23:30:00,1042.81
2026-03-30 23:40:00,1042.7033333333336
2026-03-30 23:50:00,1042.6950000000002
2026-03-31 00:00:00,1042.6833333333334
2026-03-31 00:10:00,1042.625
2026-03-31 00:20:00,1042.53
2026-03-31 00:30:00,1042.45
2026-03-31 00:40:00,1042.3866666666665
2026-03-31 00:50:00,1042.34
2026-03-31 01:00:00,1042.2933333333333
2026-03-31 01:10:00,1042.255
2026-03-31 01:20:00,1042.2033333333334
2026-03-31 01:30:00,1042.15
2026-03-31 01:40:00,1042.0633333333333
2026-03-31 01:50:00,1041.995
2026-03-31 02:00:00,1041.88
2026-03-31 02:10:00,1041.725
2026-03-31 02:20:00,1041.6133333333335
2026-03-31 02:30:00,1041.545
2026-03-31 02:40:00,1041.52
2026-03-31 02:50:00,1041.47
2026-03-31 03:00:00,1041.3966666666668
2026-03-31 03:10:00,1041.355
2026-03-31 03:20:00,1041.3133333333333
2026-03-31 03:30:00,1041.32
2026-03-31 03:40:00,1041.34
2026-03-31 03:50:00,1041.335
2026-03-31 04:00:00,1041.3266666666666
2026-03-31 04:10:00,1041.33
2026-03-31 04:20:00,1041.3700000000001
2026-03-31 04:30:00,1041.41
2026-03-31 04:40:00,1041.42
2026-03-31 04:50:00,1041.46
2026-03-31 05:00:00,1041.5366666666666
2026-03-31 05:10:00,1041.635
2026-03-31 05:20:00,1041.7366666666667
2026-03-31 05:30:00,1041.795
2026-03-31 05:40:00,1041.8633333333335
2026-03-31 05:50:00,1041.93
2026-03-31 06:00:00,1042.0199999999998
2026-03-31 06:10:00,1042.115
2026-03-31 06:20:00,1042.1900000000003
2026-03-31 06:30:00,1042.2849999999999
2026-03-31 06:40:00,1042.4133333333332
2026-03-31 06:50:00,1042.51
2026-03-31 07:00:00,1042.6166666666668
2026-03-31 07:10:00,1042.72
2026-03-31 07:20:00,1042.8166666666666
2026-03-31 07:30:00,1042.87
2026-03-31 07:40:00,1042.96
2026-03-31 07:50:00,1043.03
2026-03-31 08:00:00,1043.1000000000001
2026-03-31 08:10:00,1043.17
2026-03-31 08:20:00,1043.2375
2026-03-31 08:30:00,1043.3500000000001
2026-03-31 08:40:00,1043.395
2026-03-31 08:50:00,1043.3933333333334
2026-03-31 09:00:00,1043.395
2026-03-31 09:10:00,1043.3733333333332
2026-03-31 09:20:00,1043.34
2026-03-31 09:30:00,1043.35
2026-03-31 09:40:00,1043.3249999999998
2026-03-31 09:50:00,1043.2633333333333
2026-03-31 10:00:00,1043.21
2026-03-31 10:10:00,1043.1166666666668
2026-03-31 10:20:00,1043
2026-04-01 14:10:00,1040.315
2026-04-01 14:20:00,1040.4385714285715
2026-04-01 14:30:00,1040.4266666666665
2026-04-01 14:40:00,1040.682
2026-04-01 14:50:00,1041.0533333333333
2026-04-01 15:00:00,1041.1125
2026-04-01 15:10:00,1040.8575
2026-04-01 15:20:00,1040.8700000000001
2026-04-01 15:30:00,1040.895
2026-04-01 15:40:00,1040.6725000000001
2026-04-01 15:50:00,1040.4
2026-04-01 16:00:00,1040.3833333333334
2026-04-01 16:10:00,1040.415
2026-04-01 16:20:00,1040.4366666666667
2026-04-01 16:30:00,1040.4800000000002
2026-04-01 16:40:00,1040.5549999999998
2026-04-01 16:50:00,1040.5733333333335
2026-04-01 17:00:00,1040.51
2026-04-01 17:10:00,1040.5466666666669
2026-04-01 17:20:00,1040.6833333333334
2026-04-01 17:30:00,1040.73
2026-04-01 17:40:00,1040.725
2026-04-01 17:50:00,1040.7433333333333
2026-04-01 18:00:00,1040.77
2026-04-01 18:10:00,1040.81
2026-04-01 18:20:00,1040.8766666666668
2026-04-01 18:30:00,1040.91
2026-04-01 18:40:00,1040.92
2026-04-01 18:50:00,1040.9250000000002
2026-04-01 19:00:00,1040.99
2026-04-01 19:10:00,1041.05
2026-04-01 19:20:00,1041.14
2026-04-01 19:30:00,1041.25
2026-04-01 19:40:00,1041.33
2026-04-01 19:50:00,1041.3733333333334
2026-04-01 20:00:00,1041.4366666666667
2026-04-01 20:10:00,1041.46
2026-04-01 20:20:00,1041.51
2026-04-01 20:30:00,1041.58
2026-04-01 20:40:00,1041.6866666666667
2026-04-01 20:50:00,1041.83
2026-04-01 21:00:00,1042.02
2026-04-01 21:10:00,1042.2
2026-04-01 21:20:00,1042.3466666666666
2026-04-01 21:30:00,1042.495
2026-04-01 21:40:00,1042.6000000000001
2026-04-01 21:50:00,1042.645
2026-04-01 22:00:00,1042.63
2026-04-01 22:10:00,1042.66
2026-04-01 22:20:00,1042.6966666666667
2026-04-01 22:30:00,1042.6950000000002
2026-04-01 22:40:00,1042.6233333333332
2026-04-01 22:50:00,1042.57
2026-04-01 23:00:00,1042.52
2026-04-01 23:10:00,1042.43
2026-04-01 23:20:00,1042.28
2026-04-01 23:30:00,1042.0933333333335
2026-04-01 23:40:00,1041.9450000000002
2026-04-01 23:50:00,1041.8100000000002
2026-04-02 00:00:00,1041.68
2026-04-02 00:10:00,1041.61
2026-04-02 00:20:00,1041.51
2026-04-02 00:30:00,1041.4233333333334
2026-04-02 00:40:00,1041.295
2026-04-02 00:50:00,1041.17
2026-04-02 01:00:00,1041.08
2026-04-02 01:10:00,1040.95
2026-04-02 01:20:00,1040.79
2026-04-02 01:30:00,1040.68
2026-04-02 01:40:00,1040.56
2026-04-02 01:50:00,1040.4033333333334
2026-04-02 02:00:00,1040.295
2026-04-02 02:10:00,1040.25
2026-04-02 02:20:00,1040.2
2026-04-02 02:30:00,1040.0833333333333
2026-04-02 02:40:00,1039.9850000000001
2026-04-02 02:50:00,1040.0233333333333
2026-04-02 03:00:00,1040.065
2026-04-02 03:10:00,1040.04
2026-04-02 03:20:00,1040.0549999999998
2026-04-02 03:30:00,1040.1133333333335
2026-04-02 03:40:00,1040.1350000000002
2026-04-02 03:50:00,1040.1933333333334
2026-04-02 04:00:00,1040.275
2026-04-02 04:10:00,1040.4033333333334
2026-04-02 04:20:00,1040.5349999999999
2026-04-02 04:30:00,1040.7566666666667
2026-04-02 04:40:00,1041.005
2026-04-02 04:50:00,1041.176666666667
2026-04-02 05:00:00,1041.28
2026-04-02 05:10:00,1041.3433333333332
2026-04-02 05:20:00,1041.3899999999999
2026-04-02 05:30:00,1041.55
2026-04-02 05:40:00,1041.74
2026-04-02 05:50:00,1041.9066666666668
2026-04-02 06:00:00,1042.095
2026-04-02 06:10:00,1042.2333333333333
2026-04-02 06:20:00,1042.32
2026-04-02 06:30:00,1042.32
2026-04-02 06:40:00,1042.32
2026-04-04 12:50:00,1040.0033333333333
2026-04-04 13:00:00,1039.91
2026-04-04 13:10:00,1039.8066666666666
2026-04-04 13:20:00,1039.67
2026-04-04 13:30:00,1039.55
2026-04-04 13:40:00,1039.5025
2026-04-04 13:50:00,1039.4875
2026-04-04 14:00:00,1039.3975
2026-04-04 14:10:00,1039.3059999999998
2026-04-04 14:20:00,1039.2350000000001
2026-04-04 14:30:00,1039.17
2026-04-04 14:40:00,1039.07
2026-04-04 14:50:00,1038.92
2026-04-04 15:00:00,1038.8
